ts,vib_fs,vib_n,ms_capture,ms_total,failed_bursts,bad_frames,retries,total_retries,rms_x,rms_y,rms_z,peak_x,peak_y,peak_z,kurt_x,kurt_y,kurt_z,fdom_x,fdom_y,fdom_z,adom_x,adom_y,adom_z,aud_fs,aud_n,aud_rms,aud_b0,aud_b1,aud_b2,aud_b3
2026-08-25T17:48:27.056+02:00,1000,1024,1024,1053,0,8,0,45,0.0326,0.0287,0.0434,0.1113,0.0981,0.1431,3.085,2.942,2.931,110.56,73.41,130.1,0.0071,0.0065,0.0106,16000,1024,414.83,0.9927,0.0048,0.0018,0.0006
2026-08-25T17:48:57.055+02:00,1000,1024,1024,1053,0,9,0,45,0.0446,0.031,0.0938,0.1929,0.2151,1.9614,3.496,4.922,281.508,45.12,71.13,6.15,0.0209,0.0068,0.0232,16000,1024,571.44,0.9063,0.0758,0.0161,0.0018
2026-08-25T17:49:27.055+02:00,1000,1024,1024,1053,0,9,0,45,0.0322,0.0293,0.0439,0.108,0.0999,0.1387,3.023,2.707,3.053,78.42,254.6,3.72,0.0067,0.0066,0.011,16000,1024,160.92,0.9778,0.0162,0.0041,0.002
2026-08-25T17:49:57.057+02:00,1000,1024,1024,1053,0,9,2,47,0.0318,0.0309,0.0981,0.1168,0.215,1.966,3.196,7.051,315.148,68.99,50.65,162.38,0.0089,0.0062,0.0103,16000,1024,498.06,0.9765,0.0152,0.0069,0.0014
2026-08-25T17:50:27.057+02:00,1000,1024,1024,1053,0,9,1,48,1.408,0.2236,0.1096,5.286,0.4006,1.9627,1.669,1.497,151.737,49.13,49.12,49.15,1.9906,0.3142,0.0785,16000,1024,766.35,0.7962,0.1688,0.0291,0.0059
2026-08-25T17:50:57.057+02:00,1000,1024,1024,1053,0,9,0,48,1.2687,0.2354,0.1068,1.9011,0.4286,1.9612,1.521,1.563,222.704,49.35,49.36,49.51,1.8496,0.3371,0.05,16000,1024,521.67,0.7162,0.2636,0.0161,0.0041
2026-08-25T17:51:27.074+02:00,1000,1024,1044,1074,0,10,28,76,1.3401,0.2337,0.2137,9.4351,0.447,2.2539,5.493,1.635,72.692,29.6,29.51,52.33,0.6585,0.1223,0.037,16000,1024,1476.7,0.916,0.0783,0.0046,0.0011
2026-08-25T17:51:57.057+02:00,1000,1024,1024,1053,0,10,1,77,1.2304,0.2355,0.0559,1.85,0.4204,0.1839,1.524,1.551,2.738,49.41,49.4,49.5,1.7193,0.3238,0.0391,16000,1024,350.92,0.7661,0.2101,0.0186,0.0053
2026-08-25T17:52:27.057+02:00,1000,1024,1024,1053,0,10,5,82,1.2294,0.2328,0.1041,1.8463,0.405,1.9677,1.53,1.542,249.73,49.37,49.37,49.52,1.5499,0.293,0.0297,16000,1024,2803.07,0.9874,0.011,0.0012,0.0004
2026-08-25T17:52:57.060+02:00,1000,1024,1024,1054,0,11,0,82,1.1978,0.2304,0.0759,2.8533,0.399,1.6658,1.547,1.519,227.778,49.32,49.32,49.38,1.7533,0.3345,0.0417,16000,1024,1320.53,0.9448,0.0466,0.0058,0.0028
2026-08-25T17:53:27.058+02:00,1000,1024,1024,1053,0,11,1,83,1.1884,0.2311,0.0969,7.5352,0.4192,1.9713,2.996,1.537,252.824,49.34,49.34,49.33,1.7037,0.3339,0.0408,16000,1024,342.21,0.651,0.3246,0.0177,0.0067
2026-08-25T17:53:57.060+02:00,1000,1024,1024,1053,0,11,26,109,1.1863,0.2353,0.1798,1.8123,0.399,2.0153,1.535,1.481,106.732,27.54,27.5,18.8,0.4875,0.1048,0.0381,16000,1024,380.37,0.5871,0.3925,0.014,0.0064
2026-08-25T17:54:27.060+02:00,1000,1024,1024,1053,0,12,3,112,1.2849,0.2292,0.0792,13.0739,0.4021,1.6721,11.703,1.507,195.263,49.31,49.3,49.2,1.6964,0.3071,0.0391,16000,1024,549.39,0.8958,0.0954,0.0058,0.0029
2026-08-25T17:54:57.060+02:00,1000,1024,1024,1053,0,13,7,119,1.261,0.2299,0.1623,1.8901,0.4131,2.2789,1.526,1.496,113.234,49.3,49.3,49.22,1.6157,0.2919,0.047,16000,1024,492.6,0.7692,0.1926,0.0228,0.0154
2026-08-25T17:55:27.060+02:00,1000,1024,1024,1053,0,14,1,120,1.2976,0.2266,0.0632,1.9429,0.4166,0.1977,1.524,1.482,2.931,49.27,49.28,49.26,1.826,0.3158,0.0557,16000,1024,505.5,0.8938,0.0906,0.0118,0.0038
2026-08-25T17:55:57.064+02:00,1000,1024,1024,1053,0,14,0,120,1.3296,0.2205,0.0922,1.9922,0.3654,1.9858,1.535,1.443,211.259,49.25,49.24,49.33,1.9306,0.3122,0.07,16000,1024,363.44,0.6709,0.2998,0.021,0.0083
2026-08-25T17:56:27.060+02:00,1000,1024,1024,1053,0,14,0,120,1.3434,0.2233,0.1327,2.0007,0.408,1.9882,1.528,1.464,148.457,49.23,49.24,49.35,1.9484,0.3201,0.0615,16000,1024,416.74,0.7241,0.2619,0.0087,0.0053
2026-08-25T17:56:57.066+02:00,1000,1024,1024,1053,0,14,1,121,1.3644,0.2227,0.0913,2.046,0.3999,1.9949,1.531,1.455,223.771,49.24,49.24,49.22,1.9807,0.3155,0.0646,16000,1024,674.18,0.7999,0.1822,0.0126,0.0054
2026-08-25T17:57:27.061+02:00,1000,1024,1024,1053,0,14,2,123,1.3665,0.217,0.3908,2.2641,0.3654,2.2278,1.528,1.475,22.866,49.21,49.2,437.42,1.8701,0.2828,0.1117,16000,1024,702.51,0.8843,0.1065,0.0069,0.0023
2026-08-25T17:57:57.071+02:00,1000,1024,1032,1062,0,16,15,138,1.3635,0.2177,0.1526,2.1008,0.4053,2.2999,1.528,1.48,136.279,49.16,49.17,57.12,1.1192,0.1797,0.0321,16000,1024,462.36,0.903,0.0822,0.01,0.0047
2026-08-25T17:58:27.063+02:00,1000,1024,1024,1053,0,16,0,138,1.3773,0.2168,0.3539,2.0573,0.3593,2.2487,1.537,1.451,24.61,49.21,49.22,437.42,1.9937,0.2998,0.118,16000,1024,411.56,0.7826,0.2018,0.0103,0.0053
2026-08-25T17:58:57.064+02:00,1000,1024,1024,1053,0,16,5,143,1.4003,0.2174,0.1081,2.1302,0.3685,2.0048,1.528,1.463,175.307,49.19,49.18,49.1,1.8926,0.2877,0.0667,16000,1024,1480.33,0.9742,0.0229,0.002,0.0009
2026-08-25T17:59:27.064+02:00,1000,1024,1024,1053,0,16,3,146,1.4191,0.2188,0.1223,2.111,0.3657,2.0105,1.526,1.47,144.837,49.21,49.2,49.12,1.8873,0.2823,0.0596,16000,1024,445.29,0.6212,0.3557,0.0162,0.0069
2026-08-25T17:59:57.065+02:00,1000,1024,1024,1053,0,16,1,147,1.4705,0.2171,0.3718,2.233,0.4168,2.2554,1.521,1.518,23.297,49.25,49.24,437.41,2.089,0.3016,0.0984,16000,1024,1259.76,0.9854,0.0127,0.0013,0.0006
2026-08-25T18:00:27.064+02:00,1000,1024,1024,1053,0,17,1,148,1.4716,0.2194,0.1152,2.2829,0.3869,2.0186,1.523,1.51,184.337,49.27,49.26,49.23,2.0994,0.308,0.0756,16000,1024,1352.63,0.9502,0.0461,0.0021,0.0015
2026-08-25T18:00:57.064+02:00,1000,1024,1024,1053,0,18,2,150,1.4866,0.2179,0.1099,7.1721,0.4063,2.0234,1.984,1.487,170.35,49.24,49.24,49.16,2.1118,0.3068,0.072,16000,1024,826.4,0.8404,0.1456,0.0096,0.0044
2026-08-25T18:01:27.064+02:00,1000,1024,1024,1053,0,18,0,150,1.4774,0.2176,0.0967,2.1918,0.4073,2.0259,1.521,1.511,189.267,49.23,49.23,49.15,2.1339,0.3104,0.0736,16000,1024,455.27,0.7919,0.1964,0.0064,0.0053
2026-08-25T18:01:57.065+02:00,1000,1024,1024,1053,0,18,2,152,1.4829,0.2164,0.3521,2.2545,0.3596,2.2806,1.516,1.503,29.289,49.18,49.16,49.0,2.0632,0.287,0.0908,16000,1024,747.39,0.9185,0.0766,0.0033,0.0016
2026-08-25T18:02:27.066+02:00,1000,1024,1024,1053,0,19,1,153,1.4846,0.2172,0.1286,2.2171,0.3957,2.3348,1.525,1.54,168.79,49.23,49.23,49.25,2.1483,0.3082,0.0713,16000,1024,401.59,0.6222,0.3598,0.0109,0.0071
2026-08-25T18:02:57.065+02:00,1000,1024,1024,1053,0,19,1,154,1.4992,0.2149,0.0727,2.3059,0.3874,0.2186,1.531,1.544,2.588,49.21,49.22,49.25,2.1574,0.3033,0.0739,16000,1024,616.83,0.8691,0.1191,0.0087,0.0031
2026-08-25T18:03:27.067+02:00,1000,1024,1024,1053,0,20,2,156,1.4979,0.2176,0.0741,2.2033,0.3733,0.2153,1.516,1.531,2.649,49.22,49.22,49.23,2.1525,0.3079,0.0774,16000,1024,590.4,0.7799,0.2035,0.0088,0.0078
2026-08-25T18:03:57.067+02:00,1000,1024,1024,1053,0,20,2,158,1.5291,0.215,0.1515,2.2787,0.3899,2.0337,1.528,1.497,113.04,49.2,49.18,49.18,2.147,0.295,0.0869,16000,1024,1368.87,0.9095,0.0839,0.0045,0.0021
2026-08-25T18:04:27.066+02:00,1000,1024,1024,1053,0,20,0,158,1.5554,0.2127,0.1657,2.3444,0.417,2.3366,1.53,1.532,106.117,49.19,49.19,49.22,2.2422,0.3009,0.0869,16000,1024,1171.59,0.937,0.0603,0.0017,0.001
2026-08-25T18:04:57.067+02:00,1000,1024,1024,1053,0,20,8,166,1.5519,0.2104,0.3172,2.3535,0.3725,2.3123,1.545,1.527,37.659,49.11,49.1,48.74,1.9673,0.2575,0.0658,16000,1024,404.41,0.7243,0.2531,0.0188,0.0037
2026-08-25T18:05:27.068+02:00,1000,1024,1024,1053,0,20,5,171,1.5974,0.2116,0.1336,2.4094,0.3839,2.0452,1.534,1.514,135.651,49.24,49.24,49.23,1.954,0.2501,0.0775,16000,1024,899.69,0.9271,0.0646,0.0062,0.0021
2026-08-25T18:05:57.069+02:00,1000,1024,1024,1053,0,21,0,171,1.605,0.21,0.1223,2.4483,0.3935,2.0497,1.532,1.529,154.867,49.16,49.17,49.18,2.3029,0.2963,0.082,16000,1024,544.93,0.9393,0.0549,0.0039,0.0019
2026-08-25T18:06:57.072+02:00,1000,1024,1028,1057,1,21,4,184,1.6271,0.2047,0.2001,2.4902,0.3531,2.3465,1.537,1.518,77.418,49.15,49.14,49.14,2.0932,0.2543,0.1029,16000,1024,336.49,0.6916,0.2789,0.0188,0.0108
2026-08-25T18:07:27.069+02:00,1000,1024,1024,1053,1,21,0,184,1.6296,0.209,0.1391,2.479,0.3707,2.0529,1.535,1.532,139.486,49.13,49.13,49.15,2.3339,0.2911,0.0963,16000,1024,479.98,0.8254,0.1625,0.0068,0.0052
2026-08-25T18:07:57.070+02:00,1000,1024,1024,1053,1,21,1,185,1.6396,0.2038,0.3283,2.451,0.3851,2.3168,1.536,1.547,30.142,49.11,49.12,49.09,2.3263,0.2757,0.107,16000,1024,689.81,0.9091,0.0819,0.0073,0.0017
2026-08-25T18:08:27.069+02:00,1000,1024,1024,1053,1,22,2,187,1.6346,0.2076,0.1256,2.8087,0.4246,2.3663,1.554,1.529,160.504,49.16,49.15,49.21,2.324,0.2865,0.098,16000,1024,588.3,0.8965,0.0987,0.0037,0.0011
2026-08-25T18:09:57.072+02:00,1000,1024,1024,1053,3,23,28,236,1.663,0.2066,0.2506,3.5571,0.3822,2.3491,1.553,1.541,57.363,49.16,49.18,49.49,1.143,0.1348,0.0544,16000,1024,1252.74,0.9521,0.0452,0.0018,0.001
2026-08-25T18:10:27.071+02:00,1000,1024,1024,1053,3,23,5,241,1.6801,0.2089,0.1426,2.4861,0.3722,2.0658,1.533,1.551,129.036,49.23,49.23,49.28,2.1855,0.2649,0.0826,16000,1024,1399.23,0.9411,0.0527,0.0048,0.0013
2026-08-25T18:11:27.078+02:00,1000,1024,1024,1054,4,24,3,251,1.7447,0.2083,0.1651,2.6139,0.419,2.0601,1.534,1.575,85.778,49.18,49.18,49.17,2.3634,0.2723,0.0922,16000,1024,581.23,0.7729,0.2115,0.0103,0.0052
2026-08-25T18:11:57.077+02:00,1000,1024,1024,1053,4,26,10,261,1.7887,0.2089,0.1085,2.6782,0.3915,1.761,1.517,1.563,69.108,49.1,49.09,49.08,1.755,0.2029,0.0868,16000,1024,522.77,0.7122,0.2754,0.0076,0.0047
2026-08-25T18:12:27.077+02:00,1000,1024,1024,1053,4,26,0,261,1.7762,0.2051,0.3432,2.6571,0.3777,2.3262,1.533,1.54,28.944,49.15,49.15,49.12,2.5458,0.2839,0.0991,16000,1024,732.56,0.8157,0.1761,0.0054,0.0028
2026-08-25T18:12:57.081+02:00,1000,1024,1024,1053,4,26,0,261,1.7942,0.2072,0.1131,2.6824,0.4083,2.0719,1.525,1.559,110.952,49.16,49.16,49.15,2.5745,0.2909,0.1055,16000,1024,879.56,0.9074,0.0838,0.0067,0.0021
2026-08-25T18:13:27.084+02:00,1000,1024,1026,1055,4,26,1,262,1.8114,0.2055,0.0934,2.748,0.3774,0.2811,1.527,1.573,2.482,49.08,49.09,49.08,2.5596,0.2842,0.1094,16000,1024,496.36,0.8048,0.1784,0.0135,0.0033
2026-08-25T18:13:57.080+02:00,1000,1024,1024,1053,4,26,1,263,1.7976,0.2042,0.1156,2.6393,0.3756,2.0763,1.522,1.546,102.654,49.16,49.17,49.15,2.5365,0.2819,0.1076,16000,1024,1232.47,0.9669,0.0279,0.0038,0.0013
2026-08-25T18:14:27.079+02:00,1000,1024,1024,1053,4,26,3,266,1.8728,0.2069,0.144,7.5025,0.4086,2.0785,1.765,1.58,87.912,49.19,49.18,49.15,2.6712,0.2862,0.1265,16000,1024,460.24,0.7478,0.24,0.009,0.0032
2026-08-25T18:15:27.081+02:00,1000,1024,1024,1053,5,27,0,277,1.9531,0.2076,0.272,2.8954,0.3803,2.0501,1.516,1.546,38.825,49.23,49.23,49.22,2.8272,0.2928,0.1258,16000,1024,547.46,0.8934,0.0965,0.0083,0.0018
2026-08-25T18:15:57.081+02:00,1000,1024,1024,1053,5,27,2,279,1.9508,0.2083,0.1797,4.73,0.3829,2.0742,1.54,1.572,79.512,49.22,49.22,49.27,2.8215,0.2959,0.1402,16000,1024,1207.66,0.9665,0.0319,0.0013,0.0003
2026-08-25T18:16:27.080+02:00,1000,1024,1024,1053,5,27,1,280,1.9351,0.2043,0.1184,2.8417,0.3753,1.7803,1.52,1.571,51.224,49.22,49.23,49.27,2.7212,0.2778,0.1247,16000,1024,692.72,0.8871,0.1068,0.0043,0.0018
2026-08-25T18:16:57.081+02:00,1000,1024,1024,1053,5,29,0,280,1.9814,0.2032,0.2755,2.9522,0.3932,2.0537,1.516,1.592,38.563,49.2,49.2,49.22,2.8576,0.283,0.1403,16000,1024,600.17,0.7755,0.2139,0.0081,0.0024
2026-08-25T18:17:27.082+02:00,1000,1024,1024,1053,5,29,0,280,1.9933,0.2055,0.1112,2.9424,0.3692,0.2834,1.513,1.569,2.217,49.22,49.2,49.22,2.8882,0.2866,0.1404,16000,1024,1173.75,0.8981,0.0933,0.0069,0.0017
2026-08-25T18:17:57.083+02:00,1000,1024,1024,1053,5,30,1,281,2.0303,0.2054,0.1629,3.0127,0.3978,2.3924,1.515,1.591,98.381,49.19,49.18,49.21,2.9232,0.286,0.1371,16000,1024,683.91,0.8267,0.1595,0.0107,0.0031
2026-08-25T18:18:27.082+02:00,1000,1024,1024,1053,5,31,3,284,2.041,0.2041,0.1858,2.9896,0.4208,2.0802,1.507,1.582,70.375,49.19,49.19,49.17,2.8447,0.2779,0.1314,16000,1024,1121.59,0.9111,0.0833,0.0042,0.0013
2026-08-25T18:18:57.082+02:00,1000,1024,1024,1053,5,31,0,284,2.0782,0.205,0.1363,12.4454,0.3781,1.783,2.799,1.567,58.107,49.14,49.14,49.13,2.9101,0.2862,0.1391,16000,1024,741.25,0.8194,0.1689,0.0077,0.004
2026-08-25T18:19:57.084+02:00,1000,1024,1024,1053,6,31,3,307,2.0754,0.204,0.1395,3.1305,0.4212,1.7859,1.517,1.585,53.38,49.17,49.17,49.18,2.5328,0.2478,0.1209,16000,1024,430.73,0.7789,0.206,0.0127,0.0024
2026-08-25T18:20:27.084+02:00,1000,1024,1024,1053,6,31,0,307,2.0691,0.2027,0.2488,3.2704,0.3726,2.0759,1.51,1.59,48.201,49.16,49.17,49.1,2.9655,0.2839,0.1577,16000,1024,688.05,0.823,0.1682,0.0071,0.0017
2026-08-25T18:20:57.087+02:00,1000,1024,1024,1053,6,31,3,310,2.0478,0.203,0.1303,3.0457,0.4153,2.0998,1.52,1.575,67.025,49.16,49.15,49.17,2.791,0.2663,0.1334,16000,1024,501.81,0.7845,0.1944,0.0167,0.0044
2026-08-25T18:21:27.112+02:00,1000,1024,1050,1080,6,31,24,334,2.0673,0.2003,0.2022,9.2432,0.4108,2.3979,1.891,1.592,73.595,49.18,49.18,48.9,2.1334,0.2035,0.1111,16000,1024,565.85,0.7667,0.2209,0.0093,0.0031
2026-08-25T18:21:57.086+02:00,1000,1024,1024,1053,6,32,0,334,2.0495,0.2017,0.1307,3.038,0.4235,2.095,1.519,1.625,65.661,49.13,49.13,49.14,2.934,0.2784,0.1424,16000,1024,679.63,0.8947,0.0956,0.0063,0.0034
2026-08-25T18:22:27.088+02:00,1000,1024,1024,1053,6,32,1,335,2.0579,0.2024,0.3897,3.0484,0.3801,2.3443,1.519,1.572,23.008,49.01,49.02,49.24,2.7693,0.2538,0.1776,16000,1024,551.82,0.8092,0.1809,0.0078,0.0022
2026-08-25T18:22:57.085+02:00,1000,1024,1024,1053,6,32,10,345,2.0563,0.1995,0.3349,3.0925,0.3996,2.3533,1.52,1.596,30.55,49.04,49.08,49.15,1.9612,0.1836,0.1004,16000,1024,1247.59,0.8328,0.1621,0.0041,0.001
2026-08-25T18:23:27.094+02:00,1000,1024,1030,1060,6,32,27,372,2.1228,0.1992,0.2066,11.2038,0.4196,2.4018,2.241,1.629,70.176,49.14,49.14,48.88,1.4149,0.1276,0.078,16000,1024,740.45,0.7908,0.2025,0.0054,0.0014
2026-08-25T18:23:57.087+02:00,1000,1024,1024,1053,6,34,0,372,2.0865,0.1992,0.1168,3.0744,0.3864,0.3301,1.516,1.596,2.202,48.97,48.98,48.97,2.9361,0.2715,0.1446,16000,1024,819.12,0.8555,0.1348,0.007,0.0027
2026-08-25T18:24:27.084+02:00,1000,1024,1024,1053,6,34,0,372,2.0683,0.1998,0.1985,3.0724,0.4245,2.1044,1.522,1.593,64.779,49.08,49.09,49.08,2.9525,0.2767,0.1374,16000,1024,1973.63,0.0456,0.947,0.0063,0.0011
2026-08-25T18:24:57.087+02:00,1000,1024,1024,1053,6,34,9,381,2.1,0.2023,0.3245,5.1313,0.4209,2.3705,1.545,1.623,31.26,49.09,49.12,49.44,2.3436,0.2106,0.1149,16000,1024,721.81,0.8542,0.1381,0.006,0.0018
2026-08-25T18:25:27.088+02:00,1000,1024,1024,1053,6,34,1,382,2.1431,0.1986,0.2685,3.2378,0.372,2.0879,1.516,1.634,40.37,49.14,49.16,49.01,2.9862,0.2676,0.1333,16000,1024,733.06,0.8478,0.1452,0.0051,0.0019
2026-08-25T18:25:57.087+02:00,1000,1024,1024,1053,6,35,0,382,2.1474,0.1992,0.121,3.1693,0.3909,0.2945,1.516,1.607,1.988,49.11,49.1,49.1,3.0799,0.2739,0.1514,16000,1024,1366.24,0.9221,0.0706,0.0059,0.0014
2026-08-25T18:26:27.088+02:00,1000,1024,1024,1053,6,35,0,382,2.1487,0.1984,0.1215,3.2005,0.3767,0.292,1.514,1.594,2.004,49.03,49.02,49.05,3.0349,0.2706,0.1501,16000,1024,662.63,0.857,0.1346,0.0067,0.0017
2026-08-25T18:26:57.088+02:00,1000,1024,1024,1053,6,35,0,382,2.1535,0.1947,0.1963,3.2823,0.3757,2.4114,1.521,1.619,80.673,49.1,49.11,49.16,3.0844,0.271,0.1478,16000,1024,537.79,0.7077,0.2779,0.0103,0.004
2026-08-25T18:27:27.090+02:00,1000,1024,1024,1053,6,35,0,382,2.1696,0.1968,0.1386,3.2338,0.372,2.1134,1.515,1.616,54.015,49.12,49.13,49.09,3.098,0.2729,0.1574,16000,1024,632.39,0.781,0.2077,0.0092,0.0021
2026-08-25T18:27:57.091+02:00,1000,1024,1024,1053,6,35,2,384,2.1889,0.1975,0.1412,3.2393,0.4223,2.1135,1.513,1.638,50.226,49.09,49.1,49.09,3.0,0.2644,0.1549,16000,1024,560.11,0.7891,0.201,0.0084,0.0015
2026-08-25T18:28:27.091+02:00,1000,1024,1024,1053,6,35,0,384,2.201,0.1964,0.1273,3.2739,0.3694,0.3433,1.514,1.641,1.976,49.13,49.13,49.11,3.159,0.2703,0.1663,16000,1024,1138.51,0.9281,0.0659,0.0041,0.0018
2026-08-25T18:28:57.091+02:00,1000,1024,1024,1053,6,35,0,384,0.0338,0.0306,0.045,0.1228,0.1032,0.1681,2.942,2.748,2.9,33.95,75.29,39.34,0.0076,0.0075,0.0105,16000,1024,562.45,0.9763,0.0136,0.0093,0.0008
2026-08-25T18:29:27.096+02:00,1000,1024,1029,1059,6,35,1,385,0.0348,0.0311,0.0801,0.1069,0.1888,2.1112,2.841,3.995,471.564,1.94,17.87,88.2,0.0106,0.0073,0.0172,16000,1024,336.9,0.9455,0.0449,0.0081,0.0015
2026-08-25T18:29:57.092+02:00,1000,1024,1024,1053,6,35,1,386,0.0329,0.029,0.0799,0.1123,0.1896,2.1122,3.252,4.441,478.173,86.95,101.49,67.58,0.0086,0.0064,0.0147,16000,1024,907.79,0.971,0.0173,0.011,0.0008
2026-08-25T18:30:27.091+02:00,1000,1024,1024,1053,6,35,2,388,0.034,0.0308,0.0524,0.1099,0.0946,0.5785,2.943,2.703,30.757,133.72,85.92,47.46,0.0076,0.008,0.0123,16000,1024,399.21,0.9724,0.0219,0.0044,0.0013
2026-08-25T18:30:57.091+02:00,1000,1024,1024,1053,6,36,0,388,0.0337,0.0291,0.0987,0.1263,0.1893,2.1117,3.079,4.383,313.563,189.41,50.91,10.73,0.0069,0.0072,0.0213,16000,1024,240.88,0.9606,0.03,0.0079,0.0015
2026-08-25T18:31:27.093+02:00,1000,1024,1024,1053,6,36,0,388,0.0336,0.0305,0.0794,0.1252,0.1893,2.1107,3.124,4.329,488.976,55.77,40.78,18.28,0.0068,0.0083,0.012,16000,1024,387.27,0.9438,0.0422,0.0123,0.0018
2026-08-25T18:31:57.092+02:00,1000,1024,1024,1053,6,37,0,388,0.034,0.0322,0.159,0.1175,0.193,2.0938,3.001,4.313,122.764,3.78,67.01,234.55,0.0078,0.0076,0.0272,16000,1024,288.29,0.9835,0.0137,0.0022,0.0006
2026-08-25T18:32:27.092+02:00,1000,1024,1024,1053,6,37,3,391,0.0331,0.0293,0.044,0.1222,0.0984,0.1499,2.93,3.148,3.008,122.78,95.37,29.37,0.0073,0.0064,0.0098,16000,1024,213.22,0.9279,0.0529,0.0174,0.0018
2026-08-25T18:32:57.093+02:00,1000,1024,1024,1053,6,37,0,391,0.0342,0.0306,0.1184,0.128,0.1893,2.0971,3.23,5.464,243.518,104.67,73.29,38.42,0.0083,0.0076,0.0244,16000,1024,402.12,0.9814,0.0114,0.0065,0.0006
2026-08-25T18:33:27.093+02:00,1000,1024,1024,1053,6,39,28,419,0.3342,0.034,0.2363,10.6339,0.1877,2.0761,1001.493,9.71,67.574,84.03,50.93,153.07,0.0281,0.0091,0.0428,16000,1024,2307.13,0.9824,0.0132,0.0035,0.0009
2026-08-25T18:33:57.093+02:00,1000,1024,1024,1053,6,40,1,420,0.0334,0.0301,0.0803,0.1006,0.1069,2.0971,2.893,2.996,455.58,97.08,41.07,104.67,0.0073,0.0073,0.0107,16000,1024,426.72,0.9922,0.0056,0.0018,0.0004
2026-08-25T18:34:27.095+02:00,1000,1024,1024,1053,6,40,0,420,0.0333,0.0301,0.0725,0.1198,0.1925,1.7901,3.02,4.327,364.182,86.48,93.08,140.62,0.0075,0.0063,0.0167,16000,1024,396.91,0.9907,0.0055,0.003,0.0007
2026-08-25T18:34:57.094+02:00,1000,1024,1024,1053,6,40,1,421,0.0352,0.0308,0.1186,0.1112,0.194,2.0916,2.917,5.498,239.006,130.63,60.68,131.79,0.0079,0.0066,0.0142,16000,1024,713.59,0.9775,0.0211,0.0012,0.0002
2026-08-25T18:35:27.094+02:00,1000,1024,1024,1053,6,40,0,421,0.0331,0.0314,0.1212,0.1221,0.1935,2.0832,3.113,6.546,255.583,233.1,25.07,215.76,0.007,0.0078,0.0244,16000,1024,474.15,0.9931,0.0044,0.0022,0.0003
2026-08-25T18:35:57.095+02:00,1000,1024,1024,1053,6,41,2,423,0.0356,0.0312,0.104,0.1077,0.1938,2.0743,2.748,5.519,309.756,23.19,111.95,179.81,0.0095,0.0077,0.0147,16000,1024,294.23,0.9748,0.0205,0.0039,0.0008
2026-08-25T18:36:27.096+02:00,1000,1024,1024,1053,6,41,2,425,0.0335,0.0297,0.0447,0.1096,0.0945,0.1702,2.906,2.844,3.421,35.88,71.14,46.51,0.0083,0.0074,0.0103,16000,1024,944.77,0.995,0.0036,0.0011,0.0003
2026-08-25T18:36:57.096+02:00,1000,1024,1024,1053,6,43,2,427,0.0334,0.0314,0.0792,0.1384,0.196,2.0748,3.08,4.012,460.201,42.68,108.04,244.72,0.0077,0.0078,0.0122,16000,1024,230.15,0.9675,0.0205,0.0106,0.0014
2026-08-25T18:37:27.096+02:00,1000,1024,1024,1053,6,44,5,432,0.0326,0.0335,0.1393,0.1143,0.1955,2.0614,3.041,7.073,167.51,49.19,138.6,53.82,0.0072,0.0074,0.0245,16000,1024,287.64,0.979,0.0171,0.0029,0.0011
2026-08-25T18:37:57.098+02:00,1000,1024,1024,1053,6,44,4,436,0.0329,0.0481,0.4213,0.1253,0.1893,2.2915,3.189,9.801,20.602,11.33,25.41,329.31,0.0088,0.0097,0.0703,16000,1024,512.44,0.9833,0.0115,0.0047,0.0004
2026-08-25T18:38:27.097+02:00,1000,1024,1024,1053,6,44,3,439,0.0338,0.029,0.0786,0.1264,0.1107,2.0728,3.233,3.223,471.836,100.65,152.1,195.29,0.0071,0.0062,0.0161,16000,1024,205.78,0.9306,0.0524,0.0135,0.0034
2026-08-25T18:38:57.097+02:00,1000,1024,1024,1053,6,44,1,440,0.0338,0.0318,0.072,0.1117,0.1972,1.7627,2.906,4.039,350.645,147.37,50.74,33.68,0.0087,0.0064,0.0132,16000,1024,379.34,0.9768,0.0139,0.0082,0.001
2026-08-25T18:39:27.097+02:00,1000,1024,1024,1053,6,44,0,440,0.0339,0.0299,0.2104,0.1197,0.1016,2.0464,2.838,2.845,71.78,32.09,88.19,294.73,0.0078,0.007,0.033,16000,1024,212.09,0.9357,0.0489,0.0128,0.0027
2026-08-25T18:39:57.115+02:00,1000,1024,1041,1071,6,46,29,469,0.4713,0.0348,0.2271,10.6274,0.196,2.0402,504.859,11.15,67.599,37.68,42.48,376.58,0.045,0.0093,0.0476,16000,1024,746.96,0.997,0.0022,0.0006,0.0002
2026-08-25T18:40:27.098+02:00,1000,1024,1024,1053,6,46,2,471,0.0334,0.0317,0.1317,0.1309,0.1994,2.0595,3.0,8.229,205.724,5.02,84.2,45.84,0.0071,0.0075,0.0143,16000,1024,425.58,0.9557,0.0299,0.0131,0.0014
2026-08-25T18:40:57.100+02:00,1000,1024,1024,1053,6,46,4,475,0.0347,0.0301,0.1075,0.1094,0.1983,2.3655,2.935,4.656,360.246,12.07,113.89,43.77,0.0082,0.0071,0.0168,16000,1024,457.01,0.9908,0.0071,0.0016,0.0005
2026-08-25T18:41:27.099+02:00,1000,1024,1024,1053,6,46,2,477,0.0336,0.0316,0.1019,0.1149,0.2008,2.0575,2.914,5.838,325.33,145.31,14.78,58.19,0.0088,0.0082,0.0112,16000,1024,326.89,0.929,0.0497,0.0196,0.0017
2026-08-25T18:41:57.100+02:00,1000,1024,1024,1053,6,46,2,479,0.0342,0.0283,0.1413,0.1707,0.1179,2.3592,3.718,3.546,206.018,23.78,65.26,31.11,0.0091,0.0056,0.0198,16000,1024,236.2,0.97,0.0231,0.0054,0.0015
2026-08-25T18:42:57.102+02:00,1000,1024,1024,1053,7,46,0,506,0.0324,0.0304,0.078,0.1128,0.1984,2.0594,2.711,4.469,475.294,163.1,89.66,165.57,0.0077,0.0079,0.0158,16000,1024,673.88,0.9467,0.0496,0.003,0.0007
2026-08-25T18:43:27.100+02:00,1000,1024,1024,1053,7,47,2,508,0.035,0.0294,0.1095,0.2265,0.119,2.0494,4.7,3.334,245.27,15.91,86.69,77.29,0.0082,0.0063,0.0201,16000,1024,249.48,0.9723,0.0169,0.0095,0.0013
2026-08-25T18:43:57.105+02:00,1000,1024,1024,1053,7,48,3,511,0.0336,0.0303,0.1005,0.1086,0.1999,2.05,2.757,6.199,338.0,94.59,32.62,18.41,0.0075,0.0076,0.0159,16000,1024,216.42,0.9022,0.0879,0.0068,0.0031
2026-08-25T18:44:27.122+02:00,1000,1024,1044,1074,7,48,7,518,0.0333,0.0475,0.4322,0.1158,0.1962,2.266,2.931,10.516,19.447,121.35,283.89,250.1,0.0083,0.0097,0.1066,16000,1024,421.01,0.9815,0.0124,0.0057,0.0004
2026-08-25T18:44:57.102+02:00,1000,1024,1024,1053,7,48,0,518,0.0344,0.0307,0.0444,0.108,0.1014,0.1921,2.985,3.108,3.176,149.22,29.89,42.39,0.0069,0.0084,0.0132,16000,1024,227.37,0.9895,0.007,0.0026,0.0009
2026-08-25T18:45:27.103+02:00,1000,1024,1024,1053,7,48,4,522,0.0342,0.0326,0.1456,0.1103,0.1985,2.0374,2.917,8.849,169.028,174.46,111.19,125.38,0.0072,0.0062,0.0315,16000,1024,742.65,0.9879,0.0092,0.0024,0.0004
2026-08-25T18:45:57.104+02:00,1000,1024,1024,1053,7,48,8,530,0.0348,0.029,0.1374,0.1287,0.2002,2.0364,3.164,4.853,167.64,49.03,11.31,127.8,0.0077,0.0081,0.0189,16000,1024,362.05,0.9941,0.004,0.0013,0.0005
2026-08-25T18:46:27.102+02:00,1000,1024,1024,1053,7,49,3,533,0.0332,0.0287,0.0782,0.1192,0.1995,2.0399,2.985,5.046,453.391,9.78,217.74,172.87,0.0079,0.0057,0.0094,16000,1024,150.58,0.8689,0.0789,0.0423,0.0099
2026-08-25T18:46:57.108+02:00,1000,1024,1029,1059,7,49,2,535,0.0315,0.0315,0.1009,0.1121,0.2,2.041,2.931,5.659,327.547,34.42,57.57,66.39,0.0086,0.0074,0.0147,16000,1024,250.8,0.9706,0.0139,0.0142,0.0013
2026-08-25T18:47:27.103+02:00,1000,1024,1024,1053,7,49,1,536,0.032,0.0512,0.4579,0.1193,0.1933,2.2405,3.35,9.367,16.528,9.4,121.21,392.54,0.0063,0.0099,0.0878,16000,1024,350.59,0.9418,0.0406,0.0139,0.0037
2026-08-25T18:47:57.105+02:00,1000,1024,1024,1053,7,49,24,560,0.0316,0.0323,0.1817,0.1126,0.1981,2.0245,2.786,9.271,112.895,122.92,17.77,355.43,0.009,0.0085,0.0334,16000,1024,324.94,0.9151,0.0454,0.0367,0.0027
2026-08-25T18:48:27.104+02:00,1000,1024,1024,1053,7,49,1,561,0.0323,0.0301,0.1719,0.1164,0.1027,2.0223,2.95,2.907,113.383,18.4,18.62,449.5,0.007,0.006,0.0328,16000,1024,229.97,0.9575,0.0355,0.005,0.002
2026-08-25T18:48:57.106+02:00,1000,1024,1024,1053,7,50,2,563,0.0329,0.0319,0.1352,0.1107,0.2009,2.027,3.007,8.414,197.046,85.08,77.2,77.28,0.0083,0.0086,0.0209,16000,1024,282.89,0.9699,0.0173,0.0112,0.0017
2026-08-25T18:49:27.105+02:00,1000,1024,1024,1053,7,50,3,566,0.0329,0.0298,0.0465,0.1523,0.1058,0.1687,3.328,2.983,3.267,24.06,16.47,17.42,0.0076,0.0089,0.0118,16000,1024,114.37,0.8547,0.1138,0.0233,0.0081
2026-08-25T18:49:57.108+02:00,1000,1024,1024,1053,7,50,2,568,0.0324,0.0291,0.0783,0.1165,0.0919,2.0275,3.021,2.803,440.439,81.01,101.15,108.58,0.0067,0.0059,0.0131,16000,1024,316.2,0.9677,0.0186,0.0119,0.0019
2026-08-25T18:50:27.106+02:00,1000,1024,1024,1053,7,50,9,577,0.0316,0.0483,0.433,0.2281,0.1994,2.2408,5.725,10.004,19.046,28.25,107.8,152.45,0.0069,0.0092,0.0985,16000,1024,175.46,0.8989,0.0512,0.0459,0.0041
2026-08-25T18:50:57.106+02:00,1000,1024,1024,1053,7,51,0,577,0.0321,0.0302,0.1185,0.1069,0.2039,2.0226,3.055,8.318,249.069,29.95,23.32,68.33,0.0074,0.0076,0.0151,16000,1024,486.35,0.9936,0.0032,0.0024,0.0008
2026-08-25T18:51:27.108+02:00,1000,1024,1024,1053,7,51,1,578,0.0342,0.0308,0.0702,0.1215,0.2047,1.7173,3.035,4.572,349.303,166.81,112.37,37.85,0.0077,0.0056,0.0121,16000,1024,517.5,0.9748,0.0167,0.0071,0.0014
2026-08-25T18:51:57.107+02:00,1000,1024,1024,1053,7,52,0,578,0.0329,0.0294,0.2221,0.1028,0.0927,1.9978,2.626,2.8,67.647,99.67,43.61,497.03,0.0079,0.0056,0.0299,16000,1024,1491.42,0.9986,0.001,0.0003,0.0001
2026-08-25T18:52:27.107+02:00,1000,1024,1024,1053,7,52,0,578,0.0338,0.03,0.0703,0.1009,0.2033,1.7136,3.013,4.703,345.839,20.44,25.72,44.37,0.0113,0.0066,0.0146,16000,1024,327.38,0.9751,0.0113,0.0115,0.0021
2026-08-25T18:52:57.107+02:00,1000,1024,1024,1053,7,52,1,579,0.0329,0.0313,0.1138,0.1022,0.2065,2.0171,2.913,7.78,242.792,25.19,6.81,92.13,0.0089,0.0064,0.0192,16000,1024,1412.14,0.9954,0.0032,0.0011,0.0002
2026-08-25T18:53:27.108+02:00,1000,1024,1024,1053,7,54,1,580,0.0332,0.0295,0.2402,0.1294,0.0933,1.9925,3.014,2.843,55.987,32.57,142.52,437.4,0.0081,0.0061,0.0542,16000,1024,246.64,0.9602,0.0318,0.0059,0.0021
2026-08-25T18:53:57.108+02:00,1000,1024,1024,1053,7,54,1,581,0.3344,0.0302,0.1089,10.6399,0.2045,2.0144,1000.955,4.834,232.12,284.08,93.23,91.02,0.0183,0.0082,0.0177,16000,1024,387.38,0.9513,0.0247,0.0222,0.0018
2026-08-25T18:54:27.117+02:00,1000,1024,1032,1062,7,54,29,610,0.3343,0.0342,0.2448,10.6381,0.206,2.2944,1001.284,11.954,63.894,61.37,7.5,240.81,0.0217,0.0087,0.0526,16000,1024,194.95,0.9807,0.0132,0.0042,0.0019
2026-08-25T18:54:57.117+02:00,1000,1024,1030,1059,7,54,2,612,0.0331,0.0538,0.488,0.1013,0.1989,2.2012,2.948,9.209,13.959,13.12,50.85,287.6,0.0082,0.0109,0.0955,16000,1024,115.74,0.8211,0.0754,0.0971,0.0064
2026-08-25T18:55:27.116+02:00,1000,1024,1029,1058,7,54,6,618,0.0343,0.0493,0.4321,0.1155,0.1992,2.225,3.11,10.219,18.4,1.54,33.74,44.23,0.0078,0.0106,0.0985,16000,1024,251.63,0.9629,0.0259,0.0093,0.0019
2026-08-25T18:55:57.110+02:00,1000,1024,1024,1053,7,54,1,619,0.0331,0.0323,0.0939,0.1046,0.2067,2.0112,3.05,5.625,311.95,32.97,77.19,44.72,0.0071,0.0076,0.013,16000,1024,170.2,0.9562,0.0289,0.0122,0.0028
2026-08-25T18:56:27.111+02:00,1000,1024,1024,1053,7,55,0,619,0.0348,0.0469,0.4413,0.2304,0.2004,2.2206,4.837,10.132,18.654,145.89,99.74,2.44,0.0088,0.0074,0.049,16000,1024,399.13,0.9894,0.0063,0.0038,0.0005
2026-08-25T18:56:57.110+02:00,1000,1024,1024,1053,7,55,1,620,0.0327,0.031,0.117,0.112,0.2051,2.0053,2.898,7.832,252.76,14.11,201.25,103.46,0.0091,0.007,0.0213,16000,1024,305.59,0.9958,0.0021,0.0015,0.0006
2026-08-25T18:57:27.111+02:00,1000,1024,1024,1053,7,55,4,624,0.034,0.0303,0.0773,0.1049,0.2053,2.0112,2.978,4.594,448.893,159.28,114.93,158.89,0.0076,0.0074,0.0133,16000,1024,444.61,0.9734,0.0151,0.0105,0.0011
2026-08-25T18:57:57.115+02:00,1000,1024,1024,1053,7,55,1,625,0.033,0.0532,0.4691,0.1043,0.1981,2.2023,3.166,9.071,15.408,258.66,148.66,446.22,0.0068,0.0119,0.0915,16000,1024,566.47,0.996,0.003,0.0007,0.0002
2026-08-25T18:58:27.138+02:00,1000,1024,1049,1079,7,55,32,657,0.5766,0.0352,0.2474,10.6186,0.2049,2.0046,337.002,14.392,56.49,75.16,56.5,116.32,0.0646,0.0081,0.0453,16000,1024,186.27,0.9434,0.0339,0.0199,0.0028
2026-08-25T18:58:57.113+02:00,1000,1024,1024,1053,7,55,0,657,0.0333,0.0297,0.1278,0.2287,0.1033,2.3174,5.137,3.132,270.687,50.57,14.67,170.95,0.0076,0.0063,0.0106,16000,1024,489.22,0.9854,0.0077,0.0062,0.0007
2026-08-25T18:59:27.116+02:00,1000,1024,1024,1053,7,56,1,658,0.032,0.0288,0.0767,0.1095,0.205,2.0131,3.079,4.91,462.549,68.64,72.64,55.52,0.0073,0.0072,0.0194,16000,1024,331.21,0.9941,0.0036,0.0016,0.0007
2026-08-25T18:59:57.115+02:00,1000,1024,1024,1053,7,57,11,669,0.0328,0.0463,0.3893,0.1337,0.203,2.2389,2.995,10.737,23.225,48.3,73.59,360.38,0.0086,0.0136,0.0835,16000,1024,759.05,0.9897,0.0076,0.0024,0.0003
2026-08-25T19:00:27.114+02:00,1000,1024,1024,1053,7,58,7,676,0.0323,0.0312,0.1174,0.1084,0.2031,2.0039,2.91,7.592,248.526,108.02,179.6,231.07,0.0074,0.0079,0.0273,16000,1024,148.46,0.928,0.0201,0.0491,0.0027
2026-08-25T19:00:57.113+02:00,1000,1024,1024,1053,7,58,1,677,0.033,0.0326,0.1177,0.1157,0.2045,2.0049,3.128,6.891,246.259,37.8,205.14,162.08,0.0077,0.0062,0.0121,16000,1024,459.46,0.9941,0.0041,0.0014,0.0003
2026-08-25T19:01:27.114+02:00,1000,1024,1024,1053,7,58,12,689,0.0341,0.0313,0.1557,0.2297,0.208,1.9982,4.54,8.086,145.574,78.9,64.12,26.99,0.0093,0.0086,0.0103,16000,1024,171.65,0.9492,0.0235,0.0247,0.0027
2026-08-25T19:01:57.115+02:00,1000,1024,1024,1053,7,60,3,692,0.0334,0.05,0.4388,0.1246,0.1989,2.2156,3.345,10.009,17.907,85.03,175.15,2.77,0.0108,0.01,0.0877,16000,1024,260.77,0.954,0.0318,0.0122,0.002
2026-08-25T19:02:27.115+02:00,1000,1024,1024,1053,7,61,1,693,0.031,0.0303,0.243,0.0991,0.2067,1.9803,2.775,4.847,56.263,34.85,25.52,119.6,0.0054,0.0069,0.039,16000,1024,671.96,0.9909,0.0045,0.0041,0.0005
2026-08-25T19:02:57.116+02:00,1000,1024,1024,1053,7,62,3,696,0.033,0.0295,0.1179,0.2277,0.1071,2.3074,6.896,3.219,265.376,40.38,16.04,468.74,0.009,0.0069,0.0212,16000,1024,820.42,0.9967,0.0017,0.0013,0.0003
2026-08-25T19:03:27.116+02:00,1000,1024,1024,1053,7,62,0,696,0.0328,0.0294,0.0449,0.1198,0.1188,0.1565,3.141,3.139,2.819,134.85,44.72,26.94,0.0083,0.0075,0.0127,16000,1024,143.25,0.94,0.0224,0.0351,0.0025
2026-08-25T19:03:57.116+02:00,1000,1024,1024,1053,7,63,7,703,0.033,0.0315,0.0936,0.1207,0.2076,1.9996,3.083,6.026,307.901,141.15,33.24,19.45,0.0101,0.0075,0.0158,16000,1024,211.2,0.9802,0.0106,0.0075,0.0016
2026-08-25T19:04:27.118+02:00,1000,1024,1024,1053,7,63,0,703,0.0331,0.0303,0.1116,0.1184,0.2083,2.0002,3.281,6.746,252.621,67.3,70.94,90.61,0.0075,0.006,0.0109,16000,1024,288.96,0.9501,0.0257,0.0228,0.0014
2026-08-25T19:04:57.116+02:00,1000,1024,1024,1053,7,63,0,703,0.0331,0.0284,0.1122,0.1245,0.0889,1.9976,3.203,2.948,246.213,101.02,209.97,160.05,0.0073,0.0063,0.0173,16000,1024,456.43,0.9917,0.0059,0.0017,0.0007
2026-08-25T19:05:27.117+02:00,1000,1024,1024,1053,7,63,0,703,0.0338,0.0283,0.0446,0.1159,0.104,0.1618,2.984,3.018,3.324,8.22,137.72,31.96,0.0097,0.006,0.009,16000,1024,300.82,0.9778,0.0118,0.0097,0.0008
2026-08-25T19:05:57.117+02:00,1000,1024,1024,1053,7,64,2,705,0.0336,0.0292,0.0766,0.1124,0.2059,1.9994,2.868,5.069,452.794,43.65,68.58,95.55,0.0083,0.0069,0.0102,16000,1024,115.99,0.8498,0.1031,0.0394,0.0077
2026-08-25T19:06:27.135+02:00,1000,1024,1039,1069,7,64,32,737,0.5768,0.0402,0.2691,10.6229,0.2087,2.2629,336.998,13.419,45.864,147.32,58.58,452.23,0.0354,0.0102,0.0399,16000,1024,330.58,0.967,0.0162,0.0159,0.0009
2026-08-25T19:06:57.119+02:00,1000,1024,1024,1053,7,64,4,741,0.0334,0.0326,0.1468,0.1063,0.2062,2.2922,3.02,8.531,172.757,68.22,165.73,247.13,0.0073,0.0064,0.0163,16000,1024,356.54,0.9847,0.0086,0.0059,0.0009
2026-08-25T19:07:27.118+02:00,1000,1024,1024,1053,7,64,3,744,0.0327,0.0323,0.1463,0.1403,0.2046,1.9916,3.258,9.883,167.28,84.94,58.54,5.97,0.0069,0.0066,0.0235,16000,1024,399.56,0.912,0.0692,0.0152,0.0035
2026-08-25T19:07:57.119+02:00,1000,1024,1024,1053,7,65,1,745,0.033,0.0299,0.0446,0.1045,0.0898,0.1624,2.949,2.757,2.94,53.87,63.16,154.22,0.0071,0.0066,0.0107,16000,1024,340.25,0.9854,0.007,0.007,0.0006
2026-08-25T19:08:27.120+02:00,1000,1024,1024,1053,7,66,1,746,0.0329,0.0319,0.1119,0.1275,0.2059,1.9921,2.923,4.436,246.341,122.22,93.62,40.31,0.0077,0.0067,0.0102,16000,1024,216.45,0.9831,0.0118,0.0037,0.0014
2026-08-25T19:08:57.121+02:00,1000,1024,1024,1053,7,67,5,751,0.0314,0.0322,0.2482,0.1074,0.2099,1.9602,2.826,7.306,53.202,16.71,129.93,166.23,0.0079,0.0068,0.0563,16000,1024,151.39,0.7641,0.141,0.0828,0.0121
2026-08-25T19:09:27.121+02:00,1000,1024,1024,1053,7,67,0,751,0.0323,0.0295,0.2295,0.1137,0.2108,1.9648,3.093,5.19,63.184,75.08,5.81,353.36,0.0072,0.0055,0.0455,16000,1024,253.18,0.9735,0.0181,0.0071,0.0014
2026-08-25T19:09:57.124+02:00,1000,1024,1026,1056,7,67,3,754,0.3343,0.03,0.0929,10.6395,0.2103,1.9875,1002.035,7.145,308.667,74.32,156.32,28.38,0.0085,0.0067,0.0114,16000,1024,202.54,0.9125,0.0471,0.0375,0.0029
2026-08-25T19:10:27.121+02:00,1000,1024,1024,1053,7,68,3,757,0.0342,0.0546,0.4913,0.1308,0.2025,2.1691,3.057,9.289,13.48,51.2,226.47,273.62,0.0089,0.0101,0.0796,16000,1024,337.52,0.9339,0.0568,0.0071,0.0022
2026-08-25T19:10:57.122+02:00,1000,1024,1024,1053,7,68,0,757,0.033,0.029,0.0769,0.1414,0.2073,1.9874,3.177,5.145,436.307,36.75,91.84,42.07,0.0075,0.0063,0.0144,16000,1024,239.59,0.8875,0.0964,0.0132,0.0029
2026-08-25T19:11:27.121+02:00,1000,1024,1024,1053,7,68,1,758,0.0318,0.0306,0.2257,0.1029,0.2086,1.9657,2.958,5.065,67.422,147.82,199.77,61.89,0.0079,0.0062,0.0507,16000,1024,250.2,0.8056,0.179,0.0135,0.0019
2026-08-25T19:11:57.126+02:00,1000,1024,1027,1056,7,69,8,766,0.0345,0.0357,0.2012,0.2275,0.2083,2.2778,4.754,11.566,92.456,47.72,202.2,11.53,0.0079,0.0076,0.04,16000,1024,358.07,0.9937,0.004,0.0018,0.0005
2026-08-25T19:12:27.123+02:00,1000,1024,1024,1053,7,72,0,766,0.0328,0.0317,0.1411,0.1158,0.2099,1.9786,3.168,11.136,169.783,54.62,59.69,78.07,0.0072,0.007,0.0233,16000,1024,1104.43,0.9955,0.0017,0.0026,0.0002
2026-08-25T19:12:57.127+02:00,1000,1024,1024,1053,7,72,1,767,0.0345,0.0295,0.2242,0.1133,0.0913,1.9559,2.989,2.914,62.474,19.46,115.69,437.56,0.0092,0.0071,0.0402,16000,1024,276.71,0.9818,0.0112,0.0057,0.0012
2026-08-25T19:13:27.131+02:00,1000,1024,1024,1053,7,73,7,774,0.0325,0.0348,0.2033,0.1034,0.2101,2.2709,2.68,11.671,94.215,26.79,34.16,166.1,0.0089,0.008,0.0326,16000,1024,353.14,0.9843,0.0082,0.0066,0.0009
2026-08-25T19:13:57.123+02:00,1000,1024,1024,1053,7,73,0,774,0.0337,0.0295,0.069,0.1324,0.2104,1.674,3.139,5.353,338.25,85.04,89.87,156.92,0.0078,0.0068,0.01,16000,1024,490.57,0.9883,0.006,0.0051,0.0006
2026-08-25T19:14:27.127+02:00,1000,1024,1024,1053,7,73,0,774,0.0345,0.0315,0.2119,0.1237,0.2104,1.9624,3.218,4.878,72.024,82.72,20.7,177.43,0.0074,0.007,0.0243,16000,1024,194.99,0.9737,0.0169,0.0075,0.0019
2026-08-25T19:14:57.124+02:00,1000,1024,1024,1053,7,74,1,775,0.0328,0.031,0.2391,0.1184,0.2138,1.955,3.006,6.74,52.607,86.85,151.18,81.38,0.0077,0.0068,0.0438,16000,1024,192.92,0.9446,0.0343,0.0192,0.0018
2026-08-25T19:15:57.126+02:00,1000,1024,1024,1053,8,74,4,781,0.0333,0.0313,0.1163,0.108,0.21,2.2834,2.817,4.811,268.116,117.26,69.43,58.42,0.0098,0.0076,0.012,16000,1024,241.38,0.8993,0.0607,0.037,0.003
2026-08-25T19:16:27.126+02:00,1000,1024,1024,1053,8,74,0,781,0.034,0.0302,0.1169,0.1498,0.208,1.9785,3.147,5.033,240.347,209.91,67.81,61.46,0.007,0.007,0.0222,16000,1024,209.19,0.9844,0.0091,0.0047,0.0018
2026-08-25T19:16:57.125+02:00,1000,1024,1024,1053,8,74,8,789,0.0311,0.0317,0.1476,0.1142,0.2108,1.9748,3.039,11.427,141.331,47.18,6.86,187.64,0.0092,0.0081,0.0305,16000,1024,693.29,0.9431,0.0392,0.0154,0.0023
2026-08-25T19:17:27.127+02:00,1000,1024,1024,1053,8,75,2,791,0.0332,0.0308,0.2119,0.1209,0.09,1.9506,3.146,2.874,66.853,21.9,16.99,437.42,0.0082,0.0086,0.0591,16000,1024,184.56,0.946,0.0306,0.0195,0.0039
2026-08-25T19:17:57.126+02:00,1000,1024,1024,1053,8,75,2,793,0.0318,0.0326,0.1654,0.1015,0.2117,1.9682,2.853,7.651,127.253,70.83,147.15,333.23,0.0075,0.0073,0.0304,16000,1024,226.39,0.9726,0.0148,0.0103,0.0023
2026-08-25T19:18:27.126+02:00,1000,1024,1024,1053,8,75,6,799,0.0336,0.03,0.0692,0.1009,0.21,1.6703,2.966,5.017,331.937,73.54,55.64,150.54,0.0072,0.0074,0.0107,16000,1024,322.8,0.9812,0.0078,0.01,0.001
2026-08-25T19:19:27.133+02:00,1000,1024,1027,1057,9,76,27,830,1.4944,0.2128,0.2055,8.7985,0.4074,1.9567,2.609,1.511,68.533,20.82,20.71,34.31,0.7041,0.0952,0.04,16000,1024,410.18,0.8766,0.1105,0.0066,0.0063
2026-08-25T19:19:57.129+02:00,1000,1024,1024,1053,9,76,0,830,1.3937,0.224,0.093,2.0713,0.4188,1.9775,1.539,1.595,200.387,49.35,49.35,49.35,2.0328,0.3222,0.063,16000,1024,364.09,0.7235,0.2519,0.018,0.0066
2026-08-25T19:20:27.128+02:00,1000,1024,1024,1053,9,76,0,830,1.4256,0.227,0.0676,2.1175,0.403,0.2095,1.524,1.615,2.65,49.39,49.39,49.37,2.0577,0.3242,0.069,16000,1024,395.74,0.7694,0.2111,0.0139,0.0056
2026-08-25T19:20:57.130+02:00,1000,1024,1024,1053,9,76,1,831,1.415,0.2271,0.128,2.1083,0.4016,1.9756,1.531,1.583,166.705,49.4,49.39,49.51,2.029,0.3227,0.0573,16000,1024,557.21,0.7984,0.1857,0.0123,0.0036
2026-08-25T19:21:27.128+02:00,1000,1024,1024,1053,9,76,5,836,1.3862,0.2266,0.3378,6.5982,0.3971,1.9269,1.984,1.602,28.39,49.34,49.34,49.09,1.7229,0.2713,0.0759,16000,1024,395.55,0.7341,0.2518,0.0088,0.0053
2026-08-25T19:21:57.130+02:00,1000,1024,1024,1053,9,76,2,838,1.3491,0.2235,0.1325,2.0388,0.398,1.979,1.538,1.584,146.75,49.34,49.35,49.24,1.8764,0.3061,0.0558,16000,1024,307.5,0.3611,0.6084,0.0212,0.0093
2026-08-25T19:22:27.131+02:00,1000,1024,1024,1053,9,77,0,838,1.413,0.2218,0.0953,2.1226,0.4044,1.987,1.538,1.587,185.801,49.34,49.34,49.39,2.0592,0.3182,0.0732,16000,1024,350.41,0.6512,0.3344,0.0116,0.0027
2026-08-25T19:22:57.130+02:00,1000,1024,1024,1053,9,78,1,839,1.4318,0.2208,0.143,2.205,0.4001,1.9823,1.534,1.574,144.541,49.3,49.31,49.27,2.0499,0.313,0.0754,16000,1024,377.55,0.6075,0.3641,0.0246,0.0039
2026-08-25T19:23:27.131+02:00,1000,1024,1024,1053,9,78,0,839,1.4807,0.217,0.0911,2.2172,0.4011,1.6847,1.535,1.54,115.285,49.29,49.28,49.32,2.1709,0.3093,0.0762,16000,1024,436.08,0.7629,0.2169,0.0131,0.0071
2026-08-25T19:23:57.132+02:00,1000,1024,1024,1053,9,79,10,849,1.5611,0.2131,0.3482,8.2188,0.4117,2.2397,2.196,1.551,25.58,49.22,49.22,236.2,1.2569,0.1537,0.0864,16000,1024,450.63,0.7627,0.2202,0.0122,0.005
2026-08-25T19:24:27.132+02:00,1000,1024,1024,1053,9,79,4,853,1.5992,0.2097,0.162,2.3929,0.4007,1.99,1.541,1.541,90.112,49.28,49.29,49.36,2.0017,0.2588,0.0778,16000,1024,409.82,0.7971,0.1854,0.01,0.0076
2026-08-25T19:24:57.132+02:00,1000,1024,1024,1053,9,80,2,855,1.6065,0.2097,0.3675,2.4272,0.4265,2.2431,1.536,1.511,24.456,49.27,49.26,49.17,2.2522,0.2749,0.1109,16000,1024,481.68,0.8179,0.1655,0.012,0.0045
2026-08-25T19:25:27.163+02:00,1000,1024,1054,1083,9,80,28,883,1.7499,0.2112,0.2654,12.4607,0.8156,1.97,5.576,1.741,44.548,49.19,49.17,49.19,1.1681,0.1532,0.0752,16000,1024,475.49,0.7061,0.2742,0.0158,0.0039
2026-08-25T19:25:57.133+02:00,1000,1024,1024,1053,9,80,4,887,1.6339,0.2039,0.4085,2.4824,0.3857,2.234,1.536,1.508,20.859,49.22,49.23,49.3,2.2569,0.2716,0.1112,16000,1024,401.24,0.7244,0.2505,0.0177,0.0074
2026-08-25T19:26:27.133+02:00,1000,1024,1024,1053,9,81,3,890,1.6693,0.2078,0.1863,2.4877,0.4114,2.0003,1.534,1.523,84.722,49.24,49.24,49.25,2.3096,0.278,0.0883,16000,1024,372.65,0.7956,0.1821,0.0155,0.0067
2026-08-25T19:26:57.133+02:00,1000,1024,1024,1053,9,82,1,891,1.656,0.2064,0.1933,2.5164,0.3574,2.3063,1.532,1.489,84.975,49.23,49.23,49.29,2.3954,0.2884,0.0988,16000,1024,447.99,0.8275,0.1616,0.008,0.0029
2026-08-25T19:27:27.133+02:00,1000,1024,1024,1053,9,82,2,893,1.683,0.2038,0.103,2.5297,0.3736,1.7127,1.529,1.499,76.112,49.22,49.23,49.26,2.434,0.2895,0.1017,16000,1024,489.49,0.7999,0.1818,0.0133,0.005
2026-08-25T19:27:57.134+02:00,1000,1024,1024,1053,9,82,1,894,1.6887,0.2058,0.3646,2.5098,0.8144,1.9532,1.529,1.702,22.593,49.2,49.2,49.11,2.4361,0.2855,0.1236,16000,1024,382.68,0.7294,0.2559,0.0085,0.0061
2026-08-25T19:28:27.140+02:00,1000,1024,1029,1059,9,82,5,899,1.6731,0.2054,0.151,2.5716,0.3776,2.0128,1.535,1.545,108.567,49.18,49.19,49.2,2.3181,0.2809,0.0972,16000,1024,448.78,0.8116,0.1767,0.0074,0.0043
2026-08-25T19:28:57.134+02:00,1000,1024,1024,1053,9,82,5,904,1.6887,0.2018,0.3054,2.5824,0.3709,2.2856,1.539,1.509,34.179,49.22,49.22,437.55,2.3987,0.277,0.0832,16000,1024,266.29,0.6093,0.36,0.0199,0.0108
2026-08-25T19:29:27.139+02:00,1000,1024,1024,1053,9,83,0,904,1.7206,0.2053,0.107,2.5776,0.3566,1.7225,1.529,1.496,67.043,49.22,49.22,49.21,2.4841,0.2885,0.1068,16000,1024,496.32,0.6733,0.2973,0.0209,0.0086
2026-08-25T19:29:57.135+02:00,1000,1024,1024,1053,9,84,0,904,1.739,0.2028,0.1217,2.5959,0.3735,1.7212,1.528,1.541,78.946,49.2,49.2,49.22,2.5067,0.285,0.114,16000,1024,626.28,0.9142,0.0761,0.0056,0.0041
2026-08-25T19:30:27.137+02:00,1000,1024,1024,1053,9,84,0,904,1.7586,0.2035,0.1649,2.6,0.3824,2.3352,1.528,1.525,106.658,49.19,49.2,49.09,2.5326,0.2827,0.1188,16000,1024,730.43,0.8979,0.0905,0.0069,0.0048
2026-08-25T19:30:57.136+02:00,1000,1024,1025,1054,9,84,24,928,1.7378,0.2049,0.2294,5.704,0.4059,2.0193,1.705,1.509,58.97,23.74,49.2,49.11,1.0475,0.1354,0.0741,16000,1024,687.56,0.8896,0.1029,0.0052,0.0023
2026-08-25T19:31:27.136+02:00,1000,1024,1024,1053,9,84,0,928,1.7744,0.2044,0.1561,2.6478,0.4136,2.0295,1.531,1.543,98.336,49.2,49.2,49.17,2.5602,0.2864,0.121,16000,1024,443.63,0.8173,0.1626,0.0106,0.0095
2026-08-25T19:31:57.137+02:00,1000,1024,1024,1053,9,84,29,957,1.7449,0.2019,0.2247,2.7749,0.3625,2.336,1.574,1.548,61.93,49.14,49.15,27.09,0.9876,0.1216,0.0436,16000,1024,424.16,0.7568,0.2275,0.0116,0.0041
2026-08-25T19:32:27.138+02:00,1000,1024,1024,1053,9,85,7,964,1.7918,0.207,0.202,3.9492,0.4255,2.3335,1.54,1.561,77.257,49.23,49.23,49.2,1.9567,0.2365,0.0879,16000,1024,452.82,0.8323,0.1517,0.0125,0.0035
2026-08-25T19:32:57.138+02:00,1000,1024,1024,1053,9,85,5,969,1.7839,0.2066,0.1696,2.6691,0.415,2.0405,1.532,1.543,92.594,49.03,49.01,49.04,2.1175,0.2364,0.1016,16000,1024,402.05,0.6668,0.312,0.0138,0.0073
2026-08-25T19:33:27.144+02:00,1000,1024,1029,1059,9,85,33,1002,1.8187,0.205,0.2324,2.6936,0.4039,2.0373,1.527,1.514,60.679,14.65,49.21,48.98,1.1339,0.1376,0.0588,16000,1024,377.14,0.7382,0.2443,0.0134,0.0041
2026-08-25T19:33:57.138+02:00,1000,1024,1024,1053,9,85,1,1003,1.7904,0.2046,0.1581,2.685,0.384,2.3526,1.533,1.541,103.927,49.11,49.11,49.04,2.4682,0.2764,0.1095,16000,1024,391.97,0.7918,0.1937,0.0111,0.0034
2026-08-25T19:34:27.144+02:00,1000,1024,1029,1059,9,85,1,1004,1.8045,0.2055,0.0936,2.74,0.3568,0.2685,1.531,1.551,2.489,49.15,49.14,49.17,2.5778,0.288,0.1103,16000,1024,481.72,0.8151,0.1693,0.0106,0.005
2026-08-25T19:34:57.140+02:00,1000,1024,1024,1053,9,85,1,1005,1.8341,0.2068,0.1764,2.7198,0.4136,2.0559,1.537,1.537,90.334,49.14,49.14,49.14,2.543,0.2749,0.1175,16000,1024,392.72,0.7823,0.1946,0.0155,0.0076
2026-08-25T19:35:27.140+02:00,1000,1024,1024,1053,9,85,0,1005,1.8516,0.206,0.135,2.7724,0.4166,2.0593,1.532,1.554,106.421,49.15,49.15,49.2,2.6579,0.2859,0.1271,16000,1024,402.23,0.7854,0.1995,0.0095,0.0056
2026-08-25T19:35:57.139+02:00,1000,1024,1024,1053,9,85,3,1008,1.8762,0.2037,0.1471,2.7961,0.4129,2.0557,1.527,1.56,94.499,49.17,49.16,49.13,2.5979,0.2764,0.1178,16000,1024,641.08,0.932,0.0623,0.0045,0.0012
2026-08-25T19:36:27.144+02:00,1000,1024,1024,1053,9,85,0,1008,1.8759,0.2037,0.1217,2.7966,0.3785,2.0591,1.533,1.552,81.198,49.15,49.15,49.14,2.6903,0.2848,0.1263,16000,1024,554.4,0.8782,0.1133,0.0055,0.0029
2026-08-25T19:36:57.141+02:00,1000,1024,1024,1053,9,85,2,1010,1.8777,0.2044,0.139,2.7936,0.3677,2.362,1.533,1.522,106.499,49.13,49.12,49.15,2.654,0.2786,0.1221,16000,1024,750.36,0.9319,0.0636,0.0035,0.001
2026-08-25T19:37:27.140+02:00,1000,1024,1024,1053,9,86,0,1010,1.8949,0.2042,0.1438,2.824,0.3702,2.0536,1.528,1.529,83.677,49.14,49.14,49.1,2.7087,0.2823,0.1236,16000,1024,446.59,0.8264,0.1611,0.0094,0.0031
2026-08-25T19:37:57.142+02:00,1000,1024,1024,1053,9,86,0,1010,1.8908,0.2024,0.1231,2.8457,0.3863,2.0652,1.533,1.569,78.682,49.08,49.09,49.09,2.6949,0.2813,0.1368,16000,1024,493.25,0.7513,0.2336,0.0118,0.0033
2026-08-25T19:38:27.141+02:00,1000,1024,1024,1053,9,86,2,1012,1.9117,0.2031,0.1375,2.8181,0.4165,2.0652,1.53,1.532,100.246,49.14,49.14,49.14,2.49,0.254,0.1198,16000,1024,444.75,0.8067,0.1806,0.0101,0.0026
2026-08-25T19:38:57.141+02:00,1000,1024,1024,1053,9,86,0,1012,1.9203,0.2024,0.1036,2.8413,0.3715,0.3039,1.53,1.531,2.285,49.08,49.09,49.11,2.7414,0.2793,0.1244,16000,1024,469.99,0.7591,0.2255,0.0116,0.0038
2026-08-25T19:39:27.143+02:00,1000,1024,1024,1053,9,87,0,1012,1.9637,0.2045,0.1563,2.8932,0.4154,2.0675,1.524,1.552,90.204,49.13,49.12,49.23,2.8051,0.2827,0.1385,16000,1024,497.94,0.7012,0.2872,0.009,0.0026
2026-08-25T19:39:57.143+02:00,1000,1024,1024,1053,9,87,0,1012,1.9752,0.2072,0.1283,2.9309,0.4178,2.0705,1.526,1.533,67.546,49.12,49.11,49.17,2.8253,0.286,0.1318,16000,1024,509.55,0.6263,0.3647,0.0062,0.0028
2026-08-25T19:40:27.142+02:00,1000,1024,1024,1053,9,87,0,1012,2.0116,0.2035,0.1297,2.9679,0.3699,2.0716,1.52,1.548,64.893,49.12,49.13,49.09,2.88,0.2835,0.144,16000,1024,591.47,0.8666,0.1217,0.0091,0.0026
2026-08-25T19:40:57.144+02:00,1000,1024,1024,1053,9,88,11,1023,1.9932,0.206,0.2116,2.9862,0.3981,2.3759,1.535,1.576,67.258,49.15,49.11,49.12,2.1537,0.2128,0.1236,16000,1024,504.69,0.7814,0.2067,0.0082,0.0038
2026-08-25T19:41:27.143+02:00,1000,1024,1024,1053,9,89,1,1024,2.0091,0.2068,0.1726,2.9999,0.4214,2.3751,1.527,1.585,86.164,49.06,49.05,48.95,2.8009,0.2759,0.1369,16000,1024,473.57,0.7071,0.2739,0.0154,0.0036
2026-08-25T19:41:57.145+02:00,1000,1024,1024,1053,9,89,0,1024,2.0409,0.2042,0.1643,4.0717,0.4105,1.7663,1.546,1.566,65.717,49.12,49.12,49.15,2.9174,0.2837,0.1485,16000,1024,503.23,0.6861,0.3043,0.0066,0.003
2026-08-25T19:42:27.145+02:00,1000,1024,1024,1053,9,89,1,1025,2.0095,0.204,0.1459,2.9606,0.4156,2.0767,1.53,1.588,81.024,49.11,49.1,49.1,2.8753,0.2823,0.1341,16000,1024,830.18,0.8324,0.1575,0.0069,0.0031
2026-08-25T19:42:57.146+02:00,1000,1024,1024,1053,9,89,0,1025,2.0344,0.2037,0.2235,3.013,0.4198,2.3755,1.53,1.567,64.925,49.12,49.11,48.96,2.9206,0.2826,0.1316,16000,1024,531.81,0.7564,0.2326,0.0078,0.0032
2026-08-25T19:43:27.148+02:00,1000,1024,1024,1053,9,89,0,1025,2.0559,0.2039,0.1137,3.0733,0.3969,0.3046,1.53,1.554,2.167,49.05,49.05,49.05,2.9162,0.2798,0.1423,16000,1024,1179.52,0.9423,0.0554,0.0016,0.0007
2026-08-25T19:43:57.146+02:00,1000,1024,1024,1053,9,90,0,1025,2.0739,0.2042,0.1735,5.9049,0.3799,2.0839,1.568,1.557,72.199,49.02,49.03,48.97,2.913,0.2788,0.1376,16000,1024,567.51,0.7938,0.1963,0.0077,0.0022
2026-08-25T19:44:27.148+02:00,1000,1024,1024,1053,9,90,0,1025,2.0832,0.207,0.3112,3.271,0.4207,2.3566,1.521,1.565,33.89,49.0,49.01,48.94,2.9287,0.2796,0.1626,16000,1024,464.69,0.8242,0.1659,0.0075,0.0024
2026-08-25T19:44:57.146+02:00,1000,1024,1024,1053,9,90,5,1030,2.0824,0.206,0.1583,3.1069,0.4171,2.0873,1.524,1.561,75.149,49.02,49.03,48.96,2.5482,0.2434,0.1361,16000,1024,579.41,0.6801,0.3083,0.0095,0.0021
2026-08-25T19:45:27.148+02:00,1000,1024,1026,1055,9,90,30,1060,2.099,0.2092,0.2464,3.4514,0.4118,2.3879,1.532,1.55,51.617,17.84,17.93,17.85,1.3805,0.1237,0.0741,16000,1024,530.38,0.8039,0.1828,0.0087,0.0046
2026-08-25T19:45:57.147+02:00,1000,1024,1024,1053,9,90,4,1064,2.1109,0.207,0.1694,3.1065,0.421,2.0896,1.531,1.574,69.628,49.09,49.09,49.02,2.7098,0.2598,0.124,16000,1024,652.01,0.8851,0.1058,0.0067,0.0023
2026-08-25T19:46:27.147+02:00,1000,1024,1024,1053,9,90,1,1065,2.1358,0.2081,0.1213,3.1887,0.4034,0.2848,1.521,1.607,1.995,49.09,49.09,49.11,2.9755,0.2807,0.1503,16000,1024,614.62,0.7855,0.2061,0.0066,0.0018
2026-08-25T19:46:57.154+02:00,1000,1024,1030,1060,9,91,8,1073,2.1738,0.2043,0.3769,3.2955,0.4247,2.3423,1.518,1.597,26.925,49.08,49.1,49.07,2.8878,0.2547,0.1472,16000,1024,610.46,0.8266,0.165,0.0063,0.002
2026-08-25T19:47:27.148+02:00,1000,1024,1024,1053,9,91,0,1073,2.1881,0.2081,0.1423,3.2134,0.3781,1.7887,1.517,1.564,25.775,49.12,49.13,49.13,3.1351,0.2903,0.1669,16000,1024,529.62,0.8141,0.1769,0.0063,0.0028
2026-08-25T19:47:57.149+02:00,1000,1024,1025,1055,9,91,4,1077,2.237,0.2071,0.4012,3.2766,0.4249,2.338,1.512,1.559,21.5,49.12,49.12,49.06,3.0692,0.2675,0.1455,16000,1024,594.5,0.8271,0.1648,0.0067,0.0014
2026-08-25T19:48:27.149+02:00,1000,1024,1024,1053,9,91,0,1077,2.2193,0.2083,0.1448,3.2413,0.3771,2.1003,1.51,1.521,44.475,49.12,49.12,49.13,3.1695,0.289,0.1744,16000,1024,606.86,0.8354,0.1554,0.0073,0.0019
2026-08-25T19:48:57.149+02:00,1000,1024,1024,1053,9,92,10,1087,2.2153,0.2074,0.3299,3.2913,0.3812,2.3706,1.515,1.544,30.622,49.08,49.06,49.17,2.621,0.2352,0.1568,16000,1024,459.65,0.8457,0.1351,0.0146,0.0046
2026-08-25T19:49:27.150+02:00,1000,1024,1024,1053,9,92,0,1087,2.2413,0.21,0.1459,3.2768,0.3815,2.103,1.516,1.56,43.421,49.11,49.11,49.11,3.2151,0.294,0.1733,16000,1024,458.32,0.5419,0.4439,0.0094,0.0048
2026-08-25T19:49:57.151+02:00,1000,1024,1024,1053,9,93,0,1087,2.248,0.2108,0.1285,3.3055,0.3904,0.3165,1.516,1.573,1.984,49.08,49.1,49.07,3.1917,0.2953,0.1653,16000,1024,475.99,0.727,0.2592,0.011,0.0028
2026-08-25T19:50:27.150+02:00,1000,1024,1024,1053,9,93,6,1093,2.2632,0.211,0.1667,3.3239,0.3724,2.414,1.511,1.553,68.633,49.16,49.16,49.16,2.812,0.2581,0.1489,16000,1024,494.28,0.7815,0.2062,0.0081,0.0042
2026-08-25T19:50:57.156+02:00,1000,1024,1029,1059,9,94,37,1130,0.0326,0.0441,0.3843,0.1235,0.1849,2.0333,3.365,9.533,26.035,8.83,21.4,418.97,0.0094,0.0093,0.065,16000,1024,421.43,0.879,0.093,0.027,0.0011
2026-08-25T19:51:27.151+02:00,1000,1024,1024,1053,9,94,2,1132,0.0332,0.0298,0.0801,0.1093,0.1887,2.1061,2.997,4.012,467.116,5.95,31.27,20.5,0.007,0.0086,0.0096,16000,1024,190.53,0.9631,0.0272,0.007,0.0027
2026-08-25T19:51:57.152+02:00,1000,1024,1024,1053,9,96,3,1135,0.0336,0.0493,0.4848,0.2287,0.1849,2.2954,4.639,8.482,16.073,47.68,132.02,358.32,0.0082,0.0101,0.1083,16000,1024,158.33,0.9191,0.0347,0.043,0.0032
2026-08-25T19:52:57.153+02:00,1000,1024,1024,1053,10,99,1,1149,0.033,0.0315,0.1455,0.0981,0.188,2.0953,2.763,7.114,170.25,41.47,47.13,158.49,0.0082,0.0079,0.0192,16000,1024,262.18,0.9631,0.0205,0.0153,0.0011
2026-08-25T19:53:27.153+02:00,1000,1024,1024,1053,10,99,0,1149,0.0329,0.0312,0.0797,0.1097,0.1037,2.0983,3.016,2.865,469.357,155.95,136.69,152.55,0.0066,0.008,0.0111,16000,1024,323.88,0.9756,0.0216,0.0022,0.0006
2026-08-25T19:53:57.154+02:00,1000,1024,1024,1053,10,101,26,1175,0.5763,0.0365,0.2449,10.6161,0.189,2.0693,337.281,9.659,62.769,116.22,5.01,1.46,0.0565,0.0104,0.0321,16000,1024,330.25,0.9665,0.0208,0.0118,0.0009
2026-08-25T19:54:27.157+02:00,1000,1024,1028,1058,10,101,16,1191,0.4716,0.0323,0.1939,10.6318,0.1882,2.0757,504.29,8.556,91.594,27.91,49.9,51.07,0.0503,0.0077,0.0238,16000,1024,233.69,0.9203,0.0613,0.0136,0.0048
2026-08-25T19:54:57.154+02:00,1000,1024,1024,1053,10,101,5,1196,0.0324,0.0319,0.1169,0.1046,0.1879,2.0877,2.911,4.986,250.792,55.66,26.5,16.41,0.0068,0.0074,0.0175,16000,1024,278.63,0.9388,0.046,0.0138,0.0013
2026-08-25T19:55:27.154+02:00,1000,1024,1024,1053,10,101,0,1196,0.0335,0.0294,0.2109,0.1165,0.0885,2.0669,3.095,2.867,78.114,60.2,25.34,125.09,0.0081,0.0071,0.0414,16000,1024,327.78,0.995,0.003,0.0014,0.0007
2026-08-25T19:55:57.158+02:00,1000,1024,1024,1053,10,103,7,1203,0.0367,0.0321,0.1708,0.1257,0.1897,2.0751,2.919,7.804,128.686,62.84,4.81,126.07,0.0117,0.0074,0.0185,16000,1024,159.02,0.9153,0.0508,0.0302,0.0037
2026-08-25T19:57:27.159+02:00,1000,1024,1027,1057,12,106,1,1258,0.034,0.0313,0.0467,0.1116,0.1045,0.1366,2.933,2.971,2.695,229.73,38.07,68.29,0.0094,0.0082,0.011,16000,1024,192.83,0.9756,0.0119,0.0099,0.0026
2026-08-25T19:58:27.160+02:00,1000,1024,1024,1053,13,106,0,1262,0.0333,0.0309,0.1134,0.1089,0.1938,2.0731,2.996,5.35,245.575,13.67,74.97,149.4,0.0085,0.007,0.0142,16000,1024,80.58,0.8649,0.068,0.0506,0.0165
2026-08-25T19:58:57.163+02:00,1000,1024,1030,1060,13,106,29,1291,0.4714,0.0374,0.2679,10.6301,0.1911,2.3438,504.965,11.483,53.363,127.07,105.33,6.77,0.0603,0.0092,0.0505,16000,1024,222.85,0.946,0.0289,0.0216,0.0035
2026-08-25T19:59:27.159+02:00,1000,1024,1024,1053,13,106,1,1292,0.0322,0.0316,0.1015,0.2299,0.1934,2.0633,5.243,4.268,333.781,177.74,60.71,79.61,0.0068,0.0068,0.0119,16000,1024,210.09,0.6784,0.3026,0.016,0.003
2026-08-25T19:59:57.157+02:00,1000,1024,1024,1053,13,106,0,1292,0.0335,0.0309,0.1101,0.0897,0.1948,2.0594,2.704,4.606,244.713,13.52,90.21,27.31,0.007,0.0081,0.0279,16000,1024,135.41,0.9226,0.0496,0.0234,0.0045
2026-08-25T20:00:27.158+02:00,1000,1024,1024,1053,13,106,1,1293,0.0328,0.0296,0.0793,0.1047,0.1055,2.0621,2.936,3.107,446.477,34.04,149.56,58.11,0.0073,0.007,0.0176,16000,1024,360.63,0.9974,0.0014,0.0008,0.0004
2026-08-25T20:01:27.164+02:00,1000,1024,1028,1058,14,106,1,1329,0.0331,0.0318,0.1557,0.1101,0.1964,2.354,3.084,8.024,167.68,18.67,160.4,75.03,0.0079,0.0065,0.0141,16000,1024,117.99,0.9305,0.0227,0.0389,0.0079
2026-08-25T20:01:57.159+02:00,1000,1024,1024,1053,14,107,2,1331,0.0324,0.0297,0.3359,0.1178,0.1006,2.0021,3.046,3.074,29.847,51.07,72.48,437.67,0.0086,0.0074,0.0849,16000,1024,226.92,0.9783,0.0146,0.0057,0.0014
2026-08-25T20:02:27.160+02:00,1000,1024,1024,1053,14,107,1,1332,0.0322,0.0314,0.1012,0.115,0.1962,2.052,2.936,5.611,330.789,79.68,85.71,19.5,0.0076,0.0068,0.0196,16000,1024,319.24,0.9638,0.0219,0.0126,0.0017
2026-08-25T20:02:57.159+02:00,1000,1024,1024,1053,14,107,10,1342,0.0337,0.0467,0.4103,0.16,0.1946,2.2737,3.196,10.596,21.512,84.82,256.81,443.36,0.0081,0.0095,0.069,16000,1024,1259.79,0.9985,0.001,0.0004,0.0001
2026-08-25T20:03:27.189+02:00,1000,1024,1051,1081,14,107,36,1378,0.3344,0.0452,0.3632,10.6432,0.1955,1.9898,1002.422,10.66,27.754,62.59,5.02,10.84,0.0443,0.0094,0.049,16000,1024,134.99,0.9394,0.0378,0.0187,0.0041
2026-08-25T20:03:57.171+02:00,1000,1024,1033,1063,14,107,6,1384,0.0348,0.0488,0.4485,0.2031,0.1937,2.2534,3.771,9.219,18.046,38.93,128.67,321.17,0.0074,0.0105,0.0894,16000,1024,246.69,0.9644,0.0235,0.0094,0.0027
2026-08-25T20:05:27.186+02:00,1000,1024,1047,1077,16,111,36,1454,0.0327,0.0503,0.4677,0.106,0.1888,1.9278,2.835,9.338,15.335,52.16,132.18,163.22,0.0104,0.011,0.0976,16000,1024,195.04,0.9022,0.053,0.0414,0.0034
2026-08-25T20:05:57.161+02:00,1000,1024,1024,1053,16,112,0,1454,0.034,0.0329,0.145,0.0996,0.1978,2.0293,2.76,8.463,169.068,136.43,5.66,361.17,0.0089,0.0081,0.023,16000,1024,269.0,0.9892,0.0064,0.0035,0.0009
2026-08-25T20:06:57.162+02:00,1000,1024,1024,1053,17,112,2,1468,0.0336,0.0294,0.1168,0.1123,0.1967,2.0348,2.872,4.596,255.906,55.65,52.12,204.2,0.0087,0.007,0.0192,16000,1024,302.4,0.9812,0.0136,0.0037,0.0015
2026-08-25T20:07:27.189+02:00,1000,1024,1049,1079,17,112,6,1474,0.0316,0.0326,0.17,0.1034,0.2014,2.0229,2.96,10.223,127.492,139.62,130.49,14.5,0.007,0.009,0.0241,16000,1024,146.61,0.8699,0.0789,0.0439,0.0073
2026-08-25T20:07:57.164+02:00,1000,1024,1024,1053,17,113,6,1480,0.3346,0.0302,0.1516,10.6425,0.2026,2.0235,999.836,8.369,141.014,38.25,141.98,198.38,0.0483,0.0057,0.0197,16000,1024,213.11,0.9489,0.0252,0.0217,0.0042
2026-08-25T20:08:27.165+02:00,1000,1024,1024,1053,17,113,0,1480,0.0327,0.0306,0.0776,0.1077,0.2,2.0274,2.943,4.422,454.686,27.41,9.96,62.17,0.0068,0.0084,0.0163,16000,1024,219.58,0.9789,0.0127,0.0069,0.0015
2026-08-25T20:08:57.164+02:00,1000,1024,1024,1053,17,113,7,1487,0.3342,0.0307,0.2413,10.639,0.2008,1.9997,1002.608,6.355,55.88,15.58,18.98,436.62,0.0384,0.0063,0.0364,16000,1024,514.82,0.9877,0.0055,0.0062,0.0006
2026-08-25T20:09:27.165+02:00,1000,1024,1024,1053,17,113,6,1493,0.0323,0.0311,0.1302,0.1068,0.2002,2.0199,2.931,5.853,198.712,6.0,42.31,69.08,0.0087,0.0076,0.0155,16000,1024,469.82,0.992,0.0054,0.0021,0.0006
2026-08-25T20:09:57.169+02:00,1000,1024,1028,1058,17,113,41,1534,0.3345,0.046,0.3714,10.6435,0.1975,2.2567,1001.135,10.735,26.007,35.15,131.99,418.11,0.0101,0.0086,0.0687,16000,1024,282.07,0.954,0.021,0.0233,0.0017
2026-08-25T20:10:27.165+02:00,1000,1024,1024,1053,17,113,0,1534,0.0338,0.0302,0.2539,0.121,0.2003,1.9929,2.948,4.43,55.797,100.93,152.49,310.34,0.0074,0.0069,0.0469,16000,1024,178.93,0.9825,0.0094,0.0062,0.0019
2026-08-25T20:11:27.165+02:00,1000,1024,1024,1053,18,113,3,1539,0.3343,0.0512,0.4584,10.6421,0.1973,2.2141,1003.049,9.365,16.039,71.54,12.68,312.59,0.0346,0.0095,0.0873,16000,1024,336.72,0.9878,0.0074,0.004,0.0008
2026-08-25T20:11:57.167+02:00,1000,1024,1024,1053,18,114,2,1541,0.0326,0.0305,0.1173,0.1081,0.2004,2.0101,2.81,7.638,252.946,32.76,105.8,50.51,0.0076,0.0069,0.0152,16000,1024,146.02,0.9,0.0658,0.0252,0.009
2026-08-25T20:12:27.166+02:00,1000,1024,1024,1053,18,114,2,1543,0.0323,0.0313,0.2899,0.0968,0.2018,1.9724,2.981,5.982,39.911,57.11,29.87,144.9,0.0094,0.0071,0.0675,16000,1024,134.23,0.8779,0.0648,0.0469,0.0105
2026-08-25T20:12:57.167+02:00,1000,1024,1024,1053,18,114,5,1548,0.0338,0.0306,0.0779,0.1176,0.2038,2.0131,2.938,4.434,435.905,8.99,57.93,54.27,0.0076,0.0077,0.0128,16000,1024,211.84,0.9813,0.0143,0.003,0.0014
2026-08-25T20:13:57.176+02:00,1000,1024,1031,1061,19,114,12,1586,0.033,0.0465,0.3514,0.1199,0.1992,2.2585,3.009,10.757,27.527,47.0,86.57,412.88,0.0078,0.0127,0.0669,16000,1024,137.48,0.9614,0.0229,0.0125,0.0033
2026-08-25T20:14:27.177+02:00,1000,1024,1033,1063,19,115,26,1612,0.4714,0.0358,0.2195,10.6302,0.2021,2.301,505.251,10.431,80.278,35.12,91.82,152.4,0.0557,0.0101,0.0405,16000,1024,268.61,0.9667,0.0206,0.0103,0.0024
2026-08-25T20:15:27.200+02:00,1000,1024,1024,1054,20,118,9,1626,0.3343,0.0467,0.3656,10.6415,0.1989,1.9453,1002.589,11.305,26.584,17.75,11.7,251.92,0.0225,0.0115,0.0848,16000,1024,127.72,0.9103,0.0313,0.054,0.0044
2026-08-25T20:15:57.201+02:00,1000,1024,1024,1053,20,120,4,1630,0.0338,0.0309,0.1392,0.1125,0.2019,2.0045,2.971,7.588,169.159,7.56,82.08,172.91,0.008,0.0071,0.0281,16000,1024,560.52,0.9713,0.0225,0.0051,0.0011
2026-08-25T20:16:27.202+02:00,1000,1024,1024,1053,20,121,5,1635,0.3344,0.0532,0.4557,10.6401,0.1978,2.2121,1000.803,9.453,15.712,56.74,126.29,283.1,0.0305,0.0096,0.0854,16000,1024,146.3,0.95,0.025,0.0204,0.0046
2026-08-25T20:17:27.202+02:00,1000,1024,1024,1053,21,121,2,1675,0.0331,0.03,0.3183,0.1109,0.2019,1.9581,2.938,6.498,32.862,155.47,3.78,437.39,0.0068,0.0081,0.0689,16000,1024,919.03,0.9956,0.0026,0.0016,0.0001
2026-08-25T20:17:57.205+02:00,1000,1024,1024,1053,21,121,1,1676,0.0344,0.0311,0.0783,0.1135,0.2039,2.0094,2.695,4.367,424.393,92.7,43.25,67.6,0.0076,0.007,0.0138,16000,1024,468.72,0.9507,0.0277,0.0195,0.0021
2026-08-25T20:19:57.237+02:00,1000,1024,1058,1088,24,122,37,1770,0.3344,0.0442,0.3379,10.6433,0.1996,2.2488,1001.921,11.106,30.675,2.83,31.04,3.69,0.0097,0.011,0.084,16000,1024,167.55,0.8838,0.0821,0.0289,0.0053
2026-08-25T20:20:27.204+02:00,1000,1024,1024,1053,24,122,8,1778,0.3344,0.0306,0.196,10.6412,0.2048,1.9789,1001.159,4.804,76.986,68.31,69.61,124.94,0.0377,0.0088,0.0312,16000,1024,156.92,0.9251,0.057,0.0141,0.0039
2026-08-25T20:20:57.205+02:00,1000,1024,1024,1053,24,122,2,1780,0.0333,0.0308,0.1251,0.1105,0.2057,1.9951,2.937,6.417,191.038,95.25,8.54,72.57,0.0089,0.0074,0.0289,16000,1024,346.83,0.8952,0.0515,0.0496,0.0037
2026-08-25T20:21:27.206+02:00,1000,1024,1024,1053,24,124,1,1781,0.0317,0.0285,0.044,0.1092,0.1025,0.1584,3.101,3.069,3.063,32.63,92.67,55.5,0.0082,0.0065,0.0094,16000,1024,208.82,0.9749,0.0149,0.008,0.0021
2026-08-25T20:21:57.206+02:00,1000,1024,1024,1053,24,124,9,1790,0.035,0.0314,0.1751,0.2297,0.2046,2.2947,6.092,9.373,126.133,48.16,52.08,132.44,0.0119,0.0065,0.0263,16000,1024,195.79,0.853,0.1037,0.0379,0.0054
2026-08-25T20:22:57.206+02:00,1000,1024,1024,1053,25,125,6,1814,0.0331,0.0297,0.0759,0.1082,0.2057,1.9955,3.132,4.907,466.056,54.86,123.48,9.02,0.0078,0.0072,0.0161,16000,1024,230.67,0.9309,0.0416,0.0247,0.0027
2026-08-25T20:23:27.205+02:00,1000,1024,1024,1053,25,126,0,1814,0.0323,0.0291,0.0767,0.1248,0.2042,1.9918,3.162,5.095,444.263,19.38,32.86,267.4,0.0066,0.006,0.0148,16000,1024,152.33,0.9289,0.0528,0.0137,0.0046
2026-08-25T20:23:57.207+02:00,1000,1024,1024,1053,25,127,2,1816,0.0334,0.0292,0.2837,0.0994,0.1027,1.949,2.993,2.96,38.188,42.75,5.86,437.54,0.008,0.0065,0.08,16000,1024,130.03,0.9033,0.0719,0.0217,0.0031
2026-08-25T20:24:27.207+02:00,1000,1024,1024,1053,25,127,1,1817,0.0329,0.0312,0.1172,0.1224,0.2015,2.2991,3.246,4.527,268.127,14.23,21.18,161.33,0.0083,0.0074,0.0157,16000,1024,187.16,0.8918,0.0846,0.018,0.0056
2026-08-25T20:24:57.206+02:00,1000,1024,1024,1053,25,127,0,1817,0.0348,0.0299,0.0457,0.1237,0.1151,0.1579,2.964,2.939,2.95,69.02,19.69,6.99,0.0086,0.007,0.0123,16000,1024,128.07,0.9113,0.0425,0.0417,0.0045
2026-08-25T20:25:27.207+02:00,1000,1024,1024,1053,25,127,2,1819,0.0319,0.0306,0.112,0.0997,0.2076,1.9903,2.734,6.587,243.833,15.05,115.36,116.85,0.0109,0.0056,0.0168,16000,1024,334.36,0.9795,0.0147,0.0046,0.0011
2026-08-25T20:25:57.208+02:00,1000,1024,1024,1053,25,127,1,1820,0.0341,0.0313,0.099,0.112,0.2079,1.987,2.908,6.21,316.967,65.28,6.15,35.93,0.0069,0.0073,0.0214,16000,1024,398.45,0.965,0.0167,0.0118,0.0066
2026-08-25T20:26:27.208+02:00,1000,1024,1024,1053,25,127,10,1830,0.3344,0.0475,0.4245,10.6391,0.2011,2.2028,1001.088,10.679,18.594,75.82,124.46,129.57,0.0146,0.0102,0.0859,16000,1024,263.06,0.8592,0.1289,0.0095,0.0025
2026-08-25T20:26:57.209+02:00,1000,1024,1024,1053,25,127,0,1830,0.0316,0.0292,0.0471,0.1121,0.0926,0.4578,2.93,2.988,11.231,94.48,40.3,18.12,0.007,0.0063,0.01,16000,1024,380.87,0.962,0.0266,0.0104,0.0011
2026-08-25T20:27:27.209+02:00,1000,1024,1024,1053,25,127,8,1838,0.0326,0.0294,0.1555,0.1067,0.1,2.2878,3.093,3.312,148.862,33.6,28.58,243.83,0.0087,0.008,0.032,16000,1024,1016.43,0.9714,0.0215,0.0057,0.0014
2026-08-25T20:27:57.209+02:00,1000,1024,1024,1053,25,127,2,1840,0.0338,0.0307,0.0925,0.1244,0.2078,1.9828,3.088,6.491,311.771,27.52,37.1,50.08,0.0082,0.0059,0.0116,16000,1024,342.67,0.966,0.0246,0.0082,0.0012
2026-08-25T20:28:27.217+02:00,1000,1024,1032,1062,25,127,33,1873,0.0312,0.0405,0.2902,0.0981,0.2011,2.252,2.757,12.066,42.184,27.71,11.49,18.64,0.0077,0.0092,0.039,16000,1024,283.14,0.9713,0.0224,0.0051,0.0012
2026-08-25T20:28:57.209+02:00,1000,1024,1024,1053,25,127,2,1875,0.0335,0.0303,0.0921,0.1041,0.2062,1.9826,2.769,4.617,317.361,73.09,22.32,93.84,0.0079,0.0065,0.013,16000,1024,353.05,0.9766,0.0171,0.005,0.0013
2026-08-25T20:29:57.210+02:00,1000,1024,1024,1053,26,128,8,1885,0.0337,0.0311,0.1227,0.1325,0.2081,1.9766,3.22,6.62,198.104,6.29,110.45,86.75,0.0106,0.007,0.0216,16000,1024,206.98,0.9793,0.0125,0.007,0.0013
2026-08-25T20:30:27.232+02:00,1000,1024,1045,1075,26,128,29,1914,0.6652,0.0395,0.2595,10.6091,0.2048,2.0347,252.777,12.067,50.449,135.71,66.62,125.71,0.1034,0.0087,0.0514,16000,1024,387.67,0.9822,0.0144,0.0027,0.0008
2026-08-25T20:30:57.212+02:00,1000,1024,1024,1053,26,129,9,1923,0.3344,0.0363,0.1979,10.6433,0.2076,2.2732,1002.731,10.784,93.228,79.95,13.68,33.22,0.0239,0.01,0.0401,16000,1024,323.44,0.8147,0.1437,0.0371,0.0044
2026-08-25T20:31:27.212+02:00,1000,1024,1024,1053,26,129,6,1929,0.3343,0.0323,0.1717,10.6425,0.2096,1.9659,1002.806,10.514,101.361,55.14,54.0,318.54,0.042,0.0079,0.0342,16000,1024,201.41,0.9579,0.0317,0.0075,0.0029
2026-08-25T20:31:57.213+02:00,1000,1024,1024,1053,26,129,2,1931,0.0337,0.0298,0.0451,0.1235,0.0992,0.1562,3.321,3.019,3.074,47.97,17.67,54.38,0.007,0.0068,0.0094,16000,1024,229.91,0.9078,0.0656,0.0238,0.0028
2026-08-25T20:32:27.212+02:00,1000,1024,1024,1053,26,130,2,1933,0.0337,0.0293,0.106,0.1151,0.1025,1.9713,2.809,3.176,235.63,41.15,15.59,153.59,0.0066,0.0069,0.0117,16000,1024,207.61,0.9819,0.0128,0.0038,0.0015
2026-08-25T20:32:57.215+02:00,1000,1024,1024,1053,26,130,0,1933,0.0328,0.0298,0.0919,0.129,0.2077,1.9749,3.049,5.053,313.963,118.59,144.05,5.01,0.0088,0.0077,0.0144,16000,1024,262.17,0.8757,0.0604,0.0607,0.0032
2026-08-25T20:33:27.213+02:00,1000,1024,1024,1053,26,130,6,1939,0.033,0.0313,0.1312,0.2343,0.2076,1.9714,5.398,6.257,199.426,26.08,10.88,19.35,0.0095,0.0064,0.0191,16000,1024,94.87,0.9042,0.0417,0.0452,0.0089
2026-08-25T20:33:57.215+02:00,1000,1024,1024,1053,26,130,0,1939,0.0325,0.0291,0.0446,0.1235,0.1193,0.1453,2.95,3.362,2.896,98.97,52.83,189.17,0.0077,0.0067,0.0087,16000,1024,211.17,0.9213,0.0309,0.046,0.0018
2026-08-25T20:34:27.218+02:00,1000,1024,1024,1053,26,130,0,1939,0.033,0.03,0.2694,0.1038,0.2084,1.941,2.807,5.087,43.466,7.6,45.23,63.21,0.0091,0.0076,0.0654,16000,1024,340.05,0.9528,0.0433,0.0028,0.0011
2026-08-25T20:35:27.216+02:00,1000,1024,1024,1053,27,131,6,1947,0.3343,0.0312,0.118,10.6406,0.2096,1.9678,1002.706,6.463,190.344,41.4,21.74,17.16,0.0251,0.0075,0.0198,16000,1024,900.25,0.9988,0.0009,0.0003,0.0001
2026-08-25T20:35:57.216+02:00,1000,1024,1024,1053,27,131,1,1948,0.0313,0.0284,0.0463,0.1054,0.0983,0.1937,3.119,2.921,3.232,126.67,124.34,42.35,0.0065,0.0063,0.0097,16000,1024,146.22,0.9521,0.0243,0.0209,0.0027
2026-08-25T20:36:27.216+02:00,1000,1024,1024,1053,27,131,8,1956,0.0346,0.0321,0.0919,0.1248,0.2075,1.9736,3.072,5.744,313.799,44.19,63.15,11.84,0.0106,0.0094,0.0155,16000,1024,296.22,0.8534,0.0309,0.114,0.0017
2026-08-25T20:37:27.217+02:00,1000,1024,1024,1053,28,132,8,1966,0.3344,0.0322,0.2006,10.6421,0.2098,2.261,1001.176,9.297,95.568,66.28,193.5,34.93,0.0309,0.0071,0.037,16000,1024,409.59,0.9733,0.0229,0.0022,0.0016
2026-08-25T20:38:27.218+02:00,1000,1024,1024,1053,29,136,3,1994,0.0326,0.0297,0.0833,0.2304,0.1187,2.2763,5.022,2.881,543.607,50.75,72.24,137.56,0.008,0.0094,0.015,16000,1024,543.85,0.9877,0.0088,0.003,0.0005
2026-08-25T20:38:57.218+02:00,1000,1024,1024,1053,29,137,1,1995,0.0322,0.031,0.0976,0.1143,0.2097,1.9682,2.864,6.554,323.734,50.42,175.79,71.93,0.0061,0.0066,0.0089,16000,1024,1110.1,0.9961,0.0031,0.0004,0.0004
2026-08-25T20:39:27.225+02:00,1000,1024,1031,1061,29,138,34,2029,0.3344,0.0532,0.4274,10.6401,0.197,1.8753,1001.097,9.348,17.871,26.67,28.0,497.13,0.0093,0.0129,0.0926,16000,1024,864.5,0.9925,0.0046,0.002,0.0009
2026-08-25T20:39:57.218+02:00,1000,1024,1024,1053,29,139,3,2032,0.0319,0.0301,0.1761,0.1122,0.2071,1.955,2.845,8.781,111.124,103.03,2.79,60.44,0.0091,0.0067,0.0251,16000,1024,2273.19,0.9943,0.0054,0.0002,0.0001
2026-08-25T20:40:27.244+02:00,1000,1024,1048,1078,29,139,8,2040,0.0324,0.0346,0.176,0.1125,0.2103,1.9571,2.947,10.909,111.785,54.55,161.12,30.19,0.0074,0.0069,0.0288,16000,1024,268.87,0.8863,0.0968,0.0149,0.0019
2026-08-25T20:40:57.218+02:00,1000,1024,1024,1053,29,140,3,2043,0.032,0.0313,0.1148,0.1105,0.2084,1.9635,3.018,8.005,250.798,22.85,94.94,90.87,0.0068,0.0068,0.0155,16000,1024,296.7,0.9888,0.0053,0.0039,0.0019
2026-08-25T20:41:27.220+02:00,1000,1024,1024,1053,29,141,2,2045,0.8586,0.2098,0.393,2.4656,0.6715,2.264,3.238,3.324,7.794,48.31,48.52,25.73,0.8501,0.187,0.4469,16000,1024,403.73,0.9197,0.0598,0.0118,0.0086
2026-08-25T20:41:57.221+02:00,1000,1024,1026,1055,29,141,35,2080,1.5862,0.2169,0.2918,12.3363,0.4053,2.2387,5.993,1.555,39.583,31.91,32.03,419.53,0.6162,0.0856,0.0651,16000,1024,357.33,0.7977,0.1619,0.0227,0.0177
2026-08-25T20:42:27.219+02:00,1000,1024,1024,1053,29,141,1,2081,1.4843,0.2249,0.129,2.218,0.4045,1.9665,1.531,1.597,158.305,49.4,49.41,49.5,2.0936,0.3091,0.0684,16000,1024,369.1,0.5537,0.4163,0.0246,0.0055
2026-08-25T20:42:57.222+02:00,1000,1024,1024,1053,29,141,9,2090,1.5168,0.2285,0.1519,2.2611,0.4052,1.9603,1.522,1.594,122.161,49.42,49.45,49.38,1.5493,0.2179,0.0515,16000,1024,467.46,0.6812,0.2768,0.0344,0.0075
2026-08-25T20:43:27.221+02:00,1000,1024,1024,1053,29,141,0,2090,1.5086,0.224,0.1447,2.8245,0.3994,1.9634,1.524,1.556,116.731,49.35,49.34,49.37,2.1978,0.3207,0.0767,16000,1024,451.52,0.745,0.2304,0.0158,0.0087
2026-08-25T20:43:57.222+02:00,1000,1024,1024,1053,29,143,1,2091,1.5002,0.2251,0.0982,2.2201,0.4014,1.9724,1.521,1.595,160.852,49.32,49.32,49.26,2.1205,0.3138,0.083,16000,1024,573.26,0.7526,0.2356,0.0078,0.004
2026-08-25T20:44:27.222+02:00,1000,1024,1024,1053,29,143,0,2091,1.4759,0.2253,0.0967,2.2195,0.4066,1.9778,1.527,1.546,172.113,49.31,49.31,49.35,2.1552,0.3238,0.077,16000,1024,323.86,0.7442,0.2369,0.0122,0.0067
2026-08-25T20:44:57.222+02:00,1000,1024,1024,1053,29,143,0,2091,1.4862,0.219,0.1406,2.8247,0.393,1.9691,1.536,1.542,132.028,49.28,49.28,49.26,2.1656,0.3154,0.0805,16000,1024,468.15,0.7642,0.2173,0.0138,0.0047
2026-08-25T20:45:27.222+02:00,1000,1024,1024,1053,29,143,0,2091,1.5076,0.2169,0.0985,3.442,0.3973,1.9745,1.545,1.544,158.94,49.26,49.27,49.27,2.1829,0.3102,0.0815,16000,1024,370.57,0.4961,0.4799,0.014,0.01
2026-08-25T20:45:57.223+02:00,1000,1024,1024,1053,29,143,5,2096,1.5721,0.2148,0.2642,3.3512,0.4285,2.2522,1.568,1.567,42.5,49.34,49.33,49.27,2.0487,0.2765,0.1357,16000,1024,344.69,0.6297,0.348,0.0151,0.0072
2026-08-25T20:46:27.222+02:00,1000,1024,1024,1053,29,144,8,2104,1.6202,0.214,0.3306,6.3742,0.4158,2.2436,1.726,1.536,30.288,49.49,49.5,49.52,1.447,0.1892,0.0834,16000,1024,381.58,0.5894,0.3877,0.0169,0.006
2026-08-25T20:46:57.224+02:00,1000,1024,1024,1053,29,144,0,2104,1.6566,0.21,0.0859,2.4365,0.3683,0.2585,1.523,1.522,2.551,49.29,49.3,49.3,2.417,0.3019,0.1006,16000,1024,448.16,0.7396,0.2346,0.0186,0.0072
2026-08-25T20:47:27.225+02:00,1000,1024,1024,1053,29,144,1,2105,1.6682,0.2099,0.1182,2.4806,0.3802,1.9926,1.523,1.532,97.861,49.26,49.26,49.22,2.4151,0.2985,0.1033,16000,1024,397.65,0.7844,0.1946,0.0155,0.0055
2026-08-25T20:47:57.225+02:00,1000,1024,1024,1053,29,144,10,2115,1.6649,0.2091,0.1593,2.5706,0.4033,2.2919,1.537,1.503,112.999,49.17,49.2,49.32,1.6929,0.2078,0.0759,16000,1024,467.71,0.7481,0.2359,0.0088,0.0072
2026-08-25T20:48:27.224+02:00,1000,1024,1024,1053,29,144,0,2115,1.6732,0.2071,0.1246,2.4902,0.405,1.9936,1.525,1.503,128.709,49.2,49.2,49.21,2.408,0.2918,0.1053,16000,1024,1256.33,0.9492,0.0474,0.0025,0.001
2026-08-25T20:48:57.224+02:00,1000,1024,1024,1053,29,145,0,2115,1.6715,0.207,0.088,2.5053,0.365,0.2895,1.526,1.511,2.77,49.24,49.23,49.26,2.414,0.2939,0.0952,16000,1024,699.04,0.7675,0.1853,0.0324,0.0148
2026-08-25T20:49:27.229+02:00,1000,1024,1024,1053,29,145,8,2123,1.6842,0.2097,0.1547,4.6595,0.3637,1.9934,1.562,1.523,95.423,49.26,49.25,49.24,2.1145,0.2589,0.0856,16000,1024,330.97,0.7665,0.199,0.027,0.0076
2026-08-25T20:49:57.225+02:00,1000,1024,1024,1053,29,145,5,2128,1.6735,0.2092,0.1661,2.5327,0.3828,1.9921,1.524,1.499,101.274,49.23,49.22,49.27,2.3592,0.2853,0.1162,16000,1024,468.16,0.8811,0.1083,0.0067,0.0039
2026-08-25T20:50:27.228+02:00,1000,1024,1024,1053,29,146,1,2129,1.6782,0.2041,0.3709,2.5064,0.3725,2.2493,1.531,1.491,22.496,49.23,49.22,437.34,2.3823,0.2772,0.1063,16000,1024,435.27,0.7942,0.1894,0.0125,0.0039
2026-08-25T20:50:57.227+02:00,1000,1024,1024,1053,29,147,9,2138,1.6838,0.2078,0.1658,5.7906,0.8088,2.3102,1.623,1.632,100.033,49.14,49.16,49.28,1.9134,0.2292,0.0822,16000,1024,452.91,0.6939,0.285,0.0121,0.0091
2026-08-25T20:52:27.228+02:00,1000,1024,1024,1053,31,148,1,2156,1.7347,0.2052,0.09,2.5926,0.362,0.2471,1.523,1.507,2.543,49.22,49.22,49.2,2.4899,0.2899,0.1062,16000,1024,812.17,0.9448,0.0505,0.0034,0.0013
2026-08-25T20:52:57.227+02:00,1000,1024,1024,1053,31,149,2,2158,1.74,0.2058,0.1253,3.4526,0.3617,2.019,1.529,1.496,100.478,49.23,49.21,49.21,2.4029,0.2787,0.1023,16000,1024,518.51,0.7792,0.2059,0.0092,0.0057
2026-08-25T20:53:27.227+02:00,1000,1024,1024,1053,31,149,0,2158,1.7519,0.2045,0.2964,4.0546,0.4013,2.2909,1.59,1.482,36.009,49.07,49.05,49.0,2.4742,0.2778,0.1069,16000,1024,368.56,0.6634,0.3177,0.0139,0.005
2026-08-25T20:53:57.246+02:00,1000,1024,1039,1068,31,150,4,2162,1.7622,0.2055,0.1209,3.9869,0.3622,2.336,1.538,1.488,136.877,49.13,49.13,49.13,2.5027,0.2875,0.1096,16000,1024,419.55,0.7429,0.2425,0.0091,0.0055
2026-08-25T20:54:27.230+02:00,1000,1024,1024,1053,31,150,0,2162,1.7557,0.205,0.094,2.6113,0.3882,0.2581,1.526,1.532,2.416,49.18,49.18,49.18,2.5344,0.2886,0.1118,16000,1024,578.02,0.8759,0.112,0.0083,0.0038
2026-08-25T20:54:57.229+02:00,1000,1024,1024,1053,31,150,1,2163,1.7497,0.202,0.1113,2.6166,0.361,1.7236,1.531,1.513,57.684,49.05,49.06,49.02,2.467,0.2809,0.1138,16000,1024,387.25,0.7927,0.1816,0.0179,0.0077
2026-08-25T20:55:27.230+02:00,1000,1024,1024,1053,31,151,7,2170,1.7823,0.2054,0.1607,2.7007,0.4129,2.3349,1.518,1.511,106.494,49.14,49.14,49.12,1.8759,0.2157,0.0909,16000,1024,452.52,0.7204,0.2582,0.0139,0.0075
2026-08-25T20:55:57.230+02:00,1000,1024,1024,1053,31,152,1,2171,1.7957,0.2048,0.1973,3.4486,0.3653,2.0225,1.529,1.512,65.956,49.16,49.17,49.06,2.5678,0.2843,0.1192,16000,1024,467.44,0.6266,0.3554,0.0114,0.0066
2026-08-25T20:56:27.230+02:00,1000,1024,1024,1053,31,153,0,2171,1.8115,0.204,0.167,4.0551,0.3627,2.0312,1.545,1.519,76.971,49.16,49.17,49.17,2.5953,0.2831,0.1194,16000,1024,469.8,0.7837,0.2045,0.0076,0.0042
2026-08-25T20:57:27.231+02:00,1000,1024,1024,1053,32,154,0,2174,1.8344,0.2024,0.3838,2.7111,0.4132,2.2771,1.529,1.511,21.303,49.19,49.19,437.42,2.6473,0.2793,0.1196,16000,1024,382.01,0.7915,0.1884,0.0138,0.0062
2026-08-25T20:57:57.234+02:00,1000,1024,1026,1056,32,155,9,2183,1.8722,0.2031,0.1649,2.8092,0.3849,2.0395,1.524,1.527,91.692,49.02,49.01,48.98,2.4784,0.2621,0.1281,16000,1024,445.69,0.7387,0.2414,0.0138,0.0061
2026-08-25T20:58:27.233+02:00,1000,1024,1024,1053,32,155,7,2190,1.8635,0.2049,0.1594,4.728,0.3602,2.0408,1.573,1.509,92.554,49.18,49.18,49.14,2.0985,0.2292,0.0988,16000,1024,459.3,0.8027,0.1832,0.011,0.0031
2026-08-25T20:58:57.232+02:00,1000,1024,1024,1053,32,155,1,2191,1.8643,0.2053,0.1363,2.8241,0.4157,2.0445,1.522,1.563,99.553,49.18,49.18,49.2,2.6525,0.2854,0.1194,16000,1024,425.73,0.6724,0.3117,0.0119,0.004
2026-08-25T20:59:27.232+02:00,1000,1024,1024,1053,32,156,1,2192,1.8422,0.2046,0.1425,2.7425,0.4132,2.0517,1.533,1.541,97.364,49.15,49.13,49.18,2.5597,0.271,0.116,16000,1024,376.82,0.6882,0.2797,0.0207,0.0114
2026-08-25T20:59:57.232+02:00,1000,1024,1024,1053,32,156,2,2194,1.8646,0.2005,0.1345,9.4481,0.3721,2.0464,2.099,1.517,80.4,49.08,49.07,49.07,2.5034,0.2664,0.1171,16000,1024,457.59,0.7723,0.2144,0.0092,0.0041
2026-08-25T21:00:27.234+02:00,1000,1024,1024,1053,32,156,1,2195,1.8404,0.199,0.5958,4.6914,0.3682,2.1847,1.558,1.52,9.931,49.09,49.09,312.57,2.5727,0.2518,0.185,16000,1024,436.02,0.692,0.2955,0.0082,0.0043
2026-08-25T21:00:57.234+02:00,1000,1024,1024,1053,32,156,0,2195,1.8483,0.1998,0.1366,2.7602,0.3906,2.0502,1.532,1.519,99.897,49.09,49.08,49.0,2.6454,0.2767,0.1208,16000,1024,1264.9,0.9823,0.0159,0.0014,0.0003
2026-08-25T21:01:27.251+02:00,1000,1024,1041,1071,32,156,32,2227,1.9365,0.2022,0.2698,13.0,0.3989,2.3367,3.486,1.509,46.395,49.17,49.09,59.92,1.1948,0.1195,0.0605,16000,1024,415.41,0.6171,0.3683,0.0108,0.0038
2026-08-25T21:01:57.234+02:00,1000,1024,1024,1053,32,157,0,2227,1.8928,0.2024,0.3807,2.8375,0.4201,2.2933,1.529,1.554,21.005,49.07,49.06,48.85,2.6815,0.2737,0.1397,16000,1024,568.88,0.9188,0.073,0.0061,0.0021
2026-08-25T21:02:27.234+02:00,1000,1024,1024,1053,32,158,0,2227,1.9147,0.2022,0.1414,2.8746,0.3753,2.0568,1.536,1.547,88.252,49.12,49.11,49.13,2.7466,0.2788,0.1377,16000,1024,407.7,0.7499,0.2361,0.0104,0.0036
2026-08-25T21:02:57.235+02:00,1000,1024,1024,1053,32,159,2,2229,1.9262,0.2013,0.1669,2.8645,0.4218,2.3637,1.529,1.547,96.304,49.11,49.1,49.12,2.7522,0.2765,0.1186,16000,1024,411.8,0.8263,0.1586,0.0116,0.0034
2026-08-25T21:03:27.236+02:00,1000,1024,1024,1053,32,160,9,2238,1.9374,0.1985,0.1406,4.0034,0.4247,2.061,1.544,1.571,91.064,49.11,49.1,48.98,2.1482,0.2177,0.1051,16000,1024,502.93,0.8454,0.1386,0.0119,0.0042
2026-08-25T21:03:57.235+02:00,1000,1024,1024,1053,32,160,5,2243,1.9704,0.2016,0.1854,8.2159,0.3675,2.359,1.777,1.562,78.003,49.12,49.12,49.02,2.5682,0.2524,0.1175,16000,1024,470.79,0.7932,0.196,0.0084,0.0024
2026-08-25T21:04:27.239+02:00,1000,1024,1024,1053,32,161,2,2245,1.9942,0.1994,0.1695,2.9484,0.4172,2.0593,1.521,1.539,85.483,49.15,49.14,49.12,2.8561,0.2758,0.1351,16000,1024,456.91,0.7769,0.2073,0.0131,0.0027
2026-08-25T21:04:57.238+02:00,1000,1024,1024,1053,32,161,4,2249,1.9714,0.1981,0.1397,3.3856,0.3957,2.0612,1.542,1.564,71.392,49.01,49.01,49.03,2.7355,0.2669,0.1309,16000,1024,525.9,0.6608,0.3232,0.0133,0.0027
2026-08-25T21:05:27.237+02:00,1000,1024,1024,1053,32,161,7,2256,1.9931,0.2003,0.1677,5.6607,0.409,2.3722,1.583,1.552,85.613,49.17,49.16,49.23,2.5284,0.2396,0.1223,16000,1024,716.71,0.7938,0.1905,0.0127,0.0029
2026-08-25T21:06:27.238+02:00,1000,1024,1024,1053,33,164,8,2290,2.0558,0.2015,0.1935,3.0413,0.4214,2.3691,1.519,1.579,73.151,49.09,49.08,49.1,2.5895,0.2478,0.127,16000,1024,509.53,0.7131,0.2629,0.0199,0.0042
2026-08-25T21:06:57.238+02:00,1000,1024,1024,1053,33,165,4,2294,2.0803,0.2029,0.2029,3.1517,0.4128,2.065,1.53,1.58,68.51,49.2,49.2,49.27,2.8606,0.2655,0.1384,16000,1024,470.75,0.7293,0.2587,0.0087,0.0033
2026-08-25T21:07:27.238+02:00,1000,1024,1024,1053,33,165,17,2311,2.124,0.2008,0.2642,7.149,0.4304,2.3549,1.643,1.619,43.727,48.74,48.85,48.63,1.0181,0.1001,0.0765,16000,1024,445.58,0.7719,0.212,0.0125,0.0036
2026-08-25T21:07:57.240+02:00,1000,1024,1024,1053,33,166,1,2312,2.1165,0.1986,0.177,3.1254,0.4198,2.3812,1.521,1.592,78.815,49.17,49.18,49.22,2.9453,0.2672,0.1436,16000,1024,438.26,0.7055,0.2685,0.0198,0.0062
2026-08-25T21:08:27.239+02:00,1000,1024,1024,1053,33,167,2,2314,2.1622,0.2003,0.1765,3.3846,0.396,2.071,1.51,1.594,65.584,49.19,49.19,49.17,2.803,0.2568,0.1486,16000,1024,553.83,0.7862,0.1974,0.011,0.0054
2026-08-25T21:08:57.240+02:00,1000,1024,1024,1053,33,168,2,2316,2.1541,0.2021,0.1793,3.1964,0.4258,2.0749,1.519,1.571,70.592,49.19,49.19,49.22,2.7775,0.2514,0.1404,16000,1024,475.1,0.8021,0.1813,0.0131,0.0035
2026-08-25T21:09:27.243+02:00,1000,1024,1028,1057,33,169,41,2357,2.181,0.2061,0.4299,9.9372,0.414,2.3082,1.889,1.605,18.307,4.53,4.68,126.63,1.1713,0.0948,0.0922,16000,1024,659.68,0.8613,0.13,0.0067,0.002
2026-08-25T21:09:57.241+02:00,1000,1024,1024,1053,33,169,1,2358,2.2072,0.2057,0.1593,13.1067,0.4137,2.5099,2.627,1.571,76.124,49.17,49.19,49.22,3.1137,0.2854,0.1648,16000,1024,562.78,0.6802,0.3018,0.0142,0.0039
2026-08-25T21:10:27.240+02:00,1000,1024,1024,1053,33,170,1,2359,2.1677,0.2041,0.1559,3.4499,0.3795,1.7728,1.519,1.579,49.687,49.17,49.16,49.21,3.0791,0.2784,0.1497,16000,1024,530.8,0.665,0.3179,0.0139,0.0033
2026-08-25T21:10:57.242+02:00,1000,1024,1024,1053,33,170,2,2361,2.1635,0.2011,0.1345,3.1974,0.41,1.7744,1.517,1.566,30.98,49.13,49.13,49.15,3.0089,0.2696,0.1522,16000,1024,645.91,0.8452,0.1446,0.0082,0.002
2026-08-25T21:11:27.241+02:00,1000,1024,1024,1053,33,171,10,2371,2.1831,0.2011,0.363,3.252,0.3895,2.344,1.523,1.566,24.728,49.16,49.14,49.06,2.5585,0.2181,0.1097,16000,1024,595.43,0.8785,0.113,0.0067,0.0018
2026-08-25T21:11:57.242+02:00,1000,1024,1024,1053,33,171,3,2374,2.2039,0.2001,0.1624,5.2032,0.4329,2.0791,1.538,1.598,54.524,49.09,49.11,49.05,2.933,0.2581,0.15,16000,1024,492.26,0.8308,0.1548,0.0117,0.0026
2026-08-25T21:12:27.292+02:00,1000,1024,1074,1104,33,172,37,2411,2.1817,0.2017,0.3841,12.8323,0.4486,2.3103,2.783,1.771,23.027,48.98,49.13,48.83,1.2475,0.1105,0.0594,16000,1024,481.72,0.865,0.1183,0.0141,0.0027
2026-08-25T21:12:57.248+02:00,1000,1024,1029,1059,33,174,5,2416,0.033,0.032,0.1646,0.1109,0.188,2.077,2.978,6.769,126.214,126.2,82.48,2.31,0.0088,0.0077,0.0471,16000,1024,196.25,0.9143,0.0605,0.0224,0.0028
2026-08-25T21:13:27.243+02:00,1000,1024,1024,1053,33,175,2,2418,0.0321,0.0312,0.0872,0.0995,0.1161,2.395,2.735,3.079,556.056,22.18,78.53,119.13,0.0073,0.0071,0.0119,16000,1024,192.61,0.9647,0.0125,0.02,0.0028
2026-08-25T21:13:57.244+02:00,1000,1024,1024,1053,33,175,0,2418,0.0334,0.0298,0.311,0.1068,0.1918,2.0353,2.874,4.448,35.458,106.58,24.46,437.65,0.0094,0.0062,0.0778,16000,1024,541.38,0.9897,0.0079,0.0021,0.0003
2026-08-25T21:15:27.250+02:00,1000,1024,1029,1058,35,176,39,2482,0.3345,0.0446,0.3894,10.6408,0.1844,2.0089,1000.535,10.166,24.569,98.01,47.7,297.89,0.0293,0.0099,0.0741,16000,1024,102.26,0.9107,0.0477,0.0329,0.0087
2026-08-25T21:15:57.264+02:00,1000,1024,1042,1071,35,176,6,2488,0.3343,0.0489,0.4535,10.6389,0.1834,2.2855,1001.642,8.968,17.363,160.52,161.05,189.12,0.0096,0.0099,0.0835,16000,1024,143.63,0.9535,0.0162,0.0268,0.0035
2026-08-25T21:16:27.247+02:00,1000,1024,1024,1053,35,176,3,2491,0.0336,0.0303,0.1159,0.1362,0.1912,2.0756,3.063,4.381,253.714,46.87,41.57,3.97,0.0085,0.0078,0.0177,16000,1024,199.37,0.9112,0.0461,0.0398,0.0029
2026-08-25T21:16:57.246+02:00,1000,1024,1024,1053,35,177,4,2495,0.032,0.0314,0.1379,0.1121,0.188,2.0713,2.971,7.298,198.904,40.41,17.37,88.99,0.0082,0.008,0.0173,16000,1024,253.19,0.9674,0.0169,0.0118,0.0039
2026-08-25T21:17:27.245+02:00,1000,1024,1024,1053,35,177,7,2502,0.4715,0.0313,0.1832,10.6309,0.1901,2.0557,504.675,7.435,102.377,20.24,67.82,498.27,0.0799,0.0073,0.033,16000,1024,169.93,0.7818,0.1976,0.017,0.0035
2026-08-25T21:17:57.308+02:00,1000,1024,1087,1116,35,178,14,2516,0.3343,0.033,0.2234,10.6413,0.192,2.3567,1002.029,8.525,78.232,45.34,60.8,216.24,0.0443,0.0095,0.0432,16000,1024,82.56,0.8676,0.067,0.0531,0.0123
2026-08-25T21:18:27.249+02:00,1000,1024,1024,1053,35,179,4,2520,0.0337,0.0318,0.1366,0.12,0.1897,2.0644,2.837,7.177,203.674,157.22,11.43,60.63,0.0075,0.0068,0.0122,16000,1024,109.31,0.8573,0.0768,0.0541,0.0118
2026-08-25T21:19:27.249+02:00,1000,1024,1024,1053,36,179,3,2530,0.0338,0.0311,0.1019,0.1231,0.1942,2.0588,2.92,4.149,325.475,112.94,40.57,73.47,0.0072,0.0078,0.0112,16000,1024,220.99,0.9399,0.0241,0.0323,0.0037
2026-08-25T21:19:57.247+02:00,1000,1024,1024,1053,36,179,3,2533,0.033,0.0299,0.0705,0.1171,0.1057,1.7534,3.03,2.99,374.52,58.47,47.91,89.54,0.0075,0.0057,0.0105,16000,1024,138.42,0.7317,0.2408,0.0219,0.0057
2026-08-25T21:20:27.249+02:00,1000,1024,1024,1053,36,179,2,2535,0.3343,0.0299,0.1032,10.6407,0.1961,2.3662,1002.077,4.779,351.235,65.23,66.54,1.46,0.0267,0.0068,0.0129,16000,1024,92.18,0.6397,0.2476,0.1026,0.0101
2026-08-25T21:21:27.249+02:00,1000,1024,1024,1053,37,179,0,2545,0.0332,0.0302,0.0947,0.1034,0.1939,2.0523,2.853,4.445,327.966,39.56,150.03,162.9,0.0081,0.0069,0.0183,16000,1024,114.1,0.8426,0.0891,0.0609,0.0073
2026-08-25T21:21:57.248+02:00,1000,1024,1024,1053,37,179,3,2548,0.0328,0.0304,0.079,0.1362,0.1961,2.0507,3.196,4.567,445.907,138.42,90.95,11.5,0.009,0.0083,0.0109,16000,1024,273.32,0.9294,0.0483,0.0194,0.0029
2026-08-25T21:22:27.250+02:00,1000,1024,1024,1053,37,179,1,2549,0.0333,0.0301,0.0697,0.1337,0.197,1.7427,3.013,4.825,381.709,72.05,107.86,53.1,0.008,0.0073,0.0124,16000,1024,180.12,0.4758,0.5099,0.0122,0.0022
2026-08-25T21:22:57.254+02:00,1000,1024,1028,1058,37,179,38,2587,0.3347,0.0445,0.3699,10.6457,0.1914,2.2891,999.111,11.352,27.577,29.38,29.18,487.2,0.0458,0.0104,0.0929,16000,1024,374.54,0.9563,0.0257,0.0162,0.0018
2026-08-25T21:23:27.250+02:00,1000,1024,1024,1053,37,179,1,2588,0.033,0.0303,0.2766,0.1365,0.197,2.005,3.283,4.368,43.617,20.26,133.97,309.49,0.0078,0.0069,0.0513,16000,1024,139.55,0.9501,0.033,0.0128,0.0041
2026-08-25T21:23:57.251+02:00,1000,1024,1024,1053,37,179,2,2590,0.035,0.0295,0.1245,0.2316,0.1986,2.3472,4.653,6.959,264.422,118.56,107.15,88.92,0.008,0.0069,0.0197,16000,1024,237.11,0.9752,0.0145,0.008,0.0024
2026-08-25T21:24:27.266+02:00,1000,1024,1039,1069,37,180,39,2629,0.5767,0.0444,0.3677,10.6195,0.1903,1.9763,336.954,10.569,26.862,367.1,4.65,4.59,0.092,0.0135,0.0807,16000,1024,181.31,0.8568,0.0841,0.0535,0.0055
2026-08-25T21:24:57.252+02:00,1000,1024,1024,1053,37,180,1,2630,0.0323,0.0291,0.3082,0.1098,0.1062,1.994,3.047,2.995,35.357,198.57,57.32,311.8,0.0067,0.007,0.0662,16000,1024,160.39,0.9011,0.0736,0.0201,0.0052
2026-08-25T21:25:27.287+02:00,1000,1024,1059,1089,37,181,40,2670,0.4715,0.0456,0.3581,10.631,0.1946,1.974,504.994,10.231,28.371,15.18,7.41,306.83,0.0506,0.0114,0.0608,16000,1024,113.28,0.8762,0.0773,0.0364,0.0101
2026-08-25T21:25:57.253+02:00,1000,1024,1024,1053,37,181,0,2670,0.0327,0.0294,0.1667,0.1182,0.103,2.0227,3.193,3.058,127.794,258.16,127.64,121.71,0.0076,0.0059,0.0233,16000,1024,107.15,0.9412,0.0379,0.0158,0.0051
2026-08-25T21:26:27.255+02:00,1000,1024,1024,1053,37,181,0,2670,0.0346,0.03,0.0437,0.129,0.1002,0.1382,3.016,2.987,2.858,24.42,132.59,46.77,0.0084,0.0074,0.0109,16000,1024,124.01,0.8593,0.0973,0.0352,0.0082
2026-08-25T21:26:57.253+02:00,1000,1024,1024,1053,37,182,2,2672,0.0334,0.0318,0.1302,0.1073,0.1984,2.025,2.923,6.647,200.866,153.6,126.15,62.04,0.0068,0.0062,0.0194,16000,1024,106.48,0.6372,0.2073,0.1441,0.0114
2026-08-25T21:27:27.253+02:00,1000,1024,1024,1053,37,182,8,2680,0.035,0.0307,0.1128,0.1027,0.1994,2.0277,2.736,7.298,256.086,38.97,15.47,3.73,0.0089,0.0073,0.0244,16000,1024,278.19,0.9909,0.0038,0.0037,0.0016
2026-08-25T21:27:57.277+02:00,1000,1024,1047,1076,37,182,10,2690,0.3344,0.0305,0.1141,10.6445,0.1996,2.0265,1002.652,7.615,244.58,99.56,208.97,114.26,0.0089,0.0065,0.0123,16000,1024,126.02,0.8757,0.0637,0.0512,0.0094
2026-08-25T21:28:27.255+02:00,1000,1024,1025,1055,37,182,4,2694,0.0342,0.0524,0.4711,0.1252,0.1912,2.2184,2.909,8.917,15.174,192.9,124.57,124.75,0.0075,0.012,0.0939,16000,1024,128.14,0.9607,0.0188,0.0149,0.0056
2026-08-25T21:28:57.255+02:00,1000,1024,1024,1053,37,183,0,2694,0.0343,0.0279,0.0443,0.1226,0.0882,0.1734,2.979,2.994,2.994,60.38,78.41,18.74,0.0092,0.0072,0.009,16000,1024,249.68,0.9493,0.0299,0.0168,0.0041
2026-08-25T21:29:27.257+02:00,1000,1024,1024,1053,37,183,0,2694,0.3347,0.0344,0.2053,10.6427,0.2002,2.0055,998.111,11.471,84.593,11.64,29.87,105.39,0.0388,0.0074,0.0278,16000,1024,1260.6,0.999,0.0004,0.0006,0.0
2026-08-25T21:29:57.256+02:00,1000,1024,1024,1053,37,183,2,2696,0.0331,0.0298,0.0702,0.1061,0.1005,1.7163,2.75,3.019,350.029,3.28,188.34,72.52,0.0085,0.0077,0.0106,16000,1024,388.59,0.9839,0.0099,0.0048,0.0013
2026-08-25T21:30:57.257+02:00,1000,1024,1024,1053,38,184,1,2698,0.0345,0.0296,0.0993,0.1126,0.1209,2.0191,2.901,3.223,333.549,116.44,33.99,130.2,0.008,0.0077,0.0087,16000,1024,333.36,0.9561,0.0185,0.024,0.0014
2026-08-25T21:32:27.258+02:00,1000,1024,1024,1053,40,185,2,2705,0.0334,0.0304,0.0946,0.1155,0.202,2.0081,3.05,4.484,300.771,95.99,21.55,134.41,0.007,0.0061,0.0168,16000,1024,99.86,0.8684,0.0875,0.034,0.01
2026-08-25T21:32:57.257+02:00,1000,1024,1024,1053,40,186,0,2705,0.0337,0.03,0.0776,0.1081,0.2028,2.0087,3.162,4.868,439.679,49.54,77.12,16.27,0.0097,0.0071,0.0127,16000,1024,232.73,0.9466,0.0383,0.0118,0.0034
2026-08-25T21:33:57.260+02:00,1000,1024,1024,1053,41,187,26,2737,0.5767,0.0367,0.2415,10.6217,0.2037,2.2869,337.136,13.076,56.734,27.52,16.58,220.07,0.0399,0.0089,0.0401,16000,1024,681.88,0.9971,0.0022,0.0005,0.0002
2026-08-25T21:34:27.263+02:00,1000,1024,1024,1053,41,188,1,2738,0.0329,0.0328,0.2585,0.1148,0.2008,1.9742,3.072,8.943,50.067,44.7,130.02,374.94,0.0071,0.0069,0.0369,16000,1024,201.4,0.9008,0.0409,0.0493,0.0089
2026-08-25T21:34:57.258+02:00,1000,1024,1024,1053,41,188,3,2741,0.3344,0.0562,0.4855,10.6405,0.1938,2.1824,1001.013,8.115,13.331,87.65,273.27,7.08,0.043,0.0111,0.0974,16000,1024,740.2,0.9627,0.0273,0.008,0.0021
2026-08-25T21:35:27.260+02:00,1000,1024,1024,1053,41,188,3,2744,0.3345,0.0318,0.1193,10.6439,0.2045,2.0001,1001.609,5.848,195.431,23.58,43.76,141.7,0.0157,0.0075,0.0124,16000,1024,113.92,0.8392,0.0925,0.0588,0.0096
2026-08-25T21:35:57.260+02:00,1000,1024,1024,1053,41,189,4,2748,0.0345,0.033,0.1653,0.1118,0.2019,1.994,2.889,10.057,124.32,10.48,319.39,79.2,0.0077,0.0063,0.0216,16000,1024,98.33,0.9085,0.0468,0.0368,0.0079
2026-08-25T21:36:27.284+02:00,1000,1024,1044,1074,41,189,41,2789,0.0343,0.0468,0.3842,0.2293,0.1999,2.2383,4.649,11.294,23.865,36.57,25.29,415.07,0.0111,0.0093,0.062,16000,1024,97.08,0.8758,0.0428,0.0726,0.0088
2026-08-25T21:36:57.261+02:00,1000,1024,1024,1053,41,189,1,2790,0.0316,0.0296,0.0767,0.1039,0.2019,2.0009,3.03,4.589,451.726,104.49,110.3,49.99,0.0063,0.0076,0.0118,16000,1024,378.23,0.9585,0.0262,0.0137,0.0017
2026-08-25T21:37:27.260+02:00,1000,1024,1024,1053,41,190,1,2791,0.031,0.0314,0.1084,0.1069,0.2034,1.9952,3.244,5.989,227.082,24.65,157.16,96.47,0.0069,0.0067,0.0148,16000,1024,188.1,0.8919,0.0703,0.0319,0.0059
2026-08-25T21:37:57.260+02:00,1000,1024,1024,1053,41,190,7,2798,0.0358,0.0289,0.1121,0.1449,0.0954,1.9924,2.931,2.813,244.436,91.54,123.5,224.8,0.0087,0.0071,0.0144,16000,1024,244.07,0.8906,0.0656,0.0379,0.0059
2026-08-25T21:38:27.261+02:00,1000,1024,1024,1053,41,190,1,2799,0.0327,0.0316,0.0982,0.132,0.2043,1.9935,3.092,5.943,332.149,29.2,10.57,117.11,0.0085,0.007,0.0174,16000,1024,215.48,0.9576,0.0225,0.0165,0.0035
2026-08-25T21:39:27.261+02:00,1000,1024,1024,1053,42,190,0,2806,0.032,0.0307,0.0921,0.106,0.2061,1.997,2.899,6.411,325.516,126.06,79.28,157.31,0.0067,0.0079,0.0094,16000,1024,529.03,0.9905,0.0069,0.0022,0.0003
2026-08-25T21:39:57.264+02:00,1000,1024,1024,1053,42,190,3,2809,0.034,0.0306,0.1386,0.1134,0.2043,1.9892,2.906,6.532,166.518,103.92,149.48,40.21,0.0071,0.0074,0.0301,16000,1024,424.26,0.9912,0.0046,0.0036,0.0006
2026-08-25T21:40:27.262+02:00,1000,1024,1024,1053,42,191,0,2809,0.0326,0.0309,0.0989,0.1249,0.2051,1.9857,3.191,6.324,317.163,21.85,62.38,68.63,0.0066,0.0071,0.0152,16000,1024,206.11,0.9078,0.045,0.0438,0.0034
2026-08-25T21:40:57.264+02:00,1000,1024,1024,1053,42,191,0,2809,0.0341,0.0294,0.0763,0.2311,0.0991,1.9889,5.008,3.014,451.431,25.72,43.46,116.55,0.008,0.0067,0.0115,16000,1024,310.46,0.9846,0.0082,0.0056,0.0017
2026-08-25T21:41:27.265+02:00,1000,1024,1024,1053,42,191,1,2810,0.0333,0.0302,0.0455,0.1132,0.1142,0.1722,3.141,3.082,3.181,158.37,2.08,105.82,0.0073,0.0068,0.0121,16000,1024,133.46,0.7255,0.1021,0.1543,0.0182
2026-08-25T21:41:57.294+02:00,1000,1024,1054,1084,42,193,5,2815,0.0328,0.051,0.4489,0.1126,0.2,2.1906,3.03,9.835,16.969,35.17,186.91,86.05,0.0088,0.0091,0.073,16000,1024,102.09,0.6418,0.2051,0.1445,0.0086
2026-08-25T21:42:27.264+02:00,1000,1024,1024,1053,42,193,1,2816,0.3342,0.0305,0.176,10.6405,0.2077,1.9743,1003.237,8.29,101.146,15.76,37.51,337.81,0.0433,0.009,0.0321,16000,1024,133.55,0.9348,0.0277,0.0327,0.0048
2026-08-25T21:42:57.265+02:00,1000,1024,1024,1053,42,193,41,2857,0.3346,0.046,0.3906,10.6439,0.2002,2.2276,999.965,11.603,23.057,55.67,8.92,268.56,0.0398,0.0119,0.0737,16000,1024,323.05,0.9556,0.0193,0.0222,0.0029
2026-08-25T21:43:27.264+02:00,1000,1024,1024,1053,42,193,1,2858,0.0332,0.0294,0.0454,0.126,0.0985,0.1359,3.12,2.944,3.037,122.78,103.54,99.83,0.0076,0.0059,0.0108,16000,1024,416.47,0.9734,0.0092,0.0159,0.0014
2026-08-25T21:44:27.266+02:00,1000,1024,1024,1053,43,193,5,2869,0.0323,0.0306,0.0991,0.1094,0.2075,1.986,2.993,4.813,315.409,45.09,46.72,122.68,0.0077,0.0075,0.018,16000,1024,237.85,0.9162,0.0528,0.0279,0.0031
2026-08-25T21:44:57.267+02:00,1000,1024,1024,1053,43,195,0,2869,0.0333,0.034,0.1582,0.1046,0.2058,1.9774,3.019,9.799,143.032,24.44,100.65,38.98,0.006,0.0065,0.0172,16000,1024,237.72,0.9625,0.0194,0.0151,0.0031
2026-08-25T21:45:27.266+02:00,1000,1024,1024,1053,43,195,3,2872,0.0342,0.031,0.0696,0.1058,0.2054,1.6798,2.993,4.503,332.862,36.57,98.98,125.98,0.0081,0.0083,0.0154,16000,1024,93.66,0.6341,0.1745,0.1817,0.0097
2026-08-25T21:45:57.284+02:00,1000,1024,1040,1070,43,195,42,2914,0.4715,0.0451,0.347,10.6316,0.2045,1.9232,505.02,11.967,28.497,183.55,70.26,262.46,0.079,0.0101,0.0716,16000,1024,163.39,0.9144,0.0548,0.0276,0.0032
2026-08-25T21:46:27.267+02:00,1000,1024,1024,1053,43,195,5,2919,0.0336,0.0301,0.0689,0.1294,0.2081,1.6804,3.171,4.971,345.789,119.82,11.4,159.53,0.0077,0.0072,0.0154,16000,1024,443.97,0.9851,0.0065,0.0071,0.0012
2026-08-25T21:46:57.268+02:00,1000,1024,1024,1053,43,195,8,2927,0.0347,0.0309,0.1163,0.2296,0.2069,1.9779,4.643,6.35,245.254,173.35,20.2,95.8,0.0089,0.0079,0.0226,16000,1024,202.5,0.9616,0.015,0.0207,0.0028
2026-08-25T21:47:27.269+02:00,1000,1024,1024,1053,43,195,0,2927,0.0321,0.0285,0.2887,0.1039,0.0914,1.938,2.915,2.991,36.738,78.68,95.89,437.51,0.0064,0.0068,0.0577,16000,1024,307.72,0.9075,0.0417,0.0461,0.0047
2026-08-25T21:47:57.269+02:00,1000,1024,1024,1053,43,197,2,2929,0.0316,0.0295,0.0771,0.1053,0.2052,1.984,3.079,4.956,429.651,145.53,134.73,128.75,0.0057,0.0074,0.017,16000,1024,372.52,0.9701,0.0152,0.0132,0.0015
2026-08-25T21:48:27.272+02:00,1000,1024,1024,1053,43,200,0,2929,0.0329,0.0285,0.0444,0.1036,0.0922,0.1533,2.709,3.112,2.943,227.27,49.1,141.47,0.0069,0.0074,0.0092,16000,1024,485.23,0.9324,0.0341,0.0298,0.0036
2026-08-25T21:48:57.269+02:00,1000,1024,1024,1053,43,200,2,2931,0.0351,0.0293,0.0766,0.1334,0.0953,1.9781,3.06,2.883,435.418,48.53,21.53,60.37,0.0082,0.0067,0.0144,16000,1024,92.09,0.7835,0.1134,0.0904,0.0127
2026-08-25T21:49:27.270+02:00,1000,1024,1024,1053,43,200,9,2940,0.0318,0.034,0.1696,0.1008,0.2036,1.9687,2.893,9.499,124.144,62.57,2.47,18.51,0.0087,0.0094,0.0349,16000,1024,295.94,0.9522,0.0179,0.0263,0.0036
2026-08-25T21:49:57.277+02:00,1000,1024,1032,1061,43,200,38,2978,0.4713,0.0511,0.4156,10.6297,0.1999,1.8886,505.202,10.08,19.105,44.87,96.78,27.29,0.0463,0.0089,0.0709,16000,1024,113.23,0.8922,0.0484,0.0545,0.0049
2026-08-25T21:50:27.269+02:00,1000,1024,1024,1053,43,200,4,2982,0.034,0.0302,0.0765,0.1133,0.2082,1.9761,3.244,4.876,435.697,4.14,67.86,10.65,0.0099,0.0073,0.0104,16000,1024,151.45,0.831,0.0486,0.1068,0.0135
2026-08-25T21:50:57.270+02:00,1000,1024,1024,1053,43,200,2,2984,0.034,0.0316,0.1159,0.1072,0.2048,1.9719,2.747,7.408,245.713,87.97,110.8,161.23,0.0081,0.0083,0.0178,16000,1024,224.45,0.9398,0.016,0.0402,0.0039
2026-08-25T21:51:27.270+02:00,1000,1024,1024,1053,43,200,1,2985,0.0345,0.0295,0.0689,0.1423,0.0943,1.6663,3.224,3.119,333.924,104.99,71.08,163.03,0.0088,0.007,0.0105,16000,1024,196.18,0.938,0.0247,0.0331,0.0042
2026-08-25T21:52:27.271+02:00,1000,1024,1024,1053,44,200,3,2995,0.0331,0.0483,0.389,0.1132,0.2035,2.1985,3.067,11.225,21.034,100.48,117.01,244.37,0.0071,0.0103,0.0836,16000,1024,252.1,0.9026,0.0339,0.0583,0.0052
2026-08-25T21:53:27.287+02:00,1000,1024,1037,1067,45,201,40,3040,0.3342,0.0543,0.4699,10.6414,0.1964,1.8534,1003.982,8.94,13.999,30.97,44.54,391.85,0.0206,0.0128,0.0776,16000,1024,177.05,0.9653,0.0161,0.0161,0.0026
2026-08-25T21:53:57.273+02:00,1000,1024,1024,1053,45,203,3,3043,0.0341,0.0332,0.2923,0.1159,0.209,1.9266,3.162,6.822,36.751,7.79,48.13,437.45,0.01,0.0071,0.0778,16000,1024,204.39,0.9364,0.0218,0.0361,0.0057
2026-08-25T21:54:57.274+02:00,1000,1024,1024,1053,46,203,6,3062,0.0328,0.0281,0.2566,0.1024,0.0977,1.9307,3.13,3.099,45.369,21.21,133.12,76.89,0.0085,0.0073,0.0475,16000,1024,172.3,0.9757,0.011,0.0119,0.0014
2026-08-25T21:55:27.274+02:00,1000,1024,1024,1053,46,203,5,3067,0.0326,0.0294,0.0757,0.1097,0.106,2.0092,3.201,3.142,483.979,158.25,71.51,100.6,0.0073,0.0064,0.0088,16000,1024,270.01,0.9078,0.0493,0.0383,0.0046
2026-08-25T21:55:57.275+02:00,1000,1024,1024,1053,46,203,7,3074,0.0341,0.0289,0.1041,0.1167,0.2063,2.275,3.039,5.426,347.88,26.09,57.21,33.92,0.0089,0.007,0.0091,16000,1024,272.59,0.9771,0.0095,0.0108,0.0027
2026-08-25T21:56:57.276+02:00,1000,1024,1024,1053,47,205,1,3086,0.0332,0.0289,0.1055,0.1089,0.2087,1.9656,3.113,5.19,237.28,99.18,54.57,88.96,0.0094,0.0058,0.0108,16000,1024,95.52,0.881,0.0763,0.0346,0.0082
2026-08-25T21:57:27.276+02:00,1000,1024,1024,1053,47,205,0,3086,0.0326,0.029,0.0441,0.1118,0.091,0.1687,3.108,2.921,3.185,78.42,55.89,62.64,0.0074,0.0069,0.0106,16000,1024,236.08,0.9599,0.0268,0.0117,0.0015
2026-08-25T21:57:57.275+02:00,1000,1024,1024,1053,47,205,1,3087,0.0339,0.0297,0.044,0.0977,0.1219,0.145,2.775,3.066,2.9,26.98,62.54,191.48,0.0072,0.0068,0.0097,16000,1024,477.29,0.9749,0.0076,0.0165,0.001
2026-08-25T21:58:27.277+02:00,1000,1024,1024,1053,47,205,0,3087,0.0337,0.0318,0.1405,0.232,0.2087,1.9603,5.062,9.19,166.325,71.72,153.25,38.18,0.0074,0.007,0.0213,16000,1024,96.71,0.8156,0.0885,0.0831,0.0128
2026-08-25T21:58:57.304+02:00,1000,1024,1050,1080,47,205,41,3128,0.3343,0.0466,0.3467,10.641,0.2071,1.8979,1002.461,11.754,27.584,6.81,41.7,38.45,0.0191,0.0107,0.0541,16000,1024,105.06,0.567,0.1856,0.2283,0.0191
2026-08-25T21:59:57.276+02:00,1000,1024,1024,1053,48,206,8,3160,0.0358,0.0311,0.1158,0.2286,0.2105,2.268,4.585,4.942,264.386,65.11,144.58,208.0,0.0085,0.0075,0.0158,16000,1024,315.35,0.9822,0.0074,0.0094,0.0011
2026-08-25T22:00:27.277+02:00,1000,1024,1024,1053,48,206,0,3160,0.033,0.0306,0.0972,0.12,0.2067,1.9612,2.879,6.651,322.796,38.7,89.17,67.39,0.0082,0.0071,0.0213,16000,1024,434.96,0.9648,0.0189,0.0139,0.0025
2026-08-25T22:00:57.277+02:00,1000,1024,1024,1053,48,210,2,3162,0.0323,0.0293,0.0447,0.1136,0.0998,0.1812,3.005,2.964,2.88,59.16,31.37,45.65,0.0088,0.0069,0.0123,16000,1024,192.07,0.8036,0.0692,0.1156,0.0116
2026-08-25T22:01:27.287+02:00,1000,1024,1032,1062,48,211,30,3192,0.3344,0.0385,0.2449,10.6424,0.2082,2.2387,1002.308,11.177,56.185,28.48,106.16,370.99,0.0371,0.0101,0.0469,16000,1024,123.34,0.8365,0.0986,0.0564,0.0085
2026-08-25T22:01:57.278+02:00,1000,1024,1024,1053,48,211,1,3193,0.0325,0.0302,0.0987,0.1104,0.2095,2.0223,2.774,4.928,324.104,22.74,43.84,5.7,0.0069,0.0069,0.0161,16000,1024,268.61,0.9824,0.0089,0.0074,0.0014
2026-08-25T22:02:27.278+02:00,1000,1024,1024,1053,48,211,2,3195,0.0329,0.0297,0.0439,0.1012,0.0989,0.1516,2.934,2.905,3.135,77.48,118.09,102.07,0.008,0.0058,0.0099,16000,1024,397.82,0.9827,0.0106,0.0059,0.0008
2026-08-25T22:02:57.280+02:00,1000,1024,1024,1053,48,211,4,3199,0.3344,0.032,0.1105,10.6389,0.2098,1.9541,1000.919,7.616,239.246,79.6,10.78,150.3,0.0101,0.0078,0.0117,16000,1024,163.68,0.6695,0.288,0.034,0.0085
2026-08-25T22:03:27.283+02:00,1000,1024,1024,1053,48,211,6,3205,0.0325,0.0311,0.1576,0.1131,0.211,1.946,2.874,8.62,124.839,26.17,11.79,235.51,0.0077,0.0078,0.0243,16000,1024,515.86,0.9787,0.0126,0.0076,0.0011
2026-08-25T22:03:57.280+02:00,1000,1024,1024,1053,48,211,13,3218,1.741,0.2063,0.213,7.1722,0.4035,1.9411,1.89,1.458,57.298,49.14,49.16,48.96,1.5044,0.1725,0.0586,16000,1024,357.8,0.8501,0.108,0.0205,0.0214
2026-08-25T22:04:27.282+02:00,1000,1024,1024,1053,48,211,2,3220,1.4354,0.2162,0.0791,2.1467,0.3937,0.2353,1.533,1.509,3.009,49.22,49.22,49.21,2.0588,0.3012,0.0811,16000,1024,350.63,0.6554,0.304,0.022,0.0186
2026-08-25T22:04:57.281+02:00,1000,1024,1024,1053,48,213,2,3222,1.4043,0.2281,0.1172,2.1097,0.4133,2.2667,1.527,1.574,213.565,49.35,49.37,49.44,1.9415,0.3081,0.063,16000,1024,358.43,0.672,0.3016,0.0203,0.0061
2026-08-25T22:05:57.282+02:00,1000,1024,1024,1053,49,213,4,3233,1.3887,0.2236,0.1351,2.1357,0.4025,1.6497,1.531,1.536,108.734,49.36,49.36,49.38,1.8219,0.2811,0.0741,16000,1024,381.23,0.6274,0.348,0.0181,0.0064
2026-08-25T22:06:27.282+02:00,1000,1024,1024,1053,49,214,0,3233,1.3998,0.23,0.1162,3.4341,0.4345,1.9556,1.552,1.6,157.696,49.42,49.43,49.35,2.017,0.3248,0.0718,16000,1024,312.9,0.5873,0.3746,0.0295,0.0086
2026-08-25T22:06:57.282+02:00,1000,1024,1024,1053,49,214,2,3235,1.3809,0.2243,0.2459,2.8528,0.3996,2.2446,1.557,1.56,53.09,49.36,49.36,49.51,1.8865,0.2981,0.0681,16000,1024,340.63,0.4085,0.574,0.0112,0.0064
2026-08-25T22:07:27.283+02:00,1000,1024,1024,1053,49,215,3,3238,1.3883,0.2233,0.1716,2.0948,0.3855,2.2626,1.539,1.533,103.861,49.36,49.36,49.38,1.8402,0.289,0.0636,16000,1024,357.75,0.5189,0.4525,0.0209,0.0077
2026-08-25T22:07:57.284+02:00,1000,1024,1024,1053,49,215,3,3241,1.4132,0.2176,0.3347,2.1728,0.3851,2.2179,1.535,1.545,30.085,49.33,49.33,49.02,1.8931,0.2812,0.0874,16000,1024,436.7,0.6119,0.3708,0.011,0.0063
2026-08-25T22:08:27.284+02:00,1000,1024,1024,1053,49,216,2,3243,1.4704,0.2176,0.077,2.2503,0.3986,0.235,1.543,1.544,2.938,49.31,49.31,49.33,2.1475,0.3128,0.0822,16000,1024,322.67,0.6923,0.2716,0.0268,0.0093
2026-08-25T22:08:57.284+02:00,1000,1024,1024,1053,49,216,1,3244,1.5219,0.2141,0.1395,2.2776,0.4108,1.9676,1.537,1.531,116.913,49.31,49.3,49.26,2.2306,0.3041,0.0893,16000,1024,358.83,0.7091,0.272,0.0139,0.0049
2026-08-25T22:09:27.285+02:00,1000,1024,1024,1053,49,216,1,3245,1.5526,0.2098,0.3783,2.3253,0.3853,2.2112,1.538,1.511,21.915,49.31,49.31,437.44,2.2722,0.3,0.1149,16000,1024,348.71,0.7201,0.2452,0.0246,0.0102
2026-08-25T22:09:57.285+02:00,1000,1024,1024,1053,49,216,9,3254,1.5857,0.2115,0.1911,6.5491,0.3989,2.2746,1.781,1.54,85.523,49.31,49.31,49.43,2.1119,0.2768,0.0867,16000,1024,393.51,0.5656,0.4133,0.0134,0.0077
2026-08-25T22:10:27.285+02:00,1000,1024,1024,1053,49,216,1,3255,1.6051,0.2114,0.108,2.3891,0.4015,1.9833,1.533,1.504,112.197,49.31,49.31,49.33,2.3038,0.2978,0.1071,16000,1024,425.65,0.5866,0.3905,0.0164,0.0064
2026-08-25T22:10:57.286+02:00,1000,1024,1024,1053,49,216,0,3255,1.5949,0.2091,0.3596,2.3804,0.3605,2.2217,1.538,1.486,22.793,49.24,49.24,437.54,2.3129,0.2948,0.1063,16000,1024,393.06,0.5314,0.4449,0.0152,0.0085
2026-08-25T22:11:27.285+02:00,1000,1024,1024,1053,49,216,2,3257,1.5949,0.2079,0.1349,2.3839,0.4052,1.9842,1.535,1.485,114.891,49.25,49.25,49.27,2.1946,0.2838,0.1003,16000,1024,373.99,0.7573,0.2226,0.0146,0.0056
2026-08-25T22:11:57.287+02:00,1000,1024,1024,1053,49,216,5,3262,1.6768,0.2046,0.1611,13.045,0.4022,1.9807,4.943,1.509,100.715,49.25,49.26,49.34,1.9905,0.2398,0.0864,16000,1024,1048.89,0.9684,0.0295,0.0015,0.0006
2026-08-25T22:12:27.287+02:00,1000,1024,1024,1053,49,217,7,3269,1.6476,0.2099,0.2006,2.527,0.3979,2.6146,1.548,1.528,88.913,49.16,49.21,49.08,1.9431,0.2409,0.0858,16000,1024,429.32,0.5703,0.4034,0.0185,0.0078
2026-08-25T22:12:57.288+02:00,1000,1024,1024,1053,49,217,1,3270,1.6408,0.2032,0.1291,2.4446,0.408,1.6874,1.537,1.455,86.169,49.2,49.19,49.23,2.3597,0.2876,0.1044,16000,1024,379.74,0.5609,0.4265,0.0081,0.0045
2026-08-25T22:13:27.287+02:00,1000,1024,1024,1053,49,217,1,3271,1.678,0.2047,0.0907,2.5363,0.3706,0.2433,1.54,1.489,2.404,49.21,49.21,49.15,2.4253,0.2921,0.1055,16000,1024,377.96,0.6405,0.3363,0.0181,0.005
2026-08-25T22:13:57.287+02:00,1000,1024,1024,1053,49,217,0,3271,1.7192,0.2035,0.288,4.0616,0.4072,2.2735,1.627,1.484,36.418,49.2,49.2,49.15,2.4625,0.2834,0.1068,16000,1024,347.74,0.7758,0.2104,0.0093,0.0045
2026-08-25T22:14:27.288+02:00,1000,1024,1024,1053,49,217,0,3271,1.6788,0.201,0.1579,2.5238,0.3562,2.3021,1.536,1.5,118.838,49.07,49.07,49.09,2.3793,0.2767,0.1012,16000,1024,490.06,0.8158,0.1745,0.0063,0.0034
2026-08-25T22:14:57.290+02:00,1000,1024,1024,1053,49,217,0,3271,1.6422,0.204,0.1407,2.4487,0.4106,2.0056,1.539,1.505,121.273,49.14,49.16,49.15,2.3469,0.2846,0.1022,16000,1024,392.8,0.7093,0.2742,0.0105,0.006
2026-08-25T22:15:27.288+02:00,1000,1024,1024,1053,49,217,6,3277,1.6608,0.204,0.1433,2.6195,0.4042,2.0125,1.549,1.47,114.148,49.14,49.14,49.17,2.0402,0.2391,0.0927,16000,1024,357.24,0.7634,0.2154,0.0148,0.0064
2026-08-25T22:15:57.289+02:00,1000,1024,1024,1053,49,220,6,3283,1.7531,0.2006,0.1201,9.4911,0.3725,1.6996,2.295,1.494,79.143,49.04,49.03,48.93,1.9265,0.2186,0.089,16000,1024,513.61,0.8143,0.1704,0.0122,0.0031
2026-08-25T22:17:27.291+02:00,1000,1024,1024,1053,51,222,0,3320,1.7634,0.1994,0.1397,2.6201,0.4103,2.0105,1.535,1.521,105.702,49.15,49.16,49.13,2.5373,0.2784,0.1116,16000,1024,374.79,0.8015,0.1821,0.011,0.0054
2026-08-25T22:17:57.290+02:00,1000,1024,1024,1053,51,222,0,3320,1.7616,0.1996,0.1603,4.0691,0.4124,2.013,1.55,1.483,86.295,49.13,49.13,49.24,2.5329,0.2773,0.113,16000,1024,377.11,0.7278,0.2545,0.0134,0.0043
2026-08-25T22:18:27.292+02:00,1000,1024,1024,1053,51,222,3,3323,1.7582,0.2018,0.1427,2.6779,0.3857,2.0159,1.542,1.538,98.431,49.17,49.17,49.15,2.2868,0.2544,0.0988,16000,1024,383.33,0.6234,0.3557,0.0152,0.0057
2026-08-25T22:18:57.291+02:00,1000,1024,1024,1053,51,222,3,3326,1.7866,0.2003,0.1454,2.6505,0.3649,2.0179,1.537,1.501,109.142,49.06,49.05,49.05,2.136,0.2268,0.1057,16000,1024,436.88,0.8083,0.1709,0.0151,0.0058
2026-08-25T22:19:27.314+02:00,1000,1024,1046,1076,51,222,3,3329,1.8003,0.2011,0.1183,2.7178,0.3541,2.0277,1.534,1.493,85.651,49.16,49.16,49.14,2.5815,0.2803,0.1196,16000,1024,421.07,0.8449,0.1413,0.0094,0.0044
2026-08-25T22:19:57.291+02:00,1000,1024,1024,1053,51,222,0,3329,1.8289,0.201,0.1349,2.7081,0.3783,2.0276,1.533,1.566,100.499,49.18,49.19,49.17,2.6314,0.2799,0.122,16000,1024,398.38,0.7535,0.231,0.0104,0.0051
2026-08-25T22:20:27.292+02:00,1000,1024,1024,1053,51,222,0,3329,1.8745,0.1994,0.2154,4.6768,0.3626,2.0093,1.577,1.548,56.277,49.17,49.18,49.13,2.6803,0.2771,0.1328,16000,1024,457.23,0.7062,0.2799,0.0095,0.0045
2026-08-25T22:20:57.294+02:00,1000,1024,1024,1053,51,222,8,3337,1.8466,0.2025,0.2196,5.7497,0.4141,2.3216,1.595,1.539,61.26,49.17,49.2,49.17,1.9664,0.2137,0.0976,16000,1024,423.62,0.757,0.2271,0.0126,0.0032
2026-08-25T22:21:27.293+02:00,1000,1024,1024,1053,51,222,1,3338,1.8409,0.2012,0.1159,5.7417,0.366,1.721,1.598,1.528,48.968,49.19,49.17,49.17,2.5418,0.2715,0.1271,16000,1024,443.17,0.7264,0.2544,0.0125,0.0067
2026-08-25T22:21:57.294+02:00,1000,1024,1024,1053,51,222,1,3339,1.8641,0.2008,0.1195,2.7594,0.3671,2.0295,1.533,1.536,82.376,49.16,49.15,49.1,2.6805,0.2787,0.1267,16000,1024,508.68,0.6794,0.3088,0.0081,0.0036
2026-08-25T22:22:27.294+02:00,1000,1024,1024,1053,51,224,13,3352,1.8959,0.2009,0.2064,12.6405,0.3743,2.3158,3.388,1.605,60.568,48.84,48.86,46.57,1.0711,0.1146,0.062,16000,1024,652.19,0.9198,0.0744,0.0036,0.0022
2026-08-25T22:22:57.294+02:00,1000,1024,1024,1053,51,224,0,3352,1.8894,0.1993,0.3102,4.6727,0.4168,2.3014,1.569,1.553,30.821,49.05,49.05,49.15,2.6553,0.2735,0.1078,16000,1024,523.52,0.8784,0.1122,0.0073,0.0021
2026-08-25T22:23:27.294+02:00,1000,1024,1024,1053,51,224,0,3352,1.8993,0.201,0.1212,2.7998,0.3833,2.0422,1.529,1.533,79.981,49.16,49.17,49.22,2.7229,0.2801,0.1327,16000,1024,410.17,0.7274,0.261,0.009,0.0026
2026-08-25T22:23:57.326+02:00,1000,1024,1053,1083,51,225,40,3392,1.9131,0.2002,0.3735,7.6198,0.4364,2.6149,1.743,1.698,24.91,49.29,4.49,43.14,0.8067,0.085,0.0833,16000,1024,784.91,0.8908,0.1045,0.0038,0.0008
2026-08-25T22:24:27.296+02:00,1000,1024,1024,1053,51,225,1,3393,1.9129,0.1974,0.1476,2.8517,0.3646,2.0487,1.538,1.558,84.56,49.14,49.14,49.06,2.6249,0.2631,0.1218,16000,1024,412.69,0.6212,0.3627,0.0124,0.0037
2026-08-25T22:24:57.295+02:00,1000,1024,1024,1053,51,225,9,3402,1.9293,0.1981,0.1412,2.8689,0.3877,2.048,1.536,1.534,87.242,49.04,49.03,49.0,1.5858,0.1561,0.075,16000,1024,819.33,0.9608,0.0359,0.0025,0.0008
2026-08-25T22:25:27.295+02:00,1000,1024,1024,1053,51,225,3,3405,1.9455,0.2002,0.1804,2.974,0.4199,2.3465,1.536,1.555,84.374,49.14,49.14,49.15,2.6061,0.2566,0.1296,16000,1024,734.7,0.8969,0.0955,0.0055,0.0022
2026-08-25T22:25:57.296+02:00,1000,1024,1024,1053,51,226,2,3407,1.9736,0.1999,0.1502,2.9795,0.4207,2.0481,1.527,1.588,85.755,49.16,49.16,49.2,2.5761,0.253,0.1262,16000,1024,492.28,0.8316,0.1552,0.0103,0.003
2026-08-25T22:26:27.297+02:00,1000,1024,1024,1053,51,228,0,3407,1.9585,0.2001,0.1867,2.9055,0.4134,2.0475,1.531,1.583,65.33,49.13,49.14,49.17,2.8025,0.2741,0.1293,16000,1024,461.12,0.8868,0.1027,0.008,0.0024
2026-08-25T22:26:57.298+02:00,1000,1024,1024,1053,51,230,3,3410,1.9893,0.2005,0.1656,2.9993,0.4197,2.0496,1.525,1.59,81.073,48.99,49.02,48.9,2.4414,0.2432,0.1086,16000,1024,441.45,0.8113,0.1651,0.0186,0.005
2026-08-25T22:27:27.298+02:00,1000,1024,1024,1053,51,231,22,3432,2.0247,0.2028,0.192,3.1109,0.4355,2.3446,1.528,1.56,72.291,48.87,48.81,48.65,1.0814,0.0998,0.0533,16000,1024,481.84,0.7991,0.1805,0.0167,0.0037
2026-08-25T22:27:57.298+02:00,1000,1024,1024,1053,51,231,8,3440,2.0361,0.1989,0.2241,4.5922,0.4299,2.5576,1.542,1.607,68.868,49.15,49.16,49.11,2.239,0.2169,0.0978,16000,1024,495.53,0.7875,0.1962,0.0135,0.0027
2026-08-25T22:28:27.300+02:00,1000,1024,1024,1053,51,231,0,3440,2.0416,0.2006,0.132,3.0287,0.3649,2.0584,1.531,1.562,58.972,49.12,49.13,49.13,2.9273,0.2824,0.1528,16000,1024,558.0,0.8048,0.1832,0.0089,0.003
2026-08-25T22:28:57.298+02:00,1000,1024,1024,1053,51,232,2,3442,2.041,0.1972,0.182,4.09,0.3534,2.0485,1.534,1.551,56.999,49.14,49.14,49.15,2.907,0.2671,0.148,16000,1024,433.04,0.72,0.2613,0.0143,0.0043
2026-08-25T22:29:27.300+02:00,1000,1024,1024,1053,51,232,1,3443,2.0503,0.1978,0.1669,8.1799,0.3815,2.0553,1.729,1.578,79.572,49.12,49.12,49.12,2.8689,0.2686,0.1404,16000,1024,469.43,0.8041,0.1819,0.0115,0.0026
2026-08-25T22:29:57.300+02:00,1000,1024,1024,1053,51,232,0,3443,2.0132,0.1978,0.2246,2.9884,0.4186,2.0517,1.531,1.549,61.28,49.09,49.1,49.13,2.8794,0.2709,0.1468,16000,1024,482.4,0.817,0.1685,0.0113,0.0032
2026-08-25T22:30:27.300+02:00,1000,1024,1024,1053,51,232,1,3444,2.0369,0.198,0.1899,3.0458,0.4189,2.055,1.528,1.543,62.119,49.08,49.06,49.08,2.8642,0.2682,0.1449,16000,1024,511.5,0.6488,0.3366,0.0111,0.0035
2026-08-25T22:30:57.299+02:00,1000,1024,1024,1053,51,232,2,3446,2.0709,0.1968,0.2371,3.0698,0.4228,2.0448,1.535,1.539,49.397,49.06,49.07,48.98,2.7059,0.2504,0.1312,16000,1024,451.22,0.8271,0.1578,0.0115,0.0036
2026-08-25T22:31:27.300+02:00,1000,1024,1024,1053,51,232,5,3451,2.0854,0.1981,0.4026,4.6508,0.4217,1.9904,1.577,1.598,18.013,49.12,49.12,49.19,2.6776,0.2419,0.1373,16000,1024,461.84,0.6721,0.312,0.0127,0.0033
2026-08-25T22:31:57.300+02:00,1000,1024,1024,1053,51,232,4,3455,2.1024,0.2001,0.2101,3.152,0.8,2.3645,1.52,1.813,70.033,49.14,49.15,49.05,2.7662,0.25,0.1412,16000,1024,493.46,0.7934,0.1967,0.0077,0.0022
2026-08-25T22:32:27.300+02:00,1000,1024,1024,1053,51,233,5,3460,2.106,0.1978,0.1514,3.2244,0.3955,1.7589,1.52,1.572,54.123,49.07,49.04,49.08,2.6499,0.2437,0.1212,16000,1024,464.78,0.8117,0.1743,0.0101,0.0039
2026-08-25T22:32:57.301+02:00,1000,1024,1024,1053,51,235,0,3460,2.1377,0.1966,0.1789,3.1744,0.4232,2.0665,1.522,1.553,62.518,49.14,49.15,49.15,3.0585,0.2708,0.15,16000,1024,552.56,0.8127,0.1681,0.016,0.0032
2026-08-25T22:33:27.304+02:00,1000,1024,1024,1053,51,235,0,3460,2.1547,0.2003,0.1842,3.1984,0.3817,1.7542,1.523,1.587,48.645,49.14,49.15,49.14,3.084,0.2762,0.1552,16000,1024,571.71,0.6755,0.3166,0.0059,0.0019
2026-08-25T22:33:57.305+02:00,1000,1024,1024,1053,51,235,0,3460,2.1815,0.1987,0.2377,3.2232,0.4214,2.0585,1.523,1.587,52.425,49.14,49.15,49.1,3.1221,0.2763,0.1441,16000,1024,563.99,0.7691,0.2205,0.0082,0.0022
2026-08-25T22:34:57.306+02:00,1000,1024,1024,1053,52,237,5,3489,1.5294,0.1466,0.2936,10.0999,0.3625,2.0566,4.533,2.359,12.535,49.48,50.6,26.96,1.3597,0.0739,0.1587,16000,1024,425.47,0.4658,0.0945,0.0524,0.3873
2026-08-25T22:35:57.303+02:00,1000,1024,1024,1053,53,240,5,3497,0.0353,0.0311,0.1708,0.1282,0.1897,2.3776,2.87,6.72,133.164,130.02,75.32,29.23,0.0074,0.0079,0.033,16000,1024,124.18,0.7877,0.1467,0.0571,0.0086
2026-08-25T22:36:27.305+02:00,1000,1024,1024,1053,53,240,0,3497,0.0329,0.0301,0.0974,0.107,0.1893,2.0802,2.909,4.418,311.099,104.53,92.61,85.15,0.0078,0.0057,0.0189,16000,1024,232.5,0.9613,0.0222,0.015,0.0015
2026-08-25T22:36:57.305+02:00,1000,1024,1024,1053,53,240,3,3500,0.0331,0.0319,0.1019,0.1134,0.1887,2.0758,2.853,4.969,336.422,125.95,43.05,46.03,0.0084,0.0072,0.0206,16000,1024,918.52,0.9637,0.0269,0.0076,0.0018
2026-08-25T22:37:27.326+02:00,1000,1024,1043,1073,53,241,5,3505,0.0338,0.0304,0.1613,0.1169,0.1909,2.0695,3.305,4.175,146.03,6.66,242.27,85.72,0.0074,0.0063,0.0157,16000,1024,268.4,0.9647,0.0129,0.0195,0.0029
2026-08-25T22:38:57.306+02:00,1000,1024,1024,1053,55,245,4,3532,0.0339,0.0309,0.1329,0.0997,0.1914,2.0697,2.682,6.817,202.142,114.22,49.35,71.81,0.0079,0.0089,0.0197,16000,1024,67.99,0.8395,0.0601,0.0801,0.0202
2026-08-25T22:39:27.316+02:00,1000,1024,1033,1062,55,245,5,3537,0.032,0.0307,0.1275,0.1132,0.1913,2.0639,3.148,5.69,204.168,70.96,63.5,187.49,0.0084,0.0076,0.0142,16000,1024,168.22,0.8773,0.0982,0.0197,0.0047
2026-08-25T22:39:57.306+02:00,1000,1024,1024,1053,55,245,0,3537,0.0336,0.0316,0.1765,0.1058,0.181,2.0527,2.859,5.039,125.165,43.59,124.51,78.97,0.008,0.0083,0.0319,16000,1024,192.62,0.933,0.0315,0.0323,0.0032
2026-08-25T22:40:27.307+02:00,1000,1024,1024,1053,55,245,15,3552,0.033,0.0307,0.1877,0.1228,0.1951,2.3561,3.345,4.57,101.998,11.59,71.4,120.78,0.0083,0.0074,0.0334,16000,1024,173.1,0.9235,0.0374,0.0278,0.0113
2026-08-25T22:40:57.308+02:00,1000,1024,1024,1053,55,248,6,3558,0.4719,0.0334,0.237,10.6306,0.1955,2.3431,503.071,8.257,68.14,174.98,127.8,324.05,0.0431,0.0074,0.0341,16000,1024,89.98,0.8791,0.074,0.0366,0.0103
2026-08-25T22:41:27.325+02:00,1000,1024,1041,1071,55,250,37,3595,0.0368,0.0344,0.2768,0.2295,0.1914,2.3264,6.996,9.482,52.084,67.34,29.07,226.7,0.0114,0.0094,0.0524,16000,1024,77.15,0.8681,0.036,0.0841,0.0117
2026-08-25T22:41:57.318+02:00,1000,1024,1032,1062,55,250,33,3628,0.0334,0.0367,0.2475,0.2299,0.1936,2.0261,4.611,10.383,59.435,130.46,49.6,307.2,0.009,0.0105,0.0533,16000,1024,162.14,0.9426,0.0294,0.022,0.0059
2026-08-25T22:42:27.308+02:00,1000,1024,1024,1053,55,251,4,3632,0.0331,0.031,0.1358,0.116,0.1945,2.354,3.084,5.828,215.04,3.13,57.79,5.03,0.0077,0.0069,0.0216,16000,1024,404.34,0.9496,0.0323,0.0153,0.0028
2026-08-25T22:42:57.309+02:00,1000,1024,1024,1053,55,253,9,3641,0.0352,0.0358,0.2237,0.1204,0.1932,2.0345,2.876,9.029,76.776,107.29,106.91,81.03,0.0089,0.0104,0.0285,16000,1024,372.5,0.9485,0.0438,0.0066,0.0011
2026-08-25T22:43:27.309+02:00,1000,1024,1024,1053,55,254,1,3642,0.0326,0.0292,0.1091,0.1057,0.1028,2.0432,2.937,3.104,245.18,159.28,4.73,65.6,0.0073,0.0075,0.018,16000,1024,101.92,0.9004,0.0539,0.0392,0.0065
2026-08-25T22:43:57.311+02:00,1000,1024,1024,1053,55,256,4,3646,0.0342,0.0292,0.2801,0.1221,0.1773,8.8349,3.049,4.114,966.428,22.77,18.21,32.24,0.008,0.0068,0.0138,16000,1024,61.21,0.8787,0.0658,0.0376,0.0179
2026-08-25T22:44:27.311+02:00,1000,1024,1024,1053,55,257,0,3646,0.0331,0.0301,0.1499,0.1218,0.1094,2.3433,3.159,3.321,175.33,208.22,34.82,85.97,0.0081,0.0088,0.021,16000,1024,345.38,0.9429,0.0375,0.0164,0.0032
2026-08-25T22:44:57.311+02:00,1000,1024,1024,1053,55,257,0,3646,0.039,0.0328,0.2431,0.2296,0.1968,2.0153,10.018,6.552,62.516,95.81,157.58,187.44,0.0093,0.0075,0.0446,16000,1024,165.47,0.9719,0.0154,0.0098,0.003
2026-08-25T22:45:27.311+02:00,1000,1024,1024,1053,55,257,0,3646,0.033,0.0319,0.1847,0.1121,0.1966,2.0266,2.829,4.683,113.085,135.0,97.63,76.54,0.0069,0.0065,0.0349,16000,1024,365.06,0.9859,0.0057,0.0079,0.0005
2026-08-25T22:45:57.312+02:00,1000,1024,1024,1053,55,258,1,3647,0.033,0.0297,0.4727,0.1159,0.112,1.9153,3.065,3.198,13.528,45.86,44.22,40.12,0.0078,0.0063,0.0964,16000,1024,312.91,0.966,0.0199,0.0111,0.003
2026-08-25T22:46:27.311+02:00,1000,1024,1024,1053,55,259,4,3651,0.0336,0.0294,0.1061,0.1201,0.1126,2.344,3.115,3.37,365.349,87.78,97.56,17.05,0.0075,0.0081,0.0167,16000,1024,400.14,0.9288,0.0517,0.015,0.0045
2026-08-25T22:46:57.314+02:00,1000,1024,1024,1053,55,259,7,3658,0.0332,0.0316,0.1992,0.106,0.1974,2.0155,2.946,7.587,92.272,76.27,3.54,194.1,0.009,0.0079,0.024,16000,1024,79.4,0.7925,0.0707,0.1226,0.0141
2026-08-25T22:47:27.312+02:00,1000,1024,1024,1053,55,259,2,3660,0.0325,0.0331,0.1288,0.1077,0.1999,1.7173,3.031,8.317,154.462,162.0,141.23,56.27,0.0082,0.008,0.0233,16000,1024,99.03,0.8783,0.0749,0.0382,0.0085
2026-08-25T22:47:57.312+02:00,1000,1024,1024,1053,55,259,0,3660,0.3342,0.0321,0.1671,10.6406,0.1978,2.0214,1003.418,5.55,125.825,74.24,31.0,404.35,0.042,0.0077,0.0282,16000,1024,175.39,0.9732,0.015,0.008,0.0037
2026-08-25T22:48:27.314+02:00,1000,1024,1024,1053,55,262,1,3661,0.3344,0.0316,0.1916,10.6426,0.2006,2.0153,1001.99,7.119,101.792,82.88,142.62,275.67,0.0472,0.0071,0.0422,16000,1024,63.61,0.5991,0.1275,0.2518,0.0216
2026-08-25T22:49:27.314+02:00,1000,1024,1024,1053,56,262,2,3669,0.0329,0.0297,0.0771,0.14,0.1984,2.0184,3.31,4.734,459.991,105.55,81.6,124.05,0.0078,0.0076,0.0144,16000,1024,118.64,0.663,0.1418,0.1785,0.0166
2026-08-25T22:50:27.315+02:00,1000,1024,1024,1053,57,264,0,3673,0.0398,0.0328,0.2691,0.2288,0.2026,2.2902,11.048,7.097,50.668,16.56,78.63,220.0,0.0075,0.0081,0.056,16000,1024,256.35,0.9227,0.0299,0.0433,0.0041
2026-08-25T22:51:27.316+02:00,1000,1024,1024,1053,58,266,13,3689,0.3345,0.0362,0.2612,10.6425,0.2009,1.9966,1001.126,12.118,52.635,7.46,124.65,186.66,0.0458,0.0074,0.0472,16000,1024,251.17,0.9402,0.0201,0.0345,0.0051
2026-08-25T22:51:57.314+02:00,1000,1024,1024,1053,58,267,14,3703,0.0327,0.032,0.1343,0.1035,0.2023,2.3115,2.896,5.822,207.442,89.61,51.99,21.15,0.0067,0.0083,0.0202,16000,1024,53.38,0.7075,0.1705,0.0939,0.0281
2026-08-25T22:52:27.315+02:00,1000,1024,1024,1053,58,268,14,3717,0.3345,0.0381,0.2479,10.6417,0.201,2.2927,1000.531,10.225,59.495,31.04,57.61,81.21,0.0205,0.0086,0.0469,16000,1024,57.14,0.4655,0.1697,0.3354,0.0294
2026-08-25T22:53:57.317+02:00,1000,1024,1024,1053,60,273,0,3733,0.0334,0.0296,0.472,0.1354,0.0916,1.8828,3.248,2.775,12.896,108.59,134.98,62.89,0.0077,0.0073,0.1226,16000,1024,113.96,0.8561,0.0903,0.0406,0.013
2026-08-25T22:55:57.318+02:00,1000,1024,1024,1053,63,279,11,3793,0.0334,0.0301,0.1336,0.0985,0.2069,2.3035,2.887,6.846,208.355,10.83,40.21,159.91,0.0103,0.0078,0.0215,16000,1024,415.34,0.984,0.007,0.0066,0.0024
2026-08-25T22:56:27.318+02:00,1000,1024,1024,1053,63,279,23,3816,0.0341,0.05,0.502,0.1323,0.199,2.1153,3.423,9.772,11.982,9.21,308.65,1.49,0.0101,0.0095,0.1405,16000,1024,57.38,0.6406,0.2262,0.1093,0.0238
2026-08-25T22:56:57.319+02:00,1000,1024,1024,1053,63,280,23,3839,0.5765,0.0351,0.2072,10.6188,0.2004,2.2858,337.192,10.051,79.773,189.63,51.1,418.73,0.034,0.0078,0.0352,16000,1024,338.21,0.9443,0.0426,0.0099,0.0032
2026-08-25T22:57:27.319+02:00,1000,1024,1024,1053,63,281,8,3847,0.0331,0.0323,0.1644,0.1128,0.2036,1.9857,2.942,9.45,124.981,26.22,50.32,97.66,0.0087,0.0098,0.036,16000,1024,107.27,0.7943,0.1345,0.0623,0.009
2026-08-25T22:57:57.319+02:00,1000,1024,1024,1053,63,284,11,3858,0.0323,0.0328,0.1816,0.0974,0.2016,2.2904,3.037,7.955,115.09,86.83,50.73,141.73,0.0092,0.0071,0.024,16000,1024,173.61,0.934,0.0396,0.0191,0.0073
2026-08-25T22:58:27.321+02:00,1000,1024,1024,1053,63,286,7,3865,0.0317,0.0316,0.1182,0.1103,0.2057,2.2978,3.208,6.223,258.405,157.74,221.6,3.67,0.0084,0.0069,0.022,16000,1024,245.02,0.9487,0.0239,0.0244,0.003
2026-08-25T22:58:57.321+02:00,1000,1024,1024,1053,63,287,9,3874,0.3345,0.0323,0.1479,10.6413,0.2016,1.9886,1000.763,10.511,144.556,2.28,70.37,42.31,0.0451,0.0074,0.0316,16000,1024,302.4,0.9438,0.0329,0.0182,0.0051
2026-08-25T22:59:27.321+02:00,1000,1024,1024,1053,63,287,1,3875,0.0406,0.0312,0.2444,0.2276,0.2037,2.272,11.065,6.801,63.582,23.76,66.95,312.44,0.0083,0.008,0.0469,16000,1024,115.14,0.7794,0.0983,0.1041,0.0182
2026-08-25T22:59:57.324+02:00,1000,1024,1024,1053,63,287,1,3876,0.0323,0.0287,0.0713,0.1261,0.123,1.6867,3.007,3.303,308.303,134.13,23.2,39.93,0.0085,0.007,0.009,16000,1024,80.94,0.9178,0.0388,0.03,0.0134
2026-08-25T23:00:27.321+02:00,1000,1024,1024,1053,63,288,1,3877,0.0341,0.03,0.0455,0.1142,0.0954,0.1823,2.89,3.038,2.939,112.1,127.9,61.4,0.0075,0.0062,0.0117,16000,1024,260.34,0.9267,0.0214,0.048,0.0039
2026-08-25T23:00:57.323+02:00,1000,1024,1024,1053,63,290,19,3896,0.3344,0.0312,0.1334,10.64,0.2052,1.9842,1001.027,4.497,168.568,35.25,55.75,61.26,0.0169,0.0085,0.0256,16000,1024,116.3,0.9192,0.0565,0.0207,0.0036
2026-08-25T23:02:27.325+02:00,1000,1024,1024,1053,65,291,1,3910,0.0381,0.0344,0.262,0.2282,0.2044,2.2613,11.818,7.513,54.093,11.44,105.74,375.43,0.0081,0.0076,0.0614,16000,1024,293.02,0.9615,0.0228,0.0121,0.0035
2026-08-25T23:02:57.323+02:00,1000,1024,1024,1053,65,292,2,3912,0.0346,0.0291,0.1317,0.1397,0.1046,2.2898,3.012,3.011,214.96,12.93,27.73,39.16,0.0086,0.0077,0.015,16000,1024,121.43,0.8475,0.0953,0.0513,0.0059
2026-08-25T23:03:27.351+02:00,1000,1024,1051,1081,65,293,31,3943,0.0339,0.0391,0.2655,0.2243,0.2032,2.2609,6.418,11.57,53.236,85.69,36.96,497.15,0.0079,0.0103,0.0503,16000,1024,1336.95,0.998,0.0016,0.0003,0.0
2026-08-25T23:03:57.325+02:00,1000,1024,1024,1053,65,294,2,3945,0.0329,0.0294,0.0757,0.1137,0.0844,1.9857,2.851,2.839,461.744,58.47,133.09,115.89,0.0084,0.0072,0.0107,16000,1024,73.4,0.8494,0.0814,0.0577,0.0115
2026-08-25T23:04:57.329+02:00,1000,1024,1024,1053,66,296,8,3972,0.034,0.0317,0.1589,0.1076,0.2038,1.9748,2.917,8.627,128.651,129.89,3.11,50.04,0.0077,0.0074,0.0274,16000,1024,174.52,0.9573,0.0266,0.0128,0.0033
2026-08-25T23:05:57.325+02:00,1000,1024,1024,1053,67,297,6,3988,0.0328,0.0326,0.1461,0.1174,0.2075,2.2812,3.026,7.165,172.116,112.52,32.32,70.99,0.0085,0.0116,0.0321,16000,1024,136.52,0.917,0.0382,0.0349,0.01
2026-08-25T23:06:27.326+02:00,1000,1024,1024,1053,67,298,1,3989,0.0343,0.0317,0.1333,0.1079,0.2055,1.972,2.698,7.474,164.629,140.49,233.47,145.8,0.0086,0.0078,0.025,16000,1024,162.99,0.8513,0.0736,0.0661,0.0089
2026-08-25T23:06:57.326+02:00,1000,1024,1024,1053,67,298,2,3991,0.0352,0.0308,0.1275,0.229,0.2087,2.2802,4.402,8.472,212.725,71.06,127.76,81.26,0.0094,0.0067,0.0191,16000,1024,98.16,0.8717,0.0758,0.0369,0.0156
2026-08-25T23:07:27.326+02:00,1000,1024,1024,1053,67,298,0,3991,0.0331,0.0301,0.554,0.0999,0.2086,1.7978,2.897,5.076,8.436,196.55,84.21,62.73,0.0077,0.007,0.1804,16000,1024,99.02,0.7914,0.1142,0.087,0.0075
2026-08-25T23:07:57.327+02:00,1000,1024,1024,1053,67,299,2,3993,0.0324,0.0332,0.129,0.1027,0.2068,1.9726,2.92,9.298,161.601,83.16,33.86,295.69,0.0074,0.0082,0.0265,16000,1024,162.09,0.9677,0.0132,0.0146,0.0045
2026-08-25T23:08:27.329+02:00,1000,1024,1026,1055,67,300,34,4027,0.0345,0.0374,0.2757,0.228,0.2068,2.2473,4.679,12.911,46.782,15.73,99.77,297.59,0.0104,0.009,0.0436,16000,1024,155.87,0.8383,0.0572,0.0985,0.0059
2026-08-25T23:08:57.328+02:00,1000,1024,1024,1053,67,300,21,4048,0.0321,0.0353,0.251,0.1056,0.2084,2.0348,3.097,10.978,55.775,61.69,17.7,280.36,0.007,0.0113,0.0497,16000,1024,69.93,0.9133,0.0343,0.0407,0.0117
2026-08-25T23:09:27.328+02:00,1000,1024,1024,1053,67,300,16,4064,0.034,0.0322,0.1667,0.1393,0.2079,1.9608,2.98,7.518,112.354,65.03,7.45,212.13,0.011,0.0088,0.0339,16000,1024,77.74,0.7784,0.1169,0.0938,0.0109
2026-08-25T23:10:27.330+02:00,1000,1024,1024,1053,68,302,9,4087,0.0317,0.0338,0.1737,0.1004,0.2073,2.2659,3.007,8.963,115.239,3.22,82.25,14.15,0.0098,0.0067,0.0377,16000,1024,58.49,0.6211,0.19,0.1752,0.0137
2026-08-25T23:10:57.330+02:00,1000,1024,1024,1053,68,304,19,4106,0.3342,0.0331,0.1907,10.6398,0.2061,1.9548,1003.29,10.432,91.587,141.17,89.04,67.23,0.0488,0.0103,0.0306,16000,1024,56.46,0.8358,0.0629,0.0694,0.0319
2026-08-25T23:11:57.331+02:00,1000,1024,1024,1053,69,305,11,4122,0.0342,0.0312,0.1728,0.1266,0.2068,1.9558,3.056,7.989,112.019,83.9,34.93,57.11,0.0094,0.0063,0.0247,16000,1024,83.24,0.9015,0.0279,0.0467,0.0238
2026-08-25T23:12:27.331+02:00,1000,1024,1024,1053,69,307,0,4122,0.0338,0.0304,0.1107,0.1354,0.1172,2.2724,3.316,3.245,271.254,38.63,16.99,181.22,0.0076,0.0073,0.025,16000,1024,112.98,0.8875,0.073,0.0281,0.0115
2026-08-25T23:12:57.332+02:00,1000,1024,1024,1053,69,307,22,4144,0.0322,0.0299,0.1249,0.1006,0.2064,1.9605,2.661,5.05,207.19,14.5,18.85,74.0,0.0092,0.0078,0.0214,16000,1024,145.21,0.9549,0.0166,0.0217,0.0068
2026-08-25T23:13:27.331+02:00,1000,1024,1024,1053,69,308,5,4149,0.0335,0.0308,0.1681,0.2311,0.21,2.2583,4.956,5.067,129.416,46.21,77.0,174.0,0.0102,0.0071,0.0358,16000,1024,409.19,0.9957,0.0024,0.0016,0.0003
2026-08-25T23:13:57.333+02:00,1000,1024,1024,1053,69,308,11,4160,0.0332,0.0326,0.1371,0.1073,0.2095,1.9564,2.907,7.376,162.414,35.35,2.01,134.12,0.0075,0.0086,0.0303,16000,1024,295.19,0.9655,0.0247,0.0072,0.0027
2026-08-25T23:14:27.333+02:00,1000,1024,1024,1053,69,308,9,4169,0.4713,0.0342,0.2033,10.6283,0.208,2.0318,505.112,12.075,84.614,18.71,41.34,284.5,0.0579,0.0077,0.038,16000,1024,155.66,0.9275,0.0463,0.0212,0.005
2026-08-25T23:14:57.333+02:00,1000,1024,1024,1053,69,309,6,4175,0.3343,0.0312,0.1112,10.6387,0.21,1.9576,1001.126,8.103,235.638,28.83,120.44,212.05,0.0482,0.007,0.0251,16000,1024,158.74,0.9771,0.0099,0.0091,0.0038
2026-08-25T23:16:27.334+02:00,1000,1024,1024,1053,71,310,11,4203,0.0331,0.032,0.1528,0.1243,0.2094,1.9522,3.113,10.177,142.956,127.63,12.68,33.16,0.0089,0.0071,0.0197,16000,1024,168.92,0.7962,0.0981,0.0884,0.0173
2026-08-25T23:16:57.344+02:00,1000,1024,1032,1062,71,312,15,4218,0.4713,0.0355,0.2027,10.6276,0.2076,2.2483,505.067,11.55,84.642,94.13,28.75,50.61,0.0244,0.0074,0.0265,16000,1024,80.51,0.7596,0.132,0.096,0.0124
2026-08-25T23:18:27.336+02:00,1000,1024,1024,1053,73,314,9,4245,0.0316,0.0322,0.1613,0.1146,0.2088,1.9499,2.926,10.328,124.94,51.72,109.33,56.39,0.007,0.0081,0.0256,16000,1024,72.32,0.8963,0.0412,0.044,0.0185
2026-08-25T23:18:57.335+02:00,1000,1024,1024,1053,73,316,0,4245,0.0333,0.0321,0.2295,0.1154,0.2097,1.9321,3.112,7.71,66.166,42.21,13.17,71.55,0.0085,0.007,0.0364,16000,1024,181.59,0.9141,0.0449,0.0378,0.0031
2026-08-25T23:19:27.339+02:00,1000,1024,1024,1053,73,317,1,4246,0.0318,0.0304,0.4944,0.1033,0.2116,1.8142,3.012,5.043,11.209,136.13,3.56,62.25,0.0072,0.0071,0.1349,16000,1024,74.33,0.8777,0.0439,0.0565,0.0219
2026-08-25T23:19:57.354+02:00,1000,1024,1040,1070,73,319,25,4271,0.3344,0.0348,0.2251,10.6415,0.21,1.934,1001.415,11.865,66.44,59.38,83.92,33.41,0.0323,0.0075,0.0223,16000,1024,69.44,0.7596,0.1415,0.081,0.0178
2026-08-25T23:20:27.353+02:00,1000,1024,1033,1063,73,319,5,4276,0.034,0.0322,0.2531,0.1118,0.2113,1.9188,3.022,7.707,49.965,170.18,19.85,105.71,0.0072,0.008,0.0547,16000,1024,260.86,0.9621,0.0232,0.0112,0.0035
2026-08-25T23:20:57.337+02:00,1000,1024,1024,1053,73,319,5,4281,0.3341,0.033,0.4899,10.6413,0.2109,1.8071,1004.524,8.524,10.943,16.5,147.84,62.65,0.0467,0.0077,0.1303,16000,1024,81.89,0.791,0.0769,0.1195,0.0127
2026-08-25T23:21:27.338+02:00,1000,1024,1024,1053,73,319,0,4281,0.0336,0.032,0.5185,0.1037,0.2106,1.7913,2.925,9.305,9.658,87.21,155.01,62.51,0.0084,0.0071,0.1343,16000,1024,109.35,0.9492,0.0251,0.0188,0.0068
2026-08-25T23:22:27.338+02:00,1000,1024,1024,1053,74,322,11,4301,0.3344,0.0322,0.1271,10.6393,0.2111,1.9395,1001.191,7.843,158.998,82.59,97.02,30.28,0.0441,0.008,0.0257,16000,1024,80.09,0.9146,0.0505,0.025,0.0099
2026-08-25T23:22:57.339+02:00,1000,1024,1024,1053,74,323,34,4335,0.3344,0.0369,0.2233,10.6394,0.2093,2.2336,1000.42,13.322,63.937,46.33,54.08,262.64,0.0299,0.0099,0.0346,16000,1024,113.96,0.8507,0.0613,0.0784,0.0095
2026-08-25T23:23:27.339+02:00,1000,1024,1024,1053,74,324,6,4341,0.0319,0.0297,0.1098,0.089,0.211,1.9473,2.652,5.082,241.571,4.36,87.66,44.83,0.0066,0.0064,0.013,16000,1024,65.01,0.8989,0.0498,0.0372,0.0141
2026-08-25T23:23:57.381+02:00,1000,1024,1065,1094,74,324,6,4347,0.0325,0.0306,0.2868,0.0986,0.2106,1.9076,3.007,6.825,38.133,44.83,31.86,270.63,0.0075,0.0076,0.0441,16000,1024,71.69,0.7987,0.116,0.0695,0.0158
2026-08-25T23:24:27.339+02:00,1000,1024,1024,1053,74,325,1,4348,0.0322,0.031,0.1485,0.1046,0.2081,1.9393,2.821,8.33,141.654,111.33,111.69,120.27,0.0071,0.0089,0.0239,16000,1024,124.19,0.9264,0.0361,0.0287,0.0088
2026-08-25T23:24:57.339+02:00,1000,1024,1024,1053,74,326,0,4348,0.0341,0.0306,0.1773,0.13,0.164,1.9372,3.173,4.042,111.342,99.64,5.27,102.31,0.0085,0.0085,0.0322,16000,1024,198.88,0.9417,0.0367,0.0174,0.0041
2026-08-25T23:25:27.353+02:00,1000,1024,1037,1067,74,328,36,4384,0.3345,0.0366,0.276,10.6412,0.2099,2.2122,999.771,12.99,44.412,47.63,64.35,175.39,0.0093,0.0082,0.0459,16000,1024,135.24,0.8384,0.0518,0.0953,0.0145
2026-08-25T23:25:57.339+02:00,1000,1024,1024,1053,74,329,6,4390,0.0326,0.0321,0.1326,0.1242,0.2137,1.937,3.054,7.873,155.887,121.16,22.62,45.11,0.0078,0.0076,0.0115,16000,1024,206.49,0.9565,0.0286,0.0114,0.0035
2026-08-25T23:26:27.340+02:00,1000,1024,1024,1053,74,331,1,4391,0.0321,0.03,0.0748,0.1013,0.2119,1.9425,2.832,5.116,444.196,12.43,95.2,195.3,0.0085,0.0073,0.0112,16000,1024,225.91,0.9538,0.0222,0.0212,0.0028
2026-08-25T23:26:57.341+02:00,1000,1024,1024,1053,74,331,27,4418,1.6075,0.2135,0.217,14.338,0.4079,2.0541,7.464,1.489,59.85,28.18,28.18,28.26,1.039,0.1233,0.0515,16000,1024,313.11,0.7491,0.2041,0.0153,0.0315
2026-08-25T23:27:27.343+02:00,1000,1024,1024,1054,74,331,6,4424,1.4035,0.2186,0.1259,2.1266,0.3918,2.2515,1.538,1.549,183.361,49.29,49.3,49.32,1.7455,0.2686,0.0675,16000,1024,749.38,0.9048,0.0884,0.005,0.0018
2026-08-25T23:27:57.341+02:00,1000,1024,1024,1053,74,331,2,4426,1.3896,0.2258,0.1458,2.0901,0.4352,2.2462,1.538,1.571,131.451,49.42,49.43,49.51,1.9888,0.3173,0.0603,16000,1024,374.69,0.7025,0.2576,0.0295,0.0104
2026-08-25T23:28:57.342+02:00,1000,1024,1024,1053,75,333,4,4441,1.3816,0.2258,0.1297,2.082,0.4166,1.9388,1.527,1.559,146.786,49.4,49.4,49.2,1.8198,0.2888,0.0635,16000,1024,1041.0,0.9443,0.0521,0.0024,0.0013
2026-08-25T23:29:27.356+02:00,1000,1024,1037,1066,75,337,26,4467,1.4097,0.2253,0.236,2.1542,0.8194,2.0602,1.518,1.697,57.402,26.52,26.51,116.31,0.6057,0.0987,0.0408,16000,1024,328.38,0.4945,0.4884,0.0116,0.0055
2026-08-25T23:30:27.343+02:00,1000,1024,1024,1053,76,340,25,4502,1.4402,0.2235,0.1876,2.1841,0.4172,2.2428,1.532,1.549,86.367,49.29,49.29,49.46,1.081,0.1637,0.0489,16000,1024,370.19,0.5916,0.3793,0.0202,0.0089
2026-08-25T23:30:57.345+02:00,1000,1024,1024,1053,76,340,17,4519,1.5708,0.2177,0.211,11.2355,0.3967,2.2497,4.266,1.492,66.849,49.36,49.34,49.3,1.4974,0.2144,0.0538,16000,1024,413.08,0.3379,0.6403,0.0105,0.0114
2026-08-25T23:31:27.344+02:00,1000,1024,1024,1053,76,340,0,4519,1.5257,0.2131,0.1738,2.8366,0.3757,1.9441,1.538,1.529,84.402,49.32,49.32,49.38,2.2287,0.3062,0.0779,16000,1024,386.84,0.5316,0.4483,0.0149,0.0052
2026-08-25T23:31:57.352+02:00,1000,1024,1032,1062,76,342,21,4540,1.5937,0.2122,0.2316,2.4128,0.3942,1.933,1.522,1.521,56.809,46.1,40.77,40.92,0.6147,0.0815,0.0602,16000,1024,430.0,0.5805,0.3972,0.0168,0.0055
2026-08-25T23:32:27.346+02:00,1000,1024,1024,1053,76,342,2,4542,1.6035,0.209,0.1409,2.4124,0.3911,1.9528,1.527,1.49,108.801,49.31,49.31,49.26,2.0924,0.2697,0.0723,16000,1024,748.85,0.8757,0.1136,0.0069,0.0038
2026-08-25T23:32:57.347+02:00,1000,1024,1024,1053,76,342,6,4548,1.6609,0.2092,0.2002,9.9759,0.4034,2.2589,3.04,1.498,77.69,49.15,49.19,49.41,1.9403,0.2454,0.0586,16000,1024,413.0,0.6828,0.2942,0.0165,0.0064
2026-08-25T23:33:57.357+02:00,1000,1024,1029,1058,77,346,5,4554,1.6383,0.2052,0.2021,2.4967,0.3692,1.9507,1.526,1.52,67.87,49.22,49.22,49.37,2.156,0.2655,0.0787,16000,1024,411.32,0.8217,0.1614,0.0118,0.0051
2026-08-25T23:34:27.371+02:00,1000,1024,1048,1078,77,346,23,4577,1.6677,0.2076,0.2178,10.1446,0.3876,2.2511,2.774,1.544,65.816,49.26,49.29,49.03,1.3099,0.167,0.0665,16000,1024,359.0,0.5843,0.3974,0.0143,0.004
2026-08-25T23:34:57.355+02:00,1000,1024,1024,1053,77,347,2,4579,1.666,0.2014,0.0921,2.4929,0.3466,0.2919,1.533,1.494,2.637,49.22,49.22,49.21,2.2874,0.2667,0.1044,16000,1024,475.2,0.6255,0.3607,0.0084,0.0054
2026-08-25T23:35:27.347+02:00,1000,1024,1024,1053,77,348,16,4595,1.6983,0.2028,0.209,4.0773,0.4078,2.2646,1.54,1.505,62.639,49.29,49.29,49.42,1.5477,0.1864,0.0753,16000,1024,456.19,0.5853,0.4019,0.0076,0.0052
2026-08-25T23:35:57.350+02:00,1000,1024,1024,1053,77,348,17,4612,1.7245,0.1986,0.1779,5.6781,0.4055,1.9689,1.625,1.519,81.105,49.36,49.31,49.19,1.2489,0.1463,0.0654,16000,1024,1020.82,0.961,0.0354,0.0025,0.0011
2026-08-25T23:36:57.348+02:00,1000,1024,1024,1053,78,348,3,4617,1.7402,0.2007,0.1749,2.5817,0.3583,2.281,1.525,1.535,84.384,49.24,49.25,49.18,2.4393,0.2754,0.1095,16000,1024,369.13,0.755,0.2196,0.0152,0.0102
2026-08-25T23:37:57.349+02:00,1000,1024,1024,1053,79,348,8,4629,1.7632,0.1995,0.1725,4.0748,0.4038,1.9777,1.535,1.565,84.887,49.23,49.23,49.1,2.0939,0.2312,0.0825,16000,1024,356.82,0.8021,0.1766,0.0156,0.0057
2026-08-25T23:38:27.358+02:00,1000,1024,1031,1061,79,349,36,4665,1.8053,0.1956,0.2323,13.4985,0.3985,2.2825,4.466,1.573,54.005,10.09,10.15,49.4,0.9683,0.1115,0.062,16000,1024,394.17,0.7988,0.1768,0.0112,0.0132
2026-08-25T23:39:27.353+02:00,1000,1024,1024,1053,80,353,1,4668,1.7862,0.1964,0.6631,2.6332,0.3656,2.0477,1.527,1.536,5.504,49.21,49.21,62.4,2.5416,0.2584,0.1388,16000,1024,843.94,0.8387,0.1473,0.0106,0.0035
2026-08-25T23:39:57.352+02:00,1000,1024,1024,1053,80,356,13,4681,1.7718,0.2004,0.2443,2.636,0.4038,2.2821,1.525,1.543,55.459,49.09,49.06,51.43,1.5655,0.174,0.0595,16000,1024,371.77,0.6399,0.3428,0.0099,0.0074
2026-08-25T23:40:27.351+02:00,1000,1024,1024,1053,80,356,2,4683,1.798,0.2006,0.2004,2.7157,0.382,1.9876,1.53,1.549,57.581,49.24,49.24,49.2,2.4111,0.2652,0.0945,16000,1024,423.28,0.8113,0.1709,0.0135,0.0043
2026-08-25T23:40:57.351+02:00,1000,1024,1024,1053,80,358,0,4683,1.7974,0.198,0.6407,2.6535,0.3803,2.0711,1.525,1.553,5.85,49.2,49.19,36.55,2.5961,0.2685,0.1425,16000,1024,386.92,0.7872,0.1933,0.0153,0.0043
2026-08-25T23:41:27.372+02:00,1000,1024,1044,1074,80,362,32,4715,1.8389,0.1975,0.2777,13.3578,0.4439,2.2593,4.141,1.713,37.836,49.2,49.22,38.36,1.0056,0.1081,0.0527,16000,1024,410.16,0.7071,0.2694,0.0161,0.0074
2026-08-25T23:41:57.353+02:00,1000,1024,1024,1053,80,363,2,4717,1.8291,0.1991,0.1737,2.6921,0.3596,2.0027,1.523,1.536,86.871,49.07,49.06,49.06,2.4792,0.2615,0.1086,16000,1024,377.71,0.8008,0.177,0.0123,0.0098
2026-08-25T23:42:27.356+02:00,1000,1024,1027,1057,80,365,17,4734,1.8442,0.1977,0.1357,2.7959,0.3665,2.3161,1.524,1.578,130.522,49.23,49.27,49.31,1.7468,0.1823,0.0716,16000,1024,642.86,0.8483,0.1332,0.0141,0.0044
2026-08-25T23:42:57.353+02:00,1000,1024,1024,1053,80,368,4,4738,1.844,0.2015,0.1244,2.7345,0.3672,2.3204,1.535,1.555,119.185,49.19,49.19,49.23,2.2348,0.2306,0.0987,16000,1024,448.7,0.7971,0.1864,0.0101,0.0065
2026-08-25T23:43:57.354+02:00,1000,1024,1024,1053,81,369,0,4739,1.8562,0.1974,0.1527,2.7232,0.3905,2.0174,1.529,1.603,90.741,49.17,49.18,49.18,2.6742,0.2766,0.1182,16000,1024,432.04,0.8448,0.1426,0.0092,0.0033
2026-08-25T23:44:27.356+02:00,1000,1024,1024,1053,81,369,4,4743,1.8323,0.1997,0.1399,2.7372,0.3879,2.0183,1.536,1.552,86.664,49.13,49.13,49.15,2.4659,0.2613,0.1081,16000,1024,454.98,0.7501,0.2312,0.0144,0.0044
2026-08-25T23:44:57.358+02:00,1000,1024,1024,1053,81,370,0,4743,1.8233,0.1957,0.1508,4.0713,0.3555,2.0216,1.544,1.526,80.836,49.09,49.09,49.07,2.6049,0.2713,0.1258,16000,1024,383.3,0.7647,0.2142,0.0155,0.0056
2026-08-25T23:45:27.388+02:00,1000,1024,1057,1087,81,370,22,4765,1.8521,0.1991,0.2144,2.809,0.4141,2.0053,1.523,1.561,60.238,48.92,48.94,49.0,1.4266,0.1487,0.0483,16000,1024,395.22,0.8277,0.1533,0.0158,0.0032
2026-08-25T23:45:57.355+02:00,1000,1024,1024,1053,81,370,0,4765,1.8345,0.1996,0.1942,2.7634,0.3588,2.3264,1.537,1.534,72.514,49.1,49.1,49.1,2.6271,0.2749,0.114,16000,1024,405.37,0.7798,0.2021,0.0137,0.0044
2026-08-25T23:46:27.361+02:00,1000,1024,1028,1058,81,372,12,4777,1.8649,0.1976,0.1499,2.7894,0.3633,2.0304,1.536,1.551,99.068,49.04,49.05,49.15,2.1575,0.2232,0.095,16000,1024,409.15,0.8019,0.181,0.0133,0.0038
2026-08-25T23:47:27.356+02:00,1000,1024,1024,1053,82,375,0,4784,1.8869,0.1986,0.6771,2.8187,0.3749,2.0681,1.533,1.547,5.132,49.13,49.13,62.5,2.7099,0.2616,0.1955,16000,1024,402.98,0.8716,0.1106,0.0145,0.0033
2026-08-25T23:47:57.356+02:00,1000,1024,1024,1053,82,375,16,4800,1.8645,0.2029,0.2067,2.837,0.4002,2.3405,1.553,1.573,74.431,49.2,49.19,49.23,1.6493,0.1719,0.0778,16000,1024,478.91,0.5749,0.4155,0.0068,0.0029
2026-08-25T23:48:27.358+02:00,1000,1024,1024,1053,82,375,0,4800,1.9175,0.1984,0.1838,13.6893,0.3743,2.025,3.924,1.555,73.186,49.12,49.1,49.07,2.696,0.2726,0.1181,16000,1024,388.71,0.7884,0.1911,0.0141,0.0065
2026-08-25T23:48:57.356+02:00,1000,1024,1024,1053,82,376,2,4802,1.8816,0.1995,0.1049,2.7828,0.3649,0.2901,1.528,1.555,2.41,49.09,49.09,49.1,2.5048,0.2533,0.1215,16000,1024,492.56,0.7675,0.2197,0.009,0.0038
2026-08-25T23:49:27.358+02:00,1000,1024,1024,1053,82,377,15,4817,1.8882,0.2,0.1912,5.7824,0.4142,2.3307,1.618,1.596,77.472,48.97,48.95,48.7,1.2522,0.1272,0.0886,16000,1024,481.28,0.6262,0.3613,0.0095,0.003
2026-08-25T23:49:57.360+02:00,1000,1024,1024,1053,82,378,11,4828,1.9022,0.197,0.1804,4.0966,0.4139,2.0282,1.547,1.554,64.276,49.06,49.05,49.14,1.8933,0.1851,0.099,16000,1024,460.15,0.6741,0.3152,0.007,0.0036
2026-08-25T23:50:57.358+02:00,1000,1024,1024,1053,83,380,0,4835,1.9507,0.1975,0.1322,2.9059,0.3705,1.7343,1.531,1.554,58.925,49.11,49.09,49.09,2.7976,0.2747,0.1352,16000,1024,487.06,0.7493,0.2338,0.0118,0.0051
2026-08-25T23:51:27.359+02:00,1000,1024,1024,1053,83,381,10,4845,2.0029,0.1979,0.2742,14.2754,0.417,2.3212,3.904,1.603,41.002,49.16,49.17,49.22,1.9192,0.1938,0.0857,16000,1024,520.15,0.8314,0.1557,0.0091,0.0038
2026-08-25T23:51:57.359+02:00,1000,1024,1024,1053,83,382,6,4851,1.9438,0.1964,0.2208,2.8808,0.417,2.3381,1.525,1.586,65.045,49.05,49.07,49.07,2.2593,0.2218,0.0948,16000,1024,449.0,0.7454,0.2413,0.0106,0.0027
2026-08-25T23:52:27.381+02:00,1000,1024,1044,1074,83,384,2,4853,1.9434,0.1986,0.2374,2.9086,0.4209,2.3275,1.527,1.597,60.275,49.1,49.11,49.17,2.7715,0.274,0.128,16000,1024,464.18,0.7028,0.2862,0.0078,0.0032
2026-08-25T23:52:57.363+02:00,1000,1024,1024,1053,83,386,5,4858,2.0104,0.1986,0.163,13.6298,0.3839,2.3493,3.456,1.556,91.583,49.02,49.01,49.1,2.2294,0.2252,0.1063,16000,1024,537.23,0.784,0.2049,0.0083,0.0028
2026-08-25T23:53:27.360+02:00,1000,1024,1024,1053,83,386,3,4861,1.9524,0.195,0.1975,2.9287,0.4337,2.0391,1.531,1.586,72.479,49.08,49.06,49.07,2.4228,0.2293,0.1065,16000,1024,862.24,0.8947,0.0951,0.0082,0.0019
2026-08-25T23:53:57.362+02:00,1000,1024,1024,1053,83,388,3,4864,1.9843,0.1971,0.1429,2.9608,0.3731,2.0486,1.529,1.573,83.28,49.06,49.07,49.09,2.5261,0.2458,0.1224,16000,1024,472.33,0.6783,0.3097,0.009,0.003
2026-08-25T23:54:27.362+02:00,1000,1024,1024,1053,83,388,7,4871,2.0064,0.1999,0.1296,3.0067,0.4213,2.052,1.519,1.575,62.655,49.05,49.05,49.04,1.9805,0.1964,0.092,16000,1024,468.16,0.7751,0.2088,0.0111,0.005
2026-08-25T23:54:57.363+02:00,1000,1024,1024,1053,83,388,8,4879,2.0193,0.1971,0.1687,3.0277,0.3889,2.0474,1.525,1.596,80.973,49.06,49.05,49.2,2.2533,0.2194,0.0997,16000,1024,511.67,0.679,0.3107,0.0076,0.0028
2026-08-25T23:55:27.362+02:00,1000,1024,1024,1053,83,388,3,4882,2.0511,0.1986,0.2128,3.0681,0.4396,2.0449,1.525,1.648,62.738,49.17,49.17,49.17,2.5241,0.2353,0.1234,16000,1024,483.34,0.7811,0.2055,0.01,0.0034
2026-08-25T23:55:57.364+02:00,1000,1024,1024,1053,83,389,8,4890,2.0556,0.1946,0.1696,3.0531,0.3742,2.0481,1.526,1.641,73.461,49.2,49.18,49.13,1.7949,0.1706,0.0857,16000,1024,495.65,0.673,0.314,0.0101,0.003
2026-08-25T23:57:27.364+02:00,1000,1024,1024,1053,85,389,0,4918,2.1445,0.1925,0.2455,3.1886,0.4231,2.3478,1.521,1.636,59.792,49.15,49.15,49.17,3.0816,0.2661,0.1513,16000,1024,453.35,0.8629,0.1194,0.0142,0.0035
2026-08-25T23:57:57.365+02:00,1000,1024,1024,1053,85,390,1,4919,0.0332,0.0306,0.5295,0.1204,0.1911,1.9077,2.977,5.535,10.593,56.34,12.26,417.74,0.01,0.0076,0.1279,16000,1024,83.2,0.8005,0.1555,0.0331,0.011
2026-08-25T23:58:27.367+02:00,1000,1024,1024,1053,85,390,0,4919,0.0338,0.0294,0.1371,0.1117,0.1348,2.0604,2.882,3.711,199.34,117.02,143.41,199.42,0.0067,0.0058,0.0177,16000,1024,149.3,0.8834,0.0734,0.0402,0.003
2026-08-25T23:58:57.368+02:00,1000,1024,1024,1053,85,391,3,4922,0.0335,0.0307,0.1236,0.1272,0.1921,2.057,2.961,5.514,192.705,12.65,149.94,121.87,0.0072,0.009,0.012,16000,1024,143.14,0.7614,0.1212,0.0971,0.0203
2026-08-25T23:59:57.365+02:00,1000,1024,1024,1053,86,393,5,4935,0.0353,0.031,0.1371,0.2254,0.1966,2.3687,4.115,5.819,213.052,77.89,194.92,65.26,0.009,0.0067,0.0133,16000,1024,298.34,0.9824,0.0085,0.0077,0.0014
