ts,vib_fs,vib_n,ms_capture,ms_total,failed_bursts,bad_frames,retries,total_retries,rms_x,rms_y,rms_z,peak_x,peak_y,peak_z,kurt_x,kurt_y,kurt_z,fdom_x,fdom_y,fdom_z,adom_x,adom_y,adom_z,aud_fs,aud_n,aud_rms,aud_b0,aud_b1,aud_b2,aud_b3
2026-08-26T00:00:27.366+02:00,1000,1024,1024,1053,86,394,3,4938,0.0332,0.0321,0.1369,0.1068,0.1914,2.0605,2.986,7.176,200.392,114.44,160.1,19.26,0.0077,0.0072,0.036,16000,1024,208.95,0.9799,0.0107,0.0072,0.0022
2026-08-26T00:00:57.367+02:00,1000,1024,1024,1053,86,394,1,4939,0.0328,0.0309,0.1201,0.106,0.189,2.0585,2.807,4.376,252.528,75.08,45.04,184.58,0.007,0.0069,0.019,16000,1024,185.93,0.6228,0.261,0.1112,0.005
2026-08-26T00:01:27.366+02:00,1000,1024,1024,1053,86,394,1,4940,0.033,0.0337,0.1606,0.1127,0.1902,1.7381,2.903,9.722,107.315,190.52,20.32,125.12,0.0071,0.0071,0.0277,16000,1024,116.86,0.9195,0.0289,0.0396,0.012
2026-08-26T00:01:57.366+02:00,1000,1024,1024,1053,86,394,0,4940,0.035,0.0323,0.2229,0.1195,0.1935,2.0315,3.109,5.316,77.525,58.55,207.91,117.16,0.0079,0.0069,0.0399,16000,1024,409.87,0.8886,0.0605,0.0472,0.0037
2026-08-26T00:02:27.367+02:00,1000,1024,1024,1053,86,395,1,4941,0.035,0.0308,0.1217,0.1215,0.1951,2.3549,2.987,5.823,256.086,119.97,61.0,53.57,0.0083,0.0071,0.018,16000,1024,288.29,0.9617,0.0272,0.0083,0.0028
2026-08-26T00:02:57.367+02:00,1000,1024,1024,1053,86,395,3,4944,0.3343,0.0323,0.1606,10.6406,0.1949,2.3482,1001.775,7.258,147.816,52.53,61.75,106.55,0.0093,0.0083,0.0161,16000,1024,121.2,0.5884,0.1355,0.2544,0.0217
2026-08-26T00:03:27.368+02:00,1000,1024,1024,1053,86,398,0,4944,0.0412,0.0327,0.2913,0.2234,0.1949,2.317,12.207,6.069,46.141,114.17,183.8,375.2,0.0085,0.008,0.0747,16000,1024,137.41,0.9431,0.0332,0.0171,0.0065
2026-08-26T00:03:57.368+02:00,1000,1024,1024,1053,86,398,1,4945,0.0323,0.0297,0.1376,0.1101,0.1952,2.0412,3.192,7.745,167.984,42.9,189.33,17.16,0.0064,0.0064,0.0253,16000,1024,155.64,0.7216,0.1167,0.1491,0.0126
2026-08-26T00:04:27.369+02:00,1000,1024,1024,1053,86,398,7,4952,0.3345,0.0304,0.1363,10.6402,0.197,2.0371,1000.164,7.393,165.463,45.62,107.13,2.37,0.0305,0.0071,0.0326,16000,1024,299.12,0.9565,0.0231,0.0153,0.005
2026-08-26T00:04:57.370+02:00,1000,1024,1024,1053,86,398,4,4956,0.0333,0.0313,0.1493,0.1496,0.1928,2.0335,3.205,7.886,167.947,56.43,42.12,13.58,0.0081,0.0069,0.0195,16000,1024,110.59,0.881,0.0374,0.076,0.0056
2026-08-26T00:05:27.370+02:00,1000,1024,1024,1053,86,399,14,4970,0.0358,0.0339,0.2133,0.2301,0.1932,2.3275,6.17,8.817,86.974,50.65,1.75,46.1,0.0088,0.0084,0.0478,16000,1024,147.57,0.9608,0.0198,0.0126,0.0068
2026-08-26T00:05:57.370+02:00,1000,1024,1024,1053,86,401,4,4974,0.0329,0.0313,0.4871,0.1062,0.1966,1.9132,3.0,6.743,12.848,45.7,42.86,44.69,0.0075,0.0073,0.1005,16000,1024,281.14,0.8951,0.0504,0.0485,0.0061
2026-08-26T00:06:27.371+02:00,1000,1024,1024,1053,86,402,8,4982,0.0344,0.0313,0.2046,0.2309,0.1932,2.3288,4.815,7.913,86.98,60.63,30.85,304.52,0.008,0.0065,0.0349,16000,1024,302.92,0.9431,0.0405,0.0129,0.0035
2026-08-26T00:06:57.372+02:00,1000,1024,1024,1053,86,402,8,4990,0.033,0.0315,0.109,0.1168,0.1105,2.0254,3.058,3.072,237.338,73.2,48.74,108.51,0.0082,0.007,0.0176,16000,1024,278.37,0.9538,0.0162,0.0279,0.0021
2026-08-26T00:07:27.372+02:00,1000,1024,1024,1053,86,404,1,4991,0.0324,0.033,0.5102,0.1079,0.1967,1.8904,2.923,7.043,11.66,37.15,104.65,62.56,0.0088,0.0061,0.0973,16000,1024,171.7,0.973,0.0124,0.011,0.0035
2026-08-26T00:07:57.371+02:00,1000,1024,1024,1053,86,404,0,4991,0.0309,0.0293,0.1144,0.1252,0.1982,2.0305,3.188,4.67,243.847,166.71,8.8,132.79,0.0058,0.0066,0.018,16000,1024,147.85,0.889,0.0648,0.0393,0.007
2026-08-26T00:08:27.375+02:00,1000,1024,1024,1053,86,404,5,4996,0.0329,0.0297,0.1296,0.1484,0.198,2.0225,3.477,6.122,203.666,83.38,60.92,106.45,0.0081,0.0066,0.019,16000,1024,83.86,0.8526,0.0801,0.0543,0.013
2026-08-26T00:08:57.372+02:00,1000,1024,1024,1053,86,405,0,4996,0.3152,0.0335,0.152,10.0279,0.1977,2.0134,999.868,9.985,122.713,20.9,29.3,225.4,0.0086,0.0064,0.0236,16000,1024,288.61,0.9477,0.0178,0.0319,0.0027
2026-08-26T00:09:27.375+02:00,1000,1024,1024,1053,86,405,14,5010,0.0331,0.0289,0.0943,0.1068,0.1088,2.0206,2.931,2.902,312.354,82.33,9.23,73.79,0.0084,0.0084,0.0174,16000,1024,152.65,0.9532,0.0251,0.0146,0.007
2026-08-26T00:09:57.373+02:00,1000,1024,1024,1053,86,406,1,5011,0.0329,0.0319,0.1649,0.2282,0.1986,2.3156,6.809,6.84,145.434,34.53,54.04,200.31,0.0075,0.0086,0.0424,16000,1024,608.4,0.9944,0.0035,0.0019,0.0002
2026-08-26T00:10:27.373+02:00,1000,1024,1024,1053,86,406,1,5012,0.0337,0.0299,0.1501,0.1039,0.1054,2.0095,2.711,2.98,142.41,134.43,8.08,38.17,0.0082,0.0067,0.0227,16000,1024,137.04,0.9519,0.0208,0.021,0.0064
2026-08-26T00:10:57.373+02:00,1000,1024,1024,1053,86,406,5,5017,0.0328,0.0326,0.162,0.1295,0.2007,2.004,2.924,8.221,126.53,75.07,72.96,99.58,0.0062,0.0071,0.0383,16000,1024,315.17,0.9336,0.0318,0.0315,0.0031
2026-08-26T00:11:27.375+02:00,1000,1024,1024,1053,86,406,2,5019,0.0323,0.0303,0.0456,0.1079,0.0926,0.1316,3.261,2.946,2.738,36.35,137.08,9.8,0.008,0.0085,0.0106,16000,1024,135.82,0.9614,0.0179,0.0143,0.0065
2026-08-26T00:11:57.375+02:00,1000,1024,1024,1053,86,406,3,5022,0.0324,0.031,0.1198,0.1128,0.2015,2.0057,2.98,7.497,195.126,149.53,127.3,117.14,0.0061,0.0071,0.0211,16000,1024,325.95,0.9469,0.0282,0.0216,0.0034
2026-08-26T00:12:27.409+02:00,1000,1024,1058,1088,86,407,15,5037,0.3345,0.0329,0.1761,10.6427,0.2003,1.9929,1000.3,9.847,112.594,42.6,180.14,204.29,0.0093,0.0072,0.0278,16000,1024,235.84,0.9209,0.0525,0.0192,0.0073
2026-08-26T00:12:57.375+02:00,1000,1024,1024,1053,86,409,2,5039,0.3342,0.0293,0.0718,10.6387,0.2025,1.6988,1002.476,4.834,308.601,176.4,59.86,237.36,0.0079,0.007,0.0088,16000,1024,102.99,0.7895,0.0651,0.1314,0.0139
2026-08-26T00:13:27.375+02:00,1000,1024,1024,1053,86,412,2,5041,0.0351,0.0319,0.1605,0.1143,0.2017,2.3016,2.979,5.826,152.994,92.45,125.98,10.34,0.0083,0.0072,0.0345,16000,1024,179.64,0.9447,0.0372,0.0137,0.0044
2026-08-26T00:13:57.377+02:00,1000,1024,1024,1053,86,414,7,5048,0.3345,0.0328,0.1697,10.6414,0.2042,1.9914,1000.558,10.611,111.809,81.75,130.99,197.23,0.0089,0.0058,0.0163,16000,1024,290.87,0.9037,0.0402,0.0518,0.0043
2026-08-26T00:14:57.376+02:00,1000,1024,1024,1053,87,418,1,5069,0.0317,0.0291,0.0437,0.0898,0.0973,0.1433,2.944,2.878,2.957,12.43,143.05,114.52,0.0079,0.0063,0.0089,16000,1024,126.54,0.9386,0.0263,0.0266,0.0085
2026-08-26T00:15:57.377+02:00,1000,1024,1024,1053,88,422,9,5095,0.0333,0.0335,0.2082,0.1248,0.2014,1.9817,2.856,10.771,84.01,147.14,21.51,94.44,0.0089,0.007,0.0355,16000,1024,423.78,0.9851,0.007,0.0062,0.0017
2026-08-26T00:16:27.379+02:00,1000,1024,1024,1053,88,422,3,5098,0.0345,0.0329,0.1304,0.1119,0.2026,1.9894,2.778,7.618,160.866,53.16,2.17,118.06,0.0085,0.0085,0.0193,16000,1024,360.73,0.9445,0.0285,0.024,0.0029
2026-08-26T00:17:27.379+02:00,1000,1024,1024,1053,89,424,6,5133,0.0333,0.0342,0.1988,0.1167,0.2019,2.0042,2.848,9.976,91.985,20.59,17.35,62.64,0.0085,0.0089,0.0261,16000,1024,83.6,0.7941,0.0906,0.1031,0.0122
2026-08-26T00:17:57.380+02:00,1000,1024,1024,1053,89,427,11,5144,0.0362,0.0371,0.24,0.149,0.2038,1.9669,3.467,11.71,61.634,24.23,138.69,14.94,0.0092,0.0062,0.0381,16000,1024,149.55,0.8853,0.0536,0.0511,0.0101
2026-08-26T00:18:27.380+02:00,1000,1024,1024,1053,89,427,0,5144,0.0332,0.0296,0.1321,0.1177,0.1044,1.9874,3.084,3.237,200.202,76.16,232.29,99.4,0.0085,0.0064,0.0112,16000,1024,318.04,0.9801,0.0139,0.0047,0.0013
2026-08-26T00:18:57.390+02:00,1000,1024,1024,1053,89,428,0,5144,0.0343,0.0314,0.1778,0.1299,0.2047,1.9766,2.917,7.758,111.843,49.95,47.7,93.98,0.0074,0.0065,0.0303,16000,1024,80.71,0.7188,0.1199,0.1295,0.0318
2026-08-26T00:19:27.379+02:00,1000,1024,1024,1053,89,429,4,5148,0.0344,0.0319,0.1633,0.2297,0.2052,1.9786,4.612,7.466,126.244,40.78,80.06,118.01,0.0087,0.0091,0.0232,16000,1024,77.49,0.8816,0.043,0.0631,0.0122
2026-08-26T00:19:57.381+02:00,1000,1024,1024,1053,89,429,7,5155,0.0337,0.0309,0.1388,0.1177,0.2044,1.9805,2.763,6.232,162.521,51.01,9.39,43.08,0.0074,0.0092,0.0206,16000,1024,64.13,0.748,0.1394,0.0909,0.0216
2026-08-26T00:20:27.380+02:00,1000,1024,1024,1053,89,430,0,5155,0.0325,0.0297,0.4732,0.1074,0.1079,1.8582,2.811,2.857,12.666,157.94,148.89,250.09,0.0083,0.0077,0.0893,16000,1024,67.46,0.8724,0.0451,0.0672,0.0154
2026-08-26T00:20:57.381+02:00,1000,1024,1024,1053,89,430,1,5156,0.0326,0.0308,0.1879,0.1093,0.207,1.9704,2.891,7.763,100.501,79.03,33.2,74.94,0.0082,0.0082,0.0385,16000,1024,79.5,0.7593,0.1361,0.0856,0.019
2026-08-26T00:21:57.382+02:00,1000,1024,1024,1053,90,433,2,5164,0.0337,0.0314,0.111,0.1004,0.2053,1.9805,2.756,6.266,248.352,32.91,50.34,152.52,0.0066,0.0086,0.0234,16000,1024,740.25,0.9765,0.0168,0.0054,0.0013
2026-08-26T00:22:27.382+02:00,1000,1024,1024,1053,90,433,3,5167,0.0341,0.0289,0.0985,0.2288,0.0993,1.9749,4.989,3.072,315.766,12.25,85.91,125.94,0.0078,0.0069,0.0107,16000,1024,82.11,0.7994,0.0793,0.1097,0.0117
2026-08-26T00:22:57.382+02:00,1000,1024,1024,1053,90,433,1,5168,0.0336,0.0321,0.1806,0.107,0.205,1.9669,2.994,5.16,109.76,146.15,42.44,15.85,0.0077,0.0097,0.0354,16000,1024,89.36,0.8823,0.067,0.0417,0.009
2026-08-26T00:23:27.382+02:00,1000,1024,1024,1053,90,435,4,5172,0.3343,0.0308,0.1321,10.6422,0.208,2.2807,1002.375,8.344,208.674,90.78,42.34,42.17,0.0447,0.0096,0.0238,16000,1024,291.62,0.9719,0.0136,0.0135,0.0011
2026-08-26T00:24:27.385+02:00,1000,1024,1024,1053,91,437,5,5180,0.0314,0.0313,0.1581,0.103,0.2045,2.2731,3.129,9.282,146.86,50.85,99.56,3.57,0.0075,0.0076,0.0175,16000,1024,257.49,0.9876,0.0068,0.0044,0.0011
2026-08-26T00:25:27.384+02:00,1000,1024,1024,1053,92,439,7,5199,0.0331,0.0331,0.1911,0.1093,0.2045,1.9568,2.847,9.271,91.163,69.05,97.03,39.28,0.0087,0.007,0.0378,16000,1024,186.27,0.9693,0.0153,0.0132,0.0022
2026-08-26T00:25:57.384+02:00,1000,1024,1024,1053,92,439,7,5206,0.0324,0.0315,0.1456,0.1005,0.2055,1.966,2.715,7.543,161.989,96.76,18.95,203.42,0.0077,0.0077,0.0214,16000,1024,208.27,0.9782,0.0082,0.0104,0.0032
2026-08-26T00:26:27.385+02:00,1000,1024,1024,1053,92,442,6,5212,0.0349,0.0296,0.1402,0.2292,0.2089,1.9662,4.617,7.958,169.961,10.2,8.94,5.03,0.0086,0.0074,0.0179,16000,1024,97.26,0.9187,0.0542,0.0216,0.0055
2026-08-26T00:26:57.387+02:00,1000,1024,1024,1053,92,442,1,5213,0.041,0.0325,0.263,0.2281,0.2056,2.2452,10.826,7.56,55.878,60.24,70.84,334.67,0.0087,0.0081,0.0511,16000,1024,359.39,0.9613,0.0228,0.0133,0.0026
2026-08-26T00:27:27.385+02:00,1000,1024,1024,1053,92,442,3,5216,0.0333,0.0298,0.0972,0.1086,0.2043,1.964,2.818,4.867,325.914,35.03,99.61,72.18,0.0093,0.0068,0.0175,16000,1024,87.46,0.8689,0.0746,0.0468,0.0097
2026-08-26T00:27:57.386+02:00,1000,1024,1024,1053,92,444,3,5219,0.0323,0.0309,0.1331,0.1065,0.2126,1.9604,2.873,6.686,161.686,48.07,45.18,40.65,0.0088,0.0071,0.0268,16000,1024,347.51,0.9812,0.0072,0.0101,0.0014
2026-08-26T00:28:27.389+02:00,1000,1024,1024,1053,92,445,12,5231,0.0328,0.035,0.1829,0.1121,0.206,1.9528,3.056,10.817,101.484,24.46,18.4,136.78,0.0071,0.0094,0.0441,16000,1024,70.97,0.8534,0.083,0.0468,0.0168
2026-08-26T00:28:57.388+02:00,1000,1024,1024,1053,92,446,3,5234,0.0338,0.0297,0.1554,0.1205,0.1003,1.958,3.007,2.8,123.701,51.35,37.29,170.01,0.0085,0.0063,0.0188,16000,1024,118.69,0.7462,0.0836,0.1522,0.0179
2026-08-26T00:29:27.388+02:00,1000,1024,1024,1053,92,449,2,5236,0.0337,0.0314,0.1445,0.1278,0.2054,2.2641,3.259,4.763,174.04,294.54,9.66,98.53,0.0072,0.0062,0.0237,16000,1024,138.68,0.8813,0.0729,0.0359,0.0099
2026-08-26T00:29:57.388+02:00,1000,1024,1024,1053,92,450,9,5245,0.3343,0.0342,0.1964,10.6393,0.2059,2.2585,1002.355,9.455,93.282,141.74,68.44,96.23,0.0107,0.0087,0.033,16000,1024,91.11,0.8683,0.0351,0.0852,0.0114
2026-08-26T00:30:27.388+02:00,1000,1024,1024,1053,92,453,17,5262,0.0327,0.0325,0.15,0.1119,0.2114,2.2635,3.004,7.622,149.772,21.78,23.34,2.34,0.0086,0.008,0.0276,16000,1024,141.71,0.9,0.0549,0.0381,0.0069
2026-08-26T00:30:57.388+02:00,1000,1024,1024,1053,92,455,17,5279,0.0346,0.0333,0.156,0.2301,0.2082,1.9561,4.732,9.326,144.451,92.91,39.16,132.67,0.0092,0.009,0.0367,16000,1024,343.39,0.9732,0.0177,0.0066,0.0025
2026-08-26T00:31:27.389+02:00,1000,1024,1024,1053,92,456,11,5290,0.0344,0.0303,0.1489,0.149,0.2115,1.9541,3.215,9.091,144.928,14.8,35.76,93.23,0.0079,0.0077,0.0207,16000,1024,107.11,0.8806,0.0588,0.0537,0.007
2026-08-26T00:31:57.390+02:00,1000,1024,1024,1053,92,456,3,5293,0.0333,0.0299,0.0966,0.2289,0.105,1.956,4.714,3.036,328.06,88.08,41.68,151.33,0.0077,0.0082,0.0156,16000,1024,53.78,0.8775,0.0563,0.0431,0.0231
2026-08-26T00:32:27.390+02:00,1000,1024,1024,1053,92,456,5,5298,0.0424,0.0335,0.2957,0.2286,0.2103,2.2302,11.218,9.942,43.734,36.15,67.19,250.13,0.0093,0.0072,0.06,16000,1024,390.54,0.9693,0.0155,0.0128,0.0023
2026-08-26T00:32:57.390+02:00,1000,1024,1024,1053,92,458,1,5299,0.0336,0.0292,0.0746,0.1072,0.2068,1.9606,2.966,5.489,466.163,167.17,84.91,178.82,0.0085,0.007,0.0103,16000,1024,94.87,0.8478,0.0734,0.0596,0.0192
2026-08-26T00:33:27.391+02:00,1000,1024,1024,1053,92,458,2,5301,0.3341,0.0317,0.1908,10.6392,0.2119,1.9423,1004.429,9.71,83.772,47.18,151.15,236.6,0.014,0.0066,0.0306,16000,1024,65.88,0.7915,0.1009,0.0913,0.0162
2026-08-26T00:33:57.394+02:00,1000,1024,1024,1053,92,460,19,5320,0.0326,0.0357,0.1902,0.2288,0.2108,2.25,4.855,11.005,93.633,82.28,54.07,145.39,0.0083,0.0078,0.029,16000,1024,149.04,0.9338,0.0212,0.0321,0.0129
2026-08-26T00:34:27.397+02:00,1000,1024,1024,1053,92,460,1,5321,0.0336,0.0308,0.0755,0.1146,0.2105,1.9578,3.049,5.145,441.512,28.25,178.59,32.15,0.0073,0.0059,0.0112,16000,1024,66.72,0.8588,0.0743,0.0539,0.013
2026-08-26T00:34:57.393+02:00,1000,1024,1024,1053,92,461,0,5321,0.0328,0.0293,0.1443,0.1032,0.0939,1.95,3.029,2.871,162.967,134.67,162.15,71.34,0.0068,0.0081,0.0206,16000,1024,81.57,0.8317,0.0603,0.0844,0.0236
2026-08-26T00:35:27.391+02:00,1000,1024,1024,1053,92,461,6,5327,0.0317,0.0313,0.1353,0.0945,0.2077,1.9463,3.021,7.92,167.249,3.28,166.22,365.26,0.0074,0.0076,0.0225,16000,1024,63.57,0.8121,0.1043,0.0654,0.0183
2026-08-26T00:35:57.393+02:00,1000,1024,1024,1053,92,461,0,5327,0.0323,0.0298,0.1988,0.1141,0.0945,2.2448,3.219,3.017,93.471,143.99,110.57,77.55,0.0093,0.0075,0.0433,16000,1024,155.85,0.9299,0.0225,0.0412,0.0064
2026-08-26T00:36:27.392+02:00,1000,1024,1024,1053,92,461,0,5327,0.0317,0.0302,0.4909,0.1076,0.1046,1.8142,3.037,3.065,10.645,39.11,171.98,246.75,0.0066,0.0072,0.1036,16000,1024,176.21,0.9316,0.0337,0.0282,0.0066
2026-08-26T00:36:57.392+02:00,1000,1024,1024,1053,92,462,3,5330,0.0326,0.0304,0.0758,0.1002,0.2107,1.9544,2.714,4.866,431.277,11.04,147.56,189.83,0.0086,0.0071,0.0113,16000,1024,258.77,0.94,0.03,0.0264,0.0036
2026-08-26T00:37:27.393+02:00,1000,1024,1024,1053,92,463,9,5339,0.0339,0.032,0.1508,0.1142,0.2107,1.9467,2.754,10.927,122.146,225.59,7.76,199.08,0.0079,0.007,0.0153,16000,1024,68.46,0.8878,0.045,0.0526,0.0146
2026-08-26T00:37:57.393+02:00,1000,1024,1024,1053,92,463,2,5341,0.0333,0.0353,0.1854,0.1237,0.211,1.939,2.973,12.31,99.275,123.59,79.14,37.01,0.0077,0.008,0.0361,16000,1024,94.65,0.7506,0.1015,0.1368,0.0111
2026-08-26T00:38:27.395+02:00,1000,1024,1024,1053,92,465,3,5344,0.034,0.031,0.1219,0.1296,0.2126,1.9462,3.323,8.732,190.572,168.58,23.61,55.52,0.0091,0.01,0.0277,16000,1024,76.97,0.9125,0.033,0.0401,0.0144
2026-08-26T00:38:57.397+02:00,1000,1024,1024,1053,92,465,8,5352,0.0338,0.0359,0.1778,0.2287,0.2132,1.9347,4.756,12.353,89.066,95.45,51.36,26.95,0.0079,0.0077,0.032,16000,1024,345.59,0.9295,0.041,0.0262,0.0032
2026-08-26T00:39:27.395+02:00,1000,1024,1024,1053,92,465,9,5361,0.3343,0.0351,0.2012,10.6421,0.2117,1.9371,1003.233,12.999,83.769,134.63,53.54,2.77,0.0096,0.0083,0.039,16000,1024,99.65,0.8912,0.0506,0.0472,0.011
2026-08-26T00:39:57.396+02:00,1000,1024,1024,1053,92,466,0,5361,0.0383,0.0315,0.2093,0.2254,0.097,2.2396,11.93,3.237,93.82,9.92,15.29,202.69,0.0088,0.0071,0.0422,16000,1024,66.21,0.7276,0.1311,0.1224,0.0189
2026-08-26T00:40:27.396+02:00,1000,1024,1024,1053,92,467,1,5362,0.3342,0.0316,0.0981,10.6395,0.2126,2.2533,1003.169,4.794,348.342,160.9,143.75,26.01,0.0099,0.0063,0.0103,16000,1024,372.0,0.9972,0.0011,0.0011,0.0005
2026-08-26T00:40:57.396+02:00,1000,1024,1024,1053,92,469,17,5379,0.0326,0.0327,0.2057,0.2294,0.2129,1.9303,5.122,10.446,71.805,9.25,105.66,378.09,0.0096,0.0074,0.0426,16000,1024,72.86,0.7567,0.1011,0.1286,0.0136
2026-08-26T00:41:27.396+02:00,1000,1024,1024,1053,92,471,1,5380,0.0338,0.0293,0.1429,0.2281,0.1378,1.9402,4.637,3.684,165.888,82.05,228.25,168.43,0.0078,0.006,0.0151,16000,1024,47.82,0.6888,0.0887,0.1842,0.0382
2026-08-26T00:41:57.397+02:00,1000,1024,1024,1053,92,472,8,5388,0.0313,0.0295,0.4674,0.0974,0.104,1.8203,2.888,3.103,11.928,12.56,74.3,1.99,0.0104,0.0063,0.1089,16000,1024,150.19,0.9071,0.0488,0.039,0.0051
2026-08-26T00:42:27.402+02:00,1000,1024,1024,1053,92,472,9,5397,0.3152,0.0315,0.1209,10.0244,0.2122,1.9405,998.607,8.038,194.034,1.97,123.15,27.14,0.0378,0.0073,0.0266,16000,1024,70.42,0.8417,0.0798,0.0633,0.0152
2026-08-26T00:42:57.400+02:00,1000,1024,1024,1053,92,472,1,5398,0.0326,0.0298,0.0907,0.1369,0.2128,1.944,3.544,5.079,309.642,130.55,139.27,65.33,0.007,0.0077,0.0145,16000,1024,378.74,0.9689,0.0215,0.0078,0.0018
2026-08-26T00:44:27.401+02:00,1000,1024,1024,1053,94,476,12,5414,0.0324,0.033,0.2904,0.2278,0.2127,1.8977,5.075,8.773,35.362,66.26,36.1,403.82,0.0091,0.0073,0.0895,16000,1024,180.58,0.9764,0.0149,0.0064,0.0023
2026-08-26T00:44:57.398+02:00,1000,1024,1024,1053,94,476,0,5414,0.0323,0.0296,0.1144,0.1097,0.2111,1.9376,2.984,5.369,241.107,27.27,113.15,162.1,0.0075,0.0065,0.0156,16000,1024,731.2,0.9855,0.0059,0.0081,0.0005
2026-08-26T00:45:27.400+02:00,1000,1024,1024,1053,94,476,1,5415,0.0335,0.0298,0.1097,0.1168,0.2133,1.943,2.951,6.193,240.304,45.16,13.55,61.37,0.0081,0.0086,0.0149,16000,1024,241.24,0.9738,0.0156,0.0071,0.0035
2026-08-26T00:45:57.400+02:00,1000,1024,1024,1053,94,478,17,5432,0.3341,0.0302,0.1394,10.6413,0.2096,1.9375,1004.86,6.893,163.911,45.59,62.26,85.75,0.0087,0.0069,0.0252,16000,1024,130.07,0.9456,0.018,0.03,0.0064
2026-08-26T00:46:27.399+02:00,1000,1024,1024,1053,94,479,0,5432,0.3343,0.0304,0.148,10.6365,0.212,2.2368,1001.304,5.168,149.591,12.51,100.83,154.66,0.0071,0.006,0.015,16000,1024,183.82,0.891,0.0666,0.034,0.0084
2026-08-26T00:47:27.401+02:00,1000,1024,1025,1054,95,479,7,5440,0.034,0.0341,0.1427,0.23,0.2119,1.9343,4.847,8.077,164.762,105.68,43.87,14.8,0.0075,0.0069,0.0171,16000,1024,123.42,0.802,0.1076,0.0754,0.0149
2026-08-26T00:47:57.402+02:00,1000,1024,1024,1053,95,480,2,5442,0.0337,0.0294,0.2265,0.1249,0.0944,1.9117,2.9,3.073,59.25,19.85,4.09,461.87,0.0079,0.0064,0.0471,16000,1024,139.25,0.9418,0.0245,0.0266,0.0071
2026-08-26T00:48:57.404+02:00,1000,1024,1024,1053,96,483,4,5449,0.033,0.032,0.1223,0.1079,0.2137,1.6233,2.928,9.868,151.509,60.43,37.51,212.2,0.0069,0.0083,0.0116,16000,1024,416.11,0.987,0.0055,0.0058,0.0017
2026-08-26T00:49:27.402+02:00,1000,1024,1024,1053,96,484,0,5449,0.0322,0.0299,0.0675,0.1107,0.2143,1.6317,3.365,5.168,333.337,51.86,98.09,173.4,0.0066,0.0062,0.0116,16000,1024,568.37,0.9771,0.0163,0.0051,0.0015
2026-08-26T00:50:27.402+02:00,1000,1024,1024,1053,97,485,17,5490,1.3238,0.2189,0.1897,2.026,0.4001,2.2275,1.545,1.547,90.215,49.21,49.2,190.32,0.6903,0.1051,0.0349,16000,1024,308.37,0.6295,0.342,0.0212,0.0072
2026-08-26T00:50:57.403+02:00,1000,1024,1024,1053,97,485,1,5491,1.3518,0.2221,0.1869,2.8435,0.4141,2.2331,1.535,1.587,96.974,49.38,49.37,49.54,1.9456,0.3159,0.0615,16000,1024,404.85,0.6086,0.3572,0.0266,0.0077
2026-08-26T00:51:27.403+02:00,1000,1024,1024,1053,97,485,3,5494,1.4018,0.2253,0.1227,2.1097,0.3984,2.0462,1.513,1.576,166.983,49.39,49.39,49.48,1.7605,0.2797,0.05,16000,1024,423.89,0.6294,0.3546,0.0117,0.0043
2026-08-26T00:51:57.406+02:00,1000,1024,1026,1056,97,485,24,5518,1.3632,0.2251,0.2156,2.0779,0.3928,2.2271,1.54,1.537,68.152,22.26,22.29,17.52,0.6123,0.1008,0.0515,16000,1024,313.64,0.5823,0.3913,0.0185,0.0078
2026-08-26T00:52:27.412+02:00,1000,1024,1024,1053,97,485,11,5529,1.3882,0.2213,0.3754,3.3679,0.405,2.1677,1.566,1.557,21.992,49.34,49.32,198.42,1.266,0.1953,0.0866,16000,1024,409.91,0.6601,0.3275,0.0069,0.0056
2026-08-26T00:52:57.412+02:00,1000,1024,1031,1061,97,485,40,5569,1.4185,0.2201,0.2322,7.6206,0.4189,2.2131,3.164,1.569,54.501,13.1,1.89,180.69,0.7335,0.0895,0.0496,16000,1024,349.36,0.4806,0.5004,0.0128,0.0061
2026-08-26T00:53:27.408+02:00,1000,1024,1024,1053,97,485,5,5574,1.3687,0.2191,0.181,2.884,0.404,1.9306,1.552,1.519,82.283,49.38,49.38,49.37,1.4937,0.2319,0.0702,16000,1024,833.64,0.769,0.2214,0.0062,0.0034
2026-08-26T00:54:27.752+02:00,1000,1024,1024,1053,98,488,12,5600,1.4429,0.213,0.2234,2.1723,0.3994,2.2352,1.531,1.526,66.669,49.23,49.21,49.26,1.2049,0.1706,0.0655,16000,1024,473.53,0.544,0.4403,0.0107,0.005
2026-08-26T00:54:57.750+02:00,1000,1024,1024,1053,98,490,14,5614,1.525,0.2099,0.2484,8.7945,0.3976,2.2317,2.516,1.54,57.122,49.24,49.24,49.22,1.8407,0.2544,0.065,16000,1024,350.18,0.6724,0.3023,0.0166,0.0087
2026-08-26T00:55:57.756+02:00,1000,1024,1028,1058,99,490,30,5646,1.5413,0.206,0.2676,3.388,0.408,1.9103,1.563,1.533,39.239,49.29,49.29,187.82,0.8691,0.1059,0.0569,16000,1024,338.61,0.6648,0.3103,0.0187,0.0062
2026-08-26T00:56:27.760+02:00,1000,1024,1032,1062,99,492,10,5656,1.5921,0.2033,0.1782,2.4431,0.4096,1.9445,1.532,1.541,76.274,49.27,49.27,49.34,2.0469,0.2562,0.084,16000,1024,373.18,0.5948,0.3867,0.0136,0.0049
2026-08-26T00:56:57.761+02:00,1000,1024,1024,1053,99,495,0,5656,1.6048,0.2043,0.1631,2.3806,0.365,1.955,1.526,1.5,91.166,49.27,49.26,49.16,2.3315,0.2906,0.0952,16000,1024,386.22,0.6882,0.2919,0.0141,0.0058
2026-08-26T00:57:57.756+02:00,1000,1024,1024,1053,100,496,1,5667,1.6394,0.202,0.4577,4.0618,0.8268,2.1719,1.628,1.753,17.309,49.23,49.23,62.39,2.264,0.2646,0.1534,16000,1024,355.23,0.5867,0.392,0.016,0.0053
2026-08-26T00:58:27.753+02:00,1000,1024,1024,1053,100,497,33,5700,1.6294,0.2032,0.2546,4.1308,0.3851,2.252,1.549,1.492,46.526,49.16,49.11,49.16,0.8244,0.0964,0.0589,16000,1024,405.51,0.7155,0.2713,0.0086,0.0045
2026-08-26T00:59:27.756+02:00,1000,1024,1026,1056,101,502,3,5713,1.5913,0.2011,0.0865,2.4058,0.394,0.239,1.532,1.497,2.528,49.21,49.2,49.23,2.2801,0.2821,0.0983,16000,1024,385.81,0.8001,0.1798,0.0128,0.0073
2026-08-26T00:59:57.759+02:00,1000,1024,1029,1059,101,504,20,5733,1.5995,0.202,0.2418,2.3769,0.3994,1.9532,1.528,1.482,49.917,49.28,49.27,49.58,1.3262,0.1696,0.0535,16000,1024,450.99,0.7742,0.2099,0.0122,0.0037
2026-08-26T01:00:27.759+02:00,1000,1024,1029,1059,101,504,31,5764,1.5939,0.1991,0.2287,4.5199,0.4288,2.041,1.603,1.604,53.03,29.1,29.12,47.48,0.7865,0.0951,0.0611,16000,1024,370.16,0.6254,0.3537,0.0102,0.0108
2026-08-26T01:00:57.754+02:00,1000,1024,1024,1053,101,504,19,5783,1.6183,0.1965,0.1799,2.4566,0.345,2.0085,1.525,1.479,86.575,45.83,45.8,45.61,0.6977,0.086,0.0483,16000,1024,339.63,0.7244,0.2508,0.0147,0.0101
2026-08-26T01:01:27.755+02:00,1000,1024,1024,1053,101,505,0,5783,1.6205,0.1979,0.0979,2.431,0.352,1.678,1.532,1.47,85.676,49.16,49.15,49.12,2.3362,0.2777,0.0929,16000,1024,404.49,0.6732,0.3072,0.0143,0.0054
2026-08-26T01:01:57.755+02:00,1000,1024,1024,1053,101,507,2,5785,1.6381,0.1977,0.1052,2.4536,0.3594,1.9934,1.529,1.483,127.165,49.22,49.22,49.26,2.1268,0.2489,0.086,16000,1024,508.14,0.7361,0.2475,0.0115,0.0048
2026-08-26T01:02:27.755+02:00,1000,1024,1024,1053,101,507,19,5804,1.6459,0.2108,0.466,2.5921,0.3875,1.8961,1.557,1.552,14.694,26.06,26.22,49.91,0.7184,0.0865,0.0559,16000,1024,383.65,0.6895,0.2933,0.0119,0.0053
2026-08-26T01:03:27.756+02:00,1000,1024,1024,1053,102,507,0,5813,1.6793,0.1969,0.0891,2.5299,0.3502,0.2378,1.53,1.464,2.491,49.21,49.21,49.17,2.4237,0.2769,0.101,16000,1024,377.15,0.7815,0.1971,0.0137,0.0077
2026-08-26T01:03:57.756+02:00,1000,1024,1024,1053,102,507,18,5831,1.7053,0.1995,0.2037,2.604,0.4055,1.9966,1.536,1.53,71.326,49.23,49.18,44.49,1.0686,0.1234,0.0419,16000,1024,352.43,0.6824,0.2988,0.0126,0.0063
2026-08-26T01:04:27.757+02:00,1000,1024,1024,1053,102,507,9,5840,1.725,0.1968,0.2281,2.6559,0.4224,1.9767,1.532,1.543,55.27,49.11,49.11,49.04,1.9979,0.2248,0.0939,16000,1024,415.72,0.6047,0.3829,0.0086,0.0039
2026-08-26T01:05:27.757+02:00,1000,1024,1024,1053,103,507,2,5851,1.7776,0.2139,0.6078,2.6483,0.4089,1.817,1.529,1.638,7.697,49.07,49.08,62.64,2.4795,0.2783,0.166,16000,1024,473.72,0.8866,0.1045,0.006,0.0029
2026-08-26T01:05:57.760+02:00,1000,1024,1024,1053,103,509,11,5862,1.7905,0.1973,0.1548,2.7215,0.3442,2.008,1.533,1.461,97.305,49.1,49.11,49.07,1.3822,0.1614,0.0617,16000,1024,417.85,0.7149,0.2694,0.0113,0.0044
2026-08-26T01:06:27.758+02:00,1000,1024,1024,1053,103,511,4,5866,1.7894,0.1977,0.1457,2.7141,0.4168,2.0045,1.529,1.52,105.297,49.05,49.04,49.04,2.4154,0.2555,0.1197,16000,1024,393.04,0.7614,0.2224,0.0099,0.0063
2026-08-26T01:06:57.758+02:00,1000,1024,1024,1053,103,512,8,5874,1.7984,0.196,0.1268,2.66,0.3449,2.0117,1.534,1.469,94.689,48.97,48.95,48.95,2.018,0.2152,0.0923,16000,1024,440.91,0.7841,0.1975,0.0128,0.0056
2026-08-26T01:07:57.759+02:00,1000,1024,1024,1053,104,514,0,5879,1.8403,0.1977,0.1033,2.7699,0.3551,0.2756,1.531,1.456,2.415,49.15,49.15,49.15,2.6469,0.2763,0.1277,16000,1024,422.51,0.777,0.2101,0.0091,0.0037
2026-08-26T01:08:27.759+02:00,1000,1024,1024,1053,104,515,5,5884,1.8577,0.1977,0.1354,2.7967,0.8194,2.0157,1.538,1.733,96.671,49.19,49.2,49.23,2.0635,0.2049,0.1147,16000,1024,633.07,0.8619,0.1287,0.007,0.0024
2026-08-26T01:08:57.776+02:00,1000,1024,1039,1069,104,517,14,5898,1.9121,0.1947,0.2075,2.9215,0.4275,2.0042,1.518,1.551,59.757,49.19,49.16,49.34,1.8413,0.1924,0.0851,16000,1024,423.25,0.7668,0.2171,0.012,0.004
2026-08-26T01:09:57.761+02:00,1000,1024,1024,1053,105,518,1,5903,1.9608,0.1953,0.1248,2.9087,0.3706,2.0218,1.524,1.543,68.514,49.18,49.18,49.18,2.7126,0.2639,0.1221,16000,1024,437.9,0.7188,0.2678,0.0077,0.0057
2026-08-26T01:10:27.761+02:00,1000,1024,1024,1053,105,518,1,5904,1.9949,0.195,0.1576,4.679,0.3636,2.0201,1.538,1.515,67.694,49.14,49.15,49.11,2.7945,0.2673,0.14,16000,1024,462.72,0.6885,0.2958,0.0124,0.0033
2026-08-26T01:10:57.786+02:00,1000,1024,1048,1078,105,519,18,5922,1.9618,0.1926,0.234,3.2017,0.4005,2.295,1.568,1.581,47.942,49.13,49.13,49.18,2.0677,0.1995,0.1068,16000,1024,802.29,0.7976,0.1877,0.0129,0.0019
2026-08-26T01:11:27.810+02:00,1000,1024,1069,1099,105,520,11,5933,1.9732,0.1963,0.1747,2.9588,0.4118,2.0262,1.519,1.54,79.946,49.16,49.15,49.22,2.3992,0.2285,0.118,16000,1024,444.74,0.7656,0.2193,0.0111,0.004
2026-08-26T01:11:57.762+02:00,1000,1024,1024,1053,105,524,0,5933,2.0024,0.1954,0.1117,2.9465,0.3686,0.3082,1.523,1.558,2.253,49.14,49.14,49.12,2.8697,0.2731,0.1372,16000,1024,466.5,0.7058,0.284,0.0073,0.0029
2026-08-26T01:12:27.762+02:00,1000,1024,1024,1053,105,524,0,5933,1.9922,0.194,0.6443,2.9741,0.3927,2.0964,1.516,1.519,5.833,49.17,49.17,62.17,2.8594,0.2538,0.1464,16000,1024,483.04,0.6948,0.289,0.0137,0.0024
2026-08-26T01:12:57.763+02:00,1000,1024,1024,1053,105,526,8,5941,1.9687,0.196,0.172,2.8955,0.3457,2.0284,1.527,1.502,58.669,49.07,49.08,48.97,1.922,0.193,0.1014,16000,1024,396.35,0.7598,0.2237,0.0124,0.0042
2026-08-26T01:13:27.763+02:00,1000,1024,1024,1053,105,526,10,5951,2.0047,0.1975,0.1852,2.9802,0.417,2.0279,1.524,1.525,70.817,49.15,49.11,48.96,1.8353,0.1652,0.0858,16000,1024,451.85,0.7062,0.2811,0.0084,0.0042
2026-08-26T01:13:57.764+02:00,1000,1024,1024,1053,105,526,0,5951,2.0127,0.1968,0.1439,2.9418,0.3644,2.0377,1.52,1.541,79.189,49.15,49.14,49.11,2.8872,0.2737,0.1469,16000,1024,431.04,0.8119,0.1728,0.0117,0.0036
2026-08-26T01:14:27.781+02:00,1000,1024,1040,1070,105,526,12,5963,2.0064,0.1943,0.1572,4.564,0.3648,2.0327,1.545,1.536,69.51,49.1,49.07,49.13,2.1128,0.206,0.1057,16000,1024,884.59,0.8573,0.1359,0.005,0.0018
2026-08-26T01:14:57.853+02:00,1000,1024,1108,1137,105,527,41,6004,2.0218,0.1944,0.2613,9.8372,0.4019,2.0224,2.158,1.565,42.61,10.2,48.78,49.36,1.1892,0.1,0.0734,16000,1024,529.82,0.9304,0.063,0.0048,0.0018
2026-08-26T01:15:27.765+02:00,1000,1024,1024,1053,105,529,3,6007,1.989,0.1956,0.1423,2.9888,0.4057,2.0399,1.53,1.54,63.59,49.1,49.1,49.11,2.5978,0.2437,0.1304,16000,1024,424.19,0.7844,0.2016,0.0104,0.0037
2026-08-26T01:15:57.765+02:00,1000,1024,1024,1053,105,529,3,6010,2.0273,0.1971,0.1729,4.4912,0.3621,2.038,1.54,1.523,67.443,49.08,49.07,49.09,2.7201,0.2573,0.1414,16000,1024,436.59,0.7169,0.2578,0.02,0.0053
2026-08-26T01:16:27.782+02:00,1000,1024,1039,1068,105,530,16,6026,2.0344,0.1942,0.1727,3.0241,0.3755,2.3492,1.53,1.518,78.593,49.21,49.19,49.1,2.1148,0.1933,0.1138,16000,1024,434.94,0.7796,0.2067,0.0106,0.0031
2026-08-26T01:16:57.767+02:00,1000,1024,1024,1053,105,530,8,6034,2.0534,0.1974,0.1652,3.0488,0.4149,2.0438,1.517,1.523,70.141,49.14,49.14,49.06,2.3976,0.2218,0.1326,16000,1024,462.49,0.704,0.2794,0.0134,0.0032
2026-08-26T01:17:27.770+02:00,1000,1024,1024,1053,105,531,6,6040,2.0532,0.1932,0.1655,3.0368,0.3701,2.3536,1.537,1.548,86.115,49.06,49.06,49.08,2.1848,0.1957,0.0954,16000,1024,473.17,0.7523,0.2293,0.0154,0.0029
2026-08-26T01:17:57.768+02:00,1000,1024,1024,1053,105,531,1,6041,2.0638,0.1978,0.1332,3.0772,0.3739,2.0484,1.525,1.553,55.98,49.13,49.13,49.12,2.8468,0.264,0.1407,16000,1024,473.95,0.8484,0.1371,0.0107,0.0039
2026-08-26T01:18:27.767+02:00,1000,1024,1024,1053,105,532,14,6055,2.0742,0.1957,0.2214,3.1098,0.4335,2.3524,1.531,1.568,57.925,49.12,49.14,49.03,1.9485,0.1767,0.1025,16000,1024,512.05,0.773,0.2077,0.016,0.0033
2026-08-26T01:18:57.768+02:00,1000,1024,1024,1053,105,535,1,6056,2.0882,0.1961,0.1207,3.109,0.4027,0.3054,1.523,1.537,2.078,49.12,49.12,49.1,2.9464,0.2701,0.148,16000,1024,463.98,0.7774,0.2093,0.0096,0.0037
2026-08-26T01:19:27.768+02:00,1000,1024,1024,1053,105,535,1,6057,2.1396,0.1974,0.148,7.7244,0.4251,2.0532,1.65,1.603,56.019,49.06,49.05,49.05,2.8887,0.257,0.1477,16000,1024,466.31,0.7382,0.2507,0.0083,0.0028
2026-08-26T01:20:27.768+02:00,1000,1024,1024,1053,106,536,0,6065,0.0364,0.0315,0.1365,0.1206,0.1904,2.0498,2.945,7.276,198.594,5.92,44.04,27.55,0.0142,0.0087,0.0233,16000,1024,313.86,0.9406,0.0295,0.0252,0.0048
2026-08-26T01:20:57.770+02:00,1000,1024,1024,1053,106,538,5,6070,0.0345,0.0303,0.1318,0.1083,0.1909,2.0553,2.928,5.886,203.546,3.14,67.92,2.84,0.0095,0.0075,0.023,16000,1024,145.5,0.758,0.0608,0.172,0.0092
2026-08-26T01:21:27.769+02:00,1000,1024,1024,1053,106,538,0,6070,0.0334,0.0318,0.1368,0.121,0.1916,2.0565,3.387,7.543,199.454,84.56,14.99,119.94,0.0075,0.007,0.0263,16000,1024,67.96,0.7463,0.113,0.1144,0.0263
2026-08-26T01:21:57.771+02:00,1000,1024,1024,1053,106,538,0,6070,0.0336,0.0294,0.0456,0.1104,0.1017,0.1701,3.007,3.009,2.985,56.58,88.01,8.8,0.0088,0.0056,0.0097,16000,1024,104.91,0.8728,0.018,0.0979,0.0113
2026-08-26T01:22:27.770+02:00,1000,1024,1024,1053,106,538,2,6072,0.034,0.0291,0.1323,0.1154,0.1914,2.0544,2.956,4.788,200.02,104.99,99.73,260.24,0.0081,0.0058,0.0169,16000,1024,321.17,0.9843,0.0071,0.0073,0.0013
2026-08-26T01:22:57.770+02:00,1000,1024,1024,1053,106,538,2,6074,0.0354,0.0315,0.0951,0.1113,0.1913,2.0573,2.891,4.346,325.459,98.81,20.43,95.15,0.0077,0.0063,0.016,16000,1024,175.39,0.8801,0.0254,0.0834,0.0111
2026-08-26T01:23:27.771+02:00,1000,1024,1024,1053,106,538,7,6081,0.0335,0.0319,0.1866,0.2274,0.1929,2.0413,4.786,5.23,92.748,13.23,172.46,329.88,0.0074,0.0073,0.0409,16000,1024,155.35,0.7767,0.0797,0.1288,0.0148
2026-08-26T01:23:57.771+02:00,1000,1024,1024,1053,106,538,5,6086,0.0324,0.0326,0.1561,0.1356,0.1929,2.044,3.272,7.118,144.551,71.9,1.46,315.47,0.007,0.0093,0.0308,16000,1024,110.34,0.6742,0.0973,0.2071,0.0214
2026-08-26T01:24:27.773+02:00,1000,1024,1024,1053,106,538,33,6119,0.0358,0.0326,0.2227,0.2306,0.1922,2.0237,5.795,9.127,66.415,22.74,42.6,412.94,0.0082,0.0077,0.0531,16000,1024,94.29,0.7755,0.1033,0.1022,0.019
2026-08-26T01:26:57.774+02:00,1000,1024,1024,1053,110,540,9,6153,0.3342,0.0319,0.1366,10.6415,0.195,2.0265,1003.644,7.504,167.57,54.7,3.27,77.09,0.0363,0.0078,0.0207,16000,1024,107.96,0.5237,0.1391,0.3114,0.0258
2026-08-26T01:27:27.774+02:00,1000,1024,1024,1053,110,543,11,6164,0.0333,0.0339,0.2018,0.2283,0.1956,2.0124,4.966,8.645,91.626,73.47,6.1,241.35,0.0084,0.0099,0.0505,16000,1024,166.3,0.9151,0.0283,0.0496,0.007
2026-08-26T01:27:57.793+02:00,1000,1024,1043,1072,110,543,9,6173,0.0334,0.0288,0.1259,0.1248,0.1977,2.0282,2.968,7.452,199.537,15.73,74.27,57.77,0.0087,0.0066,0.0127,16000,1024,162.88,0.8043,0.1055,0.0805,0.0097
2026-08-26T01:28:27.775+02:00,1000,1024,1024,1053,110,544,4,6177,0.3343,0.0309,0.0701,10.6388,0.1973,1.7185,1001.82,4.313,352.396,3.05,8.5,27.31,0.0095,0.008,0.0101,16000,1024,71.07,0.7616,0.0876,0.1315,0.0193
2026-08-26T01:28:57.775+02:00,1000,1024,1024,1053,110,544,6,6183,0.0333,0.0319,0.1493,0.108,0.1964,2.0189,3.139,7.763,163.35,125.48,42.02,163.44,0.0079,0.0082,0.0238,16000,1024,82.17,0.6806,0.1094,0.1943,0.0157
2026-08-26T01:29:27.775+02:00,1000,1024,1024,1053,110,545,3,6186,0.3343,0.0312,0.0956,10.6399,0.1999,2.0234,1001.865,5.707,297.553,40.94,19.31,47.16,0.0432,0.0074,0.0217,16000,1024,65.46,0.7182,0.0756,0.1735,0.0328
2026-08-26T01:30:27.780+02:00,1000,1024,1024,1053,111,545,10,6212,0.3343,0.0347,0.1963,10.6398,0.2,2.3115,1002.048,10.267,93.64,26.69,147.67,63.04,0.0224,0.0063,0.016,16000,1024,96.15,0.8348,0.0673,0.084,0.0139
2026-08-26T01:31:27.776+02:00,1000,1024,1024,1053,112,546,0,6216,0.0327,0.0298,0.0774,0.1142,0.1968,2.0165,2.771,4.458,449.626,90.25,5.03,127.12,0.0075,0.0075,0.0171,16000,1024,64.13,0.8227,0.0805,0.08,0.0168
2026-08-26T01:31:57.776+02:00,1000,1024,1024,1053,112,546,8,6224,0.3343,0.036,0.2196,10.6375,0.2004,2.2979,1001.475,10.82,79.73,3.97,6.67,13.57,0.0077,0.0092,0.0381,16000,1024,127.17,0.8231,0.0473,0.1167,0.013
2026-08-26T01:32:27.830+02:00,1000,1024,1074,1103,112,546,9,6233,0.3343,0.0301,0.1189,10.6407,0.2007,2.3142,1002.593,4.633,260.094,138.47,78.11,30.59,0.008,0.0069,0.0095,16000,1024,61.78,0.8081,0.0511,0.1137,0.0271
2026-08-26T01:32:57.780+02:00,1000,1024,1024,1053,112,546,33,6266,0.3344,0.0358,0.2809,10.6393,0.1992,2.0135,1000.784,12.766,42.938,127.67,57.94,69.16,0.0484,0.0097,0.059,16000,1024,218.46,0.8874,0.0327,0.0729,0.0071
2026-08-26T01:33:27.778+02:00,1000,1024,1024,1053,112,546,34,6300,0.3345,0.037,0.2731,10.6425,0.1973,2.2752,1000.665,11.405,46.974,71.09,85.1,290.7,0.0316,0.0095,0.062,16000,1024,353.29,0.9824,0.0081,0.0078,0.0016
2026-08-26T01:34:27.780+02:00,1000,1024,1024,1053,113,546,4,6316,0.0335,0.0312,0.0937,0.1123,0.2032,2.0034,3.051,6.003,308.413,97.03,35.26,86.76,0.01,0.0072,0.0178,16000,1024,164.62,0.921,0.0298,0.0406,0.0086
2026-08-26T01:34:57.780+02:00,1000,1024,1024,1053,113,547,8,6324,0.3342,0.0308,0.1289,10.6386,0.2042,1.9993,1002.842,7.991,198.431,208.9,90.03,48.79,0.048,0.0082,0.0314,16000,1024,159.7,0.7107,0.1033,0.172,0.014
2026-08-26T01:35:27.779+02:00,1000,1024,1024,1053,113,547,17,6341,0.4715,0.0349,0.1844,10.6289,0.2036,2.2966,504.263,9.672,103.373,30.61,8.27,61.46,0.0551,0.0097,0.0365,16000,1024,163.59,0.8271,0.086,0.0761,0.0108
2026-08-26T01:36:27.781+02:00,1000,1024,1024,1053,114,555,34,6382,0.3344,0.0385,0.2682,10.6407,0.2014,2.0225,1000.77,11.855,46.66,102.42,54.8,479.06,0.0387,0.0092,0.0514,16000,1024,132.31,0.7179,0.134,0.1298,0.0183
2026-08-26T01:36:57.781+02:00,1000,1024,1024,1053,114,556,3,6385,0.0333,0.0284,0.0456,0.1005,0.1,0.1767,2.881,3.156,3.23,8.07,105.21,37.19,0.0075,0.0079,0.0107,16000,1024,83.22,0.8724,0.0302,0.0809,0.0164
2026-08-26T01:37:27.782+02:00,1000,1024,1024,1053,114,556,1,6386,0.034,0.0296,0.0843,0.1304,0.1041,2.3011,3.04,2.796,543.45,96.55,75.32,25.01,0.0091,0.0075,0.0158,16000,1024,78.01,0.7554,0.101,0.1217,0.0219
2026-08-26T01:37:57.782+02:00,1000,1024,1024,1053,114,556,4,6390,0.0328,0.0295,0.1169,0.1206,0.2054,1.9895,2.996,7.035,245.946,31.3,208.69,43.25,0.0061,0.0067,0.0171,16000,1024,123.64,0.8227,0.0518,0.1133,0.0122
2026-08-26T01:38:27.785+02:00,1000,1024,1024,1053,114,557,15,6405,0.0329,0.0348,0.2239,0.1486,0.2015,2.014,3.241,11.422,68.098,94.93,38.84,412.31,0.008,0.0078,0.028,16000,1024,228.15,0.9521,0.0138,0.0297,0.0044
2026-08-26T01:38:57.783+02:00,1000,1024,1024,1053,114,557,1,6406,0.0322,0.0301,0.1218,0.1155,0.2046,2.2908,3.054,4.809,259.304,206.32,23.96,67.11,0.0071,0.0061,0.0203,16000,1024,91.47,0.5841,0.1195,0.2709,0.0255
2026-08-26T01:39:27.785+02:00,1000,1024,1024,1053,114,557,3,6409,0.0331,0.0322,0.1436,0.1038,0.2051,1.9821,2.928,9.825,142.82,79.16,117.19,330.91,0.0084,0.007,0.0258,16000,1024,77.83,0.8589,0.0482,0.077,0.0159
2026-08-26T01:39:57.784+02:00,1000,1024,1024,1053,114,558,14,6423,0.0327,0.0346,0.2225,0.2292,0.2026,2.277,5.151,11.828,77.541,63.27,19.96,292.74,0.0067,0.0102,0.0491,16000,1024,145.59,0.8486,0.0736,0.0673,0.0106
2026-08-26T01:40:27.784+02:00,1000,1024,1024,1053,114,558,4,6427,0.0338,0.0324,0.1892,0.1061,0.2035,1.9656,2.948,6.891,91.363,52.38,7.32,234.16,0.0093,0.0097,0.0437,16000,1024,104.22,0.8883,0.0464,0.0499,0.0154
2026-08-26T01:41:57.785+02:00,1000,1024,1024,1053,116,560,0,6445,0.0342,0.0295,0.0678,0.1148,0.0944,1.6738,3.08,2.946,363.328,18.55,102.23,117.66,0.0076,0.0067,0.0148,16000,1024,87.67,0.7554,0.1081,0.1202,0.0163
2026-08-26T01:42:27.785+02:00,1000,1024,1024,1053,116,560,6,6451,0.0322,0.0297,0.0765,0.1166,0.2031,1.9759,3.001,5.089,434.208,15.09,127.99,12.49,0.0105,0.0063,0.015,16000,1024,118.62,0.8547,0.0432,0.0851,0.017
2026-08-26T01:42:57.785+02:00,1000,1024,1024,1053,116,560,17,6468,0.4714,0.0326,0.1526,10.6319,0.204,1.9716,505.439,10.951,123.342,197.6,33.99,142.84,0.0567,0.0069,0.0263,16000,1024,88.23,0.9016,0.0442,0.0453,0.0089
2026-08-26T01:43:57.786+02:00,1000,1024,1024,1053,117,563,4,6485,0.0334,0.03,0.099,0.1107,0.2066,2.282,2.841,5.203,354.515,11.45,2.23,38.73,0.0087,0.0072,0.0198,16000,1024,816.54,0.996,0.0017,0.0019,0.0004
2026-08-26T01:44:57.787+02:00,1000,1024,1024,1053,118,563,1,6498,0.0323,0.0729,0.6521,0.1245,0.1825,1.75,3.032,4.847,6.248,87.03,19.71,19.57,0.0071,0.021,0.1648,16000,1024,305.64,0.9282,0.0314,0.0345,0.0058
2026-08-26T01:45:27.803+02:00,1000,1024,1040,1069,118,563,10,6508,0.3344,0.0322,0.1737,10.6417,0.207,2.2643,1002.157,10.465,114.946,49.45,137.54,61.47,0.0426,0.007,0.0366,16000,1024,57.7,0.8267,0.0623,0.0775,0.0335
2026-08-26T01:45:57.791+02:00,1000,1024,1024,1053,118,563,20,6528,0.3343,0.0342,0.2415,10.6405,0.2064,1.9417,1001.862,13.918,53.048,58.55,18.02,177.84,0.0233,0.0083,0.0411,16000,1024,109.97,0.7567,0.0846,0.1437,0.0151
2026-08-26T01:46:27.792+02:00,1000,1024,1024,1053,118,564,8,6536,0.0347,0.0357,0.1907,0.2281,0.2069,1.9516,4.579,11.442,91.108,92.34,78.96,1.53,0.0087,0.0087,0.0373,16000,1024,77.16,0.7185,0.1274,0.1308,0.0233
2026-08-26T01:46:57.788+02:00,1000,1024,1024,1053,118,564,12,6548,0.0341,0.0318,0.1538,0.2311,0.2084,2.2634,4.615,9.212,148.267,54.38,141.85,214.03,0.0089,0.0075,0.0189,16000,1024,71.7,0.7609,0.0888,0.1244,0.0259
2026-08-26T01:47:27.788+02:00,1000,1024,1024,1053,118,564,5,6553,0.0337,0.0297,0.1093,0.226,0.1139,2.271,4.602,3.183,364.286,128.05,116.92,22.82,0.0088,0.0062,0.0098,16000,1024,131.18,0.8746,0.0435,0.0725,0.0095
2026-08-26T01:47:57.789+02:00,1000,1024,1024,1053,118,564,12,6565,0.0344,0.0341,0.1711,0.1122,0.2076,2.2547,2.863,10.895,112.083,13.7,49.89,333.65,0.0087,0.0092,0.0466,16000,1024,126.66,0.752,0.1122,0.1154,0.0204
2026-08-26T01:48:27.791+02:00,1000,1024,1024,1053,118,564,0,6565,0.0339,0.0321,0.1308,0.1109,0.208,1.9614,2.976,9.205,197.447,92.66,64.71,169.49,0.0074,0.0066,0.0205,16000,1024,293.27,0.959,0.0249,0.0126,0.0035
2026-08-26T01:49:27.790+02:00,1000,1024,1024,1053,119,564,4,6585,0.0343,0.0323,0.1503,0.2267,0.2087,2.2651,4.528,8.314,149.327,50.15,177.15,253.86,0.0083,0.008,0.0256,16000,1024,326.0,0.9843,0.0071,0.0068,0.0018
2026-08-26T01:49:57.790+02:00,1000,1024,1024,1053,119,564,17,6602,0.032,0.0299,0.1311,0.2297,0.21,2.2666,5.206,7.311,209.38,47.73,38.82,151.36,0.0072,0.0069,0.0288,16000,1024,126.77,0.8436,0.0464,0.0969,0.0131
2026-08-26T01:50:57.791+02:00,1000,1024,1024,1053,120,564,0,6624,0.0329,0.0292,0.0751,0.1075,0.2097,1.9631,2.865,5.251,456.434,126.72,72.01,96.7,0.0069,0.0079,0.0159,16000,1024,77.03,0.7429,0.052,0.1905,0.0146
2026-08-26T01:51:27.792+02:00,1000,1024,1024,1053,120,567,4,6628,0.033,0.029,0.1302,0.1266,0.2062,1.9542,3.169,7.562,198.22,38.38,60.23,57.68,0.0108,0.0066,0.0172,16000,1024,68.07,0.8155,0.1165,0.0515,0.0165
2026-08-26T01:51:57.793+02:00,1000,1024,1024,1053,120,569,10,6638,0.0324,0.0353,0.2287,0.1053,0.2087,2.243,3.024,10.995,68.013,38.46,31.05,300.19,0.0091,0.0088,0.0496,16000,1024,138.43,0.9178,0.0328,0.0369,0.0125
2026-08-26T01:52:57.792+02:00,1000,1024,1024,1053,121,571,5,6646,0.3343,0.0331,0.187,10.6389,0.2101,1.9447,1002.021,9.664,91.352,121.16,78.11,159.88,0.0094,0.0074,0.0291,16000,1024,380.79,0.9874,0.0054,0.0051,0.0021
2026-08-26T01:53:27.793+02:00,1000,1024,1024,1053,121,572,19,6665,0.0356,0.0314,0.2252,0.2253,0.2079,2.2412,5.798,8.119,73.87,11.03,32.03,132.45,0.0098,0.0076,0.0398,16000,1024,283.96,0.9116,0.0569,0.0275,0.004
2026-08-26T01:53:57.795+02:00,1000,1024,1024,1053,121,572,20,6685,0.3343,0.0363,0.2289,10.6402,0.2096,1.9302,1001.982,13.372,59.082,8.93,138.0,103.5,0.0152,0.007,0.0405,16000,1024,80.64,0.8315,0.0847,0.0626,0.0213
2026-08-26T01:54:27.795+02:00,1000,1024,1024,1053,121,573,6,6691,0.0326,0.0305,0.1043,0.1116,0.2075,1.9524,3.245,4.682,240.404,118.33,45.78,119.89,0.0066,0.008,0.015,16000,1024,63.68,0.4215,0.305,0.2486,0.0249
2026-08-26T01:54:57.794+02:00,1000,1024,1024,1053,121,573,9,6700,0.034,0.0329,0.1821,0.1111,0.2069,1.941,2.698,9.504,100.766,24.12,22.54,378.77,0.0078,0.0081,0.0263,16000,1024,65.35,0.858,0.0751,0.0496,0.0173
2026-08-26T01:55:27.796+02:00,1000,1024,1024,1053,121,576,36,6736,0.033,0.0345,0.236,0.2275,0.2096,1.9201,6.977,12.21,57.756,52.3,136.18,287.17,0.0107,0.0085,0.0445,16000,1024,178.0,0.9589,0.0148,0.0223,0.004
2026-08-26T01:55:57.798+02:00,1000,1024,1024,1053,121,576,2,6738,0.0331,0.0747,0.6431,0.0982,0.1865,1.7352,2.929,4.814,6.245,64.3,62.38,125.06,0.0076,0.0153,0.1345,16000,1024,69.35,0.7919,0.1226,0.0697,0.0158
2026-08-26T01:56:27.804+02:00,1000,1024,1030,1059,121,577,36,6774,0.6652,0.0394,0.2659,10.6097,0.2076,2.0735,252.845,12.377,42.615,374.25,24.19,497.26,0.129,0.0094,0.0531,16000,1024,415.58,0.9881,0.0074,0.0038,0.0006
2026-08-26T01:56:57.808+02:00,1000,1024,1036,1065,121,579,37,6811,0.033,0.0358,0.2134,0.2307,0.2098,2.2322,5.349,12.565,73.212,11.96,49.24,62.58,0.0109,0.0085,0.0478,16000,1024,102.86,0.9537,0.0297,0.0119,0.0048
2026-08-26T01:57:27.801+02:00,1000,1024,1029,1059,121,579,29,6840,0.0334,0.0362,0.2399,0.2286,0.2078,1.9132,4.916,13.784,55.459,8.58,8.56,49.96,0.0109,0.0096,0.0427,16000,1024,77.44,0.8304,0.057,0.0953,0.0173
2026-08-26T01:57:57.802+02:00,1000,1024,1028,1058,121,580,33,6873,0.0335,0.0378,0.2427,0.2255,0.2118,2.2257,4.762,11.814,54.582,6.52,71.08,249.19,0.0108,0.0099,0.0435,16000,1024,161.74,0.9723,0.0159,0.0093,0.0026
2026-08-26T01:58:27.800+02:00,1000,1024,1027,1057,121,580,22,6895,0.3342,0.0344,0.2129,10.6372,0.2109,1.9273,1002.378,12.606,65.476,43.75,37.15,10.87,0.0137,0.008,0.0342,16000,1024,528.1,0.9921,0.0033,0.0039,0.0007
2026-08-26T01:58:57.797+02:00,1000,1024,1024,1053,121,581,17,6912,0.0325,0.0333,0.1717,0.229,0.21,1.9329,5.027,10.738,109.684,173.76,86.91,165.29,0.0076,0.0108,0.0342,16000,1024,109.75,0.9245,0.038,0.0299,0.0076
2026-08-26T01:59:27.804+02:00,1000,1024,1030,1060,121,582,35,6947,0.3343,0.0365,0.2388,10.638,0.2101,2.0625,1001.783,11.934,56.618,63.3,25.36,191.25,0.0306,0.0108,0.0383,16000,1024,159.76,0.9471,0.0277,0.0188,0.0064
2026-08-26T01:59:57.798+02:00,1000,1024,1024,1053,121,582,13,6960,0.4714,0.0322,0.2064,10.6279,0.2102,2.0543,504.719,9.362,73.009,30.34,50.3,18.55,0.0249,0.007,0.0199,16000,1024,87.74,0.8218,0.0741,0.0938,0.0103
2026-08-26T02:00:27.813+02:00,1000,1024,1039,1069,121,583,4,6964,0.0327,0.0301,0.0966,0.117,0.2129,1.9443,3.048,4.996,320.708,19.81,6.75,66.61,0.0105,0.0065,0.016,16000,1024,84.11,0.9211,0.0329,0.0352,0.0108
2026-08-26T02:00:57.819+02:00,1000,1024,1045,1074,121,583,11,6975,0.0335,0.0315,0.1343,0.1138,0.2089,1.9341,3.267,7.953,168.261,91.2,64.34,53.77,0.0099,0.0069,0.0272,16000,1024,82.37,0.9128,0.047,0.0298,0.0104
2026-08-26T02:01:27.799+02:00,1000,1024,1024,1053,121,584,0,6975,0.0326,0.0295,0.0427,0.1126,0.1041,0.1502,3.097,2.979,3.039,62.58,16.8,4.53,0.0085,0.0075,0.0102,16000,1024,150.46,0.8843,0.0634,0.0382,0.0142
2026-08-26T02:01:57.800+02:00,1000,1024,1024,1053,121,587,0,6975,0.0332,0.1496,0.2673,0.1215,4.6925,8.4359,3.038,944.289,968.394,60.48,142.22,35.15,0.0074,0.0134,0.0238,16000,1024,135.6,0.8551,0.0511,0.0876,0.0062
2026-08-26T02:03:27.801+02:00,1000,1024,1024,1053,123,591,1,6995,0.0337,0.0332,0.1561,0.0992,0.2112,1.9302,2.847,11.243,125.406,57.87,213.88,12.93,0.0082,0.007,0.0295,16000,1024,101.0,0.8638,0.0898,0.035,0.0115
2026-08-26T02:03:57.801+02:00,1000,1024,1024,1053,123,592,4,6999,0.0328,0.0328,0.1381,0.1299,0.211,1.9339,3.13,8.966,168.867,62.64,27.11,213.08,0.0084,0.0075,0.018,16000,1024,69.14,0.7584,0.0888,0.1377,0.0151
2026-08-26T02:04:27.807+02:00,1000,1024,1029,1058,123,592,9,7008,0.0342,0.0703,0.5978,0.1151,0.1922,1.7573,3.033,5.818,7.616,12.53,125.07,124.95,0.0077,0.0162,0.1286,16000,1024,122.11,0.8917,0.0608,0.0395,0.008
2026-08-26T02:05:27.803+02:00,1000,1024,1024,1053,124,593,1,7033,0.0337,0.0307,0.1038,0.227,0.2129,1.9347,4.668,4.894,236.222,15.91,90.7,202.29,0.0085,0.0059,0.0206,16000,1024,230.88,0.9226,0.0416,0.0311,0.0047
2026-08-26T02:05:57.809+02:00,1000,1024,1029,1059,124,595,4,7037,0.0337,0.03,0.0678,0.1165,0.2114,1.6291,3.136,4.883,326.269,40.56,88.19,32.79,0.0075,0.007,0.009,16000,1024,302.3,0.9662,0.0196,0.0111,0.0031
2026-08-26T02:06:27.805+02:00,1000,1024,1024,1054,124,596,8,7045,0.0336,0.0308,0.114,0.2283,0.2132,2.2385,4.768,5.063,265.852,29.27,84.1,5.49,0.0076,0.0075,0.0184,16000,1024,495.82,0.985,0.0068,0.0075,0.0007
2026-08-26T02:06:57.816+02:00,1000,1024,1036,1066,124,597,37,7082,0.4713,0.037,0.2614,10.6259,0.2111,2.2104,504.823,14.415,50.079,38.22,39.63,290.77,0.07,0.0108,0.0457,16000,1024,221.65,0.8599,0.0765,0.0513,0.0122
2026-08-26T02:07:57.804+02:00,1000,1024,1024,1053,125,598,8,7110,0.3341,0.0315,0.1161,10.6373,0.2146,1.9298,1003.942,6.553,186.55,30.44,96.55,88.83,0.0115,0.007,0.0177,16000,1024,108.2,0.8409,0.061,0.0862,0.0119
2026-08-26T02:08:27.805+02:00,1000,1024,1024,1053,125,598,4,7114,0.3344,0.0306,0.1176,10.6412,0.2142,2.0508,1001.446,9.372,197.013,230.15,156.19,163.19,0.0202,0.0071,0.0196,16000,1024,154.16,0.9,0.0592,0.0285,0.0123
2026-08-26T02:09:27.806+02:00,1000,1024,1024,1053,126,601,3,7155,0.0329,0.0305,0.1041,0.1035,0.2115,1.9297,2.984,5.022,230.66,15.8,33.97,134.13,0.0072,0.0078,0.0142,16000,1024,106.24,0.7261,0.0872,0.1687,0.0181
2026-08-26T02:09:57.810+02:00,1000,1024,1024,1053,126,601,6,7161,0.0323,0.0298,0.0917,0.0976,0.2146,1.9324,2.985,7.568,289.83,112.14,180.69,29.07,0.0072,0.006,0.0141,16000,1024,225.73,0.9437,0.0324,0.0198,0.0041
2026-08-26T02:10:27.813+02:00,1000,1024,1031,1060,126,602,35,7196,0.0345,0.0368,0.246,0.229,0.2114,2.0728,4.457,12.839,57.906,3.16,49.4,279.57,0.0116,0.009,0.0425,16000,1024,67.89,0.8291,0.061,0.0906,0.0193
2026-08-26T02:11:27.807+02:00,1000,1024,1024,1053,127,604,4,7206,0.0329,0.0786,0.6669,0.0947,0.1873,1.6893,2.899,4.435,5.444,93.29,62.45,62.34,0.009,0.0237,0.1844,16000,1024,80.39,0.8805,0.04,0.0602,0.0192
2026-08-26T02:11:57.825+02:00,1000,1024,1040,1070,127,604,14,7220,0.0323,0.0314,0.1709,0.1037,0.2135,1.9167,2.899,10.275,100.025,5.46,77.82,101.56,0.0084,0.0096,0.0321,16000,1024,462.17,0.9457,0.0389,0.0124,0.003
2026-08-26T02:12:57.815+02:00,1000,1024,1031,1061,128,605,16,7238,1.3805,0.2149,0.1552,2.1536,0.3862,1.925,1.535,1.495,115.436,49.1,49.12,49.26,1.2293,0.1862,0.0599,16000,1024,262.24,0.7403,0.2122,0.0304,0.0171
2026-08-26T02:13:27.810+02:00,1000,1024,1024,1053,128,606,1,7239,1.3518,0.2216,0.1086,2.044,0.4013,1.9277,1.545,1.57,194.567,49.36,49.35,49.42,1.9596,0.3165,0.0669,16000,1024,307.0,0.4803,0.484,0.023,0.0126
2026-08-26T02:14:27.810+02:00,1000,1024,1024,1053,129,608,4,7254,1.3243,0.2254,0.1518,2.7751,0.8149,2.2338,1.55,1.691,134.468,49.41,49.39,49.48,1.6955,0.2836,0.0597,16000,1024,310.11,0.622,0.3526,0.0176,0.0078
2026-08-26T02:14:57.809+02:00,1000,1024,1024,1053,129,608,0,7254,1.3559,0.2346,0.605,7.102,0.4023,1.7469,2.852,1.587,7.126,49.36,49.37,62.45,1.892,0.3292,0.1642,16000,1024,409.54,0.7251,0.2454,0.0213,0.0083
2026-08-26T02:15:27.812+02:00,1000,1024,1024,1053,129,609,0,7254,1.3635,0.2228,0.0683,2.0416,0.4017,0.2391,1.537,1.566,2.927,49.33,49.34,49.33,1.987,0.3184,0.0706,16000,1024,340.95,0.513,0.4628,0.0152,0.0089
2026-08-26T02:16:27.811+02:00,1000,1024,1024,1053,130,610,1,7261,1.3746,0.233,0.6186,2.0451,0.4032,1.739,1.535,1.588,6.816,49.19,49.2,62.59,1.9066,0.3129,0.1929,16000,1024,354.54,0.5006,0.4725,0.0195,0.0074
2026-08-26T02:16:57.816+02:00,1000,1024,1024,1053,130,611,11,7272,1.4325,0.2187,0.1696,2.2475,0.4159,2.2363,1.553,1.607,116.45,49.28,49.31,49.33,1.691,0.2576,0.0631,16000,1024,345.46,0.6711,0.296,0.0211,0.0118
2026-08-26T02:17:27.812+02:00,1000,1024,1024,1053,130,611,0,7272,1.4898,0.2149,0.0801,2.205,0.3769,0.2624,1.534,1.522,2.865,49.32,49.33,49.31,2.1784,0.3065,0.0868,16000,1024,309.08,0.5495,0.4082,0.0269,0.0154
2026-08-26T02:17:57.813+02:00,1000,1024,1024,1053,130,612,17,7289,1.5532,0.2109,0.2052,11.1906,0.3758,1.9343,4.037,1.507,69.314,48.35,48.61,209.07,0.6457,0.0851,0.0478,16000,1024,326.34,0.6359,0.3349,0.0204,0.0088
2026-08-26T02:18:27.816+02:00,1000,1024,1029,1058,130,616,6,7295,1.5545,0.2212,0.5437,2.3815,0.4093,1.7933,1.541,1.635,9.474,49.34,49.34,62.26,2.0783,0.2879,0.1223,16000,1024,359.26,0.7105,0.2614,0.0199,0.0082
2026-08-26T02:18:57.833+02:00,1000,1024,1045,1074,130,617,11,7306,1.6559,0.2067,0.2749,13.5958,0.3945,2.228,5.773,1.542,42.159,49.25,49.25,49.36,1.6956,0.2254,0.0893,16000,1024,335.71,0.5554,0.419,0.0189,0.0066
2026-08-26T02:19:27.813+02:00,1000,1024,1024,1053,130,618,3,7309,1.6139,0.206,0.0894,2.4084,0.3604,0.2757,1.527,1.506,2.684,49.27,49.27,49.28,2.243,0.2827,0.1046,16000,1024,323.7,0.6191,0.3514,0.0193,0.0101
2026-08-26T02:19:57.824+02:00,1000,1024,1035,1065,130,619,16,7325,1.6108,0.2052,0.2521,2.4443,0.4011,2.239,1.545,1.519,52.571,49.26,49.21,46.61,1.5637,0.1906,0.0594,16000,1024,325.0,0.6722,0.2967,0.022,0.0091
2026-08-26T02:20:27.813+02:00,1000,1024,1024,1053,130,619,11,7336,1.638,0.2028,0.1477,2.526,0.416,1.9493,1.553,1.522,103.991,49.25,49.18,49.2,1.4702,0.1864,0.0786,16000,1024,396.33,0.6914,0.2874,0.0153,0.006
2026-08-26T02:20:57.814+02:00,1000,1024,1024,1053,130,620,12,7348,1.6385,0.2044,0.2133,2.5308,0.3912,2.0293,1.545,1.511,70.043,49.09,49.05,48.96,1.1145,0.1383,0.0659,16000,1024,428.71,0.7058,0.2742,0.016,0.0039
2026-08-26T02:21:27.815+02:00,1000,1024,1024,1053,130,620,35,7383,1.6899,0.2024,0.2744,6.4894,0.4109,2.2358,1.707,1.499,39.67,14.11,14.14,33.04,0.9469,0.0963,0.0505,16000,1024,893.47,0.9663,0.0305,0.0021,0.0011
2026-08-26T02:21:57.815+02:00,1000,1024,1024,1053,130,620,9,7392,1.6492,0.2022,0.224,2.5194,0.407,2.2565,1.549,1.545,60.597,49.07,49.09,49.26,1.7111,0.2058,0.0686,16000,1024,364.58,0.7528,0.2177,0.0241,0.0055
2026-08-26T02:23:27.822+02:00,1000,1024,1031,1061,132,621,36,7456,1.729,0.1996,0.2934,7.5298,0.3955,2.2459,1.987,1.513,34.294,35.26,32.9,33.51,0.6975,0.0836,0.0488,16000,1024,396.38,0.7686,0.2126,0.0112,0.0076
2026-08-26T02:23:57.815+02:00,1000,1024,1024,1053,132,623,11,7467,1.7071,0.2006,0.1572,2.6913,0.3947,1.9771,1.565,1.506,86.25,49.18,49.17,49.34,2.0689,0.2201,0.1047,16000,1024,367.56,0.75,0.2224,0.0164,0.0113
2026-08-26T02:24:57.871+02:00,1000,1024,1078,1108,133,624,27,7504,1.7448,0.2007,0.2809,9.5082,0.4166,2.2591,2.328,1.548,42.108,49.16,49.18,21.37,1.1959,0.1264,0.0552,16000,1024,362.52,0.7409,0.2427,0.0093,0.007
2026-08-26T02:25:27.819+02:00,1000,1024,1026,1055,133,626,25,7529,1.7344,0.2014,0.254,2.5762,0.3992,2.2685,1.542,1.508,49.032,12.67,12.72,50.21,0.6823,0.0852,0.0478,16000,1024,372.33,0.7882,0.1866,0.0121,0.0131
2026-08-26T02:25:57.826+02:00,1000,1024,1030,1060,133,628,33,7562,1.838,0.2035,0.2664,13.6692,0.4058,2.2611,5.134,1.476,40.891,14.12,49.01,28.24,0.985,0.0998,0.0458,16000,1024,420.38,0.7878,0.195,0.0136,0.0037
2026-08-26T02:26:27.817+02:00,1000,1024,1024,1053,133,628,15,7577,1.7916,0.2036,0.2602,6.9971,0.8119,1.9645,1.719,1.742,44.587,49.18,49.21,49.09,1.7595,0.2049,0.0982,16000,1024,363.43,0.7283,0.248,0.0135,0.0102
2026-08-26T02:26:57.819+02:00,1000,1024,1024,1053,133,629,4,7581,1.8224,0.2167,0.6001,4.0632,0.4094,1.8084,1.536,1.697,7.864,49.08,49.09,62.15,2.2712,0.257,0.1571,16000,1024,400.15,0.8383,0.1355,0.0147,0.0115
2026-08-26T02:27:27.819+02:00,1000,1024,1024,1053,133,632,11,7592,1.8219,0.2033,0.1017,2.6752,0.3515,0.2895,1.515,1.47,2.504,49.2,49.33,49.49,1.5967,0.1708,0.0785,16000,1024,526.62,0.8939,0.0933,0.0087,0.0041
2026-08-26T02:27:57.818+02:00,1000,1024,1024,1053,133,633,17,7609,1.8309,0.2021,0.2141,2.7184,0.4012,1.9868,1.528,1.478,61.764,49.12,49.06,49.3,1.4495,0.1479,0.0541,16000,1024,422.68,0.7809,0.2037,0.0121,0.0033
2026-08-26T02:28:27.827+02:00,1000,1024,1032,1062,133,633,34,7643,1.8378,0.2023,0.2664,4.5149,0.432,2.0193,1.579,1.565,42.635,29.6,29.57,29.87,0.9802,0.1075,0.0666,16000,1024,444.93,0.7767,0.2038,0.0117,0.0078
2026-08-26T02:28:57.837+02:00,1000,1024,1040,1069,133,633,12,7655,1.8776,0.2127,0.5509,2.8015,0.4085,1.8548,1.537,1.643,9.791,49.08,49.08,62.93,2.3885,0.2591,0.1382,16000,1024,423.48,0.7808,0.203,0.0113,0.005
2026-08-26T02:29:27.821+02:00,1000,1024,1024,1053,133,633,4,7659,1.8634,0.1984,0.1543,2.8551,0.4078,2.0025,1.536,1.51,84.267,49.18,49.16,49.13,2.4851,0.2489,0.1253,16000,1024,435.76,0.7892,0.1977,0.0093,0.0038
2026-08-26T02:29:57.819+02:00,1000,1024,1024,1053,133,634,13,7672,1.8735,0.1988,0.223,2.8298,0.3977,1.9937,1.535,1.555,56.398,49.08,49.1,49.17,1.8532,0.1918,0.0936,16000,1024,406.48,0.8303,0.1458,0.0179,0.0059
2026-08-26T02:30:27.822+02:00,1000,1024,1024,1053,133,634,0,7672,1.9148,0.2162,0.629,11.8606,0.4116,1.8049,2.858,1.683,7.031,49.17,49.16,62.5,2.723,0.2898,0.1891,16000,1024,363.95,0.775,0.2135,0.008,0.0035
2026-08-26T02:30:57.821+02:00,1000,1024,1024,1053,133,634,3,7675,1.8928,0.2147,0.5911,2.8466,0.4071,1.8393,1.536,1.646,8.339,49.16,49.16,62.66,2.6111,0.2724,0.158,16000,1024,415.31,0.847,0.14,0.0102,0.0028
2026-08-26T02:31:57.823+02:00,1000,1024,1024,1053,134,635,5,7688,1.9188,0.2173,0.6273,2.8939,0.4213,1.8057,1.522,1.708,7.089,49.19,49.21,62.58,2.3754,0.2604,0.1548,16000,1024,444.38,0.7326,0.2544,0.0087,0.0043
2026-08-26T02:32:27.823+02:00,1000,1024,1024,1053,134,636,4,7692,1.9127,0.1975,0.1517,2.8526,0.4137,2.0129,1.523,1.522,76.751,49.07,49.06,49.11,2.4133,0.241,0.1235,16000,1024,397.78,0.7314,0.2527,0.0127,0.0032
2026-08-26T02:32:57.828+02:00,1000,1024,1028,1058,134,637,26,7718,1.9831,0.2001,0.2323,10.6727,0.4242,2.3009,2.24,1.541,52.221,49.12,49.12,46.19,1.0059,0.1081,0.0631,16000,1024,426.93,0.7987,0.1839,0.0123,0.0051
2026-08-26T02:33:27.823+02:00,1000,1024,1024,1053,134,637,3,7721,1.9589,0.1963,0.1557,2.8841,0.4124,2.0166,1.526,1.533,83.064,49.21,49.22,49.2,2.6634,0.2581,0.1096,16000,1024,472.55,0.754,0.2332,0.0089,0.004
2026-08-26T02:33:57.825+02:00,1000,1024,1024,1054,134,637,34,7755,1.9939,0.1964,0.2683,10.7147,0.4189,2.6084,2.293,1.585,42.952,22.32,22.45,171.0,0.8884,0.0848,0.0518,16000,1024,434.31,0.755,0.2305,0.0107,0.0038
2026-08-26T02:34:27.823+02:00,1000,1024,1024,1053,134,638,32,7787,2.0111,0.2005,0.2671,12.2693,0.3906,2.3047,2.803,1.552,42.442,49.26,49.19,49.09,1.3958,0.1277,0.0757,16000,1024,498.34,0.8003,0.1811,0.0152,0.0034
2026-08-26T02:34:57.827+02:00,1000,1024,1024,1053,134,639,12,7799,2.0043,0.1969,0.2208,3.1111,0.384,2.3061,1.531,1.595,51.727,49.13,49.14,49.21,2.4207,0.229,0.112,16000,1024,438.35,0.783,0.1961,0.0131,0.0077
2026-08-26T02:35:27.825+02:00,1000,1024,1024,1053,134,641,15,7814,1.9888,0.1956,0.2009,2.9289,0.4235,2.3181,1.525,1.527,62.37,49.0,49.06,48.85,1.5665,0.15,0.0819,16000,1024,506.78,0.7862,0.1979,0.0134,0.0024
2026-08-26T02:35:57.830+02:00,1000,1024,1029,1059,134,641,32,7846,1.9952,0.1947,0.321,3.2417,0.44,2.2734,1.581,1.642,30.322,49.21,49.1,56.11,0.9958,0.0954,0.0639,16000,1024,554.68,0.8845,0.1042,0.0084,0.0029
2026-08-26T02:36:27.825+02:00,1000,1024,1024,1053,134,643,13,7859,2.0755,0.1983,0.2354,9.8793,0.4103,2.016,1.969,1.559,52.743,49.02,49.01,48.9,2.2672,0.2025,0.1064,16000,1024,472.16,0.8577,0.1279,0.0108,0.0036
2026-08-26T02:36:57.830+02:00,1000,1024,1028,1058,134,643,31,7890,2.0664,0.1968,0.2886,4.1017,0.4131,2.3028,1.54,1.538,37.878,49.18,49.17,49.09,1.5992,0.1392,0.0892,16000,1024,427.15,0.7667,0.217,0.013,0.0033
2026-08-26T02:37:27.825+02:00,1000,1024,1024,1053,134,643,5,7895,2.0653,0.197,0.1337,3.0838,0.4135,2.0422,1.524,1.569,54.487,49.14,49.13,49.11,2.6685,0.2477,0.1424,16000,1024,477.48,0.7722,0.2168,0.0084,0.0026
2026-08-26T02:37:57.826+02:00,1000,1024,1024,1053,134,643,7,7902,2.0804,0.1981,0.1938,3.1098,0.4238,2.3313,1.52,1.583,67.624,49.18,49.19,48.98,2.2281,0.2012,0.1131,16000,1024,497.67,0.7473,0.2415,0.0085,0.0027
2026-08-26T02:38:27.846+02:00,1000,1024,1044,1073,134,643,2,7904,2.0937,0.2132,0.6406,3.136,0.4196,2.1475,1.523,1.775,7.074,49.03,49.01,19.49,2.9513,0.2785,0.1494,16000,1024,457.08,0.7904,0.1906,0.0167,0.0024
2026-08-26T02:39:27.827+02:00,1000,1024,1024,1053,135,645,1,7914,2.1448,0.1958,0.372,3.1252,0.3622,1.6571,1.519,1.558,16.966,49.17,49.19,49.12,3.0844,0.2618,0.1467,16000,1024,506.08,0.7747,0.2139,0.0083,0.003
2026-08-26T02:39:57.829+02:00,1000,1024,1024,1053,135,646,1,7915,2.1665,0.1976,0.1561,3.1827,0.3564,1.7318,1.512,1.559,45.267,49.14,49.13,49.11,3.0933,0.2668,0.1545,16000,1024,429.63,0.8133,0.1723,0.0107,0.0037
2026-08-26T02:40:27.830+02:00,1000,1024,1024,1053,135,646,1,7916,2.1927,0.1974,0.1414,3.2409,0.3621,2.0431,1.511,1.549,43.903,49.19,49.19,49.24,3.0674,0.2705,0.1634,16000,1024,494.58,0.8078,0.1762,0.0128,0.0031
2026-08-26T02:40:57.832+02:00,1000,1024,1024,1053,135,647,1,7917,2.2059,0.1959,0.1297,3.2812,0.3889,0.3349,1.517,1.58,1.989,49.12,49.13,49.09,3.1542,0.2724,0.1678,16000,1024,518.9,0.6987,0.2859,0.0117,0.0036
2026-08-26T02:41:57.842+02:00,1000,1024,1037,1066,136,653,19,7962,2.202,0.1972,0.2682,3.2885,0.4236,2.3339,1.539,1.574,42.485,49.11,49.2,49.02,1.5563,0.1516,0.0958,16000,1024,450.45,0.8655,0.1231,0.0083,0.0031
2026-08-26T02:42:57.956+02:00,1000,1024,1024,1054,137,656,6,7969,2.255,0.1942,0.2889,3.3186,0.3512,2.3239,1.507,1.563,34.672,49.17,49.18,49.09,3.0791,0.26,0.1538,16000,1024,515.31,0.8618,0.1286,0.0074,0.0022
2026-08-26T02:43:27.952+02:00,1000,1024,1024,1053,137,656,8,7977,0.0338,0.0289,0.0795,0.1436,0.1922,2.0553,3.217,4.805,435.618,19.31,71.83,28.91,0.0085,0.0078,0.0225,16000,1024,353.85,0.9598,0.0196,0.0191,0.0015
2026-08-26T02:43:57.968+02:00,1000,1024,1032,1062,137,656,8,7985,0.0337,0.0302,0.12,0.0995,0.1919,2.0491,2.904,6.946,248.654,19.4,156.24,5.02,0.0081,0.0072,0.0181,16000,1024,104.67,0.8601,0.0748,0.0474,0.0176
2026-08-26T02:45:27.954+02:00,1000,1024,1024,1053,139,659,6,8007,0.0338,0.0308,0.1832,0.1049,0.1929,2.0376,2.837,5.845,112.279,41.16,18.0,112.22,0.0087,0.0077,0.0325,16000,1024,62.32,0.5112,0.2107,0.2537,0.0244
2026-08-26T02:45:57.954+02:00,1000,1024,1024,1053,139,659,5,8012,0.4713,0.0323,0.1769,10.6276,0.193,2.0416,504.821,8.146,113.614,19.66,7.44,93.92,0.0201,0.0066,0.0224,16000,1024,235.71,0.847,0.1241,0.0252,0.0038
2026-08-26T02:46:57.956+02:00,1000,1024,1024,1053,140,660,5,8019,0.033,0.0304,0.1198,0.1153,0.1625,2.0513,2.875,3.912,251.988,39.09,156.03,33.55,0.0079,0.0069,0.0224,16000,1024,58.11,0.7605,0.1105,0.1094,0.0196
2026-08-26T02:47:27.954+02:00,1000,1024,1024,1053,140,662,3,8022,0.0331,0.0303,0.1202,0.1016,0.1967,2.3494,2.991,4.612,266.058,60.43,61.46,126.15,0.0069,0.0087,0.0258,16000,1024,123.16,0.8148,0.0617,0.1052,0.0182
2026-08-26T02:47:57.954+02:00,1000,1024,1024,1053,140,662,1,8023,0.0331,0.0299,0.1069,0.1083,0.1965,2.3488,3.008,4.476,358.237,116.05,84.93,23.28,0.0073,0.0071,0.0176,16000,1024,112.03,0.8488,0.0922,0.0485,0.0105
2026-08-26T02:48:27.955+02:00,1000,1024,1024,1053,140,663,1,8024,0.0328,0.03,0.0769,0.105,0.1947,2.0451,3.03,4.403,488.81,39.17,181.54,90.67,0.0067,0.0062,0.0103,16000,1024,144.81,0.3703,0.4852,0.1372,0.0072
2026-08-26T02:48:57.964+02:00,1000,1024,1030,1060,140,664,6,8030,0.0335,0.0342,0.2345,0.1144,0.1979,2.0155,2.838,10.251,66.87,15.18,31.94,6.52,0.0077,0.0088,0.0604,16000,1024,275.54,0.9753,0.0104,0.012,0.0023
2026-08-26T02:49:57.956+02:00,1000,1024,1024,1053,141,664,2,8035,0.0328,0.03,0.0935,0.1217,0.1966,2.0331,3.005,6.133,331.124,43.24,133.87,204.85,0.0077,0.0074,0.0139,16000,1024,518.01,0.9665,0.0231,0.0085,0.0019
2026-08-26T02:50:27.956+02:00,1000,1024,1024,1054,141,666,5,8040,0.034,0.0306,0.1474,0.1156,0.1971,2.0255,3.381,7.164,141.651,100.23,14.82,119.87,0.0087,0.0059,0.0222,16000,1024,58.31,0.8133,0.0807,0.0687,0.0373
2026-08-26T02:50:57.957+02:00,1000,1024,1024,1053,141,668,3,8043,0.0331,0.0295,0.0441,0.1182,0.0981,0.1481,3.348,2.895,3.027,59.26,26.74,5.51,0.0087,0.0071,0.0119,16000,1024,169.94,0.9521,0.0224,0.022,0.0035
2026-08-26T02:51:27.958+02:00,1000,1024,1024,1053,141,670,2,8045,0.0339,0.0721,0.6921,0.1066,0.1718,1.7739,2.78,4.373,5.645,18.62,62.27,62.42,0.0079,0.023,0.2243,16000,1024,66.8,0.781,0.0924,0.0907,0.0358
2026-08-26T02:51:57.959+02:00,1000,1024,1024,1053,141,672,0,8045,0.0332,0.0294,0.0688,0.1009,0.085,1.72,2.819,2.875,382.848,24.36,7.58,64.63,0.0076,0.0071,0.0136,16000,1024,61.47,0.745,0.1435,0.0954,0.0161
2026-08-26T02:52:27.957+02:00,1000,1024,1024,1053,141,673,6,8051,0.0317,0.0327,0.1577,0.1147,0.2013,2.0197,2.954,7.856,144.701,125.02,100.04,126.88,0.0085,0.0082,0.0259,16000,1024,56.0,0.7582,0.0703,0.1325,0.039
2026-08-26T02:52:57.958+02:00,1000,1024,1024,1053,141,674,0,8051,0.0323,0.031,0.159,0.0929,0.2002,2.3231,2.665,4.63,153.048,21.33,13.91,104.11,0.0073,0.0071,0.0275,16000,1024,329.94,0.9624,0.024,0.0115,0.0021
2026-08-26T02:53:27.958+02:00,1000,1024,1024,1053,141,675,0,8051,0.0324,0.0305,0.0709,0.1126,0.1991,1.7153,3.162,4.383,335.176,41.84,40.87,60.31,0.0077,0.0072,0.0149,16000,1024,232.28,0.9377,0.0134,0.0409,0.008
2026-08-26T02:53:57.985+02:00,1000,1024,1050,1079,141,676,20,8071,0.0336,0.0319,0.2236,0.1158,0.1983,2.3015,2.867,9.438,74.781,47.6,13.29,91.77,0.0095,0.0085,0.0507,16000,1024,56.92,0.8458,0.0678,0.0624,0.024
2026-08-26T02:54:27.963+02:00,1000,1024,1027,1057,141,676,11,8082,0.0329,0.0316,0.1132,0.1265,0.1999,2.0158,3.248,5.64,247.375,210.21,11.46,57.69,0.008,0.0076,0.0274,16000,1024,58.55,0.7963,0.0814,0.101,0.0213
2026-08-26T02:54:57.959+02:00,1000,1024,1024,1053,141,676,8,8090,0.0329,0.0316,0.1562,0.0994,0.1998,2.0049,2.911,7.198,146.078,113.12,43.3,104.54,0.0096,0.008,0.0239,16000,1024,1283.43,0.9987,0.0008,0.0004,0.0001
2026-08-26T02:55:27.964+02:00,1000,1024,1024,1053,141,676,10,8100,0.3343,0.0349,0.2035,10.6398,0.1996,2.3034,1002.605,9.965,93.048,165.23,127.93,383.84,0.0304,0.0076,0.0345,16000,1024,246.31,0.9596,0.016,0.0168,0.0076
2026-08-26T02:56:27.962+02:00,1000,1024,1024,1053,142,677,4,8105,0.0326,0.0307,0.0933,0.118,0.1983,2.0074,2.875,4.395,316.646,181.55,30.17,105.36,0.006,0.0087,0.0137,16000,1024,173.47,0.9501,0.0251,0.0173,0.0075
2026-08-26T02:56:57.961+02:00,1000,1024,1024,1053,142,678,1,8106,0.0317,0.0297,0.1434,0.1094,0.2008,2.0029,3.015,6.746,167.326,100.23,182.3,19.36,0.0075,0.0058,0.023,16000,1024,92.08,0.8214,0.0711,0.096,0.0114
2026-08-26T02:57:27.965+02:00,1000,1024,1024,1053,142,679,0,8106,0.0336,0.0312,0.0927,0.1108,0.2017,2.0049,2.921,5.794,323.798,91.95,119.45,219.69,0.0071,0.0073,0.0219,16000,1024,440.04,0.9678,0.0218,0.0081,0.0024
2026-08-26T02:57:57.961+02:00,1000,1024,1024,1053,142,680,3,8109,0.0345,0.0328,0.1577,0.1401,0.2022,1.9934,3.217,6.495,125.726,49.82,82.38,20.11,0.0087,0.0078,0.0268,16000,1024,176.3,0.8876,0.0631,0.0426,0.0067
2026-08-26T02:58:27.964+02:00,1000,1024,1024,1053,142,681,2,8111,0.0339,0.0311,0.1248,0.1164,0.204,1.9988,3.027,6.158,194.592,168.91,55.09,222.25,0.0078,0.0077,0.0241,16000,1024,52.67,0.8764,0.0508,0.05,0.0228
2026-08-26T02:58:57.967+02:00,1000,1024,1024,1053,142,682,1,8112,0.0319,0.0298,0.1238,0.0943,0.0986,1.9934,2.962,2.871,198.589,2.18,9.49,220.92,0.0073,0.0072,0.0162,16000,1024,123.51,0.7975,0.1039,0.0878,0.0108
2026-08-26T02:59:27.971+02:00,1000,1024,1031,1061,142,684,3,8115,0.3343,0.0306,0.1126,10.6389,0.2044,1.9964,1002.021,7.939,242.113,5.85,98.07,197.14,0.008,0.0076,0.0144,16000,1024,425.12,0.9735,0.0178,0.0067,0.002
2026-08-26T02:59:57.974+02:00,1000,1024,1033,1063,142,685,5,8120,0.0339,0.0332,0.1339,0.1276,0.2019,2.2952,3.128,6.544,203.757,44.87,109.03,213.9,0.0077,0.0071,0.0258,16000,1024,182.82,0.9314,0.0215,0.0438,0.0033
2026-08-26T03:00:27.964+02:00,1000,1024,1024,1053,142,686,3,8123,0.0339,0.0315,0.1529,0.2285,0.2037,2.294,6.39,6.267,147.838,91.45,67.1,308.36,0.0091,0.0067,0.0331,16000,1024,292.45,0.9709,0.0152,0.0103,0.0036
2026-08-26T03:00:57.973+02:00,1000,1024,1033,1063,142,686,5,8128,0.0323,0.0306,0.098,0.0998,0.2041,1.9882,2.885,6.41,331.501,87.79,27.96,46.93,0.0064,0.0083,0.0124,16000,1024,94.16,0.9211,0.0232,0.0492,0.0064
2026-08-26T03:01:27.965+02:00,1000,1024,1024,1053,142,686,3,8131,0.0334,0.0331,0.1632,0.1324,0.2033,1.9811,3.662,7.553,127.767,39.1,167.57,27.73,0.0078,0.0076,0.0214,16000,1024,532.05,0.9671,0.0243,0.007,0.0016
2026-08-26T03:01:57.991+02:00,1000,1024,1050,1079,142,687,12,8143,0.4715,0.0353,0.2181,10.6299,0.2027,2.2767,504.533,10.467,73.397,59.62,137.01,223.78,0.0627,0.0083,0.0403,16000,1024,237.09,0.947,0.024,0.0214,0.0075
2026-08-26T03:02:57.971+02:00,1000,1024,1024,1053,143,691,0,8153,0.0335,0.0318,0.1292,0.1212,0.2069,1.9814,2.945,4.38,164.198,88.38,77.58,276.41,0.009,0.0073,0.0199,16000,1024,127.65,0.9055,0.0414,0.0421,0.0109
2026-08-26T03:03:27.966+02:00,1000,1024,1024,1053,143,692,2,8155,0.0336,0.0306,0.0439,0.103,0.1159,0.1459,2.885,2.998,2.881,120.39,127.05,54.32,0.0079,0.0071,0.0101,16000,1024,391.6,0.9284,0.0385,0.0289,0.0042
2026-08-26T03:03:57.968+02:00,1000,1024,1024,1053,143,692,1,8156,0.0323,0.031,0.1552,0.1037,0.2063,2.2805,2.944,7.942,147.97,5.59,118.56,274.38,0.0073,0.0089,0.0291,16000,1024,82.82,0.903,0.0516,0.0364,0.009
2026-08-26T03:04:27.966+02:00,1000,1024,1024,1053,143,693,1,8157,0.0345,0.0297,0.0766,0.1252,0.2051,1.984,3.061,5.089,440.65,64.22,15.83,107.26,0.01,0.0065,0.0116,16000,1024,115.16,0.7089,0.1034,0.1761,0.0116
2026-08-26T03:04:57.990+02:00,1000,1024,1045,1075,143,693,34,8191,0.3343,0.039,0.2838,10.6382,0.2053,2.2536,1001.568,11.442,45.406,14.58,34.93,267.81,0.02,0.0093,0.0497,16000,1024,64.84,0.8482,0.0884,0.0475,0.016
2026-08-26T03:05:27.967+02:00,1000,1024,1024,1053,143,693,5,8196,0.032,0.0301,0.0452,0.1111,0.0893,0.1672,2.935,2.823,2.911,37.94,125.93,60.61,0.0078,0.0076,0.0094,16000,1024,81.69,0.8295,0.0654,0.084,0.021
2026-08-26T03:05:57.968+02:00,1000,1024,1024,1053,143,693,9,8205,0.031,0.0324,0.1445,0.1069,0.2061,2.2743,2.938,7.176,177.284,68.36,24.68,272.92,0.0082,0.0082,0.0335,16000,1024,284.15,0.9467,0.0307,0.0193,0.0034
2026-08-26T03:06:57.968+02:00,1000,1024,1024,1053,144,698,3,8209,0.0316,0.0324,0.1574,0.0991,0.2059,1.9657,2.842,8.59,142.301,1.86,71.54,180.86,0.0081,0.0083,0.0305,16000,1024,69.55,0.7568,0.0426,0.1874,0.0132
2026-08-26T03:07:27.969+02:00,1000,1024,1024,1053,144,698,5,8214,0.033,0.0308,0.1372,0.1104,0.2067,1.9661,3.019,8.297,165.202,71.29,6.06,28.97,0.0082,0.007,0.0247,16000,1024,277.11,0.9541,0.027,0.0147,0.0041
2026-08-26T03:07:57.978+02:00,1000,1024,1031,1061,144,699,1,8215,0.033,0.0322,0.1308,0.1031,0.2089,1.9665,2.738,8.945,199.174,41.19,87.97,27.4,0.0078,0.0076,0.0233,16000,1024,115.01,0.9341,0.0184,0.0369,0.0106
2026-08-26T03:08:27.969+02:00,1000,1024,1024,1053,144,699,2,8217,0.0332,0.0311,0.0912,0.1199,0.207,1.9671,3.012,6.253,317.788,25.02,78.76,98.27,0.0086,0.0082,0.0147,16000,1024,84.41,0.8643,0.0802,0.0441,0.0114
2026-08-26T03:09:27.971+02:00,1000,1024,1024,1053,145,701,1,8239,0.0327,0.0296,0.0983,0.1132,0.2082,1.9629,2.877,5.124,310.424,19.95,108.75,125.97,0.0073,0.0078,0.0225,16000,1024,480.49,0.9794,0.0071,0.0124,0.0011
2026-08-26T03:09:57.974+02:00,1000,1024,1024,1053,145,701,5,8244,0.3344,0.0311,0.0686,10.642,0.2071,1.6554,1001.489,4.602,331.961,213.64,33.06,55.48,0.0198,0.0068,0.0106,16000,1024,241.61,0.984,0.0076,0.0058,0.0025
2026-08-26T03:11:27.996+02:00,1000,1024,1024,1053,147,702,10,8281,0.0348,0.0485,0.3223,0.2289,0.2033,2.2148,4.356,10.595,26.557,102.27,133.39,289.83,0.0088,0.0086,0.0548,16000,1024,62.92,0.7969,0.0755,0.1052,0.0224
2026-08-26T03:11:57.997+02:00,1000,1024,1024,1053,147,702,3,8284,0.0333,0.0315,0.1422,0.1124,0.2098,1.9575,3.157,7.919,140.744,47.26,211.74,97.28,0.0076,0.0074,0.0254,16000,1024,125.43,0.9052,0.0498,0.0344,0.0105
2026-08-26T03:12:27.997+02:00,1000,1024,1024,1053,147,703,10,8294,0.4714,0.0365,0.2278,10.6284,0.2092,1.9393,504.804,13.509,66.62,43.81,36.62,286.22,0.0851,0.0087,0.0457,16000,1024,82.44,0.8921,0.0442,0.0454,0.0183
2026-08-26T03:13:27.999+02:00,1000,1024,1024,1053,148,705,8,8305,0.0357,0.0317,0.1687,0.227,0.2095,2.2594,5.495,7.942,127.866,110.99,73.6,146.41,0.0104,0.0078,0.0245,16000,1024,90.88,0.9011,0.0278,0.0594,0.0117
2026-08-26T03:13:58.000+02:00,1000,1024,1024,1053,148,705,1,8306,0.0325,0.028,0.0759,0.1015,0.2095,1.9624,2.904,5.686,437.794,158.92,95.21,59.71,0.0084,0.0066,0.0125,16000,1024,274.05,0.9439,0.0372,0.0148,0.0041
2026-08-26T03:14:28.000+02:00,1000,1024,1024,1053,148,705,1,8307,0.0337,0.0307,0.0921,0.1033,0.2093,1.9624,2.884,4.865,303.105,60.78,119.55,272.47,0.0086,0.0066,0.0149,16000,1024,122.43,0.941,0.0146,0.0359,0.0085
2026-08-26T03:14:58.026+02:00,1000,1024,1049,1079,148,707,9,8316,0.4712,0.0323,0.1674,10.6267,0.2113,1.9451,505.073,9.379,97.862,121.14,104.42,114.2,0.0208,0.0065,0.0207,16000,1024,75.0,0.8771,0.0812,0.0297,0.012
2026-08-26T03:15:58.011+02:00,1000,1024,1031,1061,149,710,20,8339,0.3345,0.0345,0.2661,10.6384,0.2109,2.0574,999.039,12.359,47.758,40.12,3.41,222.84,0.0138,0.0079,0.0543,16000,1024,60.98,0.7516,0.1245,0.1021,0.0218
2026-08-26T03:16:28.008+02:00,1000,1024,1024,1053,149,710,11,8350,0.3344,0.0325,0.161,10.6371,0.2091,1.9399,1000.22,11.536,123.483,111.77,27.36,59.7,0.016,0.0071,0.0148,16000,1024,127.04,0.9529,0.0208,0.0179,0.0083
2026-08-26T03:17:28.004+02:00,1000,1024,1024,1053,150,712,9,8361,0.3343,0.0309,0.1615,10.6366,0.2079,2.251,1000.823,8.472,129.226,72.29,79.76,153.92,0.0451,0.007,0.0346,16000,1024,234.38,0.943,0.0272,0.0223,0.0076
2026-08-26T03:17:58.001+02:00,1000,1024,1024,1053,150,712,0,8361,0.0323,0.0356,0.1964,0.1222,0.2071,1.9293,3.036,11.597,90.932,84.18,44.39,57.35,0.008,0.0072,0.0266,16000,1024,101.43,0.8064,0.0491,0.133,0.0115
2026-08-26T03:18:28.002+02:00,1000,1024,1024,1053,150,713,0,8361,0.0341,0.1599,0.6122,0.1196,5.0043,8.7157,3.059,937.767,200.649,11.3,37.94,263.7,0.0082,0.0089,0.0463,16000,1024,80.71,0.9044,0.0404,0.0421,0.0131
2026-08-26T03:18:58.002+02:00,1000,1024,1024,1053,150,714,1,8362,0.033,0.0366,0.1969,0.1426,0.2073,1.9334,3.223,11.427,90.712,141.59,39.19,201.17,0.0069,0.0078,0.0321,16000,1024,57.6,0.7442,0.1177,0.112,0.0261
2026-08-26T03:19:28.004+02:00,1000,1024,1024,1053,150,715,3,8365,0.0339,0.0304,0.1257,0.1018,0.2103,1.9383,2.933,8.916,193.29,44.41,123.82,9.54,0.0082,0.0081,0.0222,16000,1024,84.62,0.8428,0.0889,0.0518,0.0165
2026-08-26T03:19:58.004+02:00,1000,1024,1024,1053,150,716,2,8367,0.033,0.0312,0.0992,0.0945,0.2113,1.6382,2.94,6.433,218.025,84.11,73.53,40.33,0.0084,0.0089,0.0244,16000,1024,218.14,0.9753,0.0071,0.0126,0.0051
2026-08-26T03:20:28.004+02:00,1000,1024,1024,1053,150,716,1,8368,0.0312,0.0308,0.3569,0.1022,0.2118,1.8749,2.87,4.969,22.485,104.7,158.57,125.07,0.0086,0.0073,0.0504,16000,1024,214.33,0.9287,0.0333,0.0304,0.0076
2026-08-26T03:20:58.004+02:00,1000,1024,1024,1053,150,717,1,8369,0.0344,0.0288,0.1296,0.2293,0.2112,1.9432,4.836,5.708,197.775,22.35,110.25,54.68,0.0087,0.0074,0.021,16000,1024,425.4,0.973,0.0185,0.0065,0.002
2026-08-26T03:21:28.005+02:00,1000,1024,1024,1053,150,718,5,8374,0.3343,0.0305,0.1263,10.637,0.2105,2.0427,1001.522,6.738,203.005,22.3,15.82,67.35,0.0157,0.0083,0.0266,16000,1024,96.44,0.828,0.0794,0.0816,0.0109
2026-08-26T03:21:58.005+02:00,1000,1024,1024,1053,150,718,0,8374,0.0331,0.0339,0.1665,0.1204,0.2096,1.9346,3.074,11.641,124.751,164.78,130.68,280.36,0.0085,0.0069,0.0298,16000,1024,73.69,0.9165,0.0316,0.0395,0.0124
2026-08-26T03:22:28.007+02:00,1000,1024,1024,1053,150,719,1,8375,0.0327,0.0295,0.2893,0.1322,0.0991,1.899,3.313,2.874,35.181,61.79,36.24,1.66,0.0069,0.0069,0.057,16000,1024,91.98,0.5249,0.2386,0.2225,0.0141
2026-08-26T03:22:58.006+02:00,1000,1024,1024,1053,150,720,0,8375,0.065,0.0656,0.25,0.2265,0.4281,3.5709,3.013,7.623,154.153,79.51,91.86,81.81,0.0172,0.0142,0.0669,16000,1024,131.24,0.8739,0.0665,0.0438,0.0158
2026-08-26T03:23:28.005+02:00,1000,1024,1024,1053,150,720,1,8376,0.0666,0.065,0.3017,0.2699,0.4295,3.239,2.911,4.889,103.819,3.42,18.87,100.54,0.0178,0.0173,0.0652,16000,1024,71.88,0.7124,0.1439,0.1208,0.0229
2026-08-26T03:23:58.006+02:00,1000,1024,1024,1053,150,721,1,8377,0.0323,0.0317,0.1289,0.1058,0.2104,1.9377,3.088,9.615,199.279,13.1,6.78,38.04,0.0111,0.0054,0.0131,16000,1024,377.07,0.9909,0.0036,0.0044,0.0011
2026-08-26T03:24:28.006+02:00,1000,1024,1024,1053,150,722,1,8378,0.036,0.031,0.0907,0.2227,0.2134,1.9371,4.325,5.112,305.288,68.1,73.28,19.82,0.0081,0.0068,0.02,16000,1024,541.79,0.9911,0.0045,0.0039,0.0005
2026-08-26T03:24:58.006+02:00,1000,1024,1024,1053,150,723,23,8401,0.3345,0.0356,0.2561,10.639,0.2101,2.2131,998.787,12.084,51.139,46.81,62.0,176.84,0.0403,0.0096,0.0419,16000,1024,132.4,0.9351,0.0355,0.0231,0.0062
2026-08-26T03:25:58.011+02:00,1000,1024,1024,1053,151,725,0,8403,0.034,0.0343,0.1514,0.1199,0.2143,1.9265,3.094,10.458,140.824,19.37,70.39,27.02,0.0081,0.0064,0.0269,16000,1024,120.41,0.9263,0.0433,0.0212,0.0092
2026-08-26T03:26:28.010+02:00,1000,1024,1024,1053,151,725,0,8403,0.0308,0.031,0.0769,0.1025,0.2143,1.9385,2.734,4.848,394.728,216.8,247.19,46.99,0.0065,0.0067,0.0169,16000,1024,261.17,0.9759,0.0136,0.0081,0.0024
2026-08-26T03:26:58.009+02:00,1000,1024,1024,1053,151,726,5,8408,0.0326,0.0324,0.2152,0.1106,0.21,1.9174,3.012,10.572,67.421,8.24,114.27,19.88,0.0082,0.0075,0.04,16000,1024,69.81,0.7677,0.1234,0.0901,0.0189
2026-08-26T03:27:28.010+02:00,1000,1024,1024,1053,151,726,7,8415,0.0329,0.0325,0.1555,0.1251,0.2092,1.9301,3.209,8.825,138.94,75.66,11.95,134.46,0.0083,0.0064,0.0239,16000,1024,386.94,0.9812,0.0147,0.0034,0.0008
2026-08-26T03:27:58.009+02:00,1000,1024,1024,1053,151,727,5,8420,0.0318,0.0318,0.1478,0.1087,0.215,2.2324,3.009,8.53,148.928,139.69,164.83,45.1,0.007,0.0067,0.0209,16000,1024,216.91,0.9566,0.0215,0.017,0.0049
2026-08-26T03:28:28.009+02:00,1000,1024,1024,1053,151,728,0,8420,0.0334,0.0307,0.5179,0.1165,0.2143,1.7722,3.132,4.855,9.324,86.77,161.72,47.09,0.0068,0.0068,0.1093,16000,1024,59.75,0.8361,0.0564,0.0848,0.0227
2026-08-26T03:28:58.011+02:00,1000,1024,1024,1053,151,728,13,8433,0.0318,0.032,0.1668,0.0994,0.2143,2.0604,2.972,11.85,126.53,72.96,74.51,213.56,0.0084,0.0086,0.0333,16000,1024,73.05,0.8638,0.0735,0.0492,0.0134
2026-08-26T03:29:28.010+02:00,1000,1024,1024,1053,151,730,10,8443,0.4712,0.0333,0.2024,10.627,0.2128,2.2178,505.13,10.064,86.165,65.41,143.92,10.68,0.0708,0.0075,0.0388,16000,1024,134.75,0.929,0.0232,0.0397,0.0082
2026-08-26T03:29:58.010+02:00,1000,1024,1024,1053,151,730,3,8446,0.0319,0.0309,0.1283,0.1128,0.2116,1.9256,2.946,10.639,197.989,80.51,142.86,76.19,0.0083,0.0067,0.0319,16000,1024,75.19,0.8775,0.0459,0.062,0.0146
2026-08-26T03:30:28.010+02:00,1000,1024,1024,1053,151,731,3,8449,0.0312,0.0314,0.1611,0.1197,0.2156,2.0587,3.086,8.464,125.567,42.08,103.24,115.23,0.0078,0.0066,0.022,16000,1024,182.39,0.9229,0.033,0.0368,0.0073
2026-08-26T03:30:58.011+02:00,1000,1024,1024,1053,151,732,4,8453,0.0326,0.0302,0.0687,0.1207,0.2135,1.6215,3.404,5.023,304.42,31.78,204.53,107.92,0.0075,0.0072,0.0155,16000,1024,61.49,0.7837,0.1319,0.065,0.0194
2026-08-26T03:31:58.012+02:00,1000,1024,1024,1053,152,733,7,8461,0.0323,0.0289,0.0437,0.1031,0.1035,0.1587,3.005,3.165,2.888,35.77,100.11,73.99,0.0074,0.0062,0.0105,16000,1024,172.81,0.9458,0.0283,0.021,0.0049
2026-08-26T03:32:28.014+02:00,1000,1024,1024,1053,152,733,9,8470,0.0321,0.0323,0.1842,0.1065,0.2136,2.066,2.995,11.205,101.55,216.53,43.11,16.48,0.0078,0.0065,0.0286,16000,1024,144.62,0.9585,0.0118,0.023,0.0067
2026-08-26T03:32:58.013+02:00,1000,1024,1024,1053,152,733,2,8472,0.0326,0.0297,0.0741,0.1175,0.2135,1.929,2.912,5.198,449.161,124.48,39.3,169.31,0.0073,0.007,0.01,16000,1024,76.0,0.8556,0.0588,0.0739,0.0118
2026-08-26T03:33:28.013+02:00,1000,1024,1024,1053,152,733,17,8489,0.0323,0.0361,0.2261,0.0903,0.2136,2.2068,2.691,12.888,67.489,12.69,93.15,263.1,0.0092,0.0096,0.05,16000,1024,105.59,0.96,0.0173,0.0158,0.007
2026-08-26T03:33:58.015+02:00,1000,1024,1024,1053,152,733,4,8493,0.3343,0.0492,0.3115,10.636,0.2091,2.1772,1000.792,11.64,25.206,219.82,312.18,312.23,0.0278,0.0125,0.0785,16000,1024,1488.17,0.9718,0.0203,0.0065,0.0014
2026-08-26T03:34:28.014+02:00,1000,1024,1024,1053,152,733,3,8496,0.0332,0.0362,0.1895,0.113,0.2161,1.9101,3.012,11.497,90.459,68.97,40.9,180.56,0.0072,0.0074,0.0271,16000,1024,206.35,0.9728,0.0152,0.0074,0.0046
2026-08-26T03:34:58.015+02:00,1000,1024,1024,1053,152,733,2,8498,0.0339,0.0304,0.4486,0.1143,0.2173,1.8091,2.732,5.131,12.929,203.24,69.39,15.55,0.0076,0.0073,0.0922,16000,1024,264.4,0.8792,0.049,0.0673,0.0045
2026-08-26T03:35:28.015+02:00,1000,1024,1024,1053,152,735,3,8501,0.0328,0.03,0.1778,0.2247,0.2159,2.2214,4.709,5.643,117.232,66.34,5.34,76.37,0.008,0.0075,0.0357,16000,1024,135.41,0.9207,0.0485,0.0222,0.0085
2026-08-26T03:35:58.020+02:00,1000,1024,1028,1058,152,735,2,8503,1.581,0.2048,0.1373,2.377,0.3778,2.2251,1.512,1.473,123.171,49.09,49.09,49.09,2.2382,0.2794,0.1055,16000,1024,270.6,0.6948,0.2399,0.026,0.0393
2026-08-26T03:36:58.017+02:00,1000,1024,1024,1053,153,735,1,8508,1.3017,0.2224,0.0635,1.9333,0.397,0.2135,1.531,1.537,2.874,49.4,49.4,49.38,1.8865,0.3166,0.0556,16000,1024,300.65,0.4809,0.4753,0.0364,0.0075
2026-08-26T03:37:28.017+02:00,1000,1024,1024,1053,153,737,7,8515,1.3518,0.2261,0.1825,2.04,0.3889,2.2219,1.523,1.543,105.546,49.49,49.49,49.69,1.5958,0.261,0.0369,16000,1024,362.44,0.5662,0.408,0.0202,0.0056
2026-08-26T03:37:58.017+02:00,1000,1024,1024,1053,153,738,15,8530,1.4233,0.2228,0.1929,11.9257,0.4017,1.9103,6.271,1.556,74.711,49.3,49.32,124.14,1.1054,0.1831,0.0359,16000,1024,317.15,0.6552,0.3188,0.0184,0.0076
2026-08-26T03:38:28.018+02:00,1000,1024,1024,1053,153,739,3,8533,1.3557,0.2255,0.2434,2.8381,0.3987,2.205,1.527,1.566,55.244,49.45,49.44,49.46,1.9214,0.3153,0.0544,16000,1024,320.85,0.5972,0.3766,0.0182,0.008
2026-08-26T03:39:58.018+02:00,1000,1024,1024,1053,155,742,6,8570,1.423,0.2167,0.1057,9.3863,0.3897,1.9305,3.249,1.536,163.599,49.26,49.28,49.3,1.6864,0.2536,0.0525,16000,1024,337.3,0.5144,0.462,0.0159,0.0078
2026-08-26T03:40:28.018+02:00,1000,1024,1024,1053,155,743,21,8591,1.4216,0.2143,0.2276,2.2307,0.4064,2.2151,1.559,1.551,64.808,49.46,49.49,50.21,1.1719,0.1626,0.0417,16000,1024,325.4,0.6818,0.2878,0.017,0.0135
2026-08-26T03:40:58.018+02:00,1000,1024,1024,1053,155,743,18,8609,1.4858,0.2116,0.5326,2.8082,0.4065,2.0695,1.541,1.538,9.048,49.48,49.58,17.04,0.9342,0.1248,0.1014,16000,1024,378.09,0.5978,0.3713,0.0224,0.0085
2026-08-26T03:41:28.022+02:00,1000,1024,1024,1053,155,743,0,8609,1.5227,0.2103,0.1793,2.2674,0.4002,1.9261,1.529,1.528,84.618,49.34,49.34,49.35,2.2262,0.3003,0.0796,16000,1024,345.99,0.6027,0.3769,0.0124,0.008
2026-08-26T03:42:28.019+02:00,1000,1024,1024,1053,156,744,6,8617,1.5712,0.2054,0.1958,5.9696,0.3899,1.9333,1.699,1.511,69.524,49.18,49.16,49.09,1.4503,0.1939,0.0696,16000,1024,399.14,0.6824,0.2893,0.019,0.0093
2026-08-26T03:42:58.021+02:00,1000,1024,1024,1053,156,744,5,8622,1.5704,0.2026,0.1855,2.3617,0.3669,1.9302,1.535,1.531,80.299,49.3,49.31,49.33,2.0799,0.2669,0.0876,16000,1024,335.06,0.6896,0.2749,0.0278,0.0077
2026-08-26T03:43:28.020+02:00,1000,1024,1024,1053,156,744,12,8634,1.575,0.2006,0.1816,6.3757,0.4081,1.9353,1.755,1.558,81.936,49.4,49.4,49.39,1.5985,0.1987,0.0689,16000,1024,323.21,0.7505,0.2268,0.0139,0.0088
2026-08-26T03:44:28.021+02:00,1000,1024,1024,1053,157,747,3,8648,1.6296,0.2015,0.1356,2.4591,0.3936,1.9485,1.53,1.5,125.125,49.27,49.28,49.36,2.1135,0.2559,0.0942,16000,1024,434.59,0.6546,0.3257,0.0142,0.0055
2026-08-26T03:44:58.022+02:00,1000,1024,1024,1053,157,748,0,8648,1.6587,0.1997,0.1337,2.4579,0.3993,1.9573,1.522,1.515,112.687,49.24,49.24,49.23,2.3994,0.2805,0.0992,16000,1024,362.56,0.6526,0.3185,0.0179,0.011
2026-08-26T03:45:28.022+02:00,1000,1024,1024,1053,157,750,2,8650,1.6895,0.1983,0.1083,2.4967,0.3476,1.9577,1.518,1.494,105.526,49.26,49.25,49.3,2.389,0.2715,0.109,16000,1024,376.13,0.7284,0.2532,0.0117,0.0067
2026-08-26T03:45:58.023+02:00,1000,1024,1024,1053,157,751,3,8653,1.6753,0.1978,0.1422,2.909,0.3957,1.9588,1.523,1.517,106.219,49.25,49.26,49.26,2.3563,0.273,0.0968,16000,1024,376.64,0.7381,0.2461,0.0107,0.0051
2026-08-26T03:46:28.026+02:00,1000,1024,1024,1053,157,751,10,8663,1.702,0.2005,0.2232,8.145,0.4015,2.0339,1.973,1.492,60.894,49.3,49.3,49.5,1.8345,0.2117,0.0659,16000,1024,367.15,0.7858,0.1946,0.0126,0.0071
2026-08-26T03:46:58.047+02:00,1000,1024,1048,1078,157,751,15,8678,1.6736,0.2001,0.2194,3.447,0.4098,2.2548,1.519,1.52,62.547,49.14,49.18,49.23,1.5152,0.1871,0.0746,16000,1024,343.06,0.7736,0.1993,0.0191,0.008
2026-08-26T03:47:28.027+02:00,1000,1024,1024,1053,157,751,7,8685,1.6949,0.2005,0.1441,2.5212,0.3467,1.9641,1.511,1.47,101.938,49.07,49.08,49.15,1.9816,0.2312,0.0859,16000,1024,345.68,0.7067,0.274,0.0109,0.0083
2026-08-26T03:47:58.025+02:00,1000,1024,1024,1053,157,751,1,8686,1.6894,0.2007,0.1936,2.4759,0.4029,1.9552,1.521,1.487,71.434,49.22,49.22,49.28,2.407,0.2769,0.0988,16000,1024,353.75,0.7517,0.2249,0.016,0.0074
2026-08-26T03:48:28.034+02:00,1000,1024,1033,1063,157,752,23,8709,1.6798,0.1994,0.2729,2.6149,0.8013,2.2464,1.534,1.731,45.091,49.13,49.13,49.32,1.4417,0.1615,0.0808,16000,1024,365.81,0.7461,0.2316,0.0157,0.0067
2026-08-26T03:48:58.024+02:00,1000,1024,1024,1053,157,752,1,8710,1.708,0.1996,0.1947,2.5527,0.4093,1.9588,1.521,1.536,70.339,49.21,49.21,49.35,2.4667,0.2805,0.104,16000,1024,493.41,0.7685,0.2094,0.0169,0.0052
2026-08-26T03:49:28.035+02:00,1000,1024,1033,1062,157,752,9,8719,1.6966,0.1995,0.2274,2.599,0.3932,2.2724,1.529,1.493,61.652,49.16,49.16,49.17,1.989,0.2271,0.0822,16000,1024,356.36,0.7693,0.2093,0.0145,0.0069
2026-08-26T03:49:58.034+02:00,1000,1024,1024,1053,157,754,0,8719,1.7024,0.1985,0.1393,2.5508,0.4066,1.9722,1.523,1.49,118.206,49.19,49.19,49.06,2.4543,0.2763,0.0915,16000,1024,350.71,0.7126,0.2653,0.0153,0.0067
2026-08-26T03:50:28.027+02:00,1000,1024,1024,1053,157,755,5,8724,1.7243,0.1933,0.2344,7.1711,0.4018,2.2668,1.774,1.509,54.064,49.16,49.16,49.17,2.2165,0.241,0.0864,16000,1024,365.39,0.7484,0.2298,0.0143,0.0075
2026-08-26T03:50:58.026+02:00,1000,1024,1024,1053,157,755,1,8725,1.7318,0.1954,0.1985,3.4369,0.3753,1.9668,1.532,1.49,61.715,49.17,49.17,49.11,2.4699,0.2676,0.109,16000,1024,424.21,0.7332,0.2453,0.0174,0.0041
2026-08-26T03:51:28.027+02:00,1000,1024,1024,1053,157,755,2,8727,1.766,0.1938,0.0928,2.6066,0.3519,0.2855,1.525,1.506,2.406,49.03,49.02,49.03,2.3933,0.2548,0.1039,16000,1024,339.95,0.7392,0.2388,0.0161,0.0059
2026-08-26T03:51:58.026+02:00,1000,1024,1024,1053,157,755,1,8728,1.7761,0.1945,0.1159,2.6193,0.344,1.9866,1.525,1.47,85.41,49.17,49.18,49.21,2.534,0.2699,0.1254,16000,1024,414.66,0.7275,0.2546,0.0133,0.0046
2026-08-26T03:52:28.027+02:00,1000,1024,1024,1053,157,756,0,8728,1.7816,0.1941,0.1821,4.0607,0.3539,1.9769,1.542,1.487,75.148,49.16,49.16,49.16,2.5578,0.2706,0.1179,16000,1024,413.87,0.7469,0.2394,0.0086,0.0051
2026-08-26T03:52:58.029+02:00,1000,1024,1024,1053,157,756,12,8740,1.7937,0.1896,0.2158,3.2402,0.4251,2.2757,1.569,1.6,66.973,49.23,49.23,49.29,2.0237,0.2112,0.0691,16000,1024,422.33,0.692,0.2981,0.0068,0.0031
2026-08-26T03:53:28.028+02:00,1000,1024,1024,1053,157,756,10,8750,1.8396,0.1963,0.1744,10.6859,0.4165,1.9808,2.538,1.539,81.597,49.07,49.09,49.09,1.5131,0.1608,0.0672,16000,1024,419.49,0.7009,0.2875,0.0079,0.0038
2026-08-26T03:53:58.028+02:00,1000,1024,1024,1053,157,756,6,8756,1.8344,0.1943,0.1797,9.3866,0.3691,1.9924,2.126,1.522,74.7,49.14,49.14,49.11,2.1477,0.2297,0.0949,16000,1024,451.15,0.6663,0.321,0.0088,0.0039
2026-08-26T03:54:28.042+02:00,1000,1024,1037,1067,157,756,22,8778,1.7962,0.1927,0.2633,4.0113,0.419,2.272,1.565,1.539,45.285,49.14,49.11,31.57,1.2247,0.1107,0.0633,16000,1024,356.83,0.7583,0.2264,0.0094,0.0059
2026-08-26T03:54:58.029+02:00,1000,1024,1024,1053,157,757,0,8778,1.8302,0.1947,0.2102,2.6848,0.4116,1.9837,1.53,1.583,62.414,49.03,49.04,49.0,2.5746,0.2666,0.1136,16000,1024,441.29,0.7122,0.2702,0.0123,0.0053
2026-08-26T03:55:28.029+02:00,1000,1024,1024,1053,157,758,2,8780,1.9013,0.1925,0.1575,14.2818,0.4137,1.9951,4.47,1.505,88.738,49.14,49.12,49.14,2.601,0.2617,0.1247,16000,1024,382.26,0.7639,0.2168,0.0138,0.0056
2026-08-26T03:55:58.053+02:00,1000,1024,1045,1075,157,760,14,8794,1.8401,0.1955,0.2651,5.7837,0.4152,1.9682,1.615,1.514,41.65,49.15,49.16,49.17,2.0693,0.2122,0.0903,16000,1024,420.96,0.777,0.2076,0.0095,0.0059
2026-08-26T03:56:28.030+02:00,1000,1024,1024,1053,157,761,8,8802,1.8458,0.1925,0.2634,4.0773,0.4124,1.9797,1.544,1.539,45.219,49.11,49.12,49.23,2.2909,0.2313,0.1216,16000,1024,406.1,0.7158,0.2697,0.01,0.0044
2026-08-26T03:56:58.031+02:00,1000,1024,1024,1053,157,762,14,8816,1.8635,0.1911,0.2078,4.4673,0.4241,1.9809,1.612,1.561,57.007,49.2,49.22,49.17,1.6856,0.1779,0.0747,16000,1024,398.18,0.8256,0.1492,0.0203,0.0049
2026-08-26T03:57:28.030+02:00,1000,1024,1024,1053,157,763,7,8823,1.9468,0.1933,0.2468,11.8909,0.4121,2.2968,2.772,1.54,54.148,49.17,49.18,49.18,2.1989,0.214,0.1038,16000,1024,434.0,0.7557,0.2278,0.0121,0.0044
2026-08-26T03:58:28.034+02:00,1000,1024,1024,1053,158,767,4,8834,1.9217,0.1916,0.1876,2.8442,0.3525,2.0024,1.527,1.502,64.275,49.13,49.14,49.08,2.5518,0.2471,0.1239,16000,1024,421.32,0.7861,0.1949,0.0147,0.0042
2026-08-26T03:58:58.032+02:00,1000,1024,1024,1053,158,767,1,8835,1.9605,0.1916,0.1633,2.8689,0.3587,2.0067,1.52,1.552,68.52,49.17,49.17,49.17,2.8061,0.2654,0.1331,16000,1024,391.21,0.7757,0.1999,0.0192,0.0052
2026-08-26T03:59:28.032+02:00,1000,1024,1024,1053,158,768,9,8844,1.9521,0.1921,0.2385,2.8742,0.4074,2.3043,1.527,1.519,54.319,49.14,49.16,49.06,1.867,0.1887,0.083,16000,1024,481.14,0.6817,0.3067,0.0091,0.0025
2026-08-26T03:59:58.032+02:00,1000,1024,1024,1053,158,768,3,8847,1.9768,0.1936,0.1807,2.9385,0.4102,2.0081,1.525,1.567,75.041,49.18,49.2,49.15,2.5918,0.2446,0.1124,16000,1024,461.83,0.6125,0.3764,0.0077,0.0033
2026-08-26T04:00:28.033+02:00,1000,1024,1024,1053,158,769,1,8848,1.9968,0.1909,0.1424,2.955,0.4161,2.3215,1.519,1.58,89.845,49.17,49.16,49.14,2.8708,0.2649,0.1379,16000,1024,473.17,0.75,0.2365,0.0088,0.0046
2026-08-26T04:00:58.035+02:00,1000,1024,1024,1053,158,770,10,8858,1.9859,0.1921,0.2468,2.9612,0.4204,2.3034,1.542,1.549,49.561,49.11,49.07,49.16,1.8419,0.1638,0.0837,16000,1024,474.47,0.8859,0.0985,0.0093,0.0063
2026-08-26T04:01:28.039+02:00,1000,1024,1024,1053,158,770,6,8864,2.0449,0.1928,0.2436,3.0524,0.4151,2.3074,1.523,1.576,50.286,49.23,49.23,49.24,2.5376,0.2303,0.1273,16000,1024,590.16,0.8607,0.1298,0.0069,0.0026
2026-08-26T04:01:58.034+02:00,1000,1024,1024,1053,158,770,25,8889,2.0388,0.1959,0.2778,3.0057,0.4119,1.9983,1.537,1.596,40.602,30.06,30.11,29.99,1.1356,0.1052,0.077,16000,1024,423.96,0.7517,0.2335,0.0109,0.0039
2026-08-26T04:02:28.036+02:00,1000,1024,1024,1053,158,771,0,8889,2.0562,0.1898,0.2206,5.2677,0.3735,2.3128,1.568,1.549,55.781,49.15,49.15,49.04,2.9198,0.2632,0.1394,16000,1024,379.31,0.8621,0.1163,0.0152,0.0064
2026-08-26T04:03:28.036+02:00,1000,1024,1024,1053,159,772,2,8900,2.076,0.1858,0.7172,3.2605,0.3749,2.0202,1.519,1.566,4.31,49.14,49.13,62.57,2.9727,0.2312,0.167,16000,1024,463.35,0.7822,0.203,0.0124,0.0024
2026-08-26T04:03:58.035+02:00,1000,1024,1024,1053,159,774,5,8905,2.1042,0.1863,0.6436,5.8776,0.4229,2.0989,1.553,1.577,6.046,49.13,49.09,62.53,2.6761,0.2117,0.1182,16000,1024,397.45,0.8711,0.1161,0.0091,0.0038
2026-08-26T04:04:28.036+02:00,1000,1024,1024,1053,159,774,18,8923,2.0772,0.1898,0.3067,5.8713,0.4248,2.3001,1.587,1.613,33.735,49.13,49.18,13.98,1.0917,0.0927,0.0668,16000,1024,484.66,0.6678,0.3185,0.0108,0.0029
2026-08-26T04:04:58.036+02:00,1000,1024,1024,1053,159,774,5,8928,2.1105,0.1883,0.1669,3.4715,0.4229,2.0254,1.518,1.573,64.747,49.09,49.1,49.02,2.5316,0.2155,0.1259,16000,1024,465.79,0.8477,0.1392,0.0087,0.0044
2026-08-26T04:05:28.036+02:00,1000,1024,1024,1053,159,774,0,8928,2.1331,0.1884,0.1778,3.1191,0.3786,2.0273,1.517,1.604,59.114,49.02,49.02,49.03,2.9954,0.2542,0.1381,16000,1024,533.55,0.7413,0.2495,0.0071,0.0021
2026-08-26T04:06:28.080+02:00,1000,1024,1066,1096,160,775,11,8944,2.148,0.1855,0.2288,3.17,0.3587,2.329,1.531,1.645,57.083,49.18,49.18,49.16,2.6948,0.2222,0.142,16000,1024,523.75,0.8255,0.1605,0.0109,0.0031
2026-08-26T04:07:28.038+02:00,1000,1024,1024,1053,161,775,0,8946,2.1954,0.1852,0.139,3.2243,0.3693,2.038,1.514,1.611,46.374,49.14,49.14,49.16,3.1398,0.2545,0.1653,16000,1024,471.6,0.8483,0.1376,0.0111,0.003
2026-08-26T04:07:58.038+02:00,1000,1024,1024,1053,161,777,17,8963,2.1841,0.19,0.2506,3.2858,0.4194,2.0106,1.524,1.603,42.89,49.1,49.12,49.06,1.9314,0.1693,0.101,16000,1024,448.97,0.8378,0.1453,0.0117,0.0052
2026-08-26T04:08:28.039+02:00,1000,1024,1024,1053,161,780,1,8964,2.2264,0.1898,0.2737,10.6341,0.4185,2.0131,1.959,1.714,37.537,49.16,49.17,49.15,3.0651,0.2518,0.149,16000,1024,646.83,0.9021,0.0877,0.0069,0.0033
2026-08-26T04:08:58.039+02:00,1000,1024,1024,1053,161,780,10,8974,2.22,0.1871,0.2305,3.3489,0.4233,2.0178,1.513,1.635,49.18,49.09,49.08,49.29,1.9667,0.166,0.1023,16000,1024,678.69,0.8692,0.1228,0.0065,0.0014
2026-08-26T04:09:28.041+02:00,1000,1024,1024,1053,161,783,3,8977,2.2546,0.1857,0.2394,7.1116,0.368,2.3322,1.656,1.639,49.258,49.11,49.13,49.14,2.9677,0.2373,0.1548,16000,1024,653.06,0.9254,0.0644,0.0076,0.0026
2026-08-26T04:09:58.040+02:00,1000,1024,1024,1053,161,784,10,8987,2.2407,0.1901,0.2506,3.3986,0.4231,2.0232,1.535,1.653,45.837,49.01,49.02,48.97,1.8742,0.1494,0.1007,16000,1024,559.11,0.7706,0.2171,0.0093,0.003
2026-08-26T04:10:28.041+02:00,1000,1024,1024,1053,161,784,16,9003,2.3297,0.1871,0.2795,3.3802,0.4237,2.3222,1.472,1.723,35.477,38.07,38.05,37.7,0.9521,0.0761,0.0692,16000,1024,530.59,0.742,0.2444,0.0094,0.0043
2026-08-26T04:10:58.040+02:00,1000,1024,1024,1053,161,785,4,9007,2.2918,0.1864,0.1753,3.4164,0.3885,2.0394,1.514,1.677,46.396,49.11,49.12,49.06,2.7506,0.2159,0.1459,16000,1024,546.65,0.8459,0.1435,0.0072,0.0034
2026-08-26T04:11:28.041+02:00,1000,1024,1024,1053,161,785,15,9022,2.3034,0.186,0.2177,3.4273,0.4036,2.3404,1.515,1.636,50.978,48.81,48.85,48.85,1.4365,0.1208,0.0583,16000,1024,549.18,0.8758,0.1154,0.0066,0.0022
2026-08-26T04:11:58.065+02:00,1000,1024,1047,1076,161,786,6,9028,2.2762,0.1881,0.2938,3.512,0.4202,2.3293,1.519,1.632,37.123,49.18,49.18,49.19,2.9716,0.2391,0.154,16000,1024,554.36,0.8951,0.0891,0.013,0.0027
2026-08-26T04:12:28.042+02:00,1000,1024,1024,1053,161,787,0,9028,2.3388,0.1845,0.2157,4.0488,0.3692,2.3515,1.507,1.639,48.819,49.09,49.1,49.15,3.3078,0.2546,0.1676,16000,1024,504.03,0.7736,0.2138,0.0092,0.0034
2026-08-26T04:12:58.043+02:00,1000,1024,1024,1053,161,787,14,9042,2.3306,0.189,0.2402,3.4761,0.4214,2.036,1.511,1.647,43.432,49.11,49.11,49.14,2.3073,0.1644,0.1277,16000,1024,472.25,0.8148,0.1737,0.0084,0.0031
2026-08-26T04:13:58.043+02:00,1000,1024,1024,1053,162,791,0,9047,2.3375,0.187,0.2429,3.4183,0.4204,2.0342,1.508,1.684,43.796,49.16,49.14,49.22,3.3546,0.2577,0.1814,16000,1024,504.81,0.8336,0.1561,0.0079,0.0023
2026-08-26T04:14:28.043+02:00,1000,1024,1024,1053,162,793,6,9053,2.3564,0.1863,0.224,3.4446,0.426,2.3466,1.496,1.666,52.522,49.2,49.18,49.13,2.9376,0.2265,0.1541,16000,1024,485.99,0.871,0.117,0.0082,0.0037
2026-08-26T04:14:58.045+02:00,1000,1024,1024,1053,162,793,14,9067,2.3591,0.1869,0.1903,3.4295,0.4303,2.0518,1.507,1.666,41.327,49.13,49.14,49.15,2.5824,0.1912,0.1439,16000,1024,547.88,0.8596,0.128,0.0097,0.0027
2026-08-26T04:15:28.044+02:00,1000,1024,1024,1053,162,793,0,9067,2.3833,0.1874,0.2094,3.458,0.373,2.05,1.504,1.686,46.007,49.14,49.15,49.11,3.4158,0.257,0.1851,16000,1024,517.78,0.8245,0.1632,0.0102,0.0021
2026-08-26T04:15:58.045+02:00,1000,1024,1024,1053,162,793,4,9071,2.3684,0.1872,0.2232,3.4841,0.4195,2.0461,1.504,1.723,42.587,49.1,49.09,49.03,2.9385,0.224,0.1603,16000,1024,495.18,0.8329,0.1535,0.0103,0.0033
2026-08-26T04:16:28.048+02:00,1000,1024,1024,1053,162,796,2,9073,0.0325,0.0325,0.1645,0.1066,0.1922,2.0525,3.06,6.938,126.767,16.28,153.83,179.37,0.0076,0.007,0.0365,16000,1024,100.14,0.8914,0.0807,0.0214,0.0066
2026-08-26T04:17:28.047+02:00,1000,1024,1024,1053,163,797,12,9093,0.0319,0.0339,0.2203,0.1069,0.1901,2.037,3.113,8.793,72.171,12.61,16.5,98.55,0.0076,0.0069,0.0481,16000,1024,70.19,0.8109,0.1115,0.0607,0.017
2026-08-26T04:17:58.046+02:00,1000,1024,1024,1053,163,797,12,9105,0.0368,0.0304,0.1657,0.2247,0.1899,2.0493,4.051,5.482,127.285,152.94,158.03,96.87,0.01,0.0081,0.0258,16000,1024,66.44,0.8856,0.0256,0.0719,0.0169
2026-08-26T04:18:28.047+02:00,1000,1024,1024,1053,163,798,7,9112,0.0329,0.0313,0.1424,0.1146,0.1899,2.0551,2.948,5.431,171.037,23.72,68.09,184.75,0.0081,0.0069,0.0254,16000,1024,98.87,0.7191,0.1871,0.082,0.0118
2026-08-26T04:18:58.048+02:00,1000,1024,1024,1053,163,798,1,9113,0.0347,0.0315,0.1372,0.1116,0.1953,2.3562,2.888,4.385,207.119,47.86,42.99,339.0,0.0079,0.0068,0.0218,16000,1024,57.65,0.8745,0.0591,0.0503,0.0162
2026-08-26T04:19:28.047+02:00,1000,1024,1024,1053,163,798,2,9115,0.033,0.0721,0.717,0.1173,0.1664,1.769,2.965,4.05,5.197,55.19,62.37,62.37,0.0086,0.0264,0.2715,16000,1024,78.92,0.7237,0.1331,0.1274,0.0158
2026-08-26T04:19:58.048+02:00,1000,1024,1024,1053,163,798,0,9115,0.0345,0.0348,0.1967,0.101,0.192,2.0351,2.906,9.801,100.793,19.77,190.61,244.49,0.0082,0.0069,0.0308,16000,1024,69.89,0.808,0.132,0.0399,0.0201
2026-08-26T04:20:28.049+02:00,1000,1024,1024,1053,163,798,8,9123,0.0344,0.0315,0.1988,0.1092,0.1948,2.3382,3.073,5.486,93.845,25.44,68.91,169.86,0.0075,0.0076,0.0263,16000,1024,135.68,0.8465,0.0752,0.0715,0.0069
2026-08-26T04:20:58.049+02:00,1000,1024,1024,1053,163,798,16,9139,0.033,0.0326,0.2171,0.1386,0.1936,2.3239,3.02,9.343,79.141,97.83,65.63,12.84,0.0071,0.0106,0.0457,16000,1024,91.72,0.8803,0.0601,0.0457,0.014
2026-08-26T04:21:28.049+02:00,1000,1024,1024,1053,163,799,11,9150,0.0356,0.0319,0.2036,0.2282,0.1916,2.3318,5.49,8.397,93.436,57.03,113.59,10.48,0.0081,0.0093,0.0418,16000,1024,60.91,0.783,0.0578,0.1399,0.0193
2026-08-26T04:21:58.049+02:00,1000,1024,1024,1053,163,799,1,9151,0.0329,0.0359,0.2058,0.1106,0.193,2.0238,3.207,9.072,91.403,108.19,12.25,163.25,0.0075,0.0088,0.0295,16000,1024,60.92,0.7167,0.2142,0.0507,0.0185
2026-08-26T04:22:58.050+02:00,1000,1024,1024,1053,164,800,14,9169,0.1895,0.3109,0.8678,4.2181,5.013,8.7575,478.827,249.176,99.912,3.09,16.68,123.22,0.0094,0.0444,0.1594,16000,1024,121.55,0.8525,0.0671,0.0724,0.008
2026-08-26T04:23:28.056+02:00,1000,1024,1029,1059,164,801,35,9204,0.4713,0.0335,0.2629,10.6278,0.1995,2.3061,505.107,12.365,50.405,119.06,20.12,277.36,0.0492,0.0089,0.0527,16000,1024,70.41,0.853,0.0581,0.0763,0.0126
2026-08-26T04:23:58.051+02:00,1000,1024,1024,1053,164,802,5,9209,0.0349,0.0306,0.0682,0.1177,0.0965,1.7253,2.992,2.958,399.519,139.63,5.89,67.95,0.0086,0.0064,0.0154,16000,1024,217.53,0.94,0.0352,0.0214,0.0034
2026-08-26T04:24:28.052+02:00,1000,1024,1024,1053,164,803,12,9221,0.3344,0.0351,0.2009,10.6359,0.1989,2.0149,999.924,7.197,84.526,26.2,84.81,398.72,0.0158,0.0082,0.0341,16000,1024,162.17,0.9564,0.0327,0.0077,0.0032
2026-08-26T04:24:58.052+02:00,1000,1024,1024,1053,164,803,0,9221,0.0351,0.0304,0.0702,0.1191,0.0962,1.728,2.967,2.678,358.459,138.76,130.59,124.3,0.0089,0.0067,0.0156,16000,1024,379.3,0.9473,0.025,0.0252,0.0025
2026-08-26T04:25:28.051+02:00,1000,1024,1024,1053,164,806,1,9222,0.0336,0.0323,0.2131,0.113,0.1866,2.0122,2.924,4.932,84.744,24.32,133.65,283.35,0.0078,0.0064,0.0428,16000,1024,260.52,0.9711,0.0127,0.012,0.0041
2026-08-26T04:26:28.082+02:00,1000,1024,1024,1054,165,807,8,9233,0.0341,0.0321,0.1592,0.2263,0.196,2.3242,4.329,5.634,145.883,9.87,79.44,230.39,0.0078,0.0074,0.0297,16000,1024,141.82,0.8587,0.1039,0.0305,0.0068
2026-08-26T04:26:58.081+02:00,1000,1024,1024,1053,165,808,1,9234,0.0341,0.0306,0.1232,0.1132,0.1954,2.3286,3.047,5.832,265.933,72.27,103.49,51.08,0.0081,0.0058,0.0137,16000,1024,168.41,0.868,0.0672,0.0548,0.01
2026-08-26T04:27:28.083+02:00,1000,1024,1024,1053,165,810,1,9235,0.0336,0.0296,0.0437,0.1216,0.1028,0.1963,3.25,3.066,3.312,123.35,33.74,65.3,0.0092,0.0075,0.0101,16000,1024,71.77,0.8179,0.1115,0.0588,0.0119
2026-08-26T04:27:58.083+02:00,1000,1024,1024,1053,165,810,1,9236,0.0329,0.0354,0.176,0.1188,0.1969,2.0049,2.88,9.865,100.068,156.48,228.05,123.99,0.007,0.0072,0.0262,16000,1024,119.63,0.7988,0.1085,0.0859,0.0068
2026-08-26T04:28:28.084+02:00,1000,1024,1024,1053,165,810,2,9238,0.0329,0.0301,0.0927,0.1229,0.1991,1.966,2.993,4.432,310.733,147.88,179.73,124.17,0.0097,0.0058,0.0186,16000,1024,77.59,0.7226,0.166,0.0816,0.0297
2026-08-26T04:28:58.084+02:00,1000,1024,1024,1053,165,811,11,9249,0.0323,0.033,0.1983,0.1422,0.1999,2.3025,3.277,8.678,93.168,39.46,101.08,69.52,0.0073,0.007,0.0254,16000,1024,76.39,0.6951,0.1476,0.1441,0.0132
2026-08-26T04:29:28.083+02:00,1000,1024,1024,1053,165,811,2,9251,0.0339,0.0334,0.1172,0.1464,0.1987,2.0036,3.159,6.208,250.432,92.82,14.18,195.16,0.01,0.0076,0.0201,16000,1024,75.39,0.7235,0.1866,0.0622,0.0277
2026-08-26T04:29:58.085+02:00,1000,1024,1024,1053,165,813,6,9257,0.0326,0.0328,0.1699,0.1154,0.2013,1.9977,2.87,11.366,112.787,230.84,202.16,37.94,0.0069,0.0076,0.0351,16000,1024,305.95,0.942,0.0355,0.0191,0.0034
2026-08-26T04:30:28.084+02:00,1000,1024,1024,1053,165,815,1,9258,0.034,0.0294,0.0472,0.1121,0.1199,0.1742,3.056,3.308,3.214,62.97,2.35,126.06,0.0075,0.0073,0.0106,16000,1024,434.18,0.9786,0.0154,0.0043,0.0018
2026-08-26T04:30:58.086+02:00,1000,1024,1024,1053,165,818,1,9259,0.0339,0.0284,0.487,0.1394,0.1011,1.8715,3.255,3.032,11.945,116.27,103.45,316.54,0.0079,0.0058,0.0783,16000,1024,503.14,0.9214,0.0451,0.0325,0.001
2026-08-26T04:31:28.085+02:00,1000,1024,1024,1053,165,821,23,9282,0.3344,0.0365,0.2244,10.6407,0.2002,1.981,1001.128,10.11,71.266,120.18,53.73,17.7,0.0438,0.0095,0.043,16000,1024,57.53,0.7377,0.1636,0.0768,0.022
2026-08-26T04:31:58.086+02:00,1000,1024,1024,1053,165,822,11,9293,0.0356,0.0327,0.1699,0.2261,0.2001,2.2981,4.246,10.17,116.446,100.48,52.73,279.3,0.0072,0.0062,0.0187,16000,1024,130.08,0.4835,0.3248,0.1801,0.0116
2026-08-26T04:32:28.086+02:00,1000,1024,1024,1053,165,822,0,9293,0.0348,0.0298,0.0843,0.2256,0.107,2.3057,4.853,3.018,547.06,194.13,177.43,164.89,0.0073,0.007,0.0191,16000,1024,151.89,0.9012,0.04,0.0512,0.0076
2026-08-26T04:33:28.088+02:00,1000,1024,1024,1053,166,824,0,9300,0.0324,0.0312,0.1284,0.095,0.2005,1.9954,2.932,6.409,199.753,85.07,40.54,49.51,0.0076,0.0081,0.0215,16000,1024,216.95,0.9773,0.0136,0.0065,0.0026
2026-08-26T04:34:28.087+02:00,1000,1024,1024,1053,167,825,6,9310,0.0326,0.0298,0.0458,0.1215,0.0966,0.1602,3.319,3.048,3.006,28.03,56.47,7.25,0.0095,0.0079,0.0103,16000,1024,75.89,0.7418,0.1725,0.0674,0.0183
2026-08-26T04:34:58.087+02:00,1000,1024,1024,1053,167,825,3,9313,0.0341,0.0294,0.0931,0.1058,0.2038,1.9939,3.033,4.652,310.515,15.18,80.77,15.74,0.0093,0.0071,0.0189,16000,1024,84.98,0.7879,0.086,0.116,0.0101
2026-08-26T04:35:28.091+02:00,1000,1024,1024,1053,167,829,0,9313,0.0351,0.0325,0.1299,0.1111,0.2012,1.9881,2.937,9.216,163.143,41.69,10.94,93.82,0.0078,0.0076,0.0191,16000,1024,63.17,0.6028,0.2992,0.0788,0.0192
2026-08-26T04:35:58.100+02:00,1000,1024,1034,1064,167,830,35,9348,0.4581,0.0393,0.2926,10.6287,0.2043,2.2555,506.274,11.754,43.617,31.44,31.2,207.72,0.0275,0.008,0.0541,16000,1024,92.65,0.675,0.1303,0.1727,0.022
2026-08-26T04:36:28.091+02:00,1000,1024,1024,1053,167,830,16,9364,0.0324,0.0316,0.1639,0.1244,0.2049,1.9815,2.977,8.946,125.379,21.39,35.87,24.12,0.0074,0.01,0.026,16000,1024,68.22,0.7516,0.152,0.0825,0.0139
2026-08-26T04:36:58.089+02:00,1000,1024,1024,1053,167,830,0,9364,0.0308,0.0308,0.1165,0.0955,0.2027,1.9858,2.811,7.859,247.452,77.59,106.29,27.64,0.0076,0.0064,0.0139,16000,1024,211.17,0.9565,0.0196,0.0202,0.0037
2026-08-26T04:37:28.091+02:00,1000,1024,1024,1053,167,831,6,9370,0.0331,0.0303,0.1376,0.112,0.2016,1.9778,3.002,6.227,167.213,88.36,12.64,47.73,0.0085,0.0073,0.0175,16000,1024,239.13,0.9116,0.0538,0.0306,0.004
2026-08-26T04:37:58.094+02:00,1000,1024,1024,1053,167,832,0,9370,0.0322,0.0309,0.1461,0.1167,0.2045,2.2843,3.062,5.008,173.295,68.64,163.08,449.05,0.0073,0.0077,0.033,16000,1024,139.78,0.8597,0.0434,0.0699,0.0269
2026-08-26T04:38:28.092+02:00,1000,1024,1026,1055,167,833,29,9399,0.3343,0.0367,0.2953,10.6347,0.2015,2.2534,999.863,11.991,39.256,89.31,13.24,146.36,0.0424,0.0092,0.0545,16000,1024,78.41,0.6743,0.2042,0.0968,0.0246
2026-08-26T04:38:58.090+02:00,1000,1024,1024,1053,167,833,2,9401,0.0335,0.0322,0.1691,0.1053,0.2047,2.283,2.753,9.845,120.231,26.32,205.74,45.73,0.0076,0.0069,0.0247,16000,1024,136.34,0.9628,0.018,0.0148,0.0045
2026-08-26T04:39:28.091+02:00,1000,1024,1024,1053,167,833,0,9401,0.0327,0.0308,0.5063,0.1094,0.2056,1.8393,2.929,4.703,10.778,15.99,70.82,334.88,0.0069,0.0075,0.0893,16000,1024,196.43,0.8771,0.0734,0.0446,0.0048
2026-08-26T04:40:28.091+02:00,1000,1024,1024,1053,168,838,7,9409,0.0328,0.0303,0.1335,0.1042,0.2064,2.285,3.042,6.909,202.022,26.54,22.65,179.04,0.0088,0.0069,0.0241,16000,1024,83.21,0.6708,0.2095,0.1057,0.014
2026-08-26T04:40:58.092+02:00,1000,1024,1024,1053,168,838,2,9411,0.033,0.0326,0.1452,0.1142,0.2032,1.9756,3.127,9.366,166.934,159.79,76.1,145.28,0.0068,0.0078,0.0152,16000,1024,252.44,0.9324,0.045,0.0182,0.0045
2026-08-26T04:41:28.102+02:00,1000,1024,1029,1059,168,838,20,9431,0.0353,0.0333,0.2028,0.2293,0.2033,1.9616,6.242,8.737,77.086,60.08,165.03,419.74,0.0093,0.0077,0.0351,16000,1024,80.53,0.8437,0.0773,0.0682,0.0108
2026-08-26T04:41:58.101+02:00,1000,1024,1032,1061,168,839,26,9457,0.0329,0.0322,0.1668,0.1009,0.2069,1.9689,2.897,7.227,113.938,55.76,9.55,82.1,0.0079,0.0079,0.0289,16000,1024,98.56,0.9202,0.0481,0.0216,0.01
2026-08-26T04:42:28.102+02:00,1000,1024,1028,1058,168,839,12,9469,0.0332,0.0333,0.2051,0.0963,0.2058,1.9638,2.892,11.414,78.052,31.76,46.0,402.71,0.0077,0.0068,0.0413,16000,1024,126.29,0.8416,0.0949,0.0566,0.0069
2026-08-26T04:42:58.093+02:00,1000,1024,1024,1053,168,840,0,9469,0.0327,0.0292,0.4584,0.1059,0.0879,1.8564,2.882,2.768,13.549,136.61,62.61,119.86,0.0063,0.0068,0.1059,16000,1024,103.19,0.9277,0.0336,0.0278,0.0109
2026-08-26T04:43:28.094+02:00,1000,1024,1024,1053,168,843,5,9474,0.0339,0.0322,0.1415,0.1048,0.2033,1.9706,2.659,7.807,165.346,43.43,31.77,62.29,0.0105,0.0085,0.029,16000,1024,124.53,0.9211,0.0403,0.0348,0.0038
2026-08-26T04:43:58.094+02:00,1000,1024,1024,1053,168,844,15,9489,0.3342,0.0333,0.1847,10.6376,0.2063,1.9696,1002.253,11.551,101.038,26.22,11.87,19.81,0.0141,0.0068,0.041,16000,1024,79.93,0.9449,0.027,0.0188,0.0092
2026-08-26T04:44:28.099+02:00,1000,1024,1024,1053,168,846,14,9503,0.0348,0.0323,0.1698,0.2252,0.2045,1.9694,4.637,9.807,123.542,44.66,31.33,65.13,0.0088,0.0076,0.0428,16000,1024,77.46,0.6123,0.2272,0.1378,0.0227
2026-08-26T04:44:58.101+02:00,1000,1024,1030,1060,168,847,1,9504,0.0324,0.0311,0.0979,0.1333,0.2042,1.9732,3.299,5.941,321.823,41.9,159.23,38.8,0.0077,0.0069,0.0104,16000,1024,86.91,0.9409,0.0231,0.0267,0.0092
2026-08-26T04:45:58.096+02:00,1000,1024,1024,1053,169,849,0,9517,2.0736,0.1878,0.3793,5.2684,0.383,2.2147,1.624,1.647,23.712,48.82,48.81,48.78,2.9001,0.2522,0.1545,16000,1024,379.45,0.7388,0.2173,0.0249,0.019
2026-08-26T04:46:28.097+02:00,1000,1024,1024,1053,169,851,2,9519,2.0117,0.2095,0.1185,2.9097,0.4037,1.6653,1.51,1.626,39.429,49.12,49.12,49.13,2.8768,0.2936,0.1342,16000,1024,441.53,0.7103,0.2723,0.0119,0.0055
2026-08-26T04:46:58.097+02:00,1000,1024,1024,1053,169,851,0,9519,1.9106,0.2108,0.1324,2.7825,0.3836,1.9709,1.513,1.637,96.552,49.15,49.17,49.12,2.7382,0.2955,0.1187,16000,1024,440.84,0.726,0.2564,0.0117,0.0059
2026-08-26T04:47:28.096+02:00,1000,1024,1024,1053,169,853,2,9521,1.892,0.2091,0.1188,2.79,0.406,1.6602,1.517,1.648,75.379,49.1,49.11,49.11,2.5734,0.2749,0.105,16000,1024,402.99,0.8241,0.1491,0.0203,0.0065
2026-08-26T04:48:28.098+02:00,1000,1024,1024,1053,170,855,0,9524,1.9347,0.2054,0.145,2.8788,0.3861,1.9677,1.52,1.634,99.6,49.16,49.16,49.15,2.7857,0.2895,0.1203,16000,1024,376.03,0.8208,0.1575,0.0155,0.0062
2026-08-26T04:48:58.098+02:00,1000,1024,1024,1053,170,856,0,9524,1.9725,0.2021,0.101,2.8878,0.3811,0.285,1.517,1.671,2.178,49.12,49.11,49.11,2.8242,0.2811,0.1242,16000,1024,364.43,0.8403,0.1317,0.0157,0.0123
2026-08-26T04:49:28.099+02:00,1000,1024,1024,1053,170,857,16,9540,2.0067,0.2055,0.2909,8.6799,0.3997,2.255,2.037,1.632,36.781,49.03,49.07,363.88,1.3014,0.1351,0.0584,16000,1024,409.91,0.8254,0.1452,0.02,0.0094
2026-08-26T04:49:58.098+02:00,1000,1024,1024,1053,170,857,14,9554,1.9791,0.2004,0.2565,4.5739,0.4217,2.2501,1.539,1.672,44.419,49.09,49.06,48.91,2.0373,0.1943,0.0746,16000,1024,442.72,0.8505,0.1242,0.0179,0.0074
2026-08-26T04:50:28.101+02:00,1000,1024,1024,1053,170,858,6,9560,1.9375,0.2014,0.1883,4.0378,0.4225,1.9637,1.538,1.618,69.703,49.09,49.09,49.21,2.3613,0.2354,0.1122,16000,1024,404.2,0.795,0.1837,0.0147,0.0066
2026-08-26T04:50:58.102+02:00,1000,1024,1024,1053,170,858,9,9569,1.9246,0.2012,0.166,2.8291,0.4053,1.9738,1.537,1.619,88.002,49.15,49.18,49.18,2.3194,0.2324,0.1034,16000,1024,411.44,0.7836,0.1938,0.0143,0.0083
2026-08-26T04:51:28.122+02:00,1000,1024,1046,1076,170,862,3,9572,1.9612,0.2001,0.153,2.9083,0.3576,1.9782,1.522,1.614,96.144,49.09,49.09,49.05,2.7133,0.2721,0.1049,16000,1024,486.26,0.8459,0.1315,0.0183,0.0043
2026-08-26T04:52:28.106+02:00,1000,1024,1024,1053,171,864,0,9585,2.0341,0.1967,0.2151,3.022,0.4074,1.9688,1.523,1.635,58.501,49.04,49.05,49.0,2.885,0.2733,0.1457,16000,1024,453.94,0.821,0.1638,0.0117,0.0035
2026-08-26T04:52:58.100+02:00,1000,1024,1024,1053,171,865,2,9587,2.0766,0.1944,0.1672,8.8244,0.3844,1.664,1.792,1.658,57.834,49.1,49.09,49.01,2.8403,0.2588,0.1369,16000,1024,435.64,0.8237,0.1508,0.021,0.0044
2026-08-26T04:53:28.101+02:00,1000,1024,1024,1053,171,865,5,9592,2.0951,0.1915,0.6214,3.2916,0.3735,2.0684,1.524,1.669,6.41,49.1,49.1,249.89,2.9167,0.2442,0.1253,16000,1024,497.59,0.8104,0.1705,0.0121,0.0071
2026-08-26T04:53:58.101+02:00,1000,1024,1024,1053,171,867,0,9592,2.0938,0.1929,0.1095,3.0844,0.3707,0.2659,1.523,1.669,2.009,49.08,49.1,49.11,2.9854,0.2695,0.1422,16000,1024,423.28,0.8213,0.1558,0.0171,0.0058
2026-08-26T04:54:28.101+02:00,1000,1024,1024,1053,171,869,0,9592,2.1121,0.1925,0.1406,3.0919,0.4119,1.9894,1.52,1.673,78.969,49.0,49.0,48.96,2.9872,0.2658,0.134,16000,1024,422.98,0.7936,0.1856,0.0156,0.0052
2026-08-26T04:54:58.103+02:00,1000,1024,1024,1053,171,872,16,9608,2.1066,0.193,0.2393,3.3283,0.3919,1.9842,1.561,1.688,48.677,48.98,48.89,49.19,2.0262,0.182,0.1011,16000,1024,518.24,0.7938,0.1883,0.0151,0.0029
2026-08-26T04:55:28.104+02:00,1000,1024,1024,1053,171,874,4,9612,2.1358,0.1921,0.1914,3.4643,0.3653,2.2906,1.536,1.652,65.768,49.07,49.06,49.13,2.887,0.2486,0.1335,16000,1024,456.45,0.7759,0.198,0.0209,0.0052
2026-08-26T04:56:28.104+02:00,1000,1024,1024,1053,172,879,4,9643,2.1482,0.188,0.172,3.1633,0.3555,2.3049,1.517,1.709,76.937,49.11,49.09,49.15,2.8791,0.25,0.1322,16000,1024,486.79,0.7262,0.2502,0.0182,0.0054
2026-08-26T04:56:58.106+02:00,1000,1024,1024,1053,172,879,4,9647,2.154,0.1914,0.1287,3.1908,0.362,1.6912,1.529,1.678,30.536,49.08,49.08,49.08,2.4692,0.2155,0.1207,16000,1024,456.43,0.7443,0.2341,0.0186,0.003
2026-08-26T04:57:28.116+02:00,1000,1024,1035,1065,172,879,34,9681,2.1705,0.1897,0.2315,3.1805,0.4153,2.2976,1.52,1.715,55.171,9.33,48.76,48.75,0.9306,0.0793,0.0686,16000,1024,432.69,0.7025,0.262,0.0298,0.0057
2026-08-26T04:57:58.104+02:00,1000,1024,1024,1053,172,879,7,9688,2.1946,0.1892,0.2177,7.666,0.4102,2.2974,1.649,1.699,62.22,49.17,49.17,49.18,2.3704,0.203,0.1258,16000,1024,471.01,0.7407,0.2329,0.022,0.0044
2026-08-26T04:58:28.105+02:00,1000,1024,1024,1053,172,879,0,9688,2.2114,0.1919,0.1472,3.2517,0.3649,2.0003,1.524,1.688,67.508,49.11,49.12,49.07,3.1643,0.2677,0.1539,16000,1024,489.0,0.7585,0.2143,0.0227,0.0044
2026-08-26T04:58:58.105+02:00,1000,1024,1024,1053,172,879,2,9690,2.2096,0.1917,0.1671,4.6883,0.3642,1.6923,1.53,1.691,51.883,49.04,49.03,49.03,2.8592,0.2443,0.1377,16000,1024,512.22,0.7593,0.2145,0.0216,0.0046
2026-08-26T04:59:28.105+02:00,1000,1024,1024,1053,172,880,3,9693,2.2236,0.1874,0.1483,4.0762,0.3744,2.3156,1.525,1.697,75.652,49.01,49.01,49.01,3.0624,0.2534,0.152,16000,1024,459.96,0.8039,0.1768,0.0157,0.0037
2026-08-26T04:59:58.115+02:00,1000,1024,1032,1062,172,881,10,9703,2.1893,0.1873,0.1851,3.3982,0.3806,1.9988,1.532,1.689,66.991,48.98,49.03,49.02,1.5902,0.1488,0.0811,16000,1024,426.27,0.7832,0.1957,0.0169,0.0042
2026-08-26T05:00:28.108+02:00,1000,1024,1024,1053,172,884,0,9703,2.2174,0.2101,0.6801,3.2731,0.4112,1.7667,1.523,1.876,5.698,49.08,49.07,48.93,3.1598,0.2735,0.1805,16000,1024,479.07,0.8528,0.1131,0.0275,0.0067
2026-08-26T05:00:58.115+02:00,1000,1024,1032,1062,172,884,6,9709,2.2644,0.1869,0.2113,11.3539,0.3615,1.9885,2.092,1.722,54.194,49.1,49.1,49.05,2.6104,0.2165,0.1152,16000,1024,479.55,0.8647,0.1191,0.012,0.0042
2026-08-26T05:01:28.108+02:00,1000,1024,1024,1053,172,884,1,9710,2.2397,0.1863,0.1391,3.2746,0.3641,1.7037,1.523,1.689,44.976,49.08,49.08,49.06,3.1905,0.2579,0.156,16000,1024,1367.05,0.8879,0.1003,0.0089,0.003
2026-08-26T05:01:58.128+02:00,1000,1024,1044,1073,172,886,7,9717,2.2165,0.1845,0.1704,7.0242,0.3638,2.3049,1.6,1.695,79.637,49.03,49.04,49.05,2.9188,0.2385,0.1369,16000,1024,551.37,0.8236,0.1546,0.0177,0.0042
2026-08-26T05:02:28.108+02:00,1000,1024,1024,1053,172,889,5,9722,2.2283,0.1886,0.1894,4.5408,0.3626,2.0043,1.537,1.691,61.849,49.06,49.05,49.1,3.1407,0.2609,0.1559,16000,1024,479.82,0.7797,0.1996,0.0158,0.0048
2026-08-26T05:02:58.109+02:00,1000,1024,1024,1053,172,892,5,9727,2.2339,0.187,0.1471,3.3524,0.3527,2.0128,1.528,1.696,52.826,49.08,49.08,49.08,2.7527,0.2275,0.1357,16000,1024,493.59,0.7979,0.1788,0.0194,0.0039
2026-08-26T05:03:28.109+02:00,1000,1024,1024,1053,172,894,1,9728,2.2482,0.1881,0.1618,3.2663,0.4156,2.0217,1.52,1.708,72.057,49.07,49.07,49.05,3.1943,0.2595,0.1474,16000,1024,482.51,0.8485,0.1315,0.0162,0.0038
2026-08-26T05:03:58.110+02:00,1000,1024,1024,1053,172,894,3,9731,2.302,0.1823,0.6866,11.7943,0.3452,2.0556,2.14,1.713,5.094,49.06,49.06,15.14,3.1291,0.225,0.1638,16000,1024,463.04,0.7634,0.211,0.0199,0.0058
2026-08-26T05:04:28.112+02:00,1000,1024,1024,1053,172,895,0,9731,2.2712,0.1893,0.1827,3.3582,0.4132,2.0094,1.525,1.751,58.376,49.07,49.06,49.08,3.2316,0.2625,0.1435,16000,1024,496.06,0.7899,0.1897,0.017,0.0034
2026-08-26T05:05:28.112+02:00,1000,1024,1024,1053,173,902,0,9732,2.3012,0.185,0.1214,3.368,0.3563,0.2998,1.519,1.721,1.964,49.05,49.05,49.03,3.2704,0.2562,0.1574,16000,1024,528.55,0.7381,0.2412,0.0179,0.0027
2026-08-26T05:05:58.116+02:00,1000,1024,1026,1056,173,903,32,9764,2.2842,0.1824,0.2621,5.8212,0.4315,2.3012,1.582,1.79,43.29,49.26,49.22,49.15,1.1324,0.0886,0.0665,16000,1024,484.18,0.8185,0.1561,0.022,0.0034
2026-08-26T05:06:28.137+02:00,1000,1024,1049,1079,173,903,15,9779,2.3102,0.1868,0.2355,8.165,0.4196,2.0098,1.654,1.755,47.165,48.99,49.0,48.95,2.4279,0.1962,0.1146,16000,1024,462.68,0.8292,0.1465,0.0193,0.0051
2026-08-26T05:07:28.121+02:00,1000,1024,1032,1061,174,905,35,9816,2.3438,0.1869,0.2846,8.7227,0.4189,2.3067,1.788,1.772,36.761,24.26,24.23,5.87,1.0657,0.0907,0.0839,16000,1024,477.29,0.8067,0.1644,0.0234,0.0055
2026-08-26T05:07:58.114+02:00,1000,1024,1024,1053,174,907,3,9819,2.3376,0.1871,0.1549,4.1385,0.3528,2.3444,1.529,1.698,67.27,49.06,49.06,49.07,2.8712,0.22,0.1507,16000,1024,570.36,0.764,0.2151,0.0169,0.0039
2026-08-26T05:08:28.120+02:00,1000,1024,1030,1060,174,907,35,9854,2.3503,0.188,0.2828,3.5359,0.3974,2.0093,1.539,1.779,38.69,49.12,49.01,48.91,1.1703,0.0889,0.055,16000,1024,520.2,0.8059,0.1657,0.0237,0.0046
2026-08-26T05:09:28.118+02:00,1000,1024,1027,1056,175,910,23,9878,2.3839,0.1902,0.2955,3.57,0.7872,2.0076,1.519,2.027,34.284,48.85,48.85,48.89,1.8236,0.1481,0.1116,16000,1024,505.57,0.9102,0.0669,0.0169,0.0061
2026-08-26T05:09:58.113+02:00,1000,1024,1024,1053,175,910,1,9879,2.3824,0.1897,0.1823,4.02,0.364,2.0316,1.526,1.771,61.213,49.08,49.06,49.1,3.4031,0.2594,0.1605,16000,1024,586.88,0.8831,0.0976,0.0128,0.0065
2026-08-26T05:10:28.114+02:00,1000,1024,1024,1053,175,910,11,9890,2.3821,0.1927,0.2524,3.608,0.4161,2.0094,1.526,1.735,39.942,49.15,49.19,48.96,2.5903,0.1955,0.1201,16000,1024,510.63,0.8676,0.1186,0.0103,0.0036
2026-08-26T05:10:58.115+02:00,1000,1024,1024,1053,175,911,4,9894,2.4039,0.1869,0.1419,3.6071,0.3775,2.0444,1.518,1.749,43.233,49.09,49.08,49.11,3.0978,0.2366,0.1541,16000,1024,508.68,0.7991,0.1774,0.0177,0.0057
2026-08-26T05:11:28.114+02:00,1000,1024,1024,1053,175,912,1,9895,2.4293,0.1876,0.1485,3.5327,0.3758,2.0429,1.519,1.732,36.29,49.05,49.07,49.03,3.342,0.2481,0.1674,16000,1024,553.42,0.8167,0.1651,0.0152,0.0029
2026-08-26T05:11:58.115+02:00,1000,1024,1024,1053,175,913,20,9915,2.4542,0.192,0.265,4.7912,0.3856,2.5847,1.556,1.713,44.805,49.18,49.22,49.01,1.6033,0.1357,0.0923,16000,1024,488.65,0.8816,0.0975,0.0179,0.003
2026-08-26T05:12:28.116+02:00,1000,1024,1024,1053,175,915,0,9915,2.494,0.1917,0.3971,6.5133,0.4076,2.2817,1.612,1.751,20.253,49.03,49.03,48.95,3.4997,0.2601,0.1529,16000,1024,484.63,0.8416,0.1426,0.0125,0.0033
2026-08-26T05:12:58.115+02:00,1000,1024,1024,1053,175,917,1,9916,2.4339,0.1906,0.1433,3.589,0.3754,1.7449,1.521,1.732,22.866,49.1,49.1,49.11,3.4796,0.2679,0.1777,16000,1024,577.67,0.8532,0.1305,0.0137,0.0025
2026-08-26T05:13:28.117+02:00,1000,1024,1024,1053,175,919,1,9917,2.4821,0.1919,0.192,3.6322,0.3784,2.0418,1.51,1.721,56.946,49.12,49.13,49.11,3.5476,0.2663,0.1784,16000,1024,559.0,0.7805,0.1996,0.0171,0.0027
2026-08-26T05:13:58.116+02:00,1000,1024,1024,1053,175,921,2,9919,2.4856,0.1875,0.1542,3.6262,0.3521,2.3668,1.515,1.695,55.345,49.13,49.13,49.12,3.3766,0.2486,0.1686,16000,1024,565.1,0.866,0.1182,0.0124,0.0034
2026-08-26T05:14:28.118+02:00,1000,1024,1024,1053,175,921,1,9920,2.513,0.192,0.1714,3.765,0.421,2.0464,1.515,1.732,41.32,48.99,49.01,49.03,3.4124,0.2503,0.1732,16000,1024,560.66,0.8752,0.1142,0.0079,0.0027
2026-08-26T05:14:58.128+02:00,1000,1024,1033,1063,175,923,3,9923,2.5203,0.1918,0.2033,3.6777,0.4198,2.0458,1.513,1.716,50.924,49.13,49.12,49.17,3.5031,0.26,0.1821,16000,1024,546.04,0.8788,0.1018,0.0161,0.0033
2026-08-26T05:15:28.118+02:00,1000,1024,1024,1053,175,924,0,9923,0.0326,0.0345,0.1869,0.108,0.1902,2.0439,3.024,8.906,111.795,147.9,220.39,245.28,0.0062,0.0067,0.035,16000,1024,163.32,0.8456,0.1152,0.0306,0.0086
2026-08-26T05:15:58.118+02:00,1000,1024,1024,1053,175,925,0,9923,0.0348,0.0301,0.1552,0.2249,0.1921,2.3548,7.558,4.684,170.043,47.52,143.31,142.61,0.008,0.0067,0.0318,16000,1024,71.38,0.6628,0.1286,0.1794,0.0292
2026-08-26T05:16:58.119+02:00,1000,1024,1024,1053,176,926,1,9932,0.0337,0.0318,0.1363,0.1263,0.1909,2.0531,2.937,7.193,201.248,7.22,34.04,45.18,0.0091,0.0063,0.0264,16000,1024,129.7,0.8349,0.035,0.1202,0.0099
2026-08-26T05:17:28.120+02:00,1000,1024,1024,1053,176,926,4,9936,0.0326,0.0311,0.5419,0.0998,0.1894,2.2049,2.774,5.464,10.067,31.85,82.96,123.39,0.0073,0.0078,0.1152,16000,1024,151.6,0.933,0.0304,0.0302,0.0064
2026-08-26T05:17:58.120+02:00,1000,1024,1024,1053,176,927,8,9944,0.0351,0.0302,0.1032,0.1316,0.1946,2.3612,2.912,4.54,347.313,30.61,68.12,10.79,0.0083,0.0066,0.0142,16000,1024,82.27,0.666,0.1184,0.2002,0.0154
2026-08-26T05:18:28.121+02:00,1000,1024,1024,1053,176,929,0,9944,0.0333,0.0316,0.5087,0.1201,0.1927,1.9124,3.14,4.206,11.39,114.35,154.94,466.94,0.0072,0.0066,0.0974,16000,1024,125.28,0.8719,0.0737,0.042,0.0124
2026-08-26T05:18:58.137+02:00,1000,1024,1040,1070,176,930,5,9949,0.0334,0.0303,0.1092,0.1209,0.1931,2.0447,3.052,4.09,244.79,101.21,126.47,197.92,0.0089,0.0105,0.0175,16000,1024,351.9,0.9548,0.0269,0.0159,0.0025
2026-08-26T05:19:58.124+02:00,1000,1024,1024,1053,177,933,5,9976,0.033,0.0303,0.0774,0.1209,0.1928,2.0461,3.203,4.073,476.311,15.01,9.98,97.13,0.0068,0.0071,0.017,16000,1024,101.18,0.8119,0.069,0.1105,0.0086
2026-08-26T05:20:28.130+02:00,1000,1024,1024,1053,177,934,2,9978,0.033,0.0304,0.5623,0.1124,0.1954,1.8567,3.013,4.444,8.636,164.24,88.84,324.88,0.0069,0.0059,0.1233,16000,1024,118.53,0.9026,0.0527,0.0318,0.0128
2026-08-26T05:20:58.122+02:00,1000,1024,1024,1053,177,936,4,9982,0.0324,0.0322,0.1218,0.1112,0.1965,2.0298,2.859,7.531,192.774,69.23,12.69,39.87,0.0079,0.0063,0.0214,16000,1024,310.81,0.9652,0.0119,0.0202,0.0027
2026-08-26T05:21:28.122+02:00,1000,1024,1024,1053,177,937,2,9984,0.0334,0.0295,0.5396,0.1058,0.1961,1.8675,2.914,4.548,9.305,76.81,93.13,62.19,0.0074,0.0065,0.1437,16000,1024,173.04,0.9339,0.0419,0.0192,0.005
2026-08-26T05:21:58.157+02:00,1000,1024,1057,1087,177,937,5,9989,0.0333,0.0313,0.1086,0.1261,0.1966,2.0274,2.925,6.927,241.113,214.93,170.77,92.01,0.0074,0.0075,0.0232,16000,1024,116.82,0.7049,0.1211,0.1614,0.0126
2026-08-26T05:22:28.123+02:00,1000,1024,1024,1053,177,938,1,9990,0.0337,0.0298,0.1235,0.2256,0.1972,2.337,5.019,4.704,268.014,19.3,103.69,7.63,0.0068,0.0066,0.0171,16000,1024,75.54,0.6984,0.1808,0.1008,0.0201
2026-08-26T05:22:58.123+02:00,1000,1024,1024,1053,177,939,1,9991,0.0322,0.0322,0.1427,0.109,0.1976,2.0184,2.905,7.673,139.912,128.79,65.23,153.31,0.0073,0.0066,0.0223,16000,1024,125.0,0.9072,0.032,0.0473,0.0135
2026-08-26T05:23:28.125+02:00,1000,1024,1024,1053,177,941,5,9996,0.0319,0.0309,0.1,0.1152,0.198,2.0238,3.066,5.934,327.787,43.75,45.61,133.91,0.009,0.009,0.014,16000,1024,150.54,0.8437,0.0706,0.0753,0.0104
2026-08-26T05:23:58.130+02:00,1000,1024,1027,1056,177,941,1,9997,0.0339,0.0319,0.0991,0.1371,0.1986,2.0199,3.01,5.458,337.243,59.82,52.46,61.24,0.0079,0.0069,0.0156,16000,1024,216.77,0.9423,0.0279,0.0208,0.009
2026-08-26T05:24:28.124+02:00,1000,1024,1024,1053,177,941,10,10007,0.0354,0.0321,0.1852,0.2264,0.1974,2.0068,6.147,7.971,101.369,129.87,81.06,131.17,0.0083,0.0075,0.0237,16000,1024,95.88,0.7566,0.1238,0.1049,0.0147
2026-08-26T05:24:58.124+02:00,1000,1024,1024,1053,177,943,7,10014,0.0338,0.0318,0.4684,0.2264,0.1979,2.2004,4.768,4.334,13.159,14.72,60.18,62.18,0.0086,0.0075,0.1057,16000,1024,66.35,0.8383,0.0968,0.0487,0.0162
2026-08-26T05:25:28.125+02:00,1000,1024,1024,1053,177,943,0,10014,0.0334,0.0325,0.0985,0.1249,0.1977,2.0092,3.183,5.07,337.745,111.17,14.34,48.93,0.0071,0.0082,0.0211,16000,1024,89.25,0.7544,0.1073,0.1258,0.0126
2026-08-26T05:25:58.124+02:00,1000,1024,1024,1053,177,944,0,10014,0.0341,0.0331,0.1477,0.0985,0.2001,2.0061,2.673,8.367,166.252,19.21,51.36,71.19,0.0087,0.0075,0.0311,16000,1024,159.48,0.9514,0.0288,0.0156,0.0043
2026-08-26T05:26:28.125+02:00,1000,1024,1024,1053,177,946,3,10017,0.0335,0.0321,0.5091,0.1397,0.2038,1.8614,2.987,5.638,10.636,82.38,122.05,9.2,0.0074,0.0079,0.0946,16000,1024,376.73,0.973,0.0098,0.0157,0.0015
2026-08-26T05:27:28.127+02:00,1000,1024,1024,1053,178,949,8,10033,0.0336,0.0337,0.1397,0.1143,0.2032,1.9979,2.865,8.617,164.584,63.0,25.49,138.81,0.0091,0.0087,0.026,16000,1024,111.89,0.9214,0.0473,0.021,0.0103
2026-08-26T05:27:58.126+02:00,1000,1024,1024,1053,178,951,3,10036,0.033,0.0344,0.2162,0.1005,0.1996,2.2935,2.844,10.209,78.598,7.97,58.65,201.53,0.0089,0.0077,0.0478,16000,1024,131.2,0.8323,0.0629,0.0985,0.0063
2026-08-26T05:28:28.128+02:00,1000,1024,1024,1053,178,952,1,10037,0.0333,0.0323,0.1642,0.1172,0.2003,2.3036,2.832,7.556,144.706,15.02,18.26,99.81,0.0081,0.0074,0.0172,16000,1024,159.94,0.9562,0.018,0.0209,0.0049
2026-08-26T05:29:28.128+02:00,1000,1024,1024,1053,179,955,4,10044,0.3343,0.0301,0.1381,10.6367,0.2033,2.3052,1001.477,4.904,215.654,60.24,65.78,113.16,0.0433,0.0074,0.0317,16000,1024,2430.16,0.9991,0.0007,0.0002,0.0
2026-08-26T05:29:58.130+02:00,1000,1024,1024,1053,179,957,13,10057,0.3342,0.0334,0.2103,10.6361,0.2034,2.2879,1001.371,10.942,79.717,10.52,89.5,1.81,0.0287,0.0074,0.0314,16000,1024,87.6,0.8215,0.0469,0.1106,0.021
2026-08-26T05:30:28.130+02:00,1000,1024,1024,1053,179,959,0,10057,0.0331,0.0296,0.077,0.2273,0.1054,1.9972,4.929,2.889,443.176,84.85,38.85,29.08,0.0081,0.0072,0.0126,16000,1024,57.29,0.7664,0.1208,0.0884,0.0243
2026-08-26T05:30:58.130+02:00,1000,1024,1024,1053,179,959,2,10059,0.0334,0.0303,0.0692,0.1113,0.0931,1.6836,3.019,2.875,342.267,7.03,15.39,168.78,0.0078,0.0078,0.0099,16000,1024,168.9,0.9566,0.0171,0.0199,0.0065
2026-08-26T05:31:28.133+02:00,1000,1024,1024,1053,179,961,1,10060,0.0334,0.0297,0.4944,0.11,0.2056,1.8486,2.775,4.936,11.104,51.92,103.71,62.65,0.0084,0.0063,0.0938,16000,1024,338.09,0.9763,0.0131,0.0083,0.0023
2026-08-26T05:31:58.129+02:00,1000,1024,1024,1053,179,961,0,10060,0.0335,0.0296,0.5101,0.1283,0.1019,1.8391,3.229,2.866,10.348,78.99,56.92,323.69,0.0086,0.007,0.099,16000,1024,142.95,0.8995,0.0446,0.0485,0.0073
2026-08-26T05:32:28.131+02:00,1000,1024,1024,1053,179,962,7,10067,0.0336,0.0317,0.1384,0.2269,0.2064,1.9822,4.812,7.378,164.704,168.06,28.33,140.78,0.0072,0.0073,0.0127,16000,1024,297.74,0.9731,0.0184,0.0067,0.0019
2026-08-26T05:32:58.145+02:00,1000,1024,1037,1067,179,963,32,10099,0.0344,0.0343,0.2287,0.2249,0.2021,1.9529,4.546,11.086,62.47,36.65,29.59,8.65,0.0104,0.008,0.0365,16000,1024,104.9,0.7907,0.081,0.1209,0.0075
2026-08-26T05:33:28.131+02:00,1000,1024,1024,1053,179,963,1,10100,0.0328,0.0351,0.1908,0.0957,0.2015,1.9692,3.021,11.067,99.467,165.28,43.86,38.31,0.0073,0.0091,0.0396,16000,1024,56.78,0.8524,0.0632,0.0621,0.0223
2026-08-26T05:33:58.135+02:00,1000,1024,1028,1058,179,964,14,10114,0.0322,0.0319,0.1373,0.1019,0.2051,1.975,2.884,6.013,168.072,46.1,26.37,115.27,0.0087,0.0072,0.0236,16000,1024,204.95,0.9718,0.0151,0.0113,0.0017
2026-08-26T05:34:28.133+02:00,1000,1024,1024,1053,179,965,1,10115,0.0334,0.0347,0.1806,0.1027,0.2042,1.9691,2.789,10.054,110.286,36.28,101.51,428.33,0.0087,0.0087,0.0292,16000,1024,112.51,0.9052,0.049,0.0354,0.0104
2026-08-26T05:34:58.132+02:00,1000,1024,1024,1053,179,966,2,10117,0.0314,0.0314,0.1063,0.1242,0.2065,1.9772,3.077,7.747,236.004,41.54,28.27,129.86,0.0074,0.0073,0.0205,16000,1024,156.93,0.7803,0.1356,0.0725,0.0116
2026-08-26T05:35:28.132+02:00,1000,1024,1024,1053,179,966,0,10117,0.033,0.0324,0.1157,0.1078,0.2052,1.9765,3.011,7.001,249.056,119.48,94.05,185.82,0.0071,0.0069,0.0194,16000,1024,63.52,0.8623,0.0687,0.0534,0.0156
2026-08-26T05:35:58.143+02:00,1000,1024,1024,1053,179,970,0,10117,0.032,0.0373,0.217,0.1033,0.2034,1.9551,3.026,11.576,77.259,25.18,4.34,137.73,0.0085,0.0084,0.0519,16000,1024,81.12,0.7809,0.1098,0.0969,0.0124
2026-08-26T05:36:28.139+02:00,1000,1024,1030,1060,179,971,4,10121,0.0328,0.0316,0.1293,0.2289,0.207,1.9703,4.972,9.406,159.599,64.93,78.52,312.41,0.0083,0.0083,0.0224,16000,1024,152.51,0.9216,0.044,0.0271,0.0073
2026-08-26T05:37:28.134+02:00,1000,1024,1024,1053,180,972,11,10162,0.0344,0.0327,0.1451,0.1251,0.2056,1.9661,3.149,9.697,164.703,40.72,51.27,112.29,0.0074,0.0093,0.0357,16000,1024,359.82,0.9722,0.0146,0.0109,0.0023
2026-08-26T05:37:58.137+02:00,1000,1024,1024,1053,180,975,31,10193,0.0331,0.0372,0.2445,0.2271,0.207,1.9345,4.878,12.203,53.638,119.99,15.73,323.35,0.0075,0.0102,0.0524,16000,1024,69.52,0.8857,0.0433,0.0483,0.0226
2026-08-26T05:38:58.140+02:00,1000,1024,1028,1058,181,978,2,10205,0.0322,0.0293,0.4593,0.1257,0.2083,1.849,3.063,5.065,12.887,159.21,67.13,338.22,0.0083,0.0062,0.081,16000,1024,303.84,0.9685,0.0133,0.0134,0.0048
2026-08-26T05:39:28.136+02:00,1000,1024,1024,1053,181,978,2,10207,0.3341,0.0316,0.1176,10.6371,0.2075,1.9605,1002.86,9.184,189.638,109.55,47.34,42.95,0.0452,0.0086,0.019,16000,1024,190.68,0.6933,0.091,0.2045,0.0112
2026-08-26T05:40:28.137+02:00,1000,1024,1024,1053,182,978,3,10228,0.0336,0.0308,0.1206,0.2262,0.2097,2.2682,4.792,6.646,258.873,44.8,19.53,16.21,0.0088,0.0074,0.0162,16000,1024,100.02,0.813,0.0571,0.1173,0.0125
2026-08-26T05:40:58.136+02:00,1000,1024,1024,1053,182,981,1,10229,0.0325,0.031,0.4638,0.1326,0.2089,1.8371,3.295,4.649,12.31,56.72,85.78,187.81,0.0076,0.0082,0.0861,16000,1024,250.06,0.9649,0.0173,0.0134,0.0045
2026-08-26T05:41:28.138+02:00,1000,1024,1024,1053,182,981,13,10242,0.0329,0.031,0.1218,0.1136,0.2105,1.959,2.863,8.299,196.64,3.95,118.47,5.31,0.0077,0.0077,0.0221,16000,1024,288.82,0.9355,0.0231,0.0375,0.0039
2026-08-26T05:41:58.138+02:00,1000,1024,1024,1053,182,983,11,10253,0.0326,0.033,0.2049,0.0988,0.2112,2.2475,2.528,11.939,84.784,34.08,2.25,118.5,0.0081,0.009,0.0432,16000,1024,145.0,0.9068,0.05,0.0297,0.0135
2026-08-26T05:42:28.138+02:00,1000,1024,1024,1053,182,984,7,10260,0.0332,0.0309,0.0979,0.1125,0.2101,2.2664,2.959,4.861,358.873,107.26,105.25,123.77,0.0074,0.0093,0.0186,16000,1024,86.03,0.6881,0.211,0.0903,0.0107
2026-08-26T05:42:58.139+02:00,1000,1024,1024,1053,182,984,21,10281,0.032,0.0368,0.2288,0.2251,0.21,2.2375,5.322,11.66,63.319,63.32,114.16,90.91,0.0097,0.0103,0.0382,16000,1024,438.46,0.9648,0.0188,0.0114,0.0051
2026-08-26T05:43:28.147+02:00,1000,1024,1032,1062,182,986,21,10302,0.1367,0.2168,0.8147,4.2366,5.0015,8.9957,902.21,490.819,110.475,34.25,13.7,492.01,0.0134,0.0186,0.1402,16000,1024,104.14,0.8409,0.0602,0.0833,0.0155
2026-08-26T05:43:58.140+02:00,1000,1024,1024,1053,182,986,6,10308,0.0345,0.3046,0.72,0.103,4.992,9.011,2.838,250.107,143.453,21.55,95.48,130.11,0.0084,0.0422,0.1358,16000,1024,82.02,0.7998,0.053,0.1061,0.0411
2026-08-26T05:44:28.139+02:00,1000,1024,1024,1053,182,987,1,10309,0.0328,0.0316,0.4788,0.1369,0.2108,1.8185,3.151,6.144,11.272,105.2,59.03,277.45,0.0089,0.0091,0.0972,16000,1024,353.73,0.9429,0.0324,0.021,0.0037
2026-08-26T05:44:58.140+02:00,1000,1024,1024,1053,182,987,0,10309,0.0325,0.0348,0.1677,0.1104,0.2074,1.9451,2.969,10.349,123.852,226.83,92.91,46.8,0.0075,0.0063,0.0179,16000,1024,177.63,0.9236,0.0187,0.041,0.0167
2026-08-26T05:45:58.185+02:00,1000,1024,1069,1099,183,988,35,10347,0.5764,0.0368,0.2576,10.6154,0.2081,2.2256,336.953,11.284,50.078,190.18,107.37,344.91,0.0756,0.0086,0.0538,16000,1024,887.91,0.982,0.0123,0.0048,0.0008
2026-08-26T05:46:28.145+02:00,1000,1024,1028,1058,183,989,32,10379,0.3344,0.0416,0.3005,10.6369,0.2042,2.2166,999.715,12.51,37.884,49.06,218.71,90.73,0.0406,0.0095,0.0635,16000,1024,101.44,0.8892,0.0381,0.0619,0.0109
2026-08-26T05:47:28.142+02:00,1000,1024,1024,1053,184,989,6,10394,0.3341,0.0327,0.1436,10.6374,0.2101,2.2557,1003.562,8.571,175.691,118.25,67.77,36.41,0.0292,0.0084,0.025,16000,1024,120.0,0.8757,0.0368,0.0796,0.0079
2026-08-26T05:47:58.146+02:00,1000,1024,1024,1053,184,991,23,10417,0.0336,0.0366,0.2167,0.1125,0.2099,1.9257,2.872,9.995,66.858,44.11,52.41,22.22,0.0092,0.0101,0.0446,16000,1024,298.72,0.9919,0.0019,0.005,0.0012
2026-08-26T05:48:28.142+02:00,1000,1024,1024,1053,184,992,3,10420,0.0325,0.0351,0.1521,0.1282,0.2119,1.9421,2.933,9.465,142.85,63.48,73.18,81.88,0.0078,0.0092,0.0263,16000,1024,280.06,0.9847,0.0042,0.0096,0.0015
2026-08-26T05:48:58.145+02:00,1000,1024,1024,1053,184,994,1,10421,0.0322,0.0317,0.4619,0.1237,0.2104,1.8244,2.979,7.97,12.493,28.83,152.44,62.68,0.009,0.007,0.0917,16000,1024,721.32,0.9963,0.0009,0.0025,0.0003
2026-08-26T05:49:28.145+02:00,1000,1024,1024,1053,184,996,0,10421,0.0331,0.0312,0.5152,0.1291,0.2105,1.7909,3.143,6.461,9.563,68.51,49.0,202.84,0.0071,0.0079,0.1245,16000,1024,129.74,0.6468,0.2868,0.052,0.0144
2026-08-26T05:49:58.143+02:00,1000,1024,1024,1053,184,997,1,10422,0.0324,0.0339,0.1667,0.1114,0.2086,1.9374,2.812,11.466,124.708,64.59,176.11,193.36,0.0076,0.0061,0.0212,16000,1024,286.71,0.9346,0.01,0.0479,0.0075
2026-08-26T05:50:28.143+02:00,1000,1024,1024,1053,184,998,8,10430,0.0327,0.032,0.1685,0.1019,0.2112,2.2467,2.853,6.344,129.301,67.48,37.16,317.09,0.0076,0.0066,0.0255,16000,1024,112.82,0.8194,0.0573,0.1054,0.0179
2026-08-26T05:50:58.153+02:00,1000,1024,1033,1062,184,999,19,10449,0.3344,0.033,0.1887,10.6388,0.2118,2.23,1000.694,10.406,92.681,5.55,10.96,215.53,0.0369,0.0071,0.0311,16000,1024,64.69,0.7529,0.0481,0.1787,0.0203
2026-08-26T05:51:28.145+02:00,1000,1024,1024,1053,184,1001,2,10451,0.3342,0.0305,0.0678,10.6372,0.2118,1.637,1002.682,5.124,331.557,38.92,39.3,178.06,0.0081,0.0073,0.0094,16000,1024,333.6,0.8701,0.0385,0.0812,0.0102
2026-08-26T05:51:58.148+02:00,1000,1024,1024,1053,184,1003,8,10459,0.0335,0.0318,0.1531,0.1311,0.2118,1.9367,3.194,7.847,124.807,137.62,27.44,105.51,0.0073,0.0071,0.025,16000,1024,78.14,0.8059,0.0619,0.1139,0.0182
2026-08-26T05:52:58.145+02:00,1000,1024,1024,1053,185,1004,1,10461,0.3342,0.03,0.0673,10.6344,0.2124,1.6361,1001.26,5.14,340.876,113.19,31.18,134.86,0.0087,0.0066,0.0093,16000,1024,129.07,0.8573,0.0308,0.1008,0.0111
2026-08-26T05:53:28.146+02:00,1000,1024,1024,1053,185,1004,0,10461,0.0333,0.0312,0.0968,0.1137,0.2123,1.9326,2.754,6.637,309.854,94.74,124.08,38.16,0.0085,0.0077,0.0188,16000,1024,163.09,0.8121,0.0765,0.0959,0.0155
2026-08-26T05:54:28.153+02:00,1000,1024,1030,1060,186,1005,36,10513,0.3344,0.0389,0.2453,10.6382,0.2111,2.2077,1000.478,12.027,53.833,43.91,98.77,80.29,0.0249,0.0084,0.0479,16000,1024,200.09,0.9159,0.0436,0.0357,0.0048
2026-08-26T05:54:58.146+02:00,1000,1024,1024,1053,186,1008,0,10513,0.0325,0.0332,0.1289,0.1235,0.2098,1.9322,3.128,8.207,197.026,20.77,84.14,206.01,0.009,0.0092,0.0281,16000,1024,338.19,0.9731,0.0173,0.0081,0.0014
2026-08-26T05:56:28.153+02:00,1000,1024,1029,1058,188,1011,4,10521,0.0335,0.0306,0.4326,0.2264,0.2137,1.8237,5.03,5.099,14.271,135.69,37.76,496.97,0.0096,0.0076,0.1114,16000,1024,120.52,0.9309,0.0274,0.0347,0.007
2026-08-26T05:56:58.148+02:00,1000,1024,1024,1053,188,1013,10,10531,0.0326,0.0357,0.1779,0.1295,0.2118,1.9244,3.425,12.067,99.899,51.98,9.85,134.11,0.0098,0.0092,0.0448,16000,1024,123.17,0.852,0.0393,0.096,0.0128
2026-08-26T05:57:28.148+02:00,1000,1024,1024,1053,188,1015,10,10541,0.032,0.0293,0.1282,0.0974,0.2112,1.9292,2.748,7.607,200.024,151.81,75.91,13.12,0.0083,0.0057,0.0205,16000,1024,140.92,0.7791,0.0958,0.1107,0.0144
2026-08-26T05:57:58.154+02:00,1000,1024,1029,1058,188,1016,5,10546,0.0324,0.0313,0.076,0.1127,0.2115,1.9343,3.047,4.795,411.303,122.76,11.91,34.47,0.0089,0.0095,0.0132,16000,1024,87.42,0.8823,0.031,0.0742,0.0126
2026-08-26T05:58:28.149+02:00,1000,1024,1024,1053,188,1016,12,10558,0.3344,0.0347,0.1899,10.6368,0.2146,1.9148,1000.2,12.67,90.781,93.52,85.1,353.58,0.0214,0.0068,0.0383,16000,1024,224.42,0.9392,0.017,0.0383,0.0055
2026-08-26T05:58:58.149+02:00,1000,1024,1024,1053,188,1017,1,10559,0.0318,0.0348,0.1542,0.1046,0.2142,1.9202,2.941,10.271,140.897,108.16,172.19,156.31,0.0082,0.0069,0.0274,16000,1024,146.84,0.8902,0.0393,0.0627,0.0079
2026-08-26T05:59:28.155+02:00,1000,1024,1029,1058,188,1018,1,10560,0.0333,0.0313,0.5357,0.1183,0.2152,1.7583,3.108,4.957,8.746,113.87,117.17,250.63,0.0076,0.0066,0.1221,16000,1024,235.87,0.9786,0.006,0.0136,0.0018
2026-08-26T06:00:28.152+02:00,1000,1024,1024,1053,189,1021,1,10567,0.0331,0.0315,0.4706,0.1089,0.2144,1.7978,3.135,4.895,11.599,124.17,29.81,97.78,0.0072,0.0067,0.0918,16000,1024,94.6,0.7271,0.1216,0.1319,0.0194
2026-08-26T06:00:58.151+02:00,1000,1024,1024,1053,189,1023,1,10568,0.034,0.0313,0.114,0.1349,0.2128,1.925,3.152,8.478,238.24,52.48,52.09,188.95,0.0087,0.0071,0.0191,16000,1024,64.17,0.7269,0.1151,0.1382,0.0198
2026-08-26T06:01:28.153+02:00,1000,1024,1024,1053,189,1026,1,10569,0.0337,0.03,0.4907,0.1208,0.2138,1.7837,2.942,7.543,10.631,48.89,1.6,478.64,0.006,0.0072,0.0972,16000,1024,121.91,0.883,0.0373,0.0723,0.0075
2026-08-26T06:01:58.156+02:00,1000,1024,1028,1058,189,1026,22,10591,0.5764,0.036,0.2426,10.6157,0.2111,2.1973,337.177,12.243,53.098,75.32,24.34,22.18,0.0663,0.0102,0.0416,16000,1024,253.14,0.9307,0.0357,0.0269,0.0068
2026-08-26T06:02:28.153+02:00,1000,1024,1024,1053,189,1027,1,10592,0.0337,0.03,0.1143,0.2248,0.2135,1.9209,4.616,7.58,234.17,113.66,39.91,16.42,0.0091,0.0071,0.0205,16000,1024,93.64,0.804,0.0588,0.1213,0.0159
2026-08-26T06:02:58.154+02:00,1000,1024,1024,1053,189,1027,9,10601,0.3343,0.0319,0.138,10.6372,0.2196,2.2229,1001.085,8.581,174.389,143.35,56.92,103.19,0.0086,0.008,0.0221,16000,1024,140.19,0.8859,0.0484,0.0548,0.011
2026-08-26T06:03:28.156+02:00,1000,1024,1024,1053,189,1028,2,10603,0.3341,0.033,0.125,10.635,0.2162,1.916,1002.355,9.382,160.592,75.37,60.69,76.93,0.0194,0.0065,0.022,16000,1024,295.53,0.9721,0.0054,0.0205,0.002
2026-08-26T06:03:58.153+02:00,1000,1024,1024,1053,189,1028,1,10604,0.0322,0.0318,0.1029,0.128,0.2156,1.9177,3.245,6.558,234.933,72.54,130.94,165.21,0.0068,0.0077,0.0203,16000,1024,122.69,0.8457,0.0596,0.0822,0.0124
2026-08-26T06:04:28.154+02:00,1000,1024,1024,1053,189,1028,7,10611,0.0333,0.0307,0.1498,0.2276,0.218,1.915,4.79,9.38,142.985,11.67,243.13,19.59,0.0081,0.0071,0.0278,16000,1024,691.93,0.9983,0.0004,0.0011,0.0002
2026-08-26T06:04:58.155+02:00,1000,1024,1024,1053,189,1028,0,10611,0.0308,0.0302,0.0739,0.0955,0.2134,1.9211,2.782,5.148,445.663,78.46,35.83,136.9,0.0071,0.0069,0.0154,16000,1024,270.38,0.9774,0.0098,0.0114,0.0014
2026-08-26T06:05:28.155+02:00,1000,1024,1024,1053,189,1029,0,10611,0.0337,0.034,0.1756,0.2249,0.2149,1.9104,4.562,12.74,109.485,51.78,54.63,42.17,0.0077,0.0064,0.0241,16000,1024,275.36,0.9585,0.0117,0.0252,0.0046
2026-08-26T06:05:58.157+02:00,1000,1024,1024,1053,189,1031,19,10630,0.033,0.0331,0.2083,0.0892,0.2162,2.2059,2.722,12.149,78.19,55.47,2.41,208.03,0.0079,0.0078,0.0419,16000,1024,196.04,0.9347,0.0279,0.0339,0.0036
2026-08-26T06:06:28.156+02:00,1000,1024,1024,1053,189,1032,5,10635,0.033,0.0306,0.1132,0.2296,0.2123,1.914,4.939,6.614,239.421,56.9,3.78,243.48,0.0071,0.0073,0.0197,16000,1024,246.1,0.9879,0.0048,0.0058,0.0015
2026-08-26T06:06:58.157+02:00,1000,1024,1024,1053,189,1033,1,10636,0.0325,0.0325,0.1531,0.1179,0.2143,1.9122,3.046,12.861,142.181,182.67,200.91,82.22,0.0063,0.0079,0.0259,16000,1024,263.3,0.9671,0.0143,0.017,0.0016
2026-08-26T06:07:28.160+02:00,1000,1024,1024,1053,189,1033,0,10636,0.0322,0.0317,0.0894,0.1065,0.2158,1.9168,3.064,6.635,308.144,21.56,10.7,108.35,0.0073,0.0062,0.0121,16000,1024,265.39,0.985,0.0044,0.0087,0.0019
2026-08-26T06:08:58.157+02:00,1000,1024,1024,1053,191,1041,1,10651,1.5361,0.2093,0.6551,2.2928,0.3968,1.9444,1.55,1.656,4.707,49.34,49.33,62.23,2.1461,0.2743,0.1625,16000,1024,467.1,0.7242,0.2653,0.0077,0.0028
2026-08-26T06:09:28.158+02:00,1000,1024,1024,1053,191,1041,0,10651,1.5761,0.2185,0.0909,2.3706,0.3998,1.61,1.532,1.634,97.156,49.41,49.41,49.4,2.2787,0.3065,0.0792,16000,1024,449.39,0.763,0.2152,0.0161,0.0057
2026-08-26T06:09:58.158+02:00,1000,1024,1024,1053,191,1042,1,10652,1.5895,0.2081,0.6267,2.4799,0.3841,1.9837,1.539,1.663,5.777,49.33,49.34,62.63,2.3154,0.2835,0.1243,16000,1024,438.1,0.7376,0.2516,0.0079,0.0029
2026-08-26T06:10:28.158+02:00,1000,1024,1024,1053,191,1043,1,10653,1.513,0.2129,0.1666,2.2898,0.4028,1.9065,1.538,1.698,100.502,49.34,49.35,49.48,2.2052,0.306,0.0714,16000,1024,401.64,0.6657,0.3217,0.0079,0.0047
2026-08-26T06:10:58.158+02:00,1000,1024,1024,1053,191,1043,8,10661,1.5585,0.2091,0.1283,3.3747,0.3935,1.915,1.547,1.626,120.986,49.36,49.36,49.28,1.9429,0.2581,0.0681,16000,1024,465.98,0.6897,0.2992,0.0073,0.0038
2026-08-26T06:11:28.159+02:00,1000,1024,1024,1053,191,1043,2,10663,1.6166,0.2091,0.1523,2.4453,0.3795,2.2184,1.54,1.66,104.031,49.3,49.31,49.32,2.2257,0.2841,0.0949,16000,1024,466.91,0.4588,0.5232,0.0106,0.0074
2026-08-26T06:11:58.162+02:00,1000,1024,1024,1053,191,1045,6,10669,1.6671,0.2082,0.1384,2.4768,0.392,1.9187,1.535,1.617,108.02,49.29,49.3,49.19,2.0218,0.2434,0.0717,16000,1024,405.33,0.6224,0.3618,0.0106,0.0052
2026-08-26T06:12:28.168+02:00,1000,1024,1030,1060,191,1046,13,10682,1.74,0.2019,0.1992,3.5508,0.3912,1.9138,1.543,1.657,66.324,49.25,49.27,49.25,2.2902,0.2605,0.104,16000,1024,417.31,0.6887,0.2965,0.0093,0.0055
2026-08-26T06:13:28.160+02:00,1000,1024,1024,1053,192,1047,1,10685,1.7776,0.1989,0.1616,2.6491,0.3862,2.2338,1.529,1.608,85.099,49.11,49.12,49.04,2.4959,0.2765,0.1008,16000,1024,453.73,0.6861,0.2901,0.019,0.0047
2026-08-26T06:13:58.161+02:00,1000,1024,1024,1053,192,1048,3,10688,1.7753,0.1972,0.1235,2.627,0.3736,1.9371,1.528,1.633,118.715,49.26,49.25,49.28,2.2913,0.2516,0.1091,16000,1024,393.12,0.7455,0.2345,0.0124,0.0076
2026-08-26T06:14:28.161+02:00,1000,1024,1024,1053,192,1050,3,10691,1.7864,0.1957,0.5899,2.6536,0.4003,2.0353,1.539,1.619,6.749,49.23,49.22,62.66,2.474,0.2579,0.2028,16000,1024,378.08,0.6803,0.2996,0.0129,0.0072
2026-08-26T06:14:58.164+02:00,1000,1024,1024,1053,192,1050,0,10691,1.7977,0.1942,0.6181,2.6425,0.4031,2.0187,1.53,1.597,6.033,49.21,49.18,62.4,2.5984,0.2596,0.1409,16000,1024,513.99,0.7769,0.2064,0.0112,0.0055
2026-08-26T06:15:28.161+02:00,1000,1024,1024,1053,192,1052,14,10705,1.8408,0.193,0.2535,4.084,0.403,2.221,1.532,1.669,47.275,49.19,49.18,49.2,2.0178,0.2186,0.1007,16000,1024,555.41,0.8851,0.1008,0.0101,0.004
2026-08-26T06:15:58.164+02:00,1000,1024,1024,1053,192,1052,23,10728,1.8864,0.1942,0.4552,8.3464,0.4237,2.1296,1.983,1.698,13.113,30.81,30.84,6.6,1.1194,0.1242,0.0782,16000,1024,399.55,0.7835,0.1983,0.0131,0.0051
2026-08-26T06:16:28.164+02:00,1000,1024,1024,1053,192,1052,32,10760,1.9005,0.1956,0.2996,8.3273,0.4118,2.206,1.864,1.698,33.597,17.24,17.47,41.65,0.7902,0.088,0.0592,16000,1024,416.75,0.7626,0.218,0.0155,0.0038
2026-08-26T06:17:58.166+02:00,1000,1024,1024,1053,194,1055,24,10800,1.8863,0.1904,0.2372,2.819,0.4141,2.243,1.535,1.659,52.498,49.16,49.19,48.65,1.0965,0.1113,0.0613,16000,1024,405.87,0.8384,0.1389,0.0167,0.0061
2026-08-26T06:18:28.165+02:00,1000,1024,1024,1053,194,1055,0,10800,1.9016,0.1938,0.0951,2.8326,0.3628,0.2404,1.532,1.615,2.224,49.09,49.09,49.1,2.693,0.2707,0.1139,16000,1024,464.19,0.6961,0.2809,0.0171,0.0058
2026-08-26T06:19:28.166+02:00,1000,1024,1024,1053,195,1059,29,10833,1.9091,0.1948,0.2354,10.77,0.4296,2.2437,2.441,1.738,53.412,49.17,49.28,48.86,1.0761,0.0991,0.0577,16000,1024,411.42,0.8056,0.1694,0.0176,0.0075
2026-08-26T06:19:58.166+02:00,1000,1024,1024,1053,195,1060,13,10846,1.9206,0.1993,0.2295,11.9563,0.4496,2.2469,2.881,1.634,56.351,49.07,49.08,48.97,0.9959,0.1084,0.06,16000,1024,408.58,0.7239,0.2625,0.0098,0.0037
2026-08-26T06:20:28.258+02:00,1000,1024,1115,1144,195,1060,37,10883,1.8598,0.1998,0.2022,2.8169,0.8085,1.9532,1.559,1.823,60.564,49.25,49.29,49.38,1.2002,0.1313,0.0612,16000,1024,419.61,0.7877,0.1948,0.0117,0.0058
2026-08-26T06:20:58.169+02:00,1000,1024,1027,1057,195,1063,35,10918,1.915,0.1943,0.3028,12.3683,0.4052,2.2403,3.328,1.623,31.512,49.24,49.36,55.51,0.8384,0.0876,0.0554,16000,1024,410.08,0.7842,0.2002,0.0117,0.0038
2026-08-26T06:21:28.166+02:00,1000,1024,1024,1053,195,1064,2,10920,1.8841,0.1959,0.623,2.7614,0.4128,2.0452,1.53,1.608,5.821,49.15,49.13,62.71,2.4166,0.2284,0.1718,16000,1024,440.7,0.7529,0.2187,0.0237,0.0046
2026-08-26T06:21:58.167+02:00,1000,1024,1024,1053,195,1064,6,10926,1.9129,0.1929,0.1458,8.171,0.3877,1.9747,1.807,1.618,83.315,49.2,49.23,49.26,2.1278,0.2237,0.0912,16000,1024,458.44,0.8153,0.1622,0.0143,0.0082
2026-08-26T06:22:28.167+02:00,1000,1024,1024,1053,195,1064,7,10933,1.9015,0.1939,0.147,2.9062,0.404,2.2853,1.539,1.599,121.459,49.06,49.05,49.03,2.281,0.2314,0.0996,16000,1024,483.36,0.792,0.1864,0.0161,0.0054
2026-08-26T06:23:28.168+02:00,1000,1024,1024,1053,196,1066,1,10936,1.9207,0.1957,0.1202,2.8692,0.3647,1.6741,1.531,1.634,74.307,49.18,49.17,49.15,2.6763,0.2645,0.1134,16000,1024,430.82,0.7729,0.2086,0.0135,0.005
2026-08-26T06:23:58.169+02:00,1000,1024,1024,1053,196,1068,17,10953,1.9615,0.3262,0.7672,4.0242,5.021,8.7381,1.585,140.124,122.281,49.19,49.2,203.42,1.8956,0.1875,0.1116,16000,1024,413.19,0.5693,0.4026,0.0229,0.0051
2026-08-26T06:24:58.168+02:00,1000,1024,1024,1053,197,1068,0,10957,1.957,0.1938,0.1013,2.9106,0.3567,0.2568,1.53,1.623,2.232,49.15,49.14,49.19,2.8141,0.271,0.1254,16000,1024,422.86,0.88,0.1036,0.0117,0.0047
2026-08-26T06:25:28.178+02:00,1000,1024,1030,1060,197,1069,8,10965,1.9894,0.1943,0.2176,5.8148,0.3699,2.0194,1.577,1.616,56.26,49.09,49.05,51.31,1.7391,0.1594,0.0585,16000,1024,481.28,0.8284,0.1514,0.0154,0.0047
2026-08-26T06:25:58.169+02:00,1000,1024,1024,1053,197,1069,0,10965,1.9734,0.1936,0.1784,2.9228,0.3831,1.9769,1.525,1.61,81.247,49.16,49.15,49.21,2.8304,0.2695,0.1214,16000,1024,488.44,0.7086,0.2774,0.0102,0.0039
2026-08-26T06:26:28.170+02:00,1000,1024,1024,1053,197,1070,5,10970,2.0059,0.1937,0.1906,7.5288,0.3994,1.9759,1.686,1.64,68.065,49.12,49.13,49.16,2.731,0.2572,0.1283,16000,1024,464.82,0.7283,0.2558,0.0113,0.0046
2026-08-26T06:26:58.172+02:00,1000,1024,1024,1053,197,1072,2,10972,2.0282,0.1919,0.1053,3.0353,0.3645,0.2877,1.521,1.658,2.126,49.06,49.06,49.06,2.8441,0.2629,0.1265,16000,1024,443.19,0.7395,0.2389,0.0151,0.0065
2026-08-26T06:27:58.176+02:00,1000,1024,1029,1058,198,1077,8,10985,2.0528,0.1883,0.1885,3.0654,0.4012,2.2884,1.516,1.639,81.589,49.23,49.24,49.15,2.4787,0.229,0.1049,16000,1024,549.69,0.8484,0.1394,0.0093,0.0029
2026-08-26T06:29:28.182+02:00,1000,1024,1030,1060,200,1077,1,11001,2.0956,0.1905,0.1752,3.0798,0.3565,1.6815,1.527,1.613,58.263,49.12,49.12,49.11,2.994,0.2646,0.1388,16000,1024,527.4,0.7381,0.2416,0.0161,0.0042
2026-08-26T06:29:58.217+02:00,1000,1024,1066,1096,200,1079,11,11012,2.188,0.1894,0.1716,14.1193,0.4084,2.005,3.093,1.666,73.527,49.12,49.13,49.18,2.8126,0.2516,0.1197,16000,1024,616.17,0.8474,0.1418,0.0091,0.0017
2026-08-26T06:30:28.173+02:00,1000,1024,1024,1053,200,1080,1,11013,2.1225,0.1904,0.1282,3.1442,0.368,2.0028,1.524,1.672,59.317,49.07,49.06,49.03,2.9094,0.2517,0.1462,16000,1024,542.25,0.7482,0.2342,0.0146,0.003
2026-08-26T06:30:58.173+02:00,1000,1024,1024,1053,200,1080,0,11013,2.1209,0.1858,0.7247,3.2943,0.4163,1.9912,1.522,1.664,4.187,49.13,49.13,250.03,3.0325,0.2293,0.236,16000,1024,460.37,0.8179,0.1626,0.016,0.0035
2026-08-26T06:31:28.173+02:00,1000,1024,1024,1053,200,1082,6,11019,2.1337,0.1872,0.1387,3.1681,0.35,2.0048,1.528,1.673,65.472,49.06,49.06,49.0,2.2663,0.1989,0.1062,16000,1024,756.96,0.8236,0.1635,0.0107,0.0022
2026-08-26T06:31:58.174+02:00,1000,1024,1024,1053,200,1083,12,11031,2.1474,0.1911,0.301,4.7023,0.8017,2.2644,1.556,1.931,33.918,49.12,49.12,49.13,2.1307,0.1873,0.1095,16000,1024,583.65,0.779,0.2092,0.0098,0.002
2026-08-26T06:32:28.176+02:00,1000,1024,1024,1053,200,1083,8,11039,2.1368,0.1918,0.1653,3.1589,0.4038,2.0037,1.545,1.633,74.336,49.09,49.13,49.12,2.4418,0.2128,0.1326,16000,1024,497.08,0.7481,0.2354,0.0133,0.0032
2026-08-26T06:32:58.183+02:00,1000,1024,1024,1053,200,1083,1,11040,2.1523,0.1881,0.193,3.2374,0.4145,1.998,1.527,1.646,62.391,49.12,49.11,49.14,3.0786,0.2619,0.1448,16000,1024,494.1,0.7028,0.2758,0.0172,0.0042
2026-08-26T06:33:28.175+02:00,1000,1024,1024,1053,200,1084,5,11045,2.1945,0.2402,0.6207,3.2073,4.7177,8.7726,1.525,146.001,189.53,49.17,49.21,48.91,2.8351,0.2375,0.1376,16000,1024,496.82,0.7188,0.2637,0.0143,0.0032
2026-08-26T06:34:28.203+02:00,1000,1024,1024,1054,201,1085,20,11082,2.2439,0.1894,0.3383,3.3387,0.3743,2.2719,1.522,1.718,28.322,49.27,49.23,17.06,1.5669,0.1336,0.0791,16000,1024,508.37,0.755,0.23,0.0111,0.0039
2026-08-26T06:34:58.202+02:00,1000,1024,1024,1053,201,1086,2,11084,2.2357,0.1891,0.1801,3.2682,0.3591,2.3149,1.525,1.673,88.046,49.11,49.12,49.09,3.0261,0.2509,0.1312,16000,1024,513.32,0.7526,0.2247,0.0183,0.0044
2026-08-26T06:35:28.203+02:00,1000,1024,1024,1053,201,1086,2,11086,2.2565,0.1873,0.1475,3.2739,0.3679,2.0178,1.512,1.668,65.888,49.1,49.1,49.09,2.9567,0.242,0.1391,16000,1024,608.07,0.8881,0.1037,0.006,0.0022
2026-08-26T06:36:28.203+02:00,1000,1024,1024,1053,202,1088,9,11100,2.317,0.1908,0.2044,14.2388,0.8133,2.0062,2.813,1.955,55.078,49.12,49.12,49.17,2.528,0.2015,0.1317,16000,1024,535.59,0.6785,0.3095,0.0093,0.0026
2026-08-26T06:36:58.204+02:00,1000,1024,1024,1053,202,1088,2,11102,2.2627,0.1914,0.2131,3.4205,0.4208,2.0034,1.519,1.693,54.029,48.98,48.95,48.94,2.8715,0.2325,0.1244,16000,1024,539.69,0.8598,0.1295,0.0084,0.0023
2026-08-26T06:37:28.204+02:00,1000,1024,1024,1053,202,1091,3,11105,2.243,0.1884,0.2102,3.3751,0.3856,2.3119,1.525,1.704,63.095,48.98,48.97,49.0,3.0753,0.25,0.146,16000,1024,578.44,0.8544,0.1238,0.0171,0.0047
2026-08-26T06:37:58.206+02:00,1000,1024,1024,1053,202,1091,17,11122,2.2572,0.1898,0.281,3.3518,0.409,2.2992,1.527,1.653,40.276,49.15,49.08,49.35,2.0911,0.1736,0.0963,16000,1024,563.26,0.7572,0.2313,0.0093,0.0022
2026-08-26T06:38:58.233+02:00,1000,1024,1049,1079,203,1092,4,11127,0.0354,0.0307,0.466,0.135,0.1969,2.0745,3.311,4.43,13.696,57.79,5.19,224.49,0.0107,0.0072,0.0852,16000,1024,195.96,0.8891,0.089,0.0174,0.0045
2026-08-26T06:39:28.208+02:00,1000,1024,1024,1053,203,1093,10,11137,0.0349,0.0334,0.1777,0.1238,0.1952,2.0123,3.008,10.407,112.615,17.45,139.39,370.93,0.009,0.0067,0.0258,16000,1024,115.16,0.7631,0.1276,0.0917,0.0175
2026-08-26T06:39:58.211+02:00,1000,1024,1028,1057,203,1096,4,11141,0.0326,0.0299,0.1183,0.1169,0.1115,2.0191,2.936,3.155,249.012,142.22,250.92,102.82,0.0085,0.006,0.0173,16000,1024,147.23,0.9231,0.0344,0.0375,0.0049
2026-08-26T06:40:28.207+02:00,1000,1024,1024,1053,203,1097,9,11150,0.0342,0.0335,0.1612,0.1153,0.1935,2.0164,2.875,7.185,143.291,23.47,85.19,195.65,0.0095,0.0082,0.0242,16000,1024,120.52,0.9595,0.019,0.0157,0.0058
2026-08-26T06:40:58.212+02:00,1000,1024,1027,1057,203,1098,3,11153,0.0341,0.0314,0.1666,0.2237,0.1965,2.3205,4.492,4.752,152.505,214.71,58.81,4.94,0.0075,0.0067,0.0282,16000,1024,397.42,0.9705,0.0177,0.0109,0.001
2026-08-26T06:41:28.207+02:00,1000,1024,1024,1053,203,1098,6,11159,0.033,0.03,0.0775,0.1132,0.1962,2.0227,3.224,4.606,452.572,55.76,69.1,89.84,0.0067,0.0067,0.0168,16000,1024,185.86,0.9638,0.0294,0.0051,0.0018
2026-08-26T06:41:58.219+02:00,1000,1024,1032,1061,203,1098,20,11179,0.0324,0.0396,0.2983,0.2237,0.1932,2.2999,5.217,10.992,43.314,28.2,86.96,248.35,0.0085,0.0116,0.0654,16000,1024,130.57,0.6854,0.1158,0.188,0.0108
2026-08-26T06:42:28.210+02:00,1000,1024,1024,1053,203,1098,8,11187,0.3342,0.0331,0.1576,10.6342,0.1975,2.0208,1001.194,6.652,145.496,42.92,231.73,10.93,0.0482,0.0075,0.026,16000,1024,461.31,0.9911,0.0054,0.0029,0.0006
2026-08-26T06:42:58.209+02:00,1000,1024,1024,1053,203,1098,10,11197,0.0339,0.0326,0.2109,0.224,0.1969,2.3154,4.521,7.519,86.083,84.69,23.29,275.63,0.0077,0.0093,0.0458,16000,1024,372.61,0.9833,0.0103,0.0053,0.0011
2026-08-26T06:43:28.210+02:00,1000,1024,1024,1053,203,1101,0,11197,0.0349,0.0307,0.0876,0.104,0.1106,1.71,2.851,2.859,283.393,32.54,19.36,30.83,0.0068,0.006,0.0153,16000,1024,243.98,0.8696,0.091,0.0371,0.0023
2026-08-26T06:43:58.209+02:00,1000,1024,1024,1053,203,1102,0,11197,0.0327,0.0297,0.1001,0.1042,0.1973,2.0209,2.852,4.629,323.584,37.39,61.94,61.49,0.0066,0.0065,0.0125,16000,1024,202.7,0.9686,0.0181,0.0106,0.0026
2026-08-26T06:44:28.208+02:00,1000,1024,1024,1053,203,1102,0,11197,0.0342,0.0282,0.0771,0.1073,0.1049,2.0147,2.786,3.089,454.689,40.98,111.94,171.31,0.0081,0.0067,0.0164,16000,1024,1878.35,0.9995,0.0003,0.0002,0.0
2026-08-26T06:44:58.216+02:00,1000,1024,1031,1061,203,1103,1,11198,0.0336,0.0298,0.046,0.1064,0.1036,0.1787,2.793,3.193,3.273,74.42,142.55,4.05,0.0094,0.007,0.0114,16000,1024,623.54,0.9941,0.004,0.0015,0.0004
2026-08-26T06:45:28.210+02:00,1000,1024,1024,1053,203,1103,1,11199,0.0342,0.0305,0.0999,0.1266,0.1967,2.0155,3.202,4.424,323.86,62.24,18.73,14.65,0.0093,0.0066,0.0128,16000,1024,417.05,0.9959,0.0021,0.0015,0.0005
2026-08-26T06:45:58.210+02:00,1000,1024,1024,1053,203,1103,8,11207,0.0336,0.0319,0.1494,0.1002,0.2026,2.003,2.811,9.671,143.299,125.29,5.23,10.48,0.0069,0.0069,0.0215,16000,1024,127.76,0.8772,0.0425,0.0744,0.006
2026-08-26T06:46:28.211+02:00,1000,1024,1024,1053,203,1103,0,11207,0.0337,0.0313,0.1157,0.0922,0.1982,1.6998,2.879,5.745,182.308,26.37,15.94,331.02,0.0064,0.0074,0.0224,16000,1024,199.87,0.9442,0.0486,0.0047,0.0025
2026-08-26T06:46:58.273+02:00,1000,1024,1086,1115,203,1104,10,11217,0.0327,0.0305,0.1307,0.1157,0.2042,1.9983,3.007,6.476,162.865,68.95,11.42,330.23,0.0084,0.0074,0.0244,16000,1024,64.43,0.8903,0.0461,0.0497,0.014
2026-08-26T06:47:28.214+02:00,1000,1024,1024,1053,203,1105,8,11225,0.0324,0.0314,0.1447,0.1089,0.2011,1.9968,2.837,4.303,143.494,161.97,41.7,110.31,0.0103,0.009,0.0198,16000,1024,112.41,0.9232,0.0256,0.0427,0.0085
2026-08-26T06:47:58.212+02:00,1000,1024,1024,1053,203,1105,0,11225,0.0327,0.0311,0.1025,0.1055,0.2029,1.6915,2.989,7.686,216.99,13.43,59.78,74.02,0.0067,0.0062,0.0172,16000,1024,116.75,0.9516,0.0203,0.02,0.0082
2026-08-26T06:48:28.217+02:00,1000,1024,1024,1053,203,1105,3,11228,0.0338,0.0743,0.6914,0.1195,0.1746,1.7428,2.977,4.261,5.395,87.65,62.69,62.67,0.0074,0.0267,0.2412,16000,1024,130.45,0.8414,0.0419,0.1016,0.015
2026-08-26T06:48:58.213+02:00,1000,1024,1024,1053,203,1105,2,11230,0.0326,0.0318,0.1558,0.1003,0.2016,1.9916,2.81,6.3,143.673,124.82,27.71,337.59,0.0076,0.0082,0.0294,16000,1024,458.18,0.9898,0.0067,0.003,0.0005
2026-08-26T06:49:58.215+02:00,1000,1024,1024,1053,204,1105,8,11245,0.0335,0.0309,0.099,0.2249,0.2025,1.9974,4.67,4.457,323.975,49.93,1.81,70.41,0.0096,0.0067,0.0118,16000,1024,159.71,0.974,0.0077,0.015,0.0033
2026-08-26T06:50:28.215+02:00,1000,1024,1024,1053,204,1106,1,11246,0.0333,0.0314,0.0927,0.1106,0.2057,1.9973,3.132,4.622,318.23,9.09,24.24,175.58,0.0067,0.0074,0.0158,16000,1024,564.26,0.9657,0.0246,0.0076,0.0021
2026-08-26T06:50:58.217+02:00,1000,1024,1024,1053,204,1106,1,11247,0.0333,0.0305,0.093,0.1245,0.1067,1.9947,3.105,3.132,313.164,50.61,47.72,28.94,0.0101,0.0065,0.0191,16000,1024,199.21,0.8496,0.0617,0.082,0.0067
2026-08-26T06:51:28.216+02:00,1000,1024,1024,1053,204,1106,10,11257,0.0343,0.0319,0.1236,0.1273,0.2033,1.9914,2.987,8.705,198.782,58.26,49.76,122.63,0.01,0.0076,0.0297,16000,1024,64.22,0.8872,0.0662,0.0337,0.0129
2026-08-26T06:51:58.215+02:00,1000,1024,1024,1053,204,1106,0,11257,0.0334,0.0301,0.0944,0.1047,0.2026,1.9886,2.888,5.028,291.117,59.78,30.63,30.8,0.0084,0.0077,0.0196,16000,1024,262.52,0.9557,0.0115,0.0288,0.004
2026-08-26T06:52:28.216+02:00,1000,1024,1024,1053,204,1107,0,11257,0.0327,0.0305,0.1172,0.1,0.1017,2.291,2.96,2.905,263.796,130.21,143.5,1.65,0.0073,0.0056,0.0161,16000,1024,70.1,0.5495,0.3271,0.0977,0.0257
2026-08-26T06:53:28.217+02:00,1000,1024,1024,1053,205,1111,6,11269,0.0328,0.0306,0.1113,0.1098,0.2053,1.9802,2.81,6.548,245.488,21.32,57.48,109.66,0.0074,0.0075,0.0211,16000,1024,523.25,0.9894,0.0053,0.005,0.0004
2026-08-26T06:53:58.218+02:00,1000,1024,1024,1053,205,1112,2,11271,0.2895,0.4039,0.7697,4.2198,4.9859,9.0321,199.873,143.325,124.862,32.06,35.18,302.82,0.0317,0.0545,0.115,16000,1024,292.2,0.965,0.0287,0.0045,0.0017
2026-08-26T06:54:28.218+02:00,1000,1024,1024,1053,205,1113,4,11275,0.0314,0.0292,0.0758,0.1173,0.204,1.9822,3.302,5.078,457.412,119.51,56.07,9.52,0.007,0.0083,0.0159,16000,1024,108.6,0.8443,0.0468,0.0919,0.017
2026-08-26T06:54:58.219+02:00,1000,1024,1024,1053,205,1115,9,11284,0.0328,0.0318,0.4662,0.1098,0.2058,2.1675,3.064,7.387,12.945,67.5,54.98,250.03,0.0066,0.0082,0.1144,16000,1024,143.1,0.863,0.0694,0.0571,0.0105
2026-08-26T06:55:28.218+02:00,1000,1024,1024,1053,205,1115,0,11284,0.0319,0.0295,0.1172,0.1212,0.1027,2.2828,3.024,2.994,258.996,204.57,111.2,10.58,0.0079,0.0061,0.0243,16000,1024,218.96,0.9751,0.0129,0.0083,0.0037
2026-08-26T06:55:58.220+02:00,1000,1024,1024,1053,205,1116,6,11290,0.0344,0.0326,0.1544,0.1363,0.2074,1.9703,3.231,8.54,142.379,127.91,167.3,313.13,0.0086,0.0087,0.0333,16000,1024,177.05,0.8131,0.0668,0.1121,0.008
2026-08-26T06:56:58.219+02:00,1000,1024,1024,1053,206,1117,12,11319,0.0322,0.0337,0.2039,0.2239,0.2059,2.2668,5.075,10.201,94.86,69.99,24.02,74.24,0.0087,0.0085,0.046,16000,1024,84.84,0.8549,0.0686,0.0596,0.0168
2026-08-26T06:57:28.219+02:00,1000,1024,1024,1053,206,1118,6,11325,0.0325,0.0298,0.076,0.1073,0.2077,1.9774,2.764,4.953,447.629,34.78,144.26,91.93,0.0077,0.0067,0.0131,16000,1024,95.96,0.7745,0.1251,0.0907,0.0096
2026-08-26T06:57:58.219+02:00,1000,1024,1024,1053,206,1118,6,11331,0.0346,0.0316,0.0995,0.1135,0.2049,1.9659,3.014,4.682,298.303,65.81,148.88,102.86,0.0083,0.0062,0.0173,16000,1024,147.3,0.9763,0.0115,0.0092,0.003
2026-08-26T06:58:28.223+02:00,1000,1024,1024,1053,206,1118,1,11332,0.0337,0.0288,0.0453,0.1172,0.0876,0.1343,2.959,2.847,2.788,28.26,95.8,82.38,0.0077,0.0081,0.012,16000,1024,56.96,0.7284,0.0638,0.1881,0.0197
2026-08-26T06:58:58.220+02:00,1000,1024,1024,1053,206,1118,3,11335,0.0327,0.0317,0.1579,0.2225,0.2065,2.2676,4.917,7.798,146.14,92.74,6.53,70.51,0.0081,0.0089,0.0275,16000,1024,165.47,0.9444,0.0285,0.0233,0.0039
2026-08-26T06:59:28.220+02:00,1000,1024,1024,1053,206,1120,0,11335,0.0329,0.0318,0.1541,0.1035,0.2083,2.265,3.088,4.639,147.443,71.24,85.31,169.91,0.0073,0.008,0.0142,16000,1024,87.13,0.9133,0.0315,0.0432,0.0121
2026-08-26T07:00:28.221+02:00,1000,1024,1024,1053,207,1121,3,11340,0.7427,0.0348,0.1982,10.5924,0.2064,2.2565,202.002,11.196,87.7,312.51,65.74,207.66,0.1352,0.007,0.0436,16000,1024,53.47,0.7219,0.1748,0.0814,0.0219
2026-08-26T07:00:58.221+02:00,1000,1024,1024,1053,207,1121,2,11342,0.3343,0.0759,0.6757,10.6393,0.1798,1.72,1002.082,4.31,5.516,33.17,62.35,62.29,0.0106,0.02,0.1921,16000,1024,479.69,0.9857,0.0043,0.0092,0.0007
2026-08-26T07:01:28.222+02:00,1000,1024,1024,1053,207,1122,2,11344,0.0333,0.0298,0.0852,0.0992,0.2103,1.6521,2.874,7.324,276.193,4.77,92.55,209.82,0.0091,0.0066,0.0136,16000,1024,251.98,0.9696,0.016,0.011,0.0034
2026-08-26T07:01:58.223+02:00,1000,1024,1024,1053,207,1122,0,11344,0.0331,0.0294,0.1608,0.115,0.115,2.2587,3.139,3.234,150.24,37.56,60.57,67.62,0.0085,0.0069,0.0332,16000,1024,201.49,0.9682,0.0198,0.0086,0.0035
2026-08-26T07:02:58.287+02:00,1000,1024,1024,1053,208,1124,25,11372,0.0338,0.5606,1.5506,0.1188,4.9471,8.8969,2.948,70.828,30.117,66.12,96.96,396.56,0.0098,0.0841,0.2937,16000,1024,104.66,0.8965,0.0583,0.0399,0.0053
2026-08-26T07:03:58.288+02:00,1000,1024,1024,1053,209,1124,0,11373,0.039,0.0303,0.2404,0.222,0.0986,2.2375,9.871,3.467,64.523,138.81,214.98,407.96,0.008,0.0069,0.0345,16000,1024,96.62,0.5133,0.1695,0.2901,0.027
2026-08-26T07:04:58.292+02:00,1000,1024,1024,1053,210,1125,1,11377,0.032,0.0298,0.0676,0.1053,0.2125,1.6438,2.916,5.042,342.925,63.33,100.76,67.31,0.007,0.0057,0.0097,16000,1024,368.7,0.9726,0.0105,0.0149,0.002
2026-08-26T07:05:28.290+02:00,1000,1024,1024,1053,210,1127,3,11380,0.3342,0.0321,0.1259,10.6385,0.2099,1.9471,1002.274,8.985,195.484,137.4,162.17,15.8,0.0439,0.0074,0.0191,16000,1024,128.86,0.8147,0.1429,0.0331,0.0093
2026-08-26T07:05:58.290+02:00,1000,1024,1024,1053,210,1128,0,11380,0.3343,0.0319,0.1796,10.6369,0.2113,2.2459,1001.226,9.703,103.419,96.57,148.36,390.51,0.0126,0.0075,0.0262,16000,1024,162.51,0.9777,0.0086,0.0109,0.0027
2026-08-26T07:06:28.289+02:00,1000,1024,1024,1053,210,1128,0,11380,0.0326,0.0303,0.0748,0.1045,0.2088,1.9473,2.893,4.849,448.956,123.3,46.6,18.3,0.0083,0.0066,0.0144,16000,1024,213.41,0.9042,0.0594,0.0319,0.0046
2026-08-26T07:06:58.291+02:00,1000,1024,1024,1053,210,1129,5,11385,0.0319,0.0312,0.1089,0.0953,0.2107,1.9444,2.666,8.315,248.263,73.43,25.87,147.7,0.0076,0.0091,0.0121,16000,1024,287.21,0.9938,0.0032,0.002,0.0009
2026-08-26T07:07:28.292+02:00,1000,1024,1024,1053,210,1130,2,11387,0.0336,0.0287,0.0438,0.1096,0.102,0.1551,2.945,3.004,3.011,135.29,6.28,120.79,0.0083,0.0071,0.0093,16000,1024,136.04,0.671,0.1711,0.145,0.0129
2026-08-26T07:07:58.291+02:00,1000,1024,1024,1053,210,1132,16,11403,0.0324,0.0325,0.1848,0.1081,0.2102,2.2368,2.92,10.353,105.779,4.43,61.85,442.73,0.0092,0.0075,0.0436,16000,1024,552.09,0.9688,0.0286,0.0021,0.0004
2026-08-26T07:08:28.291+02:00,1000,1024,1024,1053,210,1132,1,11404,0.0345,0.0318,0.1549,0.1158,0.2111,1.9364,2.936,7.994,143.094,7.58,25.54,229.43,0.009,0.0074,0.0263,16000,1024,118.94,0.8468,0.0952,0.0529,0.0051
2026-08-26T07:08:58.291+02:00,1000,1024,1024,1053,210,1133,16,11420,0.5765,0.0356,0.1949,10.6154,0.211,2.2299,336.876,11.199,85.889,52.04,43.65,76.59,0.0534,0.0094,0.0349,16000,1024,125.7,0.8352,0.099,0.052,0.0138
2026-08-26T07:09:28.292+02:00,1000,1024,1024,1053,210,1135,2,11422,0.0328,0.031,0.0762,0.0957,0.2119,1.9404,2.632,4.975,410.706,82.74,29.27,8.14,0.0071,0.0084,0.0175,16000,1024,202.79,0.8396,0.0608,0.092,0.0075
2026-08-26T07:09:58.292+02:00,1000,1024,1024,1053,210,1135,6,11428,0.0326,0.0309,0.1257,0.1065,0.2133,2.2425,2.864,8.655,208.346,20.19,96.18,160.29,0.0078,0.0064,0.0121,16000,1024,227.32,0.9262,0.0482,0.0205,0.0051
2026-08-26T07:10:58.293+02:00,1000,1024,1024,1053,211,1136,2,11434,0.0313,0.0301,0.0443,0.1192,0.0966,0.1491,3.357,3.038,3.028,163.01,121.75,119.25,0.0078,0.009,0.0107,16000,1024,140.67,0.8878,0.0941,0.0153,0.0028
2026-08-26T07:11:28.293+02:00,1000,1024,1024,1053,211,1139,1,11435,0.0316,0.0303,0.1407,0.1117,0.2127,1.9341,2.987,9.199,139.603,7.01,78.11,67.31,0.0066,0.0083,0.0247,16000,1024,292.37,0.9745,0.0153,0.0095,0.0007
2026-08-26T07:12:28.294+02:00,1000,1024,1024,1054,212,1140,1,11437,0.0328,0.0297,0.1104,0.227,0.0961,2.2426,5.046,3.099,258.517,86.74,48.81,64.38,0.0087,0.0066,0.0229,16000,1024,151.9,0.9077,0.0581,0.0307,0.0035
2026-08-26T07:12:58.294+02:00,1000,1024,1024,1053,212,1141,3,11440,0.0323,0.0296,0.0675,0.1102,0.096,1.6267,2.926,3.009,329.237,94.91,98.82,71.06,0.0084,0.007,0.0128,16000,1024,88.5,0.7816,0.1729,0.037,0.0086
2026-08-26T07:13:28.295+02:00,1000,1024,1024,1053,212,1143,0,11440,0.0347,0.03,0.0987,0.147,0.0957,1.6224,3.048,2.884,213.739,50.88,118.98,35.1,0.0083,0.0058,0.022,16000,1024,953.78,0.98,0.0155,0.0036,0.0009
2026-08-26T07:13:58.324+02:00,1000,1024,1053,1082,212,1144,12,11452,0.3343,0.0309,0.1473,10.6365,0.2115,1.9257,1001.383,10.585,142.14,14.49,125.82,18.22,0.0078,0.0072,0.0212,16000,1024,100.92,0.8602,0.1043,0.0273,0.0082
2026-08-26T07:14:28.298+02:00,1000,1024,1024,1053,212,1145,6,11458,0.1367,0.3138,0.6158,4.2445,4.9865,9.0121,908.713,249.154,200.764,29.06,213.02,14.51,0.0095,0.0324,0.0788,16000,1024,467.97,0.9852,0.0106,0.0033,0.001
2026-08-26T07:14:58.303+02:00,1000,1024,1024,1053,212,1146,1,11459,0.0329,0.0304,0.0751,0.0994,0.1059,1.9326,2.808,2.962,427.786,96.07,38.26,79.35,0.0081,0.0061,0.0114,16000,1024,116.33,0.8444,0.0763,0.0725,0.0068
2026-08-26T07:15:28.297+02:00,1000,1024,1024,1053,212,1147,1,11460,0.0339,0.0273,0.0839,0.1021,0.0926,2.2426,2.775,3.04,498.157,19.99,97.62,20.61,0.0083,0.0058,0.0138,16000,1024,212.63,0.9641,0.026,0.0081,0.0018
2026-08-26T07:15:58.296+02:00,1000,1024,1024,1053,212,1148,7,11467,0.0331,0.0302,0.0435,0.1065,0.1005,0.136,3.098,2.866,2.813,119.27,29.59,70.61,0.0083,0.0075,0.0112,16000,1024,437.3,0.9855,0.008,0.0049,0.0015
2026-08-26T07:16:58.297+02:00,1000,1024,1024,1053,213,1152,4,11473,0.3359,0.0353,0.405,10.6304,0.2161,2.1541,979.284,6.75,19.654,166.42,88.61,499.51,0.0259,0.007,0.1637,16000,1024,89.74,0.9096,0.0553,0.0272,0.0078
2026-08-26T07:17:28.297+02:00,1000,1024,1024,1053,213,1153,18,11491,0.0324,0.0312,0.1429,0.1004,0.2115,2.2311,3.16,5.281,170.526,100.08,19.75,14.37,0.0077,0.0091,0.0167,16000,1024,193.03,0.8982,0.0341,0.0581,0.0096
2026-08-26T07:18:28.298+02:00,1000,1024,1024,1053,214,1158,13,11505,0.0335,0.0352,0.1726,0.1041,0.2119,1.9159,2.925,10.627,110.987,85.6,11.61,161.06,0.0087,0.0111,0.0321,16000,1024,389.63,0.8599,0.1344,0.0046,0.001
2026-08-26T07:18:58.299+02:00,1000,1024,1024,1053,214,1159,0,11505,0.0324,0.0337,0.1527,0.1077,0.2153,2.2245,3.12,8.603,128.45,54.18,85.53,18.35,0.0073,0.0076,0.0296,16000,1024,244.24,0.9546,0.0252,0.0178,0.0024
2026-08-26T07:19:28.302+02:00,1000,1024,1024,1053,214,1159,1,11506,0.0336,0.0298,0.0449,0.1046,0.0962,0.1604,2.846,2.878,3.144,165.01,9.56,44.87,0.0065,0.0082,0.0107,16000,1024,54.86,0.848,0.0666,0.0595,0.0259
2026-08-26T07:19:58.301+02:00,1000,1024,1024,1053,214,1162,3,11509,0.0335,0.0336,0.1988,0.134,0.2109,1.9108,3.294,12.197,83.028,32.02,81.56,106.45,0.0072,0.007,0.0345,16000,1024,128.19,0.8702,0.0361,0.0858,0.0079
2026-08-26T07:20:28.301+02:00,1000,1024,1024,1053,214,1162,2,11511,0.3341,0.0316,0.1547,10.6376,0.2159,2.2215,1003.072,6.763,132.744,45.73,77.18,286.16,0.0417,0.008,0.038,16000,1024,129.81,0.9442,0.0284,0.0213,0.0061
2026-08-26T07:20:58.314+02:00,1000,1024,1035,1065,214,1162,6,11517,0.034,0.0769,0.6576,0.2259,0.1869,1.6976,4.616,4.59,5.7,11.6,62.53,62.65,0.0083,0.0285,0.2335,16000,1024,229.22,0.9434,0.0305,0.024,0.0021
2026-08-26T07:21:28.302+02:00,1000,1024,1024,1053,214,1163,7,11524,0.0337,0.0323,0.1376,0.138,0.2166,1.9149,3.141,9.827,164.952,254.74,137.21,4.68,0.0066,0.0082,0.0215,16000,1024,125.13,0.9685,0.0129,0.0148,0.0038
2026-08-26T07:22:28.302+02:00,1000,1024,1024,1053,215,1163,1,11540,0.0338,0.0324,0.1042,0.123,0.2141,1.9217,3.013,7.899,225.077,99.59,144.44,231.23,0.0077,0.0097,0.0205,16000,1024,361.75,0.9677,0.0233,0.0073,0.0017
2026-08-26T07:22:58.302+02:00,1000,1024,1024,1053,215,1163,1,11541,0.0342,0.0297,0.0753,0.1155,0.2141,1.9211,2.83,5.23,413.393,79.35,21.72,162.58,0.008,0.0065,0.016,16000,1024,183.77,0.8926,0.0954,0.0107,0.0014
2026-08-26T07:23:58.303+02:00,1000,1024,1024,1053,216,1164,1,11546,0.0331,0.0297,0.0454,0.1124,0.0884,0.152,3.117,2.736,3.025,26.49,44.0,3.39,0.0082,0.007,0.011,16000,1024,97.23,0.9021,0.0557,0.0315,0.0107
2026-08-26T07:24:28.303+02:00,1000,1024,1024,1053,216,1164,4,11550,0.0334,0.0318,0.1759,0.1267,0.2156,2.2124,3.432,5.06,116.027,26.98,42.1,123.83,0.0086,0.0063,0.0206,16000,1024,301.02,0.9284,0.043,0.025,0.0036
2026-08-26T07:25:28.304+02:00,1000,1024,1024,1053,217,1167,2,11576,0.0329,0.0287,0.1333,0.1291,0.2161,2.2206,3.369,5.934,212.245,8.68,59.69,36.81,0.0078,0.0064,0.0205,16000,1024,415.33,0.971,0.0141,0.0133,0.0016
2026-08-26T07:25:58.304+02:00,1000,1024,1024,1053,217,1167,0,11576,0.0343,0.0299,0.0739,0.1344,0.1061,1.914,3.204,3.108,440.912,195.46,41.22,111.13,0.008,0.0079,0.0103,16000,1024,105.16,0.9555,0.0208,0.0171,0.0066
2026-08-26T07:26:58.305+02:00,1000,1024,1024,1053,218,1169,5,11588,0.0322,0.0307,0.1461,0.1083,0.2145,1.9046,3.097,11.056,140.861,34.98,76.1,75.01,0.0073,0.0072,0.0297,16000,1024,158.61,0.9685,0.0129,0.0158,0.0029
2026-08-26T07:27:28.305+02:00,1000,1024,1024,1053,218,1169,2,11590,0.0325,0.0302,0.1273,0.1089,0.2157,1.9113,2.887,5.446,198.076,93.17,18.82,80.35,0.0082,0.0072,0.0207,16000,1024,166.04,0.9637,0.0172,0.0161,0.0029
2026-08-26T07:27:58.309+02:00,1000,1024,1024,1053,218,1170,0,11590,0.0337,0.0291,0.1372,0.1299,0.0907,2.2174,3.096,2.86,206.515,20.5,126.03,10.78,0.0079,0.0064,0.0292,16000,1024,406.3,0.9826,0.0085,0.0081,0.0009
2026-08-26T07:28:28.308+02:00,1000,1024,1024,1053,218,1171,11,11601,0.4712,0.0358,0.22,10.6252,0.2173,2.1959,505.137,12.116,67.889,124.96,28.07,30.32,0.0863,0.0077,0.0344,16000,1024,305.23,0.9947,0.0026,0.0021,0.0006
2026-08-26T07:28:58.309+02:00,1000,1024,1024,1053,218,1172,20,11621,0.334,0.0372,0.2174,10.6291,0.2149,1.8893,1001.109,14.101,66.555,48.63,137.33,362.23,0.0231,0.0089,0.0353,16000,1024,192.98,0.829,0.0733,0.0918,0.006
2026-08-26T07:29:28.319+02:00,1000,1024,1035,1064,218,1172,10,11631,0.0334,0.0313,0.1366,0.2228,0.2181,1.9075,6.291,7.282,166.882,23.33,134.92,202.18,0.0069,0.0076,0.0204,16000,1024,102.67,0.9569,0.0146,0.0242,0.0043
2026-08-26T07:29:58.307+02:00,1000,1024,1024,1053,218,1173,0,11631,0.0328,0.0308,0.0982,0.1011,0.2175,1.5992,2.981,7.307,205.858,45.58,28.86,40.06,0.009,0.0087,0.0184,16000,1024,882.14,0.9784,0.014,0.0066,0.001
2026-08-26T07:30:58.312+02:00,1000,1024,1024,1053,219,1176,2,11636,0.033,0.0295,0.0438,0.1108,0.0892,0.1749,2.957,2.753,3.146,156.32,107.59,28.51,0.0069,0.0062,0.0121,16000,1024,172.12,0.9688,0.0081,0.0212,0.0019
2026-08-26T07:31:58.309+02:00,1000,1024,1024,1053,220,1177,2,11639,0.0333,0.0325,0.197,0.1034,0.2161,2.1983,2.83,8.077,88.017,41.14,146.66,144.59,0.0082,0.0094,0.0391,16000,1024,137.75,0.9751,0.0103,0.0113,0.0033
2026-08-26T07:32:28.310+02:00,1000,1024,1024,1053,220,1178,14,11653,0.0326,0.0331,0.1583,0.1079,0.2147,1.8988,3.248,8.821,110.48,77.34,85.66,81.0,0.0093,0.0101,0.0334,16000,1024,267.9,0.9412,0.0466,0.0106,0.0016
2026-08-26T07:32:58.310+02:00,1000,1024,1024,1053,220,1178,2,11655,1.4398,0.2058,0.1452,2.2057,0.3918,1.903,1.543,1.626,114.923,49.17,49.17,49.15,1.9596,0.2736,0.0696,16000,1024,296.36,0.651,0.3113,0.0219,0.0159
2026-08-26T07:33:28.315+02:00,1000,1024,1024,1053,220,1178,5,11660,1.4022,0.2142,0.1323,2.1045,0.4274,2.2116,1.552,1.655,159.778,49.33,49.32,49.34,1.9892,0.2991,0.0686,16000,1024,387.11,0.4342,0.5419,0.0167,0.0071
2026-08-26T07:33:58.310+02:00,1000,1024,1024,1053,220,1178,0,11660,1.3876,0.218,0.1447,2.0834,0.4128,2.2114,1.541,1.641,140.861,49.4,49.4,49.48,2.0057,0.3103,0.0572,16000,1024,354.54,0.565,0.4222,0.0098,0.0031
2026-08-26T07:34:28.313+02:00,1000,1024,1024,1053,220,1179,7,11667,1.3969,0.2178,0.1647,2.0903,0.3924,2.2117,1.525,1.601,124.525,49.29,49.31,49.24,1.7323,0.2646,0.0495,16000,1024,607.92,0.7127,0.2797,0.0052,0.0023
2026-08-26T07:34:58.318+02:00,1000,1024,1024,1053,220,1179,5,11672,1.4115,0.2169,0.1966,2.1468,0.4049,2.2049,1.544,1.645,90.251,49.35,49.36,49.21,1.7662,0.2612,0.0611,16000,1024,392.56,0.5578,0.4296,0.01,0.0026
2026-08-26T07:35:28.312+02:00,1000,1024,1024,1053,220,1179,0,11672,1.3727,0.2134,0.0893,2.12,0.3992,1.9133,1.549,1.621,206.919,49.31,49.31,49.2,2.0111,0.3099,0.0646,16000,1024,435.8,0.8748,0.1159,0.0069,0.0024
2026-08-26T07:35:58.312+02:00,1000,1024,1024,1053,220,1180,4,11676,1.4247,0.2138,0.1415,3.4647,0.4076,2.2154,1.564,1.625,141.741,49.31,49.29,49.35,1.7796,0.2656,0.0594,16000,1024,325.94,0.5866,0.3777,0.0245,0.0112
2026-08-26T07:36:28.323+02:00,1000,1024,1033,1063,220,1180,9,11685,1.417,0.2095,0.1755,2.1355,0.4055,2.0785,1.542,1.651,93.622,49.3,49.3,221.39,1.6958,0.2488,0.0436,16000,1024,419.39,0.4531,0.5325,0.0101,0.0042
2026-08-26T07:36:58.312+02:00,1000,1024,1024,1053,220,1180,5,11690,1.4621,0.2075,0.1765,3.4562,0.3979,2.2207,1.571,1.649,103.568,49.32,49.31,49.35,1.8258,0.2576,0.0717,16000,1024,409.03,0.5606,0.4173,0.0155,0.0067
2026-08-26T07:37:28.313+02:00,1000,1024,1024,1053,220,1180,6,11696,1.5341,0.2057,0.1167,2.3072,0.3998,1.9234,1.55,1.613,144.533,49.26,49.26,49.16,1.7738,0.2231,0.0644,16000,1024,400.8,0.4497,0.5305,0.0154,0.0044
2026-08-26T07:38:28.321+02:00,1000,1024,1032,1061,221,1182,3,11707,1.5497,0.2014,0.0968,2.3218,0.3745,1.924,1.539,1.615,153.576,49.25,49.24,49.06,2.1396,0.2726,0.0795,16000,1024,350.8,0.5524,0.4164,0.018,0.0132
2026-08-26T07:38:58.317+02:00,1000,1024,1024,1053,221,1182,11,11718,1.5627,0.2023,0.1695,3.4368,0.3953,1.9149,1.56,1.606,95.227,49.17,49.16,48.96,1.6184,0.2055,0.0665,16000,1024,374.8,0.5788,0.4016,0.0145,0.0052
2026-08-26T07:39:58.314+02:00,1000,1024,1024,1053,222,1184,7,11735,1.5806,0.1976,0.1652,2.3878,0.3827,1.9245,1.547,1.608,89.867,49.18,49.18,49.02,1.5922,0.1947,0.0632,16000,1024,373.39,0.6223,0.3535,0.0141,0.01
2026-08-26T07:40:28.315+02:00,1000,1024,1024,1053,222,1184,8,11743,1.6132,0.1985,0.1823,9.3927,0.3978,1.9258,2.568,1.597,84.959,49.2,49.23,75.98,1.5071,0.2056,0.0488,16000,1024,397.28,0.6331,0.349,0.0119,0.006
2026-08-26T07:40:58.315+02:00,1000,1024,1024,1053,222,1184,1,11744,1.6043,0.1975,0.174,2.3906,0.397,1.9284,1.542,1.644,88.592,49.2,49.19,49.28,2.2722,0.2738,0.0936,16000,1024,384.88,0.4345,0.5503,0.0085,0.0067
2026-08-26T07:41:28.316+02:00,1000,1024,1024,1053,222,1185,0,11744,1.6241,0.1974,0.1358,2.8546,0.359,1.9387,1.545,1.6,101.946,49.19,49.21,49.15,2.3356,0.2797,0.0943,16000,1024,347.58,0.5581,0.4217,0.0128,0.0073
2026-08-26T07:41:58.317+02:00,1000,1024,1024,1053,222,1186,8,11752,1.6458,0.195,0.1672,2.5956,0.3676,2.2385,1.552,1.597,92.286,49.23,49.23,49.27,1.8696,0.2127,0.0884,16000,1024,375.72,0.7349,0.2513,0.0091,0.0047
2026-08-26T07:42:28.322+02:00,1000,1024,1024,1053,222,1186,4,11756,1.6643,0.1964,0.1477,2.4872,0.3709,1.9428,1.537,1.569,102.704,49.12,49.11,48.98,1.9115,0.218,0.07,16000,1024,496.43,0.6569,0.324,0.0141,0.005
2026-08-26T07:42:58.318+02:00,1000,1024,1024,1053,222,1187,2,11758,1.6729,0.1955,0.0811,2.4855,0.3568,0.2525,1.544,1.581,2.636,49.13,49.15,49.11,2.2023,0.2479,0.0836,16000,1024,361.23,0.6855,0.2929,0.0147,0.007
2026-08-26T07:43:28.326+02:00,1000,1024,1024,1053,222,1189,1,11759,1.6837,0.1952,0.149,2.512,0.365,1.9465,1.549,1.601,99.98,49.11,49.11,49.1,2.2852,0.2596,0.0814,16000,1024,408.85,0.789,0.1908,0.0133,0.0069
2026-08-26T07:43:58.317+02:00,1000,1024,1024,1053,222,1189,0,11759,1.6879,0.1975,0.1298,4.0559,0.3725,1.9487,1.558,1.588,124.321,49.08,49.08,49.13,2.373,0.2745,0.0863,16000,1024,366.47,0.6927,0.2885,0.0092,0.0095
2026-08-26T07:44:28.319+02:00,1000,1024,1024,1053,222,1190,8,11767,1.6856,0.194,0.1248,2.5354,0.3417,2.262,1.547,1.573,135.688,49.19,49.2,49.26,1.9445,0.2254,0.0931,16000,1024,375.82,0.7728,0.2145,0.0078,0.0049
2026-08-26T07:44:58.318+02:00,1000,1024,1024,1053,222,1190,6,11773,1.7181,0.1956,0.1694,9.3876,0.3872,2.2585,2.33,1.581,99.984,49.08,49.05,48.94,1.9363,0.2238,0.0847,16000,1024,389.3,0.8729,0.1088,0.0124,0.0059
2026-08-26T07:45:28.320+02:00,1000,1024,1024,1053,222,1190,0,11773,1.7472,0.1942,0.1297,3.4637,0.3647,1.9561,1.548,1.589,101.874,49.16,49.15,49.19,2.5091,0.2731,0.1114,16000,1024,524.46,0.8329,0.1541,0.0076,0.0054
2026-08-26T07:45:58.320+02:00,1000,1024,1024,1053,222,1192,1,11774,1.7755,0.1952,0.1293,2.6378,0.3732,1.9564,1.538,1.609,103.436,49.16,49.15,49.17,2.5255,0.2695,0.1036,16000,1024,414.01,0.8029,0.181,0.0129,0.0032
2026-08-26T07:46:28.327+02:00,1000,1024,1024,1053,222,1192,7,11781,1.8023,0.1967,0.1134,14.1957,0.3492,1.6605,5.133,1.571,90.57,49.12,49.13,49.1,2.1991,0.2409,0.0953,16000,1024,397.71,0.7516,0.2329,0.0115,0.004
2026-08-26T07:46:58.339+02:00,1000,1024,1042,1071,222,1195,19,11800,1.7715,0.1934,0.1595,2.7113,0.4045,2.269,1.559,1.636,107.576,49.12,49.13,49.0,1.7926,0.1957,0.0638,16000,1024,428.72,0.794,0.1942,0.0088,0.003
2026-08-26T07:47:28.325+02:00,1000,1024,1024,1053,222,1197,0,11800,1.765,0.1922,0.1188,2.6231,0.3858,1.9676,1.542,1.605,111.301,49.13,49.13,49.17,2.5299,0.2665,0.0938,16000,1024,398.74,0.7416,0.2419,0.0127,0.0038
2026-08-26T07:47:58.321+02:00,1000,1024,1024,1053,222,1197,15,11815,1.7965,0.1946,0.1856,13.7417,0.4178,2.2633,4.739,1.593,91.539,49.23,49.27,49.18,1.728,0.1804,0.0659,16000,1024,385.76,0.743,0.2394,0.0125,0.0051
2026-08-26T07:48:28.322+02:00,1000,1024,1024,1053,222,1198,10,11825,1.7978,0.1932,0.111,2.6805,0.4085,1.9677,1.54,1.604,97.622,49.1,49.09,49.09,2.088,0.2263,0.0825,16000,1024,371.27,0.7642,0.2059,0.0252,0.0047
2026-08-26T07:48:58.322+02:00,1000,1024,1024,1053,222,1199,6,11831,1.8374,0.1919,0.2214,14.2775,0.4035,2.263,4.928,1.607,64.317,49.1,49.09,49.19,2.1804,0.2225,0.0891,16000,1024,372.75,0.8342,0.1395,0.0179,0.0084
2026-08-26T07:49:28.324+02:00,1000,1024,1024,1053,222,1199,5,11836,1.7973,0.1919,0.1271,2.6971,0.3997,1.978,1.541,1.578,115.01,49.1,49.1,48.98,2.1576,0.2269,0.0907,16000,1024,401.88,0.8079,0.1672,0.02,0.0048
2026-08-26T07:50:28.323+02:00,1000,1024,1024,1053,223,1201,3,11843,1.825,0.1906,0.1265,2.7222,0.4081,1.9782,1.536,1.611,117.507,49.06,49.06,49.09,2.3923,0.2432,0.1097,16000,1024,404.39,0.6524,0.3271,0.0137,0.0068
2026-08-26T07:50:58.323+02:00,1000,1024,1024,1053,223,1201,0,11843,1.831,0.1914,0.1485,2.7162,0.36,1.6685,1.54,1.6,78.067,49.1,49.11,49.16,2.6122,0.263,0.1089,16000,1024,368.59,0.6234,0.3536,0.0173,0.0057
2026-08-26T07:51:28.323+02:00,1000,1024,1024,1053,223,1202,0,11843,1.8679,0.1914,0.2025,2.7486,0.3527,2.273,1.536,1.608,74.597,49.06,49.06,48.99,2.6592,0.2654,0.1023,16000,1024,568.23,0.8614,0.1219,0.0113,0.0053
2026-08-26T07:51:58.325+02:00,1000,1024,1024,1053,223,1205,8,11851,1.8585,0.1913,0.1615,2.7931,0.3802,1.9723,1.549,1.621,87.421,49.07,49.08,49.0,1.8287,0.1835,0.0863,16000,1024,449.51,0.7966,0.1933,0.0072,0.0029
2026-08-26T07:52:28.324+02:00,1000,1024,1024,1053,223,1205,7,11858,1.8808,0.1893,0.201,2.8239,0.3393,1.9637,1.536,1.582,67.058,49.13,49.12,49.19,2.468,0.239,0.1109,16000,1024,698.67,0.9312,0.0611,0.0052,0.0025
2026-08-26T07:52:58.324+02:00,1000,1024,1024,1053,223,1206,0,11858,1.8765,0.1891,0.2357,3.4648,0.353,2.271,1.545,1.599,55.638,49.1,49.11,49.21,2.6848,0.2634,0.1227,16000,1024,673.25,0.953,0.0424,0.0036,0.001
2026-08-26T07:53:28.324+02:00,1000,1024,1024,1053,223,1208,4,11862,1.9237,0.1892,0.1445,2.8714,0.3662,1.9802,1.538,1.61,103.64,49.16,49.16,49.21,2.4975,0.2368,0.107,16000,1024,774.14,0.9383,0.0574,0.0033,0.001
2026-08-26T07:53:58.335+02:00,1000,1024,1033,1063,223,1209,23,11885,1.9458,0.1906,0.2251,2.9908,0.3709,1.9724,1.545,1.68,54.872,49.3,49.3,49.16,1.901,0.1843,0.0912,16000,1024,661.41,0.8088,0.1799,0.0083,0.0029
2026-08-26T07:54:28.325+02:00,1000,1024,1024,1053,223,1210,3,11888,1.9822,0.1894,0.1042,2.9605,0.3494,0.2595,1.534,1.641,2.142,49.13,49.14,49.12,2.3715,0.2212,0.1059,16000,1024,512.46,0.8393,0.1427,0.0135,0.0044
2026-08-26T07:54:58.327+02:00,1000,1024,1024,1053,223,1210,3,11891,1.9825,0.2908,0.4876,2.976,5.0151,8.7728,1.539,172.987,307.089,49.1,49.09,49.12,2.6543,0.2422,0.1531,16000,1024,479.66,0.7627,0.2178,0.0151,0.0044
2026-08-26T07:55:28.326+02:00,1000,1024,1024,1053,223,1210,0,11891,2.0184,0.3484,0.7077,4.8516,4.6983,8.4354,1.554,129.391,137.998,49.12,48.95,150.0,2.8988,0.2258,0.1359,16000,1024,454.54,0.8222,0.1617,0.0123,0.0038
2026-08-26T07:55:58.326+02:00,1000,1024,1024,1053,223,1210,0,11891,2.0035,0.4442,0.7723,3.6216,4.9897,9.0403,1.539,98.373,121.522,49.1,49.08,49.02,2.8547,0.2279,0.172,16000,1024,476.31,0.6677,0.3134,0.0146,0.0043
2026-08-26T07:56:28.326+02:00,1000,1024,1024,1053,223,1211,0,11891,2.0247,0.1869,0.1649,4.692,0.3496,1.9926,1.562,1.626,73.971,49.12,49.12,49.09,2.899,0.2618,0.1414,16000,1024,728.87,0.8893,0.1017,0.0063,0.0027
2026-08-26T07:56:58.328+02:00,1000,1024,1024,1053,223,1211,10,11901,2.0155,0.1848,0.1893,3.0014,0.3587,2.2975,1.54,1.705,75.586,49.14,49.18,49.15,1.5033,0.1417,0.0893,16000,1024,538.43,0.8589,0.1234,0.0145,0.0031
2026-08-26T07:57:28.328+02:00,1000,1024,1024,1053,223,1211,8,11909,2.0186,0.1898,0.1412,2.9997,0.406,1.9953,1.541,1.696,79.186,49.13,49.15,49.08,2.0051,0.1891,0.0757,16000,1024,463.52,0.7328,0.2516,0.0112,0.0043
2026-08-26T07:57:58.330+02:00,1000,1024,1024,1053,223,1211,7,11916,2.0338,0.1901,0.1681,3.0363,0.3437,1.9952,1.542,1.621,78.187,49.09,49.09,49.09,2.5838,0.235,0.1214,16000,1024,464.43,0.7519,0.2336,0.011,0.0035
2026-08-26T07:58:28.328+02:00,1000,1024,1024,1053,223,1211,22,11938,2.0693,0.1874,0.2046,3.136,0.4169,2.3057,1.56,1.678,69.508,49.56,49.44,49.57,1.0554,0.0877,0.062,16000,1024,512.4,0.7854,0.1983,0.0129,0.0034
2026-08-26T07:58:58.329+02:00,1000,1024,1024,1053,223,1213,0,11938,2.0779,0.1862,0.2041,3.4656,0.3715,2.302,1.533,1.65,67.774,49.12,49.12,49.13,2.9715,0.2555,0.1537,16000,1024,536.5,0.7396,0.2384,0.0169,0.0051
2026-08-26T07:59:28.329+02:00,1000,1024,1024,1053,223,1214,1,11939,2.0479,0.1857,0.1178,3.0596,0.3715,1.7013,1.535,1.609,43.816,49.09,49.09,49.09,2.8966,0.2546,0.1295,16000,1024,431.21,0.8799,0.1068,0.0105,0.0028
2026-08-26T07:59:58.332+02:00,1000,1024,1024,1053,223,1216,1,11940,2.0713,0.1855,0.2485,3.0846,0.4091,2.2942,1.536,1.66,52.309,49.09,49.09,49.09,2.9615,0.2567,0.1497,16000,1024,459.29,0.8282,0.1561,0.0128,0.0029
2026-08-26T08:00:28.331+02:00,1000,1024,1024,1053,223,1217,0,11940,2.0843,0.1807,0.6961,3.2714,0.3516,2.0349,1.533,1.643,4.939,49.1,49.08,48.9,2.973,0.2259,0.1718,16000,1024,436.63,0.8051,0.1755,0.0139,0.0054
2026-08-26T08:00:58.331+02:00,1000,1024,1024,1053,223,1218,2,11942,2.0866,0.1857,0.1908,3.4591,0.3729,2.0051,1.536,1.633,66.075,49.1,49.1,49.18,2.9499,0.255,0.1381,16000,1024,503.29,0.8046,0.1747,0.0152,0.0055
2026-08-26T08:01:28.330+02:00,1000,1024,1024,1053,223,1218,2,11944,2.104,0.1859,0.1386,3.1314,0.4116,2.0187,1.53,1.667,67.533,49.08,49.06,49.04,2.9815,0.2583,0.1354,16000,1024,459.28,0.81,0.1782,0.0087,0.0031
2026-08-26T08:01:58.331+02:00,1000,1024,1024,1053,223,1220,5,11949,2.1485,0.1873,0.2082,3.1516,0.4114,2.0079,1.533,1.661,63.735,49.1,49.11,49.17,2.8997,0.2431,0.1371,16000,1024,470.93,0.8246,0.1589,0.0123,0.0042
2026-08-26T08:02:28.332+02:00,1000,1024,1024,1053,223,1220,13,11962,2.1555,0.1874,0.3295,3.3646,0.4223,2.2774,1.539,1.74,30.382,48.93,48.9,48.58,1.6786,0.1409,0.0788,16000,1024,476.95,0.7894,0.196,0.0105,0.0042
2026-08-26T08:02:58.331+02:00,1000,1024,1024,1053,223,1222,6,11968,0.0344,0.0318,0.1192,0.1252,0.1956,2.0144,2.988,6.574,238.307,29.97,95.71,65.63,0.0098,0.0066,0.0248,16000,1024,87.56,0.6661,0.2347,0.0813,0.018
2026-08-26T08:03:28.336+02:00,1000,1024,1024,1053,223,1224,9,11977,0.1366,0.2628,0.6088,4.2293,5.015,8.7884,897.391,330.773,200.801,71.66,176.05,176.68,0.0235,0.0568,0.1552,16000,1024,113.6,0.6141,0.1531,0.2154,0.0174
2026-08-26T08:03:58.332+02:00,1000,1024,1024,1053,223,1224,1,11978,0.0342,0.3448,0.6129,0.1122,5.0963,9.0908,2.981,202.005,201.03,157.45,129.84,125.92,0.0089,0.0514,0.094,16000,1024,146.65,0.8594,0.1003,0.0344,0.0059
2026-08-26T08:04:28.336+02:00,1000,1024,1024,1053,223,1225,4,11982,0.0331,0.0352,0.1913,0.1137,0.1931,2.0069,2.996,9.474,100.631,43.15,30.34,151.76,0.0084,0.0076,0.0387,16000,1024,82.88,0.9051,0.0307,0.0556,0.0086
2026-08-26T08:04:58.333+02:00,1000,1024,1024,1053,223,1227,5,11987,0.0317,0.0304,0.1365,0.1319,0.1978,2.0144,3.161,4.517,164.079,49.95,70.62,113.67,0.0065,0.0087,0.0216,16000,1024,414.54,0.9922,0.0047,0.0025,0.0006
2026-08-26T08:05:28.335+02:00,1000,1024,1024,1053,223,1228,2,11989,0.0321,0.0717,0.6851,0.0967,0.1715,1.7787,2.796,4.365,5.765,84.68,62.79,62.72,0.0078,0.0197,0.2058,16000,1024,64.63,0.8228,0.0509,0.111,0.0153
2026-08-26T08:05:58.338+02:00,1000,1024,1024,1053,223,1230,2,11991,0.0339,0.031,0.1184,0.108,0.2005,2.3247,2.9,4.507,269.839,7.86,61.14,74.49,0.0088,0.0071,0.0155,16000,1024,109.63,0.5499,0.2953,0.1463,0.0084
2026-08-26T08:06:58.336+02:00,1000,1024,1024,1053,224,1231,27,12026,0.3339,0.0379,0.2594,10.6312,0.195,2.2924,1003.856,11.337,53.024,77.08,15.56,180.42,0.0409,0.0095,0.0393,16000,1024,381.98,0.9832,0.0112,0.0046,0.0009
2026-08-26T08:07:28.335+02:00,1000,1024,1024,1053,224,1233,0,12026,0.0337,0.0302,0.1609,0.1112,0.1953,2.0047,2.997,5.402,141.351,96.39,129.33,259.5,0.0107,0.0073,0.037,16000,1024,328.52,0.9883,0.0045,0.0066,0.0006
2026-08-26T08:07:58.336+02:00,1000,1024,1024,1053,224,1233,15,12041,0.334,0.0323,0.1402,10.6342,0.1992,2.009,1003.407,7.711,165.584,54.44,33.21,52.22,0.027,0.0078,0.0232,16000,1024,328.06,0.9925,0.0053,0.0016,0.0006
2026-08-26T08:08:28.335+02:00,1000,1024,1024,1053,224,1234,0,12041,0.0327,0.029,0.043,0.1028,0.0995,0.1673,2.908,2.849,3.103,63.49,13.54,171.16,0.0067,0.0068,0.0087,16000,1024,363.45,0.9718,0.0166,0.0104,0.0011
2026-08-26T08:08:58.338+02:00,1000,1024,1024,1053,224,1234,0,12041,0.034,0.0298,0.1179,0.0989,0.1097,2.0071,2.947,3.349,245.951,53.14,5.61,56.6,0.0083,0.008,0.0102,16000,1024,162.96,0.8913,0.0509,0.0475,0.0104
2026-08-26T08:10:28.337+02:00,1000,1024,1024,1053,226,1239,7,12063,0.035,0.0317,0.1559,0.224,0.2017,1.9969,4.224,6.06,144.476,65.12,90.85,80.18,0.0103,0.0062,0.029,16000,1024,567.25,0.997,0.0013,0.0014,0.0003
2026-08-26T08:10:58.337+02:00,1000,1024,1024,1053,226,1239,3,12066,0.0328,0.0301,0.0443,0.1133,0.0958,0.1833,2.789,2.924,2.989,129.29,173.29,175.97,0.0082,0.0071,0.0096,16000,1024,134.84,0.8611,0.0914,0.0381,0.0095
2026-08-26T08:11:28.339+02:00,1000,1024,1024,1053,226,1239,0,12066,0.3341,0.0319,0.1757,10.6354,0.2008,1.9901,1002.309,6.995,112.533,65.54,63.21,32.92,0.0428,0.0071,0.0319,16000,1024,130.56,0.9367,0.045,0.014,0.0044
2026-08-26T08:11:58.345+02:00,1000,1024,1031,1060,226,1241,10,12076,0.0334,0.033,0.1443,0.1165,0.2049,1.988,3.084,7.874,142.101,22.6,10.51,39.99,0.0082,0.0108,0.0353,16000,1024,363.04,0.9553,0.0195,0.0225,0.0027
2026-08-26T08:12:28.340+02:00,1000,1024,1024,1053,226,1241,1,12077,0.0347,0.0312,0.1121,0.1203,0.2014,1.9966,3.01,5.826,246.853,176.15,22.12,21.06,0.0086,0.0078,0.0238,16000,1024,55.24,0.7677,0.137,0.0737,0.0216
2026-08-26T08:12:58.338+02:00,1000,1024,1024,1053,226,1242,1,12078,0.0338,0.0301,0.0464,0.1196,0.1237,0.1471,2.867,3.215,2.815,108.78,79.24,34.09,0.0088,0.0065,0.0129,16000,1024,113.38,0.6989,0.1282,0.1621,0.0108
2026-08-26T08:13:58.339+02:00,1000,1024,1024,1053,227,1247,0,12080,0.0378,0.0324,0.2763,0.2228,0.2038,2.2612,11.255,8.582,48.601,3.94,13.89,312.35,0.0094,0.0086,0.0725,16000,1024,341.07,0.962,0.0188,0.0172,0.0019
2026-08-26T08:14:28.340+02:00,1000,1024,1024,1053,227,1248,12,12092,0.0323,0.0313,0.1451,0.1018,0.2028,1.9818,2.896,6.065,169.924,94.71,34.88,37.73,0.0092,0.0081,0.0287,16000,1024,166.92,0.9194,0.0432,0.0275,0.0099
2026-08-26T08:14:58.340+02:00,1000,1024,1024,1053,227,1250,10,12102,0.0341,0.0338,0.1742,0.2241,0.2026,1.971,4.802,8.409,112.084,24.62,77.87,82.04,0.0075,0.008,0.0368,16000,1024,226.44,0.9507,0.02,0.027,0.0022
2026-08-26T08:15:28.341+02:00,1000,1024,1024,1053,227,1250,6,12108,0.3341,0.0302,0.1167,10.635,0.2057,2.2875,1002.725,6.681,266.177,124.63,28.07,92.69,0.0476,0.0083,0.0253,16000,1024,288.26,0.9771,0.0114,0.01,0.0015
2026-08-26T08:15:58.368+02:00,1000,1024,1050,1080,227,1251,8,12116,0.0338,0.0331,0.1847,0.2268,0.2066,2.2708,4.748,9.409,103.61,59.4,43.4,177.06,0.0091,0.0077,0.0404,16000,1024,75.96,0.9374,0.033,0.0213,0.0083
2026-08-26T08:16:28.341+02:00,1000,1024,1024,1053,227,1252,2,12118,0.0326,0.0302,0.1366,0.1097,0.2073,2.2805,2.99,6.885,215.92,14.11,47.88,16.96,0.0087,0.0064,0.0133,16000,1024,167.1,0.9872,0.0047,0.0055,0.0026
2026-08-26T08:16:58.343+02:00,1000,1024,1024,1053,227,1253,3,12121,0.0332,0.0288,0.0924,0.1181,0.0945,1.9733,3.022,3.061,306.332,75.08,18.34,228.56,0.0068,0.0064,0.0109,16000,1024,99.68,0.5457,0.3031,0.1401,0.011
2026-08-26T08:17:28.343+02:00,1000,1024,1024,1053,227,1253,8,12129,0.0346,0.0344,0.1537,0.1229,0.2046,1.9653,3.113,8.234,143.62,72.25,189.39,221.67,0.0066,0.0084,0.0306,16000,1024,121.54,0.9038,0.0629,0.0288,0.0044
2026-08-26T08:17:58.343+02:00,1000,1024,1024,1053,227,1253,16,12145,0.3342,0.0359,0.216,10.6367,0.2051,1.9513,1001.646,12.439,71.526,176.98,33.25,158.3,0.041,0.007,0.0316,16000,1024,355.5,0.9971,0.001,0.0013,0.0005
2026-08-26T08:18:28.343+02:00,1000,1024,1024,1053,227,1253,7,12152,0.0328,0.031,0.0864,0.1074,0.2077,1.668,2.954,6.319,271.627,99.55,37.57,132.49,0.0084,0.0073,0.0157,16000,1024,186.53,0.8595,0.0455,0.0884,0.0066
2026-08-26T08:18:58.346+02:00,1000,1024,1024,1053,227,1254,0,12152,0.0322,0.0296,0.4901,0.1201,0.1089,1.8318,2.802,2.975,11.4,191.77,151.6,296.34,0.0079,0.0077,0.1198,16000,1024,218.26,0.9475,0.0375,0.0126,0.0024
2026-08-26T08:19:28.349+02:00,1000,1024,1024,1053,227,1254,0,12152,0.0334,0.0302,0.1426,0.1031,0.2077,2.2703,2.93,4.849,151.475,2.02,204.92,16.27,0.0071,0.0068,0.0193,16000,1024,368.43,0.9799,0.0092,0.0078,0.0031
2026-08-26T08:19:58.345+02:00,1000,1024,1024,1053,227,1254,1,12153,0.0329,0.0296,0.0691,0.1094,0.2091,1.6616,2.938,5.085,326.988,53.36,48.2,21.38,0.0101,0.0066,0.0127,16000,1024,152.34,0.8874,0.0639,0.0427,0.006
2026-08-26T08:20:28.345+02:00,1000,1024,1024,1053,227,1254,0,12153,0.0326,0.0319,0.1648,0.1111,0.2062,1.9563,3.254,8.848,126.231,42.99,111.54,7.81,0.0101,0.0068,0.0264,16000,1024,175.31,0.6366,0.3312,0.0244,0.0078
2026-08-26T08:20:58.348+02:00,1000,1024,1024,1053,227,1254,2,12155,0.0322,0.0314,0.49,0.1166,0.208,1.8275,3.021,6.504,11.396,193.14,45.28,228.53,0.0077,0.0076,0.0894,16000,1024,251.81,0.8847,0.0553,0.0552,0.0047
2026-08-26T08:21:28.354+02:00,1000,1024,1031,1061,227,1256,6,12161,0.0345,0.0331,0.2367,0.1147,0.2069,1.9367,2.849,11.43,58.96,109.25,168.16,91.99,0.0077,0.008,0.0412,16000,1024,132.96,0.9293,0.0345,0.0272,0.009
2026-08-26T08:21:58.346+02:00,1000,1024,1024,1053,227,1258,19,12180,0.3344,0.0357,0.2542,10.6376,0.2096,2.2404,1000.392,12.742,56.75,10.43,36.21,483.19,0.0204,0.0088,0.0408,16000,1024,269.68,0.935,0.0521,0.0116,0.0013
2026-08-26T08:22:28.348+02:00,1000,1024,1024,1053,227,1258,3,12183,0.0335,0.0285,0.0918,0.1278,0.1011,1.9581,3.173,3.072,304.843,75.87,96.2,22.84,0.0072,0.0062,0.0127,16000,1024,204.79,0.9819,0.0087,0.007,0.0023
2026-08-26T08:22:58.347+02:00,1000,1024,1024,1053,227,1258,1,12184,0.0315,0.0285,0.0458,0.0986,0.0951,0.17,2.854,2.998,3.287,5.04,121.02,40.81,0.0077,0.0062,0.0097,16000,1024,513.56,0.9709,0.0156,0.0122,0.0013
2026-08-26T08:23:28.347+02:00,1000,1024,1024,1053,227,1259,1,12185,0.0334,0.0324,0.1107,0.114,0.2091,1.9554,2.871,7.181,238.403,128.88,17.25,16.88,0.0071,0.0075,0.0245,16000,1024,228.74,0.9495,0.024,0.0202,0.0064
2026-08-26T08:23:58.348+02:00,1000,1024,1024,1053,227,1259,9,12194,0.0319,0.0309,0.11,0.0976,0.2104,1.9515,2.856,4.801,242.154,36.4,28.78,3.51,0.0074,0.0096,0.0293,16000,1024,195.05,0.9248,0.0312,0.0398,0.0042
2026-08-26T08:24:28.348+02:00,1000,1024,1024,1053,227,1260,3,12197,0.0329,0.03,0.1255,0.1023,0.1185,2.2642,2.953,3.37,264.269,57.41,57.46,76.1,0.0077,0.0067,0.02,16000,1024,87.52,0.9352,0.0309,0.0242,0.0096
2026-08-26T08:24:58.348+02:00,1000,1024,1024,1053,227,1260,8,12205,0.3341,0.0334,0.1262,10.6348,0.2085,1.9533,1002.142,8.268,195.956,148.41,28.5,81.17,0.0205,0.0091,0.0175,16000,1024,219.25,0.9409,0.0304,0.0264,0.0023
2026-08-26T08:26:28.350+02:00,1000,1024,1024,1053,229,1262,7,12224,0.3342,0.0305,0.0858,10.6352,0.2103,1.6413,1001.237,6.866,262.365,52.03,26.99,41.78,0.0105,0.0088,0.0108,16000,1024,166.87,0.8837,0.0456,0.0651,0.0056
2026-08-26T08:26:58.352+02:00,1000,1024,1024,1053,229,1262,2,12226,0.0338,0.029,0.1217,0.107,0.0942,1.9436,2.886,2.95,190.855,20.18,26.36,25.61,0.0082,0.0073,0.0248,16000,1024,565.22,0.9965,0.0025,0.0009,0.0001
2026-08-26T08:27:28.349+02:00,1000,1024,1024,1053,229,1264,3,12229,0.0348,0.0306,0.1307,0.1284,0.2107,2.2557,3.187,7.135,207.496,85.11,65.4,69.49,0.008,0.0066,0.0117,16000,1024,137.99,0.919,0.0451,0.0295,0.0064
2026-08-26T08:28:58.352+02:00,1000,1024,1024,1053,231,1264,3,12243,0.0319,0.0301,0.1517,0.1048,0.2126,2.2448,3.02,7.48,171.868,83.26,73.84,165.33,0.007,0.0069,0.0289,16000,1024,291.93,0.9473,0.0208,0.0298,0.0021
2026-08-26T08:29:58.353+02:00,1000,1024,1024,1053,232,1266,2,12257,0.0332,0.0287,0.0458,0.1074,0.0895,0.1542,2.852,2.859,2.959,23.6,28.42,69.02,0.0084,0.007,0.011,16000,1024,268.2,0.9496,0.0141,0.0341,0.0021
2026-08-26T08:30:28.352+02:00,1000,1024,1024,1053,232,1266,0,12257,0.0334,0.0312,0.4896,0.1118,0.21,1.8076,2.916,4.766,11.092,70.09,24.24,260.14,0.0078,0.0087,0.0943,16000,1024,190.51,0.921,0.0551,0.0217,0.0022
2026-08-26T08:31:28.354+02:00,1000,1024,1024,1053,233,1268,8,12266,0.3342,0.0322,0.1537,10.6336,0.2114,2.2456,1000.712,9.32,149.505,86.42,7.41,260.78,0.0464,0.0089,0.0366,16000,1024,135.27,0.8533,0.0905,0.0498,0.0064
2026-08-26T08:31:58.354+02:00,1000,1024,1024,1053,233,1269,8,12274,0.0348,0.0376,0.2569,0.2236,0.2101,2.2139,5.88,13.756,52.789,22.14,128.05,375.01,0.0089,0.0086,0.0442,16000,1024,305.23,0.9926,0.0043,0.0025,0.0006
2026-08-26T08:32:28.353+02:00,1000,1024,1024,1053,233,1270,6,12280,0.0325,0.032,0.1554,0.1006,0.2148,2.2383,2.916,5.239,146.994,65.56,8.65,75.62,0.0079,0.0068,0.0361,16000,1024,226.58,0.9862,0.0091,0.0038,0.0009
2026-08-26T08:32:58.355+02:00,1000,1024,1024,1053,233,1270,1,12281,0.0337,0.0328,0.1476,0.2228,0.2125,2.2354,4.697,8.471,150.555,38.21,154.46,259.68,0.0074,0.0062,0.0275,16000,1024,267.27,0.9568,0.0218,0.0184,0.0031
2026-08-26T08:33:28.396+02:00,1000,1024,1062,1092,233,1270,9,12290,0.0325,0.0327,0.1424,0.1124,0.2117,1.9291,3.134,8.847,164.223,227.71,104.9,7.05,0.0062,0.0088,0.0277,16000,1024,99.38,0.9062,0.061,0.0247,0.0082
2026-08-26T08:33:58.354+02:00,1000,1024,1024,1053,233,1271,5,12295,0.0329,0.0306,0.1038,0.1127,0.2115,1.9347,3.257,5.044,235.798,65.39,6.56,125.7,0.0082,0.007,0.0117,16000,1024,174.39,0.8512,0.077,0.066,0.0057
2026-08-26T08:34:28.364+02:00,1000,1024,1032,1062,233,1271,5,12300,0.0338,0.0307,0.1345,0.1154,0.2119,1.9277,2.856,7.922,164.879,219.68,3.86,78.85,0.0072,0.0069,0.0201,16000,1024,177.32,0.9711,0.018,0.0081,0.0028
2026-08-26T08:34:58.355+02:00,1000,1024,1024,1053,233,1271,6,12306,0.0335,0.0299,0.0908,0.1167,0.2126,1.9358,3.007,5.241,302.737,87.02,5.53,19.35,0.0087,0.0077,0.0147,16000,1024,192.52,0.9247,0.0329,0.0373,0.0051
2026-08-26T08:35:28.360+02:00,1000,1024,1027,1057,233,1271,9,12315,0.0328,0.0276,0.0854,0.1178,0.1033,1.6267,3.361,3.101,257.335,15.42,68.25,21.39,0.0076,0.0058,0.0187,16000,1024,268.36,0.9773,0.0111,0.0078,0.0038
2026-08-26T08:35:58.363+02:00,1000,1024,1024,1053,233,1273,13,12328,0.3342,0.0395,0.2706,10.6357,0.2107,2.2059,1001.43,14.118,46.875,148.53,5.52,192.34,0.0441,0.0089,0.0345,16000,1024,389.09,0.8784,0.0766,0.0402,0.0048
2026-08-26T08:36:28.425+02:00,1000,1024,1089,1118,233,1275,17,12345,0.0327,0.0349,0.1931,0.0939,0.2108,2.2235,2.543,11.897,92.862,79.08,36.38,491.27,0.0082,0.0071,0.0303,16000,1024,207.57,0.8937,0.0449,0.057,0.0045
2026-08-26T08:37:28.358+02:00,1000,1024,1024,1053,234,1276,0,12351,0.0334,0.0294,0.0431,0.1178,0.123,0.1282,3.166,3.226,2.828,113.22,50.29,41.96,0.0067,0.0073,0.0095,16000,1024,217.79,0.9135,0.0236,0.0593,0.0036
2026-08-26T08:37:58.357+02:00,1000,1024,1024,1053,234,1277,2,12353,0.0325,0.0313,0.1341,0.1042,0.2177,1.9248,2.83,9.149,165.185,119.96,105.27,25.48,0.0079,0.0073,0.0135,16000,1024,110.81,0.9328,0.0256,0.0342,0.0074
2026-08-26T08:39:58.378+02:00,1000,1024,1024,1054,237,1286,17,12403,0.0365,0.0495,0.3957,0.2209,0.2074,2.1513,7.827,11.623,20.713,23.22,341.27,341.76,0.009,0.0117,0.0986,16000,1024,325.19,0.9698,0.0203,0.0087,0.0012
2026-08-26T08:40:28.378+02:00,1000,1024,1024,1053,237,1286,1,12404,0.0341,0.0295,0.0678,0.1081,0.0985,1.6197,2.892,3.156,317.874,125.18,3.16,11.39,0.0077,0.0067,0.0125,16000,1024,514.21,0.9407,0.043,0.0128,0.0035
2026-08-26T08:40:58.384+02:00,1000,1024,1024,1053,237,1287,2,12406,0.0331,0.0341,0.1651,0.2233,0.2166,2.2202,4.716,11.294,128.484,130.06,119.79,195.19,0.0079,0.0078,0.033,16000,1024,173.86,0.9192,0.0405,0.0347,0.0055
2026-08-26T08:41:28.380+02:00,1000,1024,1024,1053,237,1288,3,12409,0.0322,0.031,0.4544,0.1084,0.215,1.8066,3.226,7.018,12.71,63.57,106.98,62.73,0.0078,0.0076,0.1003,16000,1024,199.97,0.9478,0.0247,0.0253,0.0022
2026-08-26T08:41:58.377+02:00,1000,1024,1024,1053,237,1288,2,12411,0.0331,0.0303,0.1031,0.1106,0.0935,2.2305,2.949,3.165,332.018,31.22,76.17,16.45,0.0089,0.0065,0.0113,16000,1024,137.0,0.9432,0.0321,0.0187,0.006
2026-08-26T08:42:28.378+02:00,1000,1024,1024,1053,237,1288,4,12415,0.3341,0.0296,0.4518,10.6361,0.216,1.8067,1003.271,5.211,13.316,93.49,154.04,170.8,0.0074,0.0068,0.0886,16000,1024,234.82,0.9576,0.0116,0.0286,0.0022
2026-08-26T08:42:58.379+02:00,1000,1024,1024,1053,237,1289,3,12418,0.0324,0.0302,0.0959,0.1017,0.2134,1.9258,2.914,5.338,317.503,41.82,54.43,140.55,0.0071,0.0078,0.0125,16000,1024,202.55,0.9349,0.0288,0.0279,0.0085
2026-08-26T08:43:58.380+02:00,1000,1024,1024,1053,238,1291,12,12439,0.0361,0.0373,0.237,0.2234,0.2141,2.2006,4.088,11.847,60.061,27.18,66.27,85.7,0.0079,0.0082,0.045,16000,1024,170.36,0.9712,0.0145,0.0105,0.0039
2026-08-26T08:44:28.380+02:00,1000,1024,1024,1053,238,1291,0,12439,0.0333,0.0293,0.5031,0.1294,0.1193,1.7725,2.978,3.411,9.701,26.76,149.52,187.83,0.0077,0.0071,0.1485,16000,1024,74.42,0.7547,0.0974,0.137,0.0109
2026-08-26T08:44:58.381+02:00,1000,1024,1024,1053,238,1291,0,12439,0.0336,0.0304,0.1229,0.1135,0.2154,1.9153,3.043,5.265,201.667,80.58,66.48,118.44,0.0084,0.0076,0.018,16000,1024,123.6,0.9493,0.0295,0.0169,0.0043
2026-08-26T08:45:28.382+02:00,1000,1024,1024,1053,238,1291,0,12439,0.0331,0.0302,0.1084,0.108,0.0917,1.9147,2.816,2.79,237.023,104.98,227.66,89.49,0.0067,0.0066,0.018,16000,1024,96.61,0.9631,0.0171,0.0146,0.0052
2026-08-26T08:45:58.386+02:00,1000,1024,1024,1053,238,1291,5,12444,0.0351,0.0323,0.1795,0.223,0.2143,2.2143,4.494,12.859,103.337,127.69,51.62,112.25,0.0093,0.0061,0.0237,16000,1024,139.57,0.7337,0.0774,0.1774,0.0116
2026-08-26T08:46:28.381+02:00,1000,1024,1024,1053,238,1291,0,12444,0.0323,0.029,0.1791,0.1125,0.0969,2.2093,2.979,3.383,121.182,42.3,20.4,123.69,0.0067,0.0064,0.025,16000,1024,89.78,0.9162,0.0404,0.0349,0.0085
2026-08-26T08:46:58.382+02:00,1000,1024,1024,1053,238,1291,0,12444,0.0321,0.032,0.1334,0.1003,0.2186,1.9133,2.918,8.69,164.816,81.11,36.89,94.36,0.0063,0.0081,0.024,16000,1024,192.58,0.9782,0.0102,0.0099,0.0018
2026-08-26T08:47:28.383+02:00,1000,1024,1024,1053,238,1291,1,12445,0.0318,0.0318,0.114,0.1342,0.216,1.9114,2.937,8.43,191.91,40.03,142.48,153.35,0.0079,0.0086,0.0203,16000,1024,231.37,0.9483,0.0265,0.0229,0.0023
2026-08-26T08:48:28.383+02:00,1000,1024,1024,1053,239,1292,1,12447,0.0334,0.7104,2.5768,0.1231,4.5819,7.8658,3.037,40.554,7.967,49.18,457.41,456.79,0.007,0.1737,0.5616,16000,1024,98.16,0.8261,0.077,0.0859,0.011
2026-08-26T08:48:58.383+02:00,1000,1024,1024,1053,239,1292,0,12447,0.0331,0.2161,0.5412,0.1223,4.9915,8.693,2.967,493.899,251.234,216.65,237.58,383.67,0.0087,0.0386,0.0703,16000,1024,190.48,0.925,0.0371,0.0308,0.007
2026-08-26T08:49:58.383+02:00,1000,1024,1024,1053,240,1296,10,12461,0.0329,0.0317,0.4376,0.1106,0.2192,1.799,2.851,8.737,14.015,81.78,110.38,2.1,0.0086,0.0072,0.0885,16000,1024,196.1,0.9305,0.0373,0.0271,0.0051
2026-08-26T08:50:28.384+02:00,1000,1024,1024,1053,240,1298,0,12461,0.3452,0.4132,0.8748,4.2244,4.9683,8.9489,143.172,142.809,100.102,374.93,187.5,125.15,0.0628,0.0753,0.1706,16000,1024,393.99,0.9983,0.0007,0.0008,0.0003
2026-08-26T08:50:58.404+02:00,1000,1024,1042,1072,240,1300,20,12481,0.334,0.0367,0.2089,10.6322,0.2157,1.8902,1003.063,13.869,71.584,44.08,57.95,2.03,0.0491,0.0098,0.0486,16000,1024,348.85,0.9818,0.0092,0.0078,0.0012
2026-08-26T08:51:28.386+02:00,1000,1024,1024,1053,240,1300,17,12498,0.0333,0.0339,0.1657,0.1168,0.215,1.9041,3.253,12.541,110.218,5.01,1.67,238.36,0.0107,0.0108,0.0392,16000,1024,300.83,0.9888,0.0031,0.0071,0.001
2026-08-26T08:51:58.386+02:00,1000,1024,1024,1053,240,1301,11,12509,0.3341,0.0345,0.1689,10.6324,0.2168,1.8961,1001.723,13.563,100.056,37.6,99.05,91.9,0.0223,0.0074,0.0277,16000,1024,200.76,0.9591,0.0265,0.0122,0.0022
2026-08-26T08:52:28.390+02:00,1000,1024,1024,1053,240,1301,1,12510,0.0335,0.0317,0.1718,0.2235,0.2177,2.2027,4.625,7.034,117.453,162.41,117.33,39.9,0.0072,0.0071,0.0326,16000,1024,174.6,0.9427,0.0295,0.0227,0.0052
2026-08-26T08:52:58.386+02:00,1000,1024,1024,1053,240,1301,14,12524,0.0327,0.0339,0.2062,0.2257,0.2184,2.1943,4.649,10.295,73.856,51.4,55.68,2.25,0.0109,0.0078,0.0444,16000,1024,128.02,0.8642,0.0686,0.055,0.0122
2026-08-26T08:53:28.389+02:00,1000,1024,1024,1053,240,1301,3,12527,0.0342,0.0302,0.4285,0.1317,0.219,1.8037,2.917,8.207,14.298,117.12,112.1,116.84,0.0082,0.0063,0.1114,16000,1024,84.59,0.7898,0.1225,0.077,0.0107
2026-08-26T08:53:58.387+02:00,1000,1024,1024,1053,240,1301,8,12535,0.0333,0.0717,0.5933,0.1042,0.1939,1.7312,2.889,5.684,7.424,136.99,62.78,62.55,0.0081,0.0186,0.1442,16000,1024,454.28,0.9595,0.0292,0.0089,0.0024
2026-08-26T08:54:28.387+02:00,1000,1024,1024,1053,240,1301,0,12535,0.0309,0.0307,0.0742,0.1394,0.2154,1.9085,3.487,5.37,426.757,74.35,4.44,170.01,0.007,0.0094,0.015,16000,1024,181.28,0.9166,0.0488,0.0312,0.0035
2026-08-26T08:54:58.387+02:00,1000,1024,1024,1053,240,1301,10,12545,0.0317,0.0336,0.1749,0.1021,0.2148,1.8987,3.003,9.823,101.238,2.73,139.51,211.58,0.0079,0.0085,0.038,16000,1024,72.52,0.8516,0.089,0.0399,0.0196
2026-08-26T08:55:28.387+02:00,1000,1024,1024,1053,240,1302,5,12550,0.0313,0.0291,0.0962,0.0922,0.1564,1.9036,2.68,3.691,299.155,43.82,164.3,64.77,0.0084,0.0074,0.0148,16000,1024,105.06,0.9177,0.0523,0.0238,0.0061
2026-08-26T08:55:58.388+02:00,1000,1024,1024,1053,240,1303,4,12554,0.3341,0.0314,0.4866,10.6354,0.2183,1.7603,1002.611,8.822,10.368,207.09,52.79,78.88,0.0474,0.0068,0.089,16000,1024,428.38,0.9525,0.0343,0.0101,0.0031
2026-08-26T08:56:28.388+02:00,1000,1024,1024,1053,240,1303,4,12558,1.7826,0.1959,0.1698,4.6292,0.3658,2.2012,1.536,1.574,72.339,49.09,49.08,48.98,2.3046,0.2503,0.0989,16000,1024,409.3,0.8615,0.1254,0.0062,0.007
2026-08-26T08:56:58.389+02:00,1000,1024,1024,1053,240,1303,12,12570,1.485,0.2086,0.2007,2.802,0.3985,2.1954,1.546,1.62,75.08,49.26,49.3,49.49,1.4943,0.2077,0.0528,16000,1024,408.75,0.5672,0.4052,0.0174,0.0102
2026-08-26T08:57:58.389+02:00,1000,1024,1024,1053,241,1306,8,12582,1.4531,0.2336,0.5163,2.3103,0.3926,1.7756,1.541,1.58,10.524,49.4,49.4,62.71,1.9574,0.3063,0.1751,16000,1024,461.54,0.6057,0.383,0.0099,0.0014
2026-08-26T08:58:28.391+02:00,1000,1024,1024,1053,241,1306,25,12607,1.4096,0.2204,0.3468,2.2577,0.42,2.1557,1.581,1.754,26.982,49.17,15.46,71.56,0.7324,0.11,0.0787,16000,1024,416.47,0.3461,0.6363,0.0106,0.0069
2026-08-26T08:58:58.391+02:00,1000,1024,1024,1053,241,1306,9,12616,1.3593,0.2158,0.0902,2.0968,0.3977,1.9043,1.556,1.693,194.935,49.31,49.31,49.3,1.7016,0.2645,0.0593,16000,1024,415.48,0.5462,0.4393,0.011,0.0035
2026-08-26T08:59:28.390+02:00,1000,1024,1024,1053,241,1306,2,12618,1.3804,0.218,0.1329,2.8508,0.4152,1.904,1.555,1.645,143.477,49.29,49.3,49.3,2.0005,0.3141,0.0566,16000,1024,367.32,0.7306,0.2347,0.0212,0.0135
2026-08-26T08:59:58.405+02:00,1000,1024,1037,1067,241,1306,9,12627,1.3938,0.2172,0.2209,2.1983,0.4147,2.1888,1.565,1.683,60.49,49.31,49.29,48.79,1.8164,0.2744,0.0552,16000,1024,279.02,0.603,0.3674,0.0226,0.0069
2026-08-26T09:00:28.391+02:00,1000,1024,1024,1053,241,1309,10,12637,1.4275,0.2088,0.2573,2.1888,0.3973,2.1825,1.556,1.651,49.13,49.3,49.3,319.14,1.7336,0.247,0.0556,16000,1024,320.6,0.6309,0.344,0.0173,0.0078
2026-08-26T09:00:58.392+02:00,1000,1024,1024,1053,241,1309,8,12645,1.4795,0.2117,0.235,2.2937,0.3928,2.1955,1.556,1.639,56.146,49.3,49.29,49.16,1.9758,0.2775,0.0505,16000,1024,355.53,0.5405,0.442,0.0135,0.004
2026-08-26T09:01:28.393+02:00,1000,1024,1024,1053,241,1310,1,12646,1.5139,0.2082,0.1572,3.4449,0.4304,1.9056,1.559,1.638,105.349,49.25,49.25,49.38,2.141,0.291,0.0801,16000,1024,566.37,0.8609,0.1318,0.0058,0.0015
2026-08-26T09:01:58.394+02:00,1000,1024,1024,1053,241,1311,11,12657,1.5619,0.2029,0.2153,2.3465,0.4222,2.2066,1.558,1.641,69.891,49.26,49.26,49.14,1.7124,0.2173,0.0709,16000,1024,342.25,0.6698,0.3062,0.0192,0.0048
2026-08-26T09:02:28.392+02:00,1000,1024,1024,1053,241,1311,8,12665,1.6238,0.2064,0.1823,10.0838,0.4083,2.2107,2.877,1.59,84.814,49.27,49.26,49.12,1.7861,0.2244,0.0733,16000,1024,335.79,0.6741,0.3043,0.0162,0.0055
2026-08-26T09:02:58.399+02:00,1000,1024,1024,1053,241,1313,5,12670,1.6234,0.202,0.2064,2.4475,0.4006,2.2106,1.541,1.609,69.174,49.21,49.2,49.03,1.9575,0.2398,0.0789,16000,1024,370.17,0.7621,0.2141,0.0171,0.0067
2026-08-26T09:03:28.393+02:00,1000,1024,1024,1053,241,1314,8,12678,1.6206,0.1995,0.1626,2.4838,0.3687,1.9169,1.562,1.594,94.154,49.28,49.29,49.33,1.8356,0.2225,0.0853,16000,1024,416.03,0.5844,0.4008,0.0117,0.0031
2026-08-26T09:03:58.394+02:00,1000,1024,1024,1053,241,1316,0,12678,1.6392,0.2001,0.125,2.425,0.3481,1.9218,1.541,1.601,109.411,49.11,49.11,48.99,2.3183,0.275,0.0967,16000,1024,382.57,0.6774,0.2938,0.0201,0.0087
2026-08-26T09:04:28.394+02:00,1000,1024,1024,1053,241,1317,1,12679,1.6983,0.1984,0.1265,2.6992,0.3838,2.232,1.553,1.627,147.604,49.22,49.22,49.17,2.4278,0.278,0.0899,16000,1024,408.4,0.6718,0.31,0.0104,0.0078
2026-08-26T09:05:58.396+02:00,1000,1024,1024,1053,243,1320,7,12700,1.7776,0.1975,0.1897,2.6651,0.3665,2.2366,1.54,1.623,81.567,49.21,49.21,49.17,2.3201,0.2545,0.0864,16000,1024,400.64,0.8079,0.1679,0.0164,0.0078
2026-08-26T09:06:28.396+02:00,1000,1024,1024,1053,243,1320,6,12706,1.7837,0.1974,0.2226,2.6711,0.393,2.233,1.542,1.635,64.575,49.27,49.28,49.36,2.2144,0.2443,0.0725,16000,1024,401.55,0.7618,0.2237,0.0101,0.0044
2026-08-26T09:06:58.397+02:00,1000,1024,1024,1053,243,1321,2,12708,1.7801,0.1969,0.1194,2.6406,0.3623,1.9404,1.54,1.592,103.042,49.24,49.24,49.19,2.4814,0.271,0.1011,16000,1024,393.59,0.7959,0.1788,0.0187,0.0066
2026-08-26T09:07:58.421+02:00,1000,1024,1047,1077,244,1324,14,12735,1.7625,0.1954,0.2189,2.622,0.4031,2.2375,1.547,1.607,67.422,49.2,49.13,49.04,1.4957,0.1486,0.0725,16000,1024,394.58,0.7797,0.1944,0.0185,0.0074
2026-08-26T09:08:28.400+02:00,1000,1024,1024,1053,244,1324,8,12743,1.8377,0.1955,0.1517,11.8991,0.4015,1.9382,3.201,1.592,91.415,49.08,49.13,49.22,1.8562,0.1925,0.0765,16000,1024,418.17,0.7691,0.2169,0.0093,0.0046
2026-08-26T09:08:58.397+02:00,1000,1024,1024,1053,244,1324,11,12754,1.7871,0.1925,0.2678,4.1008,0.4011,2.2259,1.56,1.61,42.758,49.08,49.07,19.99,1.9448,0.203,0.0838,16000,1024,498.17,0.7367,0.242,0.0133,0.008
2026-08-26T09:09:28.400+02:00,1000,1024,1026,1055,244,1324,5,12759,1.8195,0.1933,0.2384,4.713,0.4001,1.9363,1.561,1.639,50.968,49.14,49.14,49.15,2.513,0.2606,0.1182,16000,1024,399.09,0.7377,0.2416,0.0141,0.0066
2026-08-26T09:09:58.406+02:00,1000,1024,1032,1062,244,1325,3,12762,1.8562,0.1965,0.1416,2.7777,0.4069,1.9556,1.533,1.612,106.904,49.17,49.18,49.13,2.4744,0.2545,0.0977,16000,1024,427.01,0.8613,0.1206,0.0121,0.0061
2026-08-26T09:10:28.400+02:00,1000,1024,1024,1053,244,1325,9,12771,1.8596,0.1943,0.1501,5.0713,0.3671,2.2679,1.571,1.604,94.324,49.2,49.22,49.2,2.2866,0.2454,0.098,16000,1024,447.1,0.7806,0.2039,0.0113,0.0042
2026-08-26T09:10:58.399+02:00,1000,1024,1024,1053,244,1327,11,12782,1.8699,0.192,0.2189,2.8614,0.4129,1.9426,1.552,1.636,57.554,49.2,49.21,49.03,1.5144,0.1519,0.0712,16000,1024,462.98,0.5924,0.3966,0.0067,0.0044
2026-08-26T09:11:28.400+02:00,1000,1024,1024,1053,244,1328,0,12782,1.8975,0.1919,0.1225,2.8223,0.4027,1.6531,1.536,1.615,65.634,49.18,49.19,49.14,2.724,0.2712,0.1192,16000,1024,461.11,0.8359,0.1526,0.0094,0.0021
2026-08-26T09:11:58.400+02:00,1000,1024,1024,1053,244,1329,0,12782,1.9222,0.1893,0.6027,2.8268,0.3546,2.0601,1.532,1.595,6.567,49.17,49.17,49.19,2.7571,0.2529,0.1388,16000,1024,518.36,0.737,0.2486,0.0077,0.0067
2026-08-26T09:12:28.400+02:00,1000,1024,1024,1053,244,1329,0,12782,1.9293,0.1935,0.6364,2.8651,0.3913,2.0278,1.532,1.632,5.627,49.18,49.18,62.67,2.7755,0.2543,0.176,16000,1024,440.89,0.7954,0.1927,0.0089,0.003
2026-08-26T09:12:58.442+02:00,1000,1024,1064,1093,244,1329,7,12789,1.9102,0.1902,0.5999,4.6196,0.3649,2.0556,1.559,1.612,6.491,49.18,49.18,448.0,2.6198,0.2404,0.1056,16000,1024,448.7,0.6035,0.378,0.0141,0.0044
2026-08-26T09:13:28.401+02:00,1000,1024,1024,1053,244,1332,4,12793,1.9384,0.1929,0.1739,2.8873,0.3689,1.9624,1.546,1.628,79.372,49.14,49.17,49.27,2.1968,0.2102,0.0988,16000,1024,596.5,0.9133,0.0793,0.0048,0.0026
2026-08-26T09:14:28.431+02:00,1000,1024,1024,1054,245,1334,0,12794,1.979,0.1912,0.1996,2.9102,0.3636,2.269,1.532,1.633,73.961,49.15,49.14,49.1,2.8391,0.2639,0.1176,16000,1024,887.85,0.9074,0.0852,0.0057,0.0017
2026-08-26T09:14:58.433+02:00,1000,1024,1024,1053,245,1335,15,12809,1.9688,0.19,0.2672,10.0497,0.4121,2.2573,2.127,1.605,46.86,49.22,49.2,39.84,1.5304,0.1433,0.0449,16000,1024,533.44,0.7874,0.1909,0.0127,0.009
2026-08-26T09:15:28.431+02:00,1000,1024,1024,1053,245,1337,0,12809,1.9662,0.1893,0.1197,2.9383,0.3712,1.9814,1.534,1.614,74.517,49.1,49.1,49.11,2.7991,0.2662,0.1256,16000,1024,476.66,0.8838,0.1029,0.0095,0.0038
2026-08-26T09:15:58.432+02:00,1000,1024,1024,1053,245,1339,17,12826,1.972,0.1887,0.1716,2.8879,0.4001,1.969,1.53,1.57,85.037,48.72,48.74,48.81,1.5781,0.1581,0.0683,16000,1024,465.8,0.8462,0.1456,0.0059,0.0024
2026-08-26T09:16:28.433+02:00,1000,1024,1024,1053,245,1340,3,12829,1.9885,0.1914,0.1448,4.1361,0.3749,1.9774,1.546,1.59,85.588,49.06,49.02,49.03,2.425,0.2242,0.1098,16000,1024,981.91,0.8905,0.1025,0.0058,0.0013
2026-08-26T09:16:58.434+02:00,1000,1024,1024,1053,245,1342,0,12829,2.0006,0.2085,0.6154,2.9744,0.4046,1.7871,1.533,1.806,7.28,49.12,49.11,125.14,2.8611,0.2798,0.1431,16000,1024,465.06,0.8149,0.1778,0.0053,0.002
2026-08-26T09:17:28.433+02:00,1000,1024,1024,1053,245,1344,0,12829,2.0694,0.1925,0.2105,13.6895,0.3766,2.2719,3.277,1.628,65.386,49.14,49.13,49.14,2.9199,0.2684,0.1272,16000,1024,443.29,0.7373,0.2451,0.015,0.0026
2026-08-26T09:17:58.434+02:00,1000,1024,1024,1053,245,1346,2,12831,2.0882,0.1914,0.4088,5.2719,0.4001,2.2109,1.616,1.621,20.756,49.1,49.07,49.14,2.7631,0.2442,0.1468,16000,1024,489.24,0.8169,0.1714,0.0086,0.0031
2026-08-26T09:18:28.435+02:00,1000,1024,1024,1053,245,1348,1,12832,2.0681,0.1876,0.2103,3.305,0.3607,1.9695,1.533,1.609,60.354,49.13,49.12,49.26,2.8736,0.2541,0.1192,16000,1024,530.34,0.8144,0.1758,0.0078,0.0021
2026-08-26T09:18:58.435+02:00,1000,1024,1024,1053,245,1348,19,12851,2.0715,0.1923,0.1959,3.2189,0.4236,2.275,1.553,1.632,70.665,49.14,49.13,49.17,2.1548,0.1701,0.119,16000,1024,516.39,0.8695,0.1226,0.0058,0.0021
2026-08-26T09:19:28.443+02:00,1000,1024,1031,1060,245,1349,17,12868,2.0959,0.1942,0.2961,3.0773,0.4072,2.2621,1.523,1.666,38.259,49.16,49.11,48.85,1.9739,0.182,0.0691,16000,1024,461.21,0.8366,0.1492,0.0106,0.0036
2026-08-26T09:20:28.436+02:00,1000,1024,1024,1053,246,1350,15,12885,2.1061,0.1927,0.2482,3.1453,0.4125,2.286,1.539,1.646,53.828,48.96,48.96,48.85,1.7476,0.1461,0.0783,16000,1024,495.91,0.8307,0.157,0.0087,0.0036
2026-08-26T09:20:58.435+02:00,1000,1024,1024,1053,246,1351,0,12885,2.1105,0.1904,0.4752,3.1357,0.3523,2.1777,1.523,1.632,12.066,49.13,49.14,49.28,3.014,0.2517,0.1223,16000,1024,484.3,0.7169,0.2661,0.0141,0.003
2026-08-26T09:21:28.485+02:00,1000,1024,1071,1101,246,1353,14,12899,2.1137,0.1927,0.2216,3.3013,0.4184,2.2827,1.549,1.609,58.012,49.14,49.13,49.17,2.3854,0.211,0.111,16000,1024,434.73,0.8477,0.1356,0.0133,0.0034
2026-08-26T09:21:58.436+02:00,1000,1024,1024,1053,246,1354,31,12930,2.1475,0.1918,0.2682,4.7645,0.8043,2.2866,1.54,1.91,44.804,28.08,28.1,28.15,1.0991,0.0869,0.0687,16000,1024,548.11,0.8987,0.0909,0.0073,0.0032
2026-08-26T09:22:28.438+02:00,1000,1024,1024,1053,246,1354,16,12946,2.1036,0.1968,0.2136,3.1549,0.3929,1.9767,1.542,1.607,54.087,49.25,49.22,49.26,2.0948,0.1863,0.0932,16000,1024,712.79,0.861,0.1179,0.0173,0.0038
2026-08-26T09:22:58.438+02:00,1000,1024,1024,1053,246,1357,2,12948,2.1388,0.195,0.3229,3.1707,0.3633,1.6351,1.518,1.609,21.876,49.05,49.06,49.12,2.949,0.2539,0.1262,16000,1024,573.43,0.8733,0.1179,0.0069,0.0018
2026-08-26T09:23:28.438+02:00,1000,1024,1024,1053,246,1358,5,12953,2.127,0.1951,0.2063,3.1432,0.4076,1.9895,1.528,1.67,63.595,49.12,49.11,49.04,2.5487,0.2275,0.1349,16000,1024,615.86,0.7349,0.254,0.0091,0.002
2026-08-26T09:23:58.438+02:00,1000,1024,1024,1053,246,1361,2,12955,2.162,0.1934,0.3383,3.1671,0.4198,1.9431,1.521,1.599,20.307,49.11,49.12,49.17,2.835,0.244,0.1226,16000,1024,514.5,0.8696,0.1208,0.0074,0.0022
2026-08-26T09:24:28.438+02:00,1000,1024,1024,1053,246,1362,6,12961,2.1432,0.1937,0.1418,3.2605,0.406,2.0033,1.53,1.667,59.751,49.04,49.04,49.01,2.7573,0.2398,0.1335,16000,1024,605.08,0.7943,0.1875,0.015,0.0033
2026-08-26T09:25:28.439+02:00,1000,1024,1024,1053,247,1363,5,12972,2.1981,0.1912,0.157,3.2788,0.3647,2.003,1.518,1.655,65.601,49.18,49.19,49.22,2.6832,0.2251,0.1373,16000,1024,505.04,0.7376,0.2491,0.009,0.0044
2026-08-26T09:25:58.476+02:00,1000,1024,1061,1091,247,1366,21,12993,2.1864,0.1938,0.2034,3.2371,0.399,2.3085,1.539,1.641,66.938,49.05,49.0,48.87,1.6453,0.1336,0.0736,16000,1024,480.69,0.8381,0.1483,0.0097,0.0039
2026-08-26T09:26:28.441+02:00,1000,1024,1024,1053,247,1368,1,12994,0.1084,0.8111,1.4711,0.4002,4.885,8.5116,3.553,30.999,29.438,50.02,312.58,312.6,0.1114,0.23,0.4589,16000,1024,830.42,0.9895,0.0093,0.0009,0.0003
2026-08-26T09:26:58.441+02:00,1000,1024,1024,1053,247,1370,0,12994,0.0329,0.0292,0.045,0.1169,0.103,0.1851,3.103,3.01,3.208,62.85,101.0,19.19,0.0091,0.0061,0.01,16000,1024,300.39,0.9709,0.0176,0.0104,0.0011
2026-08-26T09:27:28.444+02:00,1000,1024,1024,1053,247,1370,2,12996,0.0348,0.044,0.286,0.1068,0.1919,1.6559,2.848,10.888,31.85,5.95,2.6,30.97,0.0083,0.0088,0.0563,16000,1024,493.77,0.9398,0.0518,0.0068,0.0016
2026-08-26T09:27:58.441+02:00,1000,1024,1024,1053,247,1372,0,12996,0.0324,0.0473,0.3167,0.1437,0.1959,1.6431,3.108,10.809,25.49,131.37,491.32,312.54,0.008,0.0095,0.0858,16000,1024,477.73,0.9473,0.0351,0.0148,0.0029
2026-08-26T09:28:28.442+02:00,1000,1024,1024,1053,247,1375,25,13021,0.5761,0.0362,0.2398,10.6123,0.2014,2.2879,337.382,10.177,65.368,22.57,3.97,157.48,0.0252,0.0088,0.0398,16000,1024,280.21,0.9909,0.0058,0.0023,0.001
2026-08-26T09:28:58.452+02:00,1000,1024,1035,1064,247,1375,30,13051,0.0351,0.0362,0.2781,0.221,0.1985,2.2783,7.0,10.439,50.883,15.4,10.39,320.33,0.0107,0.0082,0.0419,16000,1024,171.63,0.9515,0.0299,0.0163,0.0023
2026-08-26T09:29:28.443+02:00,1000,1024,1024,1053,247,1375,2,13053,0.034,0.0459,0.3079,0.1115,0.194,1.6422,2.919,11.097,26.887,83.53,312.61,312.76,0.009,0.0105,0.0756,16000,1024,144.97,0.871,0.0856,0.0385,0.0049
2026-08-26T09:30:28.444+02:00,1000,1024,1024,1053,248,1376,4,13058,0.0334,0.03,0.1006,0.1006,0.199,1.9989,2.831,6.165,304.873,68.77,3.05,81.86,0.0075,0.0081,0.0218,16000,1024,88.93,0.8006,0.1205,0.055,0.0239
2026-08-26T09:30:58.444+02:00,1000,1024,1024,1053,248,1377,1,13059,0.0337,0.046,0.3036,0.1182,0.1952,1.6457,2.845,10.939,27.839,12.37,312.42,312.37,0.0074,0.0116,0.0874,16000,1024,81.73,0.6249,0.1896,0.167,0.0186
2026-08-26T09:31:28.449+02:00,1000,1024,1024,1053,248,1378,5,13064,0.0335,0.0456,0.2995,0.123,0.1984,1.953,3.073,11.119,30.21,104.02,147.49,312.62,0.0096,0.0103,0.0724,16000,1024,228.75,0.9223,0.0607,0.0144,0.0027
2026-08-26T09:31:58.444+02:00,1000,1024,1024,1053,248,1379,3,13067,0.3341,0.0319,0.0875,10.6346,0.2019,1.6903,1002.327,4.212,272.61,243.64,61.31,171.71,0.0388,0.0094,0.0164,16000,1024,113.62,0.8981,0.0504,0.0326,0.0188
2026-08-26T09:32:28.445+02:00,1000,1024,1024,1053,248,1381,3,13070,0.0335,0.032,0.1528,0.1086,0.2031,2.2954,2.883,7.16,148.636,29.25,75.3,271.53,0.008,0.0072,0.03,16000,1024,293.46,0.9649,0.018,0.0157,0.0014
2026-08-26T09:32:58.445+02:00,1000,1024,1024,1053,248,1381,9,13079,0.0345,0.0301,0.1002,0.2226,0.2,1.998,4.537,4.486,308.804,15.83,22.37,8.25,0.0093,0.0081,0.0199,16000,1024,78.59,0.854,0.0616,0.0678,0.0166
2026-08-26T09:33:28.446+02:00,1000,1024,1024,1053,248,1381,2,13081,0.3342,0.03,0.1383,10.6318,0.2044,1.9877,1000.728,5.216,167.492,139.54,40.94,40.96,0.0353,0.0074,0.0291,16000,1024,351.72,0.9284,0.0469,0.0203,0.0044
2026-08-26T09:33:58.446+02:00,1000,1024,1024,1053,248,1381,2,13083,0.033,0.031,0.1186,0.1044,0.203,1.9878,2.879,4.678,194.98,10.54,40.21,252.23,0.0068,0.007,0.0131,16000,1024,282.84,0.983,0.0097,0.0054,0.0019
2026-08-26T09:34:28.471+02:00,1000,1024,1048,1078,248,1382,31,13114,0.3343,0.0372,0.2506,10.6379,0.2042,2.2743,1001.592,11.059,60.457,28.7,17.74,354.5,0.0172,0.0089,0.0487,16000,1024,604.14,0.9945,0.0043,0.001,0.0002
2026-08-26T09:35:28.446+02:00,1000,1024,1024,1053,249,1384,0,13124,0.0326,0.0288,0.0451,0.159,0.0975,0.1862,3.357,2.835,3.216,59.22,12.2,140.79,0.0101,0.0075,0.0105,16000,1024,184.12,0.9701,0.0159,0.0113,0.0027
2026-08-26T09:35:58.448+02:00,1000,1024,1024,1053,249,1386,24,13148,0.3341,0.0353,0.232,10.6354,0.205,2.2726,1003.04,10.527,68.897,38.76,78.83,319.4,0.0467,0.0079,0.0492,16000,1024,236.86,0.9938,0.0023,0.0031,0.0008
2026-08-26T09:36:28.485+02:00,1000,1024,1056,1085,249,1389,25,13173,0.3343,0.0366,0.2107,10.6337,0.2065,1.9641,999.687,9.664,77.344,7.65,4.98,39.37,0.0472,0.0118,0.0387,16000,1024,252.66,0.9819,0.0108,0.0056,0.0017
2026-08-26T09:36:58.451+02:00,1000,1024,1027,1057,249,1390,28,13201,0.0353,0.0355,0.2284,0.1195,0.2049,2.0191,3.021,10.179,67.634,5.79,75.13,269.64,0.0098,0.0087,0.0424,16000,1024,386.02,0.9833,0.0091,0.0068,0.0008
2026-08-26T09:37:28.449+02:00,1000,1024,1024,1053,249,1390,0,13201,0.0332,0.0301,0.3017,0.129,0.0927,1.9333,2.959,2.912,32.94,23.17,3.3,62.28,0.0083,0.0076,0.0902,16000,1024,186.4,0.9789,0.0111,0.0078,0.0022
2026-08-26T09:37:58.448+02:00,1000,1024,1024,1053,249,1392,4,13205,0.0346,0.0322,0.1314,0.1054,0.2043,1.9728,2.716,8.534,198.179,93.71,39.66,159.42,0.0083,0.0078,0.0257,16000,1024,788.76,0.9865,0.0084,0.0047,0.0005
2026-08-26T09:38:28.450+02:00,1000,1024,1024,1053,249,1393,1,13206,0.0317,0.03,0.069,0.1116,0.1006,1.6651,3.119,2.966,331.168,138.45,14.38,3.83,0.0074,0.0073,0.0148,16000,1024,137.8,0.9397,0.0208,0.0358,0.0038
2026-08-26T09:38:58.450+02:00,1000,1024,1024,1053,249,1395,5,13211,0.3341,0.0317,0.1458,10.6336,0.2064,1.9645,1001.768,8.894,145.056,63.79,11.68,71.88,0.0471,0.0069,0.0309,16000,1024,380.04,0.994,0.003,0.0024,0.0005
2026-08-26T09:39:58.450+02:00,1000,1024,1024,1053,250,1396,6,13228,0.0339,0.0332,0.3461,0.1153,0.2087,1.9096,3.024,9.815,25.662,83.26,54.64,302.36,0.0091,0.0065,0.0864,16000,1024,206.18,0.9866,0.008,0.0041,0.0013
2026-08-26T09:40:28.450+02:00,1000,1024,1024,1053,250,1396,25,13253,0.0322,0.0385,0.2614,0.1034,0.2053,2.0445,2.948,11.967,52.532,190.63,30.14,409.65,0.0068,0.0082,0.0517,16000,1024,261.42,0.9838,0.0084,0.0065,0.0013
2026-08-26T09:41:28.457+02:00,1000,1024,1024,1053,251,1397,2,13256,0.0337,0.03,0.0462,0.129,0.0862,0.1526,3.052,2.762,2.794,20.25,95.97,51.27,0.009,0.0055,0.012,16000,1024,76.14,0.8085,0.1289,0.0509,0.0117
2026-08-26T09:42:28.451+02:00,1000,1024,1024,1053,252,1397,21,13285,0.0332,0.0365,0.2522,0.1223,0.2053,2.2411,2.968,12.077,54.357,63.88,33.48,47.07,0.0086,0.0087,0.0585,16000,1024,296.56,0.96,0.0266,0.0112,0.0022
2026-08-26T09:42:58.466+02:00,1000,1024,1038,1067,252,1398,24,13309,0.471,0.0386,0.2603,10.6233,0.2083,2.241,505.27,11.899,50.771,129.9,27.29,208.82,0.0437,0.0084,0.0465,16000,1024,193.18,0.9532,0.0263,0.0182,0.0023
2026-08-26T09:43:58.452+02:00,1000,1024,1024,1053,253,1401,16,13330,0.0336,0.0307,0.1549,0.1169,0.2067,1.9489,3.058,8.233,122.396,123.31,12.9,94.4,0.0077,0.0079,0.031,16000,1024,266.34,0.9801,0.0117,0.0064,0.0018
2026-08-26T09:44:28.453+02:00,1000,1024,1024,1053,253,1402,13,13343,0.0348,0.0315,0.2146,0.2236,0.2068,2.2435,5.774,10.954,80.368,41.57,103.3,347.71,0.0074,0.0066,0.0401,16000,1024,158.4,0.9519,0.0276,0.0168,0.0037
2026-08-26T09:44:58.454+02:00,1000,1024,1024,1053,253,1403,3,13346,0.3342,0.0519,0.3495,10.6349,0.2006,2.1898,1001.244,10.11,20.023,103.48,375.06,312.51,0.0244,0.0119,0.0977,16000,1024,267.13,0.9754,0.0174,0.0048,0.0023
2026-08-26T09:45:28.454+02:00,1000,1024,1024,1053,253,1405,3,13349,0.0336,0.0302,0.0982,0.1264,0.2098,1.9536,2.845,7.097,306.013,5.12,8.95,119.28,0.0069,0.0062,0.0121,16000,1024,329.06,0.9471,0.0272,0.0233,0.0024
2026-08-26T09:45:58.455+02:00,1000,1024,1024,1053,253,1406,7,13356,0.3343,0.0336,0.1957,10.6342,0.2091,2.0431,1000.424,12.87,91.96,8.77,47.11,139.68,0.0452,0.0075,0.0552,16000,1024,818.71,0.9959,0.0028,0.0011,0.0002
2026-08-26T09:47:58.456+02:00,1000,1024,1024,1053,256,1410,5,13407,0.0336,0.032,0.1403,0.2223,0.2112,1.9456,4.542,6.276,162.544,193.04,90.24,24.21,0.0083,0.0059,0.024,16000,1024,364.87,0.9829,0.0102,0.0052,0.0016
2026-08-26T09:48:28.457+02:00,1000,1024,1024,1053,256,1411,9,13416,0.0334,0.0299,0.0912,0.0995,0.2137,1.9499,2.678,5.019,306.542,16.03,69.67,18.55,0.0096,0.0076,0.0147,16000,1024,391.5,0.977,0.0067,0.0141,0.0022
2026-08-26T09:48:58.457+02:00,1000,1024,1024,1053,256,1412,10,13426,0.4713,0.0479,0.3137,10.6251,0.2071,1.8929,504.375,11.734,26.824,127.74,312.52,312.68,0.0562,0.0115,0.0986,16000,1024,97.62,0.882,0.0442,0.0651,0.0086
2026-08-26T09:49:28.457+02:00,1000,1024,1024,1053,256,1413,18,13444,0.0335,0.032,0.194,0.0948,0.2121,2.2328,2.979,9.831,92.885,8.01,15.3,214.83,0.0081,0.0076,0.0432,16000,1024,305.51,0.9568,0.0303,0.0104,0.0026
2026-08-26T09:49:58.457+02:00,1000,1024,1024,1053,256,1414,3,13447,0.0343,0.0305,0.0979,0.2245,0.2104,2.2526,4.555,5.009,349.664,158.36,128.03,6.61,0.0079,0.0074,0.018,16000,1024,352.25,0.9586,0.0255,0.0142,0.0017
2026-08-26T09:50:28.462+02:00,1000,1024,1025,1054,256,1416,21,13468,0.0311,0.0353,0.2243,0.1037,0.2105,2.2285,3.153,13.584,67.305,35.54,158.15,262.47,0.008,0.0069,0.0469,16000,1024,92.61,0.9375,0.0201,0.036,0.0063
2026-08-26T09:50:58.474+02:00,1000,1024,1040,1070,256,1417,9,13477,0.0336,0.0306,0.1872,0.2252,0.2109,2.2327,6.341,6.992,101.711,101.71,124.99,13.59,0.0069,0.0069,0.018,16000,1024,185.48,0.9599,0.0232,0.0146,0.0023
2026-08-26T09:51:28.458+02:00,1000,1024,1024,1053,256,1418,2,13479,0.0325,0.0302,0.067,0.1109,0.2124,1.6328,3.084,5.283,345.328,64.38,96.08,46.62,0.0089,0.0068,0.0142,16000,1024,244.75,0.9749,0.0133,0.0088,0.003
2026-08-26T09:51:58.475+02:00,1000,1024,1039,1069,256,1419,20,13499,0.033,0.0342,0.1737,0.115,0.2119,1.9319,3.027,10.343,111.974,33.2,72.12,246.62,0.0085,0.0075,0.0418,16000,1024,120.27,0.9223,0.0491,0.0234,0.0053
2026-08-26T09:52:28.463+02:00,1000,1024,1024,1053,256,1421,8,13507,0.0347,0.2614,0.5994,0.109,4.9941,9.0201,2.834,331.556,201.134,129.58,72.14,82.16,0.0087,0.0349,0.1197,16000,1024,369.77,0.9788,0.0079,0.0112,0.0021
2026-08-26T09:52:58.460+02:00,1000,1024,1024,1053,256,1421,3,13510,0.0329,0.0289,0.2767,0.1335,0.0914,8.742,3.28,2.602,972.572,134.94,31.69,2.3,0.0079,0.0079,0.0132,16000,1024,295.64,0.9613,0.0192,0.0158,0.0037
2026-08-26T09:53:58.747+02:00,1000,1024,1024,1053,257,1424,22,13535,0.3341,0.0361,0.22,10.6348,0.2107,1.9133,1003.076,11.576,66.792,6.68,15.32,59.7,0.0396,0.0081,0.0415,16000,1024,115.39,0.8197,0.1162,0.0501,0.0141
2026-08-26T09:54:28.760+02:00,1000,1024,1036,1066,257,1424,18,13553,0.0347,0.0338,0.2171,0.2244,0.2138,2.2219,4.537,12.451,72.695,46.12,59.58,199.17,0.009,0.009,0.0475,16000,1024,106.56,0.8601,0.0553,0.0723,0.0123
2026-08-26T09:54:58.750+02:00,1000,1024,1024,1053,257,1424,4,13557,0.3341,0.0341,0.1385,10.634,0.2159,1.9302,1001.785,9.677,165.656,74.03,2.76,13.67,0.0279,0.0065,0.0186,16000,1024,234.64,0.937,0.0439,0.0141,0.005
2026-08-26T09:55:28.748+02:00,1000,1024,1024,1053,257,1424,1,13558,0.035,0.0301,0.0431,0.1325,0.1019,0.1337,3.298,2.989,2.941,51.8,57.46,78.22,0.0098,0.0066,0.0106,16000,1024,344.87,0.9772,0.0111,0.01,0.0017
2026-08-26T09:55:58.748+02:00,1000,1024,1024,1053,257,1424,16,13574,0.0327,0.0304,0.1595,0.0997,0.2135,2.2304,3.003,9.443,129.943,15.74,110.13,74.41,0.0099,0.0088,0.0271,16000,1024,352.2,0.9848,0.0086,0.0052,0.0015
2026-08-26T09:56:58.749+02:00,1000,1024,1024,1053,258,1427,1,13586,0.0332,0.0322,0.12,0.1149,0.2141,1.9236,2.999,9.646,192.964,34.09,240.52,111.01,0.0079,0.0068,0.0186,16000,1024,331.64,0.9803,0.0074,0.0104,0.0019
2026-08-26T09:57:58.754+02:00,1000,1024,1024,1053,259,1430,10,13597,0.0333,0.0343,0.202,0.1065,0.2134,1.9143,2.969,15.801,82.524,39.39,134.51,10.77,0.0075,0.009,0.0362,16000,1024,702.12,0.9772,0.0137,0.0081,0.001
2026-08-26T09:59:28.753+02:00,1000,1024,1024,1053,261,1434,13,13616,0.3341,0.0352,0.1798,10.6321,0.2158,1.916,1001.507,12.327,100.395,44.04,49.22,232.88,0.0087,0.0083,0.0377,16000,1024,200.98,0.9596,0.0243,0.0117,0.0043
2026-08-26T10:00:58.907+02:00,1000,1024,1024,1053,263,1439,0,13630,0.0332,0.0317,0.1187,0.2245,0.2159,2.2296,4.635,6.648,256.066,65.25,44.75,27.26,0.0067,0.0074,0.0164,16000,1024,119.58,0.8613,0.1159,0.0186,0.0041
2026-08-26T10:01:28.911+02:00,1000,1024,1024,1053,263,1439,1,13631,0.0322,0.0334,0.1282,0.1043,0.2125,1.9184,3.034,8.57,195.366,28.37,159.87,4.98,0.0068,0.0069,0.025,16000,1024,344.01,0.9747,0.0121,0.0113,0.002
2026-08-26T10:01:58.908+02:00,1000,1024,1024,1053,263,1441,3,13634,0.0342,0.0305,0.0959,0.2264,0.2146,1.9188,4.619,5.278,313.267,28.92,26.03,31.64,0.0071,0.0062,0.0134,16000,1024,204.32,0.9868,0.0071,0.0045,0.0016
2026-08-26T10:02:28.910+02:00,1000,1024,1024,1053,263,1442,6,13640,0.0337,0.0306,0.1139,0.1053,0.2161,1.9227,3.204,9.516,238.127,99.54,20.09,97.85,0.0068,0.0089,0.0232,16000,1024,123.03,0.8545,0.0522,0.0869,0.0064
2026-08-26T10:02:58.908+02:00,1000,1024,1024,1053,263,1442,0,13640,0.0334,0.03,0.0948,0.1193,0.2161,1.9204,2.972,5.207,329.469,135.33,47.78,128.23,0.0085,0.0067,0.0091,16000,1024,531.06,0.9869,0.0081,0.0043,0.0007
2026-08-26T10:03:28.909+02:00,1000,1024,1024,1053,263,1442,0,13640,0.032,0.029,0.0452,0.0988,0.1135,0.1705,2.781,3.101,2.986,148.38,66.69,130.02,0.0071,0.0074,0.0106,16000,1024,139.18,0.9626,0.017,0.0162,0.0042
2026-08-26T10:03:58.909+02:00,1000,1024,1024,1053,263,1443,2,13642,0.0341,0.0339,0.1276,0.1099,0.2156,1.9119,2.755,8.395,196.994,144.66,19.92,9.46,0.0072,0.0087,0.0245,16000,1024,248.98,0.9722,0.0139,0.0124,0.0014
2026-08-26T10:04:28.910+02:00,1000,1024,1024,1053,263,1444,16,13658,0.0347,0.037,0.2434,0.1376,0.2168,1.8918,3.064,12.842,55.045,64.19,2.36,201.69,0.0089,0.0076,0.0451,16000,1024,221.1,0.9781,0.011,0.0086,0.0022
2026-08-26T10:04:58.912+02:00,1000,1024,1024,1053,263,1444,18,13676,0.3342,0.0374,0.2314,10.6361,0.2151,2.1975,1001.586,12.743,59.946,16.46,36.78,411.94,0.0382,0.0101,0.0514,16000,1024,393.79,0.9139,0.0349,0.0471,0.0041
2026-08-26T10:05:28.909+02:00,1000,1024,1024,1053,263,1444,1,13677,0.0332,0.0298,0.1294,0.1044,0.216,2.0717,2.89,7.692,204.062,48.72,34.16,150.42,0.0081,0.0058,0.0172,16000,1024,408.8,0.9901,0.0055,0.0035,0.0009
2026-08-26T10:05:58.918+02:00,1000,1024,1031,1061,263,1444,34,13711,0.0336,0.0366,0.2434,0.2239,0.2105,2.1929,4.569,12.024,53.901,6.06,66.2,124.09,0.0086,0.0099,0.0552,16000,1024,190.59,0.973,0.0111,0.0144,0.0015
2026-08-26T10:06:28.933+02:00,1000,1024,1046,1076,263,1445,34,13745,0.0331,0.0361,0.2407,0.2234,0.2157,1.8811,4.923,13.411,50.711,19.28,7.38,37.44,0.0083,0.0096,0.0549,16000,1024,266.62,0.9774,0.0164,0.0044,0.0019
2026-08-26T10:06:58.911+02:00,1000,1024,1024,1053,263,1445,0,13745,0.0324,0.0315,0.095,0.096,0.2149,1.9176,2.746,6.739,324.629,55.79,30.55,96.46,0.0093,0.0069,0.0189,16000,1024,227.53,0.8937,0.0449,0.0518,0.0097
2026-08-26T10:07:28.934+02:00,1000,1024,1047,1077,263,1445,15,13760,0.0329,0.0342,0.1992,0.1012,0.2178,2.1998,2.988,12.776,73.556,11.01,9.05,498.13,0.0072,0.0087,0.0354,16000,1024,139.82,0.9374,0.0343,0.0222,0.0061
2026-08-26T10:07:58.911+02:00,1000,1024,1024,1053,263,1446,6,13766,0.033,0.0318,0.1148,0.1313,0.2176,1.9121,3.085,8.679,186.782,147.77,125.67,16.47,0.0097,0.0063,0.0164,16000,1024,453.47,0.9621,0.0168,0.0196,0.0015
2026-08-26T10:08:28.912+02:00,1000,1024,1024,1053,263,1446,6,13772,0.0325,0.0743,0.6126,0.102,0.1925,1.7125,2.632,5.156,6.64,127.88,160.31,90.65,0.0085,0.0149,0.1335,16000,1024,156.65,0.9272,0.0365,0.0261,0.0102
2026-08-26T10:09:28.938+02:00,1000,1024,1048,1077,264,1451,20,13796,0.0321,0.035,0.212,0.1015,0.2158,2.198,2.901,12.966,72.88,41.36,60.79,236.59,0.0079,0.008,0.039,16000,1024,245.3,0.9677,0.0144,0.0158,0.0022
2026-08-26T10:09:58.913+02:00,1000,1024,1024,1053,264,1451,4,13800,0.0321,0.0303,0.0431,0.118,0.0961,0.1597,2.97,2.933,2.957,108.2,86.47,73.02,0.0071,0.0062,0.0091,16000,1024,457.88,0.9897,0.0065,0.0032,0.0006
2026-08-26T10:10:28.933+02:00,1000,1024,1040,1069,264,1451,4,13804,0.0318,0.0288,0.0445,0.1286,0.1031,0.1428,3.132,2.918,3.038,127.6,85.14,4.0,0.0083,0.0067,0.0117,16000,1024,220.82,0.8621,0.0779,0.0549,0.0051
2026-08-26T10:10:58.915+02:00,1000,1024,1024,1053,264,1451,35,13839,0.0364,0.0347,0.2182,0.2249,0.2191,2.186,5.445,12.385,70.671,46.29,33.33,420.04,0.008,0.0074,0.0309,16000,1024,336.38,0.9479,0.0441,0.0066,0.0013
2026-08-26T10:11:28.915+02:00,1000,1024,1024,1053,264,1452,6,13845,0.3341,0.0325,0.1385,10.633,0.2186,1.9047,1001.856,8.131,138.994,18.64,43.01,36.19,0.0298,0.0091,0.0231,16000,1024,426.14,0.9299,0.0497,0.0184,0.002
2026-08-26T10:11:58.915+02:00,1000,1024,1024,1053,264,1452,0,13845,0.334,0.0293,0.0837,10.6324,0.2177,1.6008,1002.279,5.907,261.735,20.29,37.86,122.69,0.0129,0.0065,0.0132,16000,1024,140.91,0.9378,0.0291,0.0299,0.0032
2026-08-26T10:12:28.916+02:00,1000,1024,1024,1053,264,1453,1,13846,0.0342,0.0319,0.1533,0.2205,0.2174,2.2112,4.143,10.544,146.73,38.22,147.27,157.42,0.0085,0.0066,0.0284,16000,1024,1483.35,0.9781,0.0162,0.0045,0.0011
2026-08-26T10:15:28.918+02:00,1000,1024,1024,1053,269,1461,1,13922,0.0316,0.0342,0.163,0.1021,0.2177,1.8956,2.912,12.778,124.85,13.72,190.49,116.95,0.0065,0.0065,0.0216,16000,1024,122.26,0.9086,0.0534,0.0321,0.0059
2026-08-26T10:16:58.927+02:00,1000,1024,1031,1061,271,1462,11,13938,0.334,0.035,0.2056,10.6293,0.2174,2.192,1001.443,13.003,77.977,30.72,21.34,1.46,0.043,0.0079,0.0438,16000,1024,410.38,0.989,0.0075,0.0033,0.0003
2026-08-26T10:17:28.953+02:00,1000,1024,1058,1088,271,1462,37,13975,0.0356,0.0364,0.25,0.2241,0.2185,2.1164,5.379,13.822,48.63,38.93,41.34,278.65,0.0114,0.0082,0.046,16000,1024,511.25,0.9652,0.0162,0.0178,0.0009
2026-08-26T10:17:58.919+02:00,1000,1024,1024,1053,271,1463,2,13977,0.0321,0.0293,0.0882,0.1076,0.0982,1.8972,2.926,2.828,312.083,61.41,11.88,77.45,0.0097,0.007,0.0183,16000,1024,345.46,0.9795,0.0106,0.009,0.0008
2026-08-26T10:19:28.988+02:00,1000,1024,1090,1120,273,1465,36,14043,0.0321,0.0351,0.2039,0.1211,0.2176,1.8697,3.227,12.896,66.747,146.78,56.27,67.36,0.0083,0.0112,0.0475,16000,1024,218.97,0.9582,0.0267,0.0126,0.0026
2026-08-26T10:19:58.926+02:00,1000,1024,1024,1053,273,1466,18,14061,0.0678,0.0639,0.3952,0.1981,0.4431,3.7464,2.71,9.038,68.71,53.52,36.9,458.07,0.0201,0.0147,0.0758,16000,1024,341.37,0.9701,0.0208,0.0072,0.0018
2026-08-26T10:20:28.922+02:00,1000,1024,1024,1053,273,1467,8,14069,1.6542,0.2043,0.2092,2.509,0.3941,2.1876,1.488,1.582,64.461,49.23,49.21,49.19,2.3259,0.2707,0.0881,16000,1024,277.21,0.7809,0.1638,0.0323,0.0229
2026-08-26T10:20:58.921+02:00,1000,1024,1024,1053,273,1468,6,14075,1.3315,0.2071,0.1097,2.0663,0.3964,1.8939,1.565,1.628,174.149,49.17,49.17,49.18,1.3735,0.2125,0.0562,16000,1024,309.83,0.6303,0.3415,0.0144,0.0138
2026-08-26T10:21:28.923+02:00,1000,1024,1024,1053,273,1468,8,14083,1.3102,0.216,0.1827,2.0143,0.3993,2.1879,1.551,1.675,91.397,49.34,49.35,115.09,1.555,0.2497,0.045,16000,1024,367.82,0.5078,0.4636,0.0221,0.0065
2026-08-26T10:23:28.924+02:00,1000,1024,1024,1053,276,1471,8,14119,1.3294,0.2154,0.1722,2.016,0.4039,1.887,1.543,1.652,98.319,49.46,49.45,49.55,1.2606,0.2002,0.0354,16000,1024,370.38,0.3626,0.6242,0.0087,0.0045
2026-08-26T10:23:58.926+02:00,1000,1024,1024,1053,276,1472,0,14119,1.3555,0.2122,0.1844,2.8286,0.3868,2.1932,1.564,1.667,92.082,49.39,49.38,49.45,1.9742,0.3045,0.0627,16000,1024,335.3,0.559,0.4122,0.0207,0.0081
2026-08-26T10:24:28.923+02:00,1000,1024,1024,1053,276,1474,6,14125,1.3554,0.2137,0.1082,2.0499,0.4075,1.5926,1.559,1.647,137.736,49.34,49.36,49.15,1.5325,0.2348,0.045,16000,1024,723.43,0.9027,0.0881,0.0069,0.0023
2026-08-26T10:24:58.924+02:00,1000,1024,1024,1053,276,1475,0,14125,1.3966,0.2098,0.1346,2.1029,0.3946,1.9027,1.551,1.679,116.115,49.34,49.35,49.24,2.0447,0.2995,0.0572,16000,1024,712.65,0.8877,0.1071,0.0036,0.0015
2026-08-26T10:25:28.937+02:00,1000,1024,1033,1063,276,1475,20,14145,1.5139,0.2056,0.2239,14.3309,0.394,2.1922,10.509,1.689,57.622,49.26,49.3,48.92,1.4854,0.2073,0.0468,16000,1024,421.15,0.7367,0.2426,0.0153,0.0054
2026-08-26T10:25:58.945+02:00,1000,1024,1043,1073,276,1476,18,14163,1.505,0.2057,0.189,9.3529,0.3932,2.1995,2.892,1.646,76.238,49.27,49.27,45.88,1.3964,0.1909,0.0426,16000,1024,398.81,0.7923,0.1917,0.0125,0.0035
2026-08-26T10:26:58.927+02:00,1000,1024,1024,1053,277,1477,1,14165,1.5356,0.2009,0.4243,3.4159,0.3865,2.1357,1.632,1.672,19.698,49.26,49.26,125.0,2.1096,0.2694,0.0861,16000,1024,380.69,0.6775,0.2964,0.0209,0.0051
2026-08-26T10:27:28.935+02:00,1000,1024,1031,1061,277,1477,19,14184,1.6459,0.2004,0.2195,14.3284,0.4039,2.2051,11.48,1.683,63.341,49.09,49.12,49.29,1.144,0.1504,0.0516,16000,1024,347.65,0.649,0.3282,0.0128,0.01
2026-08-26T10:28:28.932+02:00,1000,1024,1029,1058,278,1479,1,14190,1.5412,0.1976,0.0785,2.3049,0.3686,0.2181,1.556,1.613,2.565,49.25,49.25,49.26,2.2448,0.28,0.0873,16000,1024,485.08,0.6932,0.2884,0.0111,0.0074
2026-08-26T10:28:58.928+02:00,1000,1024,1024,1053,278,1480,12,14202,1.544,0.1948,0.1565,2.3468,0.3415,1.9143,1.555,1.62,98.059,49.24,49.24,49.23,1.6044,0.2023,0.0493,16000,1024,737.39,0.8874,0.1077,0.0025,0.0025
2026-08-26T10:29:28.929+02:00,1000,1024,1024,1053,278,1480,7,14209,1.5796,0.1962,0.1888,6.906,0.3919,2.2207,1.838,1.578,85.663,49.07,49.09,48.75,1.6356,0.206,0.0552,16000,1024,443.5,0.4894,0.4947,0.0116,0.0043
2026-08-26T10:29:58.928+02:00,1000,1024,1024,1053,278,1480,2,14211,1.5218,0.1931,0.1913,6.3275,0.3672,2.2204,1.801,1.592,84.154,49.17,49.18,49.26,2.0972,0.2562,0.0757,16000,1024,466.76,0.8531,0.1278,0.0116,0.0074
2026-08-26T10:30:58.929+02:00,1000,1024,1024,1054,279,1483,6,14246,1.5623,0.1917,0.1416,2.3708,0.399,1.9296,1.558,1.648,117.972,49.2,49.21,49.18,1.9805,0.2362,0.0713,16000,1024,701.43,0.8661,0.1245,0.0063,0.0031
2026-08-26T10:31:28.932+02:00,1000,1024,1024,1053,279,1483,0,14246,1.5672,0.191,0.1303,2.3689,0.3733,1.9307,1.55,1.596,141.481,49.08,49.08,49.04,2.2176,0.267,0.0858,16000,1024,461.03,0.623,0.3605,0.011,0.0055
2026-08-26T10:31:58.945+02:00,1000,1024,1039,1068,279,1483,21,14267,1.64,0.1902,0.2417,12.0857,0.3993,1.8976,4.327,1.704,46.104,49.13,49.1,48.89,1.6613,0.1944,0.0668,16000,1024,368.07,0.7349,0.247,0.012,0.0061
2026-08-26T10:32:28.955+02:00,1000,1024,1049,1079,279,1483,19,14286,1.5896,0.1921,0.151,2.6391,0.3833,1.9387,1.619,1.609,106.547,49.22,49.27,49.24,1.6277,0.1851,0.0612,16000,1024,511.92,0.7694,0.207,0.0128,0.0108
2026-08-26T10:32:58.932+02:00,1000,1024,1024,1053,279,1483,14,14300,1.6093,0.1913,0.1464,2.5043,0.4021,1.9318,1.552,1.603,103.868,49.25,49.24,49.33,1.4734,0.1749,0.0522,16000,1024,576.99,0.7575,0.2222,0.0145,0.0058
2026-08-26T10:33:28.932+02:00,1000,1024,1024,1053,279,1484,6,14306,1.6207,0.1908,0.1213,2.4742,0.3674,2.0351,1.567,1.595,143.019,49.11,49.14,49.14,2.001,0.231,0.0799,16000,1024,389.18,0.6758,0.3061,0.0122,0.0059
2026-08-26T10:33:58.930+02:00,1000,1024,1024,1053,279,1484,3,14309,1.6266,0.1907,0.1163,2.4983,0.393,1.9458,1.558,1.61,153.696,49.17,49.16,49.21,2.0398,0.2258,0.0863,16000,1024,470.34,0.7944,0.1906,0.0115,0.0035
2026-08-26T10:34:28.957+02:00,1000,1024,1045,1075,279,1484,34,14343,1.7224,0.1926,0.2882,12.4,0.3619,2.2146,4.024,1.591,35.108,32.12,32.03,172.93,0.8177,0.0904,0.0566,16000,1024,870.24,0.9036,0.087,0.0062,0.0032
2026-08-26T10:34:58.933+02:00,1000,1024,1024,1053,279,1484,7,14350,1.6809,0.1892,0.1462,2.5182,0.3981,1.9401,1.548,1.649,106.471,49.0,48.99,48.98,2.1333,0.2361,0.0851,16000,1024,424.54,0.7034,0.2802,0.012,0.0044
2026-08-26T10:35:28.932+02:00,1000,1024,1024,1053,279,1484,4,14354,1.7464,0.1892,0.1635,7.6889,0.4051,1.9417,1.869,1.645,87.63,49.2,49.2,49.29,2.2771,0.2392,0.096,16000,1024,520.84,0.5776,0.402,0.0154,0.0051
2026-08-26T10:35:58.932+02:00,1000,1024,1024,1053,279,1486,0,14354,1.7042,0.1888,0.1236,2.5525,0.3486,1.9528,1.548,1.611,122.089,49.19,49.19,49.21,2.4561,0.2649,0.104,16000,1024,694.6,0.892,0.0948,0.0084,0.0048
2026-08-26T10:36:28.932+02:00,1000,1024,1024,1053,279,1487,16,14370,1.7674,0.1912,0.2085,6.9711,0.4047,2.0424,1.734,1.625,67.951,49.13,49.45,18.79,0.9739,0.0931,0.0709,16000,1024,1776.53,0.9329,0.0598,0.0056,0.0017
2026-08-26T10:36:58.933+02:00,1000,1024,1024,1053,279,1488,0,14370,1.7706,0.1923,0.106,2.6959,0.406,1.9581,1.541,1.613,114.915,49.1,49.1,49.11,2.5107,0.2666,0.0958,16000,1024,772.33,0.9065,0.0872,0.0044,0.0018
2026-08-26T10:37:28.943+02:00,1000,1024,1033,1063,279,1489,11,14381,1.7894,0.1935,0.1938,2.6692,0.4007,1.9455,1.527,1.614,74.429,48.93,48.98,99.86,1.248,0.13,0.0501,16000,1024,598.57,0.8022,0.1835,0.0119,0.0024
2026-08-26T10:38:28.935+02:00,1000,1024,1024,1053,280,1490,2,14414,1.8404,0.1874,0.0952,2.7957,0.3762,0.2711,1.538,1.662,2.293,49.18,49.17,49.18,2.5298,0.2519,0.1108,16000,1024,516.51,0.7197,0.2561,0.0192,0.005
2026-08-26T10:38:58.936+02:00,1000,1024,1024,1053,280,1490,2,14416,1.8348,0.1865,0.146,2.8942,0.4011,1.9571,1.544,1.663,95.36,49.2,49.2,49.24,2.5866,0.2555,0.1058,16000,1024,874.66,0.8617,0.13,0.006,0.0023
2026-08-26T10:39:28.935+02:00,1000,1024,1024,1053,280,1491,2,14418,1.8688,0.1875,0.1871,5.0718,0.4027,2.2623,1.63,1.609,73.589,49.13,49.12,49.15,2.4023,0.235,0.1043,16000,1024,526.59,0.732,0.2537,0.0094,0.005
2026-08-26T10:40:28.936+02:00,1000,1024,1024,1053,281,1495,4,14423,1.8691,0.1833,0.1672,2.7726,0.4063,1.9601,1.541,1.624,92.456,49.16,49.16,49.11,2.3669,0.2289,0.0949,16000,1024,450.45,0.702,0.279,0.0132,0.0058
2026-08-26T10:40:58.937+02:00,1000,1024,1024,1053,281,1495,2,14425,1.8837,0.1832,0.1126,2.8714,0.3782,1.6587,1.544,1.67,47.463,49.15,49.14,49.11,2.6008,0.2452,0.1169,16000,1024,537.4,0.667,0.3222,0.0083,0.0025
2026-08-26T10:41:28.960+02:00,1000,1024,1047,1077,281,1495,9,14434,1.922,0.183,0.1697,2.8374,0.3562,1.9588,1.516,1.602,78.57,49.1,49.1,49.12,2.1349,0.2051,0.1054,16000,1024,507.02,0.7315,0.2543,0.0119,0.0023
2026-08-26T10:41:58.939+02:00,1000,1024,1024,1053,281,1495,0,14434,1.9287,0.2005,0.6352,2.868,0.4059,1.7624,1.536,1.89,6.588,49.13,49.12,62.36,2.7601,0.264,0.1787,16000,1024,716.27,0.797,0.1945,0.0067,0.0018
2026-08-26T10:42:28.938+02:00,1000,1024,1024,1053,281,1495,0,14434,1.9309,0.1846,0.163,2.8457,0.3639,1.9698,1.54,1.669,73.936,49.11,49.11,49.16,2.7515,0.2583,0.1294,16000,1024,477.28,0.7784,0.2062,0.0126,0.0029
2026-08-26T10:42:58.938+02:00,1000,1024,1024,1053,281,1496,13,14447,1.9052,0.1831,0.1307,2.9548,0.3523,1.9731,1.559,1.663,102.17,48.96,48.98,49.04,1.7269,0.1602,0.0718,16000,1024,504.05,0.6247,0.3591,0.0122,0.004
2026-08-26T10:44:28.939+02:00,1000,1024,1024,1053,283,1497,18,14476,1.9412,0.182,0.2436,8.2465,0.4122,2.2568,1.82,1.708,51.382,25.48,25.73,258.97,0.7729,0.0765,0.0578,16000,1024,500.87,0.7568,0.2332,0.007,0.003
2026-08-26T10:44:58.940+02:00,1000,1024,1024,1053,283,1497,25,14501,1.9489,0.1797,0.2127,3.2011,0.4285,2.2605,1.585,1.738,61.008,48.94,48.91,48.86,1.4806,0.1256,0.0664,16000,1024,670.26,0.7023,0.2832,0.011,0.0036
2026-08-26T10:45:28.940+02:00,1000,1024,1024,1053,283,1498,21,14522,1.9478,0.1834,0.2102,2.991,0.4068,2.2785,1.551,1.625,70.31,49.16,49.21,49.08,1.7031,0.1554,0.068,16000,1024,514.2,0.7127,0.2722,0.0106,0.0046
2026-08-26T10:45:58.940+02:00,1000,1024,1024,1053,283,1499,16,14538,1.9355,0.1792,0.1833,4.542,0.3399,1.9712,1.576,1.651,72.136,49.15,49.17,49.08,1.7325,0.1501,0.0765,16000,1024,936.59,0.951,0.0449,0.0029,0.0012
2026-08-26T10:46:58.941+02:00,1000,1024,1024,1053,284,1499,3,14575,1.9477,0.1799,0.113,2.9954,0.3591,1.6741,1.552,1.665,48.5,49.11,49.11,49.11,2.7109,0.2423,0.1171,16000,1024,462.9,0.7781,0.2013,0.0162,0.0044
2026-08-26T10:47:28.943+02:00,1000,1024,1024,1053,284,1499,20,14595,1.9873,0.1814,0.2698,2.9938,0.4143,2.2638,1.525,1.674,44.885,49.2,49.19,163.96,1.441,0.1397,0.0589,16000,1024,491.09,0.6437,0.335,0.0138,0.0075
2026-08-26T10:47:58.959+02:00,1000,1024,1041,1071,284,1500,36,14631,1.9382,0.1847,0.2833,5.5858,0.4156,1.9593,1.664,1.684,34.95,14.26,14.18,47.01,1.0281,0.1052,0.0717,16000,1024,1642.71,0.9356,0.0607,0.0031,0.0006
2026-08-26T10:48:28.943+02:00,1000,1024,1024,1053,284,1501,1,14632,1.9898,0.1801,0.1292,10.0064,0.356,1.6859,2.094,1.676,57.628,49.1,49.1,49.09,2.8126,0.2492,0.131,16000,1024,694.43,0.7907,0.1725,0.0301,0.0066
2026-08-26T10:48:58.946+02:00,1000,1024,1026,1055,284,1501,35,14667,2.0237,0.1836,0.2084,3.0384,0.4097,1.9841,1.531,1.667,54.068,49.09,49.09,49.17,1.2361,0.1178,0.0625,16000,1024,727.67,0.7697,0.2185,0.0095,0.0023
2026-08-26T10:49:28.943+02:00,1000,1024,1024,1053,284,1502,0,14667,2.0543,0.2042,0.6512,3.015,0.4114,1.7794,1.532,1.917,6.367,49.14,49.15,62.31,2.9404,0.2708,0.1633,16000,1024,486.69,0.6851,0.2982,0.0133,0.0034
2026-08-26T10:49:58.944+02:00,1000,1024,1024,1053,284,1504,1,14668,2.0105,0.1803,0.1206,2.9965,0.4114,2.0013,1.54,1.658,75.251,49.12,49.11,49.08,2.8704,0.2492,0.1221,16000,1024,500.86,0.6497,0.3296,0.0167,0.004
2026-08-26T10:50:28.946+02:00,1000,1024,1024,1053,284,1505,0,14668,2.0417,0.1798,0.1658,3.0147,0.3373,1.9965,1.539,1.667,82.545,49.11,49.11,49.06,2.9176,0.2499,0.1361,16000,1024,680.85,0.8687,0.126,0.0043,0.001
2026-08-26T10:51:58.945+02:00,1000,1024,1024,1053,286,1507,9,14681,0.0343,0.0306,0.1328,0.2191,0.1991,1.9972,4.322,6.081,199.847,27.41,41.4,111.94,0.0098,0.0077,0.0243,16000,1024,538.33,0.8639,0.1287,0.0066,0.0008
2026-08-26T10:52:28.961+02:00,1000,1024,1032,1062,286,1508,37,14718,0.0355,0.037,0.2534,0.2183,0.2009,1.9629,4.588,10.029,51.117,76.22,159.02,3.82,0.0095,0.0095,0.0482,16000,1024,367.92,0.9572,0.0314,0.01,0.0014
2026-08-26T10:52:58.945+02:00,1000,1024,1024,1053,286,1510,9,14727,0.0334,0.0319,0.1391,0.1075,0.2061,1.9923,3.025,8.842,165.24,49.97,111.47,123.74,0.0114,0.0061,0.0184,16000,1024,252.21,0.8413,0.1543,0.0032,0.0012
2026-08-26T10:53:28.945+02:00,1000,1024,1024,1053,286,1510,0,14727,0.0327,0.0732,0.6862,0.1025,0.1737,1.747,2.899,4.351,5.535,130.99,62.74,62.73,0.008,0.0221,0.2304,16000,1024,356.74,0.9328,0.0595,0.0063,0.0014
2026-08-26T10:53:58.945+02:00,1000,1024,1024,1053,286,1510,14,14741,0.0332,0.034,0.193,0.2187,0.1992,2.2878,4.67,7.874,101.079,62.4,45.98,97.5,0.0089,0.0087,0.0384,16000,1024,545.77,0.9831,0.0112,0.0041,0.0016
2026-08-26T10:54:28.946+02:00,1000,1024,1024,1053,286,1510,8,14749,0.0329,0.0317,0.1288,0.2203,0.2009,2.2974,4.475,4.447,211.52,38.81,36.0,7.71,0.0075,0.0063,0.029,16000,1024,417.78,0.9694,0.0213,0.0075,0.0018
2026-08-26T10:54:58.946+02:00,1000,1024,1024,1053,286,1511,4,14753,0.0353,0.0317,0.159,0.1277,0.2022,1.9865,3.213,10.225,142.529,70.97,65.09,211.57,0.0087,0.0082,0.0322,16000,1024,151.48,0.9687,0.0123,0.0139,0.0052
2026-08-26T10:55:28.948+02:00,1000,1024,1024,1053,286,1511,4,14757,0.0326,0.032,0.1244,0.105,0.202,1.9943,2.789,6.652,194.994,45.52,34.26,115.28,0.008,0.0073,0.0232,16000,1024,444.87,0.9514,0.0322,0.015,0.0014
2026-08-26T10:55:58.983+02:00,1000,1024,1052,1082,286,1511,25,14782,0.3342,0.0356,0.2635,10.6338,0.2042,2.2719,1001.197,11.155,53.989,119.39,123.02,50.52,0.0465,0.0073,0.0423,16000,1024,424.27,0.9905,0.0045,0.0043,0.0007
2026-08-26T10:56:28.948+02:00,1000,1024,1024,1053,286,1511,4,14786,0.0319,0.0322,0.0986,0.119,0.2001,1.9851,3.12,5.442,321.318,77.58,122.97,52.72,0.0071,0.0077,0.0114,16000,1024,1176.97,0.9934,0.0046,0.0018,0.0003
2026-08-26T10:56:58.949+02:00,1000,1024,1024,1053,286,1512,0,14786,0.0313,0.0288,0.2844,0.0969,0.1139,1.9426,2.981,3.27,41.47,39.15,59.46,1.93,0.0063,0.0066,0.0661,16000,1024,1038.79,0.9957,0.0023,0.0017,0.0003
2026-08-26T10:57:28.954+02:00,1000,1024,1030,1059,286,1512,33,14819,0.0354,0.0396,0.2902,0.1197,0.2042,2.2458,3.121,11.038,39.587,70.05,152.99,145.48,0.01,0.0097,0.0634,16000,1024,1020.8,0.998,0.0014,0.0004,0.0002
2026-08-26T10:57:58.976+02:00,1000,1024,1051,1081,286,1513,7,14826,0.0319,0.0318,0.1971,0.1317,0.2032,1.9647,3.091,7.313,91.605,65.33,2.54,240.06,0.0076,0.0069,0.0413,16000,1024,403.71,0.9383,0.0394,0.0188,0.0035
2026-08-26T10:59:28.950+02:00,1000,1024,1024,1053,288,1517,0,14838,0.0327,0.0277,0.044,0.1295,0.1062,0.1425,3.393,3.201,2.868,126.01,102.65,169.08,0.0072,0.0069,0.0099,16000,1024,1547.22,0.9928,0.0056,0.0014,0.0003
2026-08-26T10:59:58.952+02:00,1000,1024,1024,1053,288,1517,6,14844,0.0347,0.0321,0.154,0.1135,0.2057,1.9684,3.057,10.062,143.361,12.61,98.13,75.36,0.0093,0.0078,0.0224,16000,1024,1788.25,0.9659,0.0329,0.0011,0.0001
2026-08-26T11:00:28.956+02:00,1000,1024,1029,1058,288,1517,18,14862,0.0334,0.035,0.2504,0.1261,0.2047,2.0331,3.39,11.436,52.978,48.02,61.61,23.35,0.0082,0.0071,0.0418,16000,1024,209.06,0.9693,0.0234,0.0055,0.0018
2026-08-26T11:00:58.952+02:00,1000,1024,1024,1053,288,1518,0,14862,0.0326,0.0753,0.6814,0.1273,0.1774,1.7202,3.027,4.261,5.456,73.47,62.52,62.45,0.0066,0.0228,0.2168,16000,1024,169.75,0.982,0.0109,0.0053,0.0017
2026-08-26T11:01:28.957+02:00,1000,1024,1030,1060,288,1518,8,14870,0.3342,0.0338,0.2211,10.6332,0.2082,2.2531,1000.324,12.592,72.041,125.96,52.34,122.02,0.0094,0.0071,0.0385,16000,1024,136.17,0.8118,0.1442,0.0367,0.0073
2026-08-26T11:02:28.952+02:00,1000,1024,1024,1053,289,1521,6,14890,0.0333,0.0309,0.1208,0.1255,0.2067,2.2648,3.019,6.414,256.073,36.05,193.32,147.39,0.0069,0.0067,0.015,16000,1024,397.96,0.9138,0.0574,0.0249,0.0039
2026-08-26T11:02:58.953+02:00,1000,1024,1024,1053,289,1522,6,14896,0.0309,0.0703,0.6116,0.1061,0.1873,1.7715,3.208,5.493,7.266,128.91,62.26,62.23,0.0071,0.0192,0.1735,16000,1024,526.68,0.9704,0.0261,0.0026,0.0009
2026-08-26T11:03:28.956+02:00,1000,1024,1024,1053,289,1523,5,14901,0.334,0.0335,0.1891,10.6353,0.21,2.2528,1003.676,11.923,101.76,31.37,103.77,92.02,0.0285,0.0072,0.0274,16000,1024,873.05,0.9961,0.002,0.0015,0.0003
2026-08-26T11:03:58.953+02:00,1000,1024,1024,1053,289,1523,3,14904,0.0343,0.0317,0.1255,0.1258,0.208,1.9531,2.913,7.695,200.301,22.31,84.88,15.9,0.0085,0.0067,0.0299,16000,1024,149.51,0.9841,0.0087,0.0047,0.0024
2026-08-26T11:04:28.956+02:00,1000,1024,1024,1053,289,1525,1,14905,0.0316,0.0312,0.1106,0.0955,0.2122,1.9549,2.798,8.483,239.084,4.48,105.2,70.25,0.0068,0.0069,0.0152,16000,1024,283.7,0.9725,0.0187,0.0074,0.0014
2026-08-26T11:05:28.954+02:00,1000,1024,1024,1053,290,1527,20,14926,0.0347,0.0325,0.1755,0.1212,0.2112,2.2468,2.895,10.493,113.655,47.51,27.54,238.27,0.0115,0.0097,0.0435,16000,1024,929.5,0.9781,0.0185,0.0032,0.0002
2026-08-26T11:05:58.955+02:00,1000,1024,1024,1053,290,1528,0,14926,0.0332,0.0314,0.1154,0.1053,0.2117,2.2638,2.934,4.901,265.544,7.61,100.53,45.39,0.0069,0.0079,0.0164,16000,1024,214.63,0.977,0.0131,0.0077,0.0021
2026-08-26T11:06:28.956+02:00,1000,1024,1024,1053,290,1529,13,14939,0.0317,0.032,0.1653,0.1162,0.2046,2.0396,3.138,8.484,125.498,37.83,67.57,134.91,0.0073,0.008,0.0217,16000,1024,492.46,0.9621,0.0247,0.0113,0.0019
2026-08-26T11:06:58.955+02:00,1000,1024,1024,1053,290,1529,12,14951,0.0319,0.0345,0.1688,0.1323,0.2087,1.9382,3.054,11.772,110.173,43.98,133.81,153.76,0.0086,0.0096,0.0383,16000,1024,261.96,0.9575,0.0328,0.0072,0.0025
2026-08-26T11:07:28.962+02:00,1000,1024,1029,1059,290,1531,26,14977,0.0361,0.0353,0.2455,0.2261,0.2129,2.2255,4.242,12.934,55.674,97.71,73.05,242.95,0.0086,0.0091,0.0491,16000,1024,206.94,0.9783,0.012,0.0083,0.0014
2026-08-26T11:07:58.956+02:00,1000,1024,1024,1053,290,1532,4,14981,0.0335,0.0318,0.1602,0.2209,0.2108,1.9378,4.552,7.94,125.469,10.55,121.44,135.74,0.0084,0.0081,0.0208,16000,1024,283.77,0.9772,0.0097,0.0111,0.002
2026-08-26T11:08:28.956+02:00,1000,1024,1024,1053,290,1533,4,14985,0.0335,0.0303,0.1148,0.1102,0.2119,1.943,2.967,7.126,240.58,149.2,225.97,153.24,0.0081,0.0085,0.0123,16000,1024,506.43,0.9813,0.0127,0.0049,0.001
2026-08-26T11:08:58.957+02:00,1000,1024,1024,1053,290,1533,12,14997,0.3341,0.0365,0.2267,10.6342,0.2104,2.2281,1001.923,11.969,67.024,64.71,32.78,359.23,0.0077,0.0092,0.0376,16000,1024,136.36,0.9246,0.0376,0.0325,0.0053
2026-08-26T11:09:28.966+02:00,1000,1024,1032,1062,290,1534,34,15031,0.4714,0.0396,0.2843,10.6265,0.2084,2.2118,504.382,11.441,40.804,12.23,102.18,226.39,0.0662,0.0094,0.0672,16000,1024,307.06,0.9892,0.0052,0.0044,0.0012
2026-08-26T11:10:28.958+02:00,1000,1024,1024,1053,291,1534,3,15035,0.0317,0.0311,0.1098,0.104,0.2111,1.9447,2.873,6.678,240.922,38.13,74.54,180.93,0.0072,0.0065,0.0209,16000,1024,310.65,0.9877,0.0074,0.0039,0.001
2026-08-26T11:10:58.958+02:00,1000,1024,1024,1053,291,1534,6,15041,0.0337,0.0726,0.6323,0.2237,0.1881,1.7373,4.598,5.208,6.554,10.82,72.28,72.23,0.0065,0.0167,0.1311,16000,1024,153.53,0.8675,0.0762,0.0513,0.0049
2026-08-26T11:11:28.960+02:00,1000,1024,1024,1053,291,1536,0,15041,0.0334,0.2097,0.8566,0.1132,4.6921,8.6752,3.167,489.867,99.934,30.38,199.93,125.85,0.0068,0.0111,0.1233,16000,1024,156.23,0.9865,0.0059,0.0049,0.0027
2026-08-26T11:11:58.959+02:00,1000,1024,1024,1053,291,1537,5,15046,0.0325,0.0307,0.1338,0.1149,0.2104,2.2423,3.013,6.803,205.293,5.79,7.27,78.15,0.0069,0.0076,0.0203,16000,1024,188.09,0.8978,0.0476,0.0491,0.0055
2026-08-26T11:12:28.963+02:00,1000,1024,1024,1053,291,1537,7,15053,0.0336,0.0354,0.2116,0.1221,0.212,1.9213,2.887,10.947,76.237,38.91,136.72,47.48,0.007,0.0068,0.0417,16000,1024,302.43,0.9858,0.0098,0.0036,0.0009
2026-08-26T11:13:28.963+02:00,1000,1024,1024,1053,292,1539,1,15060,0.0325,0.0311,0.1253,0.1046,0.2121,1.9344,3.048,8.431,193.582,53.5,27.32,155.84,0.0085,0.0061,0.0203,16000,1024,105.12,0.8043,0.112,0.0731,0.0105
2026-08-26T11:13:58.963+02:00,1000,1024,1024,1053,292,1541,7,15067,0.3341,0.0323,0.1247,10.6356,0.2132,1.9302,1002.859,7.765,195.558,76.39,35.19,77.43,0.0342,0.0075,0.0268,16000,1024,300.93,0.9877,0.0079,0.0036,0.0008
2026-08-26T11:14:58.962+02:00,1000,1024,1025,1054,293,1542,10,15085,0.0341,0.0364,0.2509,0.2241,0.2118,2.077,4.444,12.499,55.163,90.08,35.85,146.41,0.0076,0.0106,0.0494,16000,1024,166.66,0.9282,0.045,0.0224,0.0044
2026-08-26T11:16:28.962+02:00,1000,1024,1024,1053,295,1545,21,15113,0.065,0.0651,0.3159,0.1824,0.4309,3.5286,2.639,7.766,107.524,38.08,85.52,46.9,0.0213,0.0142,0.0563,16000,1024,499.36,0.9909,0.0055,0.0026,0.001
2026-08-26T11:16:58.964+02:00,1000,1024,1024,1053,295,1547,35,15148,0.3341,0.0369,0.2599,10.6343,0.2148,2.2026,1002.293,11.473,47.854,75.21,49.3,55.67,0.0478,0.0103,0.0548,16000,1024,209.58,0.942,0.03,0.0238,0.0042
2026-08-26T11:17:28.964+02:00,1000,1024,1024,1053,295,1550,0,15148,0.3341,0.0305,0.0909,10.6337,0.215,1.9272,1002.68,7.319,296.045,1.46,39.34,7.71,0.01,0.0071,0.0097,16000,1024,127.53,0.9192,0.03,0.046,0.0047
2026-08-26T11:17:58.964+02:00,1000,1024,1024,1053,295,1552,22,15170,0.0327,0.035,0.2064,0.0877,0.2161,1.9069,2.645,13.94,78.077,35.19,28.48,15.18,0.0089,0.0088,0.0428,16000,1024,318.98,0.9541,0.0329,0.0102,0.0028
2026-08-26T11:18:28.964+02:00,1000,1024,1024,1053,295,1552,0,15170,0.0324,0.0338,0.1418,0.1112,0.2141,1.9209,2.879,9.667,164.634,137.65,77.79,257.89,0.0092,0.0076,0.0331,16000,1024,348.54,0.9799,0.0086,0.0094,0.002
2026-08-26T11:19:28.966+02:00,1000,1024,1024,1053,296,1555,6,15184,0.3341,0.0334,0.1767,10.6358,0.214,1.9169,1002.46,12.872,101.084,17.55,63.07,122.05,0.0246,0.0099,0.041,16000,1024,330.31,0.9633,0.0181,0.0156,0.003
2026-08-26T11:19:58.971+02:00,1000,1024,1029,1059,296,1556,2,15186,0.0321,0.0325,0.166,0.1036,0.2127,1.913,3.183,6.123,111.579,88.91,56.54,31.31,0.0083,0.0069,0.0233,16000,1024,122.61,0.8957,0.0595,0.0368,0.008
2026-08-26T11:20:28.965+02:00,1000,1024,1024,1053,296,1556,2,15188,0.0321,0.0322,0.1338,0.0988,0.2127,1.9185,2.869,9.449,164.896,17.72,77.87,50.54,0.0071,0.0084,0.0257,16000,1024,259.24,0.9897,0.005,0.004,0.0013
2026-08-26T11:20:58.966+02:00,1000,1024,1024,1053,296,1558,7,15195,0.033,0.0328,0.1761,0.1155,0.2138,1.9088,2.84,12.381,100.777,21.81,62.84,187.33,0.008,0.0067,0.0225,16000,1024,439.63,0.9352,0.0338,0.0276,0.0034
2026-08-26T11:21:58.973+02:00,1000,1024,1029,1058,297,1559,34,15244,0.0341,0.0353,0.213,0.2252,0.2168,2.2036,6.429,12.393,72.542,13.83,1.67,75.62,0.0095,0.0094,0.0442,16000,1024,234.44,0.9772,0.0104,0.0102,0.0022
2026-08-26T11:22:28.969+02:00,1000,1024,1024,1053,297,1560,14,15258,0.0327,0.0379,0.2145,0.1093,0.2164,1.8941,2.884,13.481,71.036,15.78,151.1,151.19,0.009,0.0082,0.048,16000,1024,343.39,0.9843,0.0101,0.0039,0.0017
2026-08-26T11:22:58.967+02:00,1000,1024,1024,1053,297,1562,6,15264,0.034,0.0296,0.1283,0.2207,0.2176,2.2218,4.5,5.655,208.777,25.79,79.8,6.22,0.0094,0.0069,0.0209,16000,1024,120.44,0.8829,0.0742,0.0371,0.0057
2026-08-26T11:23:29.013+02:00,1000,1024,1070,1099,297,1563,8,15272,0.0335,0.0812,0.6827,0.1022,0.1865,1.6591,2.89,4.141,4.944,69.51,62.38,62.41,0.0074,0.0203,0.1782,16000,1024,102.85,0.8704,0.0671,0.0562,0.0064
2026-08-26T11:23:58.968+02:00,1000,1024,1024,1053,297,1565,0,15272,0.0339,0.0355,0.1651,0.1265,0.2154,1.5974,3.269,14.579,85.691,42.29,124.7,62.48,0.0091,0.0094,0.0343,16000,1024,209.26,0.9049,0.0511,0.0371,0.0069
2026-08-26T11:24:28.999+02:00,1000,1024,1055,1084,297,1567,32,15304,0.0328,0.0381,0.2414,0.1018,0.2165,1.8789,2.923,13.229,48.67,53.88,27.91,343.4,0.0084,0.009,0.0408,16000,1024,532.62,0.993,0.0036,0.0031,0.0003
2026-08-26T11:24:58.968+02:00,1000,1024,1024,1053,297,1567,1,15305,0.0334,0.0328,0.127,0.116,0.2146,1.9072,3.086,9.169,198.427,15.56,64.61,207.93,0.0095,0.006,0.0213,16000,1024,328.81,0.9746,0.0174,0.0068,0.0012
2026-08-26T11:25:28.969+02:00,1000,1024,1024,1053,297,1569,1,15306,0.0344,0.0309,0.5238,0.2263,0.2187,1.7434,4.642,5.151,8.572,97.33,29.17,87.59,0.0078,0.0082,0.1131,16000,1024,228.91,0.9494,0.0157,0.0322,0.0027
2026-08-26T11:25:58.970+02:00,1000,1024,1024,1053,297,1571,4,15310,0.031,0.0289,0.0672,0.1117,0.1039,1.611,3.01,3.017,322.329,9.57,87.57,10.88,0.0078,0.007,0.0109,16000,1024,293.69,0.9386,0.0401,0.018,0.0033
2026-08-26T11:26:28.970+02:00,1000,1024,1024,1053,297,1571,0,15310,0.0333,0.0311,0.0951,0.1201,0.2164,1.91,2.926,7.217,317.697,31.28,25.02,5.26,0.0075,0.0072,0.0186,16000,1024,129.48,0.7621,0.0872,0.1405,0.0102
2026-08-26T11:26:58.978+02:00,1000,1024,1030,1059,297,1572,4,15314,0.0335,0.033,0.1603,0.1084,0.2144,1.8981,2.917,10.44,124.684,264.65,2.26,496.98,0.0072,0.0098,0.0244,16000,1024,326.27,0.9839,0.0091,0.0051,0.0018
2026-08-26T11:27:28.970+02:00,1000,1024,1024,1053,297,1572,1,15315,0.0326,0.0454,0.2635,0.109,0.2108,1.8733,3.146,12.828,34.03,81.36,312.46,312.52,0.0071,0.0089,0.0677,16000,1024,184.39,0.8847,0.0596,0.0507,0.0049
2026-08-26T11:27:58.972+02:00,1000,1024,1024,1053,297,1572,0,15315,0.0348,0.0493,0.7399,0.1171,0.2032,1.5686,3.048,5.437,3.71,29.95,17.51,17.56,0.0074,0.0121,0.1944,16000,1024,121.37,0.8965,0.0617,0.0344,0.0075
2026-08-26T11:28:28.978+02:00,1000,1024,1024,1053,297,1573,1,15316,0.0334,0.0307,0.0896,0.1046,0.2194,1.9121,2.783,7.43,303.157,114.51,50.6,138.03,0.0064,0.0076,0.0179,16000,1024,240.26,0.9056,0.076,0.0167,0.0017
2026-08-26T11:28:58.982+02:00,1000,1024,1033,1062,297,1576,22,15338,0.0325,0.0368,0.1932,0.1031,0.2182,1.9003,2.775,14.336,77.172,109.24,34.77,386.03,0.0095,0.0102,0.038,16000,1024,242.21,0.9876,0.0058,0.0054,0.0012
2026-08-26T11:29:28.973+02:00,1000,1024,1024,1053,297,1576,1,15339,0.0326,0.0293,0.1367,0.2219,0.2165,1.9062,4.782,8.458,165.694,42.64,36.69,186.71,0.0073,0.0082,0.0193,16000,1024,350.89,0.9874,0.0061,0.0055,0.001
2026-08-26T11:29:58.992+02:00,1000,1024,1043,1073,297,1577,15,15354,0.0319,0.0308,0.1365,0.1191,0.2195,1.9018,3.204,9.591,165.423,19.56,33.37,34.03,0.0072,0.0086,0.0371,16000,1024,971.31,0.9786,0.0157,0.0046,0.0011
2026-08-26T11:30:28.974+02:00,1000,1024,1024,1053,297,1579,0,15354,0.0338,0.0333,0.1452,0.1168,0.2174,2.2065,3.058,9.23,166.379,157.84,10.1,354.9,0.0067,0.0077,0.0253,16000,1024,188.54,0.9064,0.0474,0.0423,0.004
2026-08-26T11:30:58.984+02:00,1000,1024,1024,1053,297,1580,2,15356,0.0339,0.0298,0.0889,0.124,0.2173,1.9076,3.329,5.337,309.099,1.82,162.96,70.33,0.0073,0.0077,0.017,16000,1024,971.3,0.991,0.0053,0.003,0.0008
2026-08-26T11:31:28.979+02:00,1000,1024,1024,1053,297,1582,0,15356,0.0329,0.0293,0.089,0.1047,0.2196,1.902,3.055,5.706,305.084,226.2,65.42,112.72,0.0084,0.0065,0.0159,16000,1024,1053.29,0.9948,0.003,0.0021,0.0002
2026-08-26T11:31:58.980+02:00,1000,1024,1024,1053,297,1582,0,15356,0.0328,0.0299,0.075,0.1056,0.2181,1.9072,3.056,5.412,407.877,213.28,41.75,157.37,0.0075,0.0065,0.0132,16000,1024,294.24,0.9788,0.0152,0.0052,0.0008
2026-08-26T11:33:28.992+02:00,1000,1024,1024,1053,299,1583,3,15378,0.3344,0.032,0.1603,10.6358,0.2176,2.2023,999.419,11.953,129.715,37.19,39.21,73.23,0.0088,0.0082,0.0199,16000,1024,237.14,0.9696,0.0194,0.0088,0.0022
2026-08-26T11:33:58.976+02:00,1000,1024,1024,1053,299,1585,3,15381,0.0333,0.0296,0.0648,0.116,0.2195,1.5941,3.081,5.789,358.587,51.95,118.86,119.43,0.0085,0.0058,0.0152,16000,1024,414.69,0.9805,0.0111,0.0075,0.0009
2026-08-26T11:34:28.994+02:00,1000,1024,1024,1053,299,1588,1,15382,0.0332,0.0307,0.0943,0.1058,0.2178,1.8996,2.936,7.156,322.151,35.58,53.6,206.23,0.0078,0.0059,0.0159,16000,1024,199.27,0.9844,0.0106,0.0038,0.0012
2026-08-26T11:35:28.995+02:00,1000,1024,1024,1053,300,1593,1,15392,0.0648,0.0581,0.1986,0.1945,0.1838,3.4875,2.805,2.969,221.278,170.74,109.13,109.26,0.0133,0.0126,0.022,16000,1024,174.26,0.9448,0.0313,0.0193,0.0045
2026-08-26T11:35:58.979+02:00,1000,1024,1024,1053,300,1594,34,15426,0.3339,0.0382,0.2433,10.6321,0.2201,1.8716,1003.995,12.914,52.821,162.97,98.72,324.49,0.0181,0.0089,0.0346,16000,1024,77.71,0.7152,0.1594,0.1102,0.0153
2026-08-26T11:36:28.984+02:00,1000,1024,1024,1053,300,1596,31,15457,0.315,0.0383,0.233,10.0237,0.3947,2.1817,1000.805,21.527,58.513,46.84,17.74,62.46,0.0412,0.0109,0.0336,16000,1024,246.3,0.9573,0.0233,0.0163,0.0031
2026-08-26T11:37:00.488+02:00,1000,1024,1024,1053,300,1596,11,15468,0.0321,0.0297,0.1115,0.1083,0.2168,1.8959,3.009,8.059,244.97,28.26,93.4,173.42,0.0071,0.0071,0.0128,16000,1024,284.26,0.8603,0.0648,0.0679,0.0071
2026-08-26T11:37:28.978+02:00,1000,1024,1024,1053,300,1598,1,15469,0.0327,0.0298,0.1098,0.1112,0.2209,2.0833,2.975,5.644,257.529,179.02,175.15,10.77,0.0073,0.0066,0.0174,16000,1024,98.07,0.9311,0.0367,0.0243,0.0079
2026-08-26T11:37:59.033+02:00,1000,1024,1063,1093,300,1598,10,15479,0.0339,0.0316,0.1232,0.1029,0.2209,1.8884,2.77,7.172,188.317,20.42,1.89,87.79,0.0086,0.0073,0.0264,16000,1024,288.04,0.9795,0.012,0.0066,0.0019
2026-08-26T11:38:28.979+02:00,1000,1024,1024,1053,300,1598,2,15481,0.0309,0.0314,0.1324,0.1023,0.2175,1.8911,2.946,6.993,161.919,79.23,54.55,145.74,0.0069,0.007,0.0289,16000,1024,743.54,0.9955,0.0037,0.0007,0.0001
2026-08-26T11:38:59.018+02:00,1000,1024,1057,1087,300,1600,13,15494,0.0312,0.0338,0.1683,0.108,0.2173,1.8858,2.949,13.151,99.103,35.05,85.51,64.33,0.0078,0.0096,0.0299,16000,1024,117.75,0.8815,0.0693,0.0411,0.0081
2026-08-26T11:39:28.989+02:00,1000,1024,1028,1057,300,1600,11,15505,0.0337,0.0353,0.1803,0.1484,0.2215,2.1876,3.189,10.049,101.851,69.33,20.22,251.9,0.0078,0.0089,0.0272,16000,1024,281.94,0.9691,0.01,0.0192,0.0018
2026-08-26T11:39:58.997+02:00,1000,1024,1029,1059,300,1600,19,15524,0.0331,0.0318,0.2143,0.1145,0.2196,2.1791,2.97,8.695,63.808,77.7,24.65,82.72,0.0102,0.0073,0.0422,16000,1024,161.11,0.9656,0.019,0.0123,0.003
2026-08-26T11:40:28.988+02:00,1000,1024,1026,1055,300,1601,31,15555,0.1372,0.4343,1.0444,4.2558,4.9564,8.8918,903.407,124.971,65.738,44.83,402.74,402.46,0.0254,0.0951,0.2352,16000,1024,183.26,0.9081,0.0417,0.0447,0.0054
2026-08-26T11:40:59.012+02:00,1000,1024,1055,1084,300,1603,26,15581,0.3341,0.0353,0.1832,10.6341,0.2199,1.8809,1002.399,14.525,91.83,49.23,30.5,130.71,0.009,0.0086,0.0287,16000,1024,137.97,0.7892,0.1282,0.0606,0.022
2026-08-26T11:41:59.013+02:00,1000,1024,1024,1053,301,1607,2,15588,0.0334,0.0315,0.1068,0.1159,0.2188,1.8915,2.866,6.911,239.118,64.07,53.65,249.66,0.0099,0.0069,0.0207,16000,1024,549.35,0.9982,0.0007,0.0009,0.0003
2026-08-26T11:42:59.004+02:00,1000,1024,1024,1053,302,1609,32,15622,0.0311,0.0372,0.2419,0.2215,0.2197,2.1677,5.095,12.026,53.647,69.52,24.65,228.44,0.0077,0.009,0.0451,16000,1024,128.15,0.8838,0.0712,0.0323,0.0126
2026-08-26T11:43:28.988+02:00,1000,1024,1025,1055,302,1610,7,15629,0.0334,0.0338,0.1515,0.2253,0.2188,1.8866,4.475,8.789,140.714,121.05,6.99,62.76,0.0086,0.0079,0.0236,16000,1024,195.65,0.962,0.0231,0.0122,0.0026
2026-08-26T11:43:58.989+02:00,1000,1024,1024,1053,302,1613,12,15641,0.0331,0.0286,0.0824,0.1244,0.0895,1.5854,2.964,2.868,267.982,58.22,260.05,67.61,0.0088,0.0063,0.0167,16000,1024,382.6,0.9281,0.0364,0.0312,0.0042
2026-08-26T11:44:29.001+02:00,1000,1024,1024,1053,302,1614,8,15649,0.3342,0.033,0.1443,10.6324,0.2224,1.8869,1000.683,11.74,142.003,45.91,43.98,28.24,0.038,0.0085,0.0268,16000,1024,201.44,0.9602,0.0264,0.01,0.0033
2026-08-26T11:44:58.991+02:00,1000,1024,1027,1057,302,1614,36,15685,0.0352,0.0369,0.2561,0.218,0.215,2.1605,8.219,12.563,49.392,13.18,8.9,113.24,0.0119,0.0103,0.0417,16000,1024,224.91,0.9593,0.0168,0.0209,0.0031
2026-08-26T11:45:58.994+02:00,1000,1024,1024,1053,303,1618,13,15699,1.2462,0.2157,0.1939,1.9245,0.4031,2.1064,1.552,1.64,77.627,49.33,49.33,49.55,1.2852,0.2246,0.043,16000,1024,310.07,0.4811,0.468,0.0368,0.0141
2026-08-26T11:46:58.991+02:00,1000,1024,1024,1053,304,1620,28,15735,1.3587,0.2159,0.2733,13.7315,0.4117,2.1263,16.642,1.648,40.026,18.26,32.85,128.17,0.5969,0.098,0.0596,16000,1024,689.81,0.7372,0.2467,0.0118,0.0043
2026-08-26T11:47:28.997+02:00,1000,1024,1024,1053,304,1621,14,15749,1.2424,0.2173,0.1828,10.6534,0.4224,2.0996,6.639,1.649,93.927,49.32,49.33,473.66,1.1734,0.1997,0.0378,16000,1024,309.45,0.4033,0.5698,0.0161,0.0109
2026-08-26T11:47:59.008+02:00,1000,1024,1024,1053,304,1624,18,15767,1.2886,0.2158,0.2203,10.5927,0.4059,2.1869,8.398,1.649,63.939,49.49,49.5,123.72,1.0408,0.1865,0.0396,16000,1024,315.25,0.6731,0.3029,0.0148,0.0092
2026-08-26T11:48:58.992+02:00,1000,1024,1024,1053,305,1625,12,15780,1.2516,0.2144,0.2293,5.3437,0.3876,2.1867,1.842,1.612,62.298,49.32,49.31,142.66,1.5129,0.2882,0.0412,16000,1024,405.56,0.6513,0.335,0.0102,0.0035
2026-08-26T11:49:28.995+02:00,1000,1024,1027,1056,305,1627,37,15817,1.3675,0.2102,0.278,11.1435,0.3864,2.1739,5.701,1.613,37.587,49.28,49.28,137.97,0.8257,0.1261,0.0631,16000,1024,409.21,0.7802,0.2071,0.009,0.0036
2026-08-26T11:49:58.998+02:00,1000,1024,1024,1053,305,1627,1,15818,1.3912,0.206,0.1165,2.0974,0.3947,2.2117,1.556,1.656,196.637,49.31,49.31,49.19,1.9584,0.2846,0.0799,16000,1024,412.96,0.5738,0.3973,0.0235,0.0054
2026-08-26T11:50:28.993+02:00,1000,1024,1024,1053,305,1630,16,15834,1.4246,0.2029,0.1954,2.3794,0.4277,1.8803,1.644,1.76,70.78,49.27,49.26,48.93,1.3388,0.1829,0.0681,16000,1024,394.97,0.6014,0.3706,0.0225,0.0055
2026-08-26T11:51:59.045+02:00,1000,1024,1067,1096,307,1631,21,15878,1.4806,0.2013,0.2906,3.3908,0.4083,2.1716,1.581,1.657,37.071,49.03,49.01,49.2,1.6101,0.2129,0.0745,16000,1024,446.25,0.6695,0.294,0.0275,0.009
2026-08-26T11:52:29.003+02:00,1000,1024,1024,1053,307,1631,0,15878,1.4922,0.2025,0.1095,2.2666,0.3774,1.9129,1.558,1.611,136.844,49.21,49.21,49.19,2.1594,0.2856,0.0851,16000,1024,369.43,0.6566,0.3221,0.015,0.0063
2026-08-26T11:52:59.031+02:00,1000,1024,1031,1060,307,1631,34,15912,1.612,0.2002,0.2437,13.672,0.3911,2.1994,6.708,1.633,50.063,28.5,28.54,27.0,0.5881,0.0824,0.0586,16000,1024,371.76,0.6735,0.3014,0.019,0.0061
2026-08-26T11:53:28.997+02:00,1000,1024,1024,1053,307,1633,1,15913,1.5196,0.1976,0.1382,2.3404,0.3588,1.9136,1.561,1.611,125.874,49.11,49.12,49.0,2.0935,0.2705,0.0831,16000,1024,360.8,0.583,0.3986,0.0138,0.0045
2026-08-26T11:53:59.003+02:00,1000,1024,1024,1053,307,1634,0,15913,1.5663,0.2001,0.0995,2.3371,0.3988,1.9192,1.554,1.623,136.244,49.22,49.23,49.21,2.2592,0.2869,0.0835,16000,1024,804.55,0.7359,0.2506,0.0097,0.0038
2026-08-26T11:54:29.003+02:00,1000,1024,1024,1053,307,1634,21,15934,1.5905,0.1919,0.1752,4.6071,0.4045,1.9148,1.607,1.59,83.3,48.87,48.81,34.26,0.8261,0.1023,0.044,16000,1024,449.36,0.78,0.2083,0.0095,0.0023
2026-08-26T11:54:58.997+02:00,1000,1024,1024,1053,307,1636,0,15934,1.5829,0.1967,0.1547,2.4036,0.3709,1.9188,1.553,1.609,104.037,49.19,49.19,49.26,2.2768,0.2756,0.092,16000,1024,434.0,0.6552,0.3329,0.0058,0.006
2026-08-26T11:55:29.006+02:00,1000,1024,1024,1053,307,1636,6,15940,1.6052,0.194,0.1812,2.4416,0.4054,1.915,1.563,1.629,85.147,49.18,49.16,49.12,2.224,0.259,0.0952,16000,1024,542.69,0.835,0.1542,0.0071,0.0037
2026-08-26T11:55:59.060+02:00,1000,1024,1048,1077,307,1636,4,15944,1.667,0.1962,0.17,11.8077,0.3931,1.9289,3.865,1.648,88.954,49.15,49.16,49.19,2.1461,0.2465,0.0935,16000,1024,1042.29,0.9512,0.0443,0.0034,0.0012
2026-08-26T11:56:29.019+02:00,1000,1024,1024,1053,307,1637,17,15961,1.6346,0.1933,0.2014,2.47,0.3964,2.2278,1.545,1.618,67.023,49.08,49.11,49.17,1.4094,0.1708,0.0614,16000,1024,520.37,0.7817,0.205,0.0085,0.0048
2026-08-26T11:56:59.007+02:00,1000,1024,1024,1053,307,1637,1,15962,1.6225,0.1943,0.1372,2.4718,0.4032,1.9334,1.556,1.63,115.949,49.15,49.14,49.17,2.2637,0.2631,0.0929,16000,1024,374.91,0.7676,0.206,0.018,0.0085
2026-08-26T11:58:29.192+02:00,1000,1024,1024,1053,309,1639,3,15972,1.6823,0.1921,0.2487,2.5429,0.4074,2.2194,1.548,1.658,45.298,49.17,49.15,49.16,2.3824,0.2604,0.0911,16000,1024,434.29,0.7989,0.1851,0.0109,0.0051
2026-08-26T11:59:29.201+02:00,1000,1024,1024,1053,310,1642,0,15989,1.7317,0.1906,0.6226,2.5919,0.4078,2.0201,1.547,1.631,5.911,49.18,49.16,62.78,2.4874,0.2558,0.1602,16000,1024,415.82,0.839,0.1471,0.0096,0.0043
2026-08-26T11:59:59.186+02:00,1000,1024,1024,1053,310,1643,9,15998,1.7092,0.1932,0.2309,2.6629,0.3908,2.2491,1.554,1.607,62.758,49.04,49.06,100.07,1.316,0.1472,0.0613,16000,1024,424.89,0.7015,0.2829,0.0097,0.0059
2026-08-26T12:00:59.186+02:00,1000,1024,1024,1053,311,1646,9,16008,1.7112,0.1943,0.2069,2.6265,0.3934,2.2579,1.548,1.611,77.019,49.1,49.09,49.12,1.8691,0.2023,0.0764,16000,1024,428.47,0.6949,0.2911,0.0103,0.0037
2026-08-26T12:01:59.187+02:00,1000,1024,1024,1053,312,1648,0,16015,1.7448,0.1912,0.1255,2.6195,0.3765,1.9581,1.544,1.628,116.355,49.14,49.11,49.13,2.4969,0.2662,0.1057,16000,1024,414.73,0.7355,0.2442,0.0124,0.0079
2026-08-26T12:02:29.187+02:00,1000,1024,1024,1053,312,1648,34,16049,1.7722,0.187,0.2574,10.4895,0.3929,1.9355,2.791,1.663,43.929,30.64,30.66,35.98,1.0488,0.1002,0.067,16000,1024,460.22,0.7022,0.2813,0.0082,0.0083
2026-08-26T12:02:59.189+02:00,1000,1024,1024,1053,312,1649,3,16052,1.7736,0.1885,0.1662,2.6648,0.3584,2.2564,1.559,1.631,103.709,49.09,49.07,49.04,2.1698,0.2238,0.1004,16000,1024,490.43,0.8106,0.1778,0.0077,0.0039
2026-08-26T12:03:29.188+02:00,1000,1024,1024,1053,312,1650,1,16053,1.8066,0.1894,0.1456,5.1047,0.4003,1.9575,1.581,1.663,96.318,49.16,49.17,49.1,2.4982,0.2587,0.1128,16000,1024,388.83,0.7228,0.2598,0.0126,0.0048
2026-08-26T12:03:59.190+02:00,1000,1024,1024,1053,312,1650,1,16054,1.8189,0.1904,0.1566,2.7135,0.4033,1.957,1.544,1.661,84.045,49.15,49.17,49.1,2.5045,0.2583,0.1008,16000,1024,539.05,0.7002,0.2843,0.0102,0.0054
2026-08-26T12:04:29.190+02:00,1000,1024,1024,1053,312,1654,2,16056,1.8323,0.1904,0.1371,2.7659,0.4026,1.9604,1.543,1.636,102.908,49.11,49.1,49.19,2.5572,0.2572,0.1127,16000,1024,466.38,0.7465,0.2403,0.0098,0.0034
2026-08-26T12:04:59.189+02:00,1000,1024,1024,1053,312,1654,33,16089,1.8496,0.191,0.2666,4.6292,0.8025,1.9208,1.566,1.959,39.537,13.79,30.86,16.36,0.8068,0.0834,0.0647,16000,1024,442.11,0.7495,0.2366,0.01,0.0038
2026-08-26T12:05:29.191+02:00,1000,1024,1024,1053,312,1655,0,16089,1.8532,0.1911,0.0953,2.7477,0.3836,0.2752,1.544,1.647,2.379,49.11,49.12,49.11,2.6439,0.2649,0.1124,16000,1024,498.75,0.7921,0.1965,0.0091,0.0023
2026-08-26T12:05:59.191+02:00,1000,1024,1024,1053,312,1656,0,16089,1.8754,0.1875,0.134,2.7816,0.4059,1.9607,1.543,1.67,90.478,49.12,49.1,49.19,2.68,0.2593,0.1173,16000,1024,417.12,0.8553,0.13,0.0111,0.0035
2026-08-26T12:06:29.192+02:00,1000,1024,1024,1053,312,1657,21,16110,1.9582,0.1915,0.2843,13.5965,0.3954,2.0463,4.598,1.634,38.479,49.14,49.16,49.19,1.4812,0.1494,0.0595,16000,1024,433.24,0.6854,0.2938,0.0162,0.0046
2026-08-26T12:06:59.191+02:00,1000,1024,1024,1053,312,1659,0,16110,1.8817,0.1881,0.1568,2.8128,0.4061,1.957,1.543,1.658,83.634,49.1,49.11,49.16,2.6929,0.2613,0.1193,16000,1024,476.55,0.7937,0.197,0.0063,0.0031
2026-08-26T12:07:29.194+02:00,1000,1024,1024,1053,312,1660,3,16113,1.9047,0.1859,0.1788,2.8382,0.4139,2.2699,1.549,1.702,82.355,49.11,49.13,49.03,2.3078,0.2217,0.1014,16000,1024,469.77,0.7708,0.2144,0.0112,0.0036
2026-08-26T12:08:29.193+02:00,1000,1024,1024,1053,313,1661,7,16126,1.9482,0.1863,0.1796,8.879,0.4136,2.2686,1.908,1.663,80.685,49.06,49.07,49.09,2.3154,0.2246,0.0953,16000,1024,483.35,0.7753,0.2107,0.0105,0.0035
2026-08-26T12:08:59.193+02:00,1000,1024,1024,1053,313,1662,1,16127,1.9398,0.1873,0.1482,2.9026,0.4088,1.9705,1.54,1.661,92.165,49.1,49.1,49.08,2.6469,0.2486,0.1181,16000,1024,601.91,0.8545,0.1366,0.0062,0.0027
2026-08-26T12:09:29.193+02:00,1000,1024,1024,1053,313,1663,1,16128,1.9509,0.1831,0.6472,2.9282,0.3337,2.0329,1.541,1.619,5.477,49.1,49.1,410.84,2.6784,0.2236,0.1857,16000,1024,520.37,0.7841,0.1989,0.0127,0.0044
2026-08-26T12:09:59.194+02:00,1000,1024,1024,1053,313,1663,0,16128,1.9445,0.1866,0.133,2.8761,0.3574,1.9764,1.542,1.627,95.789,49.09,49.08,49.1,2.7823,0.2597,0.1239,16000,1024,485.75,0.7965,0.1923,0.0084,0.0029
2026-08-26T12:10:59.195+02:00,1000,1024,1024,1053,314,1666,19,16150,1.9757,0.1875,0.1914,3.3303,0.3653,1.9655,1.58,1.666,65.663,49.39,49.42,49.32,1.315,0.1168,0.0693,16000,1024,477.88,0.779,0.2041,0.0135,0.0034
2026-08-26T12:11:29.195+02:00,1000,1024,1024,1053,314,1666,5,16155,2.0128,0.1893,0.1756,9.9398,0.3999,1.9822,2.065,1.667,71.892,49.11,49.13,49.12,2.4864,0.224,0.1134,16000,1024,517.96,0.6308,0.3582,0.0088,0.0023
2026-08-26T12:11:59.196+02:00,1000,1024,1024,1053,314,1667,10,16165,2.0235,0.1882,0.173,2.9968,0.3646,2.2862,1.553,1.64,80.528,49.14,49.18,49.25,1.7389,0.1601,0.0849,16000,1024,500.22,0.7997,0.1788,0.0172,0.0044
2026-08-26T12:12:29.195+02:00,1000,1024,1024,1053,314,1668,3,16168,2.0477,0.1845,0.1245,3.0443,0.3553,1.9923,1.536,1.658,65.393,49.12,49.1,49.13,2.7636,0.2458,0.1312,16000,1024,490.1,0.8296,0.1572,0.0096,0.0037
2026-08-26T12:12:59.196+02:00,1000,1024,1024,1053,314,1669,4,16172,2.0227,0.187,0.182,4.0777,0.3645,2.2884,1.546,1.641,66.55,49.08,49.1,48.97,2.3671,0.2173,0.0994,16000,1024,469.6,0.7287,0.2578,0.0106,0.003
2026-08-26T12:13:29.201+02:00,1000,1024,1024,1053,314,1671,6,16178,2.0176,0.1877,0.1758,3.044,0.3628,2.2899,1.539,1.691,76.33,49.13,49.13,49.01,2.0921,0.1874,0.1014,16000,1024,513.74,0.7214,0.2629,0.0111,0.0046
2026-08-26T12:13:59.208+02:00,1000,1024,1024,1053,314,1671,2,16180,2.027,0.1868,0.1395,3.0017,0.3638,1.6877,1.531,1.679,63.433,49.1,49.1,49.04,2.7976,0.2513,0.1227,16000,1024,468.61,0.8342,0.1496,0.013,0.0032
2026-08-26T12:14:59.198+02:00,1000,1024,1024,1053,315,1673,0,16187,0.798,0.1388,0.914,2.4012,0.7228,2.4136,3.246,6.401,2.771,25.95,54.88,25.95,0.8732,0.0502,1.067,16000,1024,314.58,0.6239,0.2843,0.0178,0.074
2026-08-26T12:15:29.202+02:00,1000,1024,1024,1053,315,1673,0,16187,0.0342,0.0296,0.1008,0.2178,0.2019,1.9978,4.213,4.688,301.962,176.98,73.71,15.27,0.0075,0.0069,0.0127,16000,1024,169.21,0.9549,0.0271,0.0158,0.0022
2026-08-26T12:15:59.197+02:00,1000,1024,1024,1053,315,1676,9,16196,0.334,0.0352,0.1897,10.6253,0.1998,1.9944,1000.538,8.83,100.74,28.46,64.29,475.6,0.0191,0.0085,0.0296,16000,1024,84.61,0.9187,0.0535,0.0201,0.0076
2026-08-26T12:16:59.203+02:00,1000,1024,1029,1058,316,1680,33,16233,0.334,0.0348,0.2131,10.63,0.1992,2.016,1002.36,9.145,65.276,22.64,115.26,188.49,0.0499,0.0076,0.0471,16000,1024,134.3,0.8768,0.053,0.0597,0.0106
2026-08-26T12:17:29.198+02:00,1000,1024,1024,1053,316,1680,4,16237,0.0338,0.0313,0.1368,0.2193,0.2008,2.2946,4.429,7.317,207.905,6.37,97.79,7.79,0.0079,0.0068,0.0199,16000,1024,390.35,0.9887,0.0067,0.0033,0.0013
2026-08-26T12:17:59.199+02:00,1000,1024,1024,1053,316,1684,2,16239,0.034,0.0338,0.1702,0.113,0.2002,1.9827,3.022,9.883,126.025,121.17,22.42,416.84,0.0076,0.0077,0.0356,16000,1024,210.95,0.9106,0.058,0.0282,0.0032
2026-08-26T12:18:29.205+02:00,1000,1024,1029,1059,316,1685,13,16252,0.334,0.0335,0.1774,10.6275,0.1983,2.2905,1001.619,7.916,104.248,42.12,101.84,65.86,0.0335,0.0073,0.0361,16000,1024,155.26,0.9168,0.0488,0.0278,0.0066
2026-08-26T12:18:59.201+02:00,1000,1024,1024,1053,316,1685,5,16257,0.0325,0.0325,0.1175,0.1004,0.2021,1.9922,3.049,5.238,242.331,57.25,79.08,30.2,0.0075,0.0084,0.0179,16000,1024,490.77,0.9925,0.003,0.0038,0.0007
2026-08-26T12:19:29.201+02:00,1000,1024,1024,1053,316,1687,0,16257,0.0331,0.0304,0.0995,0.1121,0.2024,1.9924,2.875,5.107,314.441,228.63,18.23,160.09,0.0085,0.0063,0.0172,16000,1024,165.59,0.9556,0.0279,0.0144,0.0022
2026-08-26T12:19:59.201+02:00,1000,1024,1024,1053,316,1689,0,16257,0.033,0.0318,0.1368,0.2187,0.2016,2.295,4.724,7.19,207.736,104.38,117.45,335.74,0.0079,0.0078,0.027,16000,1024,777.79,0.9717,0.0204,0.0065,0.0015
2026-08-26T12:20:29.202+02:00,1000,1024,1024,1053,316,1690,21,16278,0.4712,0.0367,0.2346,10.6225,0.2027,1.9695,504.535,12.85,63.096,12.72,136.5,378.65,0.0593,0.0105,0.0604,16000,1024,318.56,0.8533,0.0987,0.0412,0.0069
2026-08-26T12:21:59.203+02:00,1000,1024,1024,1053,318,1690,0,16291,0.0328,0.0299,0.5213,0.121,0.2051,1.8278,2.924,8.654,9.677,165.19,35.92,14.75,0.0073,0.0078,0.0991,16000,1024,75.32,0.7392,0.1815,0.059,0.0203
2026-08-26T12:22:59.204+02:00,1000,1024,1024,1053,319,1691,0,16298,0.0328,0.031,0.121,0.1017,0.1805,2.2814,2.965,4.685,262.229,139.05,38.74,25.57,0.0077,0.0074,0.0243,16000,1024,160.27,0.8959,0.0555,0.0426,0.006
2026-08-26T12:23:29.204+02:00,1000,1024,1024,1053,319,1691,2,16300,0.0332,0.03,0.1108,0.1271,0.2038,1.9757,2.992,6.563,247.779,74.81,95.7,237.4,0.0082,0.0068,0.018,16000,1024,170.93,0.9686,0.0185,0.0105,0.0023
2026-08-26T12:23:59.203+02:00,1000,1024,1024,1053,319,1691,5,16305,0.0321,0.0329,0.1872,0.22,0.2049,1.9602,4.785,9.178,99.799,92.7,57.88,104.99,0.0081,0.0082,0.0404,16000,1024,545.56,0.9725,0.0175,0.0079,0.0021
2026-08-26T12:24:29.205+02:00,1000,1024,1024,1053,319,1692,1,16306,0.0333,0.0321,0.1286,0.1029,0.2063,1.9659,2.805,8.832,161.274,40.64,13.05,62.26,0.007,0.0076,0.0305,16000,1024,1036.52,0.9957,0.0027,0.0014,0.0002
2026-08-26T12:24:59.206+02:00,1000,1024,1024,1053,319,1693,0,16306,0.0333,0.0314,0.1442,0.1077,0.2048,1.9618,3.188,4.483,134.6,154.22,156.96,247.14,0.0071,0.0073,0.0167,16000,1024,804.16,0.9478,0.0369,0.0123,0.003
2026-08-26T12:25:29.205+02:00,1000,1024,1024,1053,319,1695,0,16306,0.0325,0.0322,0.1107,0.1021,0.209,1.9712,2.928,7.328,245.596,72.79,90.3,18.82,0.0104,0.0084,0.0179,16000,1024,318.91,0.9912,0.0047,0.0034,0.0007
2026-08-26T12:25:59.205+02:00,1000,1024,1024,1053,319,1698,2,16308,0.0326,0.0328,0.1105,0.1184,0.2082,1.9649,2.987,6.721,244.576,61.87,112.03,50.82,0.0081,0.0083,0.0131,16000,1024,491.22,0.9932,0.0045,0.0019,0.0004
2026-08-26T12:26:29.207+02:00,1000,1024,1025,1055,319,1698,35,16343,0.4711,0.0392,0.2748,10.6216,0.2057,2.2371,504.87,12.773,43.535,89.78,97.75,50.71,0.0559,0.01,0.0438,16000,1024,236.5,0.9891,0.0041,0.0048,0.002
2026-08-26T12:26:59.206+02:00,1000,1024,1024,1053,319,1698,5,16348,0.3341,0.0323,0.1503,10.6329,0.2085,1.961,1001.288,10.314,141.716,10.1,154.94,37.35,0.0147,0.0068,0.0122,16000,1024,286.9,0.8584,0.0993,0.0373,0.005
2026-08-26T12:27:29.206+02:00,1000,1024,1024,1053,319,1698,1,16349,0.0333,0.0317,0.1159,0.12,0.2052,1.9605,3.051,7.43,239.823,6.05,160.64,39.36,0.0089,0.01,0.0208,16000,1024,210.97,0.9535,0.0174,0.0217,0.0074
2026-08-26T12:27:59.207+02:00,1000,1024,1024,1053,319,1699,1,16350,0.0324,0.0285,0.0768,0.1096,0.1147,1.9633,3.107,3.121,416.594,99.7,70.45,184.31,0.008,0.0053,0.0103,16000,1024,104.88,0.8224,0.1019,0.0594,0.0163
2026-08-26T12:28:29.208+02:00,1000,1024,1024,1053,319,1700,18,16368,0.0331,0.0308,0.166,0.118,0.2101,1.9488,3.052,12.171,111.581,118.88,25.61,95.52,0.0068,0.0072,0.0286,16000,1024,198.61,0.9727,0.012,0.0114,0.0038
2026-08-26T12:28:59.207+02:00,1000,1024,1024,1053,319,1701,6,16374,0.0335,0.0311,0.1399,0.1052,0.2068,1.9587,2.85,9.878,168.836,37.41,47.57,362.89,0.0078,0.0068,0.0288,16000,1024,166.89,0.9147,0.0467,0.0328,0.0058
2026-08-26T12:29:29.235+02:00,1000,1024,1051,1081,319,1704,16,16390,0.0332,0.0347,0.1754,0.2233,0.2094,2.2532,4.828,9.412,115.83,50.39,47.82,135.68,0.0081,0.0104,0.022,16000,1024,177.26,0.9247,0.0305,0.0401,0.0047
2026-08-26T12:29:59.211+02:00,1000,1024,1024,1053,319,1704,15,16405,0.334,0.0304,0.1521,10.6324,0.2106,2.258,1002.593,7.162,127.259,40.35,32.27,95.95,0.0486,0.0077,0.0336,16000,1024,128.01,0.8332,0.061,0.0864,0.0193
2026-08-26T12:30:29.212+02:00,1000,1024,1024,1053,319,1705,18,16423,0.0312,0.0335,0.2073,0.1086,0.2087,2.2442,2.713,8.851,84.151,44.35,45.71,85.72,0.0082,0.0094,0.0389,16000,1024,206.6,0.9697,0.0113,0.0169,0.0021
2026-08-26T12:30:59.215+02:00,1000,1024,1024,1053,319,1705,0,16423,0.0327,0.0322,0.1401,0.1069,0.2085,1.9546,2.783,8.979,166.283,191.54,45.08,1.47,0.0063,0.0076,0.0226,16000,1024,207.01,0.9635,0.0177,0.0156,0.0032
2026-08-26T12:31:29.220+02:00,1000,1024,1031,1060,319,1706,21,16444,0.0348,0.0332,0.2009,0.2244,0.2073,2.2459,4.532,10.549,78.753,13.67,58.5,238.47,0.0082,0.0077,0.0322,16000,1024,518.47,0.9086,0.0361,0.0508,0.0045
2026-08-26T12:31:59.280+02:00,1000,1024,1093,1123,319,1707,40,16484,0.3344,0.038,0.254,10.6348,0.21,2.2296,998.432,10.863,54.918,61.64,118.41,117.43,0.0162,0.0085,0.0305,16000,1024,118.77,0.8955,0.0296,0.0697,0.0053
2026-08-26T12:32:29.209+02:00,1000,1024,1024,1053,319,1710,0,16484,0.0336,0.0294,0.0753,0.1096,0.2098,1.9526,2.853,5.364,442.637,80.45,177.69,104.55,0.0088,0.006,0.0138,16000,1024,183.45,0.9344,0.0182,0.0428,0.0046
2026-08-26T12:32:59.210+02:00,1000,1024,1024,1053,319,1711,0,16484,0.0341,0.032,0.1195,0.2255,0.2105,2.2541,4.62,6.148,261.573,119.9,15.28,49.51,0.0066,0.0095,0.0163,16000,1024,278.7,0.9846,0.0062,0.0072,0.002
2026-08-26T12:33:29.211+02:00,1000,1024,1024,1053,319,1713,1,16485,0.0345,0.0324,0.0961,0.1093,0.2106,1.9455,2.916,5.884,327.94,13.78,64.34,114.37,0.009,0.0098,0.0185,16000,1024,353.16,0.9744,0.0135,0.0109,0.0013
2026-08-26T12:33:59.211+02:00,1000,1024,1024,1053,319,1715,0,16485,0.0345,0.035,0.1739,0.1066,0.2085,1.9373,3.026,10.375,112.771,24.63,118.85,74.14,0.0069,0.0097,0.0281,16000,1024,113.57,0.828,0.0701,0.0891,0.0128
2026-08-26T12:34:29.213+02:00,1000,1024,1024,1053,319,1717,10,16495,0.3341,0.0326,0.1661,10.6315,0.2133,2.0438,1001.435,9.349,113.398,118.17,68.06,107.94,0.0457,0.0088,0.0269,16000,1024,194.09,0.8431,0.0509,0.0998,0.0062
2026-08-26T12:34:59.212+02:00,1000,1024,1024,1053,319,1718,8,16503,0.0334,0.0337,0.186,0.2243,0.212,2.2409,4.836,13.692,94.685,89.47,20.75,430.74,0.0095,0.0083,0.0448,16000,1024,343.85,0.9316,0.0435,0.0197,0.0052
2026-08-26T12:35:29.212+02:00,1000,1024,1024,1053,319,1719,0,16503,0.0346,0.0292,0.0761,0.1097,0.2114,1.95,3.238,5.532,420.586,7.02,123.91,67.68,0.0074,0.0064,0.0151,16000,1024,293.77,0.9612,0.0162,0.0204,0.0022
2026-08-26T12:35:59.214+02:00,1000,1024,1024,1053,319,1720,15,16518,0.1372,0.2234,0.7737,4.2458,4.9984,9.0019,895.337,489.626,124.828,37.75,210.6,70.91,0.0129,0.0168,0.1015,16000,1024,135.76,0.843,0.0465,0.0982,0.0123
2026-08-26T12:36:29.213+02:00,1000,1024,1024,1053,319,1720,20,16538,0.0333,0.2693,0.8174,0.1234,5.11,8.7677,3.076,333.16,111.574,11.15,18.56,477.83,0.0086,0.0379,0.132,16000,1024,169.09,0.9302,0.0213,0.044,0.0046
2026-08-26T12:36:59.213+02:00,1000,1024,1024,1053,319,1721,1,16539,0.0337,0.0295,0.077,0.1417,0.2106,1.9409,3.244,5.238,394.608,5.42,89.77,20.5,0.0077,0.0075,0.0145,16000,1024,110.88,0.6046,0.1429,0.2287,0.0238
2026-08-26T12:37:29.214+02:00,1000,1024,1024,1053,319,1723,0,16539,0.033,0.0298,0.045,0.1181,0.0952,0.1552,3.206,2.956,2.813,86.8,159.92,27.44,0.007,0.0073,0.0102,16000,1024,200.79,0.9695,0.0095,0.0189,0.0021
2026-08-26T12:37:59.216+02:00,1000,1024,1024,1053,319,1725,7,16546,0.0318,0.0307,0.165,0.2226,0.2138,2.2439,5.029,4.961,130.599,45.6,94.79,191.13,0.0066,0.0054,0.019,16000,1024,171.59,0.9031,0.0366,0.0549,0.0054
2026-08-26T12:38:29.215+02:00,1000,1024,1024,1053,319,1726,1,16547,0.0333,0.0305,0.0743,0.1172,0.2108,1.9366,2.983,4.869,451.281,12.34,37.53,167.65,0.0085,0.0069,0.0103,16000,1024,152.91,0.8367,0.043,0.1105,0.0097
2026-08-26T12:38:59.217+02:00,1000,1024,1024,1053,319,1726,20,16567,0.3342,0.0329,0.1645,10.6327,0.2132,2.2331,1000.464,10.566,115.611,38.08,8.66,80.1,0.0188,0.0113,0.0384,16000,1024,509.78,0.9686,0.0182,0.0115,0.0018
2026-08-26T12:39:29.215+02:00,1000,1024,1024,1053,319,1727,21,16588,0.471,0.0388,0.246,10.6234,0.2109,2.2171,505.3,12.898,56.0,99.6,3.93,1.54,0.0169,0.0081,0.045,16000,1024,163.29,0.9454,0.0261,0.0237,0.0049
2026-08-26T12:39:59.215+02:00,1000,1024,1024,1053,319,1727,0,16588,0.0332,0.03,0.075,0.1126,0.2126,1.9364,3.053,5.296,434.101,124.18,55.28,66.69,0.0079,0.0074,0.0095,16000,1024,338.49,0.9501,0.0213,0.0259,0.0027
2026-08-26T12:40:29.216+02:00,1000,1024,1024,1053,319,1728,0,16588,0.0328,0.0295,0.0445,0.1538,0.0919,0.1521,3.469,2.912,3.028,18.08,121.98,77.11,0.0099,0.0066,0.0102,16000,1024,149.97,0.8971,0.0234,0.0725,0.007
2026-08-26T12:40:59.216+02:00,1000,1024,1024,1053,319,1731,2,16590,0.0344,0.0308,0.0975,0.1128,0.2134,1.9329,3.054,6.869,301.792,35.72,50.7,35.04,0.0085,0.0089,0.019,16000,1024,479.61,0.9359,0.0365,0.0247,0.003
2026-08-26T12:41:29.217+02:00,1000,1024,1024,1053,319,1732,0,16590,0.034,0.0313,0.0748,0.1449,0.2135,1.9331,3.069,4.762,434.968,114.09,138.48,40.91,0.0088,0.0074,0.0119,16000,1024,194.95,0.8811,0.0354,0.0714,0.012
2026-08-26T12:41:59.216+02:00,1000,1024,1024,1053,319,1734,3,16593,0.0348,0.0331,0.5238,0.2205,0.2171,2.0782,4.377,11.038,9.328,35.44,186.36,314.4,0.0093,0.0062,0.1033,16000,1024,189.84,0.895,0.0492,0.0495,0.0064
2026-08-26T12:42:29.217+02:00,1000,1024,1024,1053,319,1735,0,16593,0.0333,0.0315,0.1285,0.1158,0.2132,1.9235,2.988,10.192,195.785,87.27,46.61,253.0,0.0075,0.0075,0.0221,16000,1024,106.05,0.8819,0.0526,0.058,0.0075
2026-08-26T12:42:59.218+02:00,1000,1024,1024,1053,319,1735,3,16596,0.0322,0.0307,0.096,0.1037,0.2149,1.9255,2.835,5.118,315.4,28.75,69.49,8.5,0.0069,0.0066,0.0163,16000,1024,413.09,0.9262,0.044,0.0251,0.0046
2026-08-26T12:43:29.218+02:00,1000,1024,1024,1053,319,1736,1,16597,0.0316,0.0331,0.1132,0.0982,0.2132,1.927,2.895,7.073,245.666,97.96,74.03,88.99,0.0083,0.007,0.0178,16000,1024,323.75,0.953,0.0243,0.0201,0.0026
2026-08-26T12:44:29.236+02:00,1000,1024,1041,1071,320,1737,37,16642,0.032,0.038,0.2244,0.1091,0.2126,2.2093,2.913,11.882,62.165,54.66,12.53,234.02,0.0085,0.0094,0.0333,16000,1024,310.37,0.9738,0.0134,0.0113,0.0014
2026-08-26T12:44:59.219+02:00,1000,1024,1024,1053,320,1738,0,16642,0.0619,0.0344,0.1085,0.2216,0.2149,1.9235,2.27,5.552,240.701,15.4,114.46,80.2,0.0157,0.008,0.0161,16000,1024,90.63,0.8049,0.0913,0.0896,0.0142
2026-08-26T12:45:59.239+02:00,1000,1024,1033,1062,321,1741,19,16662,0.0347,0.0322,0.1657,0.2207,0.2144,2.2153,4.005,11.241,116.698,20.39,133.85,29.65,0.0096,0.0085,0.0242,16000,1024,162.41,0.9474,0.0284,0.0192,0.0049
2026-08-26T12:46:29.231+02:00,1000,1024,1024,1053,321,1742,3,16665,0.0331,0.0321,0.1604,0.102,0.2114,2.0686,2.889,9.259,126.068,24.74,126.79,181.98,0.0087,0.0071,0.0203,16000,1024,273.9,0.9813,0.006,0.0114,0.0013
2026-08-26T12:46:59.233+02:00,1000,1024,1030,1059,321,1744,15,16680,0.0334,0.0343,0.1957,0.2205,0.2123,2.077,4.276,11.645,91.619,148.3,9.42,229.52,0.0096,0.0082,0.0323,16000,1024,172.97,0.9307,0.0287,0.0325,0.008
2026-08-26T12:47:29.230+02:00,1000,1024,1024,1053,321,1745,1,16681,0.334,0.0315,0.4917,10.632,0.2165,1.7787,1003.195,12.509,10.369,11.37,1.46,474.82,0.0354,0.0081,0.0955,16000,1024,179.83,0.8337,0.0559,0.0968,0.0137
2026-08-26T12:48:29.224+02:00,1000,1024,1024,1053,322,1746,7,16696,0.0316,0.0319,0.1462,0.1441,0.2162,1.9104,3.062,8.639,141.994,46.16,75.35,296.67,0.0089,0.0067,0.0294,16000,1024,961.52,0.9959,0.0017,0.002,0.0004
2026-08-26T12:48:59.240+02:00,1000,1024,1024,1053,322,1749,3,16699,0.0328,0.033,0.1347,0.1299,0.2171,1.9085,3.248,10.99,136.703,33.41,40.18,187.79,0.0072,0.0081,0.0279,16000,1024,305.82,0.9825,0.0092,0.0073,0.001
2026-08-26T12:49:29.225+02:00,1000,1024,1024,1053,322,1751,9,16708,0.0324,0.0336,0.1755,0.1052,0.2168,1.9013,2.788,11.791,100.356,4.61,32.23,134.93,0.0085,0.009,0.0417,16000,1024,91.05,0.7449,0.0723,0.1635,0.0192
2026-08-26T12:49:59.258+02:00,1000,1024,1024,1053,322,1753,0,16708,0.033,0.0307,0.0661,0.1054,0.2167,1.6103,2.877,5.108,343.846,152.54,116.08,19.94,0.0067,0.0066,0.0137,16000,1024,183.69,0.9519,0.0164,0.0294,0.0023
2026-08-26T12:50:29.232+02:00,1000,1024,1028,1057,322,1755,5,16713,0.0325,0.0298,0.1083,0.1156,0.2151,2.2135,3.013,7.79,263.826,72.06,84.82,76.2,0.0104,0.0056,0.0126,16000,1024,172.11,0.9255,0.0316,0.0357,0.0072
2026-08-26T12:50:59.234+02:00,1000,1024,1024,1053,322,1756,4,16717,0.0333,0.0311,0.0748,0.1123,0.2183,1.9137,2.974,4.799,418.098,43.6,27.33,106.14,0.0078,0.0055,0.0109,16000,1024,117.41,0.6314,0.1227,0.2337,0.0123
2026-08-26T12:51:29.229+02:00,1000,1024,1024,1053,322,1757,7,16724,0.0325,0.0334,0.1622,0.1162,0.2183,2.2095,2.85,10.855,125.86,17.14,19.08,81.97,0.0081,0.0109,0.0342,16000,1024,474.18,0.9827,0.0099,0.0063,0.0012
2026-08-26T12:52:29.233+02:00,1000,1024,1029,1059,323,1758,18,16763,0.3343,0.0349,0.1892,10.6332,0.2185,1.8985,999.701,13.209,83.75,24.54,19.09,242.3,0.0389,0.0077,0.0399,16000,1024,212.65,0.9247,0.0272,0.0422,0.0058
2026-08-26T12:52:59.233+02:00,1000,1024,1024,1053,323,1758,1,16764,0.0338,0.0291,0.5319,0.0965,0.1105,1.7362,2.876,3.067,8.182,13.43,28.96,62.41,0.0088,0.0068,0.1361,16000,1024,312.45,0.979,0.0088,0.0108,0.0014
2026-08-26T12:53:29.225+02:00,1000,1024,1024,1053,323,1758,7,16771,0.3341,0.031,0.1191,10.6318,0.2195,1.9073,1001.575,9.261,191.789,54.66,52.41,200.21,0.0107,0.0076,0.018,16000,1024,240.02,0.926,0.0454,0.0259,0.0026
2026-08-26T12:54:59.233+02:00,1000,1024,1024,1053,325,1760,5,16783,0.0321,0.0317,0.1231,0.0918,0.2181,1.9031,2.812,6.787,194.803,82.15,20.54,115.35,0.0083,0.0077,0.0208,16000,1024,291.07,0.8453,0.1424,0.0102,0.0021
2026-08-26T12:55:59.233+02:00,1000,1024,1024,1054,326,1763,8,16798,0.0324,0.0316,0.1126,0.1157,0.2198,1.9102,3.146,9.136,242.231,26.56,21.53,180.85,0.0073,0.0069,0.0137,16000,1024,315.02,0.9821,0.0101,0.0065,0.0013
2026-08-26T12:56:29.267+02:00,1000,1024,1024,1053,326,1763,21,16819,0.4711,0.0367,0.2139,10.6215,0.2191,1.8833,504.617,12.648,66.984,111.31,69.56,26.43,0.0503,0.0083,0.0369,16000,1024,271.38,0.9699,0.0135,0.0146,0.002
2026-08-26T12:56:59.238+02:00,1000,1024,1024,1053,326,1766,12,16831,0.3341,0.0335,0.1639,10.6347,0.2161,2.2002,1001.957,11.608,127.307,29.99,122.3,176.25,0.0439,0.0082,0.0312,16000,1024,271.29,0.9583,0.0131,0.0251,0.0035
2026-08-26T12:57:29.242+02:00,1000,1024,1024,1053,326,1767,0,16831,0.0342,0.0293,0.468,0.1036,0.2167,1.7762,2.978,5.801,12.094,46.6,13.42,82.16,0.0077,0.0075,0.1083,16000,1024,268.88,0.9801,0.0105,0.0085,0.0009
2026-08-26T12:57:59.237+02:00,1000,1024,1024,1053,326,1768,9,16840,0.3341,0.0342,0.1612,10.6339,0.217,1.8938,1002.632,11.168,110.714,67.51,58.38,140.48,0.0475,0.0079,0.0322,16000,1024,387.2,0.9912,0.0037,0.0044,0.0007
2026-08-26T12:58:29.256+02:00,1000,1024,1024,1053,326,1769,6,16846,0.3341,0.0331,0.1426,10.6335,0.2193,1.895,1002.105,11.148,120.328,94.67,140.12,93.13,0.025,0.0083,0.0217,16000,1024,247.62,0.9389,0.0331,0.0237,0.0043
2026-08-26T12:58:59.232+02:00,1000,1024,1024,1053,326,1772,20,16866,0.0335,0.0346,0.1839,0.125,0.2164,1.8894,3.178,9.336,87.263,8.71,27.05,2.61,0.0084,0.0075,0.034,16000,1024,214.43,0.9341,0.0436,0.0191,0.0031
2026-08-26T12:59:29.233+02:00,1000,1024,1024,1053,326,1774,4,16870,0.0323,0.033,0.0972,0.1174,0.2211,1.5898,2.911,8.014,209.677,13.01,205.25,69.04,0.0082,0.0074,0.0156,16000,1024,332.29,0.9638,0.025,0.0098,0.0014
2026-08-26T12:59:59.236+02:00,1000,1024,1024,1053,326,1775,2,16872,0.0328,0.0323,0.0956,0.0954,0.217,1.9001,2.577,6.733,304.575,18.62,21.02,3.05,0.0085,0.0079,0.0114,16000,1024,163.73,0.98,0.0081,0.0098,0.0021
2026-08-26T13:00:29.235+02:00,1000,1024,1024,1053,326,1776,1,16873,0.0321,0.0295,0.075,0.1153,0.2175,1.9005,3.017,5.316,403.338,173.85,37.17,70.37,0.0069,0.0055,0.0121,16000,1024,370.3,0.9763,0.0115,0.0113,0.0009
2026-08-26T13:00:59.239+02:00,1000,1024,1024,1053,326,1777,0,16873,0.0323,0.0296,0.2681,0.1152,0.084,1.8616,3.101,2.709,38.073,88.99,92.35,22.37,0.0062,0.0064,0.0493,16000,1024,380.46,0.9947,0.0025,0.0023,0.0005
2026-08-26T13:01:29.241+02:00,1000,1024,1024,1053,326,1780,4,16877,0.3339,0.0318,0.1072,10.6325,0.2205,1.8964,1003.635,8.787,238.693,162.92,26.13,6.52,0.0254,0.0068,0.0199,16000,1024,501.37,0.9551,0.0223,0.0203,0.0023
2026-08-26T13:01:59.245+02:00,1000,1024,1024,1053,326,1782,7,16884,0.0321,0.0334,0.1561,0.1173,0.2204,1.8905,3.197,9.389,125.566,68.28,24.58,350.42,0.0071,0.0088,0.0188,16000,1024,307.07,0.9753,0.0108,0.0121,0.0018
2026-08-26T13:02:29.254+02:00,1000,1024,1026,1056,326,1786,36,16920,0.0336,0.0394,0.2716,0.1078,0.2184,2.1645,2.958,14.494,41.571,77.98,66.18,207.89,0.0099,0.0095,0.0534,16000,1024,492.12,0.9245,0.0361,0.0353,0.0042
2026-08-26T13:02:59.232+02:00,1000,1024,1024,1053,326,1786,4,16924,0.3341,0.0375,0.2151,10.6315,0.218,1.8758,1001.883,12.756,70.365,3.48,43.13,461.02,0.0093,0.0076,0.0405,16000,1024,219.22,0.9699,0.0151,0.0132,0.0018
2026-08-26T13:03:29.238+02:00,1000,1024,1024,1053,326,1787,1,16925,0.0326,0.0297,0.1634,0.2235,0.2221,2.1996,5.12,5.644,128.398,54.74,189.96,15.64,0.0069,0.0071,0.0256,16000,1024,190.68,0.9459,0.0196,0.0317,0.0029
2026-08-26T13:04:29.234+02:00,1000,1024,1024,1053,327,1788,34,16960,0.0335,0.0366,0.2292,0.2194,0.2216,1.864,4.327,15.23,59.626,96.45,45.01,54.61,0.0089,0.0079,0.0367,16000,1024,419.15,0.978,0.0083,0.0125,0.0012
2026-08-26T13:04:59.234+02:00,1000,1024,1024,1053,327,1790,1,16961,0.0326,0.0311,0.1119,0.1081,0.2216,1.8935,2.966,7.582,239.461,132.55,30.87,70.13,0.0063,0.0076,0.0265,16000,1024,180.7,0.9759,0.0153,0.0068,0.002
2026-08-26T13:05:29.234+02:00,1000,1024,1024,1053,327,1790,0,16961,0.0325,0.03,0.2519,0.1083,0.0955,1.8584,2.906,3.015,41.242,25.81,149.63,60.97,0.0089,0.0077,0.0507,16000,1024,371.36,0.9786,0.0126,0.0075,0.0013
2026-08-26T13:06:29.258+02:00,1000,1024,1024,1053,328,1792,2,16965,0.0336,0.0295,0.1277,0.0961,0.2215,1.8905,2.753,5.538,163.027,122.1,16.01,171.58,0.0074,0.0065,0.0178,16000,1024,346.91,0.9475,0.0298,0.0205,0.0022
2026-08-26T13:06:59.243+02:00,1000,1024,1024,1053,328,1794,0,16965,0.0321,0.03,0.4922,0.1158,0.0988,1.7464,2.907,2.911,9.958,118.87,20.65,187.4,0.0072,0.0075,0.1012,16000,1024,292.59,0.9784,0.0096,0.0096,0.0024
2026-08-26T13:07:59.284+02:00,1000,1024,1063,1093,329,1796,36,17005,0.4713,0.0388,0.2688,10.6256,0.2189,2.1573,504.603,14.754,40.401,251.03,42.24,59.69,0.0735,0.0102,0.0532,16000,1024,166.92,0.9791,0.0082,0.0111,0.0017
2026-08-26T13:08:29.250+02:00,1000,1024,1024,1053,329,1798,1,17006,0.0325,0.029,0.1225,0.1018,0.094,1.8895,2.819,2.988,192.929,52.68,102.72,20.49,0.0068,0.0062,0.0276,16000,1024,402.1,0.9876,0.0064,0.0055,0.0004
2026-08-26T13:08:59.256+02:00,1000,1024,1024,1053,329,1800,4,17010,0.334,0.0296,0.0833,10.6322,0.2215,1.5871,1002.373,8.397,258.196,25.54,63.47,50.18,0.0362,0.0067,0.0136,16000,1024,164.01,0.9805,0.0105,0.007,0.002
2026-08-26T13:09:29.282+02:00,1000,1024,1049,1078,329,1800,9,17019,1.1718,0.2197,0.3039,3.4755,0.6365,1.8826,2.153,2.212,7.716,49.14,49.1,26.14,1.4025,0.2779,0.3281,16000,1024,458.94,0.9523,0.0335,0.0093,0.0049
2026-08-26T13:09:59.238+02:00,1000,1024,1024,1053,329,1800,2,17021,1.3065,0.21,0.3037,1.9971,0.4011,1.8375,1.555,1.585,23.947,49.18,49.19,312.66,1.8364,0.2777,0.0816,16000,1024,347.35,0.819,0.1503,0.0141,0.0166
2026-08-26T13:10:29.239+02:00,1000,1024,1024,1053,329,1800,3,17024,1.2874,0.2172,0.1085,1.9498,0.4017,1.8887,1.555,1.655,178.047,49.36,49.36,49.36,1.6625,0.2764,0.0465,16000,1024,490.88,0.7315,0.2326,0.0261,0.0098
2026-08-26T13:10:59.238+02:00,1000,1024,1024,1053,329,1802,1,17025,1.2814,0.2229,0.0603,1.9263,0.4141,0.1726,1.553,1.673,2.883,49.4,49.4,49.36,1.8011,0.312,0.0535,16000,1024,401.76,0.5227,0.4552,0.0182,0.0038
2026-08-26T13:11:59.243+02:00,1000,1024,1024,1053,330,1804,11,17055,1.3015,0.2316,0.4984,1.9884,0.8398,1.7713,1.545,1.79,11.208,49.41,49.37,62.69,1.1367,0.2006,0.0918,16000,1024,516.33,0.7761,0.2159,0.0051,0.0029
2026-08-26T13:12:29.240+02:00,1000,1024,1024,1053,330,1806,8,17063,1.2993,0.2197,0.2104,2.2292,0.3949,2.1845,1.565,1.638,73.894,49.31,49.33,49.16,1.2889,0.2073,0.0504,16000,1024,451.74,0.75,0.2407,0.0054,0.0039
2026-08-26T13:13:29.290+02:00,1000,1024,1073,1102,331,1809,36,17106,1.414,0.2166,0.2764,10.8411,0.4127,2.1668,5.362,1.705,39.938,19.76,19.87,3.8,0.8426,0.1312,0.0594,16000,1024,402.73,0.8295,0.1536,0.0118,0.0051
2026-08-26T13:13:59.241+02:00,1000,1024,1024,1053,331,1811,6,17112,1.3932,0.2102,0.0673,2.0963,0.3982,0.2312,1.554,1.626,2.782,49.27,49.27,49.22,1.2781,0.1935,0.0335,16000,1024,350.78,0.4003,0.5794,0.014,0.0063
2026-08-26T13:14:59.244+02:00,1000,1024,1024,1053,332,1812,0,17117,1.4865,0.2071,0.1274,2.2576,0.3926,2.2064,1.551,1.667,160.262,49.3,49.29,49.28,2.1718,0.2932,0.0794,16000,1024,355.97,0.4983,0.4732,0.0188,0.0097
2026-08-26T13:15:29.252+02:00,1000,1024,1024,1053,332,1813,0,17117,1.5032,0.2072,0.1643,2.2844,0.3943,1.8956,1.554,1.68,94.934,49.28,49.28,49.28,2.1847,0.2969,0.0721,16000,1024,508.58,0.7489,0.2337,0.0123,0.0051
2026-08-26T13:15:59.260+02:00,1000,1024,1036,1066,332,1816,31,17148,1.5165,0.205,0.2218,3.8898,0.4103,2.1798,1.633,1.645,49.19,49.22,49.2,46.57,0.9886,0.1258,0.0441,16000,1024,333.66,0.595,0.3706,0.027,0.0074
2026-08-26T13:16:29.250+02:00,1000,1024,1024,1053,332,1816,0,17148,1.5485,0.2044,0.0964,2.3127,0.3845,1.9137,1.546,1.674,152.498,49.27,49.28,49.34,2.2463,0.2937,0.0813,16000,1024,378.61,0.6423,0.3325,0.0183,0.007
2026-08-26T13:16:59.243+02:00,1000,1024,1024,1053,332,1816,9,17157,1.597,0.203,0.1984,11.7218,0.3783,2.0723,4.25,1.64,74.638,49.2,49.22,49.28,1.2238,0.173,0.0586,16000,1024,401.1,0.8382,0.1424,0.0139,0.0054
2026-08-26T13:17:29.247+02:00,1000,1024,1028,1057,332,1819,1,17158,1.5563,0.2025,0.0977,2.3717,0.3795,1.9158,1.555,1.667,145.454,49.26,49.26,49.28,2.2669,0.2879,0.0782,16000,1024,481.44,0.6888,0.3027,0.0054,0.0031
2026-08-26T13:18:29.251+02:00,1000,1024,1024,1053,333,1820,0,17177,1.5821,0.1994,0.0984,2.3644,0.4023,1.9224,1.548,1.647,143.013,49.08,49.08,49.1,2.2248,0.2762,0.0846,16000,1024,405.29,0.738,0.246,0.0113,0.0047
2026-08-26T13:18:59.266+02:00,1000,1024,1042,1071,333,1821,39,17216,1.6517,0.1968,0.2861,9.5841,0.4099,2.1893,3.588,1.68,36.271,33.37,31.53,246.81,0.5996,0.0691,0.0514,16000,1024,1103.59,0.9257,0.0683,0.0039,0.0021
2026-08-26T13:19:59.252+02:00,1000,1024,1030,1060,334,1823,13,17235,1.627,0.1971,0.157,9.4177,0.3961,2.2301,2.746,1.613,123.336,49.26,49.26,49.14,1.2244,0.1414,0.0548,16000,1024,398.33,0.802,0.1839,0.0093,0.0048
2026-08-26T13:20:29.252+02:00,1000,1024,1024,1053,334,1825,2,17237,1.6194,0.2478,0.3879,2.4151,4.6954,8.7371,1.551,126.633,469.204,49.21,49.25,48.82,2.3167,0.2976,0.0795,16000,1024,494.76,0.6653,0.3189,0.0113,0.0046
2026-08-26T13:20:59.254+02:00,1000,1024,1024,1053,334,1827,1,17238,1.6345,0.1961,0.1326,2.466,0.3973,1.9364,1.555,1.622,133.454,49.21,49.21,49.07,2.2857,0.2667,0.0813,16000,1024,480.43,0.7861,0.1947,0.013,0.0062
2026-08-26T13:21:29.247+02:00,1000,1024,1024,1053,334,1831,10,17248,1.657,0.195,0.2112,4.0848,0.3598,2.2334,1.586,1.623,70.349,49.09,49.08,49.19,2.0512,0.233,0.0906,16000,1024,426.71,0.6978,0.2788,0.0129,0.0105
2026-08-26T13:21:59.256+02:00,1000,1024,1024,1053,334,1832,0,17248,1.6381,0.1961,0.1102,2.8402,0.3702,1.6329,1.552,1.605,95.02,49.19,49.18,49.18,2.3546,0.2764,0.0949,16000,1024,371.3,0.8232,0.1602,0.0107,0.0059
2026-08-26T13:22:29.247+02:00,1000,1024,1024,1053,334,1834,1,17249,1.6711,0.1947,0.0842,2.5201,0.3551,0.2596,1.552,1.62,2.652,49.17,49.17,49.17,2.3995,0.2754,0.0952,16000,1024,396.94,0.8293,0.1603,0.0069,0.0035
2026-08-26T13:22:59.253+02:00,1000,1024,1024,1053,334,1834,0,17249,1.6867,0.1938,0.1162,2.5303,0.365,1.9465,1.554,1.617,116.126,49.18,49.18,49.15,2.4259,0.2718,0.0887,16000,1024,523.95,0.6988,0.2787,0.0168,0.0057
2026-08-26T13:23:29.248+02:00,1000,1024,1024,1053,334,1835,2,17251,1.6938,0.1931,0.1134,2.5625,0.3575,1.6381,1.552,1.604,85.886,49.2,49.21,49.22,2.3558,0.2593,0.0942,16000,1024,448.36,0.8885,0.0962,0.0086,0.0067
2026-08-26T13:23:59.258+02:00,1000,1024,1024,1053,334,1836,1,17252,1.724,0.1921,0.6062,11.8733,0.4052,2.031,3.618,1.581,6.244,49.17,49.15,62.67,2.3245,0.2494,0.1279,16000,1024,368.54,0.8235,0.157,0.0125,0.0069
2026-08-26T13:24:29.253+02:00,1000,1024,1024,1053,334,1836,4,17256,1.7408,0.1943,0.1212,4.0744,0.3985,1.9508,1.56,1.619,99.191,49.13,49.13,49.18,2.0702,0.2269,0.0822,16000,1024,703.75,0.6417,0.2064,0.1021,0.0497
2026-08-26T13:24:59.263+02:00,1000,1024,1036,1066,334,1837,17,17273,1.7632,0.1895,0.1892,8.9298,0.3653,1.9339,2.353,1.611,69.469,49.14,49.15,49.17,1.8099,0.1899,0.0755,16000,1024,880.53,0.8509,0.1435,0.0039,0.0017
2026-08-26T13:25:29.266+02:00,1000,1024,1024,1053,334,1839,5,17278,1.7518,0.195,0.1526,6.8765,0.3944,1.9566,1.738,1.586,93.126,49.17,49.16,49.22,2.2792,0.2543,0.1049,16000,1024,974.63,0.931,0.0578,0.0078,0.0034
2026-08-26T13:26:29.250+02:00,1000,1024,1024,1053,335,1840,0,17279,1.7726,0.1945,0.1067,6.3422,0.3838,1.6555,1.675,1.604,58.073,49.2,49.2,49.2,2.5455,0.2734,0.113,16000,1024,523.17,0.8813,0.0871,0.0181,0.0135
2026-08-26T13:26:59.291+02:00,1000,1024,1057,1087,335,1842,30,17309,1.7388,0.1901,0.2207,4.1096,0.4029,2.2548,1.602,1.635,61.554,30.93,31.03,46.15,0.7412,0.0799,0.0512,16000,1024,705.04,0.6469,0.3157,0.03,0.0074
2026-08-26T13:27:29.251+02:00,1000,1024,1024,1053,335,1842,1,17310,1.7714,0.1914,0.11,2.6471,0.3703,1.9617,1.553,1.63,99.975,49.11,49.12,49.09,2.486,0.2602,0.108,16000,1024,502.87,0.8367,0.1423,0.0128,0.0082
2026-08-26T13:27:59.253+02:00,1000,1024,1024,1053,335,1843,16,17326,1.8072,0.1903,0.2204,3.4877,0.4101,2.2495,1.553,1.636,60.73,49.19,49.16,48.46,1.2436,0.1258,0.0562,16000,1024,441.74,0.7317,0.2522,0.0116,0.0045
2026-08-26T13:28:29.252+02:00,1000,1024,1024,1053,335,1843,1,17327,1.8091,0.1905,0.1388,2.6987,0.3729,1.9637,1.546,1.63,98.494,49.16,49.15,49.14,2.598,0.2658,0.1163,16000,1024,577.48,0.7006,0.2667,0.0249,0.0079
2026-08-26T13:28:59.252+02:00,1000,1024,1024,1053,335,1843,0,17327,1.8085,0.1884,0.1798,2.7198,0.3665,1.9535,1.549,1.61,81.826,49.13,49.13,49.13,2.5851,0.2628,0.1161,16000,1024,442.98,0.8676,0.1194,0.0081,0.0049
2026-08-26T13:29:29.252+02:00,1000,1024,1024,1053,335,1843,1,17328,1.7907,0.1865,0.1623,2.713,0.408,1.958,1.554,1.639,93.304,49.05,49.06,49.18,2.4699,0.2468,0.0984,16000,1024,511.05,0.9071,0.0837,0.007,0.0022
2026-08-26T13:30:29.267+02:00,1000,1024,1035,1064,336,1844,21,17355,1.8587,0.189,0.2079,2.8055,0.3509,1.9599,1.554,1.608,58.047,49.03,49.02,12.78,1.2018,0.1274,0.0663,16000,1024,1493.65,0.9439,0.0503,0.0045,0.0013
2026-08-26T13:31:29.266+02:00,1000,1024,1036,1065,337,1845,16,17373,1.8781,0.1876,0.272,9.3419,0.4023,2.2521,2.293,1.642,39.829,49.12,49.11,49.28,1.7768,0.1729,0.0732,16000,1024,482.59,0.7544,0.1967,0.0297,0.0192
2026-08-26T13:31:59.256+02:00,1000,1024,1024,1053,337,1848,34,17407,1.8819,0.1823,0.2158,7.252,0.4174,1.9325,1.781,1.739,51.381,26.98,26.99,30.55,0.8533,0.0819,0.0522,16000,1024,567.32,0.8393,0.1352,0.0174,0.0081
2026-08-26T13:32:29.254+02:00,1000,1024,1024,1053,337,1848,7,17414,1.9029,0.1886,0.2063,5.1013,0.4038,1.9607,1.586,1.588,67.782,49.17,49.17,49.2,2.2934,0.2217,0.1055,16000,1024,521.3,0.8643,0.124,0.0097,0.0021
2026-08-26T13:32:59.259+02:00,1000,1024,1024,1053,337,1849,2,17416,1.9057,0.1889,0.1312,2.843,0.3548,1.9716,1.55,1.607,100.166,49.12,49.12,49.11,2.6839,0.2581,0.1194,16000,1024,852.58,0.774,0.2071,0.0129,0.006
2026-08-26T13:33:59.257+02:00,1000,1024,1024,1053,338,1851,14,17448,1.9385,0.1845,0.1723,2.9473,0.339,1.9748,1.548,1.609,68.169,49.2,49.22,49.2,1.586,0.1474,0.0668,16000,1024,699.52,0.4236,0.3858,0.1811,0.0095
2026-08-26T13:34:29.258+02:00,1000,1024,1024,1053,338,1851,8,17456,1.9796,0.1864,0.1662,2.9492,0.4068,1.9737,1.536,1.644,78.385,49.18,49.18,49.11,2.2609,0.2103,0.1182,16000,1024,532.4,0.8161,0.1691,0.011,0.0037
2026-08-26T13:34:59.259+02:00,1000,1024,1024,1053,338,1852,5,17461,2.0151,0.1848,0.155,14.2027,0.3981,1.9805,3.82,1.644,79.002,49.16,49.15,49.05,2.1611,0.1844,0.097,16000,1024,442.54,0.8155,0.1679,0.0119,0.0047
2026-08-26T13:35:59.257+02:00,1000,1024,1024,1053,339,1853,6,17472,2.005,0.1852,0.2104,4.0153,0.4079,1.9648,1.54,1.677,63.165,49.1,49.15,49.08,2.1364,0.1973,0.0988,16000,1024,572.35,0.8417,0.1446,0.0108,0.0029
2026-08-26T13:36:29.264+02:00,1000,1024,1024,1053,339,1854,8,17480,1.9933,0.1861,0.1661,3.8472,0.3553,1.9684,1.582,1.61,68.262,49.19,49.24,49.24,2.2716,0.2022,0.097,16000,1024,507.73,0.7866,0.2007,0.0092,0.0034
2026-08-26T13:36:59.264+02:00,1000,1024,1027,1057,339,1854,35,17515,2.0474,0.185,0.295,3.0913,0.4113,2.2434,1.538,1.663,34.573,14.51,14.41,33.4,1.0432,0.085,0.0649,16000,1024,846.32,0.9156,0.0727,0.0095,0.0022
2026-08-26T13:37:29.260+02:00,1000,1024,1024,1053,339,1854,15,17530,2.0454,0.1868,0.1929,4.5774,0.8008,2.2708,1.562,1.988,61.528,49.19,49.22,51.3,1.3576,0.1362,0.0655,16000,1024,526.28,0.7943,0.196,0.0073,0.0024
2026-08-26T13:38:29.260+02:00,1000,1024,1024,1053,340,1856,2,17546,2.0476,0.1809,0.7087,3.343,0.4144,1.9892,1.552,1.653,4.438,49.06,49.06,187.39,2.7928,0.2086,0.1654,16000,1024,607.39,0.9003,0.0942,0.0042,0.0013
2026-08-26T13:38:59.268+02:00,1000,1024,1024,1053,340,1856,0,17546,2.057,0.1835,0.1298,3.0639,0.3397,1.9964,1.542,1.632,55.953,49.06,49.06,49.03,2.928,0.2542,0.1442,16000,1024,483.2,0.8344,0.1437,0.0184,0.0035
2026-08-26T13:39:29.260+02:00,1000,1024,1024,1053,340,1857,17,17563,2.0612,0.1814,0.2238,3.2331,0.4144,1.979,1.56,1.713,52.438,49.01,48.91,49.36,1.238,0.1001,0.0658,16000,1024,571.07,0.8537,0.1324,0.0108,0.0031
2026-08-26T13:39:59.260+02:00,1000,1024,1024,1053,340,1858,5,17568,0.3149,0.0321,0.1076,10.0123,0.2025,1.9978,998.183,6.957,234.675,8.89,55.38,3.43,0.0431,0.0082,0.0272,16000,1024,278.7,0.9653,0.0271,0.0057,0.002
2026-08-26T13:40:29.260+02:00,1000,1024,1024,1053,340,1859,1,17569,0.033,0.0318,0.1169,0.1089,0.2041,1.9956,3.055,7.247,248.874,109.07,77.46,8.58,0.0097,0.0064,0.0188,16000,1024,397.24,0.8828,0.0449,0.0598,0.0125
2026-08-26T13:40:59.261+02:00,1000,1024,1024,1053,340,1859,0,17569,0.0336,0.0316,0.1171,0.123,0.202,1.9975,3.011,7.312,247.698,89.27,76.15,132.01,0.0086,0.0066,0.0181,16000,1024,380.35,0.9409,0.0114,0.0234,0.0243
2026-08-26T13:41:29.261+02:00,1000,1024,1024,1053,340,1859,0,17569,0.0337,0.0316,0.1176,0.1221,0.2,1.9995,3.01,7.052,245.109,161.12,42.33,5.66,0.0074,0.0071,0.0239,16000,1024,173.84,0.9043,0.0572,0.0309,0.0076
2026-08-26T13:42:29.266+02:00,1000,1024,1024,1053,341,1862,0,17605,0.0333,0.0311,0.1172,0.117,0.2028,2.0043,2.955,7.658,250.34,121.22,66.25,88.61,0.007,0.0079,0.0212,16000,1024,170.16,0.8205,0.0721,0.0932,0.0142
2026-08-26T13:42:59.262+02:00,1000,1024,1024,1053,341,1865,2,17607,0.334,0.0344,0.1718,10.6284,0.2043,2.2969,1001.641,8.097,128.083,9.93,26.66,173.97,0.0202,0.0074,0.0322,16000,1024,208.19,0.9615,0.0224,0.0138,0.0023
2026-08-26T13:43:29.276+02:00,1000,1024,1036,1066,341,1865,32,17639,0.334,0.0367,0.2705,10.6302,0.1996,2.2609,1001.965,11.241,43.523,84.72,6.48,94.53,0.0461,0.0102,0.0603,16000,1024,526.08,0.9857,0.0045,0.0089,0.0009
2026-08-26T13:43:59.263+02:00,1000,1024,1024,1053,341,1867,0,17639,0.0335,0.0322,0.0776,0.1042,0.2039,2.0018,3.017,4.227,432.24,19.25,99.37,84.78,0.0076,0.0083,0.0121,16000,1024,139.02,0.9518,0.0307,0.015,0.0025
2026-08-26T13:44:29.263+02:00,1000,1024,1024,1053,341,1867,0,17639,0.0341,0.0291,0.0767,0.1095,0.2031,1.9945,2.853,5.055,447.305,61.65,41.08,210.04,0.0079,0.0072,0.0121,16000,1024,331.93,0.9498,0.0375,0.0096,0.0032
2026-08-26T13:44:59.264+02:00,1000,1024,1024,1053,341,1867,13,17652,0.3341,0.0349,0.1829,10.6297,0.2014,1.9835,1001.066,9.329,101.623,114.35,18.59,38.85,0.0276,0.008,0.021,16000,1024,219.84,0.9435,0.0245,0.0251,0.0068
2026-08-26T13:45:29.264+02:00,1000,1024,1024,1053,341,1867,9,17661,0.0329,0.0317,0.1318,0.1183,0.2036,1.9861,3.332,5.908,201.225,28.05,56.17,70.2,0.0088,0.007,0.0165,16000,1024,216.79,0.9388,0.0296,0.0285,0.0031
2026-08-26T13:45:59.267+02:00,1000,1024,1024,1053,341,1868,1,17662,0.0343,0.0294,0.5055,0.1153,0.204,1.8487,2.958,5.047,11.06,192.21,17.59,62.39,0.0093,0.0071,0.0984,16000,1024,273.0,0.3273,0.6579,0.0128,0.002
2026-08-26T13:46:29.265+02:00,1000,1024,1024,1053,341,1870,3,17665,0.0337,0.0303,0.0695,0.1083,0.1018,1.683,2.982,2.874,336.744,81.05,87.11,238.6,0.0081,0.0078,0.0116,16000,1024,180.66,0.9784,0.0122,0.0068,0.0027
2026-08-26T13:46:59.265+02:00,1000,1024,1024,1053,341,1871,0,17665,0.0337,0.0323,0.13,0.1176,0.2061,1.9843,2.972,10.059,160.951,96.15,152.05,207.97,0.009,0.0086,0.028,16000,1024,162.29,0.911,0.0505,0.0316,0.0069
2026-08-26T13:47:29.266+02:00,1000,1024,1024,1053,341,1871,1,17666,0.0317,0.0316,0.0991,0.0995,0.2058,1.986,2.77,5.948,315.117,88.4,143.39,21.27,0.0079,0.0061,0.0131,16000,1024,218.91,0.9646,0.0272,0.0066,0.0017
2026-08-26T13:47:59.270+02:00,1000,1024,1024,1053,341,1874,2,17668,0.0331,0.0301,0.0981,0.1186,0.2046,1.9831,3.028,6.808,326.788,58.81,209.44,130.09,0.0071,0.0068,0.0102,16000,1024,305.48,0.9174,0.0503,0.0283,0.0039
2026-08-26T13:48:29.268+02:00,1000,1024,1024,1053,341,1877,6,17674,0.0325,0.0343,0.1319,0.1177,0.4084,1.9797,2.969,25.243,197.645,59.22,72.01,25.91,0.0082,0.0098,0.0192,16000,1024,489.42,0.9756,0.0172,0.006,0.0012
2026-08-26T13:48:59.267+02:00,1000,1024,1024,1053,341,1878,8,17682,0.0361,0.0323,0.1544,0.2185,0.2045,1.9745,4.04,6.936,143.659,49.93,82.0,101.4,0.0103,0.0067,0.0276,16000,1024,291.38,0.9567,0.0228,0.0168,0.0037
2026-08-26T13:49:59.271+02:00,1000,1024,1024,1053,342,1879,2,17693,0.0342,0.0289,0.0436,0.126,0.0942,0.1767,3.005,3.068,3.346,211.51,81.73,108.59,0.009,0.0063,0.0092,16000,1024,684.0,0.9966,0.0021,0.0011,0.0003
2026-08-26T13:50:29.287+02:00,1000,1024,1024,1053,342,1880,0,17693,0.0338,0.0289,0.044,0.1115,0.1144,0.1346,2.825,3.088,2.811,29.39,80.93,144.72,0.0083,0.0062,0.0102,16000,1024,604.24,0.8896,0.0844,0.0157,0.0102
2026-08-26T13:50:59.282+02:00,1000,1024,1024,1053,342,1880,2,17695,0.0336,0.0325,0.1583,0.2237,0.209,2.2722,4.441,6.012,152.715,49.03,53.01,23.57,0.0081,0.0086,0.0297,16000,1024,429.8,0.5353,0.4482,0.0132,0.0033
2026-08-26T13:51:29.280+02:00,1000,1024,1024,1053,342,1880,2,17697,0.334,0.0321,0.1371,10.6333,0.2067,1.9684,1002.826,10.185,166.795,6.75,95.58,84.95,0.0097,0.0078,0.0212,16000,1024,160.33,0.923,0.0513,0.022,0.0037
2026-08-26T13:51:59.276+02:00,1000,1024,1024,1053,342,1882,6,17703,0.0333,0.0318,0.1503,0.1042,0.2072,1.9621,2.872,7.512,142.185,26.01,55.22,167.4,0.0066,0.0087,0.0312,16000,1024,678.96,0.9932,0.0041,0.0023,0.0003
2026-08-26T13:52:59.275+02:00,1000,1024,1024,1053,343,1886,0,17714,0.0334,0.03,0.1036,0.2216,0.2069,2.2774,4.405,5.017,355.079,68.72,97.88,80.83,0.0085,0.0055,0.0178,16000,1024,756.57,0.9986,0.0007,0.0006,0.0001
2026-08-26T13:53:29.272+02:00,1000,1024,1024,1053,343,1886,6,17720,0.3342,0.0337,0.1413,10.6347,0.2079,1.962,1001.46,8.95,163.375,26.39,30.21,77.89,0.0441,0.0091,0.0296,16000,1024,455.17,0.9853,0.0083,0.0056,0.0008
2026-08-26T13:53:59.278+02:00,1000,1024,1031,1060,343,1886,21,17741,0.3341,0.0339,0.1541,10.6324,0.2084,1.9595,1001.755,8.827,140.36,19.38,32.79,127.06,0.0102,0.0085,0.0199,16000,1024,444.42,0.9949,0.0028,0.0019,0.0004
2026-08-26T13:54:29.271+02:00,1000,1024,1024,1053,343,1887,5,17746,0.0334,0.0336,0.1533,0.1122,0.2076,1.9611,3.155,10.225,143.595,221.28,80.55,36.42,0.008,0.0087,0.0251,16000,1024,199.16,0.8978,0.0431,0.0511,0.008
2026-08-26T13:54:59.272+02:00,1000,1024,1024,1053,343,1888,0,17746,0.0329,0.0301,0.0974,0.1016,0.2057,1.96,2.995,6.77,320.94,212.92,83.99,20.6,0.0068,0.0056,0.0124,16000,1024,316.18,0.9681,0.0158,0.0129,0.0032
2026-08-26T13:55:29.275+02:00,1000,1024,1024,1053,343,1888,0,17746,0.0339,0.0325,0.1443,0.1122,0.2088,1.9552,2.976,8.763,164.191,21.52,40.25,36.85,0.0086,0.0067,0.0228,16000,1024,315.6,0.9908,0.0047,0.0036,0.001
2026-08-26T13:55:59.276+02:00,1000,1024,1024,1054,343,1891,28,17774,0.334,0.0379,0.2604,10.6313,0.2093,2.2411,1001.951,12.891,50.721,4.21,17.96,471.46,0.0491,0.0102,0.0607,16000,1024,373.39,0.9596,0.0206,0.0174,0.0024
2026-08-26T13:56:29.272+02:00,1000,1024,1024,1053,343,1891,5,17779,0.0337,0.0312,0.1317,0.0973,0.2083,2.268,2.92,4.642,206.055,23.98,43.66,142.61,0.0105,0.0084,0.0223,16000,1024,310.73,0.9775,0.0116,0.0081,0.0028
2026-08-26T13:56:59.273+02:00,1000,1024,1024,1053,343,1891,4,17783,0.0335,0.0292,0.0839,0.2229,0.1019,2.2713,4.779,3.085,525.069,99.73,33.54,93.76,0.0067,0.006,0.0106,16000,1024,149.29,0.8942,0.0639,0.0368,0.0051
2026-08-26T13:57:29.273+02:00,1000,1024,1024,1053,343,1894,0,17783,0.1369,0.6351,2.5463,4.2457,4.6136,7.9376,904.363,51.678,8.357,162.75,50.88,62.02,0.0113,0.1086,0.6529,16000,1024,504.35,0.9848,0.0112,0.003,0.0011
2026-08-26T13:57:59.273+02:00,1000,1024,1024,1053,343,1898,26,17809,0.0337,0.0322,0.181,0.2213,0.2126,2.252,4.779,9.454,105.522,23.1,6.71,222.85,0.0108,0.0103,0.0285,16000,1024,153.67,0.9281,0.0424,0.0251,0.0044
2026-08-26T13:58:29.289+02:00,1000,1024,1039,1068,343,1900,21,17830,0.0349,0.0358,0.2346,0.2231,0.2103,2.2398,4.482,12.914,63.436,65.73,27.1,395.38,0.0082,0.0078,0.047,16000,1024,434.59,0.653,0.1301,0.0816,0.1354
2026-08-26T13:59:59.277+02:00,1000,1024,1024,1053,345,1903,5,17853,0.0346,0.0311,0.1145,0.1123,0.212,1.9479,2.915,4.912,245.85,105.21,54.77,10.1,0.0086,0.0063,0.0212,16000,1024,265.1,0.9799,0.0115,0.0075,0.0012
2026-08-26T14:00:29.276+02:00,1000,1024,1024,1053,345,1904,7,17860,0.0314,0.0345,0.194,0.1022,0.2098,2.246,2.955,9.956,103.224,104.3,69.97,2.24,0.0071,0.009,0.0478,16000,1024,240.38,0.9592,0.0212,0.0138,0.0057
2026-08-26T14:00:59.293+02:00,1000,1024,1040,1070,345,1904,6,17866,0.033,0.0301,0.1255,0.1354,0.2097,1.9503,3.094,5.02,199.413,132.82,18.63,80.05,0.008,0.0079,0.0116,16000,1024,135.75,0.9341,0.039,0.0223,0.0045
2026-08-26T14:01:29.280+02:00,1000,1024,1024,1053,345,1905,3,17869,0.0357,0.033,0.1301,0.2206,0.2132,2.2522,5.373,5.774,209.549,18.5,66.09,92.48,0.009,0.007,0.0151,16000,1024,470.47,0.9827,0.0079,0.0076,0.0018
2026-08-26T14:01:59.276+02:00,1000,1024,1024,1053,345,1906,1,17870,0.0337,0.0322,0.1302,0.1162,0.2101,1.9453,2.984,9.392,194.809,62.24,97.86,153.2,0.0077,0.0078,0.026,16000,1024,180.65,0.8312,0.0718,0.0903,0.0067
2026-08-26T14:02:29.277+02:00,1000,1024,1024,1053,345,1907,0,17870,0.0318,0.0297,0.4792,0.1168,0.2105,1.812,3.216,5.044,11.281,99.54,25.28,187.3,0.0064,0.0066,0.1191,16000,1024,294.72,0.9596,0.018,0.0211,0.0013
2026-08-26T14:03:29.277+02:00,1000,1024,1024,1053,346,1910,4,17898,0.0318,0.0297,0.0906,0.1065,0.1163,1.9405,2.79,3.217,308.127,53.74,55.23,29.86,0.0065,0.0072,0.0152,16000,1024,255.99,0.9461,0.0375,0.0147,0.0018
2026-08-26T14:04:29.279+02:00,1000,1024,1024,1053,347,1913,4,17903,0.0336,0.0318,0.1347,0.1257,0.2114,1.9338,3.0,7.788,165.842,93.72,165.45,114.14,0.0078,0.0086,0.0242,16000,1024,419.25,0.9899,0.0052,0.0042,0.0007
2026-08-26T14:05:29.284+02:00,1000,1024,1024,1053,348,1914,19,17935,0.3342,0.0371,0.2386,10.6335,0.2147,2.2166,1001.323,13.15,60.551,10.35,30.53,1.46,0.0218,0.0087,0.044,16000,1024,387.32,0.994,0.0038,0.0019,0.0004
2026-08-26T14:05:59.280+02:00,1000,1024,1024,1053,348,1916,2,17937,0.0327,0.0304,0.0973,0.1014,0.2137,1.9371,3.038,7.101,307.582,72.47,128.56,18.22,0.0066,0.0065,0.0174,16000,1024,635.39,0.9948,0.0032,0.0018,0.0002
2026-08-26T14:06:29.286+02:00,1000,1024,1024,1053,348,1917,2,17939,0.3341,0.0318,0.1243,10.6313,0.2155,1.9319,1001.461,8.41,199.167,216.71,41.51,137.8,0.0162,0.0099,0.0199,16000,1024,292.9,0.9895,0.0065,0.0029,0.0011
2026-08-26T14:06:59.296+02:00,1000,1024,1038,1068,348,1917,25,17964,0.3343,0.0333,0.2357,10.6353,0.2134,2.2159,999.833,13.219,64.75,59.31,11.32,117.34,0.0438,0.0085,0.0498,16000,1024,210.76,0.9679,0.021,0.0094,0.0017
2026-08-26T14:07:29.282+02:00,1000,1024,1024,1053,348,1918,4,17968,0.0647,0.058,0.1557,0.2423,0.1975,3.5561,2.866,2.94,278.908,58.18,54.92,131.71,0.0162,0.011,0.0166,16000,1024,283.49,0.985,0.0107,0.0032,0.0011
2026-08-26T14:07:59.281+02:00,1000,1024,1024,1053,348,1919,10,17978,0.0335,0.0298,0.13,0.1124,0.2168,2.2401,3.138,5.463,205.065,15.88,120.77,73.59,0.0091,0.0082,0.0216,16000,1024,163.63,0.91,0.0501,0.0356,0.0044
2026-08-26T14:08:29.283+02:00,1000,1024,1024,1054,348,1920,20,17998,0.3341,0.0374,0.249,10.6326,0.2144,2.2116,1001.966,12.066,53.802,107.4,23.18,48.95,0.0481,0.0094,0.054,16000,1024,677.21,0.9928,0.0054,0.0014,0.0004
2026-08-26T14:09:29.283+02:00,1000,1024,1024,1053,349,1925,3,18025,0.0331,0.0323,0.1541,0.2223,0.2148,2.2246,4.91,9.764,147.668,110.55,32.18,61.7,0.0065,0.0077,0.018,16000,1024,115.38,0.8367,0.1064,0.0462,0.0107
2026-08-26T14:09:59.289+02:00,1000,1024,1030,1059,349,1928,35,18060,0.3341,0.0397,0.2705,10.6331,0.2148,2.1975,1001.832,14.104,46.394,13.93,14.84,21.75,0.01,0.0089,0.0431,16000,1024,229.59,0.8775,0.0773,0.0416,0.0035
2026-08-26T14:10:29.284+02:00,1000,1024,1024,1053,349,1929,0,18060,0.032,0.0285,0.0449,0.1023,0.0849,0.1521,2.749,2.874,3.359,96.08,133.6,13.47,0.008,0.0064,0.0105,16000,1024,284.36,0.9703,0.0238,0.0045,0.0013
2026-08-26T14:11:59.290+02:00,1000,1024,1029,1059,351,1930,25,18089,0.3339,0.0365,0.2236,10.6297,0.2163,2.0807,1003.37,12.171,63.543,19.29,22.26,293.99,0.0465,0.01,0.0554,16000,1024,361.68,0.9812,0.01,0.0073,0.0015
2026-08-26T14:12:29.285+02:00,1000,1024,1024,1053,351,1930,4,18093,0.032,0.0303,0.0954,0.0897,0.2174,1.9245,2.896,5.34,322.955,64.65,137.05,166.22,0.0069,0.0061,0.0155,16000,1024,472.58,0.9407,0.0396,0.0173,0.0024
2026-08-26T14:12:59.293+02:00,1000,1024,1032,1061,351,1932,20,18113,0.3341,0.0359,0.2363,10.6323,0.2154,1.898,1001.471,14.869,58.759,14.58,65.48,201.06,0.0412,0.0088,0.0529,16000,1024,316.84,0.9874,0.0063,0.0051,0.0012
2026-08-26T14:13:29.291+02:00,1000,1024,1029,1058,351,1934,26,18139,0.3342,0.0371,0.2611,10.6321,0.2178,2.1953,1000.838,12.748,49.168,62.64,47.61,310.24,0.0252,0.0085,0.0426,16000,1024,461.57,0.8829,0.0745,0.038,0.0045
2026-08-26T14:13:59.287+02:00,1000,1024,1024,1053,351,1934,4,18143,0.334,0.0363,0.1637,10.6332,0.2166,1.9098,1002.823,12.682,98.736,218.14,36.26,87.07,0.0269,0.0079,0.0325,16000,1024,422.13,0.9833,0.007,0.0082,0.0016
2026-08-26T14:14:29.301+02:00,1000,1024,1038,1068,351,1936,36,18179,0.334,0.0358,0.2144,10.6309,0.2134,2.203,1002.565,11.584,70.455,9.44,112.06,36.02,0.018,0.0085,0.0342,16000,1024,263.3,0.9669,0.0169,0.0145,0.0017
2026-08-26T14:14:59.288+02:00,1000,1024,1024,1053,351,1937,0,18179,0.0328,0.0308,0.5147,0.1144,0.2169,1.7535,2.888,4.963,8.883,11.53,120.65,62.74,0.0093,0.0088,0.1076,16000,1024,310.04,0.9735,0.0168,0.007,0.0028
2026-08-26T14:16:29.290+02:00,1000,1024,1024,1053,353,1941,0,18215,0.0339,0.0301,0.0955,0.1275,0.2185,1.9145,3.098,7.678,315.75,110.01,144.78,58.56,0.0067,0.0054,0.0134,16000,1024,339.59,0.9522,0.0318,0.0145,0.0014
2026-08-26T14:16:59.338+02:00,1000,1024,1073,1102,353,1944,4,18219,0.034,0.0313,0.1277,0.1111,0.2177,1.9146,3.054,11.105,197.618,98.05,21.62,43.3,0.0077,0.0067,0.0241,16000,1024,114.61,0.9395,0.037,0.0178,0.0058
2026-08-26T14:17:59.291+02:00,1000,1024,1024,1053,354,1946,9,18234,0.0336,0.0323,0.4225,0.221,0.221,1.8094,4.469,8.528,14.812,49.86,10.87,115.11,0.0098,0.0066,0.0877,16000,1024,292.36,0.9315,0.052,0.0129,0.0036
2026-08-26T14:18:29.290+02:00,1000,1024,1024,1053,354,1946,5,18239,0.0332,0.0335,0.1365,0.2215,0.2192,1.9076,4.765,9.238,167.312,128.65,178.67,161.2,0.0068,0.0082,0.014,16000,1024,288.65,0.9303,0.0467,0.0186,0.0044
2026-08-26T14:18:59.289+02:00,1000,1024,1024,1053,354,1946,1,18240,0.0336,0.0296,0.0745,0.114,0.1213,1.9166,2.939,2.972,428.789,49.42,116.18,172.49,0.0075,0.0069,0.0108,16000,1024,377.79,0.8762,0.1101,0.0122,0.0015
2026-08-26T14:19:29.291+02:00,1000,1024,1024,1053,354,1947,1,18241,0.0338,0.0294,0.0677,0.1076,0.1107,1.6072,2.875,2.94,310.744,15.15,74.46,27.72,0.0079,0.0059,0.0145,16000,1024,624.92,0.9939,0.0034,0.002,0.0007
2026-08-26T14:19:59.290+02:00,1000,1024,1024,1053,354,1947,1,18242,0.0393,0.0316,0.2347,0.2191,0.2208,2.1974,12.611,5.354,67.681,83.02,91.52,437.31,0.0079,0.0079,0.0377,16000,1024,172.37,0.9084,0.0465,0.04,0.0051
2026-08-26T14:20:29.290+02:00,1000,1024,1024,1053,354,1948,2,18244,0.0331,0.0282,0.1182,0.1068,0.0923,2.2209,2.968,2.924,256.037,86.0,245.54,118.08,0.0066,0.0064,0.0236,16000,1024,298.82,0.9504,0.0318,0.0157,0.0021
2026-08-26T14:20:59.308+02:00,1000,1024,1041,1071,354,1950,33,18277,0.0343,0.038,0.2286,0.1412,0.2164,1.8845,3.358,11.574,56.496,27.35,24.61,26.63,0.0104,0.0089,0.0352,16000,1024,150.08,0.8428,0.0887,0.0604,0.008
2026-08-26T14:21:59.292+02:00,1000,1024,1024,1053,355,1951,0,18286,0.0329,0.0301,0.074,0.1217,0.2186,1.9135,3.234,5.39,436.464,129.07,71.4,54.83,0.0083,0.0057,0.0081,16000,1024,609.08,0.9713,0.0209,0.0061,0.0016
2026-08-26T14:22:29.291+02:00,1000,1024,1024,1053,355,1952,2,18288,0.334,0.0334,0.1641,10.6313,0.2189,2.2057,1002.44,12.301,128.026,71.29,99.45,79.52,0.0141,0.0072,0.0253,16000,1024,273.47,0.9693,0.0142,0.0149,0.0015
