ts,tempExt,accX,accY,accZ,gyroX,gyroY,gyroZ,motorTemp,noise
2026-08-25T20:14:05.670+02:00,4.3,9.6,0.1,4.2,-0.1,-0.07,0.01,27.2,150
2026-08-25T20:14:21.570+02:00,22.56,9.12,-0.11,5.93,-0.03,-0.07,-0.07,27.49,1375
2026-08-25T20:14:22.568+02:00,22.56,9.21,0.06,5.88,-0.1,-0.07,0.01,27.31,1611
2026-08-25T20:14:23.568+02:00,22.56,9.26,-0.11,6.01,-0.1,-0.07,0.0,27.35,1489
2026-08-25T20:14:24.567+02:00,22.56,9.21,-0.12,5.99,-0.1,-0.07,0.01,27.17,1499
2026-08-25T20:14:25.567+02:00,22.56,8.93,-0.16,5.82,-0.1,-0.06,0.0,27.17,1690
2026-08-25T20:14:26.566+02:00,22.62,9.07,-0.32,5.87,-0.1,-0.07,0.0,27.26,1406
2026-08-25T20:14:27.564+02:00,22.56,8.96,-0.33,5.87,-0.1,-0.07,0.01,27.26,1457
2026-08-25T20:14:28.564+02:00,22.56,9.05,-0.12,5.79,-0.1,-0.07,0.01,27.35,1398
2026-08-25T20:14:29.565+02:00,22.62,9.23,-0.25,5.93,-0.1,-0.07,0.0,27.35,1584
2026-08-25T20:14:30.565+02:00,22.62,9.13,-0.25,5.93,-0.1,-0.07,0.01,27.35,1438
2026-08-25T20:14:31.564+02:00,22.62,9.2,-0.03,5.93,-0.1,-0.07,0.01,27.26,1548
2026-08-25T20:14:32.563+02:00,22.62,9.28,-0.13,5.93,-0.11,-0.07,0.0,27.31,1096
2026-08-25T20:14:33.563+02:00,22.62,8.92,-0.48,5.82,-0.1,-0.07,0.01,27.26,1066
2026-08-25T20:14:34.562+02:00,22.62,8.9,-0.25,5.88,-0.1,-0.07,0.01,27.31,1129
2026-08-25T20:14:35.566+02:00,22.62,9.0,-0.45,5.74,-0.1,-0.07,0.0,27.26,1224
2026-08-25T20:14:36.564+02:00,22.62,8.98,-0.46,5.93,-0.1,-0.07,0.01,27.31,1430
2026-08-25T20:14:37.562+02:00,22.62,9.04,-0.16,5.91,-0.1,-0.07,0.01,27.35,1470
2026-08-25T20:14:38.561+02:00,22.62,9.13,-0.07,5.83,-0.11,-0.07,0.0,27.35,1304
2026-08-25T20:14:39.562+02:00,22.62,9.0,-0.36,5.8,-0.1,-0.07,0.01,27.31,1118
2026-08-25T20:14:40.562+02:00,22.62,8.88,-0.31,5.86,-0.1,-0.07,0.01,27.4,1675
2026-08-25T20:14:41.564+02:00,22.62,9.13,0.04,5.9,-0.1,-0.07,0.01,27.31,1541
2026-08-25T20:14:42.560+02:00,22.62,9.29,-0.07,5.95,-0.1,-0.07,0.01,27.31,1456
2026-08-25T20:14:43.560+02:00,22.62,9.15,-0.01,6.02,-0.1,-0.07,0.01,27.4,1466
2026-08-25T20:14:44.561+02:00,22.62,9.2,0.05,5.98,-0.1,-0.07,0.01,27.31,1449
2026-08-25T20:14:46.408+02:00,22.62,9.16,-0.02,5.78,-0.11,-0.07,-0.03,27.35,1372
2026-08-25T20:14:47.410+02:00,22.62,9.3,-0.09,5.82,-0.1,-0.07,0.0,27.35,1268
2026-08-25T20:14:48.408+02:00,22.62,9.11,-0.09,5.94,-0.1,-0.07,0.01,27.35,1273
2026-08-25T20:14:49.408+02:00,22.62,9.0,-0.24,5.8,-0.1,-0.07,0.01,27.31,1119
2026-08-25T20:14:50.410+02:00,22.69,9.09,-0.44,5.78,-0.11,-0.07,0.0,27.4,1403
2026-08-25T20:14:51.409+02:00,22.62,9.12,-0.2,5.96,-0.1,-0.07,0.01,27.4,1505
2026-08-25T20:14:52.407+02:00,22.62,9.16,0.01,5.92,-0.1,-0.07,0.01,27.4,1660
2026-08-25T20:14:53.408+02:00,22.62,9.05,-0.38,5.73,-0.1,-0.07,0.0,27.4,1057
2026-08-25T20:14:54.408+02:00,22.62,9.11,-0.32,5.99,-0.1,-0.07,0.01,27.4,1276
2026-08-25T20:14:55.408+02:00,22.62,9.13,-0.05,6.06,-0.1,-0.07,0.01,27.4,1134
2026-08-25T20:14:56.406+02:00,22.62,9.2,-0.06,5.85,-0.1,-0.07,0.0,27.4,1343
2026-08-25T20:14:57.406+02:00,22.62,9.01,-0.29,-0.0,-0.0,-0.0,-0.0,36.53,1746
2026-08-25T20:14:58.407+02:00,22.69,9.18,-0.07,6.03,-0.1,-0.07,0.01,27.4,1308
2026-08-25T20:14:59.405+02:00,22.62,9.18,-0.04,5.91,-0.1,-0.07,0.01,27.35,1515
2026-08-25T20:15:00.406+02:00,22.62,9.03,-0.39,5.78,-0.1,-0.07,0.0,27.49,1208
2026-08-25T20:15:01.407+02:00,22.62,8.94,-0.43,5.87,-0.1,-0.07,0.01,27.45,1673
2026-08-25T20:15:02.404+02:00,22.69,9.05,-0.15,5.9,-0.1,-0.07,0.01,27.4,1904
2026-08-25T20:15:03.404+02:00,22.62,9.04,-0.37,5.84,-0.1,-0.07,0.01,27.35,1440
2026-08-25T20:15:04.404+02:00,22.62,9.0,-0.44,5.83,-0.1,-0.07,0.01,27.35,1472
2026-08-25T20:15:05.403+02:00,22.69,9.16,-0.05,6.0,-0.1,-0.07,0.02,27.54,1761
2026-08-25T20:15:06.404+02:00,22.69,9.06,-0.12,5.76,-0.1,-0.07,0.0,27.45,1653
2026-08-25T20:15:07.403+02:00,22.62,9.25,-0.06,5.92,-0.1,-0.07,0.0,27.45,1777
2026-08-25T20:15:08.404+02:00,22.62,8.94,-0.35,5.92,-0.1,-0.07,0.02,27.54,1505
2026-08-25T20:15:09.404+02:00,22.62,9.03,-0.15,5.83,-0.1,-0.06,0.01,27.54,1339
2026-08-25T20:15:10.403+02:00,22.69,8.96,-0.35,5.74,-0.1,-0.07,0.0,27.45,1611
2026-08-25T20:15:11.401+02:00,22.62,9.01,-0.38,5.84,-0.1,-0.07,0.01,27.45,1848
2026-08-25T20:15:12.401+02:00,22.62,9.13,-0.02,6.13,-0.03,-0.03,-0.03,35.77,1909
2026-08-25T20:15:13.402+02:00,22.62,8.99,-0.26,5.74,-0.1,-0.07,0.0,27.49,1171
2026-08-25T20:15:14.402+02:00,22.69,9.15,-0.21,5.84,-0.1,-0.07,0.01,27.49,1263
2026-08-25T20:15:16.397+02:00,22.62,8.89,-0.26,5.78,-0.1,-0.07,0.02,27.49,1242
2026-08-25T20:15:17.400+02:00,22.62,9.05,-0.4,5.79,-0.11,-0.07,0.0,27.49,1651
2026-08-25T20:15:18.399+02:00,22.62,9.06,-0.22,5.95,-0.1,-0.07,0.0,27.49,1642
2026-08-25T20:15:19.400+02:00,22.69,8.94,-0.34,5.91,-0.1,-0.07,0.01,27.49,1527
2026-08-25T20:15:20.400+02:00,22.69,9.22,0.04,5.82,-0.11,-0.07,0.0,27.59,1689
2026-08-25T20:15:21.400+02:00,22.69,9.19,-0.06,5.86,-0.11,-0.07,0.01,27.54,1578
2026-08-25T20:15:22.401+02:00,22.69,8.89,-0.47,5.83,-0.1,-0.07,0.01,27.45,1155
2026-08-25T20:15:23.399+02:00,22.69,9.11,-0.1,5.97,-0.1,-0.07,0.01,27.54,1396
2026-08-25T20:15:24.399+02:00,22.69,9.06,-0.38,5.79,-0.11,-0.07,0.0,27.54,1510
2026-08-25T20:15:25.397+02:00,22.69,9.06,-0.2,5.88,-0.1,-0.07,0.01,27.54,1684
2026-08-25T20:15:26.397+02:00,22.62,9.09,-0.11,5.94,-0.1,-0.07,0.02,27.54,1169
2026-08-25T20:15:27.396+02:00,22.69,9.2,-0.08,5.8,-0.1,-0.07,0.0,27.54,1218
2026-08-25T20:15:28.398+02:00,22.69,9.3,-0.05,5.98,-0.1,-0.07,0.0,27.54,1216
2026-08-25T20:15:29.398+02:00,22.69,9.09,-0.16,5.89,-0.1,-0.07,0.02,27.54,1422
2026-08-25T20:15:30.396+02:00,22.69,9.03,-0.15,5.83,-0.1,-0.07,0.01,27.59,1501
2026-08-25T20:15:31.395+02:00,22.69,9.21,-0.16,5.84,-0.1,-0.07,0.0,27.54,1239
2026-08-25T20:15:32.395+02:00,22.62,9.08,-0.19,5.98,-0.1,-0.07,0.01,27.59,1454
2026-08-25T20:15:33.396+02:00,22.69,9.02,-0.06,5.88,-0.1,-0.07,0.01,27.59,958
2026-08-25T20:15:34.396+02:00,22.69,9.05,-0.25,5.79,-0.11,-0.07,0.01,27.59,1527
2026-08-25T20:15:35.394+02:00,22.62,8.94,-0.37,5.94,-0.1,-0.07,0.01,27.64,1489
2026-08-25T20:15:36.394+02:00,22.69,9.05,-0.14,5.91,-0.1,-0.07,0.01,27.68,1704
2026-08-25T20:15:37.397+02:00,22.62,9.23,-0.17,5.85,-0.1,-0.07,0.0,27.64,1450
2026-08-25T20:15:38.393+02:00,22.62,9.16,-0.23,5.89,-0.1,-0.07,0.01,27.68,1291
2026-08-25T20:15:39.392+02:00,22.69,9.15,-0.02,5.91,-0.1,-0.06,0.01,27.64,1508
2026-08-25T20:15:40.394+02:00,22.62,9.04,-0.26,5.67,-0.1,-0.07,0.01,27.64,1517
2026-08-25T20:15:41.394+02:00,22.62,8.97,-0.43,5.78,-0.1,-0.07,0.01,27.73,1594
2026-08-25T20:15:42.398+02:00,22.69,8.94,-0.34,5.78,-0.1,-0.07,0.01,27.64,1036
2026-08-25T20:15:43.392+02:00,22.69,9.13,-0.17,5.72,-0.1,-0.07,0.01,27.64,1144
2026-08-25T20:15:44.391+02:00,22.62,9.16,-0.1,5.94,-0.11,-0.07,0.01,27.64,1108
2026-08-25T20:15:46.390+02:00,22.62,9.21,-0.03,5.9,-0.11,-0.07,0.01,27.73,1582
2026-08-25T20:15:47.392+02:00,22.62,8.99,-0.46,5.7,-0.11,-0.07,0.0,27.68,1198
2026-08-25T20:15:48.391+02:00,22.62,9.19,-0.15,6.0,-0.1,-0.07,0.01,27.68,1187
2026-08-25T20:15:49.390+02:00,22.69,9.17,-0.03,5.94,-0.1,-0.07,0.01,27.68,907
2026-08-25T20:15:50.389+02:00,22.69,9.13,-0.11,5.87,-0.1,-0.07,-0.0,27.68,1207
2026-08-25T20:15:51.391+02:00,22.62,9.04,-0.25,-0.31,-0.03,-0.03,-0.03,35.77,1640
2026-08-25T20:15:52.390+02:00,22.69,8.93,-0.26,5.84,-0.1,-0.07,0.01,27.73,1470
2026-08-25T20:15:53.390+02:00,22.62,9.26,0.0,5.89,-0.1,-0.07,0.0,27.82,1478
2026-08-25T20:15:54.390+02:00,22.62,9.08,-0.23,5.9,-0.1,-0.07,0.0,27.64,1157
2026-08-25T20:15:55.388+02:00,22.62,8.92,-0.24,5.84,-0.1,-0.07,0.01,27.73,1543
2026-08-25T20:15:56.389+02:00,22.69,9.04,-0.23,5.75,-0.1,-0.07,0.0,27.73,1775
2026-08-25T20:15:57.388+02:00,22.62,9.25,-0.05,5.91,-0.1,-0.07,0.0,27.64,1457
2026-08-25T20:15:58.388+02:00,22.62,8.9,-0.33,5.95,-0.1,-0.07,0.01,27.78,1590
2026-08-25T20:15:59.387+02:00,22.62,9.04,-0.17,5.82,-0.1,-0.07,0.01,27.87,1337
2026-08-25T20:16:00.386+02:00,22.62,9.18,-0.17,5.86,-0.1,-0.07,0.0,27.78,1367
2026-08-25T20:16:01.386+02:00,22.69,8.99,-0.23,5.94,-0.1,-0.07,0.01,27.82,1595
2026-08-25T20:16:02.388+02:00,22.62,9.06,-0.05,5.96,-0.1,-0.07,0.01,27.68,1540
2026-08-25T20:16:03.385+02:00,22.62,9.26,-0.03,5.86,-0.1,-0.07,0.01,27.78,1065
2026-08-25T20:16:04.385+02:00,22.69,9.01,-0.33,5.8,-0.1,-0.07,0.01,27.78,1209
2026-08-25T20:16:05.384+02:00,22.62,8.95,-0.33,5.83,-0.1,-0.07,0.01,27.82,1347
2026-08-25T20:16:06.385+02:00,22.62,9.1,-0.06,5.84,-0.11,-0.07,0.01,27.82,1756
2026-08-25T20:16:07.384+02:00,22.69,9.01,-0.37,5.75,-0.11,-0.07,0.0,27.82,1461
2026-08-25T20:16:08.384+02:00,22.62,8.92,-0.43,5.88,-0.1,-0.07,0.01,27.73,1090
2026-08-25T20:16:09.384+02:00,22.62,9.17,0.03,5.92,-0.1,-0.06,0.01,27.78,1209
2026-08-25T20:16:10.383+02:00,22.62,8.95,-0.44,5.73,-0.11,-0.07,0.0,27.82,1045
2026-08-25T20:16:11.383+02:00,22.62,9.16,-0.23,5.93,-0.1,-0.07,0.01,27.78,1639
2026-08-25T20:16:12.384+02:00,22.69,9.08,-0.02,5.95,-0.1,-0.07,0.01,27.78,1626
2026-08-25T20:16:13.384+02:00,22.62,9.19,-0.05,5.87,-0.11,-0.07,0.0,27.87,1161
2026-08-25T20:16:14.382+02:00,22.62,9.26,-0.14,5.88,-0.1,-0.07,0.0,27.78,1263
2026-08-25T20:16:16.383+02:00,22.62,9.1,-0.02,5.8,-0.1,-0.07,0.01,27.87,1587
2026-08-25T20:16:17.381+02:00,22.69,9.02,-0.4,5.82,-0.1,-0.07,0.0,27.92,1722
2026-08-25T20:16:18.382+02:00,22.69,9.06,-0.11,5.97,-0.1,-0.07,0.01,27.82,1424
2026-08-25T20:16:19.382+02:00,22.69,8.96,-0.24,5.84,-0.1,-0.07,0.01,27.82,1452
2026-08-25T20:16:20.380+02:00,22.62,9.24,-0.15,5.84,-0.1,-0.07,0.0,27.97,1757
2026-08-25T20:16:21.380+02:00,22.62,9.21,-0.13,5.89,-0.11,-0.07,0.01,27.92,1529
2026-08-25T20:16:22.381+02:00,22.62,8.91,-0.28,5.81,-0.1,-0.07,0.01,27.87,1612
2026-08-25T20:16:23.379+02:00,22.62,9.28,0.14,5.91,-0.1,-0.07,0.01,27.87,1010
2026-08-25T20:16:24.379+02:00,22.69,9.12,-0.31,5.86,-0.1,-0.07,0.01,27.87,1834
2026-08-25T20:16:25.379+02:00,22.62,8.94,-0.37,5.88,-0.1,-0.07,0.01,27.87,1778
2026-08-25T20:16:26.380+02:00,22.69,9.19,0.01,5.92,-0.1,-0.07,0.01,27.97,1530
2026-08-25T20:16:27.379+02:00,22.62,9.11,-0.25,5.95,-0.1,-0.07,0.0,27.92,1626
2026-08-25T20:16:28.379+02:00,22.62,9.14,-0.09,5.89,-0.1,-0.07,0.01,27.87,1589
2026-08-25T20:16:29.377+02:00,22.62,8.95,-0.37,5.86,-0.1,-0.07,0.02,27.92,1686
2026-08-25T20:16:30.377+02:00,22.62,9.23,0.02,5.86,-0.1,-0.07,0.01,27.92,1665
2026-08-25T20:16:31.378+02:00,22.69,9.12,-0.22,5.93,-0.11,-0.07,0.01,27.82,1526
2026-08-25T20:16:32.376+02:00,22.62,9.05,-0.21,6.04,-0.1,-0.07,0.01,28.01,1500
2026-08-25T20:16:33.377+02:00,22.69,8.9,-0.33,5.79,-0.1,-0.07,0.01,27.87,1472
2026-08-25T20:16:34.377+02:00,22.62,9.26,-0.13,5.87,-0.11,-0.07,0.01,27.97,1643
2026-08-25T20:16:35.375+02:00,22.62,9.1,-0.29,5.86,-0.1,-0.07,0.01,27.97,1637
2026-08-25T20:16:36.375+02:00,22.62,9.17,-0.07,6.0,-0.1,-0.07,0.01,27.87,1109
2026-08-25T20:16:37.376+02:00,22.62,9.04,-0.28,5.79,-0.1,-0.07,0.01,27.97,1497
2026-08-25T20:16:38.376+02:00,22.69,9.17,-0.21,5.8,-0.11,-0.07,0.0,27.97,1503
2026-08-25T20:16:39.374+02:00,22.69,9.04,-0.32,5.92,-0.1,-0.07,0.01,28.01,1656
2026-08-25T20:16:40.374+02:00,22.62,8.93,-0.29,5.79,-0.1,-0.07,0.01,27.82,1479
2026-08-25T20:16:41.377+02:00,22.62,9.11,-0.18,5.77,-0.1,-0.07,0.01,28.01,1322
2026-08-25T20:16:42.373+02:00,22.69,9.18,-0.27,5.82,-0.1,-0.07,0.01,28.01,1386
2026-08-25T20:16:43.374+02:00,22.69,9.11,-0.18,5.96,-0.1,-0.07,0.01,27.92,1622
2026-08-25T20:16:44.372+02:00,22.69,8.91,-0.33,5.8,-0.1,-0.06,0.01,27.92,1518
2026-08-25T20:16:46.369+02:00,22.69,9.13,-0.23,5.86,-0.1,-0.07,0.01,27.97,1679
2026-08-25T20:16:47.372+02:00,22.62,9.05,-0.06,5.96,-0.1,-0.07,0.01,27.97,1543
2026-08-25T20:16:48.373+02:00,22.69,9.0,-0.3,5.83,-0.1,-0.07,0.01,28.06,1586
2026-08-25T20:16:49.372+02:00,22.69,9.25,-0.15,5.92,-0.1,-0.07,0.01,27.92,1597
2026-08-25T20:16:50.372+02:00,22.62,8.92,-0.45,5.87,-0.1,-0.07,0.01,28.01,1268
2026-08-25T20:16:51.370+02:00,22.69,9.13,0.07,5.89,-0.1,-0.07,0.01,28.01,1130
2026-08-25T20:16:52.372+02:00,22.62,9.08,-0.25,5.77,-0.11,-0.07,0.0,27.92,1199
2026-08-25T20:16:53.371+02:00,22.62,9.01,-0.35,5.83,-0.1,-0.07,0.0,27.97,1711
2026-08-25T20:16:54.370+02:00,22.62,8.92,-0.37,5.81,-0.1,-0.07,0.01,28.06,1576
2026-08-25T20:16:55.369+02:00,22.69,9.21,0.0,5.86,-0.1,-0.07,0.0,27.97,1551
2026-08-25T20:16:56.370+02:00,22.69,9.17,-0.17,5.95,-0.11,-0.07,0.01,28.06,1216
2026-08-25T20:16:57.370+02:00,22.69,8.88,-0.44,5.86,-0.1,-0.07,0.01,27.97,1791
2026-08-25T20:16:58.372+02:00,22.69,9.17,0.05,5.91,-0.1,-0.07,0.01,28.01,1765
2026-08-25T20:16:59.368+02:00,22.62,9.12,-0.27,5.85,-0.11,-0.07,0.0,28.01,1733
2026-08-25T20:17:00.368+02:00,22.69,9.11,-0.14,5.96,-0.1,-0.07,0.01,28.01,1342
2026-08-25T20:17:01.368+02:00,22.62,8.94,-0.34,5.8,-0.1,-0.07,0.01,28.11,1713
2026-08-25T20:17:02.368+02:00,22.62,9.24,0.09,5.94,-0.1,-0.07,0.01,28.01,1748
2026-08-25T20:17:03.373+02:00,22.62,9.21,-0.27,5.8,-0.11,-0.07,0.01,28.06,1706
2026-08-25T20:17:04.364+02:00,22.62,9.05,-0.21,6.0,-0.1,-0.07,0.01,28.15,1733
2026-08-25T20:17:05.366+02:00,22.62,8.58,-0.31,-0.31,-0.03,-0.03,-0.03,35.77,1531
2026-08-25T20:17:06.366+02:00,22.69,9.19,-0.15,5.8,-0.1,-0.07,0.0,28.11,1638
2026-08-25T20:17:07.367+02:00,22.69,9.11,-0.2,5.9,-0.1,-0.07,0.01,28.2,1801
2026-08-25T20:17:08.367+02:00,22.62,9.17,-0.13,5.93,-0.1,-0.07,0.01,28.2,1552
2026-08-25T20:17:09.364+02:00,22.62,9.01,-0.31,5.78,-0.1,-0.07,0.01,28.01,1481
2026-08-25T20:17:10.364+02:00,22.69,9.17,-0.12,5.92,-0.1,-0.07,0.0,28.2,1546
2026-08-25T20:17:11.365+02:00,22.69,8.91,-0.4,5.91,-0.1,-0.07,0.01,28.11,1688
2026-08-25T20:17:12.365+02:00,22.69,9.05,-0.11,5.94,-0.1,-0.07,0.01,28.15,1926
2026-08-25T20:17:13.362+02:00,22.62,9.09,-0.34,5.68,-0.1,-0.07,0.01,28.15,1158
2026-08-25T20:17:14.363+02:00,22.62,9.25,-0.09,5.88,-0.1,-0.07,0.0,28.25,1366
2026-08-25T20:17:16.363+02:00,22.69,9.15,-0.1,5.87,-0.1,-0.07,0.01,28.15,1402
2026-08-25T20:17:17.364+02:00,22.69,9.04,-0.41,5.75,-0.11,-0.07,0.0,28.11,1607
2026-08-25T20:17:18.359+02:00,22.62,9.18,-0.12,5.94,-0.1,-0.07,0.0,28.11,1604
2026-08-25T20:17:19.362+02:00,22.69,8.93,-0.34,5.85,-0.1,-0.07,0.01,28.11,1584
2026-08-25T20:17:20.362+02:00,22.69,9.16,-0.13,5.81,-0.1,-0.07,0.01,28.15,1736
2026-08-25T20:17:21.363+02:00,22.69,9.03,-0.48,5.66,-0.11,-0.07,0.0,28.15,1581
2026-08-25T20:17:22.362+02:00,22.62,9.11,-0.19,6.0,-0.1,-0.07,0.01,28.15,1335
2026-08-25T20:17:23.362+02:00,22.69,9.06,-0.17,5.88,-0.1,-0.07,0.01,28.34,1665
2026-08-25T20:17:24.357+02:00,22.69,9.05,-0.31,5.78,-0.1,-0.07,0.0,28.15,1714
2026-08-25T20:17:25.360+02:00,22.69,9.21,-0.05,5.94,-0.1,-0.07,0.01,28.2,1959
2026-08-25T20:17:26.361+02:00,22.69,9.07,-0.16,5.88,-0.1,-0.07,0.01,28.29,1102
2026-08-25T20:17:27.360+02:00,22.69,9.19,0.07,5.92,-0.11,-0.07,0.01,28.2,1163
2026-08-25T20:17:28.360+02:00,22.69,9.04,-0.41,5.72,-0.11,-0.07,0.01,28.2,1387
2026-08-25T20:17:29.359+02:00,22.69,9.0,-0.26,5.87,-0.1,-0.07,0.01,28.25,1668
2026-08-25T20:17:30.358+02:00,22.69,8.85,-0.25,5.73,-0.1,-0.07,0.01,28.15,1290
2026-08-25T20:17:31.360+02:00,22.69,9.19,-0.15,5.83,-0.1,-0.07,0.0,28.25,1275
2026-08-25T20:17:32.359+02:00,22.69,9.14,-0.11,5.94,-0.1,-0.07,0.01,28.2,1460
2026-08-25T20:17:33.359+02:00,22.69,8.93,-0.36,5.84,-0.1,-0.07,0.02,28.2,1310
2026-08-25T20:17:34.357+02:00,22.69,9.25,-0.0,5.79,-0.11,-0.07,0.0,28.2,1506
2026-08-25T20:17:35.356+02:00,22.69,9.03,-0.49,5.63,-0.11,-0.07,0.0,28.2,1439
2026-08-25T20:17:36.358+02:00,22.69,9.09,-0.06,6.0,-0.1,-0.07,0.01,28.29,1137
2026-08-25T20:17:37.356+02:00,22.69,9.02,-0.22,5.94,-0.1,-0.07,0.01,28.2,1305
2026-08-25T20:17:38.357+02:00,22.69,9.06,-0.34,5.81,-0.11,-0.07,0.0,28.15,1608
2026-08-25T20:17:39.356+02:00,22.69,9.21,-0.08,5.93,-0.1,-0.07,0.01,28.29,1679
2026-08-25T20:17:40.355+02:00,22.69,9.13,-0.16,5.8,-0.1,-0.07,0.01,28.29,1520
2026-08-25T20:17:41.355+02:00,22.69,9.12,-0.09,5.87,-0.1,-0.07,0.01,28.29,1278
2026-08-25T20:17:42.355+02:00,22.69,9.06,-0.4,5.69,-0.1,-0.07,0.01,28.29,1929
2026-08-25T20:17:43.356+02:00,22.69,9.07,-0.28,5.98,-0.1,-0.07,0.01,28.29,1769
2026-08-25T20:17:44.356+02:00,22.69,9.14,-0.08,5.99,-0.1,-0.07,0.01,28.2,1448
2026-08-25T20:17:46.351+02:00,22.69,9.03,-0.42,5.78,-0.1,-0.07,0.0,28.25,1261
2026-08-25T20:17:47.353+02:00,22.69,8.93,-0.48,5.87,-0.1,-0.07,0.01,28.25,1630
2026-08-25T20:17:48.352+02:00,22.69,9.14,0.02,5.92,-0.1,-0.07,0.01,28.29,1818
2026-08-25T20:17:49.353+02:00,22.69,9.19,-0.12,5.91,-0.11,-0.07,0.0,28.29,1410
2026-08-25T20:17:50.354+02:00,22.69,9.07,-0.36,5.88,-0.1,-0.07,0.01,28.29,1607
2026-08-25T20:17:51.353+02:00,22.69,9.08,-0.11,5.86,-0.1,-0.07,0.01,28.34,1785
2026-08-25T20:17:52.352+02:00,22.69,9.05,-0.18,5.87,-0.1,-0.07,0.01,28.34,1481
2026-08-25T20:17:53.352+02:00,22.69,9.11,-0.2,5.86,-0.1,-0.07,0.0,28.34,1457
2026-08-25T20:17:54.352+02:00,22.69,8.97,-0.49,5.83,-0.1,-0.07,0.01,28.34,1546
2026-08-25T20:17:55.351+02:00,22.69,9.12,0.03,5.97,-0.1,-0.07,0.01,28.34,1732
2026-08-25T20:17:56.350+02:00,22.69,9.06,-0.28,5.85,-0.1,-0.06,0.01,28.39,1570
2026-08-25T20:17:57.351+02:00,22.69,9.28,-0.08,5.93,-0.11,-0.07,0.0,28.39,1680
2026-08-25T20:17:58.350+02:00,22.69,9.01,-0.34,5.85,-0.1,-0.07,0.01,28.29,1499
2026-08-25T20:17:59.349+02:00,22.69,9.13,0.0,5.93,-0.1,-0.07,0.01,28.44,1407
2026-08-25T20:18:00.350+02:00,22.69,8.93,-0.44,5.74,-0.11,-0.07,0.0,28.34,1692
2026-08-25T20:18:01.350+02:00,22.69,9.2,-0.21,5.93,-0.1,-0.07,0.01,28.44,1512
2026-08-25T20:18:02.348+02:00,22.69,8.98,-0.35,5.82,-0.1,-0.07,0.01,28.34,1690
2026-08-25T20:18:03.348+02:00,22.75,9.27,0.07,5.85,-0.1,-0.07,0.0,28.39,1309
2026-08-25T20:18:04.348+02:00,22.69,9.2,-0.08,5.86,-0.11,-0.07,0.0,28.39,1355
2026-08-25T20:18:05.349+02:00,22.69,8.95,-0.36,5.83,-0.1,-0.07,0.02,28.48,1568
2026-08-25T20:18:06.810+02:00,22.69,0.0,0.0,0.0,0.0,0.0,0.0,0.0,1706
2026-08-25T20:18:07.347+02:00,22.69,9.23,0.01,5.93,-0.11,-0.07,0.01,28.29,1258
2026-08-25T20:18:08.348+02:00,22.69,8.98,-0.45,5.86,-0.1,-0.07,0.01,28.39,1346
2026-08-25T20:18:09.348+02:00,22.69,9.16,0.0,5.94,-0.1,-0.07,0.01,28.44,1238
2026-08-25T20:18:10.347+02:00,22.69,9.12,-0.23,5.79,-0.1,-0.07,0.0,28.44,1542
2026-08-25T20:18:11.345+02:00,22.69,9.05,-0.41,5.8,-0.1,-0.07,0.01,28.53,1532
2026-08-25T20:18:12.345+02:00,22.69,9.17,-0.15,5.96,-0.1,-0.07,0.01,28.34,1232
2026-08-25T20:18:13.344+02:00,22.75,9.23,0.09,5.97,-0.1,-0.07,0.01,28.39,1025
2026-08-25T20:18:14.346+02:00,22.69,9.17,-0.25,5.89,-0.11,-0.07,0.0,28.48,1236
2026-08-25T20:18:16.341+02:00,22.69,8.89,-0.28,5.78,-0.1,-0.07,0.01,28.48,1458
2026-08-25T20:18:17.344+02:00,22.69,9.02,-0.34,5.76,-0.11,-0.07,0.01,28.48,1615
2026-08-25T20:18:18.343+02:00,22.69,9.21,-0.1,5.88,-0.1,-0.08,0.01,28.44,1104
2026-08-25T20:18:19.344+02:00,22.69,9.03,-0.19,5.89,-0.1,-0.07,0.01,28.34,1108
2026-08-25T20:18:20.344+02:00,22.69,9.04,-0.24,5.75,-0.11,-0.07,0.01,28.48,1495
2026-08-25T20:18:21.341+02:00,22.69,9.03,-0.43,5.73,-0.1,-0.07,0.01,28.48,1344
2026-08-25T20:18:22.342+02:00,22.69,9.17,-0.04,5.89,-0.1,-0.07,0.01,28.39,1104
2026-08-25T20:18:23.344+02:00,22.75,8.99,-0.2,5.73,-0.1,-0.07,0.01,28.48,1257
2026-08-25T20:18:24.343+02:00,22.69,9.04,-0.41,5.8,-0.11,-0.07,0.0,28.53,1696
2026-08-25T20:18:25.342+02:00,22.75,9.02,-0.24,5.92,-0.1,-0.07,0.01,28.53,1563
2026-08-25T20:18:26.805+02:00,22.69,0.0,0.0,0.0,0.0,0.0,0.0,0.0,4134
2026-08-25T20:18:27.340+02:00,22.69,8.99,-0.28,5.82,-0.1,-0.07,0.01,28.44,1389
2026-08-25T20:18:28.352+02:00,22.69,8.88,-0.49,5.83,-0.1,-0.07,0.01,28.48,1405
2026-08-25T20:18:29.342+02:00,22.69,9.11,-0.13,5.94,-0.1,-0.07,0.01,28.58,1675
2026-08-25T20:18:30.341+02:00,22.69,9.11,-0.17,5.82,-0.1,-0.07,0.01,28.39,1648
2026-08-25T20:18:31.339+02:00,22.69,9.02,-0.46,5.74,-0.1,-0.07,0.0,28.48,1506
2026-08-25T20:18:32.339+02:00,22.75,9.07,-0.23,5.86,-0.1,-0.07,0.01,28.53,1169
2026-08-25T20:18:33.340+02:00,22.75,9.04,-0.23,5.75,-0.1,-0.07,0.01,28.53,1472
2026-08-25T20:18:34.340+02:00,22.69,9.09,-0.41,5.78,-0.11,-0.07,0.0,28.58,1520
2026-08-25T20:18:35.338+02:00,22.69,9.2,-0.05,5.92,-0.1,-0.07,0.01,28.58,1606
2026-08-25T20:18:36.338+02:00,22.75,8.99,-0.23,5.85,-0.1,-0.07,0.01,28.48,1322
2026-08-25T20:18:37.337+02:00,22.69,9.02,-0.4,5.77,-0.1,-0.07,0.0,28.48,1158
2026-08-25T20:18:38.339+02:00,22.69,8.98,-0.38,5.83,-0.1,-0.07,0.01,28.53,1238
2026-08-25T20:18:39.338+02:00,22.75,9.05,-0.34,5.82,-0.1,-0.07,0.02,28.62,1391
2026-08-25T20:18:40.333+02:00,22.69,9.26,0.13,5.95,-0.11,-0.07,0.01,28.58,1315
2026-08-25T20:18:41.336+02:00,22.69,9.03,-0.44,5.82,-0.1,-0.07,0.01,28.58,1281
2026-08-25T20:18:42.337+02:00,22.69,9.1,-0.2,5.98,-0.1,-0.07,0.01,28.58,1350
2026-08-25T20:18:43.337+02:00,22.69,9.03,-0.15,5.87,-0.1,-0.07,0.01,28.58,1150
2026-08-25T20:18:44.337+02:00,22.69,9.26,0.03,5.94,-0.1,-0.07,0.0,28.67,1364
2026-08-25T20:18:46.332+02:00,22.69,8.98,-0.3,5.91,-0.1,-0.07,0.01,28.53,1592
2026-08-25T20:18:47.334+02:00,22.69,9.11,-0.05,5.84,-0.1,-0.07,0.01,28.58,1683
2026-08-25T20:18:48.336+02:00,22.69,9.26,-0.06,5.94,-0.11,-0.07,-0.0,28.67,1950
2026-08-25T20:18:49.334+02:00,22.69,8.95,-0.47,5.88,-0.1,-0.07,0.01,28.58,1547
2026-08-25T20:18:50.335+02:00,22.69,9.06,-0.07,5.9,-0.1,-0.07,0.01,28.58,1382
2026-08-25T20:18:51.333+02:00,22.69,9.2,-0.16,5.95,-0.1,-0.07,0.01,28.72,1304
2026-08-25T20:18:52.334+02:00,22.69,9.25,-0.03,5.85,-0.1,-0.07,0.01,28.62,1144
2026-08-25T20:18:53.334+02:00,22.69,8.89,-0.44,5.82,-0.1,-0.07,0.02,28.67,1654
2026-08-25T20:18:54.334+02:00,22.69,9.0,-0.11,5.94,-0.1,-0.07,0.01,28.67,1885
2026-08-25T20:18:55.332+02:00,22.69,9.22,-0.11,5.83,-0.1,-0.07,0.0,28.67,1576
2026-08-25T20:18:56.332+02:00,22.69,8.91,-0.42,5.85,-0.1,-0.07,0.01,28.67,1321
2026-08-25T20:18:57.332+02:00,22.69,8.97,-0.14,5.88,-0.1,-0.07,0.01,28.53,1626
2026-08-25T20:18:58.332+02:00,22.69,9.08,-0.2,5.8,-0.1,-0.07,0.01,28.62,1684
2026-08-25T20:18:59.332+02:00,22.69,9.28,-0.05,5.98,-0.11,-0.07,0.0,28.62,1436
2026-08-25T20:19:00.330+02:00,22.69,8.99,-0.29,5.92,-0.1,-0.07,0.01,28.77,1598
2026-08-25T20:19:01.330+02:00,22.75,8.96,-0.27,5.71,-0.1,-0.07,0.01,28.58,1640
2026-08-25T20:19:02.331+02:00,22.69,9.09,-0.29,5.94,-0.11,-0.07,0.0,28.58,1526
2026-08-25T20:19:03.331+02:00,22.69,8.9,-0.56,5.9,-0.1,-0.07,0.01,28.72,1698
2026-08-25T20:19:04.331+02:00,22.69,9.05,-0.09,5.82,-0.1,-0.07,0.01,28.62,1487
2026-08-25T20:19:05.328+02:00,22.69,9.24,-0.05,5.87,-0.11,-0.07,0.0,28.58,1021
2026-08-25T20:19:06.328+02:00,22.69,9.05,-0.18,5.9,-0.1,-0.07,0.0,28.67,1318
2026-08-25T20:19:07.329+02:00,22.69,9.14,-0.08,5.86,-0.1,-0.07,0.02,28.67,1543
2026-08-25T20:19:08.792+02:00,22.69,0.0,0.0,0.0,0.0,0.0,0.0,0.0,1639
2026-08-25T20:19:09.328+02:00,22.69,9.19,-0.1,5.84,-0.11,-0.07,0.0,28.67,1548
2026-08-25T20:19:10.328+02:00,22.69,8.97,-0.25,5.83,-0.1,-0.07,0.01,28.62,1091
2026-08-25T20:19:11.328+02:00,22.75,9.14,-0.02,5.96,-0.1,-0.07,0.01,28.72,1180
2026-08-25T20:19:12.328+02:00,22.75,9.21,-0.05,5.81,-0.11,-0.07,0.0,28.62,1189
2026-08-25T20:19:13.326+02:00,22.69,9.06,-0.18,5.89,-0.1,-0.07,0.01,28.77,1482
2026-08-25T20:19:14.791+02:00,22.69,0.0,0.0,0.0,0.0,0.0,0.0,0.0,4087
2026-08-25T20:19:16.327+02:00,22.75,9.13,-0.24,5.81,-0.1,-0.07,0.01,28.81,1398
2026-08-25T20:19:17.326+02:00,22.69,8.9,-0.35,5.74,-0.1,-0.07,0.01,28.72,1433
2026-08-25T20:19:18.321+02:00,22.69,9.08,-0.17,5.77,-0.1,-0.07,0.0,28.77,1579
2026-08-25T20:19:19.324+02:00,22.69,9.25,-0.1,5.86,-0.11,-0.07,0.01,28.72,1321
2026-08-25T20:19:20.324+02:00,22.69,9.09,-0.19,5.85,-0.1,-0.07,0.01,28.72,1315
2026-08-25T20:19:21.325+02:00,22.69,9.05,-0.27,5.77,-0.1,-0.07,0.01,28.81,1254
2026-08-25T20:19:22.323+02:00,22.69,9.1,-0.24,5.88,-0.1,-0.07,0.0,28.62,1687
2026-08-25T20:19:23.324+02:00,22.69,9.01,-0.4,5.92,-0.1,-0.07,0.01,28.77,1540
2026-08-25T20:19:24.323+02:00,22.69,9.13,-0.02,6.0,-0.1,-0.07,0.01,28.77,1661
2026-08-25T20:19:25.322+02:00,22.69,9.13,-0.25,5.75,-0.1,-0.07,0.01,28.81,1177
2026-08-25T20:19:26.324+02:00,22.69,9.31,0.02,5.83,-0.11,-0.07,0.01,28.81,1605
2026-08-25T20:19:27.321+02:00,22.75,9.13,-0.15,5.89,-0.1,-0.07,0.01,28.81,2072
2026-08-25T20:19:28.319+02:00,22.75,9.0,-0.26,5.72,-0.1,-0.07,0.01,28.77,1776
2026-08-25T20:19:29.318+02:00,22.69,9.17,-0.1,5.92,-0.1,-0.07,0.0,28.77,1299
2026-08-25T20:19:31.685+02:00,22.75,9.09,-0.34,5.75,-0.1,-0.07,0.0,28.77,1796
2026-08-25T20:19:31.688+02:00,22.69,9.01,-0.18,5.88,-0.1,-0.07,0.01,28.81,1825
2026-08-25T20:19:32.319+02:00,22.75,9.07,-0.17,5.89,-0.1,-0.07,0.01,28.72,1617
2026-08-25T20:19:33.317+02:00,22.75,9.15,-0.2,5.93,-0.11,-0.07,0.0,28.86,1584
2026-08-25T20:19:34.317+02:00,22.75,8.99,-0.28,5.86,-0.1,-0.07,0.01,28.77,1737
2026-08-25T20:19:35.320+02:00,22.69,9.0,-0.18,5.91,-0.1,-0.07,0.02,28.86,1943
2026-08-25T20:19:36.320+02:00,22.75,9.13,-0.13,5.81,-0.1,-0.07,0.01,28.81,1568
2026-08-25T20:19:37.316+02:00,22.75,9.09,-0.49,5.73,-0.1,-0.07,0.0,28.81,1713
2026-08-25T20:19:38.320+02:00,22.75,9.07,-0.29,5.94,-0.1,-0.07,0.01,28.86,1648
2026-08-25T20:19:39.320+02:00,22.75,9.0,-0.16,5.82,-0.1,-0.07,0.01,28.86,1868
2026-08-25T20:19:40.319+02:00,22.75,9.19,-0.14,5.8,-0.11,-0.07,0.0,28.77,1773
2026-08-25T20:19:41.318+02:00,22.75,8.99,-0.42,5.81,-0.1,-0.07,0.0,28.91,1878
2026-08-25T20:19:42.317+02:00,22.75,8.96,-0.4,5.88,-0.1,-0.07,0.01,28.81,1435
2026-08-25T20:19:43.318+02:00,22.75,9.11,-0.12,5.9,-0.1,-0.07,0.01,28.81,1611
2026-08-25T20:19:44.318+02:00,22.75,9.1,-0.25,5.7,-0.11,-0.07,0.0,28.86,1878
2026-08-25T20:19:46.313+02:00,22.75,9.04,-0.16,5.88,-0.1,-0.07,0.02,28.86,1728
2026-08-25T20:19:47.316+02:00,22.75,9.1,-0.15,5.84,-0.1,-0.07,0.01,28.91,1429
2026-08-25T20:19:48.312+02:00,22.75,9.16,-0.22,5.85,-0.11,-0.07,0.01,28.81,1851
2026-08-25T20:19:49.316+02:00,22.75,9.04,-0.39,5.76,-0.1,-0.07,0.01,28.86,1839
2026-08-25T20:19:50.316+02:00,22.75,9.05,0.0,5.9,-0.1,-0.07,0.01,28.95,1613
2026-08-25T20:19:51.314+02:00,22.75,8.98,-0.29,5.76,-0.11,-0.07,0.0,28.91,1435
2026-08-25T20:19:52.314+02:00,22.75,9.07,-0.45,5.75,-0.1,-0.07,0.01,28.91,1671
2026-08-25T20:19:53.314+02:00,22.75,9.13,-0.17,5.91,-0.1,-0.07,0.01,28.81,1646
2026-08-25T20:19:54.313+02:00,22.75,8.84,-0.33,5.87,-0.1,-0.07,0.01,28.95,1797
2026-08-25T20:19:55.316+02:00,22.75,9.25,0.09,5.88,-0.1,-0.07,-0.0,28.95,1357
2026-08-25T20:19:56.316+02:00,22.75,8.98,-0.44,5.78,-0.1,-0.07,0.01,28.91,1650
2026-08-25T20:19:57.315+02:00,22.75,8.94,-0.34,5.8,-0.1,-0.07,0.01,28.95,1727
2026-08-25T20:19:58.314+02:00,22.75,9.13,-0.09,5.87,-0.1,-0.07,0.01,29.0,1888
2026-08-25T20:19:59.313+02:00,22.75,9.09,-0.11,5.89,-0.11,-0.07,0.0,28.91,1383
2026-08-25T20:20:00.310+02:00,22.75,8.95,-0.52,5.7,-0.1,-0.07,0.01,28.95,1384
2026-08-25T20:20:01.308+02:00,22.75,8.89,-0.39,5.78,-0.1,-0.07,0.01,28.86,1534
2026-08-25T20:20:02.308+02:00,22.75,9.12,-0.03,5.81,-0.11,-0.07,0.01,28.91,1691
2026-08-25T20:20:03.312+02:00,22.75,9.1,-0.28,5.78,-0.1,-0.07,0.0,28.91,1421
2026-08-25T20:20:04.312+02:00,22.75,9.05,-0.34,5.77,-0.1,-0.07,0.01,28.91,1422
2026-08-25T20:20:05.312+02:00,22.75,9.13,-0.03,5.89,-0.1,-0.07,0.0,28.95,1237
2026-08-25T20:20:06.310+02:00,22.75,9.21,-0.12,5.79,-0.11,-0.07,0.0,28.95,1684
2026-08-25T20:20:07.311+02:00,22.75,9.09,-0.31,5.86,-0.11,-0.07,0.01,29.0,1660
2026-08-25T20:20:08.311+02:00,22.75,8.98,-0.28,5.77,-0.1,-0.07,0.02,29.0,1481
2026-08-25T20:20:09.308+02:00,22.75,9.27,0.1,6.01,-0.11,-0.07,0.01,29.09,1240
2026-08-25T20:20:10.308+02:00,22.81,9.02,-0.44,5.79,-0.1,-0.07,0.0,28.95,1396
2026-08-25T20:20:11.309+02:00,22.81,9.01,-0.22,5.9,-0.1,-0.07,0.01,29.05,1642
2026-08-25T20:20:12.309+02:00,22.75,8.94,-0.3,5.73,-0.11,-0.07,0.01,28.95,1421
2026-08-25T20:20:13.309+02:00,22.75,9.22,-0.04,5.85,-0.1,-0.07,0.0,28.91,1476
2026-08-25T20:20:14.307+02:00,22.81,9.05,-0.15,5.87,-0.1,-0.07,0.01,29.0,1128
2026-08-25T20:20:16.305+02:00,22.81,9.18,-0.09,5.85,-0.11,-0.07,0.01,28.95,1673
2026-08-25T20:20:17.307+02:00,22.75,9.03,-0.46,5.74,-0.11,-0.07,0.01,29.0,1672
2026-08-25T20:20:18.307+02:00,22.81,9.09,-0.22,5.91,-0.1,-0.07,0.01,29.0,1324
2026-08-25T20:20:19.307+02:00,22.81,9.08,-0.08,5.95,-0.1,-0.07,0.01,28.95,1321
2026-08-25T20:20:20.305+02:00,22.81,8.93,-0.44,5.73,-0.11,-0.07,0.0,28.95,1736
2026-08-25T20:20:21.302+02:00,22.75,9.05,-0.28,5.87,-0.1,-0.07,0.0,29.0,1485
2026-08-25T20:20:22.306+02:00,22.81,8.94,-0.48,5.83,-0.1,-0.07,0.01,29.05,1313
2026-08-25T20:20:23.303+02:00,22.81,9.23,0.05,5.8,-0.1,-0.07,0.01,29.0,1357
2026-08-25T20:20:24.301+02:00,22.81,9.22,-0.06,5.98,-0.11,-0.07,0.01,29.05,1651
2026-08-25T20:20:25.301+02:00,22.81,8.98,-0.29,5.85,-0.1,-0.07,0.01,28.95,1538
2026-08-25T20:20:26.302+02:00,22.81,9.05,-0.11,5.94,-0.1,-0.07,0.01,29.05,1593
2026-08-25T20:20:27.308+02:00,22.81,9.03,-0.48,5.65,-0.11,-0.07,0.01,29.09,1468
2026-08-25T20:20:28.304+02:00,22.81,9.17,-0.12,5.99,-0.1,-0.07,0.01,29.0,1672
2026-08-25T20:20:29.303+02:00,22.81,8.94,-0.19,5.88,-0.1,-0.07,0.01,29.05,1691
2026-08-25T20:20:30.302+02:00,22.81,9.03,-0.26,5.69,-0.1,-0.07,0.0,29.14,1982
2026-08-25T20:20:31.303+02:00,22.81,9.25,-0.07,5.82,-0.1,-0.07,0.01,29.0,1663
2026-08-25T20:20:32.303+02:00,22.81,9.08,-0.21,6.02,-0.1,-0.07,0.01,29.09,1444
2026-08-25T20:20:33.303+02:00,22.81,9.02,-0.27,5.91,-0.1,-0.07,0.01,29.09,1840
2026-08-25T20:20:34.301+02:00,22.81,9.15,-0.12,5.87,-0.11,-0.07,0.0,29.05,2047
2026-08-25T20:20:35.300+02:00,22.81,8.98,-0.4,5.8,-0.1,-0.07,0.01,29.14,1626
2026-08-25T20:20:36.301+02:00,22.81,9.17,-0.06,5.96,-0.1,-0.07,0.01,29.09,1733
2026-08-25T20:20:37.302+02:00,22.81,9.14,-0.06,5.86,-0.1,-0.07,0.01,29.0,1726
2026-08-25T20:20:38.300+02:00,22.81,9.02,-0.35,5.76,-0.11,-0.07,0.0,29.09,1898
2026-08-25T20:20:39.301+02:00,22.81,9.12,-0.31,5.83,-0.1,-0.07,0.01,29.14,1791
2026-08-25T20:20:40.302+02:00,22.81,8.58,-0.0,-0.0,-0.0,-0.0,-0.0,36.53,1155
2026-08-25T20:20:41.300+02:00,22.81,9.16,-0.04,5.81,-0.1,-0.07,0.01,29.19,1378
2026-08-25T20:20:42.300+02:00,22.81,9.22,-0.25,5.85,-0.1,-0.07,0.0,29.09,1672
2026-08-25T20:20:43.299+02:00,22.81,8.97,-0.43,5.94,-0.1,-0.07,0.01,29.09,1673
2026-08-25T20:20:44.299+02:00,22.81,9.13,-0.02,5.83,-0.1,-0.07,0.01,29.05,1117
2026-08-25T20:20:46.298+02:00,22.81,9.18,-0.18,5.88,-0.1,-0.07,0.01,29.14,1758
2026-08-25T20:20:47.295+02:00,22.81,8.95,-0.36,5.8,-0.1,-0.07,0.01,29.09,1391
2026-08-25T20:20:48.298+02:00,22.75,9.09,-0.13,5.98,-0.1,-0.07,0.01,29.09,1319
2026-08-25T20:20:49.297+02:00,22.75,9.11,-0.33,5.78,-0.11,-0.07,0.0,29.14,1299
2026-08-25T20:20:50.296+02:00,22.81,9.08,-0.2,5.81,-0.1,-0.07,0.01,29.09,1380
2026-08-25T20:20:51.296+02:00,22.81,9.06,-0.28,5.78,-0.1,-0.07,0.01,29.09,1610
2026-08-25T20:20:52.296+02:00,22.81,9.05,-0.15,5.83,-0.1,-0.07,0.01,29.19,1852
2026-08-25T20:20:53.295+02:00,22.81,9.17,-0.15,5.79,-0.1,-0.07,0.0,29.09,1337
2026-08-25T20:20:54.296+02:00,22.81,9.08,-0.38,5.76,-0.1,-0.07,0.01,29.14,1337
2026-08-25T20:20:55.296+02:00,22.81,9.05,-0.23,5.97,-0.1,-0.07,0.02,29.19,1536
2026-08-25T20:20:56.295+02:00,22.81,9.09,-0.15,5.77,-0.11,-0.07,0.01,29.09,1615
2026-08-25T20:20:57.295+02:00,22.81,9.02,-0.51,5.74,-0.1,-0.07,0.01,29.19,1482
2026-08-25T20:20:58.295+02:00,22.81,9.09,-0.07,5.96,-0.1,-0.07,0.01,29.14,1112
2026-08-25T20:20:59.294+02:00,22.81,8.98,-0.34,5.81,-0.1,-0.07,0.01,29.24,1589
2026-08-25T20:21:00.294+02:00,22.81,9.14,-0.15,5.78,-0.11,-0.07,-0.0,29.09,1593
2026-08-25T20:21:01.293+02:00,22.81,9.05,-0.26,5.94,-0.1,-0.07,0.01,29.19,1407
2026-08-25T20:21:02.293+02:00,22.81,9.08,-0.21,5.89,-0.1,-0.07,0.01,29.24,1389
2026-08-25T20:21:03.293+02:00,22.81,9.04,-0.09,5.82,-0.1,-0.07,0.01,29.24,1481
2026-08-25T20:21:04.292+02:00,22.81,9.19,-0.16,5.82,-0.11,-0.07,0.0,29.19,1343
2026-08-25T20:21:05.292+02:00,22.81,8.95,-0.52,5.74,-0.1,-0.07,0.01,29.19,1488
2026-08-25T20:21:06.292+02:00,22.81,9.1,-0.06,5.96,-0.1,-0.07,0.01,29.19,1565
2026-08-25T20:21:07.292+02:00,22.81,9.24,0.11,5.93,-0.11,-0.0,-0.0,29.24,1239
2026-08-25T20:21:08.292+02:00,22.81,9.04,-0.41,5.74,-0.11,-0.07,0.01,29.14,1225
2026-08-25T20:21:09.291+02:00,22.81,9.1,-0.23,5.86,-0.1,-0.07,0.01,29.19,1886
2026-08-25T20:21:10.288+02:00,22.81,9.04,-0.3,5.91,-0.11,-0.07,0.01,29.28,1656
2026-08-25T20:21:11.287+02:00,22.81,9.09,-0.25,5.83,-0.11,-0.07,0.0,29.24,1352
2026-08-25T20:21:12.288+02:00,22.81,9.15,-0.13,5.91,-0.11,-0.08,0.0,29.19,1289
2026-08-25T20:21:13.287+02:00,22.81,9.21,-0.08,6.05,-0.1,-0.07,0.01,29.28,1693
2026-08-25T20:21:14.287+02:00,22.81,8.92,-0.31,5.83,-0.1,-0.07,0.01,29.28,1527
2026-08-25T20:21:16.287+02:00,22.81,9.12,-0.28,5.91,-0.1,-0.07,0.01,29.24,1645
2026-08-25T20:21:17.287+02:00,22.81,9.03,-0.17,5.98,-0.1,-0.07,0.01,29.28,1328
2026-08-25T20:21:18.287+02:00,22.81,9.29,0.15,5.87,-0.1,-0.07,0.0,29.28,1333
2026-08-25T20:21:19.288+02:00,22.81,9.02,-0.45,5.75,-0.11,-0.07,0.01,29.24,1455
2026-08-25T20:21:20.289+02:00,22.81,9.0,-0.28,5.91,-0.1,-0.07,0.01,29.33,1172
2026-08-25T20:21:21.287+02:00,22.81,9.14,0.03,5.89,-0.1,-0.07,0.01,29.19,1244
2026-08-25T20:21:22.288+02:00,22.81,9.05,-0.47,5.73,-0.1,-0.07,0.0,29.28,1699
2026-08-25T20:21:23.287+02:00,22.81,9.18,-0.21,5.87,-0.1,-0.07,0.01,29.28,1613
2026-08-25T20:21:24.286+02:00,22.81,8.89,-0.39,5.83,-0.1,-0.07,0.01,29.14,1267
2026-08-25T20:21:25.285+02:00,22.81,9.35,0.07,5.9,-0.11,-0.07,0.01,29.24,1280
2026-08-25T20:21:26.287+02:00,22.81,9.08,-0.29,5.75,-0.1,-0.07,0.01,29.28,1839
2026-08-25T20:21:27.286+02:00,22.81,9.0,-0.33,5.77,-0.1,-0.07,0.01,29.28,1601
2026-08-25T20:21:28.286+02:00,22.81,8.92,-0.31,5.8,-0.1,-0.07,0.01,29.33,1424
2026-08-25T20:21:29.286+02:00,22.81,9.27,-0.02,5.96,-0.11,-0.07,0.0,29.24,1566
2026-08-25T20:21:30.285+02:00,22.81,8.98,-0.48,5.79,-0.1,-0.07,0.01,29.28,1795
2026-08-25T20:21:31.287+02:00,22.81,9.14,-0.09,5.94,-0.1,-0.07,0.01,29.38,1677
2026-08-25T20:21:32.285+02:00,22.81,9.0,-0.25,5.79,-0.1,-0.07,0.01,29.38,1609
2026-08-25T20:21:33.285+02:00,22.81,9.21,-0.04,5.74,-0.11,-0.07,0.0,29.38,1933
2026-08-25T20:21:34.284+02:00,22.81,9.13,-0.09,5.98,-0.1,-0.07,0.01,29.33,1666
2026-08-25T20:21:35.285+02:00,22.81,8.91,-0.35,5.82,-0.1,-0.07,0.02,29.47,1657
2026-08-25T20:21:36.284+02:00,22.81,9.25,0.11,5.97,-0.1,-0.07,0.01,29.38,1776
2026-08-25T20:21:37.284+02:00,22.81,8.96,-0.53,5.72,-0.11,-0.07,0.01,29.33,1822
2026-08-25T20:21:38.283+02:00,22.81,9.02,-0.19,5.97,-0.1,-0.08,0.01,29.38,1835
2026-08-25T20:21:39.283+02:00,22.81,9.09,-0.09,5.95,-0.1,-0.07,0.01,29.47,1728
2026-08-25T20:21:40.283+02:00,22.81,9.19,-0.03,5.8,-0.1,-0.07,0.01,29.47,1880
2026-08-25T20:21:41.281+02:00,22.81,9.09,-0.49,5.78,-0.11,-0.07,0.0,29.33,1663
2026-08-25T20:21:42.282+02:00,22.81,9.14,-0.13,5.93,-0.1,-0.08,0.01,29.42,1696
2026-08-25T20:21:43.281+02:00,22.81,9.04,-0.12,5.93,-0.1,-0.07,0.01,29.38,1736
2026-08-25T20:21:44.281+02:00,22.81,9.17,-0.01,5.8,-0.11,-0.07,0.0,29.38,1935
2026-08-25T20:21:46.277+02:00,22.81,9.11,-0.14,5.97,-0.1,-0.07,0.01,29.33,1698
2026-08-25T20:21:47.279+02:00,22.81,9.0,-0.25,5.87,-0.1,-0.07,0.01,29.38,1933
2026-08-25T20:21:48.280+02:00,22.81,9.25,-0.07,5.84,-0.1,-0.07,0.0,29.38,1750
2026-08-25T20:21:49.278+02:00,22.81,9.25,0.0,5.96,-0.1,-0.07,0.0,29.42,1788
2026-08-25T20:21:50.278+02:00,22.81,8.97,-0.4,5.79,-0.1,-0.07,0.01,29.38,1620
2026-08-25T20:21:51.278+02:00,22.81,9.03,-0.19,5.82,-0.1,-0.07,0.01,29.33,1871
2026-08-25T20:21:52.277+02:00,22.81,9.23,-0.08,5.78,-0.1,-0.07,-0.0,29.47,1715
2026-08-25T20:21:53.278+02:00,22.81,9.02,-0.52,5.78,-0.1,-0.07,0.01,29.33,1936
2026-08-25T20:21:54.277+02:00,22.81,9.15,-0.06,6.09,-0.1,-0.07,0.01,29.38,1664
2026-08-25T20:21:55.276+02:00,22.81,9.12,0.08,5.92,-0.1,-0.07,0.01,29.38,1642
2026-08-25T20:21:56.276+02:00,22.81,9.09,-0.44,5.75,-0.1,-0.07,0.01,29.47,1839
2026-08-25T20:21:57.273+02:00,22.81,9.06,-0.22,5.9,-0.1,-0.07,0.01,29.42,1859
2026-08-25T20:21:58.273+02:00,22.81,9.06,-0.16,5.93,-0.1,-0.07,0.01,29.38,1498
2026-08-25T20:21:59.272+02:00,22.81,9.0,-0.23,5.78,-0.1,-0.07,0.01,29.47,1597
2026-08-25T20:22:00.275+02:00,22.81,8.94,-0.56,5.72,-0.11,-0.07,0.01,29.47,2042
2026-08-25T20:22:01.272+02:00,22.81,9.17,0.06,5.88,-0.1,-0.07,0.01,29.42,1792
2026-08-25T20:22:02.272+02:00,22.81,9.08,-0.26,5.8,-0.1,-0.07,0.01,29.52,1760
2026-08-25T20:22:03.271+02:00,22.81,9.06,-0.17,5.83,-0.1,-0.07,0.01,29.57,1557
2026-08-25T20:22:04.271+02:00,22.81,9.22,-0.06,5.93,-0.11,-0.07,0.0,29.38,1778
2026-08-25T20:22:05.271+02:00,22.81,9.22,-0.05,5.89,-0.1,-0.07,0.01,29.52,1868
2026-08-25T20:22:06.284+02:00,22.81,9.08,-0.3,5.75,-0.1,-0.07,0.01,29.52,1780
2026-08-25T20:22:07.273+02:00,22.81,9.13,-0.11,5.84,-0.11,-0.07,0.01,29.47,1628
2026-08-25T20:22:08.273+02:00,22.81,9.15,-0.22,5.81,-0.11,-0.07,-0.03,29.47,1816
2026-08-25T20:22:09.272+02:00,22.81,8.96,-0.5,5.78,-0.1,-0.07,0.01,29.52,2035
2026-08-25T20:22:10.272+02:00,22.81,9.17,-0.03,5.97,-0.1,-0.07,0.01,29.47,1835
2026-08-25T20:22:11.271+02:00,22.81,9.21,0.1,5.95,-0.11,-0.07,0.01,29.47,1455
2026-08-25T20:22:12.270+02:00,22.81,9.06,-0.54,5.63,-0.1,-0.07,0.0,29.52,1657
2026-08-25T20:22:13.272+02:00,22.88,9.07,-0.19,5.9,-0.1,-0.07,0.01,29.52,2045
2026-08-25T20:22:14.271+02:00,22.81,8.96,-0.26,5.8,-0.1,-0.07,0.01,29.52,1803
2026-08-25T20:22:16.267+02:00,22.81,9.16,-0.29,5.88,-0.1,-0.07,0.0,29.57,1694
2026-08-25T20:22:17.270+02:00,22.81,9.05,-0.14,5.95,-0.1,-0.07,0.01,29.61,1893
2026-08-25T20:22:18.269+02:00,22.88,8.94,-0.36,5.74,-0.1,-0.07,0.01,29.52,1837
2026-08-25T20:22:19.269+02:00,22.81,9.26,-0.01,5.89,-0.1,-0.07,0.01,29.57,1660
2026-08-25T20:22:20.268+02:00,22.81,9.03,-0.51,5.72,-0.1,-0.07,0.01,29.57,1633
2026-08-25T20:22:21.268+02:00,22.81,8.88,-0.47,5.84,-0.1,-0.07,0.01,29.61,2028
2026-08-25T20:22:22.267+02:00,22.81,9.18,0.06,5.92,-0.1,-0.07,0.01,29.47,1639
2026-08-25T20:22:23.268+02:00,22.81,9.05,-0.51,5.72,-0.11,-0.07,0.0,29.57,1437
2026-08-25T20:22:24.277+02:00,22.81,9.14,-0.07,5.94,-0.1,-0.08,0.01,29.47,1800
2026-08-25T20:22:25.267+02:00,22.81,9.04,-0.25,5.8,-0.1,-0.07,0.01,29.52,2144
2026-08-25T20:22:26.267+02:00,22.81,9.15,0.03,5.88,-0.1,-0.07,0.01,29.57,1615
2026-08-25T20:22:27.267+02:00,22.81,9.17,-0.12,5.95,-0.1,-0.07,0.0,29.57,1718
2026-08-25T20:22:28.266+02:00,22.81,9.0,-0.63,5.74,-0.1,-0.07,0.01,29.57,1659
2026-08-25T20:22:29.266+02:00,22.81,9.13,-0.08,5.94,-0.1,-0.07,0.02,29.61,1813
2026-08-25T20:22:30.263+02:00,22.81,9.07,-0.3,5.69,-0.1,-0.07,0.0,29.57,1735
2026-08-25T20:22:31.266+02:00,22.81,9.16,-0.14,5.88,-0.11,-0.07,0.01,29.57,1706
2026-08-25T20:22:32.264+02:00,22.88,9.06,-0.21,5.96,-0.1,-0.07,0.01,29.52,1634
2026-08-25T20:22:33.265+02:00,22.88,9.0,-0.17,5.79,-0.1,-0.07,0.01,29.61,1735
2026-08-25T20:22:34.264+02:00,22.81,9.21,-0.14,5.85,-0.11,-0.07,0.01,29.71,1851
2026-08-25T20:22:35.267+02:00,22.81,9.1,-0.28,5.76,-0.1,-0.07,0.01,29.57,1991
2026-08-25T20:22:36.260+02:00,22.88,9.01,-0.23,5.89,-0.1,-0.07,0.01,29.52,1712
2026-08-25T20:22:37.263+02:00,22.88,9.11,-0.08,5.82,-0.1,-0.07,0.01,29.57,1654
2026-08-25T20:22:38.263+02:00,22.81,9.15,-0.2,5.78,-0.1,-0.07,0.0,29.66,1712
2026-08-25T20:22:39.263+02:00,22.81,8.99,-0.35,5.76,-0.1,-0.07,0.01,29.66,2046
2026-08-25T20:22:40.263+02:00,22.81,9.17,-0.02,5.87,-0.1,-0.07,0.01,29.61,1621
2026-08-25T20:22:41.262+02:00,22.81,8.93,-0.25,5.78,-0.1,-0.07,0.01,29.57,1880
2026-08-25T20:22:42.260+02:00,22.81,9.25,-0.06,5.9,-0.1,-0.07,0.0,29.66,1864
2026-08-25T20:22:43.262+02:00,22.88,9.18,-0.1,5.89,-0.1,-0.07,0.01,29.71,2087
2026-08-25T20:22:44.261+02:00,22.81,8.97,-0.2,5.86,-0.1,-0.07,0.01,29.71,1514
2026-08-25T20:22:46.258+02:00,22.81,9.02,-0.51,5.72,-0.11,-0.07,0.01,29.66,1700
2026-08-25T20:22:47.260+02:00,22.81,8.97,-0.56,5.77,-0.1,-0.07,0.01,29.71,1252
2026-08-25T20:22:48.260+02:00,22.88,9.03,-0.1,6.02,-0.1,-0.07,0.02,29.66,1563
2026-08-25T20:22:49.260+02:00,22.81,9.06,-0.12,5.88,-0.1,-0.07,0.01,29.66,1693
2026-08-25T20:22:50.260+02:00,22.81,9.18,-0.17,5.85,-0.11,-0.07,-0.0,29.66,1822
2026-08-25T20:22:51.258+02:00,22.88,8.96,-0.55,5.69,-0.1,-0.08,0.01,29.71,1762
2026-08-25T20:22:52.260+02:00,22.81,9.15,-0.01,6.02,-0.1,-0.07,0.01,29.57,1957
2026-08-25T20:22:53.259+02:00,22.81,9.05,-0.23,5.65,-0.1,-0.07,0.0,29.66,1695
2026-08-25T20:22:54.259+02:00,22.81,9.09,-0.44,5.72,-0.11,-0.07,0.01,29.66,1583
2026-08-25T20:22:55.257+02:00,22.81,9.11,-0.19,-0.0,-0.0,-0.0,-0.0,36.53,1774
2026-08-25T20:22:56.256+02:00,22.81,8.88,-0.22,5.81,-0.1,-0.07,0.02,29.57,2085
2026-08-25T20:22:57.258+02:00,22.81,9.16,-0.15,5.87,-0.11,-0.07,0.01,29.66,1787
2026-08-25T20:22:58.257+02:00,22.81,9.07,-0.37,5.63,-0.11,-0.07,0.0,29.71,1622
2026-08-25T20:22:59.256+02:00,22.88,9.04,-0.25,5.93,-0.1,-0.07,0.01,29.75,1745
2026-08-25T20:23:00.256+02:00,22.88,9.03,-0.21,5.88,-0.1,-0.07,0.01,29.66,2155
2026-08-25T20:23:01.256+02:00,22.88,9.13,-0.11,5.85,-0.11,-0.07,0.0,29.75,1631
2026-08-25T20:23:02.255+02:00,22.81,8.93,-0.47,5.89,-0.1,-0.07,0.01,29.71,1407
2026-08-25T20:23:03.255+02:00,22.81,9.17,-0.07,5.94,-0.1,-0.07,0.01,29.85,1872
2026-08-25T20:23:04.255+02:00,22.81,9.0,-0.32,5.75,-0.1,-0.07,0.01,29.66,2019
2026-08-25T20:23:05.255+02:00,22.81,8.99,-0.46,5.72,-0.1,-0.07,0.0,29.71,1303
2026-08-25T20:23:06.255+02:00,22.81,9.15,-0.09,5.83,-0.1,-0.07,0.01,29.8,1302
2026-08-25T20:23:07.254+02:00,22.81,8.99,-0.26,5.77,-0.1,-0.07,0.01,29.66,1857
2026-08-25T20:23:08.253+02:00,22.88,9.13,-0.12,5.88,-0.11,-0.07,0.01,29.8,1772
2026-08-25T20:23:09.254+02:00,22.81,9.09,-0.35,5.73,-0.1,-0.07,0.0,29.71,1255
2026-08-25T20:23:10.254+02:00,22.88,9.0,-0.37,5.88,-0.1,-0.07,0.01,29.75,1307
2026-08-25T20:23:11.252+02:00,22.88,8.99,-0.27,5.81,-0.1,-0.07,0.01,29.75,1803
2026-08-25T20:23:12.253+02:00,22.88,9.19,0.02,5.84,-0.1,-0.07,0.0,29.71,1851
2026-08-25T20:23:13.252+02:00,22.88,9.13,-0.33,5.7,-0.11,-0.08,0.01,29.8,1417
2026-08-25T20:23:14.252+02:00,22.81,9.04,-0.12,5.84,-0.1,-0.07,0.01,29.75,1237
2026-08-25T20:23:16.252+02:00,22.88,9.1,-0.3,5.81,-0.1,-0.07,0.0,29.8,1433
2026-08-25T20:23:17.251+02:00,22.81,9.21,-0.18,5.81,-0.11,-0.08,0.01,29.8,1757
2026-08-25T20:23:18.264+02:00,22.81,8.9,-0.48,5.87,-0.1,-0.07,0.01,29.75,1622
2026-08-25T20:23:19.251+02:00,22.81,9.18,-0.02,5.88,-0.1,-0.07,0.01,29.89,1847
2026-08-25T20:23:20.251+02:00,22.81,9.01,-0.44,5.76,-0.11,-0.07,0.0,29.8,1999
2026-08-25T20:23:21.249+02:00,22.88,9.13,-0.07,5.89,-0.11,-0.07,0.01,29.85,1883
2026-08-25T20:23:22.249+02:00,22.81,9.13,-0.11,5.93,-0.1,-0.07,0.01,29.8,1451
2026-08-25T20:23:23.248+02:00,22.88,9.0,-0.25,5.75,-0.1,-0.07,0.01,29.89,1592
2026-08-25T20:23:24.248+02:00,22.81,9.21,-0.03,5.95,-0.11,-0.07,-0.0,29.85,1684
2026-08-25T20:23:25.249+02:00,22.81,8.96,-0.55,5.74,-0.1,-0.07,0.01,29.75,2126
2026-08-25T20:23:26.247+02:00,22.81,9.02,-0.19,5.89,-0.1,-0.07,0.02,29.71,1563
2026-08-25T20:23:27.248+02:00,22.81,9.25,0.03,5.87,-0.1,-0.07,0.0,29.85,1670
2026-08-25T20:23:28.248+02:00,22.88,9.21,-0.08,5.85,-0.11,-0.07,0.0,29.85,1855
2026-08-25T20:23:29.248+02:00,22.88,8.94,-0.51,5.73,-0.1,-0.07,0.01,29.85,1878
2026-08-25T20:23:30.247+02:00,22.88,9.08,-0.15,5.98,-0.1,-0.07,0.02,29.8,1397
2026-08-25T20:23:31.247+02:00,22.88,9.13,-0.19,5.79,-0.1,-0.07,0.01,29.85,1626
2026-08-25T20:23:32.247+02:00,22.88,9.2,-0.11,5.91,-0.1,-0.07,0.01,29.85,1770
2026-08-25T20:23:33.246+02:00,22.88,8.98,-0.23,6.04,-0.1,-0.07,0.01,29.89,1855
2026-08-25T20:23:34.246+02:00,22.88,9.03,-0.08,5.92,-0.1,-0.07,0.01,29.8,1433
2026-08-25T20:23:35.246+02:00,22.88,9.15,-0.17,5.82,-0.1,-0.07,0.01,29.85,1443
2026-08-25T20:23:36.244+02:00,22.88,9.25,-0.17,5.86,-0.1,-0.07,0.01,29.85,1623
2026-08-25T20:23:37.245+02:00,22.81,8.98,-0.38,5.88,-0.1,-0.07,0.02,29.89,1879
2026-08-25T20:23:38.246+02:00,22.88,9.06,-0.03,5.88,-0.1,-0.07,0.01,29.85,1517
2026-08-25T20:23:39.247+02:00,22.88,9.21,-0.13,5.79,-0.11,-0.07,0.0,29.85,1249
2026-08-25T20:23:40.243+02:00,22.88,9.01,-0.46,5.79,-0.11,-0.07,0.01,29.89,1924
2026-08-25T20:23:41.244+02:00,22.88,9.12,-0.03,5.86,-0.1,-0.07,0.01,29.89,1825
2026-08-25T20:23:42.244+02:00,22.88,9.02,-0.2,5.81,-0.11,-0.07,0.01,29.85,1642
2026-08-25T20:23:43.244+02:00,22.88,9.22,-0.15,5.85,-0.11,-0.07,0.0,29.94,1584
2026-08-25T20:23:44.243+02:00,22.88,9.0,-0.39,5.83,-0.1,-0.07,0.01,29.94,1638
2026-08-25T20:23:46.240+02:00,22.88,9.05,-0.29,5.83,-0.11,-0.07,0.01,29.85,1886
2026-08-25T20:23:47.242+02:00,22.88,9.27,-0.05,5.94,-0.11,-0.07,0.0,29.89,1487
2026-08-25T20:23:48.242+02:00,22.88,8.92,-0.43,5.93,-0.1,-0.07,0.01,29.85,1474
2026-08-25T20:23:49.242+02:00,22.88,9.17,0.0,5.8,-0.1,-0.07,0.01,29.94,1590
2026-08-25T20:23:50.241+02:00,22.88,9.14,-0.28,5.81,-0.11,-0.07,0.01,29.8,1665
2026-08-25T20:23:51.241+02:00,22.88,9.13,-0.17,5.92,-0.1,-0.07,0.01,29.89,1517
2026-08-25T20:23:52.240+02:00,22.88,8.95,-0.43,5.75,-0.1,-0.07,0.01,29.94,1791
2026-08-25T20:23:53.240+02:00,22.88,9.29,0.16,5.96,-0.11,-0.07,0.01,29.85,1552
2026-08-25T20:23:54.240+02:00,22.88,9.07,-0.44,5.73,-0.1,-0.14,-0.03,29.89,1411
2026-08-25T20:23:55.239+02:00,22.88,9.03,-0.21,5.76,-0.1,-0.07,0.01,29.85,1729
2026-08-25T20:23:56.240+02:00,22.88,9.0,-0.16,5.86,-0.1,-0.07,0.01,29.94,1991
2026-08-25T20:23:57.239+02:00,22.88,9.1,-0.21,5.83,-0.1,-0.07,0.01,29.89,1719
2026-08-25T20:23:58.239+02:00,22.88,9.13,-0.28,5.77,-0.1,-0.07,0.01,29.94,1340
2026-08-25T20:23:59.238+02:00,22.88,8.99,-0.35,5.83,-0.1,-0.07,0.02,29.94,1808
2026-08-25T20:24:00.237+02:00,22.88,9.06,-0.07,5.88,-0.11,-0.07,0.01,29.94,1893
2026-08-25T20:24:01.238+02:00,22.88,9.09,-0.44,5.8,-0.11,-0.07,0.0,29.94,1802
2026-08-25T20:24:02.237+02:00,22.88,9.07,-0.47,5.78,-0.1,-0.08,0.01,29.94,1462
2026-08-25T20:24:03.237+02:00,22.88,9.19,-0.07,6.0,-0.1,-0.07,0.01,29.94,1950
2026-08-25T20:24:04.237+02:00,22.88,9.0,-0.29,5.71,-0.1,-0.07,0.01,29.89,2419
2026-08-25T20:24:05.239+02:00,22.88,9.19,-0.11,5.87,-0.1,-0.07,0.0,29.94,1869
2026-08-25T20:24:06.236+02:00,22.88,9.06,-0.45,5.77,-0.1,-0.07,0.01,29.94,1438
2026-08-25T20:24:07.236+02:00,22.88,8.97,-0.29,5.81,-0.1,-0.07,0.01,29.89,1899
2026-08-25T20:24:08.235+02:00,22.88,9.05,-0.25,5.82,-0.11,-0.07,0.01,29.99,2257
2026-08-25T20:24:09.235+02:00,22.88,9.23,-0.09,5.88,-0.11,-0.07,0.0,30.04,1742
2026-08-25T20:24:10.235+02:00,22.88,8.87,-0.55,5.72,-0.1,-0.07,0.01,29.89,1699
2026-08-25T20:24:11.235+02:00,22.88,9.1,-0.05,6.0,-0.1,-0.07,0.01,29.89,2061
2026-08-25T20:24:12.234+02:00,22.88,8.98,-0.29,5.72,-0.1,-0.07,0.01,29.94,2091
2026-08-25T20:24:13.234+02:00,22.88,9.01,-0.46,5.75,-0.11,-0.07,0.01,30.04,1830
2026-08-25T20:24:14.234+02:00,22.88,9.09,-0.15,5.94,-0.1,-0.07,0.01,29.99,1600
2026-08-25T20:24:16.230+02:00,22.88,9.03,-0.27,5.68,-0.11,-0.07,0.0,29.94,2139
2026-08-25T20:24:17.232+02:00,22.88,9.03,-0.38,5.71,-0.1,-0.07,0.01,29.99,1827
2026-08-25T20:24:18.232+02:00,22.88,9.14,-0.13,6.03,-0.1,-0.07,0.02,29.94,1613
2026-08-25T20:24:19.232+02:00,22.88,9.17,0.07,5.94,-0.11,-0.07,0.01,29.94,1583
2026-08-25T20:24:20.232+02:00,22.94,9.07,-0.38,5.68,-0.11,-0.07,0.0,29.99,1753
2026-08-25T20:24:21.232+02:00,22.88,9.18,-0.06,5.94,-0.1,-0.07,0.01,29.99,1881
2026-08-25T20:24:22.231+02:00,22.88,8.97,-0.28,5.76,-0.1,-0.07,0.01,30.04,1731
2026-08-25T20:24:23.230+02:00,22.88,9.21,0.04,5.83,-0.11,-0.07,0.01,30.08,1356
2026-08-25T20:24:24.230+02:00,22.88,9.19,-0.01,5.87,-0.11,-0.07,0.0,29.99,1904
2026-08-25T20:24:25.230+02:00,22.94,8.91,-0.54,5.77,-0.1,-0.08,0.01,30.04,1903
2026-08-25T20:24:26.230+02:00,22.88,9.07,-0.0,5.95,-0.1,-0.07,0.01,30.13,1593
2026-08-25T20:24:27.228+02:00,22.88,8.96,-0.37,5.71,-0.1,-0.07,0.01,30.08,1392
2026-08-25T20:24:28.229+02:00,22.88,9.26,0.07,5.85,-0.1,-0.07,0.01,30.04,1942
2026-08-25T20:24:29.228+02:00,22.88,8.87,-0.52,5.77,-0.1,-0.07,0.01,30.04,2218
2026-08-25T20:24:30.228+02:00,22.94,8.87,-0.39,5.87,-0.11,-0.07,0.02,30.08,1840
2026-08-25T20:24:31.232+02:00,22.88,9.25,-0.07,5.78,-0.1,-0.07,0.0,30.13,1669
2026-08-25T20:24:32.227+02:00,22.88,9.03,-0.44,5.77,-0.1,-0.07,0.01,30.13,2070
2026-08-25T20:24:33.228+02:00,22.88,9.06,-0.12,5.83,-0.1,-0.07,0.01,30.08,2151
2026-08-25T20:24:34.227+02:00,22.94,9.07,-0.24,5.78,-0.11,-0.07,0.01,30.13,1694
2026-08-25T20:24:35.227+02:00,22.88,9.21,-0.13,5.83,-0.11,-0.07,0.0,30.04,1710
2026-08-25T20:24:36.226+02:00,22.94,9.12,-0.11,5.96,-0.1,-0.07,0.01,30.08,1958
2026-08-25T20:24:37.225+02:00,22.94,8.85,-0.42,5.79,-0.1,-0.07,0.02,30.08,2046
2026-08-25T20:24:38.226+02:00,22.88,9.22,0.11,5.84,-0.1,-0.07,0.0,30.04,1850
2026-08-25T20:24:39.226+02:00,22.94,9.09,-0.53,5.68,-0.1,-0.07,0.01,30.08,1631
2026-08-25T20:24:40.690+02:00,22.88,0.0,0.0,0.0,0.0,0.0,0.0,0.0,2064
2026-08-25T20:24:41.225+02:00,22.94,8.99,-0.24,5.78,-0.1,-0.07,0.01,30.04,2427
2026-08-25T20:24:42.225+02:00,22.94,9.11,-0.27,5.89,-0.1,-0.07,0.0,30.18,1826
2026-08-25T20:24:43.224+02:00,22.88,9.05,-0.35,5.86,-0.11,-0.07,0.0,30.04,2059
2026-08-25T20:24:44.224+02:00,22.94,9.09,-0.08,5.99,-0.1,-0.07,0.01,30.04,1739
2026-08-25T20:24:46.222+02:00,22.94,9.0,-0.35,5.66,-0.1,-0.07,0.01,30.18,1987
2026-08-25T20:24:47.224+02:00,22.94,9.09,-0.51,5.66,-0.11,-0.07,0.0,30.13,1672
2026-08-25T20:24:48.225+02:00,22.94,9.1,-0.12,6.0,-0.1,-0.07,0.01,30.08,1408
2026-08-25T20:24:49.224+02:00,22.94,9.06,-0.07,6.04,-0.1,-0.07,0.01,30.13,1586
2026-08-25T20:24:50.224+02:00,22.94,9.11,-0.1,5.74,-0.1,-0.07,0.01,30.13,2144
2026-08-25T20:24:51.224+02:00,22.94,9.05,-0.4,5.77,-0.11,-0.07,0.0,30.08,1840
2026-08-25T20:24:52.224+02:00,22.94,9.11,-0.11,5.94,-0.1,-0.07,0.01,30.18,1850
2026-08-25T20:24:53.223+02:00,22.94,8.87,-0.32,5.77,-0.1,-0.07,0.01,30.13,1911
2026-08-25T20:24:54.223+02:00,22.94,9.23,-0.12,5.86,-0.11,-0.07,0.01,30.08,2129
2026-08-25T20:24:55.231+02:00,22.94,9.13,-0.34,5.79,-0.11,-0.07,0.0,30.18,2045
2026-08-25T20:24:56.222+02:00,22.94,9.1,-0.2,-0.31,-0.03,-0.03,-0.03,35.77,1721
2026-08-25T20:24:57.222+02:00,22.94,8.95,-0.36,5.69,-0.1,-0.07,0.01,30.13,2022
2026-08-25T20:24:58.222+02:00,22.94,9.21,-0.03,5.93,-0.11,-0.07,0.01,30.18,1936
2026-08-25T20:24:59.221+02:00,22.94,9.14,-0.4,5.72,-0.1,-0.07,0.01,30.22,1974
2026-08-25T20:25:00.221+02:00,22.94,9.14,-0.21,5.95,-0.1,-0.07,0.02,30.08,1702
2026-08-25T20:25:01.221+02:00,22.94,9.13,-0.07,5.91,-0.1,-0.07,0.01,30.13,1705
2026-08-25T20:25:02.220+02:00,22.94,9.02,-0.47,5.79,-0.11,-0.07,0.01,30.22,2138
2026-08-25T20:25:03.220+02:00,22.94,9.16,-0.18,5.79,-0.11,-0.08,0.01,30.22,2117
2026-08-25T20:25:04.220+02:00,22.94,9.07,-0.29,5.76,-0.1,-0.07,0.01,30.18,1815
2026-08-25T20:25:05.220+02:00,22.94,9.13,-0.16,5.86,-0.1,-0.07,0.01,30.13,1534
2026-08-25T20:25:06.219+02:00,22.94,9.1,-0.24,5.79,-0.11,-0.07,0.0,30.18,1973
2026-08-25T20:25:07.219+02:00,22.94,9.14,-0.3,5.82,-0.1,-0.07,0.01,30.18,1964
2026-08-25T20:25:08.218+02:00,22.94,8.97,-0.23,5.83,-0.1,-0.07,0.01,30.22,1773
2026-08-25T20:25:09.218+02:00,22.94,9.2,-0.07,5.85,-0.1,-0.07,0.01,30.27,1281
2026-08-25T20:25:10.218+02:00,23.0,9.05,-0.52,5.84,-0.11,-0.07,0.0,30.27,1535
2026-08-25T20:25:11.218+02:00,23.0,9.12,-0.11,5.96,-0.1,-0.07,0.01,30.22,2186
2026-08-25T20:25:12.217+02:00,22.94,8.91,-0.32,5.89,-0.1,-0.07,0.01,30.18,1939
2026-08-25T20:25:13.228+02:00,22.94,9.1,-0.3,5.74,-0.11,-0.07,0.01,30.18,1335
2026-08-25T20:25:14.217+02:00,22.94,9.25,-0.02,5.86,-0.1,-0.07,0.0,30.22,1262
2026-08-25T20:25:16.210+02:00,22.94,8.98,-0.26,5.67,-0.1,-0.07,0.0,30.27,1636
2026-08-25T20:25:17.213+02:00,23.0,8.98,-0.48,5.71,-0.1,-0.07,0.0,30.22,1931
2026-08-25T20:25:18.213+02:00,22.94,9.17,-0.12,5.98,-0.1,-0.07,0.01,30.27,1709
2026-08-25T20:25:19.213+02:00,22.94,9.07,-0.06,5.83,-0.1,-0.07,0.01,30.18,2115
2026-08-25T20:25:20.213+02:00,22.94,9.12,-0.24,5.88,-0.1,-0.07,0.01,30.22,2095
2026-08-25T20:25:21.212+02:00,22.94,9.17,-0.25,5.79,-0.11,-0.07,0.01,30.41,1804
2026-08-25T20:25:22.212+02:00,22.94,9.01,-0.31,5.95,-0.1,-0.07,0.01,30.18,1635
2026-08-25T20:25:23.212+02:00,23.0,9.06,-0.04,5.79,-0.1,-0.07,0.01,30.22,1841
2026-08-25T20:25:24.212+02:00,23.0,9.11,-0.27,5.83,-0.11,-0.07,0.0,30.27,1991
2026-08-25T20:25:25.211+02:00,23.0,9.05,-0.22,5.88,-0.1,-0.07,0.01,30.18,1800
2026-08-25T20:25:26.211+02:00,23.0,9.04,-0.23,5.83,-0.1,-0.07,0.02,30.22,1680
2026-08-25T20:25:27.210+02:00,23.0,9.12,-0.15,5.88,-0.11,-0.07,0.01,30.32,1898
2026-08-25T20:25:28.211+02:00,23.0,9.15,-0.18,5.73,-0.11,-0.07,0.0,30.37,2219
2026-08-25T20:25:29.210+02:00,22.94,9.08,-0.29,5.85,-0.11,-0.07,0.01,30.22,1841
2026-08-25T20:25:30.210+02:00,22.94,9.01,-0.15,5.93,-0.1,-0.07,0.01,30.22,1330
2026-08-25T20:25:31.223+02:00,23.0,9.18,-0.09,5.72,-0.11,-0.07,0.01,30.27,1598
2026-08-25T20:25:32.209+02:00,22.94,9.13,-0.26,5.8,-0.11,-0.07,0.01,30.22,2039
2026-08-25T20:25:33.208+02:00,23.0,8.99,-0.28,5.87,-0.1,-0.07,0.01,30.32,2112
2026-08-25T20:25:34.208+02:00,23.0,8.96,-0.17,5.86,-0.1,-0.07,0.01,30.27,1416
2026-08-25T20:25:35.208+02:00,23.0,9.12,-0.18,5.78,-0.11,-0.07,0.0,30.32,1364
2026-08-25T20:25:36.208+02:00,23.0,9.09,-0.43,5.76,-0.11,-0.08,0.01,30.37,1992
2026-08-25T20:25:37.208+02:00,23.0,8.88,-0.43,5.89,-0.1,-0.07,0.01,30.37,2033
2026-08-25T20:25:38.207+02:00,23.0,9.17,-0.04,5.86,-0.1,-0.07,0.01,30.32,1543
2026-08-25T20:25:39.207+02:00,23.0,8.96,-0.48,5.7,-0.1,-0.07,0.01,30.32,1363
2026-08-25T20:25:40.207+02:00,23.0,9.16,-0.1,5.94,-0.11,-0.07,0.0,30.27,1585
2026-08-25T20:25:41.205+02:00,23.0,8.98,-0.42,5.77,-0.1,-0.07,0.01,30.32,1745
2026-08-25T20:25:42.206+02:00,23.0,8.96,-0.3,5.78,-0.1,-0.07,0.01,30.41,1544
2026-08-25T20:25:43.206+02:00,23.0,9.2,-0.13,5.87,-0.11,-0.07,0.0,30.27,1479
2026-08-25T20:25:44.206+02:00,23.0,8.92,-0.58,5.73,-0.1,-0.08,0.01,30.41,1577
2026-08-25T20:25:46.202+02:00,23.0,9.24,0.03,5.92,-0.11,-0.07,0.01,30.27,1993
2026-08-25T20:25:47.204+02:00,23.0,9.29,0.02,5.9,-0.1,-0.07,0.01,30.32,1601
2026-08-25T20:25:48.204+02:00,23.0,8.94,-0.54,5.76,-0.1,-0.07,0.01,30.37,1521
2026-08-25T20:25:49.218+02:00,23.06,8.94,-0.31,5.77,-0.1,-0.07,0.01,30.37,1700
2026-08-25T20:25:50.204+02:00,23.0,9.15,-0.15,5.81,-0.11,-0.07,0.0,30.41,1716
2026-08-25T20:25:51.203+02:00,23.0,9.05,-0.21,5.93,-0.1,-0.07,0.01,30.37,1792
2026-08-25T20:25:52.203+02:00,23.0,9.0,-0.38,5.82,-0.1,-0.07,0.01,30.41,1532
2026-08-25T20:25:53.203+02:00,23.0,9.27,0.03,5.95,-0.11,-0.07,0.01,30.32,1487
2026-08-25T20:25:54.202+02:00,23.0,9.01,-0.52,5.77,-0.11,-0.07,0.01,30.37,1527
2026-08-25T20:25:55.202+02:00,23.0,8.94,-0.49,5.85,-0.1,-0.08,0.01,30.37,1580
2026-08-25T20:25:56.202+02:00,23.06,9.03,-0.08,5.79,-0.1,-0.07,0.01,30.41,1741
2026-08-25T20:25:57.202+02:00,23.06,9.15,-0.18,5.78,-0.1,-0.07,0.01,30.46,1426
2026-08-25T20:25:58.202+02:00,23.0,9.11,-0.35,5.77,-0.11,-0.07,0.01,30.41,1307
2026-08-25T20:25:59.200+02:00,23.0,9.03,-0.3,5.9,-0.1,-0.07,0.02,30.41,1836
2026-08-25T20:26:00.200+02:00,23.0,9.08,-0.14,5.74,-0.1,-0.07,0.01,30.37,1742
2026-08-25T20:26:01.200+02:00,23.06,9.12,-0.29,5.72,-0.11,-0.07,0.0,30.37,1471
2026-08-25T20:26:02.200+02:00,23.0,9.1,-0.25,5.81,-0.1,-0.07,0.01,30.41,1407
2026-08-25T20:26:03.198+02:00,23.0,9.05,-0.13,5.88,-0.1,-0.07,0.01,30.37,1935
2026-08-25T20:26:04.201+02:00,23.06,8.95,-0.26,5.85,-0.1,-0.07,0.01,30.51,1900
2026-08-25T20:26:05.199+02:00,23.0,9.27,-0.02,5.9,-0.11,-0.07,0.0,30.55,1629
2026-08-25T20:26:06.199+02:00,23.06,8.98,-0.51,5.7,-0.1,-0.07,0.01,30.46,1270
2026-08-25T20:26:07.198+02:00,23.06,8.99,-0.31,5.81,-0.1,-0.07,0.02,30.41,1914
2026-08-25T20:26:08.198+02:00,23.06,9.12,-0.19,5.84,-0.1,-0.07,0.01,30.46,2088
2026-08-25T20:26:09.198+02:00,23.0,9.12,-0.11,5.82,-0.11,-0.07,0.0,30.46,1608
2026-08-25T20:26:10.198+02:00,23.06,8.96,-0.57,5.8,-0.1,-0.08,0.01,30.41,1532
2026-08-25T20:26:11.197+02:00,23.06,9.12,0.07,5.87,-0.1,-0.07,0.01,30.37,1812
2026-08-25T20:26:12.196+02:00,23.0,9.06,-0.24,5.66,-0.11,-0.07,0.01,30.46,1968
2026-08-25T20:26:13.196+02:00,23.06,9.11,-0.39,5.76,-0.11,-0.07,0.0,30.51,1838
2026-08-25T20:26:14.196+02:00,23.0,8.99,-0.49,5.85,-0.1,-0.07,0.01,30.55,1716
2026-08-25T20:26:16.196+02:00,23.06,9.24,0.05,5.87,-0.1,-0.07,0.0,30.6,1976
2026-08-25T20:26:17.195+02:00,23.0,9.33,0.01,5.83,-0.11,-0.07,0.01,30.46,2300
2026-08-25T20:26:18.195+02:00,23.06,8.9,-0.53,5.86,-0.1,-0.07,0.01,30.55,1671
2026-08-25T20:26:19.195+02:00,23.06,9.15,-0.07,5.88,-0.1,-0.07,0.01,30.55,1553
2026-08-25T20:26:20.194+02:00,23.0,9.27,-0.08,5.8,-0.11,-0.07,0.01,30.46,1857
2026-08-25T20:26:21.195+02:00,23.06,9.12,-0.24,5.71,-0.1,-0.07,0.0,30.51,1748
2026-08-25T20:26:22.194+02:00,23.06,9.0,-0.37,5.93,-0.1,-0.07,0.02,30.51,1477
2026-08-25T20:26:23.192+02:00,23.06,9.13,-0.07,5.75,-0.11,-0.07,0.01,30.37,1792
2026-08-25T20:26:24.192+02:00,23.06,9.02,-0.5,5.77,-0.11,-0.07,0.0,30.51,1929
2026-08-25T20:26:25.192+02:00,23.0,9.14,-0.04,5.92,-0.1,-0.07,0.0,30.55,1818
2026-08-25T20:26:26.192+02:00,23.06,9.18,0.03,6.02,-0.1,-0.07,0.02,30.6,1762
2026-08-25T20:26:27.192+02:00,23.06,8.97,-0.27,5.72,-0.11,-0.07,0.01,30.51,1542
2026-08-25T20:26:28.192+02:00,23.06,9.16,-0.08,5.93,-0.11,-0.07,0.0,30.55,1913
2026-08-25T20:26:29.192+02:00,23.06,9.04,-0.34,5.79,-0.1,-0.08,0.01,30.55,2108
2026-08-25T20:26:30.190+02:00,23.06,8.97,-0.24,5.9,-0.1,-0.07,0.01,30.51,1979
2026-08-25T20:26:31.191+02:00,23.0,9.18,-0.03,5.79,-0.11,-0.07,0.01,30.55,1470
2026-08-25T20:26:32.190+02:00,23.06,9.08,-0.35,5.82,-0.11,-0.07,0.0,30.55,1983
2026-08-25T20:26:33.190+02:00,23.06,9.02,-0.39,5.87,-0.1,-0.08,0.01,30.51,2229
2026-08-25T20:26:34.189+02:00,23.06,9.04,-0.12,5.83,-0.1,-0.07,0.02,30.55,2149
2026-08-25T20:26:35.188+02:00,23.06,9.14,-0.24,5.76,-0.11,-0.07,0.01,30.51,1792
2026-08-25T20:26:36.188+02:00,23.06,9.22,-0.09,5.84,-0.11,-0.07,0.01,30.55,2197
2026-08-25T20:26:37.188+02:00,23.06,8.94,-0.53,5.86,-0.1,-0.08,0.01,30.46,2177
2026-08-25T20:26:38.188+02:00,23.06,9.21,0.09,5.93,-0.11,-0.07,0.01,30.65,1942
2026-08-25T20:26:39.187+02:00,23.06,9.24,-0.11,5.85,-0.1,-0.07,-0.0,30.55,2023
2026-08-25T20:26:40.187+02:00,23.06,9.02,-0.52,5.84,-0.1,-0.07,0.01,30.6,2245
2026-08-25T20:26:41.187+02:00,23.06,9.17,-0.02,5.95,-0.1,-0.07,0.01,30.55,2239
2026-08-25T20:26:42.186+02:00,23.06,9.0,-0.32,5.7,-0.1,-0.07,0.01,30.55,1999
2026-08-25T20:26:43.186+02:00,23.06,9.18,-0.1,5.95,-0.11,-0.07,0.01,30.6,1783
2026-08-25T20:26:44.186+02:00,23.06,9.17,-0.16,5.88,-0.1,-0.07,0.01,30.55,2015
2026-08-25T20:26:46.182+02:00,23.06,9.01,-0.32,5.81,-0.1,-0.07,0.01,30.6,1546
2026-08-25T20:26:47.185+02:00,23.06,9.26,0.02,5.87,-0.11,-0.07,0.0,30.65,1834
2026-08-25T20:26:48.184+02:00,23.06,8.93,-0.64,5.76,-0.1,-0.07,0.01,30.6,2210
2026-08-25T20:26:49.184+02:00,23.06,9.12,-0.01,5.87,-0.1,-0.07,0.02,30.6,2358
2026-08-25T20:26:50.184+02:00,23.06,9.16,-0.14,5.76,-0.11,-0.07,0.01,30.65,1953
2026-08-25T20:26:51.184+02:00,23.12,9.11,-0.34,5.77,-0.1,-0.07,0.01,30.51,1976
2026-08-25T20:26:52.183+02:00,23.06,8.94,-0.45,5.84,-0.1,-0.07,0.01,30.65,2035
2026-08-25T20:26:53.183+02:00,23.06,9.14,0.05,5.87,-0.1,-0.07,0.01,30.55,2407
2026-08-25T20:26:54.183+02:00,23.06,9.03,-0.39,5.7,-0.1,-0.07,0.01,30.6,2043
2026-08-25T20:26:55.182+02:00,23.06,9.29,0.06,5.79,-0.11,-0.07,0.0,30.55,1984
2026-08-25T20:26:56.182+02:00,23.06,8.92,-0.5,5.79,-0.1,-0.07,0.01,30.69,1843
2026-08-25T20:26:57.182+02:00,23.06,9.12,-0.06,5.83,-0.1,-0.07,0.01,30.65,2019
2026-08-25T20:26:58.181+02:00,23.06,9.24,0.0,5.92,-0.11,-0.07,0.0,30.74,2103
2026-08-25T20:26:59.181+02:00,23.06,9.02,-0.45,5.66,-0.1,-0.07,0.01,30.69,1855
2026-08-25T20:27:00.180+02:00,23.06,9.05,-0.19,6.03,-0.1,-0.07,0.01,30.69,2215
2026-08-25T20:27:01.180+02:00,23.06,9.05,-0.12,5.68,-0.11,-0.07,0.01,30.65,2317
2026-08-25T20:27:02.180+02:00,23.12,9.16,-0.15,5.86,-0.11,-0.07,0.01,30.69,2166
2026-08-25T20:27:03.180+02:00,23.12,9.04,-0.38,5.8,-0.1,-0.07,0.01,30.74,1925
2026-08-25T20:27:04.180+02:00,23.06,9.0,-0.34,5.72,-0.1,-0.07,0.01,30.74,2050
2026-08-25T20:27:05.179+02:00,23.06,9.11,-0.05,5.88,-0.1,-0.07,0.01,30.69,1938
2026-08-25T20:27:06.179+02:00,23.06,9.2,-0.24,5.82,-0.11,-0.07,0.0,30.74,2238
2026-08-25T20:27:07.179+02:00,23.06,8.96,-0.56,5.84,-0.1,-0.08,0.01,30.65,1931
2026-08-25T20:27:08.178+02:00,23.12,9.13,0.05,5.97,-0.1,-0.07,0.01,30.79,2117
2026-08-25T20:27:09.178+02:00,23.06,9.06,-0.42,5.75,-0.1,-0.07,0.0,30.65,1989
2026-08-25T20:27:10.178+02:00,23.06,9.01,-0.54,5.68,-0.11,-0.07,0.01,30.69,2090
2026-08-25T20:27:11.177+02:00,23.06,9.14,-0.16,5.94,-0.1,-0.07,0.01,30.74,2019
2026-08-25T20:27:12.177+02:00,23.12,8.9,-0.3,5.8,-0.1,-0.07,0.01,30.74,2068
2026-08-25T20:27:13.177+02:00,23.06,8.58,-0.0,-0.0,-0.0,-0.0,-0.0,36.53,1706
2026-08-25T20:27:14.176+02:00,23.12,9.22,-0.09,5.77,-0.11,-0.07,0.0,30.74,1919
2026-08-25T20:27:16.173+02:00,23.06,8.96,-0.42,5.77,-0.1,-0.07,0.01,30.79,2067
2026-08-25T20:27:17.175+02:00,23.06,9.3,0.08,5.81,-0.11,-0.07,0.0,30.65,1972
2026-08-25T20:27:18.175+02:00,23.12,9.07,-0.44,5.76,-0.1,-0.07,0.01,30.69,2153
2026-08-25T20:27:19.176+02:00,23.12,9.11,-0.19,5.95,-0.1,-0.07,0.01,30.74,2046
2026-08-25T20:27:20.175+02:00,23.12,9.06,-0.12,5.85,-0.1,-0.07,0.01,30.69,1872
2026-08-25T20:27:21.174+02:00,23.12,9.01,-0.42,5.78,-0.1,-0.08,0.01,30.84,1829
2026-08-25T20:27:22.174+02:00,23.12,9.26,0.0,5.91,-0.1,-0.07,0.01,30.74,2079
2026-08-25T20:27:23.174+02:00,23.12,9.1,-0.05,5.97,-0.1,-0.07,0.01,30.79,2256
2026-08-25T20:27:24.173+02:00,23.12,9.02,-0.25,5.67,-0.1,-0.07,0.01,30.84,1759
2026-08-25T20:27:25.174+02:00,23.12,9.07,-0.4,5.71,-0.11,-0.08,0.0,30.79,2118
2026-08-25T20:27:26.172+02:00,23.12,9.23,0.01,5.9,-0.1,-0.07,0.01,30.79,2280
2026-08-25T20:27:27.172+02:00,23.12,8.96,-0.4,5.69,-0.1,-0.07,0.01,30.79,2175
2026-08-25T20:27:28.172+02:00,23.12,9.19,-0.04,5.85,-0.11,-0.07,0.01,30.79,2081
2026-08-25T20:27:29.172+02:00,23.12,9.22,-0.18,5.86,-0.11,-0.07,0.0,30.74,1883
2026-08-25T20:27:30.172+02:00,23.12,9.17,-0.14,5.88,-0.1,-0.07,0.01,30.74,2151
2026-08-25T20:27:31.171+02:00,23.12,8.96,-0.49,5.8,-0.1,-0.08,0.01,30.88,2258
2026-08-25T20:27:32.171+02:00,23.12,9.2,-0.01,5.87,-0.11,-0.07,0.01,30.84,1935
2026-08-25T20:27:33.171+02:00,23.12,9.07,-0.47,5.68,-0.11,-0.07,0.0,30.79,2017
2026-08-25T20:27:34.170+02:00,23.12,8.99,-0.36,5.9,-0.1,-0.08,0.01,30.84,2112
2026-08-25T20:27:35.170+02:00,23.12,9.04,-0.07,5.95,-0.1,-0.07,0.01,30.84,2023
2026-08-25T20:27:36.170+02:00,23.12,9.1,-0.29,5.76,-0.11,-0.07,0.01,30.84,1933
2026-08-25T20:27:37.169+02:00,23.12,9.14,-0.26,5.83,-0.11,-0.07,0.01,30.84,2046
2026-08-25T20:27:38.169+02:00,23.12,9.07,-0.22,5.89,-0.1,-0.08,0.02,30.88,1911
2026-08-25T20:27:39.168+02:00,23.12,8.98,-0.35,5.82,-0.1,-0.07,0.02,30.84,2211
2026-08-25T20:27:40.168+02:00,23.12,9.28,-0.1,5.78,-0.11,-0.07,0.0,30.79,1843
2026-08-25T20:27:41.168+02:00,23.19,9.08,-0.5,5.84,-0.1,-0.08,0.01,30.84,1814
2026-08-25T20:27:42.168+02:00,23.12,9.15,0.01,5.95,-0.1,-0.07,0.01,30.93,1725
2026-08-25T20:27:43.167+02:00,23.12,9.17,0.07,5.92,-0.1,-0.07,0.01,30.88,2233
2026-08-25T20:27:44.167+02:00,23.12,9.01,-0.41,5.72,-0.11,-0.08,0.0,30.84,2178
2026-08-25T20:27:46.164+02:00,23.19,9.17,0.0,5.89,-0.1,-0.08,0.01,30.79,1936
2026-08-25T20:27:47.166+02:00,23.12,9.2,0.1,5.98,-0.1,-0.07,0.01,30.84,1924
2026-08-25T20:27:48.166+02:00,23.12,9.05,-0.41,5.7,-0.11,-0.07,0.0,30.88,2116
2026-08-25T20:27:49.166+02:00,23.12,9.07,-0.3,5.9,-0.1,-0.08,0.01,30.84,1856
2026-08-25T20:27:50.165+02:00,23.12,9.02,-0.22,5.87,-0.1,-0.07,0.01,30.93,2074
2026-08-25T20:27:51.165+02:00,23.12,9.18,-0.1,5.74,-0.1,-0.07,0.01,30.88,1892
2026-08-25T20:27:52.164+02:00,23.12,9.12,-0.23,5.82,-0.11,-0.07,0.01,30.84,2151
2026-08-25T20:27:53.164+02:00,23.19,8.99,-0.42,5.78,-0.1,-0.07,0.01,30.98,2031
2026-08-25T20:27:54.164+02:00,23.12,9.13,-0.05,5.94,-0.1,-0.08,0.01,30.93,2162
2026-08-25T20:27:55.164+02:00,23.12,9.05,-0.38,5.7,-0.11,-0.07,0.0,30.84,1722
2026-08-25T20:27:56.163+02:00,23.19,9.15,-0.18,5.9,-0.1,-0.08,0.01,30.93,1799
2026-08-25T20:27:57.163+02:00,23.12,9.11,-0.16,5.94,-0.1,-0.07,0.01,30.93,2039
2026-08-25T20:27:58.163+02:00,23.12,9.06,-0.18,5.74,-0.1,-0.07,0.01,30.88,2286
2026-08-25T20:27:59.163+02:00,23.19,9.07,-0.34,5.82,-0.11,-0.08,0.0,30.98,1711
2026-08-25T20:28:00.162+02:00,23.19,9.13,-0.13,5.81,-0.1,-0.08,0.0,30.93,1776
2026-08-25T20:28:01.162+02:00,23.19,8.91,-0.39,5.84,-0.1,-0.07,0.01,30.98,1980
2026-08-25T20:28:02.162+02:00,23.12,9.26,0.17,5.9,-0.11,-0.07,0.01,30.93,2195
2026-08-25T20:28:03.161+02:00,23.19,9.29,0.0,5.84,-0.1,-0.07,0.01,30.98,1632
2026-08-25T20:28:04.161+02:00,23.19,8.92,-0.57,5.77,-0.1,-0.07,0.01,30.93,1789
2026-08-25T20:28:05.160+02:00,23.19,9.06,0.01,5.93,-0.1,-0.07,0.01,30.98,1669
2026-08-25T20:28:06.160+02:00,23.19,9.04,-0.42,5.65,-0.1,-0.07,0.01,30.98,1937
2026-08-25T20:28:07.164+02:00,23.19,9.32,0.13,5.84,-0.11,-0.07,0.0,31.02,1571
2026-08-25T20:28:08.160+02:00,23.19,8.97,-0.48,5.77,-0.1,-0.08,0.01,30.88,1774
2026-08-25T20:28:09.159+02:00,23.19,9.14,-0.13,5.97,-0.1,-0.07,0.01,30.93,1786
2026-08-25T20:28:10.159+02:00,23.19,9.27,-0.03,5.92,-0.11,-0.07,0.0,31.02,1761
2026-08-25T20:28:11.159+02:00,23.12,9.12,-0.44,5.7,-0.11,-0.08,0.01,30.98,1464
2026-08-25T20:28:12.158+02:00,23.19,9.03,-0.22,5.89,-0.1,-0.08,0.01,31.02,1594
2026-08-25T20:28:13.158+02:00,23.19,9.05,-0.14,5.82,-0.1,-0.07,0.01,30.98,1689
2026-08-25T20:28:14.158+02:00,23.19,9.06,-0.3,5.92,-0.11,-0.08,0.0,30.93,1632
2026-08-25T20:28:16.168+02:00,23.19,9.15,-0.16,5.98,-0.1,-0.07,0.01,31.07,1977
2026-08-25T20:28:17.157+02:00,23.19,9.04,-0.36,5.72,-0.1,-0.07,0.01,31.02,1768
2026-08-25T20:28:18.156+02:00,23.19,9.24,-0.03,5.89,-0.1,-0.07,0.0,31.07,1583
2026-08-25T20:28:19.156+02:00,23.19,8.97,-0.6,5.74,-0.1,-0.07,0.01,31.02,2040
2026-08-25T20:28:20.156+02:00,23.19,9.09,-0.05,5.93,-0.1,-0.07,0.02,30.98,1517
2026-08-25T20:28:21.156+02:00,23.19,9.14,-0.11,5.77,-0.1,-0.07,0.01,30.98,1978
2026-08-25T20:28:22.155+02:00,23.19,9.14,-0.26,5.86,-0.1,-0.07,0.0,31.02,1912
2026-08-25T20:28:23.155+02:00,23.19,9.07,-0.28,5.89,-0.1,-0.07,0.01,31.02,1979
2026-08-25T20:28:24.155+02:00,23.19,8.96,-0.27,5.79,-0.1,-0.07,0.02,31.02,1446
2026-08-25T20:28:25.154+02:00,23.19,9.15,-0.19,5.89,-0.11,-0.07,0.01,31.17,1779
2026-08-25T20:28:26.154+02:00,23.25,9.15,-0.29,5.79,-0.1,-0.07,0.01,31.07,2111
2026-08-25T20:28:27.154+02:00,23.25,9.0,-0.27,5.84,-0.1,-0.07,0.01,31.02,1957
2026-08-25T20:28:28.153+02:00,23.19,9.08,-0.14,5.82,-0.1,-0.07,0.01,30.98,1663
2026-08-25T20:28:29.155+02:00,23.19,9.23,-0.1,5.97,-0.11,-0.08,0.0,31.12,1625
2026-08-25T20:28:30.152+02:00,23.19,8.93,-0.58,5.75,-0.1,-0.07,0.01,31.02,1933
2026-08-25T20:28:31.152+02:00,23.25,8.96,-0.42,5.84,-0.1,-0.07,0.02,31.02,1941
2026-08-25T20:28:32.152+02:00,23.19,9.11,-0.11,5.76,-0.11,-0.07,0.01,31.12,1771
2026-08-25T20:28:33.152+02:00,23.25,9.26,-0.06,5.86,-0.11,-0.07,0.01,31.07,1745
2026-08-25T20:28:34.152+02:00,23.19,8.86,-0.53,5.84,-0.1,-0.07,0.01,31.02,1685
2026-08-25T20:28:35.152+02:00,23.19,9.21,0.06,5.94,-0.1,-0.07,0.01,31.07,1521
2026-08-25T20:28:36.151+02:00,23.25,9.09,-0.29,5.83,-0.1,-0.07,0.01,31.12,1979
2026-08-25T20:28:37.151+02:00,23.19,9.22,-0.08,6.0,-0.1,-0.07,0.01,31.17,2019
2026-08-25T20:28:38.150+02:00,23.25,8.91,-0.4,5.72,-0.1,-0.07,0.01,31.12,1949
2026-08-25T20:28:39.150+02:00,23.25,9.23,0.1,5.93,-0.11,-0.07,0.01,31.12,1481
2026-08-25T20:28:40.150+02:00,23.19,9.12,-0.28,5.91,-0.11,-0.08,0.01,31.07,2100
2026-08-25T20:28:41.149+02:00,23.25,8.96,-0.48,5.72,-0.1,-0.08,0.01,31.12,2180
2026-08-25T20:28:42.149+02:00,23.25,9.22,0.02,5.99,-0.1,-0.08,0.01,31.17,2276
2026-08-25T20:28:43.148+02:00,23.19,8.95,-0.49,5.71,-0.11,-0.07,0.0,31.02,1890
2026-08-25T20:28:44.148+02:00,23.25,8.98,-0.42,5.76,-0.1,-0.07,0.01,31.17,2144
2026-08-25T20:28:46.145+02:00,23.25,9.11,-0.06,5.83,-0.1,-0.08,0.01,31.12,1436
2026-08-25T20:28:47.148+02:00,23.25,8.97,-0.51,5.69,-0.11,-0.07,0.01,31.07,1682
2026-08-25T20:28:48.147+02:00,23.25,9.09,-0.12,5.89,-0.1,-0.07,0.01,31.12,1754
2026-08-25T20:28:49.147+02:00,23.25,9.06,-0.26,5.87,-0.1,-0.07,0.01,31.17,1747
2026-08-25T20:28:50.147+02:00,23.25,9.0,-0.5,5.76,-0.11,-0.07,0.0,31.21,2071
2026-08-25T20:28:51.146+02:00,23.25,9.07,-0.52,5.74,-0.1,-0.07,0.01,31.07,2161
2026-08-25T20:28:52.146+02:00,23.25,9.0,-0.21,5.69,-0.1,-0.07,0.01,31.17,1805
2026-08-25T20:28:53.146+02:00,23.31,9.25,0.04,5.97,-0.1,-0.07,0.01,31.21,1827
2026-08-25T20:28:54.145+02:00,23.25,8.96,-0.54,5.7,-0.11,-0.07,0.0,31.17,1908
2026-08-25T20:28:55.145+02:00,23.25,9.11,-0.14,5.87,-0.1,-0.07,0.01,31.21,1982
2026-08-25T20:28:56.144+02:00,23.25,8.98,-0.23,5.82,-0.1,-0.08,0.01,31.26,1940
2026-08-25T20:28:57.144+02:00,23.25,9.02,-0.46,5.61,-0.11,-0.07,0.0,31.21,1493
2026-08-25T20:28:58.144+02:00,23.25,9.01,-0.57,5.7,-0.1,-0.08,0.01,31.21,2029
2026-08-25T20:28:59.144+02:00,23.25,9.17,-0.01,5.9,-0.1,-0.07,0.02,31.26,2126
2026-08-25T20:29:00.144+02:00,23.25,8.95,-0.34,5.71,-0.1,-0.07,0.01,31.21,2035
2026-08-25T20:29:01.143+02:00,23.25,9.22,-0.08,5.88,-0.11,-0.07,0.0,31.26,1459
2026-08-25T20:29:02.143+02:00,23.25,9.01,-0.46,5.87,-0.1,-0.08,0.01,31.21,1504
2026-08-25T20:29:03.143+02:00,23.25,8.99,-0.15,5.83,-0.1,-0.07,0.01,31.26,1995
2026-08-25T20:29:04.142+02:00,23.25,9.25,-0.03,5.86,-0.11,-0.07,0.01,31.31,2020
2026-08-25T20:29:05.142+02:00,23.31,9.31,-0.04,5.85,-0.1,-0.07,0.01,31.26,1822
2026-08-25T20:29:06.142+02:00,23.25,9.05,-0.38,5.97,-0.1,-0.07,0.01,31.31,1609
2026-08-25T20:29:07.141+02:00,23.25,8.92,-0.33,5.75,-0.1,-0.07,0.01,31.17,1743
2026-08-25T20:29:08.141+02:00,23.25,9.28,-0.06,5.88,-0.11,-0.07,0.0,31.26,1655
2026-08-25T20:29:09.141+02:00,23.25,8.95,-0.52,5.81,-0.1,-0.08,0.01,31.21,1773
2026-08-25T20:29:10.140+02:00,23.25,9.0,-0.23,5.78,-0.1,-0.08,0.01,31.26,1656
2026-08-25T20:29:11.140+02:00,23.25,9.23,-0.07,5.88,-0.11,-0.07,0.01,31.21,1727
2026-08-25T20:29:12.140+02:00,23.25,9.32,0.01,5.87,-0.1,-0.08,0.01,31.17,1518
2026-08-25T20:29:13.139+02:00,23.25,8.89,-0.44,5.89,-0.1,-0.07,0.01,31.21,2157
2026-08-25T20:29:14.139+02:00,23.31,9.0,-0.22,5.78,-0.11,-0.07,0.01,31.17,1926
2026-08-25T20:29:16.136+02:00,23.31,9.2,-0.16,5.92,-0.1,-0.07,0.01,31.31,2057
2026-08-25T20:29:17.138+02:00,23.31,9.02,-0.08,5.91,-0.1,-0.07,0.01,31.17,1780
2026-08-25T20:29:18.138+02:00,23.31,9.22,-0.18,5.8,-0.11,-0.07,0.01,31.21,1842
2026-08-25T20:29:19.138+02:00,23.25,9.27,-0.09,5.8,-0.11,-0.07,0.01,31.35,1634
2026-08-25T20:29:20.137+02:00,23.25,8.91,-0.48,5.79,-0.1,-0.08,0.01,31.31,1724
2026-08-25T20:29:21.137+02:00,23.31,9.22,0.01,5.9,-0.1,-0.07,0.01,31.26,1585
2026-08-25T20:29:22.136+02:00,23.31,8.98,-0.49,5.74,-0.11,-0.08,0.01,31.31,1798
2026-08-25T20:29:23.136+02:00,23.25,9.1,-0.26,5.8,-0.1,-0.07,0.01,31.31,1931
2026-08-25T20:29:24.136+02:00,23.31,9.13,-0.08,6.02,-0.1,-0.07,0.02,31.21,2008
2026-08-25T20:29:25.136+02:00,23.25,9.08,-0.33,5.82,-0.1,-0.08,0.01,31.31,1815
2026-08-25T20:29:26.135+02:00,23.25,9.1,-0.44,5.75,-0.11,-0.08,0.01,31.26,2000
2026-08-25T20:29:27.135+02:00,23.31,8.98,-0.45,5.83,-0.1,-0.07,0.01,31.31,1846
2026-08-25T20:29:28.135+02:00,23.31,9.17,-0.02,6.0,-0.11,-0.07,0.01,31.26,1947
2026-08-25T20:29:29.134+02:00,23.31,8.99,-0.46,5.77,-0.11,-0.07,0.01,31.31,1811
2026-08-25T20:29:30.135+02:00,23.25,9.06,-0.4,5.88,-0.1,-0.08,0.01,31.35,2218
2026-08-25T20:29:31.135+02:00,23.31,9.18,0.03,6.03,-0.1,-0.07,0.01,31.4,2013
2026-08-25T20:29:32.134+02:00,23.31,9.05,-0.29,5.71,-0.11,-0.08,0.01,31.31,2313
2026-08-25T20:29:33.136+02:00,23.31,9.14,-0.31,5.74,-0.11,-0.07,0.0,31.4,2173
2026-08-25T20:29:34.133+02:00,23.31,8.9,-0.56,5.76,-0.1,-0.08,0.01,31.31,2054
2026-08-25T20:29:35.134+02:00,23.31,9.12,-0.05,5.85,-0.1,-0.07,0.01,31.35,2013
2026-08-25T20:29:36.133+02:00,23.31,9.18,-0.1,5.84,-0.11,-0.08,0.0,31.31,2023
2026-08-25T20:29:37.133+02:00,23.31,8.93,-0.62,5.8,-0.1,-0.08,0.01,31.35,2062
2026-08-25T20:29:38.132+02:00,23.31,9.04,-0.13,5.79,-0.11,-0.07,0.01,31.31,1823
2026-08-25T20:29:39.144+02:00,23.31,9.25,-0.01,5.83,-0.11,-0.08,0.0,31.26,1675
2026-08-25T20:29:40.132+02:00,23.31,9.05,-0.34,5.76,-0.1,-0.08,0.01,31.31,1746
2026-08-25T20:29:41.132+02:00,23.31,9.19,0.02,5.98,-0.1,-0.07,0.01,31.31,2195
2026-08-25T20:29:42.132+02:00,23.31,9.03,-0.24,5.76,-0.1,-0.07,0.01,31.35,2141
2026-08-25T20:29:43.131+02:00,23.31,9.11,-0.48,5.74,-0.11,-0.08,0.0,31.31,1814
2026-08-25T20:29:44.131+02:00,23.31,9.16,-0.04,5.88,-0.1,-0.07,0.01,31.35,1662
2026-08-25T20:29:46.127+02:00,23.31,9.28,-0.02,5.81,-0.11,-0.07,0.0,31.31,2085
2026-08-25T20:29:47.130+02:00,23.31,9.25,0.01,5.92,-0.11,-0.07,0.01,31.31,1833
2026-08-25T20:29:48.128+02:00,23.38,9.05,-0.17,5.84,-0.1,-0.07,0.01,31.35,1818
2026-08-25T20:29:49.130+02:00,23.31,9.21,-0.01,5.85,-0.11,-0.07,0.01,31.4,1871
2026-08-25T20:29:50.130+02:00,23.31,9.0,-0.5,5.73,-0.11,-0.08,0.01,31.4,1842
2026-08-25T20:29:51.128+02:00,23.31,9.17,-0.11,6.01,-0.1,-0.08,0.01,31.45,1926
2026-08-25T20:29:52.128+02:00,23.38,8.97,-0.33,5.77,-0.1,-0.07,0.01,31.4,1775
2026-08-25T20:29:53.127+02:00,23.38,9.17,-0.13,5.88,-0.11,-0.08,0.0,31.35,1930
2026-08-25T20:29:54.128+02:00,23.31,9.11,-0.27,5.87,-0.1,-0.08,0.01,31.4,1651
2026-08-25T20:29:55.126+02:00,23.38,9.06,-0.06,5.97,-0.1,-0.08,0.01,31.45,2029
2026-08-25T20:29:56.127+02:00,23.31,8.96,-0.42,5.68,-0.1,-0.07,0.01,31.4,1641
2026-08-25T20:29:57.127+02:00,23.38,9.26,0.03,5.9,-0.11,-0.07,0.01,31.35,1724
2026-08-25T20:29:58.127+02:00,23.38,8.92,-0.5,5.88,-0.1,-0.07,0.01,31.49,1972
2026-08-25T20:29:59.126+02:00,23.31,9.12,-0.13,5.86,-0.1,-0.07,0.01,31.45,2289
2026-08-25T20:30:00.125+02:00,23.31,9.25,0.05,5.89,-0.11,-0.07,0.01,31.35,2240
2026-08-25T20:30:01.126+02:00,23.38,9.0,-0.55,5.77,-0.1,-0.08,0.0,31.49,2093
2026-08-25T20:30:02.125+02:00,23.38,9.05,-0.14,5.79,-0.1,-0.07,0.01,31.4,2050
2026-08-25T20:30:03.125+02:00,23.38,8.97,-0.27,5.71,-0.11,-0.07,0.01,31.4,2041
2026-08-25T20:30:04.124+02:00,23.38,9.21,-0.35,5.76,-0.11,-0.07,0.0,31.35,2098
2026-08-25T20:30:05.124+02:00,23.38,9.22,0.0,6.02,-0.1,-0.07,0.01,31.4,2177
2026-08-25T20:30:06.124+02:00,23.38,9.01,-0.3,5.76,-0.1,-0.08,0.02,31.45,2178
2026-08-25T20:30:07.123+02:00,23.38,9.08,-0.41,5.75,-0.11,-0.08,0.0,31.4,1879
2026-08-25T20:30:08.123+02:00,23.31,9.28,-0.05,5.83,-0.1,-0.08,0.01,31.45,1776
2026-08-25T20:30:09.123+02:00,23.38,9.08,-0.18,5.83,-0.1,-0.08,0.02,31.49,1937
2026-08-25T20:30:10.123+02:00,23.31,9.28,0.07,5.85,-0.1,-0.07,0.01,31.49,2138
2026-08-25T20:30:11.123+02:00,23.38,9.2,-0.17,5.87,-0.1,-0.07,0.01,31.45,2050
2026-08-25T20:30:12.122+02:00,23.38,8.86,-0.57,5.78,-0.1,-0.08,0.02,31.54,1444
2026-08-25T20:30:13.122+02:00,23.38,8.99,-0.2,5.82,-0.1,-0.07,0.01,31.54,1772
2026-08-25T20:30:14.122+02:00,23.38,9.22,-0.16,5.86,-0.11,-0.07,0.0,31.49,1775
2026-08-25T20:30:16.118+02:00,23.38,8.99,-0.22,5.83,-0.1,-0.07,0.01,31.49,1990
2026-08-25T20:30:17.120+02:00,23.38,9.31,0.05,5.93,-0.11,-0.07,0.0,31.64,1592
2026-08-25T20:30:18.120+02:00,23.38,9.17,-0.23,5.81,-0.1,-0.07,0.01,31.49,1925
2026-08-25T20:30:19.120+02:00,23.38,8.96,-0.43,5.73,-0.1,-0.08,0.01,31.54,1619
2026-08-25T20:30:20.120+02:00,23.38,9.05,-0.25,5.72,-0.11,-0.07,0.01,31.49,1837
2026-08-25T20:30:21.119+02:00,23.38,9.1,-0.31,5.81,-0.11,-0.08,0.01,31.64,1636
2026-08-25T20:30:22.119+02:00,23.38,9.12,0.01,5.91,-0.1,-0.08,0.01,31.59,1752
2026-08-25T20:30:23.119+02:00,23.38,9.28,0.09,5.96,-0.1,-0.08,0.01,31.64,1852
2026-08-25T20:30:24.119+02:00,23.38,9.13,-0.28,5.81,-0.1,-0.07,0.0,31.49,2063
2026-08-25T20:30:25.118+02:00,23.38,9.1,-0.11,5.87,-0.1,-0.07,0.01,31.59,2107
2026-08-25T20:30:26.118+02:00,23.38,9.18,0.04,5.91,-0.1,-0.07,0.01,31.54,1753
2026-08-25T20:30:27.117+02:00,23.38,9.06,-0.42,5.83,-0.11,-0.07,0.0,31.59,2062
2026-08-25T20:30:28.117+02:00,23.38,8.91,-0.57,5.78,-0.1,-0.08,0.01,31.64,2061
2026-08-25T20:30:29.118+02:00,23.38,8.98,-0.22,5.79,-0.1,-0.07,0.01,31.49,2234
2026-08-25T20:30:30.118+02:00,23.38,9.29,0.0,5.86,-0.11,-0.07,0.0,31.59,2088
2026-08-25T20:30:31.117+02:00,23.38,9.15,-0.12,5.98,-0.1,-0.08,0.01,31.59,2202
2026-08-25T20:30:32.115+02:00,23.38,9.04,-0.24,5.76,-0.1,-0.08,0.02,31.54,1769
2026-08-25T20:30:33.133+02:00,23.38,9.23,0.06,5.84,-0.11,-0.07,0.01,31.59,1953
2026-08-25T20:30:34.114+02:00,23.38,9.22,-0.1,5.85,-0.11,-0.07,0.0,31.64,1949
2026-08-25T20:30:35.115+02:00,23.44,8.89,-0.46,5.8,-0.1,-0.08,0.01,31.59,2017
2026-08-25T20:30:36.115+02:00,23.38,9.1,-0.14,5.77,-0.1,-0.07,0.01,31.64,2036
2026-08-25T20:30:37.116+02:00,23.44,9.25,-0.01,6.0,-0.11,-0.08,0.0,31.59,1508
2026-08-25T20:30:38.114+02:00,23.44,9.08,-0.24,5.93,-0.1,-0.07,0.01,31.64,1615
2026-08-25T20:30:39.112+02:00,23.44,8.91,-0.35,5.76,-0.1,-0.07,0.01,31.59,1783
2026-08-25T20:30:40.112+02:00,23.38,9.35,0.07,5.93,-0.11,-0.07,0.01,31.59,2081
2026-08-25T20:30:41.113+02:00,23.44,9.1,-0.22,5.95,-0.1,-0.08,0.01,31.64,1785
2026-08-25T20:30:42.112+02:00,23.44,8.89,-0.45,5.74,-0.1,-0.07,0.01,31.59,1731
2026-08-25T20:30:43.112+02:00,23.44,9.04,-0.28,5.65,-0.1,-0.07,0.01,31.54,1847
2026-08-25T20:30:44.112+02:00,23.44,9.32,-0.0,5.79,-0.11,-0.08,0.0,31.64,2237
2026-08-25T20:30:46.109+02:00,23.44,9.06,-0.13,5.81,-0.1,-0.07,0.01,31.59,1621
2026-08-25T20:30:47.111+02:00,23.44,9.02,-0.63,5.6,-0.11,-0.07,-0.0,31.59,1808
2026-08-25T20:30:48.110+02:00,23.44,9.07,-0.29,5.84,-0.1,-0.07,0.01,31.68,2108
2026-08-25T20:30:49.111+02:00,23.44,8.88,-0.37,5.81,-0.1,-0.07,0.01,31.54,2319
2026-08-25T20:30:50.110+02:00,23.44,9.17,-0.27,5.67,-0.11,-0.07,0.01,31.68,2172
2026-08-25T20:30:51.125+02:00,23.44,9.22,-0.09,5.92,-0.1,-0.08,0.01,31.64,2069
2026-08-25T20:30:52.108+02:00,23.44,8.92,-0.49,5.83,-0.1,-0.07,0.01,31.68,2261
2026-08-25T20:30:53.110+02:00,23.44,9.14,-0.11,5.68,-0.11,-0.07,0.0,31.64,1912
2026-08-25T20:30:54.110+02:00,23.44,9.3,0.03,5.95,-0.11,-0.07,0.01,31.59,2247
2026-08-25T20:30:55.109+02:00,23.44,9.03,-0.34,5.72,-0.1,-0.07,0.01,31.73,2046
2026-08-25T20:30:56.108+02:00,23.5,9.18,0.06,5.83,-0.11,-0.07,0.01,31.59,2101
2026-08-25T20:30:57.108+02:00,23.44,9.12,-0.3,5.91,-0.11,-0.07,0.0,31.64,1905
2026-08-25T20:30:58.120+02:00,23.44,8.96,-0.58,5.75,-0.1,-0.08,0.01,31.68,1750
2026-08-25T20:30:59.107+02:00,23.44,9.0,-0.22,5.77,-0.1,-0.07,0.01,31.64,1837
2026-08-25T20:31:00.107+02:00,23.44,9.33,0.09,5.81,-0.11,-0.07,0.01,31.64,2298
2026-08-25T20:31:01.107+02:00,23.44,9.03,-0.43,5.82,-0.1,-0.07,0.01,31.68,1901
2026-08-25T20:31:02.107+02:00,23.5,9.0,-0.38,5.69,-0.1,-0.08,0.02,31.68,1739
2026-08-25T20:31:03.105+02:00,23.44,9.04,-0.29,5.84,-0.1,-0.07,0.01,31.68,1663
2026-08-25T20:31:04.106+02:00,23.44,9.09,-0.4,5.8,-0.11,-0.08,0.01,31.68,2085
2026-08-25T20:31:05.106+02:00,23.44,9.2,-0.05,5.98,-0.1,-0.08,0.01,31.78,2089
2026-08-25T20:31:06.105+02:00,23.44,8.99,-0.32,5.9,-0.11,-0.07,0.02,31.73,2084
2026-08-25T20:31:07.105+02:00,23.5,9.05,-0.43,5.64,-0.11,-0.07,0.0,31.68,1986
2026-08-25T20:31:08.104+02:00,23.5,9.18,-0.03,5.96,-0.1,-0.07,0.01,31.73,1738
2026-08-25T20:31:09.104+02:00,23.5,8.95,-0.35,5.91,-0.1,-0.07,0.01,31.78,1930
2026-08-25T20:31:10.104+02:00,23.44,9.25,0.04,5.91,-0.11,-0.07,0.0,31.73,2095
2026-08-25T20:31:11.104+02:00,23.44,8.95,-0.64,5.7,-0.11,-0.08,0.01,31.68,1726
2026-08-25T20:31:12.103+02:00,23.5,9.15,-0.17,5.91,-0.1,-0.08,0.01,31.73,1761
2026-08-25T20:31:13.103+02:00,23.44,9.13,-0.16,5.86,-0.1,-0.07,0.01,31.68,2198
2026-08-25T20:31:14.103+02:00,23.5,8.94,-0.54,5.71,-0.11,-0.07,0.01,31.64,2218
2026-08-25T20:31:16.099+02:00,23.5,8.99,-0.21,5.79,-0.1,-0.07,0.01,31.68,1810
2026-08-25T20:31:17.102+02:00,23.44,8.97,-0.34,5.75,-0.11,-0.07,0.0,31.78,1987
2026-08-25T20:31:18.101+02:00,23.5,9.08,-0.36,5.78,-0.11,-0.07,0.01,31.64,2038
2026-08-25T20:31:19.101+02:00,23.5,8.99,-0.43,5.81,-0.1,-0.08,0.02,31.68,1910
2026-08-25T20:31:20.101+02:00,23.5,9.14,0.05,5.92,-0.1,-0.07,0.01,31.73,1764
2026-08-25T20:31:21.100+02:00,23.5,9.06,-0.33,5.83,-0.11,-0.07,0.0,31.68,2117
2026-08-25T20:31:22.100+02:00,23.5,8.86,-0.58,5.81,-0.1,-0.08,0.01,31.73,2078
2026-08-25T20:31:23.100+02:00,23.5,9.12,0.04,5.9,-0.1,-0.08,0.01,31.73,2015
2026-08-25T20:31:24.098+02:00,23.5,9.25,0.02,5.85,-0.11,-0.07,0.01,31.73,2150
2026-08-25T20:31:25.098+02:00,23.5,9.04,-0.46,5.82,-0.1,-0.08,0.01,31.78,2085
2026-08-25T20:31:26.099+02:00,23.5,9.18,-0.01,5.98,-0.1,-0.08,0.01,31.73,1982
2026-08-25T20:31:27.099+02:00,23.5,9.02,-0.27,5.83,-0.11,-0.07,0.01,31.78,2182
2026-08-25T20:31:28.098+02:00,23.5,9.04,-0.41,5.71,-0.11,-0.08,0.01,31.73,2067
2026-08-25T20:31:29.098+02:00,23.5,9.16,-0.04,5.97,-0.1,-0.08,0.01,31.78,2248
2026-08-25T20:31:30.098+02:00,23.5,8.98,-0.22,5.88,-0.1,-0.08,0.01,31.73,1807
2026-08-25T20:31:31.098+02:00,23.5,9.01,-0.49,5.69,-0.11,-0.07,0.01,31.73,1810
2026-08-25T20:31:32.097+02:00,23.5,8.99,-0.37,5.89,-0.1,-0.07,0.01,31.78,1550
2026-08-25T20:31:33.096+02:00,23.5,9.17,0.02,5.93,-0.1,-0.07,0.01,31.78,2009
2026-08-25T20:31:34.096+02:00,23.5,9.0,-0.4,5.71,-0.1,-0.07,0.0,31.82,1924
2026-08-25T20:31:35.096+02:00,23.5,9.16,-0.4,5.77,-0.1,-0.07,0.01,31.82,1820
2026-08-25T20:31:36.096+02:00,23.5,9.12,-0.01,5.92,-0.1,-0.07,0.01,31.87,1504
2026-08-25T20:31:37.096+02:00,23.5,9.21,0.09,5.91,-0.1,-0.07,0.01,31.73,1689
2026-08-25T20:31:38.095+02:00,23.56,9.01,-0.55,5.79,-0.11,-0.07,0.01,31.78,1921
2026-08-25T20:31:39.095+02:00,23.5,8.92,-0.45,5.78,-0.1,-0.08,0.01,31.82,2148
2026-08-25T20:31:40.094+02:00,23.5,9.14,-0.03,5.82,-0.11,-0.07,0.01,31.78,1710
2026-08-25T20:31:41.093+02:00,23.56,9.27,-0.04,5.88,-0.11,-0.08,0.0,31.87,1713
2026-08-25T20:31:42.094+02:00,23.5,9.18,-0.1,5.85,-0.1,-0.07,0.01,31.78,2174
2026-08-25T20:31:43.094+02:00,23.5,9.08,-0.11,5.89,-0.1,-0.08,0.01,31.82,2285
2026-08-25T20:31:44.094+02:00,23.56,8.97,-0.34,5.69,-0.11,-0.07,0.01,31.78,1969
2026-08-25T20:31:46.090+02:00,23.56,8.94,-0.51,5.75,-0.1,-0.07,0.01,31.78,1722
2026-08-25T20:31:47.092+02:00,23.56,8.91,-0.34,5.67,-0.11,-0.07,0.01,31.82,1974
2026-08-25T20:31:48.092+02:00,23.56,9.23,-0.18,5.79,-0.11,-0.07,0.0,31.87,1986
2026-08-25T20:31:49.092+02:00,23.56,9.14,-0.11,5.98,-0.1,-0.08,0.01,31.78,1776
2026-08-25T20:31:50.092+02:00,23.56,9.09,-0.07,5.82,-0.1,-0.08,0.01,31.87,2014
2026-08-25T20:31:51.090+02:00,23.56,9.19,-0.06,5.89,-0.11,-0.07,0.0,31.82,1568
2026-08-25T20:31:52.091+02:00,23.56,9.02,-0.55,5.78,-0.1,-0.07,0.01,31.87,1839
2026-08-25T20:31:53.091+02:00,23.5,9.07,-0.21,5.84,-0.1,-0.07,0.01,31.82,1782
2026-08-25T20:31:54.091+02:00,23.56,9.27,0.13,5.88,-0.11,-0.07,0.0,31.87,2095
2026-08-25T20:31:55.089+02:00,23.56,9.13,-0.25,5.78,-0.1,-0.08,0.01,31.92,1632
2026-08-25T20:31:56.090+02:00,23.56,8.9,-0.51,5.81,-0.1,-0.07,0.01,31.97,1707
2026-08-25T20:31:57.090+02:00,23.56,9.03,-0.18,5.67,-0.1,-0.07,0.01,31.97,1527
2026-08-25T20:31:58.090+02:00,23.56,9.03,-0.38,5.8,-0.1,-0.07,0.0,31.78,1778
2026-08-25T20:31:59.089+02:00,23.56,8.98,-0.48,5.72,-0.1,-0.08,0.01,31.92,1750
2026-08-25T20:32:00.088+02:00,23.56,9.08,-0.01,5.91,-0.1,-0.07,0.01,31.87,1791
2026-08-25T20:32:01.088+02:00,23.56,9.26,-0.04,5.8,-0.11,-0.07,0.01,31.92,1615
2026-08-25T20:32:02.088+02:00,23.56,9.06,-0.53,5.77,-0.1,-0.08,0.01,31.87,1731
2026-08-25T20:32:03.087+02:00,23.56,9.03,-0.21,5.87,-0.1,-0.07,0.01,31.82,2233
2026-08-25T20:32:04.087+02:00,23.56,9.29,0.04,5.93,-0.1,-0.07,0.01,31.87,2142
2026-08-25T20:32:05.087+02:00,23.56,9.03,-0.56,5.76,-0.11,-0.07,0.0,31.87,1944
2026-08-25T20:32:06.087+02:00,23.56,9.04,-0.37,5.9,-0.1,-0.08,0.01,31.97,1741
2026-08-25T20:32:07.086+02:00,23.56,8.98,-0.31,5.81,-0.1,-0.08,0.01,31.92,1935
2026-08-25T20:32:08.086+02:00,23.56,9.27,0.04,5.8,-0.11,-0.07,0.0,31.87,1949
2026-08-25T20:32:09.086+02:00,23.56,8.99,-0.47,5.69,-0.1,-0.08,0.01,31.97,1881
2026-08-25T20:32:10.097+02:00,23.56,9.05,-0.26,5.81,-0.1,-0.07,0.01,31.97,1591
2026-08-25T20:32:11.085+02:00,23.56,9.26,0.09,5.94,-0.1,-0.07,0.01,32.01,1916
2026-08-25T20:32:12.085+02:00,23.56,8.92,-0.6,5.62,-0.11,-0.08,0.0,31.97,2189
2026-08-25T20:32:13.083+02:00,23.56,9.08,-0.11,5.95,-0.1,-0.08,0.01,31.87,2138
2026-08-25T20:32:14.084+02:00,23.56,9.02,-0.14,5.83,-0.1,-0.08,0.01,31.97,1991
2026-08-25T20:32:16.081+02:00,23.56,9.02,-0.51,5.72,-0.11,-0.07,0.0,31.87,1790
2026-08-25T20:32:17.083+02:00,23.56,9.03,-0.2,5.9,-0.1,-0.08,0.02,32.01,1927
2026-08-25T20:32:18.094+02:00,23.62,9.2,-0.02,5.84,-0.1,-0.07,0.01,31.97,2032
2026-08-25T20:32:19.083+02:00,23.56,9.0,-0.63,5.71,-0.11,-0.08,0.0,32.01,2160
2026-08-25T20:32:20.083+02:00,23.56,9.09,-0.17,5.92,-0.1,-0.08,0.01,31.97,2039
2026-08-25T20:32:21.082+02:00,23.56,9.1,-0.19,5.92,-0.1,-0.07,0.01,31.97,2009
2026-08-25T20:32:22.105+02:00,23.56,9.29,-0.01,5.89,-0.11,-0.08,0.0,32.06,1928
2026-08-25T20:32:23.082+02:00,23.62,9.01,-0.35,5.78,-0.1,-0.08,0.01,32.01,2039
2026-08-25T20:32:24.081+02:00,23.56,8.94,-0.43,5.69,-0.1,-0.07,0.02,32.01,1671
2026-08-25T20:32:25.080+02:00,23.62,9.24,0.05,5.8,-0.11,-0.07,0.01,32.06,1841
2026-08-25T20:32:26.079+02:00,23.56,9.22,-0.19,5.87,-0.11,-0.08,0.0,31.97,1965
2026-08-25T20:32:27.079+02:00,23.62,8.88,-0.58,5.82,-0.1,-0.08,0.02,32.06,1969
2026-08-25T20:32:28.079+02:00,23.56,9.05,-0.13,5.75,-0.11,-0.07,0.01,32.01,1621
2026-08-25T20:32:29.079+02:00,23.62,9.23,-0.02,5.9,-0.11,-0.08,0.0,32.06,1734
2026-08-25T20:32:30.078+02:00,23.56,8.9,-0.59,5.68,-0.1,-0.08,0.01,32.01,1799
2026-08-25T20:32:31.078+02:00,23.56,8.99,-0.16,5.81,-0.1,-0.07,0.01,32.01,1606
2026-08-25T20:32:32.078+02:00,23.62,9.27,-0.05,5.85,-0.11,-0.07,-0.0,31.92,1773
2026-08-25T20:32:33.077+02:00,23.56,9.24,-0.08,5.97,-0.1,-0.07,0.01,32.06,1829
2026-08-25T20:32:34.077+02:00,23.62,8.99,-0.32,5.79,-0.1,-0.08,0.02,32.01,1459
2026-08-25T20:32:35.076+02:00,23.62,9.07,-0.34,5.77,-0.1,-0.07,0.01,32.06,1521
2026-08-25T20:32:36.076+02:00,23.62,9.11,-0.3,5.71,-0.1,-0.07,0.01,32.11,2039
2026-08-25T20:32:37.076+02:00,23.62,9.14,-0.03,5.88,-0.1,-0.08,0.01,32.15,2021
2026-08-25T20:32:38.076+02:00,23.56,9.01,-0.32,5.78,-0.11,-0.07,0.01,32.11,1735
2026-08-25T20:32:39.075+02:00,23.62,9.09,-0.4,5.66,-0.11,-0.08,0.01,32.06,1673
2026-08-25T20:32:40.075+02:00,23.62,9.11,-0.13,5.96,-0.1,-0.08,0.01,32.11,1866
2026-08-25T20:32:41.075+02:00,23.62,9.13,-0.06,5.93,-0.1,-0.07,0.01,32.15,2142
2026-08-25T20:32:42.075+02:00,23.62,9.0,-0.43,5.74,-0.11,-0.07,0.0,32.01,2139
2026-08-25T20:32:43.074+02:00,23.62,8.98,-0.42,5.81,-0.1,-0.08,0.01,32.15,1901
2026-08-25T20:32:44.074+02:00,23.62,9.22,-0.01,5.89,-0.1,-0.08,0.01,32.11,1283
2026-08-25T20:32:46.070+02:00,23.62,9.28,-0.1,5.85,-0.11,-0.07,0.0,32.11,1719
2026-08-25T20:32:47.073+02:00,23.62,9.02,-0.16,5.93,-0.1,-0.08,0.01,32.15,1642
2026-08-25T20:32:48.072+02:00,23.62,8.94,-0.3,5.75,-0.11,-0.08,0.01,32.11,1444
2026-08-25T20:32:49.072+02:00,23.62,9.04,-0.42,5.65,-0.1,-0.07,0.0,32.15,1449
2026-08-25T20:32:50.072+02:00,23.62,9.12,-0.08,5.87,-0.1,-0.08,0.01,32.11,1486
2026-08-25T20:32:51.072+02:00,23.62,9.15,-0.08,5.95,-0.1,-0.07,0.01,32.11,1568
2026-08-25T20:32:52.071+02:00,23.62,9.04,-0.3,5.82,-0.11,-0.08,0.0,32.25,1876
2026-08-25T20:32:53.071+02:00,23.62,8.86,-0.56,5.76,-0.1,-0.08,0.01,32.11,1849
2026-08-25T20:32:54.071+02:00,23.62,8.99,-0.12,5.78,-0.1,-0.08,0.01,32.06,1670
2026-08-25T20:32:55.070+02:00,23.62,9.04,-0.31,5.74,-0.11,-0.07,0.01,32.01,1619
2026-08-25T20:32:56.070+02:00,23.62,9.09,-0.38,5.75,-0.1,-0.08,0.01,32.15,1616
2026-08-25T20:32:57.070+02:00,23.62,9.16,-0.04,5.87,-0.1,-0.08,0.01,32.2,2176
2026-08-25T20:32:58.070+02:00,23.62,9.16,-0.1,5.81,-0.1,-0.07,0.01,32.15,2232
2026-08-25T20:32:59.069+02:00,23.62,8.96,-0.6,5.73,-0.11,-0.08,0.01,32.11,1995
2026-08-25T20:33:00.068+02:00,23.69,9.06,-0.22,5.79,-0.1,-0.07,0.01,32.25,1525
2026-08-25T20:33:01.068+02:00,23.62,9.14,-0.1,5.88,-0.1,-0.07,0.01,32.11,1970
2026-08-25T20:33:02.070+02:00,23.62,8.98,-0.57,5.65,-0.11,-0.07,0.01,32.15,2239
2026-08-25T20:33:03.068+02:00,23.62,9.11,-0.25,5.91,-0.11,-0.07,0.01,32.15,2140
2026-08-25T20:33:04.068+02:00,23.62,8.89,-0.45,5.84,-0.1,-0.08,0.01,32.15,1620
2026-08-25T20:33:05.067+02:00,23.62,9.2,0.03,5.79,-0.1,-0.07,0.01,32.11,1719
2026-08-25T20:33:06.067+02:00,23.62,9.25,-0.12,5.95,-0.11,-0.08,0.0,32.15,1926
2026-08-25T20:33:07.067+02:00,23.62,8.94,-0.6,5.77,-0.1,-0.07,0.01,32.2,1974
2026-08-25T20:33:08.066+02:00,23.62,9.12,-0.2,5.77,-0.11,-0.08,0.01,32.2,1806
2026-08-25T20:33:09.066+02:00,23.62,9.27,-0.05,5.88,-0.11,-0.08,0.01,32.15,1514
2026-08-25T20:33:10.066+02:00,23.69,9.02,-0.51,5.82,-0.1,-0.08,0.01,32.11,1581
2026-08-25T20:33:11.066+02:00,23.62,8.83,-0.28,5.83,-0.1,-0.07,0.01,32.15,1911
2026-08-25T20:33:12.065+02:00,23.62,9.1,-0.26,5.73,-0.11,-0.08,0.0,32.29,2012
2026-08-25T20:33:13.065+02:00,23.62,9.03,-0.57,5.73,-0.11,-0.08,0.01,32.25,1467
2026-08-25T20:33:14.064+02:00,23.69,9.17,-0.0,-0.31,-0.03,-0.03,-0.03,35.77,1607
2026-08-25T20:33:16.061+02:00,23.69,9.13,-0.2,5.82,-0.11,-0.08,0.0,32.2,1590
2026-08-25T20:33:17.064+02:00,23.62,8.99,-0.29,5.83,-0.1,-0.08,0.01,32.25,1424
2026-08-25T20:33:18.063+02:00,23.69,9.14,-0.06,5.9,-0.1,-0.07,0.02,32.29,1612
2026-08-25T20:33:19.063+02:00,23.69,8.97,-0.48,5.74,-0.11,-0.08,0.0,32.25,1791
2026-08-25T20:33:20.063+02:00,23.62,9.09,-0.31,5.84,-0.1,-0.08,0.01,32.34,1824
2026-08-25T20:33:21.062+02:00,23.69,8.94,-0.38,5.7,-0.1,-0.08,0.02,32.25,1620
2026-08-25T20:33:22.062+02:00,23.69,9.12,-0.02,5.81,-0.11,-0.08,0.01,32.25,1576
2026-08-25T20:33:23.062+02:00,23.69,9.28,0.05,5.92,-0.11,-0.07,0.0,32.29,1684
2026-08-25T20:33:24.061+02:00,23.69,9.02,-0.3,5.88,-0.1,-0.08,0.02,32.25,1635
2026-08-25T20:33:25.061+02:00,23.69,9.02,-0.27,5.74,-0.1,-0.07,0.01,32.29,1405
2026-08-25T20:33:26.060+02:00,23.69,9.08,-0.48,5.66,-0.11,-0.08,0.01,32.34,1911
2026-08-25T20:33:27.060+02:00,23.69,9.16,-0.06,5.92,-0.1,-0.08,0.01,32.29,1824
2026-08-25T20:33:28.060+02:00,23.69,9.13,-0.22,5.92,-0.1,-0.08,0.01,32.25,1752
2026-08-25T20:33:29.060+02:00,23.69,9.28,-0.13,5.77,-0.11,-0.08,0.0,32.29,1565
2026-08-25T20:33:30.059+02:00,23.69,9.19,-0.11,5.93,-0.11,-0.08,0.01,32.34,1925
2026-08-25T20:33:31.059+02:00,23.69,8.88,-0.4,5.83,-0.1,-0.08,0.01,32.29,2131
2026-08-25T20:33:32.059+02:00,23.69,9.02,-0.23,5.69,-0.11,-0.07,0.01,32.34,2167
2026-08-25T20:33:33.059+02:00,23.69,9.26,-0.0,-0.31,-0.07,-0.14,-0.0,35.02,1753
2026-08-25T20:33:34.058+02:00,23.69,9.11,-0.21,5.9,-0.1,-0.07,0.01,32.2,1635
2026-08-25T20:33:35.058+02:00,23.69,8.93,-0.37,5.76,-0.1,-0.08,0.01,32.25,1737
2026-08-25T20:33:36.058+02:00,23.69,9.16,-0.28,5.66,-0.11,-0.07,-0.0,32.29,2104
2026-08-25T20:33:37.057+02:00,23.69,9.2,-0.17,6.01,-0.1,-0.08,0.01,32.34,2059
2026-08-25T20:33:38.057+02:00,23.69,9.08,-0.1,5.85,-0.1,-0.08,0.02,32.29,1595
2026-08-25T20:33:39.056+02:00,23.69,9.13,-0.28,5.83,-0.11,-0.07,0.0,32.25,1697
2026-08-25T20:33:40.056+02:00,23.69,9.09,-0.39,5.73,-0.1,-0.08,0.01,32.39,1913
2026-08-25T20:33:41.056+02:00,23.69,9.17,-0.1,5.9,-0.1,-0.08,0.01,32.34,2098
2026-08-25T20:33:42.056+02:00,23.69,8.97,-0.37,5.8,-0.11,-0.07,0.01,32.39,1651
2026-08-25T20:33:43.055+02:00,23.69,9.15,-0.45,5.76,-0.11,-0.08,0.0,32.34,1413
2026-08-25T20:33:44.055+02:00,23.69,9.09,-0.06,5.98,-0.1,-0.08,0.01,32.39,1629
2026-08-25T20:33:46.052+02:00,23.75,9.23,-0.19,5.81,-0.1,-0.07,0.01,32.29,2120
2026-08-25T20:33:47.054+02:00,23.69,9.06,-0.4,5.66,-0.1,-0.08,0.01,32.39,1449
2026-08-25T20:33:48.054+02:00,23.69,9.09,-0.06,5.87,-0.1,-0.07,0.02,32.34,1280
2026-08-25T20:33:49.054+02:00,23.69,8.96,-0.35,5.82,-0.1,-0.07,0.01,32.39,1491
2026-08-25T20:33:50.053+02:00,23.75,9.17,-0.23,5.85,-0.1,-0.08,0.0,32.44,1653
2026-08-25T20:33:51.053+02:00,23.69,9.05,-0.23,5.91,-0.1,-0.08,0.01,32.29,1919
2026-08-25T20:33:52.052+02:00,23.75,8.88,-0.34,5.74,-0.1,-0.08,0.01,32.29,1774
2026-08-25T20:33:53.052+02:00,23.75,9.18,-0.13,5.77,-0.11,-0.07,0.0,32.34,1723
2026-08-25T20:33:54.052+02:00,23.75,9.21,-0.25,5.83,-0.11,-0.08,0.0,32.29,1545
2026-08-25T20:33:55.052+02:00,23.75,8.94,-0.28,5.78,-0.1,-0.07,0.01,32.34,2124
2026-08-25T20:33:56.056+02:00,23.75,9.2,0.02,5.91,-0.11,-0.08,0.01,32.34,1772
2026-08-25T20:33:57.051+02:00,23.75,9.22,-0.06,5.86,-0.11,-0.08,0.0,32.34,1725
2026-08-25T20:33:58.051+02:00,23.75,8.91,-0.62,5.69,-0.1,-0.08,0.01,32.48,1767
2026-08-25T20:33:59.050+02:00,23.75,9.11,0.01,5.93,-0.1,-0.08,0.01,32.44,2052
2026-08-25T20:34:00.050+02:00,23.75,9.06,-0.27,5.77,-0.11,-0.08,0.01,32.39,1918
2026-08-25T20:34:01.050+02:00,23.75,9.22,-0.21,5.71,-0.1,-0.08,0.01,32.44,1625
2026-08-25T20:34:02.050+02:00,23.75,9.1,-0.21,5.91,-0.1,-0.08,0.02,32.39,1749
2026-08-25T20:34:03.049+02:00,23.75,8.94,-0.35,5.72,-0.1,-0.07,0.01,32.39,2139
2026-08-25T20:34:04.049+02:00,23.75,9.23,-0.01,5.91,-0.11,-0.08,0.01,32.34,2065
2026-08-25T20:34:05.048+02:00,23.75,9.22,-0.08,5.98,-0.11,-0.08,0.01,32.39,1702
2026-08-25T20:34:06.050+02:00,23.75,8.88,-0.5,5.84,-0.1,-0.08,0.01,32.34,1724
2026-08-25T20:34:07.048+02:00,23.75,9.28,-0.02,5.83,-0.11,-0.08,0.01,32.39,1637
2026-08-25T20:34:08.048+02:00,23.75,9.02,-0.58,5.75,-0.11,-0.08,0.01,32.53,1726
2026-08-25T20:34:09.047+02:00,23.75,9.13,-0.15,5.88,-0.1,-0.08,0.01,32.39,1906
2026-08-25T20:34:10.047+02:00,23.75,8.9,-0.35,5.82,-0.1,-0.08,0.01,32.44,2019
2026-08-25T20:34:11.047+02:00,23.75,9.31,-0.05,5.84,-0.11,-0.08,0.0,32.39,1698
2026-08-25T20:34:12.046+02:00,23.75,9.04,-0.44,5.83,-0.1,-0.08,0.01,32.44,1744
2026-08-25T20:34:13.046+02:00,23.75,9.11,-0.08,5.92,-0.1,-0.07,0.01,32.44,1899
2026-08-25T20:34:14.046+02:00,23.75,9.13,-0.01,5.79,-0.1,-0.07,0.01,32.44,2000
2026-08-25T20:34:16.043+02:00,23.75,9.24,-0.07,5.97,-0.11,-0.08,0.01,32.34,1739
2026-08-25T20:34:17.045+02:00,23.75,8.91,-0.4,5.84,-0.1,-0.08,0.01,32.44,1930
2026-08-25T20:34:18.044+02:00,23.75,9.24,0.03,5.82,-0.11,-0.08,0.01,32.48,1862
2026-08-25T20:34:19.044+02:00,23.75,8.98,-0.51,5.78,-0.11,-0.08,0.01,32.48,2036
2026-08-25T20:34:20.044+02:00,23.75,9.14,-0.15,5.91,-0.1,-0.08,0.01,32.48,1714
2026-08-25T20:34:21.044+02:00,23.75,8.95,-0.34,5.86,-0.1,-0.08,0.01,32.39,1932
2026-08-25T20:34:22.043+02:00,23.75,9.21,-0.1,5.73,-0.11,-0.07,0.0,32.53,1845
2026-08-25T20:34:23.045+02:00,23.75,9.14,-0.32,5.77,-0.1,-0.08,0.01,32.39,1638
2026-08-25T20:34:24.043+02:00,23.75,9.17,-0.13,5.94,-0.1,-0.07,0.01,32.53,1495
2026-08-25T20:34:25.042+02:00,23.75,8.97,-0.34,5.72,-0.11,-0.08,0.01,32.48,1760
2026-08-25T20:34:26.042+02:00,23.81,9.22,-0.18,5.84,-0.11,-0.07,0.0,32.44,1947
2026-08-25T20:34:27.042+02:00,23.81,9.09,-0.31,5.87,-0.1,-0.08,0.01,32.58,1879
2026-08-25T20:34:28.041+02:00,23.75,8.88,-0.38,5.72,-0.1,-0.08,0.01,32.48,1147
2026-08-25T20:34:29.041+02:00,23.75,9.25,-0.02,5.86,-0.11,-0.08,0.0,32.48,1488
2026-08-25T20:34:30.041+02:00,23.75,9.17,-0.23,5.89,-0.1,-0.08,0.01,32.48,1682
2026-08-25T20:34:31.040+02:00,23.75,8.94,-0.42,5.78,-0.1,-0.08,0.01,32.53,1800
2026-08-25T20:34:32.040+02:00,23.81,9.01,-0.26,5.75,-0.11,-0.07,0.01,32.58,1631
2026-08-25T20:34:33.040+02:00,23.75,9.17,-0.2,5.79,-0.11,-0.08,0.0,32.53,1332
2026-08-25T20:34:34.040+02:00,23.75,9.13,-0.31,5.87,-0.1,-0.08,0.01,32.58,1564
2026-08-25T20:34:35.039+02:00,23.81,8.9,-0.32,5.76,-0.1,-0.07,0.01,32.48,1769
2026-08-25T20:34:36.039+02:00,23.75,9.29,-0.04,5.83,-0.11,-0.08,0.0,32.53,1893
2026-08-25T20:34:37.039+02:00,23.81,9.12,-0.33,5.89,-0.1,-0.08,0.01,32.53,1574
2026-08-25T20:34:38.038+02:00,23.81,8.95,-0.37,5.78,-0.1,-0.08,0.01,32.53,1544
2026-08-25T20:34:39.038+02:00,23.81,9.22,0.06,5.97,-0.11,-0.07,0.01,32.48,1695
2026-08-25T20:34:40.038+02:00,23.81,9.08,-0.5,5.7,-0.1,-0.08,0.0,32.62,2057
2026-08-25T20:34:41.038+02:00,23.81,9.13,-0.24,5.91,-0.1,-0.08,0.01,32.48,1609
2026-08-25T20:34:42.037+02:00,23.75,8.85,-0.3,5.73,-0.1,-0.08,0.01,32.62,1634
2026-08-25T20:34:43.036+02:00,23.81,9.25,-0.03,5.86,-0.11,-0.07,0.0,32.53,1681
2026-08-25T20:34:44.036+02:00,23.81,9.08,-0.35,5.84,-0.1,-0.08,0.01,32.62,1864
2026-08-25T20:34:46.033+02:00,23.81,8.98,-0.3,5.8,-0.1,-0.07,0.01,32.62,1562
2026-08-25T20:34:47.035+02:00,23.81,9.15,-0.34,5.77,-0.11,-0.08,0.01,32.53,1926
2026-08-25T20:34:48.035+02:00,23.81,8.94,-0.34,5.84,-0.1,-0.08,0.01,32.48,1753
2026-08-25T20:34:49.035+02:00,23.81,9.15,-0.12,5.94,-0.1,-0.08,0.02,32.53,1925
2026-08-25T20:34:50.035+02:00,23.81,9.05,-0.47,5.71,-0.11,-0.08,0.0,32.62,1948
2026-08-25T20:34:51.034+02:00,23.81,9.07,-0.42,5.76,-0.1,-0.08,0.01,32.48,1734
2026-08-25T20:34:52.034+02:00,23.81,9.12,-0.14,5.92,-0.1,-0.08,0.02,32.58,1402
2026-08-25T20:34:53.034+02:00,23.81,8.94,-0.29,5.76,-0.1,-0.08,0.01,32.58,1609
2026-08-25T20:34:54.033+02:00,23.81,9.24,-0.08,5.8,-0.1,-0.08,0.0,32.62,1912
2026-08-25T20:34:55.033+02:00,23.81,8.98,-0.52,5.77,-0.1,-0.08,0.01,32.67,2058
2026-08-25T20:34:56.033+02:00,23.81,9.16,-0.15,6.0,-0.1,-0.07,0.02,32.62,1936
2026-08-25T20:34:57.032+02:00,23.81,9.05,-0.26,5.75,-0.1,-0.07,0.01,32.62,1783
2026-08-25T20:34:58.032+02:00,23.88,9.24,-0.23,5.82,-0.11,-0.08,0.01,32.67,1745
2026-08-25T20:34:59.032+02:00,23.81,9.03,-0.21,5.81,-0.1,-0.08,0.01,32.62,1856
2026-08-25T20:35:00.032+02:00,23.88,9.11,-0.02,5.85,-0.1,-0.08,0.01,32.67,2084
2026-08-25T20:35:01.031+02:00,23.81,9.03,-0.25,5.6,-0.1,-0.08,0.01,32.72,1962
2026-08-25T20:35:02.031+02:00,23.81,9.29,0.0,5.84,-0.1,-0.08,0.0,32.67,1844
2026-08-25T20:35:03.031+02:00,23.81,8.92,-0.43,5.77,-0.1,-0.08,0.01,32.67,1928
2026-08-25T20:35:04.030+02:00,23.88,9.08,-0.23,5.88,-0.1,-0.08,0.01,32.62,2066
2026-08-25T20:35:05.030+02:00,23.81,9.13,-0.18,5.66,-0.11,-0.07,0.01,32.72,1748
2026-08-25T20:35:06.030+02:00,23.88,9.11,-0.34,5.79,-0.11,-0.08,0.01,32.62,1783
2026-08-25T20:35:07.029+02:00,23.88,9.1,-0.15,5.92,-0.1,-0.08,0.01,32.67,1878
2026-08-25T20:35:08.029+02:00,23.88,8.95,-0.25,5.75,-0.11,-0.07,0.01,32.72,2004
2026-08-25T20:35:09.028+02:00,23.88,9.22,-0.08,5.9,-0.11,-0.08,0.01,32.72,1490
2026-08-25T20:35:10.031+02:00,23.88,9.19,-0.26,5.86,-0.1,-0.08,0.01,32.62,1947
2026-08-25T20:35:11.028+02:00,23.88,9.01,-0.17,5.78,-0.1,-0.07,0.01,32.72,2162
2026-08-25T20:35:12.028+02:00,23.88,8.94,-0.27,5.8,-0.11,-0.08,0.01,32.67,1973
2026-08-25T20:35:13.027+02:00,23.88,9.23,-0.09,5.88,-0.11,-0.08,0.01,32.72,1406
2026-08-25T20:35:14.027+02:00,23.88,9.03,-0.49,5.75,-0.1,-0.08,0.01,32.67,1555
2026-08-25T20:35:16.024+02:00,23.88,9.08,-0.18,5.87,-0.1,-0.07,0.01,32.77,1656
2026-08-25T20:35:17.026+02:00,23.88,9.01,-0.56,5.68,-0.11,-0.07,0.01,32.77,1917
2026-08-25T20:35:18.026+02:00,23.88,9.14,-0.14,5.89,-0.1,-0.08,0.01,32.72,1792
2026-08-25T20:35:19.026+02:00,23.88,9.17,-0.07,5.9,-0.1,-0.07,0.01,32.67,1906
2026-08-25T20:35:20.025+02:00,23.88,9.0,-0.22,5.71,-0.11,-0.08,0.01,32.62,1721
2026-08-25T20:35:21.026+02:00,23.88,9.25,-0.06,5.8,-0.11,-0.08,0.01,32.67,1714
2026-08-25T20:35:22.024+02:00,23.88,8.89,-0.46,5.8,-0.1,-0.08,0.01,32.72,1753
2026-08-25T20:35:23.024+02:00,23.88,9.15,-0.16,5.83,-0.1,-0.08,0.01,32.72,1836
2026-08-25T20:35:24.024+02:00,23.88,9.09,-0.42,5.71,-0.11,-0.08,0.0,32.58,1823
2026-08-25T20:35:25.024+02:00,23.88,9.19,-0.06,6.0,-0.1,-0.08,0.01,32.62,1889
2026-08-25T20:35:26.024+02:00,23.88,8.99,-0.32,5.71,-0.1,-0.08,0.01,32.77,1770
2026-08-25T20:35:27.024+02:00,23.88,9.12,-0.17,5.85,-0.11,-0.08,0.01,32.77,2044
2026-08-25T20:35:28.023+02:00,23.88,9.11,-0.3,5.82,-0.11,-0.08,0.0,32.72,1885
2026-08-25T20:35:29.023+02:00,23.88,9.06,-0.29,5.82,-0.1,-0.07,0.01,32.77,1753
2026-08-25T20:35:30.024+02:00,23.88,9.1,-0.26,5.87,-0.1,-0.08,0.01,32.72,1482
2026-08-25T20:35:31.022+02:00,23.94,9.16,0.02,5.8,-0.1,-0.08,0.0,32.77,1815
2026-08-25T20:35:32.022+02:00,23.94,9.09,-0.55,5.79,-0.11,-0.08,0.01,32.72,2147
2026-08-25T20:35:33.021+02:00,23.88,9.2,-0.17,5.93,-0.1,-0.08,0.01,32.77,1948
2026-08-25T20:35:34.022+02:00,23.94,8.92,-0.31,5.75,-0.1,-0.07,0.01,32.81,1578
2026-08-25T20:35:35.037+02:00,23.94,9.25,-0.07,5.98,-0.1,-0.08,0.01,32.72,1800
2026-08-25T20:35:36.021+02:00,23.88,9.08,-0.32,5.68,-0.1,-0.08,0.0,32.77,1791
2026-08-25T20:35:37.021+02:00,23.88,9.08,-0.28,5.95,-0.1,-0.08,0.01,32.72,1741
2026-08-25T20:35:38.020+02:00,23.88,9.11,-0.22,5.9,-0.1,-0.08,0.01,32.67,1338
2026-08-25T20:35:39.020+02:00,23.94,9.11,-0.2,5.76,-0.11,-0.08,0.01,32.72,1368
2026-08-25T20:35:40.020+02:00,23.94,9.13,-0.31,5.88,-0.1,-0.08,0.01,32.81,1842
2026-08-25T20:35:41.020+02:00,23.94,9.08,-0.27,5.84,-0.1,-0.08,0.01,32.86,1885
2026-08-25T20:35:42.020+02:00,23.94,9.07,-0.17,5.9,-0.1,-0.07,0.01,32.81,1526
2026-08-25T20:35:43.018+02:00,23.94,9.15,-0.19,5.88,-0.1,-0.08,-0.0,32.77,1500
2026-08-25T20:35:44.020+02:00,23.94,8.88,-0.53,5.74,-0.1,-0.08,0.01,32.81,1638
2026-08-25T20:35:46.014+02:00,23.94,9.23,-0.02,5.93,-0.1,-0.08,0.01,32.72,1765
2026-08-25T20:35:47.018+02:00,23.94,9.29,-0.06,5.83,-0.1,-0.08,0.0,32.81,1394
2026-08-25T20:35:48.018+02:00,23.94,9.15,-0.26,5.95,-0.1,-0.08,0.01,32.77,1232
2026-08-25T20:35:49.017+02:00,23.94,8.99,-0.23,5.81,-0.1,-0.08,0.01,32.91,1664
2026-08-25T20:35:50.017+02:00,23.94,9.21,-0.2,5.88,-0.1,-0.08,0.01,32.86,2048
2026-08-25T20:35:51.016+02:00,23.94,9.21,-0.1,5.79,-0.1,-0.07,0.01,32.86,1816
2026-08-25T20:35:52.016+02:00,23.94,8.89,-0.48,5.8,-0.1,-0.08,0.01,32.81,1381
2026-08-25T20:35:53.016+02:00,23.94,9.16,-0.17,5.92,-0.1,-0.08,0.01,32.77,1605
2026-08-25T20:35:54.016+02:00,23.94,9.05,-0.43,5.71,-0.1,-0.07,0.0,32.81,1913
2026-08-25T20:35:55.016+02:00,23.94,9.16,-0.28,5.88,-0.1,-0.08,0.01,32.86,1585
2026-08-25T20:35:56.015+02:00,23.94,9.12,-0.13,5.88,-0.1,-0.08,0.01,32.81,1544
2026-08-25T20:35:57.015+02:00,24.0,8.99,-0.28,5.71,-0.1,-0.07,0.01,32.81,1722
2026-08-25T20:35:58.015+02:00,23.94,8.98,-0.47,5.72,-0.1,-0.07,0.01,32.95,1540
2026-08-25T20:35:59.014+02:00,24.0,9.15,-0.14,5.89,-0.1,-0.08,0.01,32.91,1523
2026-08-25T20:36:00.014+02:00,23.94,9.05,-0.16,5.81,-0.1,-0.08,0.01,32.91,1497
2026-08-25T20:36:01.013+02:00,23.94,9.01,-0.29,5.83,-0.1,-0.08,0.01,32.86,1289
2026-08-25T20:36:02.478+02:00,23.94,0.0,0.0,0.0,0.0,0.0,0.0,0.0,1717
2026-08-25T20:36:03.013+02:00,24.0,8.96,-0.5,5.74,-0.1,-0.08,0.01,32.81,1695
2026-08-25T20:36:04.012+02:00,24.0,9.15,-0.04,5.87,-0.1,-0.07,0.02,32.86,1697
2026-08-25T20:36:05.012+02:00,24.0,9.05,-0.34,5.77,-0.11,-0.08,0.01,32.86,1487
2026-08-25T20:36:06.012+02:00,23.94,8.99,-0.63,5.77,-0.11,-0.08,0.01,32.91,1474
2026-08-25T20:36:07.012+02:00,24.0,9.11,-0.21,5.86,-0.1,-0.08,0.01,32.86,9244
2026-08-25T20:36:08.011+02:00,24.0,8.92,-0.19,5.78,-0.1,-0.08,0.02,32.81,1852
2026-08-25T20:36:09.011+02:00,24.0,9.13,-0.16,5.85,-0.11,-0.08,0.01,32.95,1520
2026-08-25T20:36:10.010+02:00,24.0,9.21,-0.17,5.81,-0.1,-0.08,0.0,32.86,1293
2026-08-25T20:36:11.009+02:00,24.0,9.02,-0.35,5.93,-0.1,-0.08,0.01,32.91,1921
2026-08-25T20:36:12.010+02:00,24.0,9.09,-0.11,5.75,-0.1,-0.08,0.01,32.86,1366
2026-08-25T20:36:13.010+02:00,24.0,9.19,-0.29,5.8,-0.11,-0.08,0.0,32.91,1651
2026-08-25T20:36:14.012+02:00,24.0,9.05,-0.26,5.79,-0.1,-0.08,0.01,32.86,1381
2026-08-25T20:36:16.006+02:00,24.0,9.13,-0.11,5.87,-0.1,-0.07,0.0,32.95,1905
2026-08-25T20:36:17.008+02:00,24.0,8.96,-0.54,5.72,-0.11,-0.08,0.0,32.86,1642
2026-08-25T20:36:18.016+02:00,24.0,9.13,-0.15,5.97,-0.1,-0.08,-0.03,32.81,1420
2026-08-25T20:36:19.011+02:00,24.0,8.96,-0.3,5.76,-0.1,-0.08,0.02,32.95,1536
2026-08-25T20:36:20.008+02:00,24.0,9.19,-0.14,5.72,-0.1,-0.08,-0.0,32.86,1975
2026-08-25T20:36:21.007+02:00,24.0,9.15,-0.28,5.9,-0.1,-0.08,0.01,32.91,1979
2026-08-25T20:36:22.007+02:00,24.0,8.98,-0.62,-0.31,-0.0,-0.0,-0.0,35.77,1700
2026-08-25T20:36:23.007+02:00,24.0,9.22,0.04,5.91,-0.11,-0.07,0.01,32.95,1504
2026-08-25T20:36:24.006+02:00,24.0,8.96,-0.6,5.7,-0.11,-0.08,0.01,32.91,1783
2026-08-25T20:36:25.006+02:00,24.0,9.17,-0.12,5.94,-0.1,-0.07,0.01,32.95,1674
2026-08-25T20:36:26.006+02:00,24.0,9.11,0.02,5.92,-0.1,-0.08,0.01,33.0,1933
2026-08-25T20:36:27.005+02:00,24.06,9.11,-0.32,5.79,-0.11,-0.08,0.01,32.95,1755
2026-08-25T20:36:28.004+02:00,24.06,9.19,-0.03,5.78,-0.11,-0.08,0.01,32.91,2155
2026-08-25T20:36:29.004+02:00,24.0,8.9,-0.45,5.94,-0.1,-0.08,0.02,33.0,2026
2026-08-25T20:36:30.004+02:00,24.0,9.13,-0.1,5.86,-0.1,-0.08,0.01,32.95,1661
2026-08-25T20:36:31.006+02:00,24.0,9.02,-0.51,5.69,-0.11,-0.08,0.01,33.0,1548
2026-08-25T20:36:32.004+02:00,24.06,9.23,-0.05,6.01,-0.1,-0.08,0.01,32.95,1760
2026-08-25T20:36:33.004+02:00,24.0,8.97,-0.43,5.77,-0.1,-0.08,0.01,33.05,1945
2026-08-25T20:36:34.003+02:00,24.06,9.23,-0.06,5.92,-0.1,-0.07,0.01,33.0,1934
2026-08-25T20:36:35.003+02:00,24.06,9.03,-0.42,5.78,-0.11,-0.07,0.0,33.05,1494
2026-08-25T20:36:36.004+02:00,24.0,9.01,-0.48,5.89,-0.1,-0.08,0.01,32.95,1777
2026-08-25T20:36:37.002+02:00,24.06,8.94,-0.43,5.88,-0.1,-0.07,0.01,32.95,1839
2026-08-25T20:36:38.002+02:00,24.06,9.23,0.09,5.87,-0.11,-0.07,0.01,33.05,1651
2026-08-25T20:36:39.002+02:00,24.06,9.03,-0.49,5.73,-0.1,-0.08,0.01,32.91,1563
2026-08-25T20:36:40.001+02:00,24.06,9.01,-0.4,5.92,-0.1,-0.08,0.01,33.05,1871
2026-08-25T20:36:41.001+02:00,24.06,9.11,-0.03,5.93,-0.1,-0.07,0.01,33.0,1858
2026-08-25T20:36:42.000+02:00,24.06,9.08,-0.17,5.76,-0.11,-0.07,0.0,33.0,2008
2026-08-25T20:36:43.000+02:00,24.06,9.09,-0.38,5.72,-0.11,-0.08,0.01,33.05,1542
2026-08-25T20:36:44.000+02:00,24.06,9.08,-0.15,5.91,-0.1,-0.08,0.01,32.95,1787
2026-08-25T20:36:45.997+02:00,24.06,9.1,-0.17,5.71,-0.11,-0.08,0.01,33.09,1410
2026-08-25T20:36:46.998+02:00,24.12,9.03,-0.53,5.78,-0.11,-0.08,0.01,33.09,1619
2026-08-25T20:36:47.999+02:00,24.06,9.09,-0.26,5.91,-0.1,-0.07,0.01,33.14,2174
2026-08-25T20:36:48.999+02:00,24.06,9.14,-0.05,5.93,-0.1,-0.08,0.01,33.14,2179
2026-08-25T20:36:49.998+02:00,24.06,9.05,-0.23,5.68,-0.1,-0.08,0.01,33.09,1962
2026-08-25T20:36:50.998+02:00,24.12,9.13,-0.47,5.73,-0.11,-0.08,0.0,33.05,1704
2026-08-25T20:36:51.998+02:00,24.12,9.16,-0.12,5.86,-0.1,-0.08,0.01,33.09,1529
2026-08-25T20:36:52.997+02:00,24.06,9.07,-0.06,5.84,-0.1,-0.08,0.01,33.05,1826
2026-08-25T20:36:53.997+02:00,24.06,9.04,-0.32,5.7,-0.1,-0.08,0.01,33.05,1836
2026-08-25T20:36:54.996+02:00,24.12,9.09,-0.45,5.78,-0.11,-0.08,0.01,33.09,1531
2026-08-25T20:36:55.996+02:00,24.12,9.18,-0.15,5.92,-0.1,-0.08,0.01,33.05,1653
2026-08-25T20:36:56.995+02:00,24.06,8.94,-0.2,5.71,-0.1,-0.08,0.01,33.14,1925
2026-08-25T20:36:57.995+02:00,24.06,9.18,-0.08,5.88,-0.11,-0.08,0.01,33.19,1943
2026-08-25T20:36:58.995+02:00,24.12,9.0,-0.54,5.71,-0.11,-0.08,0.01,33.14,1406
2026-08-25T20:36:59.995+02:00,24.12,9.07,-0.28,5.93,-0.1,-0.08,0.01,33.09,1447
2026-08-25T20:37:00.995+02:00,24.12,9.15,-0.05,5.99,-0.1,-0.08,0.01,33.14,2528
2026-08-25T20:37:01.995+02:00,24.12,9.07,-0.14,5.74,-0.11,-0.08,0.01,33.14,2101
2026-08-25T20:37:02.994+02:00,24.12,9.03,-0.51,5.77,-0.11,-0.08,0.01,33.19,1680
2026-08-25T20:37:03.994+02:00,24.12,9.14,-0.3,5.88,-0.1,-0.08,0.01,33.05,1585
2026-08-25T20:37:04.994+02:00,24.12,9.11,-0.08,5.94,-0.1,-0.08,0.02,33.09,1969
2026-08-25T20:37:05.994+02:00,24.12,9.1,-0.29,5.67,-0.1,-0.08,0.01,33.19,1887
2026-08-25T20:37:06.993+02:00,24.12,9.11,-0.47,5.69,-0.1,-0.08,0.0,33.14,1682
2026-08-25T20:37:07.992+02:00,24.12,9.16,-0.09,6.05,-0.1,-0.08,0.01,33.14,1467
2026-08-25T20:37:08.991+02:00,24.12,9.06,-0.17,5.96,-0.1,-0.08,0.01,33.19,1858
2026-08-25T20:37:09.992+02:00,24.12,9.14,-0.07,5.84,-0.1,-0.07,0.01,33.14,2257
2026-08-25T20:37:10.992+02:00,24.12,8.98,-0.52,5.74,-0.11,-0.08,0.0,33.19,1846
2026-08-25T20:37:11.991+02:00,24.12,9.07,-0.14,5.89,-0.1,-0.08,0.01,33.19,1456
2026-08-25T20:37:12.991+02:00,24.12,8.95,-0.36,5.91,-0.1,-0.08,0.01,33.14,1871
2026-08-25T20:37:13.991+02:00,24.12,9.17,-0.2,5.79,-0.11,-0.08,0.0,33.19,1763
2026-08-25T20:37:15.988+02:00,24.12,9.11,-0.26,5.96,-0.1,-0.08,0.01,33.19,1582
2026-08-25T20:37:16.990+02:00,24.12,9.14,-0.23,5.88,-0.1,-0.07,0.01,33.28,1616
2026-08-25T20:37:17.988+02:00,24.12,9.13,-0.32,5.71,-0.11,-0.08,0.0,33.24,1786
2026-08-25T20:37:18.993+02:00,24.19,9.12,-0.34,5.9,-0.1,-0.08,0.01,33.24,1684
2026-08-25T20:37:19.989+02:00,24.19,9.07,-0.11,5.91,-0.1,-0.08,0.01,33.24,1455
2026-08-25T20:37:20.989+02:00,24.12,9.02,-0.27,5.63,-0.11,-0.08,0.0,33.14,1359
2026-08-25T20:37:21.988+02:00,24.12,9.33,-0.05,5.86,-0.11,-0.08,0.0,33.19,1892
2026-08-25T20:37:22.988+02:00,24.12,8.92,-0.48,5.83,-0.1,-0.08,0.01,33.24,1725
2026-08-25T20:37:23.988+02:00,24.12,9.16,-0.18,5.88,-0.1,-0.07,0.01,33.24,1711
2026-08-25T20:37:24.987+02:00,24.19,9.08,-0.34,5.71,-0.1,-0.08,0.0,33.28,1470
2026-08-25T20:37:25.987+02:00,24.19,9.14,-0.35,5.94,-0.11,-0.08,0.01,33.33,2270
2026-08-25T20:37:26.986+02:00,24.12,9.05,-0.05,5.93,-0.1,-0.06,-0.0,33.24,653
2026-08-25T20:37:27.987+02:00,24.19,8.83,-0.36,5.87,-0.1,-0.08,0.01,33.19,2535
2026-08-25T20:37:28.987+02:00,24.19,9.1,-0.31,5.83,-0.1,-0.07,0.01,33.24,1356
2026-08-25T20:37:30.000+02:00,24.19,9.11,-0.24,5.72,-0.1,-0.06,0.01,33.28,231
2026-08-25T20:37:30.986+02:00,24.19,9.01,-0.14,5.87,-0.1,-0.07,0.01,33.28,208
2026-08-25T20:37:31.984+02:00,24.19,8.76,-0.15,5.87,-0.11,-0.07,0.01,33.33,262
2026-08-25T20:37:32.985+02:00,24.19,8.99,-0.5,5.87,-0.1,-0.08,0.01,33.28,1547
2026-08-25T20:37:33.984+02:00,24.19,8.98,-0.18,5.86,-0.0,-0.0,-0.0,33.14,1555
2026-08-25T20:37:34.985+02:00,24.19,9.17,-0.22,5.82,-0.1,-0.08,0.0,33.24,1648
2026-08-25T20:37:35.984+02:00,24.19,9.1,-0.39,5.69,-0.11,-0.08,0.0,33.28,1993
2026-08-25T20:37:36.984+02:00,24.19,9.05,-0.19,5.93,-0.1,-0.07,0.02,33.33,2405
2026-08-25T20:37:37.983+02:00,24.19,9.08,-0.18,5.76,-0.1,-0.08,0.01,33.28,1923
2026-08-25T20:37:38.983+02:00,24.25,9.17,-0.24,5.87,-0.11,-0.08,0.01,33.19,1320
2026-08-25T20:37:39.983+02:00,24.19,9.12,-0.41,5.86,-0.1,-0.08,0.0,33.33,1588
2026-08-25T20:37:40.981+02:00,24.25,9.06,-0.24,5.76,-0.1,-0.08,0.01,33.38,1925
2026-08-25T20:37:41.982+02:00,24.19,9.0,-0.3,5.83,-0.1,-0.07,0.01,33.33,1860
2026-08-25T20:37:42.982+02:00,24.19,9.18,-0.13,5.88,-0.11,-0.08,0.0,33.33,2085
2026-08-25T20:37:43.982+02:00,24.19,9.0,-0.52,5.82,-0.1,-0.08,0.01,33.28,1590
2026-08-25T20:37:45.978+02:00,24.19,9.17,-0.06,5.83,-0.1,-0.08,0.01,33.19,2068
2026-08-25T20:37:46.980+02:00,24.25,9.14,-0.29,5.83,-0.11,-0.08,0.01,33.19,1978
2026-08-25T20:37:47.999+02:00,24.19,9.05,-0.32,5.77,-0.1,-0.08,0.01,33.24,1429
2026-08-25T20:37:48.980+02:00,24.19,8.96,-0.39,5.85,-0.1,-0.08,0.01,33.33,1447
2026-08-25T20:37:49.980+02:00,24.19,9.27,0.01,5.84,-0.11,-0.08,0.01,33.28,2279
2026-08-25T20:37:50.980+02:00,24.19,8.94,-0.57,5.63,-0.11,-0.08,0.01,33.33,1770
2026-08-25T20:37:51.979+02:00,24.25,9.1,-0.05,5.98,-0.1,-0.08,0.01,33.42,1596
2026-08-25T20:37:52.979+02:00,24.25,9.1,-0.01,5.93,-0.1,-0.08,0.01,33.28,1384
2026-08-25T20:37:53.978+02:00,24.19,9.14,-0.42,5.68,-0.11,-0.08,0.0,33.33,1671
2026-08-25T20:37:54.978+02:00,24.25,9.16,-0.17,5.88,-0.1,-0.08,0.01,33.28,4311
2026-08-25T20:37:55.978+02:00,24.25,8.96,-0.3,5.82,-0.1,-0.08,0.01,33.38,1546
2026-08-25T20:37:56.978+02:00,24.25,9.11,-0.12,5.82,-0.1,-0.08,0.01,33.33,1347
2026-08-25T20:37:57.981+02:00,24.25,9.11,-0.29,5.78,-0.11,-0.08,0.0,33.28,1470
2026-08-25T20:37:58.977+02:00,24.25,9.03,-0.38,5.89,-0.1,-0.08,0.01,33.38,1329
2026-08-25T20:37:59.975+02:00,24.25,9.07,-0.11,5.92,-0.1,-0.08,0.01,33.24,1481
2026-08-25T20:38:00.976+02:00,24.25,9.13,-0.29,5.82,-0.1,-0.07,0.01,33.38,1392
2026-08-25T20:38:01.976+02:00,24.25,9.19,-0.11,5.81,-0.1,-0.08,0.01,33.33,1375
2026-08-25T20:38:02.976+02:00,24.25,9.0,-0.35,5.88,-0.1,-0.08,0.01,33.33,1535
2026-08-25T20:38:03.974+02:00,24.25,9.09,-0.19,5.81,-0.1,-0.07,0.01,33.52,1297
2026-08-25T20:38:04.974+02:00,24.25,9.0,-0.47,5.71,-0.11,-0.08,0.0,33.38,1275
2026-08-25T20:38:05.975+02:00,24.25,9.19,-0.02,5.9,-0.1,-0.08,0.01,33.42,1923
2026-08-25T20:38:06.974+02:00,24.25,8.94,-0.46,5.72,-0.1,-0.08,0.01,33.47,2271
2026-08-25T20:38:07.974+02:00,24.25,9.18,-0.0,5.88,-0.1,-0.07,0.01,33.33,1771
2026-08-25T20:38:08.974+02:00,24.25,9.13,-0.24,5.8,-0.1,-0.08,0.0,33.33,1483
2026-08-25T20:38:09.974+02:00,24.25,8.95,-0.43,5.81,-0.1,-0.08,0.01,33.38,6017
2026-08-25T20:38:10.973+02:00,24.25,9.17,-0.03,5.89,-0.1,-0.08,0.01,33.33,2052
2026-08-25T20:38:11.973+02:00,24.25,9.0,-0.49,5.74,-0.1,-0.08,0.0,33.42,1772
2026-08-25T20:38:12.972+02:00,24.25,9.19,-0.22,5.87,-0.1,-0.08,0.01,33.47,1580
2026-08-25T20:38:13.972+02:00,24.25,9.09,-0.13,5.87,-0.1,-0.08,0.01,33.42,3147
2026-08-25T20:38:15.977+02:00,24.25,9.08,-0.51,5.63,-0.11,-0.08,0.0,33.52,1998
2026-08-25T20:38:16.970+02:00,24.25,9.04,-0.29,5.89,-0.1,-0.08,0.01,33.42,2311
2026-08-25T20:38:17.971+02:00,24.25,9.04,-0.13,5.82,-0.1,-0.08,0.01,33.47,1708
2026-08-25T20:38:18.971+02:00,24.25,9.11,-0.24,5.71,-0.1,-0.08,0.01,33.38,1677
2026-08-25T20:38:19.970+02:00,24.25,9.25,-0.07,5.83,-0.11,-0.08,0.01,33.42,2064
2026-08-25T20:38:20.970+02:00,24.25,8.92,-0.47,5.84,-0.1,-0.08,0.02,33.47,1940
2026-08-25T20:38:21.970+02:00,24.31,9.15,-0.06,5.9,-0.1,-0.08,0.01,33.38,1677
2026-08-25T20:38:22.974+02:00,24.25,9.06,-0.43,5.62,-0.1,-0.08,0.0,33.42,1595
2026-08-25T20:38:23.969+02:00,24.25,9.23,-0.04,5.93,-0.1,-0.08,0.01,33.47,2105
2026-08-25T20:38:24.968+02:00,24.25,8.94,-0.34,5.86,-0.1,-0.08,0.01,33.47,2195
2026-08-25T20:38:25.968+02:00,24.31,9.05,-0.18,5.86,-0.1,-0.08,0.01,33.42,2101
2026-08-25T20:38:26.968+02:00,24.25,9.24,-0.12,5.82,-0.11,-0.08,0.01,33.61,1658
2026-08-25T20:38:27.968+02:00,24.25,9.12,-0.09,5.85,-0.1,-0.08,0.01,33.38,1849
2026-08-25T20:38:28.967+02:00,24.31,8.97,-0.37,5.75,-0.03,-0.03,-0.03,35.77,2218
2026-08-25T20:38:29.967+02:00,24.31,9.27,0.07,5.82,-0.1,-0.08,0.01,33.38,2120
2026-08-25T20:38:30.966+02:00,24.31,9.0,-0.48,5.78,-0.1,-0.08,0.01,33.47,1808
2026-08-25T20:38:31.966+02:00,24.31,9.02,-0.15,5.86,-0.1,-0.08,0.01,33.42,1867
2026-08-25T20:38:32.965+02:00,24.31,8.93,-0.27,5.83,-0.1,-0.08,0.01,33.52,1850
2026-08-25T20:38:33.965+02:00,24.31,9.27,0.03,5.87,-0.11,-0.07,0.0,33.52,2344
2026-08-25T20:38:34.964+02:00,24.31,9.0,-0.48,5.71,-0.1,-0.08,0.01,33.52,1961
2026-08-25T20:38:35.964+02:00,24.31,9.17,-0.07,5.88,-0.1,-0.08,0.01,33.47,2641
2026-08-25T20:38:36.964+02:00,24.31,8.98,-0.25,5.79,-0.11,-0.08,0.01,33.57,1919
2026-08-25T20:38:37.964+02:00,24.31,9.18,-0.18,5.8,-0.11,-0.08,0.01,33.52,2061
2026-08-25T20:38:38.965+02:00,24.31,8.98,-0.32,5.85,-0.1,-0.08,0.01,33.61,2415
2026-08-25T20:38:39.963+02:00,24.31,9.13,-0.18,5.84,-0.1,-0.08,0.01,33.57,1981
2026-08-25T20:38:40.963+02:00,24.31,9.09,-0.25,5.73,-0.1,-0.08,0.01,33.52,1876
2026-08-25T20:38:41.963+02:00,24.31,9.27,-0.01,5.84,-0.1,-0.08,0.0,33.57,2205
2026-08-25T20:38:42.962+02:00,24.31,8.95,-0.43,5.87,-0.1,-0.08,0.01,33.66,2212
2026-08-25T20:38:43.962+02:00,24.31,9.06,-0.2,5.76,-0.1,-0.08,0.01,33.61,1885
2026-08-25T20:38:45.959+02:00,24.31,9.22,-0.06,5.88,-0.1,-0.08,0.01,33.61,1950
2026-08-25T20:38:46.961+02:00,24.31,9.1,-0.09,5.85,-0.1,-0.08,0.01,33.52,2319
2026-08-25T20:38:47.960+02:00,24.31,9.17,-0.14,5.75,-0.11,-0.08,0.01,33.57,1928
2026-08-25T20:38:48.960+02:00,24.31,9.05,-0.52,5.71,-0.1,-0.08,0.01,33.57,1774
2026-08-25T20:38:49.960+02:00,24.31,9.17,-0.08,5.91,-0.1,-0.08,0.01,33.52,1842
2026-08-25T20:38:50.960+02:00,24.31,9.0,-0.32,5.76,-0.1,-0.08,0.01,33.61,1849
2026-08-25T20:38:51.959+02:00,24.31,9.15,-0.2,5.8,-0.11,-0.08,0.0,33.66,1887
2026-08-25T20:38:52.959+02:00,24.38,9.0,-0.54,5.71,-0.1,-0.08,0.01,33.52,1862
2026-08-25T20:38:53.959+02:00,24.31,9.2,-0.06,5.85,-0.1,-0.08,0.02,33.52,1587
2026-08-25T20:38:54.958+02:00,24.31,9.07,-0.28,5.69,-0.11,-0.07,0.01,33.57,1544
2026-08-25T20:38:55.959+02:00,24.31,9.25,-0.08,5.87,-0.11,-0.08,0.0,33.61,1911
2026-08-25T20:38:56.958+02:00,24.31,8.91,-0.47,5.77,-0.1,-0.08,0.01,33.61,1966
2026-08-25T20:38:57.958+02:00,24.31,9.0,-0.22,5.9,-0.1,-0.14,-0.03,33.66,1688
2026-08-25T20:38:58.957+02:00,24.31,9.27,-0.15,5.77,-0.1,-0.07,0.0,33.71,1442
2026-08-25T20:38:59.957+02:00,24.38,9.04,-0.47,5.69,-0.1,-0.08,0.01,33.61,1226
2026-08-25T20:39:00.956+02:00,24.31,9.11,-0.12,5.97,-0.1,-0.08,0.01,33.66,1556
2026-08-25T20:39:01.956+02:00,24.38,9.14,-0.27,5.93,-0.1,-0.07,0.01,33.71,181
2026-08-25T20:39:02.956+02:00,24.38,9.19,-0.19,5.64,-0.11,-0.07,0.0,33.61,405
2026-08-25T20:39:03.956+02:00,24.31,9.02,-0.26,5.87,-0.11,-0.07,0.01,33.57,138
2026-08-25T20:39:04.967+02:00,24.38,9.0,-0.34,5.89,-0.11,-0.08,0.01,33.61,103
2026-08-25T20:39:05.955+02:00,24.38,9.11,-0.24,5.89,-0.1,-0.09,0.01,33.61,40
2026-08-25T20:39:06.955+02:00,24.38,9.0,-0.33,5.74,-0.1,-0.08,0.01,33.52,439
2026-08-25T20:39:07.954+02:00,24.38,8.85,-0.6,5.87,-0.11,-0.07,0.01,33.61,1091
2026-08-25T20:39:08.954+02:00,24.38,9.0,-0.29,5.74,-0.11,-0.07,0.01,33.71,1533
2026-08-25T20:39:09.954+02:00,24.38,9.2,-0.23,5.85,-0.11,-0.07,0.0,33.57,1872
2026-08-25T20:39:10.954+02:00,24.38,9.09,-0.23,5.96,-0.1,-0.08,0.01,33.66,1725
2026-08-25T20:39:11.953+02:00,24.38,8.98,-0.44,5.83,-0.1,-0.08,0.01,33.61,2043
2026-08-25T20:39:12.954+02:00,24.38,9.11,-0.32,5.87,-0.11,-0.08,0.0,33.66,1482
2026-08-25T20:39:13.952+02:00,24.38,9.18,-0.11,5.9,-0.1,-0.08,0.0,33.66,1834
2026-08-25T20:39:15.949+02:00,24.38,9.09,-0.22,5.83,-0.11,-0.08,0.01,33.66,1804
2026-08-25T20:39:16.952+02:00,24.38,9.11,-0.39,5.69,-0.11,-0.08,0.0,33.57,1726
2026-08-25T20:39:17.951+02:00,24.38,9.11,-0.22,5.86,-0.1,-0.08,0.01,33.61,1777
2026-08-25T20:39:18.951+02:00,24.38,8.97,-0.33,5.86,-0.1,-0.08,0.01,33.71,1817
2026-08-25T20:39:19.951+02:00,24.38,9.28,-0.05,5.87,-0.11,-0.08,0.0,33.66,1877
2026-08-25T20:39:20.950+02:00,24.38,8.98,-0.42,5.74,-0.1,-0.08,0.01,33.66,1875
2026-08-25T20:39:21.950+02:00,24.38,9.13,-0.11,5.86,-0.1,-0.08,0.02,33.61,2018
2026-08-25T20:39:22.950+02:00,24.38,8.96,-0.33,5.75,-0.1,-0.08,0.01,33.57,1767
2026-08-25T20:39:23.950+02:00,24.38,9.25,-0.03,5.94,-0.11,-0.08,0.0,33.61,1929
2026-08-25T20:39:24.949+02:00,24.38,8.93,-0.58,5.81,-0.1,-0.08,0.01,33.61,1974
2026-08-25T20:39:25.948+02:00,24.38,9.08,-0.12,5.86,-0.1,-0.08,0.01,33.66,1574
2026-08-25T20:39:26.948+02:00,24.38,9.19,-0.16,5.78,-0.11,-0.08,0.01,33.71,1623
2026-08-25T20:39:27.948+02:00,24.38,9.01,-0.55,5.79,-0.1,-0.08,0.01,33.71,1696
2026-08-25T20:39:28.948+02:00,24.38,8.91,-0.45,5.86,-0.1,-0.08,0.01,33.66,1840
2026-08-25T20:39:29.948+02:00,24.38,9.1,-0.14,5.74,-0.1,-0.08,0.01,33.66,1502
2026-08-25T20:39:30.947+02:00,24.44,9.17,-0.14,5.87,-0.1,-0.08,0.0,33.61,1456
2026-08-25T20:39:31.947+02:00,24.38,8.91,-0.59,5.8,-0.1,-0.08,0.01,33.66,1382
2026-08-25T20:39:32.947+02:00,24.38,9.13,-0.08,5.83,-0.1,-0.08,0.01,33.71,1627
2026-08-25T20:39:33.946+02:00,24.44,9.13,-0.16,5.79,-0.11,-0.08,0.0,33.71,1711
2026-08-25T20:39:34.946+02:00,24.38,9.0,-0.42,5.69,-0.11,-0.08,0.01,33.66,1604
2026-08-25T20:39:35.946+02:00,24.44,9.15,-0.07,5.99,-0.1,-0.08,0.01,33.66,1484
2026-08-25T20:39:36.945+02:00,24.38,9.09,-0.19,5.81,-0.11,-0.08,0.01,33.61,1289
2026-08-25T20:39:37.945+02:00,24.38,8.99,-0.51,5.68,-0.11,-0.08,0.0,33.75,1770
2026-08-25T20:39:38.944+02:00,24.38,9.06,-0.15,5.88,-0.1,-0.08,0.01,33.66,1629
2026-08-25T20:39:39.944+02:00,24.38,9.11,-0.14,5.92,-0.1,-0.08,0.01,33.71,1625
2026-08-25T20:39:40.944+02:00,24.44,8.99,-0.45,5.65,-0.11,-0.08,0.0,33.61,1582
2026-08-25T20:39:41.944+02:00,24.38,9.04,-0.41,5.77,-0.1,-0.08,0.01,33.75,1869
2026-08-25T20:39:42.944+02:00,24.44,8.99,-0.26,5.86,-0.1,-0.08,0.01,33.75,1620
2026-08-25T20:39:43.943+02:00,24.38,9.26,0.11,6.02,-0.11,-0.07,0.0,33.61,2302
2026-08-25T20:39:45.943+02:00,24.38,9.06,-0.16,5.94,-0.1,-0.08,0.01,33.66,1630
2026-08-25T20:39:46.942+02:00,24.44,9.16,-0.08,5.87,-0.1,-0.08,0.01,33.71,2048
2026-08-25T20:39:47.942+02:00,24.44,9.02,-0.48,5.77,-0.11,-0.08,0.0,33.75,1929
2026-08-25T20:39:48.942+02:00,24.44,9.26,-0.04,5.76,-0.1,-0.08,0.01,33.75,2031
2026-08-25T20:39:49.941+02:00,24.44,8.97,-0.36,5.91,-0.1,-0.08,0.01,33.71,1836
2026-08-25T20:39:50.941+02:00,24.38,9.15,-0.16,5.79,-0.11,-0.08,0.0,33.71,1745
2026-08-25T20:39:51.940+02:00,24.44,9.22,-0.01,5.75,-0.11,-0.08,0.0,33.85,1864
2026-08-25T20:39:52.940+02:00,24.44,8.86,-0.49,5.84,-0.1,-0.08,0.01,33.8,1911
2026-08-25T20:39:53.940+02:00,24.44,9.18,-0.11,5.92,-0.1,-0.08,0.01,33.71,1971
2026-08-25T20:39:54.940+02:00,24.44,9.11,-0.21,5.68,-0.11,-0.08,0.0,33.85,1604
2026-08-25T20:39:55.939+02:00,24.44,9.14,-0.19,5.84,-0.1,-0.08,0.01,33.8,1742
2026-08-25T20:39:56.939+02:00,24.44,8.98,-0.46,5.72,-0.1,-0.08,0.01,33.71,1634
2026-08-25T20:39:57.939+02:00,24.44,9.21,0.02,5.96,-0.11,-0.08,0.01,33.66,1954
2026-08-25T20:39:58.939+02:00,24.44,8.95,-0.54,5.71,-0.1,-0.08,0.0,33.71,1612
2026-08-25T20:39:59.939+02:00,24.44,9.13,-0.16,5.92,-0.1,-0.08,0.01,33.8,1738
2026-08-25T20:40:00.938+02:00,24.44,8.96,-0.3,5.79,-0.1,-0.08,0.01,33.85,1715
2026-08-25T20:40:01.938+02:00,24.44,9.27,0.06,5.92,-0.11,-0.08,0.0,33.75,1959
2026-08-25T20:40:02.937+02:00,24.44,9.01,-0.52,5.76,-0.1,-0.08,0.01,33.71,1652
2026-08-25T20:40:03.937+02:00,24.44,9.17,-0.12,5.87,-0.1,-0.08,0.01,33.75,1671
2026-08-25T20:40:04.936+02:00,24.44,8.97,-0.31,5.71,-0.11,-0.08,0.01,33.75,1604
2026-08-25T20:40:05.936+02:00,24.44,9.21,-0.04,5.89,-0.11,-0.08,0.0,33.75,1781
2026-08-25T20:40:06.936+02:00,24.44,8.91,-0.56,5.83,-0.1,-0.08,0.01,33.8,1590
2026-08-25T20:40:07.933+02:00,24.44,8.9,-0.4,5.67,-0.1,-0.08,0.01,33.85,1714
2026-08-25T20:40:08.935+02:00,24.44,9.29,0.09,5.8,-0.11,-0.08,0.01,33.75,1472
2026-08-25T20:40:09.935+02:00,24.44,9.02,-0.42,5.69,-0.11,-0.08,0.01,33.8,1445
2026-08-25T20:40:10.935+02:00,24.44,9.08,-0.23,5.97,-0.1,-0.08,0.01,33.85,1812
2026-08-25T20:40:11.935+02:00,24.44,8.99,-0.25,5.9,-0.1,-0.08,0.01,33.66,1768
2026-08-25T20:40:12.934+02:00,24.44,9.1,-0.36,5.71,-0.1,-0.08,0.0,33.8,1728
2026-08-25T20:40:13.934+02:00,24.44,9.22,-0.06,5.9,-0.11,-0.08,0.01,33.85,1595
2026-08-25T20:40:15.930+02:00,24.44,9.02,-0.32,5.77,-0.1,-0.08,0.01,33.89,2059
2026-08-25T20:40:16.933+02:00,24.44,9.05,-0.44,5.78,-0.11,-0.08,0.0,33.89,1746
2026-08-25T20:40:17.932+02:00,24.44,9.01,-0.29,5.86,-0.1,-0.08,0.01,33.85,1702
2026-08-25T20:40:18.932+02:00,24.44,9.1,-0.27,5.84,-0.1,-0.08,0.01,33.89,1777
2026-08-25T20:40:19.932+02:00,24.44,9.02,-0.47,5.75,-0.11,-0.08,0.0,33.8,2065
2026-08-25T20:40:20.932+02:00,24.44,9.19,-0.02,5.87,-0.1,-0.08,0.01,33.89,1936
2026-08-25T20:40:21.931+02:00,24.5,9.12,-0.09,5.97,-0.1,-0.08,0.02,33.94,1803
2026-08-25T20:40:22.931+02:00,24.44,9.02,-0.23,5.84,-0.1,-0.08,0.01,33.89,1711
2026-08-25T20:40:23.931+02:00,24.44,9.1,-0.41,5.85,-0.11,-0.08,0.0,33.94,1918
2026-08-25T20:40:24.931+02:00,24.44,9.11,-0.19,5.95,-0.1,-0.08,0.01,34.04,1920
2026-08-25T20:40:25.930+02:00,24.44,8.91,-0.33,5.66,-0.1,-0.08,0.01,33.89,1756
2026-08-25T20:40:26.930+02:00,24.44,9.31,-0.07,5.8,-0.1,-0.08,0.0,33.89,1665
2026-08-25T20:40:27.930+02:00,24.44,9.13,-0.26,5.8,-0.11,-0.08,0.01,33.85,2067
2026-08-25T20:40:28.929+02:00,24.44,8.91,-0.37,5.71,-0.1,-0.08,0.01,33.89,1850
2026-08-25T20:40:29.929+02:00,24.5,9.19,0.0,5.85,-0.11,-0.08,0.01,33.89,1862
2026-08-25T20:40:30.928+02:00,24.44,9.13,-0.11,5.86,-0.11,-0.08,0.01,33.94,1954
2026-08-25T20:40:31.928+02:00,24.5,8.88,-0.52,5.77,-0.1,-0.08,0.01,33.94,2047
2026-08-25T20:40:32.928+02:00,24.44,9.18,-0.03,5.92,-0.11,-0.08,0.01,33.99,2070
2026-08-25T20:40:33.928+02:00,24.5,9.05,-0.29,5.75,-0.11,-0.08,0.0,33.89,2115
2026-08-25T20:40:34.927+02:00,24.5,9.06,-0.34,5.78,-0.1,-0.08,0.01,33.89,1861
2026-08-25T20:40:35.927+02:00,24.5,8.99,-0.39,5.82,-0.1,-0.08,0.02,33.94,1552
2026-08-25T20:40:36.927+02:00,24.5,9.22,0.04,5.91,-0.1,-0.08,0.01,33.99,1918
2026-08-25T20:40:37.927+02:00,24.5,9.0,-0.55,5.64,-0.11,-0.08,0.01,33.94,2006
2026-08-25T20:40:38.926+02:00,24.44,9.08,-0.15,5.93,-0.1,-0.08,0.01,33.94,2322
2026-08-25T20:40:39.926+02:00,24.5,8.99,-0.23,5.86,-0.1,-0.08,0.01,33.89,1966
2026-08-25T20:40:40.925+02:00,24.5,9.05,-0.24,5.74,-0.1,-0.08,0.01,33.94,2114
2026-08-25T20:40:41.925+02:00,24.5,9.14,-0.08,5.78,-0.1,-0.08,0.01,33.94,1861
2026-08-25T20:40:42.925+02:00,24.44,8.95,-0.48,5.85,-0.1,-0.08,0.01,33.94,2040
2026-08-25T20:40:43.924+02:00,24.5,9.21,0.06,5.97,-0.11,-0.08,0.01,33.99,1618
2026-08-25T20:40:45.921+02:00,24.5,8.97,-0.42,5.8,-0.1,-0.08,0.01,33.99,2189
2026-08-25T20:40:46.923+02:00,24.44,9.05,-0.16,5.96,-0.1,-0.08,0.01,33.99,2173
2026-08-25T20:40:47.923+02:00,24.5,9.14,-0.37,5.7,-0.11,-0.08,0.0,33.99,1883
2026-08-25T20:40:48.923+02:00,24.5,8.98,-0.52,5.7,-0.1,-0.08,0.01,34.04,1547
2026-08-25T20:40:49.923+02:00,24.44,9.11,-0.09,5.94,-0.1,-0.08,0.01,33.99,1435
2026-08-25T20:40:50.922+02:00,24.5,8.93,-0.4,5.67,-0.1,-0.08,0.01,33.99,1631
2026-08-25T20:40:51.922+02:00,24.5,9.22,-0.09,5.93,-0.11,-0.08,0.01,33.94,1982
2026-08-25T20:40:52.922+02:00,24.5,9.0,-0.54,5.76,-0.1,-0.08,0.01,33.94,1906
2026-08-25T20:40:53.921+02:00,24.5,9.16,-0.03,5.94,-0.1,-0.08,0.01,33.99,1937
2026-08-25T20:40:54.921+02:00,24.5,9.06,-0.18,5.63,-0.11,-0.08,0.01,34.08,2069
2026-08-25T20:40:55.920+02:00,24.5,9.18,-0.13,5.89,-0.11,-0.08,0.0,34.04,1839
2026-08-25T20:40:56.920+02:00,24.5,8.99,-0.31,5.79,-0.1,-0.08,0.01,33.99,2141
2026-08-25T20:40:57.921+02:00,24.5,9.02,-0.29,5.85,-0.1,-0.08,0.01,33.99,2299
2026-08-25T20:40:58.920+02:00,24.5,9.17,-0.18,5.66,-0.1,-0.08,0.0,34.04,1700
2026-08-25T20:40:59.920+02:00,24.5,9.1,-0.24,5.8,-0.1,-0.08,0.01,34.04,1479
2026-08-25T20:41:00.919+02:00,24.5,8.94,-0.28,5.85,-0.1,-0.08,0.01,33.99,1814
2026-08-25T20:41:01.919+02:00,24.56,9.16,-0.03,5.98,-0.11,-0.08,0.01,33.99,1952
2026-08-25T20:41:02.919+02:00,24.5,9.25,-0.06,5.9,-0.11,-0.08,0.0,34.04,1909
2026-08-25T20:41:03.920+02:00,24.5,8.89,-0.6,5.79,-0.1,-0.08,0.01,33.99,1703
2026-08-25T20:41:04.918+02:00,24.5,9.09,-0.01,5.88,-0.1,-0.08,0.01,33.99,2160
2026-08-25T20:41:05.918+02:00,24.5,9.05,-0.27,5.64,-0.11,-0.08,0.0,33.99,2194
2026-08-25T20:41:06.917+02:00,24.5,9.24,-0.19,5.86,-0.1,-0.08,0.01,34.13,1894
2026-08-25T20:41:07.917+02:00,24.5,8.93,-0.46,5.87,-0.1,-0.08,0.01,34.08,1823
2026-08-25T20:41:08.916+02:00,24.56,9.18,-0.02,5.86,-0.1,-0.08,0.01,34.08,1814
2026-08-25T20:41:09.916+02:00,24.56,9.01,-0.44,5.72,-0.11,-0.08,0.0,34.13,2028
2026-08-25T20:41:10.916+02:00,24.56,9.26,-0.01,5.95,-0.1,-0.08,0.01,34.04,2113
2026-08-25T20:41:11.916+02:00,24.56,8.91,-0.4,5.74,-0.1,-0.08,0.01,33.99,2208
2026-08-25T20:41:12.916+02:00,24.5,9.14,0.02,5.86,-0.1,-0.08,0.01,34.18,2195
2026-08-25T20:41:13.915+02:00,24.5,9.08,-0.29,5.74,-0.11,-0.08,0.0,34.04,2078
2026-08-25T20:41:15.912+02:00,24.5,8.96,-0.3,5.86,-0.1,-0.08,0.01,34.04,2141
2026-08-25T20:41:16.914+02:00,24.56,9.09,-0.34,5.71,-0.1,-0.08,0.0,34.08,2006
2026-08-25T20:41:17.914+02:00,24.5,8.99,-0.47,5.79,-0.11,-0.08,0.0,34.04,2139
2026-08-25T20:41:18.914+02:00,24.5,9.08,-0.11,5.94,-0.1,-0.08,0.01,34.08,1896
2026-08-25T20:41:19.913+02:00,24.5,8.89,-0.32,5.83,-0.1,-0.08,0.01,34.04,1750
2026-08-25T20:41:20.913+02:00,24.56,9.37,0.06,5.83,-0.1,-0.08,0.0,34.13,1737
2026-08-25T20:41:21.913+02:00,24.56,9.02,-0.5,5.67,-0.1,-0.08,0.01,34.22,2159
2026-08-25T20:41:22.912+02:00,24.56,9.13,-0.05,5.94,-0.1,-0.08,0.01,34.08,1925
2026-08-25T20:41:23.912+02:00,24.56,8.92,-0.28,5.75,-0.1,-0.08,0.01,34.08,1744
2026-08-25T20:41:24.912+02:00,24.56,9.25,-0.09,5.9,-0.11,-0.08,0.0,34.13,1671
2026-08-25T20:41:25.911+02:00,24.5,9.0,-0.43,5.77,-0.1,-0.08,0.01,34.13,1841
2026-08-25T20:41:26.912+02:00,24.56,9.07,-0.23,5.84,-0.1,-0.08,0.02,34.08,2020
2026-08-25T20:41:27.911+02:00,24.56,9.19,-0.03,5.74,-0.11,-0.08,0.0,34.08,1964
2026-08-25T20:41:28.910+02:00,24.56,9.03,-0.62,-0.31,-0.03,-0.03,-0.03,35.77,1954
2026-08-25T20:41:29.910+02:00,24.56,9.16,-0.1,5.97,-0.1,-0.08,0.01,34.18,2135
2026-08-25T20:41:30.911+02:00,24.56,8.93,-0.34,5.82,-0.1,-0.08,0.01,34.18,2521
2026-08-25T20:41:31.911+02:00,24.56,9.14,-0.15,5.82,-0.1,-0.08,0.01,34.18,2437
2026-08-25T20:41:32.910+02:00,24.56,9.01,-0.41,5.81,-0.11,-0.08,0.0,34.22,2416
2026-08-25T20:41:33.910+02:00,24.56,9.13,-0.16,5.93,-0.1,-0.08,0.01,34.18,2199
2026-08-25T20:41:34.910+02:00,24.56,8.9,-0.38,5.78,-0.1,-0.08,0.01,34.18,1972
2026-08-25T20:41:35.909+02:00,24.56,9.19,-0.02,5.87,-0.11,-0.08,0.0,34.13,1989
2026-08-25T20:41:37.374+02:00,24.56,0.0,0.0,0.0,0.0,0.0,0.0,0.0,1889
2026-08-25T20:41:37.909+02:00,24.56,8.97,-0.44,5.83,-0.1,-0.08,0.02,34.18,2063
2026-08-25T20:41:38.907+02:00,24.56,9.19,0.02,5.96,-0.1,-0.08,0.01,34.18,2203
2026-08-25T20:41:39.908+02:00,24.56,9.12,-0.29,5.81,-0.1,-0.08,0.0,34.22,2371
2026-08-25T20:41:40.908+02:00,24.56,8.98,-0.43,5.75,-0.1,-0.08,0.01,34.22,2103
2026-08-25T20:41:41.907+02:00,24.56,9.16,-0.03,5.91,-0.1,-0.08,0.01,34.22,2252
2026-08-25T20:41:42.907+02:00,24.56,9.07,-0.08,5.98,-0.1,-0.08,0.01,34.27,2229
2026-08-25T20:41:43.907+02:00,24.56,9.23,-0.08,5.82,-0.1,-0.08,0.0,34.22,2152
2026-08-25T20:41:45.907+02:00,24.56,9.08,-0.13,5.84,-0.1,-0.08,0.01,34.27,2150
2026-08-25T20:41:46.906+02:00,24.56,9.17,-0.0,5.78,-0.1,-0.08,0.01,34.13,2342
2026-08-25T20:41:47.906+02:00,24.56,9.08,-0.4,5.71,-0.11,-0.08,0.0,34.22,2499
2026-08-25T20:41:48.906+02:00,24.56,9.06,-0.49,5.73,-0.11,-0.08,0.01,34.18,1979
2026-08-25T20:41:49.905+02:00,24.56,9.05,-0.34,5.86,-0.1,-0.08,0.01,34.18,1956
2026-08-25T20:41:50.904+02:00,24.56,9.09,0.02,5.9,-0.1,-0.08,0.01,34.22,1770
2026-08-25T20:41:51.904+02:00,24.56,9.09,-0.42,5.64,-0.1,-0.08,0.0,34.22,2244
2026-08-25T20:41:52.904+02:00,24.56,9.13,-0.27,5.75,-0.1,-0.08,0.01,34.27,1959
2026-08-25T20:41:53.904+02:00,24.56,9.18,-0.06,5.94,-0.1,-0.08,0.01,34.27,1945
2026-08-25T20:41:54.903+02:00,24.56,8.92,-0.4,5.74,-0.1,-0.08,0.01,34.13,2242
2026-08-25T20:41:55.903+02:00,24.56,9.21,-0.14,5.89,-0.1,-0.08,0.0,34.22,2422
2026-08-25T20:41:56.903+02:00,24.56,9.15,-0.25,5.83,-0.1,-0.08,0.01,34.22,2221
2026-08-25T20:41:57.903+02:00,24.62,9.1,-0.1,5.88,-0.1,-0.08,0.01,34.27,1815
2026-08-25T20:41:58.902+02:00,24.62,8.97,-0.36,5.69,-0.11,-0.08,0.01,34.32,2014
2026-08-25T20:41:59.902+02:00,24.56,9.21,-0.02,5.86,-0.1,-0.08,0.0,34.22,1940
2026-08-25T20:42:00.900+02:00,24.56,9.02,-0.43,5.83,-0.1,-0.08,0.01,34.18,2312
2026-08-25T20:42:01.902+02:00,24.56,9.04,-0.23,5.79,-0.1,-0.08,0.01,34.27,2254
2026-08-25T20:42:02.901+02:00,24.62,9.18,-0.05,5.71,-0.1,-0.08,0.01,34.32,2209
2026-08-25T20:42:03.900+02:00,24.56,9.06,-0.41,5.76,-0.11,-0.08,0.01,34.22,2187
2026-08-25T20:42:04.900+02:00,24.56,9.12,-0.21,5.89,-0.1,-0.08,0.01,34.27,1971
2026-08-25T20:42:06.366+02:00,24.62,0.0,0.0,0.0,0.0,0.0,0.0,0.0,1926
2026-08-25T20:42:06.899+02:00,24.62,9.29,-0.04,5.79,-0.11,-0.08,0.0,34.18,1730
2026-08-25T20:42:07.901+02:00,24.56,8.98,-0.53,5.63,-0.1,-0.08,0.01,34.22,2329
2026-08-25T20:42:08.899+02:00,24.62,9.13,-0.16,6.0,-0.1,-0.08,0.01,34.32,2107
2026-08-25T20:42:09.899+02:00,24.56,9.06,-0.23,5.77,-0.1,-0.08,0.01,34.37,2104
2026-08-25T20:42:10.898+02:00,24.62,9.11,-0.28,5.86,-0.11,-0.08,0.01,34.27,1803
2026-08-25T20:42:11.897+02:00,24.62,9.21,-0.16,5.89,-0.1,-0.08,0.01,34.27,2194
2026-08-25T20:42:12.898+02:00,24.62,9.19,-0.07,5.92,-0.1,-0.08,0.01,34.32,2031
2026-08-25T20:42:13.914+02:00,24.62,8.91,-0.31,5.71,-0.1,-0.08,0.01,34.32,2286
2026-08-25T20:42:15.894+02:00,24.62,9.12,-0.23,5.87,-0.1,-0.08,0.01,34.32,1919
2026-08-25T20:42:16.896+02:00,24.56,8.92,-0.52,5.75,-0.1,-0.08,0.01,34.32,1795
2026-08-25T20:42:17.896+02:00,24.62,9.24,0.04,5.92,-0.11,-0.08,0.01,34.37,2398
2026-08-25T20:42:18.895+02:00,24.62,9.18,-0.31,5.86,-0.11,-0.08,-0.0,34.46,2223
2026-08-25T20:42:19.895+02:00,24.56,8.94,-0.57,5.72,-0.1,-0.08,0.01,34.41,2148
2026-08-25T20:42:20.896+02:00,24.62,9.07,-0.1,5.88,-0.1,-0.08,0.01,34.41,2185
2026-08-25T20:42:21.895+02:00,24.62,9.21,-0.01,5.78,-0.1,-0.08,0.0,34.32,1986
2026-08-25T20:42:22.895+02:00,24.62,9.01,-0.62,5.7,-0.1,-0.09,0.0,34.27,1806
2026-08-25T20:42:23.894+02:00,24.62,8.98,-0.46,5.87,-0.1,-0.08,0.01,34.32,2005
2026-08-25T20:42:24.894+02:00,24.62,9.16,-0.03,5.94,-0.1,-0.08,0.01,34.32,1958
2026-08-25T20:42:25.894+02:00,24.62,9.14,-0.11,5.87,-0.1,-0.08,0.0,34.37,2019
2026-08-25T20:42:26.893+02:00,24.62,9.0,-0.57,5.74,-0.1,-0.08,0.0,34.37,2111
2026-08-25T20:42:27.893+02:00,24.69,9.08,-0.24,5.93,-0.1,-0.08,0.01,34.37,2178
2026-08-25T20:42:28.892+02:00,24.62,8.97,-0.33,5.82,-0.1,-0.08,0.01,34.41,2217
2026-08-25T20:42:29.892+02:00,24.62,9.21,0.1,5.88,-0.1,-0.07,0.0,34.46,2188
2026-08-25T20:42:30.892+02:00,24.62,9.06,-0.4,5.71,-0.11,-0.08,0.0,34.46,1805
2026-08-25T20:42:31.892+02:00,24.62,8.99,-0.52,5.86,-0.1,-0.08,0.01,34.41,2221
2026-08-25T20:42:32.892+02:00,24.62,9.11,0.02,5.89,-0.1,-0.08,0.01,34.41,2109
2026-08-25T20:42:33.891+02:00,24.62,9.13,-0.18,5.71,-0.11,-0.08,0.01,34.46,1919
2026-08-25T20:42:34.891+02:00,24.62,9.01,-0.39,5.74,-0.1,-0.08,0.01,34.46,1900
2026-08-25T20:42:35.891+02:00,24.69,9.16,-0.07,5.99,-0.1,-0.08,0.01,34.46,1784
2026-08-25T20:42:36.891+02:00,24.62,8.96,-0.32,5.68,-0.1,-0.08,0.01,34.41,2216
2026-08-25T20:42:37.890+02:00,24.69,9.11,-0.33,5.77,-0.11,-0.08,0.01,34.41,2141
2026-08-25T20:42:38.888+02:00,24.69,9.28,0.05,5.89,-0.1,-0.08,0.01,34.37,2188
2026-08-25T20:42:39.890+02:00,24.69,9.0,-0.25,5.78,-0.09,-0.08,0.01,34.46,2308
2026-08-25T20:42:40.889+02:00,24.69,8.92,-0.38,5.78,-0.1,-0.08,0.01,34.41,2081
2026-08-25T20:42:41.889+02:00,24.62,9.27,-0.03,5.84,-0.1,-0.08,0.01,34.51,2164
2026-08-25T20:42:42.888+02:00,24.69,9.26,0.02,5.9,-0.11,-0.08,0.0,34.46,1898
2026-08-25T20:42:43.888+02:00,24.69,8.91,-0.45,5.76,-0.1,-0.08,0.01,34.46,2126
2026-08-25T20:42:45.885+02:00,24.69,9.17,-0.05,5.89,-0.1,-0.08,0.01,34.41,1889
2026-08-25T20:42:46.886+02:00,24.69,9.05,-0.42,5.69,-0.11,-0.08,0.0,34.41,1931
2026-08-25T20:42:47.887+02:00,24.69,8.95,-0.62,5.73,-0.1,-0.08,0.01,34.46,2114
2026-08-25T20:42:48.887+02:00,24.69,9.0,-0.39,5.82,-0.1,-0.08,0.02,34.46,2229
2026-08-25T20:42:49.886+02:00,24.69,9.16,-0.11,5.79,-0.11,-0.08,0.01,34.32,2044
2026-08-25T20:42:50.886+02:00,24.69,9.23,-0.06,5.94,-0.11,-0.08,0.0,34.51,2136
2026-08-25T20:42:51.886+02:00,24.69,9.19,-0.16,5.81,-0.1,-0.08,0.01,34.41,1857
2026-08-25T20:42:52.885+02:00,24.69,9.0,-0.36,5.77,-0.1,-0.08,0.01,34.55,2184
2026-08-25T20:42:53.884+02:00,24.69,8.95,-0.41,5.81,-0.1,-0.08,0.01,34.6,2161
2026-08-25T20:42:54.885+02:00,24.69,9.03,-0.49,5.78,-0.11,-0.08,0.01,34.51,1818
2026-08-25T20:42:55.884+02:00,24.69,9.06,-0.29,5.83,-0.1,-0.08,0.01,34.55,1571
2026-08-25T20:42:56.884+02:00,24.69,9.07,-0.08,5.91,-0.1,-0.08,0.01,34.55,2135
2026-08-25T20:42:57.884+02:00,24.69,9.09,0.01,5.85,-0.1,-0.08,0.01,34.55,1708
2026-08-25T20:42:58.884+02:00,24.69,9.08,-0.37,5.73,-0.1,-0.08,0.0,34.6,1806
2026-08-25T20:42:59.883+02:00,24.69,8.98,-0.49,5.76,-0.1,-0.08,0.01,34.55,1900
2026-08-25T20:43:00.883+02:00,24.69,9.07,-0.21,5.85,-0.1,-0.0,-0.0,34.55,2019
2026-08-25T20:43:01.883+02:00,24.69,9.19,-0.01,5.96,-0.1,-0.08,0.01,34.55,2148
2026-08-25T20:43:02.882+02:00,24.69,9.23,-0.07,5.87,-0.1,-0.08,0.0,34.51,1898
2026-08-25T20:43:03.882+02:00,24.69,9.29,0.01,5.92,-0.1,-0.08,0.0,34.51,1972
2026-08-25T20:43:04.882+02:00,24.69,8.96,-0.48,5.85,-0.1,-0.08,0.01,34.46,2099
2026-08-25T20:43:05.883+02:00,24.69,8.91,-0.36,5.73,-0.1,-0.08,0.01,34.55,2215
2026-08-25T20:43:06.881+02:00,24.69,9.24,-0.07,5.79,-0.1,-0.08,0.0,34.65,1926
2026-08-25T20:43:07.882+02:00,24.69,9.22,0.06,5.92,-0.1,-0.08,0.0,34.51,1815
2026-08-25T20:43:08.880+02:00,24.69,8.96,-0.48,5.8,-0.1,-0.08,0.01,34.51,2150
2026-08-25T20:43:09.880+02:00,24.69,8.84,-0.37,5.78,-0.1,-0.08,0.02,34.55,1840
2026-08-25T20:43:10.880+02:00,24.75,9.26,-0.04,5.78,-0.11,-0.08,0.01,34.51,1882
2026-08-25T20:43:11.882+02:00,24.69,9.26,0.01,5.79,-0.11,-0.08,0.01,34.6,1658
2026-08-25T20:43:12.879+02:00,24.69,8.88,-0.36,5.83,-0.1,-0.08,0.01,34.51,2088
2026-08-25T20:43:13.879+02:00,24.75,8.9,-0.41,5.76,-0.1,-0.08,0.01,34.65,2053
2026-08-25T20:43:15.875+02:00,24.69,8.99,-0.6,5.83,-0.11,-0.08,0.01,34.69,1866
2026-08-25T20:43:16.878+02:00,24.69,9.05,-0.23,5.86,-0.1,-0.08,0.01,34.51,1839
2026-08-25T20:43:17.878+02:00,24.75,8.9,-0.28,5.82,-0.1,-0.08,0.01,34.6,1855
2026-08-25T20:43:18.878+02:00,24.75,8.99,-0.31,5.69,-0.1,-0.08,0.01,34.65,2168
2026-08-25T20:43:19.877+02:00,24.69,9.07,-0.38,5.75,-0.1,-0.08,0.01,34.65,2235
2026-08-25T20:43:20.877+02:00,24.69,9.0,-0.51,5.74,-0.1,-0.08,0.01,34.69,2170
2026-08-25T20:43:21.876+02:00,24.69,8.96,-0.43,5.82,-0.1,-0.08,0.01,34.69,2206
2026-08-25T20:43:22.875+02:00,24.75,8.95,-0.33,5.78,-0.1,-0.08,0.01,34.65,2237
2026-08-25T20:43:23.876+02:00,24.75,9.11,-0.29,5.76,-0.11,-0.08,0.0,34.55,2051
2026-08-25T20:43:24.876+02:00,24.69,9.22,0.0,5.88,-0.1,-0.08,0.01,34.6,1973
2026-08-25T20:43:25.875+02:00,24.75,9.08,-0.13,5.9,-0.1,-0.08,0.01,34.6,1850
2026-08-25T20:43:26.875+02:00,24.75,8.95,-0.41,5.77,-0.1,-0.08,0.01,34.6,1852
2026-08-25T20:43:27.875+02:00,24.75,9.01,-0.41,5.74,-0.1,-0.08,0.01,34.74,2324
2026-08-25T20:43:28.875+02:00,24.75,9.15,-0.08,5.88,-0.1,-0.08,0.01,34.65,2088
2026-08-25T20:43:29.874+02:00,24.75,9.12,0.0,5.91,-0.1,-0.08,0.01,34.65,1723
2026-08-25T20:43:30.874+02:00,24.75,9.08,-0.14,5.74,-0.1,-0.08,0.01,34.69,2184
2026-08-25T20:43:31.873+02:00,24.75,8.92,-0.5,5.63,-0.1,-0.08,0.01,34.65,2417
2026-08-25T20:43:32.873+02:00,24.75,9.06,-0.39,5.76,-0.1,-0.08,0.01,34.74,2219
2026-08-25T20:43:33.873+02:00,24.75,9.12,-0.05,5.83,-0.1,-0.08,0.01,34.6,2038
2026-08-25T20:43:34.872+02:00,24.75,9.08,-0.13,5.78,-0.1,-0.08,0.01,34.69,2149
2026-08-25T20:43:35.872+02:00,24.75,9.03,-0.48,5.77,-0.1,-0.08,0.0,34.69,2178
2026-08-25T20:43:36.871+02:00,24.75,9.04,-0.36,5.71,-0.1,-0.08,0.01,34.55,1829
2026-08-25T20:43:37.872+02:00,24.75,9.07,-0.15,5.87,-0.1,-0.08,0.01,34.65,2037
2026-08-25T20:43:38.871+02:00,24.75,9.15,-0.01,5.86,-0.1,-0.08,0.01,34.74,2031
2026-08-25T20:43:39.871+02:00,24.75,9.16,-0.19,5.85,-0.11,-0.08,0.01,34.69,2051
2026-08-25T20:43:40.872+02:00,24.75,9.24,0.04,5.84,-0.11,-0.08,0.0,34.74,1987
2026-08-25T20:43:41.870+02:00,24.75,9.11,-0.09,5.98,-0.1,-0.08,0.01,34.65,2235
2026-08-25T20:43:42.871+02:00,24.75,9.05,0.02,5.84,-0.1,-0.08,0.01,34.65,2406
2026-08-25T20:43:43.870+02:00,24.75,9.14,-0.2,5.78,-0.11,-0.08,0.0,34.74,2180
2026-08-25T20:43:45.866+02:00,24.81,9.01,-0.57,5.81,-0.1,-0.08,0.01,34.74,2097
2026-08-25T20:43:46.868+02:00,24.75,9.05,-0.25,5.9,-0.1,-0.08,0.02,34.65,2475
2026-08-25T20:43:47.867+02:00,24.75,9.22,0.06,5.88,-0.1,-0.08,0.01,34.74,2217
2026-08-25T20:43:48.868+02:00,24.75,9.16,-0.09,5.83,-0.1,-0.08,0.0,34.69,2290
2026-08-25T20:43:49.868+02:00,24.81,9.06,-0.41,5.83,-0.1,-0.08,0.01,34.69,1911
2026-08-25T20:43:50.867+02:00,24.81,8.96,-0.46,5.81,-0.1,-0.08,0.01,34.69,2004
2026-08-25T20:43:51.867+02:00,24.75,9.17,-0.16,5.78,-0.1,-0.08,0.01,34.74,2043
2026-08-25T20:43:52.867+02:00,24.81,9.19,-0.0,-0.0,-0.0,-0.0,-0.0,36.53,2176
2026-08-25T20:43:53.867+02:00,24.75,9.05,-0.36,5.74,-0.1,-0.08,0.01,34.79,1982
2026-08-25T20:43:54.866+02:00,24.75,8.92,-0.42,5.74,-0.1,-0.08,0.01,34.69,2357
2026-08-25T20:43:55.866+02:00,24.81,9.08,-0.17,5.84,-0.11,-0.08,0.01,34.74,2328
2026-08-25T20:43:56.866+02:00,24.81,9.27,-0.04,5.88,-0.11,-0.08,0.0,34.74,2279
2026-08-25T20:43:57.865+02:00,24.75,9.09,-0.28,5.75,-0.1,-0.08,0.01,34.65,1802
2026-08-25T20:43:58.865+02:00,24.81,9.16,-0.01,5.89,-0.1,-0.08,0.01,34.69,2423
2026-08-25T20:43:59.864+02:00,24.81,9.03,-0.21,5.8,-0.1,-0.08,0.01,34.69,2029
2026-08-25T20:44:00.864+02:00,24.81,8.97,-0.46,5.65,-0.1,-0.08,0.0,34.74,1781
2026-08-25T20:44:01.864+02:00,24.81,9.15,-0.28,5.85,-0.1,-0.08,0.01,34.74,1865
2026-08-25T20:44:02.864+02:00,24.75,9.12,-0.05,5.89,-0.1,-0.08,0.01,34.79,2029
2026-08-25T20:44:03.863+02:00,24.81,9.2,-0.03,5.83,-0.1,-0.08,0.01,34.69,1911
2026-08-25T20:44:04.864+02:00,24.81,9.03,-0.37,5.72,-0.11,-0.08,0.0,34.79,2038
2026-08-25T20:44:05.862+02:00,24.81,9.03,-0.58,5.73,-0.1,-0.08,0.0,34.84,1794
2026-08-25T20:44:06.862+02:00,24.81,8.94,-0.38,5.82,-0.1,-0.08,0.01,34.74,2309
2026-08-25T20:44:07.862+02:00,24.81,9.09,-0.09,5.9,-0.1,-0.08,0.01,34.69,2361
2026-08-25T20:44:08.862+02:00,24.81,9.33,0.04,5.83,-0.11,-0.08,0.0,34.69,1927
2026-08-25T20:44:09.862+02:00,24.81,9.21,-0.18,5.85,-0.11,-0.08,0.0,34.79,1768
2026-08-25T20:44:10.861+02:00,24.75,8.89,-0.52,5.75,-0.1,-0.08,0.02,34.84,2336
2026-08-25T20:44:11.860+02:00,24.81,9.0,-0.3,5.86,-0.1,-0.08,0.01,34.74,1648
2026-08-25T20:44:12.861+02:00,24.81,9.36,0.06,5.84,-0.1,-0.08,0.01,34.79,1733
2026-08-25T20:44:13.860+02:00,24.81,9.2,-0.11,5.78,-0.11,-0.08,0.01,34.69,1593
2026-08-25T20:44:15.858+02:00,24.81,9.09,0.0,5.83,-0.1,-0.08,0.01,34.74,2098
2026-08-25T20:44:16.859+02:00,24.81,9.14,-0.08,5.8,-0.11,-0.08,0.0,34.74,1779
2026-08-25T20:44:17.859+02:00,24.81,9.31,0.07,5.83,-0.1,-0.08,0.0,34.84,2023
2026-08-25T20:44:18.859+02:00,24.81,9.02,-0.37,5.92,-0.1,-0.08,0.01,34.79,2494
2026-08-25T20:44:19.858+02:00,24.81,9.12,0.04,5.93,-0.1,-0.08,0.01,34.84,2053
2026-08-25T20:44:20.858+02:00,24.81,9.13,-0.05,5.76,-0.1,-0.08,0.0,34.74,2295
2026-08-25T20:44:21.858+02:00,24.81,9.06,-0.63,5.72,-0.11,-0.08,0.01,34.84,2146
2026-08-25T20:44:22.856+02:00,24.81,8.92,-0.53,5.83,-0.1,-0.08,0.01,34.79,2184
2026-08-25T20:44:23.856+02:00,24.81,9.14,-0.14,5.85,-0.1,-0.08,0.01,34.79,1603
2026-08-25T20:44:24.856+02:00,24.81,9.17,0.02,5.85,-0.1,-0.08,0.0,34.79,2158
2026-08-25T20:44:25.856+02:00,24.81,9.01,-0.48,5.7,-0.1,-0.08,0.01,34.74,2146
2026-08-25T20:44:26.856+02:00,24.81,8.96,-0.61,5.79,-0.1,-0.08,0.01,34.74,2064
2026-08-25T20:44:27.855+02:00,24.81,9.0,-0.25,5.81,-0.1,-0.08,0.01,34.88,1740
2026-08-25T20:44:28.855+02:00,24.81,9.23,0.07,5.95,-0.1,-0.08,0.01,34.79,2045
2026-08-25T20:44:29.854+02:00,24.88,8.99,-0.44,5.71,-0.1,-0.08,0.01,34.79,2353
2026-08-25T20:44:30.854+02:00,24.81,8.94,-0.54,5.85,-0.1,-0.08,0.02,34.74,2068
2026-08-25T20:44:31.854+02:00,24.88,9.15,0.0,5.89,-0.1,-0.08,0.01,34.74,1840
2026-08-25T20:44:32.854+02:00,24.88,9.14,-0.11,5.84,-0.11,-0.08,0.01,34.79,2048
2026-08-25T20:44:33.853+02:00,24.81,9.05,-0.58,5.72,-0.11,-0.08,0.0,34.79,2369
2026-08-25T20:44:34.852+02:00,24.88,9.03,-0.27,5.91,-0.1,-0.08,0.01,34.84,1920
2026-08-25T20:44:35.852+02:00,24.88,9.21,0.01,5.95,-0.1,-0.08,0.02,34.84,1854
2026-08-25T20:44:36.852+02:00,24.88,9.16,-0.16,5.79,-0.11,-0.08,0.01,34.74,2242
2026-08-25T20:44:37.852+02:00,24.81,9.02,-0.62,5.71,-0.11,-0.08,0.0,34.74,2592
2026-08-25T20:44:38.852+02:00,24.88,9.09,-0.3,5.88,-0.1,-0.08,0.01,34.88,2244
2026-08-25T20:44:39.851+02:00,24.88,8.92,-0.37,5.69,-0.1,-0.08,0.01,34.79,1977
2026-08-25T20:44:40.951+02:00,24.88,8.95,-0.28,5.76,-0.1,-0.08,0.01,34.84,2108
2026-08-25T20:44:41.850+02:00,24.81,9.21,-0.05,5.96,-0.11,-0.08,0.0,34.84,2369
2026-08-25T20:44:42.851+02:00,24.88,9.18,0.06,5.86,-0.1,-0.08,0.01,34.98,2261
2026-08-25T20:44:43.850+02:00,24.81,9.05,-0.24,5.76,-0.1,-0.08,0.01,34.79,1965
2026-08-25T20:44:45.846+02:00,24.88,9.13,-0.31,5.78,-0.11,-0.08,0.0,34.88,2004
2026-08-25T20:44:46.848+02:00,24.88,9.0,-0.51,5.77,-0.1,-0.08,0.01,34.93,1946
2026-08-25T20:44:47.848+02:00,24.88,8.88,-0.41,5.85,-0.1,-0.08,0.01,34.88,1951
2026-08-25T20:44:48.847+02:00,24.88,9.14,0.03,5.85,-0.1,-0.08,0.01,34.88,2054
2026-08-25T20:44:49.848+02:00,24.88,9.15,-0.06,5.88,-0.1,-0.08,0.0,34.88,2035
2026-08-25T20:44:50.847+02:00,24.88,9.0,-0.54,5.76,-0.1,-0.09,0.01,34.93,2041
2026-08-25T20:44:51.847+02:00,24.88,8.92,-0.31,5.77,-0.1,-0.08,0.02,34.84,1762
2026-08-25T20:44:52.846+02:00,24.88,9.19,0.13,5.95,-0.1,-0.08,0.01,34.93,1967
2026-08-25T20:44:53.846+02:00,24.88,9.1,-0.46,5.71,-0.11,-0.08,0.0,34.88,2306
2026-08-25T20:44:54.846+02:00,24.88,8.96,-0.56,5.77,-0.1,-0.08,0.01,34.88,2130
2026-08-25T20:45:22.381+02:00,-127.0,9.15,-0.0,5.95,-0.1,-0.08,0.01,35.07,8915
2026-08-25T20:45:23.413+02:00,24.88,8.89,-0.51,5.83,-0.1,-0.08,0.01,35.07,2367
2026-08-25T20:45:24.411+02:00,24.94,9.16,-0.11,5.88,-0.1,-0.08,0.01,34.98,2145
2026-08-25T20:45:25.411+02:00,24.88,8.96,-0.51,5.68,-0.1,-0.08,0.0,34.98,2304
2026-08-25T20:45:26.411+02:00,24.94,9.21,-0.04,5.82,-0.1,-0.08,0.01,35.07,2100
2026-08-25T20:45:27.410+02:00,24.88,8.87,-0.44,5.77,-0.1,-0.08,0.01,35.07,1767
2026-08-25T20:45:28.407+02:00,24.94,9.26,0.08,5.87,-0.1,-0.08,0.01,35.07,1751
2026-08-25T20:45:29.407+02:00,24.94,9.23,-0.11,5.83,-0.11,-0.08,0.0,35.17,1683
2026-08-25T20:45:30.408+02:00,24.94,8.94,-0.57,5.83,-0.1,-0.08,0.01,35.07,1968
2026-08-25T20:45:31.406+02:00,24.94,9.14,-0.03,5.86,-0.1,-0.08,0.01,34.98,1919
2026-08-25T20:45:32.408+02:00,24.94,9.07,-0.35,5.73,-0.1,-0.08,0.01,35.12,1831
2026-08-25T20:45:33.406+02:00,24.94,9.22,-0.09,5.82,-0.11,-0.08,0.0,35.02,1816
2026-08-25T20:45:34.405+02:00,24.94,8.93,-0.52,5.79,-0.1,-0.08,0.01,35.12,2155
2026-08-25T20:45:36.257+02:00,24.94,8.96,-0.44,5.78,-0.1,-0.09,0.01,35.02,1695
2026-08-25T20:45:37.261+02:00,24.94,8.9,-0.44,5.84,-0.1,-0.08,0.01,35.21,2015
2026-08-25T20:45:38.258+02:00,24.94,9.19,0.08,5.93,-0.1,-0.08,0.01,35.07,2152
2026-08-25T20:45:39.259+02:00,24.94,8.99,-0.56,5.6,-0.1,-0.08,0.0,35.17,2169
2026-08-25T20:45:40.262+02:00,24.94,9.17,-0.18,5.91,-0.1,-0.08,0.01,35.17,1967
2026-08-25T20:45:41.259+02:00,24.94,8.99,-0.32,5.82,-0.1,-0.08,0.01,35.21,1930
2026-08-25T20:45:42.257+02:00,24.94,9.14,-0.24,5.7,-0.11,-0.08,0.0,35.21,1762
2026-08-25T20:45:43.258+02:00,24.94,9.17,-0.13,5.9,-0.1,-0.08,0.01,35.21,2238
2026-08-25T20:45:44.256+02:00,24.94,8.92,-0.37,5.82,-0.1,-0.08,0.02,35.21,2083
2026-08-25T20:45:45.256+02:00,24.94,9.21,0.06,5.88,-0.1,-0.08,0.01,35.17,1823
2026-08-25T20:45:46.257+02:00,24.94,9.03,-0.44,5.79,-0.1,-0.08,0.01,35.17,1615
2026-08-25T20:45:47.255+02:00,24.94,9.05,-0.21,5.78,-0.1,-0.08,0.01,35.17,1837
2026-08-25T20:45:48.256+02:00,24.94,8.98,-0.28,5.77,-0.1,-0.08,0.01,35.17,2091
2026-08-25T20:45:49.255+02:00,24.94,9.05,-0.39,5.73,-0.1,-0.08,0.0,35.26,2141
2026-08-25T20:45:50.256+02:00,25.0,8.96,-0.5,5.68,-0.1,-0.08,0.01,35.17,2271
2026-08-25T20:45:51.256+02:00,24.94,9.2,0.03,5.95,-0.1,-0.08,0.01,35.07,2177
2026-08-25T20:45:52.255+02:00,25.0,9.0,-0.25,5.77,-0.1,-0.08,0.01,35.17,2155
2026-08-25T20:45:53.255+02:00,25.0,9.11,-0.38,5.73,-0.1,-0.08,0.0,35.07,2205
2026-08-25T20:45:54.255+02:00,25.0,9.12,-0.19,5.97,-0.1,-0.08,0.01,35.21,2189
2026-08-25T20:45:55.254+02:00,24.94,8.86,-0.44,5.75,-0.1,-0.08,0.01,35.21,1962
2026-08-25T20:45:56.253+02:00,25.0,9.34,0.09,5.78,-0.11,-0.08,0.0,35.12,1884
2026-08-25T20:45:57.253+02:00,24.94,9.05,-0.5,5.75,-0.1,-0.09,0.0,35.17,2239
2026-08-25T20:45:58.253+02:00,24.94,9.11,-0.08,5.9,-0.1,-0.08,0.01,35.17,2143
2026-08-25T20:45:59.255+02:00,24.94,8.94,-0.33,5.82,-0.1,-0.08,0.01,35.17,2280
2026-08-25T20:46:00.252+02:00,24.94,9.18,-0.14,5.91,-0.1,-0.08,-0.0,35.21,1718
2026-08-25T20:46:01.252+02:00,25.0,8.92,-0.52,5.87,-0.1,-0.08,0.01,35.21,1783
2026-08-25T20:46:02.252+02:00,25.0,9.07,-0.09,5.83,-0.1,-0.08,0.01,35.21,2098
2026-08-25T20:46:03.251+02:00,25.0,9.04,-0.32,5.7,-0.03,-0.03,-0.03,35.77,2009
2026-08-25T20:46:04.251+02:00,24.94,9.22,-0.02,5.82,-0.0,-0.0,-0.0,36.53,1742
2026-08-25T20:46:06.244+02:00,25.0,9.09,-0.22,5.76,-0.11,-0.08,0.01,35.21,3435
2026-08-25T20:46:07.246+02:00,25.0,9.16,-0.11,5.8,-0.1,-0.08,0.0,35.12,2123
2026-08-25T20:46:08.246+02:00,24.94,8.9,-0.45,5.88,-0.1,-0.08,0.01,35.31,2363
2026-08-25T20:46:09.245+02:00,25.0,9.13,-0.01,5.82,-0.1,-0.08,0.01,35.26,2390
2026-08-25T20:46:10.245+02:00,25.0,8.99,-0.4,5.73,-0.1,-0.08,0.0,35.26,2002
2026-08-25T20:46:11.245+02:00,25.0,9.15,-0.11,5.79,-0.1,-0.08,0.01,35.26,1690
2026-08-25T20:46:12.244+02:00,25.0,8.92,-0.33,5.85,-0.1,-0.08,0.01,35.17,1964
2026-08-25T20:46:13.244+02:00,25.0,9.22,-0.07,5.75,-0.1,-0.08,0.01,35.26,1955
2026-08-25T20:46:14.244+02:00,25.0,9.17,-0.24,5.71,-0.1,-0.08,0.01,35.31,1712
2026-08-25T20:46:15.243+02:00,25.0,9.16,-0.07,5.86,-0.1,-0.08,0.01,35.26,1743
2026-08-25T20:46:16.252+02:00,25.0,9.19,0.05,5.93,-0.1,-0.08,0.01,35.26,1887
2026-08-25T20:46:17.243+02:00,25.0,9.03,-0.34,5.6,-0.1,-0.08,0.0,35.26,1803
2026-08-25T20:46:18.242+02:00,25.0,9.22,-0.04,5.81,-0.1,-0.08,0.01,35.17,1844
2026-08-25T20:46:19.243+02:00,25.0,8.93,-0.42,5.81,-0.1,-0.08,0.01,35.31,1746
2026-08-25T20:46:20.242+02:00,25.0,9.0,-0.18,5.77,-0.1,-0.08,0.01,35.26,2134
2026-08-25T20:46:21.242+02:00,25.0,9.17,-0.18,5.87,-0.11,-0.08,0.0,35.31,2153
2026-08-25T20:46:22.242+02:00,25.0,8.97,-0.58,5.79,-0.1,-0.08,0.01,35.31,2084
2026-08-25T20:46:23.241+02:00,25.0,9.21,-0.07,5.92,-0.1,-0.08,0.01,35.26,1887
2026-08-25T20:46:24.240+02:00,25.0,9.09,-0.29,5.77,-0.11,-0.08,0.01,35.26,2083
2026-08-25T20:46:25.240+02:00,25.0,9.15,-0.3,5.68,-0.1,-0.08,0.01,35.35,1909
2026-08-25T20:46:26.240+02:00,25.0,9.01,-0.23,5.89,-0.1,-0.08,0.01,35.26,1876
2026-08-25T20:46:27.239+02:00,25.0,9.02,-0.33,5.73,-0.1,-0.08,0.01,35.26,1827
2026-08-25T20:46:28.240+02:00,25.0,9.14,-0.14,5.75,-0.1,-0.08,0.0,35.21,1658
2026-08-25T20:46:29.239+02:00,25.0,9.0,-0.43,5.78,-0.1,-0.08,0.01,35.31,1776
2026-08-25T20:46:30.239+02:00,25.0,9.03,-0.2,5.88,-0.1,-0.08,0.01,35.35,2319
2026-08-25T20:46:31.239+02:00,25.0,9.07,-0.09,5.79,-0.1,-0.08,0.01,35.35,2024
2026-08-25T20:46:32.239+02:00,25.0,9.09,-0.31,5.86,-0.1,-0.08,0.01,35.35,1690
2026-08-25T20:46:33.240+02:00,25.0,9.01,-0.19,5.9,-0.1,-0.08,0.01,35.31,1995
2026-08-25T20:46:34.238+02:00,25.06,8.93,-0.3,5.84,-0.1,-0.08,0.01,35.26,2196
2026-08-25T20:46:36.234+02:00,25.0,9.19,0.02,5.83,-0.0,-0.0,-0.0,36.53,1981
2026-08-25T20:46:37.236+02:00,25.0,9.07,-0.07,5.85,-0.1,-0.08,0.01,35.35,6231
2026-08-25T20:46:38.236+02:00,25.0,8.94,-0.31,5.76,-0.1,-0.08,0.01,35.35,1913
2026-08-25T20:46:39.236+02:00,25.0,9.22,-0.03,5.86,-0.1,-0.08,0.0,35.26,1823
2026-08-25T20:46:40.236+02:00,25.06,8.58,-0.31,-0.62,-0.14,-0.27,-0.27,33.5,1516
2026-08-25T20:46:41.235+02:00,25.06,9.14,-0.1,5.82,-0.1,-0.09,0.01,35.35,1877
2026-08-25T20:46:42.235+02:00,25.06,9.11,-0.1,5.83,-0.1,-0.08,0.01,35.4,1919
2026-08-25T20:46:43.235+02:00,25.0,9.13,-0.16,5.89,-0.1,-0.08,0.0,35.35,2056
2026-08-25T20:46:44.235+02:00,25.06,8.95,-0.31,5.87,-0.1,-0.08,0.01,35.4,2027
2026-08-25T20:46:45.234+02:00,25.06,9.17,-0.08,5.86,-0.1,-0.08,0.01,35.35,1740
2026-08-25T20:46:46.234+02:00,25.0,8.99,-0.5,5.69,-0.1,-0.08,0.01,35.45,1917
2026-08-25T20:46:47.234+02:00,25.06,9.22,0.03,5.88,-0.1,-0.08,0.01,35.31,1902
2026-08-25T20:46:48.233+02:00,25.06,8.89,-0.45,5.7,-0.1,-0.08,0.02,35.4,1935
2026-08-25T20:46:49.233+02:00,25.06,9.26,0.03,5.85,-0.1,-0.08,0.0,35.4,1408
2026-08-25T20:46:50.234+02:00,25.06,9.15,-0.47,5.73,-0.11,-0.08,0.01,35.4,2002
2026-08-25T20:46:51.232+02:00,25.06,9.12,-0.14,5.88,-0.1,-0.08,0.01,35.35,2609
2026-08-25T20:46:52.232+02:00,25.06,8.88,-0.38,5.75,-0.1,-0.08,0.01,35.35,2004
2026-08-25T20:46:53.232+02:00,25.06,9.29,0.08,5.86,-0.11,-0.08,0.0,35.35,1541
2026-08-25T20:46:54.232+02:00,25.06,9.01,-0.52,5.68,-0.1,-0.08,0.01,35.35,1564
2026-08-25T20:46:55.231+02:00,25.06,9.09,-0.21,6.02,-0.1,-0.08,0.01,35.4,1634
2026-08-25T20:46:56.231+02:00,25.06,9.05,-0.17,5.82,-0.1,-0.08,0.01,35.4,1743
2026-08-25T20:46:57.232+02:00,25.06,9.01,-0.43,5.7,-0.1,-0.08,0.0,35.4,1432
2026-08-25T20:46:58.230+02:00,25.06,9.25,-0.01,5.83,-0.1,-0.08,0.01,35.35,1463
2026-08-25T20:46:59.230+02:00,25.06,8.9,-0.5,5.76,-0.1,-0.08,0.01,35.45,1838
2026-08-25T20:47:00.230+02:00,25.06,9.22,0.06,5.88,-0.1,-0.08,0.01,35.35,1972
2026-08-25T20:47:01.229+02:00,25.06,9.04,-0.42,5.71,-0.11,-0.08,0.0,35.4,1828
2026-08-25T20:47:02.228+02:00,25.06,9.12,-0.25,5.96,-0.1,-0.08,0.01,35.4,1698
2026-08-25T20:47:03.228+02:00,25.06,8.99,-0.28,5.79,-0.1,-0.08,0.01,35.49,1593
2026-08-25T20:47:04.228+02:00,25.06,9.19,-0.15,5.83,-0.11,-0.08,0.01,35.31,1968
2026-08-25T20:47:06.225+02:00,25.06,9.01,-0.26,5.84,-0.1,-0.08,0.01,35.45,1876
2026-08-25T20:47:07.227+02:00,25.06,9.11,-0.01,5.95,-0.1,-0.08,0.01,35.54,1697
2026-08-25T20:47:08.227+02:00,25.06,8.98,-0.46,5.69,-0.1,-0.08,0.0,35.54,1933
2026-08-25T20:47:09.227+02:00,25.06,9.26,-0.01,5.98,-0.1,-0.08,0.01,35.45,1922
2026-08-25T20:47:10.226+02:00,25.06,9.18,-0.04,5.99,-0.1,-0.08,0.01,35.49,1915
2026-08-25T20:47:11.226+02:00,25.06,8.95,-0.38,5.68,-0.1,-0.08,0.01,35.49,1886
2026-08-25T20:47:12.226+02:00,25.06,9.24,0.03,5.92,-0.11,-0.08,0.01,35.49,1962
2026-08-25T20:47:13.225+02:00,25.06,8.93,-0.62,5.72,-0.1,-0.08,0.01,35.49,2014
2026-08-25T20:47:14.225+02:00,25.06,9.15,-0.06,5.84,-0.1,-0.08,0.01,35.49,2304
2026-08-25T20:47:15.228+02:00,25.06,8.98,-0.38,5.68,-0.1,-0.08,0.01,35.45,2241
2026-08-25T20:47:16.224+02:00,25.12,9.3,0.06,5.88,-0.1,-0.08,0.01,35.4,1982
2026-08-25T20:47:17.224+02:00,25.06,8.86,-0.52,5.83,-0.1,-0.08,0.02,35.45,1609
2026-08-25T20:47:18.224+02:00,25.06,9.14,-0.03,5.82,-0.1,-0.08,0.01,35.4,1988
2026-08-25T20:47:19.224+02:00,25.06,9.06,-0.28,5.73,-0.11,-0.08,0.0,35.49,1692
2026-08-25T20:47:20.224+02:00,25.06,9.08,-0.28,5.74,-0.1,-0.08,0.01,35.49,1670
2026-08-25T20:47:21.223+02:00,25.12,9.11,-0.19,5.89,-0.1,-0.08,0.01,35.4,1620
2026-08-25T20:47:22.223+02:00,25.06,9.03,-0.3,5.67,-0.1,-0.08,0.0,35.45,1940
2026-08-25T20:47:23.222+02:00,25.06,9.25,-0.07,5.77,-0.1,-0.08,0.0,35.45,1949
2026-08-25T20:47:24.222+02:00,25.06,8.89,-0.49,5.74,-0.1,-0.09,0.01,35.49,1902
2026-08-25T20:47:25.222+02:00,25.06,9.09,-0.18,5.86,-0.1,-0.08,0.01,35.49,1841
2026-08-25T20:47:26.222+02:00,25.06,9.11,-0.28,5.72,-0.1,-0.08,0.0,35.49,1993
2026-08-25T20:47:27.221+02:00,25.06,9.1,-0.28,5.8,-0.1,-0.09,0.01,35.49,2140
2026-08-25T20:47:28.223+02:00,25.12,9.15,-0.15,5.86,-0.1,-0.08,0.01,35.49,2159
2026-08-25T20:47:29.220+02:00,25.06,8.98,-0.35,5.77,-0.1,-0.08,0.01,35.54,2016
2026-08-25T20:47:30.220+02:00,25.06,9.25,-0.05,5.97,-0.1,-0.08,0.0,35.45,2039
2026-08-25T20:47:31.220+02:00,25.12,9.02,-0.48,5.72,-0.1,-0.08,0.0,35.45,1962
2026-08-25T20:47:32.220+02:00,25.12,9.04,-0.36,5.85,-0.1,-0.08,0.01,35.4,2097
2026-08-25T20:47:33.219+02:00,25.12,9.17,0.03,5.86,-0.11,-0.08,0.01,35.49,2044
2026-08-25T20:47:34.219+02:00,25.12,9.05,-0.48,5.69,-0.1,-0.08,0.0,35.49,1896
2026-08-25T20:47:36.124+02:00,25.12,9.14,-0.28,5.82,-0.1,-0.08,0.01,35.45,2577
2026-08-25T20:47:37.124+02:00,25.12,8.99,-0.28,5.74,-0.1,-0.08,0.01,35.45,8206
2026-08-25T20:47:38.124+02:00,25.12,9.27,0.03,5.81,-0.1,-0.08,0.01,35.49,1832
2026-08-25T20:47:39.123+02:00,25.12,8.96,-0.52,5.64,-0.1,-0.08,0.01,35.49,1953
2026-08-25T20:47:40.123+02:00,25.12,9.14,-0.11,5.91,-0.1,-0.08,0.01,35.49,1922
2026-08-25T20:47:41.123+02:00,25.12,8.98,-0.21,5.87,-0.1,-0.08,0.01,35.45,1811
2026-08-25T20:47:42.123+02:00,25.12,9.14,-0.21,5.71,-0.1,-0.08,0.01,35.54,1827
2026-08-25T20:47:43.122+02:00,25.12,9.2,0.0,5.86,-0.1,-0.08,0.01,35.45,13191
2026-08-25T20:47:44.122+02:00,25.06,8.84,-0.53,5.8,-0.1,-0.08,0.01,35.49,1901
2026-08-25T20:47:45.122+02:00,25.12,9.02,-0.22,5.85,-0.1,-0.08,0.01,35.59,1837
2026-08-25T20:47:46.122+02:00,25.06,9.28,-0.07,5.76,-0.11,-0.08,0.0,35.59,1683
2026-08-25T20:47:47.121+02:00,25.12,8.96,-0.53,5.69,-0.1,-0.08,0.0,35.49,2177
2026-08-25T20:47:48.120+02:00,25.12,9.06,-0.19,5.92,-0.1,-0.08,0.02,35.49,1739
2026-08-25T20:47:49.120+02:00,25.12,9.13,-0.03,5.82,-0.1,-0.08,0.01,35.64,1913
2026-08-25T20:47:50.121+02:00,25.12,9.02,-0.5,5.67,-0.0,-0.0,-0.0,36.53,1514
2026-08-25T20:47:51.120+02:00,25.12,9.15,-0.11,5.8,-0.1,-0.09,0.01,35.54,2017
2026-08-25T20:47:52.120+02:00,25.12,9.06,-0.08,5.89,-0.1,-0.08,0.01,35.49,1960
2026-08-25T20:47:53.119+02:00,25.12,8.92,-0.31,5.74,-0.1,-0.08,0.01,35.59,1879
2026-08-25T20:47:54.119+02:00,25.12,9.1,-0.3,5.8,-0.11,-0.08,0.01,35.59,1840
2026-08-25T20:47:55.118+02:00,25.12,9.19,0.04,5.91,-0.1,-0.08,0.0,35.54,2031
2026-08-25T20:47:56.118+02:00,25.12,8.99,-0.4,5.74,-0.1,-0.08,0.01,35.54,1859
2026-08-25T20:47:57.118+02:00,25.12,9.06,-0.16,5.83,-0.1,-0.08,0.01,35.54,1934
2026-08-25T20:47:58.118+02:00,25.12,9.2,-0.06,5.86,-0.11,-0.08,0.01,35.54,1752
2026-08-25T20:47:59.582+02:00,25.12,0.0,0.0,0.0,0.0,0.0,0.0,0.0,2167
2026-08-25T20:48:00.117+02:00,25.12,8.96,-0.4,5.73,-0.1,-0.08,0.01,35.54,1850
2026-08-25T20:48:01.116+02:00,25.12,9.2,0.02,5.83,-0.1,-0.08,0.01,35.54,1794
2026-08-25T20:48:02.116+02:00,25.12,9.11,-0.21,5.79,-0.1,-0.08,0.0,35.54,2108
2026-08-25T20:48:03.116+02:00,25.12,8.92,-0.57,5.83,-0.1,-0.08,0.01,35.59,1809
2026-08-25T20:48:04.131+02:00,25.12,9.02,-0.16,5.98,-0.1,-0.08,0.01,35.59,1954
2026-08-25T20:48:05.115+02:00,25.12,9.21,-0.04,5.82,-0.1,-0.08,0.01,35.59,1893
2026-08-25T20:48:06.206+02:00,25.19,9.0,-0.34,5.85,-0.1,-0.08,0.01,35.59,2332
2026-08-25T20:48:07.208+02:00,25.12,8.96,-0.35,5.78,-0.1,-0.08,0.01,35.59,2363
2026-08-25T20:48:08.208+02:00,25.12,9.0,-0.35,5.69,-0.1,-0.08,0.01,35.59,2785
2026-08-25T20:48:09.208+02:00,25.12,9.15,-0.23,5.71,-0.1,-0.08,0.0,35.64,2169
2026-08-25T20:48:10.208+02:00,25.12,9.13,-0.11,5.83,-0.1,-0.08,0.02,35.54,1868
2026-08-25T20:48:11.208+02:00,25.12,9.16,-0.06,5.89,-0.1,-0.08,0.01,35.54,2179
2026-08-25T20:48:12.207+02:00,25.12,9.08,-0.26,5.7,-0.1,-0.08,0.01,35.64,2348
2026-08-25T20:48:13.207+02:00,25.12,9.02,-0.52,5.72,-0.1,-0.08,0.0,35.64,1869
2026-08-25T20:48:14.206+02:00,25.12,9.04,-0.33,5.85,-0.1,-0.09,0.01,35.64,1945
2026-08-25T20:48:15.207+02:00,25.12,9.0,-0.36,5.83,-0.1,-0.08,0.01,35.59,1958
2026-08-25T20:48:16.206+02:00,25.12,9.19,0.0,5.88,-0.1,-0.08,0.01,35.59,1747
2026-08-25T20:48:17.206+02:00,25.12,9.02,-0.42,5.71,-0.1,-0.08,0.0,35.59,1976
2026-08-25T20:48:18.205+02:00,25.12,8.98,-0.43,5.87,-0.1,-0.08,0.01,35.59,1933
2026-08-25T20:48:19.222+02:00,25.19,9.2,-0.01,5.89,-0.1,-0.08,0.01,35.59,1992
2026-08-25T20:48:20.204+02:00,25.12,9.02,-0.32,5.66,-0.11,-0.08,0.0,35.73,2169
2026-08-25T20:48:21.204+02:00,25.12,9.21,-0.13,5.85,-0.11,-0.08,0.0,35.73,2244
2026-08-25T20:48:22.204+02:00,25.12,9.05,-0.3,5.86,-0.1,-0.08,0.01,35.73,1874
2026-08-25T20:48:23.204+02:00,25.12,8.91,-0.37,5.81,-0.1,-0.08,0.01,35.59,2023
2026-08-25T20:48:24.204+02:00,25.12,9.3,-0.02,5.85,-0.1,-0.08,0.0,35.59,2342
2026-08-25T20:48:25.203+02:00,25.12,9.08,-0.36,5.73,-0.1,-0.08,0.01,35.68,2113
2026-08-25T20:48:26.203+02:00,25.12,8.9,-0.49,5.82,-0.1,-0.08,0.01,35.59,1805
2026-08-25T20:48:27.203+02:00,25.12,9.15,-0.01,5.87,-0.1,-0.08,0.01,35.68,1744
2026-08-25T20:48:28.203+02:00,25.12,9.0,-0.45,5.64,-0.1,-0.08,0.0,35.73,2117
2026-08-25T20:48:29.202+02:00,25.19,9.11,-0.09,5.77,-0.1,-0.08,0.01,35.64,1993
2026-08-25T20:48:30.202+02:00,25.12,9.12,-0.13,5.86,-0.1,-0.08,0.01,35.64,1944
2026-08-25T20:48:31.202+02:00,25.12,8.94,-0.4,5.76,-0.1,-0.08,0.01,35.78,1785
2026-08-25T20:48:32.201+02:00,25.19,9.13,-0.2,5.86,-0.1,-0.08,0.01,35.68,1950
2026-08-25T20:48:33.200+02:00,25.12,9.17,-0.14,5.77,-0.1,-0.09,0.01,35.68,2012
2026-08-25T20:48:34.200+02:00,25.19,8.86,-0.51,5.76,-0.1,-0.08,0.01,35.68,2149
2026-08-25T20:48:36.197+02:00,25.12,9.18,-0.11,5.94,-0.1,-0.08,0.0,35.64,1892
2026-08-25T20:48:37.199+02:00,25.19,8.94,-0.53,5.89,-0.1,-0.08,0.01,35.64,1797
2026-08-25T20:48:38.199+02:00,25.19,9.17,-0.08,5.97,-0.1,-0.08,0.01,35.64,1884
2026-08-25T20:48:39.199+02:00,25.19,9.13,-0.23,5.69,-0.1,-0.08,0.01,35.73,1959
2026-08-25T20:48:40.199+02:00,25.12,9.04,-0.43,5.77,-0.1,-0.09,0.01,35.64,1929
2026-08-25T20:48:41.198+02:00,25.19,9.1,-0.13,5.9,-0.1,-0.08,0.01,35.73,1851
2026-08-25T20:48:42.198+02:00,25.19,8.96,-0.35,5.7,-0.1,-0.08,0.01,35.68,1844
2026-08-25T20:48:43.198+02:00,25.19,9.22,-0.07,5.72,-0.11,-0.08,0.01,35.59,2055
2026-08-25T20:48:44.197+02:00,25.19,9.2,-0.23,5.72,-0.1,-0.08,0.01,35.68,1743
2026-08-25T20:48:45.197+02:00,25.12,8.89,-0.57,5.83,-0.1,-0.08,0.01,35.64,2018
2026-08-25T20:48:46.197+02:00,25.12,9.2,-0.05,5.98,-0.1,-0.08,0.01,35.82,2084
2026-08-25T20:48:47.196+02:00,25.19,9.1,-0.49,5.75,-0.1,-0.08,0.0,35.73,2276
2026-08-25T20:48:48.196+02:00,25.19,9.13,-0.2,5.85,-0.1,-0.09,0.01,35.73,1778
2026-08-25T20:48:49.196+02:00,25.19,8.99,-0.17,5.8,-0.1,-0.08,0.01,35.64,2089
2026-08-25T20:48:50.195+02:00,25.19,9.0,-0.23,5.76,-0.1,-0.08,0.01,35.73,2104
2026-08-25T20:48:51.195+02:00,25.19,9.11,-0.19,5.81,-0.11,-0.08,0.0,35.73,1983
2026-08-25T20:48:52.195+02:00,25.19,8.94,-0.44,5.87,-0.1,-0.09,0.01,35.73,1839
2026-08-25T20:48:53.194+02:00,25.19,9.01,-0.33,5.89,-0.1,-0.08,0.01,35.68,1822
2026-08-25T20:48:54.194+02:00,25.19,9.19,-0.05,5.81,-0.1,-0.08,0.01,35.59,1898
2026-08-25T20:48:55.194+02:00,25.19,9.02,-0.49,5.83,-0.1,-0.08,0.01,35.73,1715
2026-08-25T20:48:56.193+02:00,25.19,9.13,-0.12,5.88,-0.1,-0.08,0.01,35.73,1586
2026-08-25T20:48:57.193+02:00,25.19,8.88,-0.33,5.78,-0.1,-0.08,0.01,35.73,1345
2026-08-25T20:48:58.196+02:00,25.19,9.29,0.05,5.72,-0.1,-0.08,-0.0,35.73,1616
2026-08-25T20:48:59.192+02:00,25.19,8.99,-0.46,5.72,-0.1,-0.08,0.01,35.73,1960
2026-08-25T20:49:00.192+02:00,25.19,9.11,-0.05,5.93,-0.1,-0.08,0.01,35.59,1703
2026-08-25T20:49:01.192+02:00,25.19,8.96,-0.31,5.71,-0.1,-0.08,0.01,35.78,1774
2026-08-25T20:49:02.192+02:00,25.19,9.15,-0.03,5.76,-0.1,-0.08,0.0,35.68,1908
2026-08-25T20:49:03.191+02:00,25.19,9.03,-0.3,5.73,-0.1,-0.08,0.01,35.78,1777
2026-08-25T20:49:04.191+02:00,25.19,8.92,-0.42,5.78,-0.1,-0.08,0.01,35.68,1892
2026-08-25T20:49:06.188+02:00,25.19,9.06,-0.33,5.73,-0.11,-0.08,0.0,35.73,2250
2026-08-25T20:49:07.190+02:00,25.19,8.97,-0.45,5.91,-0.09,-0.09,0.01,35.73,2060
2026-08-25T20:49:08.190+02:00,25.19,9.1,0.03,5.83,-0.1,-0.08,0.01,35.73,1907
2026-08-25T20:49:09.190+02:00,25.19,9.08,-0.32,5.68,-0.1,-0.08,0.0,35.73,1648
2026-08-25T20:49:10.189+02:00,25.19,9.18,-0.14,5.81,-0.1,-0.08,0.01,35.68,1768
2026-08-25T20:49:11.189+02:00,25.19,9.06,-0.25,5.9,-0.1,-0.08,0.01,35.68,1777
2026-08-25T20:49:12.192+02:00,25.19,8.9,-0.41,5.77,-0.1,-0.09,0.01,35.68,1964
2026-08-25T20:49:13.188+02:00,25.19,9.19,0.02,5.87,-0.1,-0.08,0.01,35.68,1694
2026-08-25T20:49:14.188+02:00,25.19,9.06,-0.24,5.83,-0.1,-0.08,0.0,35.64,1452
2026-08-25T20:49:15.188+02:00,25.19,8.91,-0.37,5.93,-0.1,-0.09,0.01,35.68,1742
2026-08-25T20:49:16.187+02:00,25.19,9.09,-0.09,5.79,-0.1,-0.08,0.01,35.73,2076
2026-08-25T20:49:17.187+02:00,25.19,9.08,-0.3,5.78,-0.1,-0.09,0.0,35.73,1626
2026-08-25T20:49:18.187+02:00,25.19,9.12,-0.13,5.82,-0.1,-0.08,0.01,35.64,1913
2026-08-25T20:49:19.186+02:00,25.19,8.96,-0.36,5.81,-0.1,-0.08,0.01,35.68,2041
2026-08-25T20:49:20.186+02:00,25.19,9.28,0.05,5.86,-0.1,-0.08,0.01,35.78,1720
2026-08-25T20:49:21.186+02:00,25.19,9.06,-0.41,5.79,-0.1,-0.08,0.0,35.68,1718
2026-08-25T20:49:22.185+02:00,25.19,8.93,-0.43,5.78,-0.1,-0.08,0.01,35.68,1674
2026-08-25T20:49:23.185+02:00,25.19,9.15,-0.06,5.87,-0.1,-0.08,0.02,35.73,1681
2026-08-25T20:49:24.184+02:00,25.19,8.98,-0.3,5.7,-0.1,-0.08,0.01,35.87,1699
2026-08-25T20:49:25.184+02:00,25.25,9.22,-0.09,5.75,-0.11,-0.08,0.01,35.82,1607
2026-08-25T20:49:26.184+02:00,25.25,9.0,-0.36,5.89,-0.1,-0.08,0.01,35.73,1714
2026-08-25T20:49:27.184+02:00,25.19,8.96,-0.35,5.76,-0.1,-0.08,0.01,35.73,1750
2026-08-25T20:49:28.184+02:00,25.25,9.3,0.04,5.88,-0.11,-0.08,0.01,35.73,1735
2026-08-25T20:49:29.183+02:00,25.25,9.13,-0.29,5.86,-0.1,-0.08,0.01,35.82,1894
2026-08-25T20:49:30.183+02:00,25.19,8.88,-0.53,5.79,-0.09,-0.09,0.01,35.73,2022
2026-08-25T20:49:31.183+02:00,25.19,8.9,-0.4,5.71,-0.1,-0.08,0.01,35.78,1781
2026-08-25T20:49:32.182+02:00,25.19,9.22,-0.09,5.88,-0.1,-0.08,0.0,35.68,2029
2026-08-25T20:49:33.182+02:00,25.19,9.21,-0.1,5.81,-0.1,-0.08,0.01,35.68,2037
2026-08-25T20:49:34.182+02:00,25.25,8.9,-0.53,5.9,-0.09,-0.08,0.01,35.73,1678
2026-08-25T20:49:36.177+02:00,25.19,9.03,-0.41,5.83,-0.1,-0.08,0.0,35.78,1830
2026-08-25T20:49:37.180+02:00,25.25,9.2,-0.03,5.82,-0.1,-0.08,0.01,35.82,2132
2026-08-25T20:49:38.179+02:00,25.19,9.06,-0.23,5.8,-0.1,-0.08,0.02,35.82,1463
2026-08-25T20:49:39.179+02:00,25.19,8.98,-0.32,5.71,-0.1,-0.08,0.01,35.78,1670
2026-08-25T20:49:40.179+02:00,25.19,9.22,-0.04,5.91,-0.1,-0.09,0.0,35.78,1762
2026-08-25T20:49:41.179+02:00,25.25,9.15,-0.2,5.8,-0.1,-0.08,0.01,35.87,1827
2026-08-25T20:49:42.178+02:00,25.25,8.85,-0.45,5.78,-0.1,-0.08,0.01,35.87,1365
2026-08-25T20:49:43.178+02:00,25.25,9.06,-0.26,5.89,-0.1,-0.08,0.01,35.87,1680
2026-08-25T20:49:44.178+02:00,25.25,9.22,-0.04,5.89,-0.11,-0.08,0.0,35.87,2492
2026-08-25T20:49:45.177+02:00,25.25,9.16,-0.17,5.8,-0.1,-0.08,0.0,35.82,2150
2026-08-25T20:49:46.180+02:00,25.25,8.89,-0.5,5.66,-0.1,-0.08,0.01,35.82,1735
2026-08-25T20:49:47.176+02:00,25.25,9.07,-0.13,5.77,-0.1,-0.08,0.01,35.82,1788
2026-08-25T20:49:48.176+02:00,25.25,9.25,-0.02,5.84,-0.1,-0.08,0.0,35.82,1887
2026-08-25T20:49:49.176+02:00,25.25,9.12,-0.24,5.74,-0.1,-0.09,0.01,35.78,2075
2026-08-25T20:49:50.176+02:00,25.25,8.96,-0.41,5.84,-0.1,-0.08,0.02,35.87,1664
2026-08-25T20:49:51.175+02:00,25.25,9.04,-0.23,5.87,-0.1,-0.08,0.01,35.87,1870
2026-08-25T20:49:52.175+02:00,25.25,9.23,-0.03,5.84,-0.11,-0.08,0.0,35.87,2332
2026-08-25T20:49:53.175+02:00,25.25,9.12,-0.21,5.76,-0.1,-0.08,0.01,35.78,1905
2026-08-25T20:49:54.175+02:00,25.25,8.94,-0.45,5.83,-0.1,-0.08,0.01,35.97,1551
2026-08-25T20:49:55.174+02:00,25.25,9.19,-0.09,5.84,-0.1,-0.08,0.01,35.97,1856
2026-08-25T20:49:56.174+02:00,25.25,9.2,-0.17,5.77,-0.1,-0.08,0.0,35.82,1678
2026-08-25T20:49:57.173+02:00,25.25,8.98,-0.49,5.75,-0.1,-0.09,0.01,35.92,1820
2026-08-25T20:49:58.173+02:00,25.25,8.99,-0.28,5.77,-0.1,-0.09,0.01,35.92,1535
2026-08-25T20:49:59.173+02:00,25.25,9.11,-0.01,5.83,-0.1,-0.08,0.01,35.92,1661
2026-08-25T20:50:00.172+02:00,25.25,9.17,-0.19,5.77,-0.1,-0.08,-0.0,35.92,1788
2026-08-25T20:50:01.172+02:00,25.25,8.94,-0.58,5.73,-0.1,-0.08,0.01,35.92,2081
2026-08-25T20:50:02.172+02:00,25.25,9.06,-0.26,5.89,-0.1,-0.08,0.01,35.87,1528
2026-08-25T20:50:03.171+02:00,25.25,9.2,0.06,5.88,-0.1,-0.08,0.01,35.97,1705
2026-08-25T20:50:04.171+02:00,25.25,9.04,-0.39,5.73,-0.1,-0.08,0.0,35.97,1890
2026-08-25T20:50:06.171+02:00,25.25,8.93,-0.43,5.81,-0.1,-0.08,0.01,36.06,2142
2026-08-25T20:50:07.171+02:00,25.25,9.21,-0.02,5.66,-0.1,-0.08,0.01,35.92,1665
2026-08-25T20:50:08.170+02:00,25.25,8.94,-0.57,5.7,-0.1,-0.08,0.0,36.01,2056
2026-08-25T20:50:09.170+02:00,25.25,9.07,-0.24,5.89,-0.1,-0.08,0.01,35.97,1940
2026-08-25T20:50:10.169+02:00,25.25,9.07,-0.13,5.86,-0.1,-0.08,0.01,35.92,2232
2026-08-25T20:50:11.169+02:00,25.25,8.91,-0.35,5.69,-0.11,-0.08,0.01,36.01,1795
2026-08-25T20:50:12.169+02:00,25.25,9.23,0.01,5.83,-0.1,-0.08,0.0,35.92,1794
2026-08-25T20:50:13.170+02:00,25.25,8.95,-0.4,5.8,-0.1,-0.08,0.01,36.01,1941
2026-08-25T20:50:14.168+02:00,25.31,9.0,-0.23,5.86,-0.1,-0.08,0.01,36.01,1845
2026-08-25T20:50:15.168+02:00,25.25,9.12,-0.18,5.75,-0.1,-0.08,0.0,35.92,1377
2026-08-25T20:50:16.167+02:00,25.31,9.07,-0.28,5.87,-0.1,-0.08,0.01,35.92,1740
2026-08-25T20:50:17.167+02:00,25.25,8.91,-0.48,5.77,-0.1,-0.08,0.01,35.97,1919
2026-08-25T20:50:18.167+02:00,25.25,9.18,-0.02,5.87,-0.1,-0.08,0.01,35.97,1820
2026-08-25T20:50:19.169+02:00,25.31,8.96,-0.39,5.65,-0.11,-0.08,0.0,36.01,1705
2026-08-25T20:50:20.167+02:00,25.31,9.13,-0.16,5.76,-0.1,-0.09,0.0,35.87,1783
2026-08-25T20:50:21.166+02:00,25.25,9.11,-0.14,5.78,-0.1,-0.08,0.01,36.01,2112
2026-08-25T20:50:22.166+02:00,25.31,8.95,-0.27,5.74,-0.1,-0.08,0.01,36.01,1925
2026-08-25T20:50:23.165+02:00,25.25,9.23,0.0,5.88,-0.1,-0.08,0.0,36.01,1736
2026-08-25T20:50:24.165+02:00,25.25,9.02,-0.42,5.8,-0.1,-0.08,0.01,36.01,1685
2026-08-25T20:50:25.164+02:00,25.31,8.96,-0.3,5.85,-0.1,-0.08,0.01,36.01,1848
2026-08-25T20:50:26.164+02:00,25.25,9.24,0.01,5.85,-0.1,-0.08,0.01,36.06,1823
2026-08-25T20:50:27.164+02:00,25.25,9.05,-0.51,5.69,-0.1,-0.08,0.0,36.06,1948
2026-08-25T20:50:28.164+02:00,25.25,9.04,-0.39,5.76,-0.1,-0.08,0.01,35.97,1604
2026-08-25T20:50:29.164+02:00,25.31,9.15,-0.07,5.88,-0.1,-0.08,0.01,36.06,1492
2026-08-25T20:50:30.164+02:00,25.31,9.05,-0.26,5.68,-0.1,-0.08,0.01,36.06,1795
2026-08-25T20:50:31.163+02:00,25.31,9.1,-0.33,5.87,-0.11,-0.08,0.0,36.06,1644
2026-08-25T20:50:32.163+02:00,25.31,9.11,-0.13,5.84,-0.09,-0.08,0.01,35.97,1348
2026-08-25T20:50:33.162+02:00,25.31,8.97,-0.26,5.78,-0.1,-0.08,0.01,35.92,1646
2026-08-25T20:50:34.162+02:00,25.31,9.11,-0.22,5.73,-0.1,-0.08,0.01,36.11,1679
2026-08-25T20:50:36.172+02:00,25.31,9.01,-0.31,5.76,-0.1,-0.08,0.01,36.11,1730
2026-08-25T20:50:37.161+02:00,25.31,8.9,-0.38,5.69,-0.03,-0.03,-0.03,36.52,1888
2026-08-25T20:50:38.160+02:00,25.31,9.2,-0.18,5.85,-0.11,-0.08,0.01,36.11,1674
2026-08-25T20:50:39.160+02:00,25.31,9.22,0.05,5.89,-0.1,-0.08,0.0,36.11,1775
2026-08-25T20:50:40.160+02:00,25.31,8.96,-0.29,5.87,-0.1,-0.08,0.01,36.11,1978
2026-08-25T20:50:41.160+02:00,25.31,8.91,-0.38,5.77,-0.1,-0.08,0.01,36.15,1886
2026-08-25T20:50:42.159+02:00,25.31,9.2,-0.15,5.81,-0.1,-0.08,0.01,36.06,2026
2026-08-25T20:50:43.159+02:00,25.31,9.32,0.02,5.85,-0.11,-0.08,0.0,36.15,2184
2026-08-25T20:50:44.159+02:00,25.31,9.09,-0.19,5.93,-0.1,-0.08,0.01,36.06,1871
2026-08-25T20:50:45.159+02:00,25.31,8.93,-0.23,5.86,-0.1,-0.08,0.01,36.15,2099
2026-08-25T20:50:46.159+02:00,25.31,9.02,-0.31,5.77,-0.1,-0.08,0.01,36.06,1787
2026-08-25T20:50:47.158+02:00,25.31,9.2,-0.09,5.87,-0.1,-0.08,0.01,36.15,1841
2026-08-25T20:50:48.158+02:00,25.31,9.04,-0.12,5.8,-0.1,-0.08,0.01,36.11,1558
2026-08-25T20:50:49.158+02:00,25.31,8.96,-0.12,5.87,-0.1,-0.08,0.01,36.11,1841
2026-08-25T20:50:50.157+02:00,25.31,9.04,-0.33,5.8,-0.1,-0.08,0.0,36.2,1908
2026-08-25T20:50:51.156+02:00,25.31,8.99,-0.42,5.74,-0.1,-0.08,0.01,36.11,1920
2026-08-25T20:50:52.156+02:00,25.31,9.12,-0.22,5.91,-0.1,-0.09,0.01,36.11,1838
2026-08-25T20:50:53.159+02:00,25.31,9.19,0.01,5.95,-0.1,-0.08,0.02,36.2,1864
2026-08-25T20:50:54.156+02:00,25.31,9.23,0.04,5.89,-0.1,-0.08,0.01,36.11,1862
2026-08-25T20:50:55.156+02:00,25.38,9.24,-0.31,-0.62,-0.07,-0.07,-0.07,35.02,2044
2026-08-25T20:50:56.155+02:00,25.31,9.1,-0.14,5.79,-0.1,-0.08,0.01,36.06,1795
2026-08-25T20:50:57.155+02:00,25.31,9.05,-0.26,5.8,-0.09,-0.08,0.01,36.15,1992
2026-08-25T20:50:58.155+02:00,25.31,8.91,-0.32,5.71,-0.1,-0.08,0.01,36.15,2146
2026-08-25T20:50:59.154+02:00,25.31,8.97,-0.47,5.76,-0.1,-0.08,0.0,35.97,1858
2026-08-25T20:51:00.154+02:00,25.31,9.1,-0.44,5.78,-0.1,-0.09,0.01,36.06,1971
2026-08-25T20:51:01.154+02:00,25.31,8.93,-0.42,5.91,-0.1,-0.08,0.01,36.15,1933
2026-08-25T20:51:02.153+02:00,25.31,9.0,-0.24,5.79,-0.1,-0.08,0.01,36.15,1946
2026-08-25T20:51:03.153+02:00,25.31,9.27,-0.06,5.8,-0.1,-0.08,0.0,36.15,1768
2026-08-25T20:51:04.152+02:00,25.31,9.23,-0.05,5.83,-0.1,-0.08,0.01,36.06,1935
2026-08-25T20:51:06.149+02:00,25.31,9.14,-0.08,5.89,-0.1,-0.08,0.02,36.15,1720
2026-08-25T20:51:07.152+02:00,25.31,9.05,-0.3,5.71,-0.1,-0.08,0.01,36.11,1783
2026-08-25T20:51:08.151+02:00,25.31,9.11,-0.2,5.71,-0.1,-0.08,0.01,36.01,1741
2026-08-25T20:51:09.151+02:00,25.38,9.14,-0.09,5.84,-0.09,-0.09,0.01,36.11,1818
2026-08-25T20:51:10.151+02:00,25.38,9.1,-0.09,5.86,-0.1,-0.08,0.01,36.11,5642
2026-08-25T20:51:11.150+02:00,25.38,9.09,-0.17,5.66,-0.1,-0.08,0.01,36.11,1610
2026-08-25T20:51:12.150+02:00,25.31,9.04,-0.53,5.84,-0.1,-0.08,0.01,36.11,1519
2026-08-25T20:51:13.150+02:00,25.31,9.06,-0.3,5.87,-0.1,-0.08,0.01,36.11,1635
2026-08-25T20:51:14.150+02:00,25.38,9.09,-0.05,5.88,-0.1,-0.08,0.01,36.01,1695
2026-08-25T20:51:15.149+02:00,25.31,9.07,-0.16,5.87,-0.1,-0.08,0.01,36.15,1734
2026-08-25T20:51:16.148+02:00,25.31,8.98,-0.5,5.68,-0.1,-0.08,0.0,36.11,1642
2026-08-25T20:51:17.148+02:00,25.31,9.18,-0.03,5.8,-0.1,-0.08,0.01,36.15,2083
2026-08-25T20:51:18.148+02:00,25.31,9.03,-0.22,5.78,-0.09,-0.08,0.01,36.06,1950
2026-08-25T20:51:19.148+02:00,25.38,8.98,-0.24,5.79,-0.1,-0.08,-0.0,36.15,1893
2026-08-25T20:51:20.148+02:00,25.38,9.12,-0.35,5.76,-0.11,-0.08,0.0,36.15,1869
2026-08-25T20:51:21.147+02:00,25.38,9.09,-0.39,5.74,-0.1,-0.08,0.01,36.11,1798
2026-08-25T20:51:22.147+02:00,25.31,8.9,-0.52,5.87,-0.1,-0.08,0.01,36.11,1704
2026-08-25T20:51:23.150+02:00,25.38,8.93,-0.32,5.74,-0.1,-0.08,0.01,36.01,1641
2026-08-25T20:51:24.147+02:00,25.38,9.06,-0.32,5.77,-0.1,-0.08,0.0,36.11,1711
2026-08-25T20:51:25.146+02:00,25.31,9.09,-0.4,5.75,-0.1,-0.08,0.0,36.01,2098
2026-08-25T20:51:26.146+02:00,25.38,9.04,-0.24,5.93,-0.1,-0.08,0.01,36.11,1624
2026-08-25T20:51:27.146+02:00,25.38,9.09,-0.06,5.85,-0.1,-0.08,0.01,36.2,1853
2026-08-25T20:51:28.145+02:00,25.38,9.17,-0.06,5.83,-0.1,-0.08,0.01,36.15,1794
2026-08-25T20:51:29.145+02:00,25.38,9.13,-0.28,5.78,-0.1,-0.08,0.0,36.11,1574
2026-08-25T20:51:30.144+02:00,25.38,9.02,-0.63,5.77,-0.1,-0.08,0.01,36.11,1393
2026-08-25T20:51:31.145+02:00,25.31,9.0,-0.33,5.79,-0.1,-0.08,0.01,36.15,1601
2026-08-25T20:51:32.144+02:00,25.38,9.23,0.08,5.87,-0.1,-0.08,0.0,36.15,2053
2026-08-25T20:51:33.144+02:00,25.31,9.15,-0.24,5.79,-0.11,-0.08,0.0,36.15,1602
2026-08-25T20:51:34.143+02:00,25.38,9.01,-0.52,5.71,-0.1,-0.08,0.01,36.06,1372
2026-08-25T20:51:36.143+02:00,25.38,9.08,-0.11,5.76,-0.1,-0.08,0.01,36.11,1517
2026-08-25T20:51:37.142+02:00,25.38,9.23,-0.06,5.88,-0.11,-0.08,0.0,36.06,1731
2026-08-25T20:51:38.142+02:00,25.38,9.06,-0.24,5.79,-0.1,-0.08,0.01,36.11,2206
2026-08-25T20:51:39.142+02:00,25.38,8.9,-0.46,5.77,-0.09,-0.08,0.01,36.2,1809
2026-08-25T20:51:40.143+02:00,25.38,9.0,-0.25,5.85,-0.1,-0.08,0.01,36.2,2034
2026-08-25T20:51:41.140+02:00,25.38,9.16,-0.13,5.82,-0.1,-0.08,0.0,36.11,2029
2026-08-25T20:51:42.140+02:00,25.38,9.22,0.0,5.86,-0.1,-0.09,0.01,36.2,1926
2026-08-25T20:51:43.140+02:00,25.38,9.05,-0.2,5.71,-0.1,-0.08,0.01,36.2,2366
2026-08-25T20:51:44.139+02:00,25.38,8.89,-0.3,5.64,-0.1,-0.08,0.01,36.2,1912
2026-08-25T20:51:45.140+02:00,25.38,8.97,-0.47,5.75,-0.1,-0.08,0.0,36.25,1518
2026-08-25T20:51:46.139+02:00,25.38,9.15,-0.22,5.82,-0.1,-0.09,0.01,36.25,2068
2026-08-25T20:51:47.138+02:00,25.38,9.11,-0.05,5.88,-0.1,-0.08,0.01,36.25,1887
2026-08-25T20:51:48.139+02:00,25.38,9.12,-0.08,5.8,-0.1,-0.08,0.01,36.15,1698
2026-08-25T20:51:49.138+02:00,25.38,9.1,-0.28,5.7,-0.1,-0.08,0.0,36.25,1581
2026-08-25T20:51:50.137+02:00,25.38,9.03,-0.49,5.68,-0.1,-0.09,0.01,36.25,1713
2026-08-25T20:51:51.137+02:00,25.38,8.95,-0.38,5.84,-0.09,-0.09,0.01,36.25,1687
2026-08-25T20:51:52.136+02:00,25.38,9.08,-0.16,5.82,-0.1,-0.08,0.01,36.25,1889
2026-08-25T20:51:53.136+02:00,25.38,9.3,0.0,5.89,-0.1,-0.03,-0.03,36.25,1713
2026-08-25T20:51:54.137+02:00,25.38,9.2,-0.01,5.78,-0.1,-0.08,0.0,36.25,1833
2026-08-25T20:51:55.136+02:00,25.38,9.0,-0.35,5.88,-0.1,-0.09,0.01,36.29,1947
2026-08-25T20:51:56.136+02:00,25.38,8.9,-0.36,5.72,-0.1,-0.08,0.01,36.2,1888
2026-08-25T20:51:57.136+02:00,25.44,9.17,-0.15,5.75,-0.1,-0.08,0.01,36.25,1772
2026-08-25T20:51:58.135+02:00,25.38,9.24,0.02,5.83,-0.1,-0.08,0.0,36.29,1968
2026-08-25T20:51:59.135+02:00,25.38,9.04,-0.19,5.93,-0.1,-0.08,0.01,36.29,1919
2026-08-25T20:52:00.134+02:00,25.44,8.98,-0.21,5.78,-0.1,-0.08,0.01,36.29,1906
2026-08-25T20:52:01.134+02:00,25.38,9.05,-0.29,5.68,-0.1,-0.08,0.01,36.29,1771
2026-08-25T20:52:02.134+02:00,25.44,9.17,-0.29,5.77,-0.11,-0.08,0.0,36.29,2024
2026-08-25T20:52:03.133+02:00,25.38,9.14,-0.14,5.81,-0.1,-0.08,0.01,36.29,1965
2026-08-25T20:52:04.133+02:00,25.38,9.0,-0.23,5.76,-0.1,-0.08,0.01,36.39,1822
2026-08-25T20:52:06.131+02:00,25.44,9.22,-0.07,5.84,-0.11,-0.08,0.0,36.34,1703
2026-08-25T20:52:07.134+02:00,25.44,8.99,-0.5,5.86,-0.1,-0.09,0.01,36.39,1767
2026-08-25T20:52:08.132+02:00,25.44,9.03,-0.12,5.83,-0.1,-0.08,0.01,36.34,1508
2026-08-25T20:52:09.132+02:00,25.44,9.13,0.03,5.88,-0.1,-0.08,0.01,36.29,1560
2026-08-25T20:52:10.132+02:00,25.44,9.02,-0.56,5.72,-0.1,-0.08,0.0,36.44,1405
2026-08-25T20:52:11.133+02:00,25.44,9.01,-0.3,5.88,-0.09,-0.09,0.01,36.34,2198
2026-08-25T20:52:12.132+02:00,25.44,9.1,-0.07,5.91,-0.1,-0.08,0.01,36.44,1662
2026-08-25T20:52:13.131+02:00,25.44,9.08,-0.29,5.76,-0.1,-0.08,0.01,36.34,1519
2026-08-25T20:52:14.131+02:00,25.44,9.07,-0.41,5.75,-0.1,-0.08,0.0,36.44,1682
2026-08-25T20:52:15.131+02:00,25.44,9.13,-0.16,5.97,-0.1,-0.08,0.01,36.44,1907
2026-08-25T20:52:16.131+02:00,25.44,9.07,-0.19,5.84,-0.1,-0.09,0.01,36.34,1709
2026-08-25T20:52:17.130+02:00,25.44,9.03,-0.37,5.74,-0.1,-0.08,0.01,36.44,1633
2026-08-25T20:52:18.130+02:00,25.44,9.05,-0.4,5.85,-0.1,-0.09,0.01,36.34,1674
2026-08-25T20:52:19.129+02:00,25.44,9.09,-0.17,5.89,-0.1,-0.09,0.01,36.44,1939
2026-08-25T20:52:20.129+02:00,25.44,9.11,-0.09,5.87,-0.1,-0.09,0.01,36.44,1929
2026-08-25T20:52:21.128+02:00,25.44,9.05,-0.24,5.71,-0.1,-0.08,0.01,36.44,1562
2026-08-25T20:52:22.128+02:00,25.44,9.01,-0.56,5.65,-0.1,-0.08,0.01,36.53,1692
2026-08-25T20:52:23.128+02:00,25.5,9.04,-0.29,5.86,-0.1,-0.09,0.01,36.53,1809
2026-08-25T20:52:24.128+02:00,25.44,9.03,-0.07,5.95,-0.1,-0.08,0.01,36.53,1771
2026-08-25T20:52:25.128+02:00,25.5,9.1,-0.14,5.62,-0.1,-0.08,0.01,36.58,1480
2026-08-25T20:52:26.127+02:00,25.44,8.96,-0.49,5.63,-0.11,-0.08,0.0,36.48,1343
2026-08-25T20:52:27.127+02:00,25.5,9.06,-0.34,5.83,-0.1,-0.08,0.01,36.53,1587
2026-08-25T20:52:28.127+02:00,25.5,9.08,-0.07,5.91,-0.1,-0.08,0.01,36.48,1605
2026-08-25T20:52:29.126+02:00,25.5,9.07,-0.18,5.75,-0.1,-0.08,0.01,36.58,1549
2026-08-25T20:52:30.127+02:00,25.5,9.02,-0.55,5.67,-0.1,-0.08,0.01,36.58,1629
2026-08-25T20:52:31.126+02:00,25.5,9.05,-0.29,5.8,-0.1,-0.09,0.01,36.58,1843
2026-08-25T20:52:32.126+02:00,25.5,9.15,-0.03,5.87,-0.1,-0.08,0.01,36.58,1763
2026-08-25T20:52:33.125+02:00,25.5,9.01,-0.18,5.74,-0.1,-0.08,0.0,36.58,1953
2026-08-25T20:52:34.124+02:00,25.5,9.01,-0.52,5.61,-0.1,-0.08,0.0,36.48,1734
2026-08-25T20:52:36.124+02:00,25.5,9.13,-0.12,5.86,-0.1,-0.08,0.01,36.44,1897
2026-08-25T20:52:37.120+02:00,25.5,9.21,-0.17,5.77,-0.1,-0.08,0.01,36.58,2153
2026-08-25T20:52:38.122+02:00,25.5,9.26,-0.02,5.8,-0.1,-0.08,0.01,36.58,2202
2026-08-25T20:52:39.123+02:00,25.5,9.02,-0.19,5.77,-0.09,-0.08,0.01,36.67,1469
2026-08-25T20:52:40.120+02:00,25.5,8.93,-0.28,5.73,-0.1,-0.08,0.01,36.48,1781
2026-08-25T20:52:41.122+02:00,25.5,9.06,-0.3,5.79,-0.11,-0.08,0.01,36.58,1609
2026-08-25T20:52:42.118+02:00,25.5,9.16,-0.22,5.79,-0.11,-0.09,0.0,36.58,1814
2026-08-25T20:52:43.121+02:00,25.5,9.08,-0.18,5.85,-0.1,-0.08,0.01,36.58,1901
2026-08-25T20:52:44.122+02:00,25.5,9.02,-0.09,5.83,-0.1,-0.08,0.01,36.58,1570
2026-08-25T20:52:45.120+02:00,25.5,9.08,-0.21,5.75,-0.11,-0.08,0.0,36.67,1444
2026-08-25T20:52:46.120+02:00,25.5,9.02,-0.46,5.75,-0.11,-0.08,0.0,36.58,1869
2026-08-25T20:52:47.120+02:00,25.5,9.11,-0.28,5.9,-0.1,-0.08,0.01,36.67,1631
2026-08-25T20:52:48.120+02:00,25.5,9.08,-0.03,5.96,-0.1,-0.08,0.01,36.67,1493
2026-08-25T20:52:49.119+02:00,25.5,9.16,-0.1,5.77,-0.1,-0.08,0.01,36.67,1464
2026-08-25T20:52:50.119+02:00,25.5,9.06,-0.32,5.68,-0.1,-0.09,0.0,36.67,1534
2026-08-25T20:52:51.118+02:00,25.5,8.95,-0.52,5.66,-0.1,-0.08,0.01,36.67,1827
2026-08-25T20:52:52.118+02:00,25.5,8.93,-0.33,5.76,-0.1,-0.08,0.01,36.67,1366
2026-08-25T20:52:53.118+02:00,25.5,9.05,-0.07,5.88,-0.1,-0.08,0.01,36.67,1492
2026-08-25T20:52:54.114+02:00,25.5,9.21,-0.08,5.8,-0.11,-0.08,0.0,36.67,1947
2026-08-25T20:52:55.115+02:00,25.56,9.18,-0.09,5.87,-0.1,-0.08,0.0,36.67,1996
2026-08-25T20:52:56.118+02:00,25.5,9.01,-0.3,5.79,-0.1,-0.08,0.01,36.67,1453
2026-08-25T20:52:57.114+02:00,25.5,8.97,-0.32,5.68,-0.1,-0.08,0.01,36.67,2006
2026-08-25T20:52:58.116+02:00,25.5,9.03,-0.5,5.72,-0.11,-0.08,0.01,36.67,2125
2026-08-25T20:52:59.116+02:00,25.5,9.08,-0.3,5.83,-0.1,-0.09,0.01,36.67,1995
2026-08-25T20:53:00.116+02:00,25.5,9.11,-0.15,5.99,-0.09,-0.08,0.01,36.58,1581
2026-08-25T20:53:01.116+02:00,25.5,9.14,-0.07,5.88,-0.1,-0.08,0.01,36.58,1971
2026-08-25T20:53:02.115+02:00,25.5,9.22,-0.12,5.74,-0.1,-0.08,0.0,36.58,1874
2026-08-25T20:53:03.116+02:00,25.5,9.08,-0.37,5.67,-0.1,-0.08,0.01,36.77,1757
2026-08-25T20:53:04.114+02:00,25.56,8.9,-0.52,5.75,-0.1,-0.09,0.01,36.67,1711
2026-08-25T20:53:06.112+02:00,25.5,9.12,0.04,5.89,-0.1,-0.08,0.01,36.62,1744
2026-08-25T20:53:07.112+02:00,25.5,9.05,-0.47,5.69,-0.1,-0.08,0.0,36.67,1793
2026-08-25T20:53:08.114+02:00,25.5,9.03,-0.41,5.81,-0.1,-0.09,0.01,36.58,1352
2026-08-25T20:53:09.114+02:00,25.5,9.03,-0.13,5.83,-0.1,-0.08,0.01,36.67,1783
2026-08-25T20:53:10.115+02:00,25.56,9.19,0.11,5.84,-0.1,-0.08,0.01,36.58,1733
2026-08-25T20:53:11.113+02:00,25.5,9.12,-0.03,5.88,-0.1,-0.09,0.01,36.67,1588
2026-08-25T20:53:12.113+02:00,25.5,9.21,-0.08,5.85,-0.1,-0.09,0.01,36.67,1622
2026-08-25T20:53:13.110+02:00,25.5,9.06,-0.19,5.71,-0.1,-0.08,0.01,36.77,1918
2026-08-25T20:53:14.112+02:00,25.5,8.96,-0.21,5.77,-0.1,-0.08,0.01,36.67,1872
2026-08-25T20:53:15.112+02:00,25.5,9.06,-0.42,5.76,-0.1,-0.08,0.01,36.77,1871
2026-08-25T20:53:16.112+02:00,25.5,9.11,-0.5,5.71,-0.1,-0.08,0.0,36.67,1851
2026-08-25T20:53:17.111+02:00,25.56,9.13,-0.12,5.93,-0.1,-0.09,0.01,36.72,1928
2026-08-25T20:53:18.112+02:00,25.56,8.94,-0.33,5.69,-0.1,-0.08,0.01,36.67,1889
2026-08-25T20:53:19.108+02:00,25.5,9.02,-0.25,5.66,-0.1,-0.08,0.01,36.67,1952
2026-08-25T20:53:20.111+02:00,25.56,9.11,-0.24,5.83,-0.1,-0.08,0.0,36.67,1858
2026-08-25T20:53:21.110+02:00,25.5,9.09,-0.14,5.92,-0.1,-0.09,0.01,36.67,1893
2026-08-25T20:53:22.110+02:00,25.56,9.08,-0.07,5.93,-0.1,-0.08,0.01,36.77,1824
2026-08-25T20:53:23.110+02:00,25.56,9.17,-0.08,5.78,-0.1,-0.08,0.01,36.67,1788
2026-08-25T20:53:24.109+02:00,25.5,8.99,-0.44,5.78,-0.11,-0.09,0.0,36.67,1314
2026-08-25T20:53:25.109+02:00,25.5,8.98,-0.58,5.67,-0.1,-0.09,0.01,36.67,1863
2026-08-25T20:53:26.110+02:00,25.5,9.06,-0.19,5.79,-0.1,-0.08,0.01,36.62,1672
2026-08-25T20:53:27.109+02:00,25.56,9.09,-0.1,5.79,-0.1,-0.08,0.01,36.67,1358
2026-08-25T20:53:28.108+02:00,25.56,9.18,-0.1,5.76,-0.1,-0.09,0.01,36.58,1280
2026-08-25T20:53:29.108+02:00,25.56,9.18,-0.13,5.9,-0.1,-0.09,0.01,36.58,1860
2026-08-25T20:53:30.107+02:00,25.56,8.99,-0.27,5.84,-0.1,-0.08,0.01,36.58,1396
2026-08-25T20:53:31.568+02:00,25.56,0.0,0.0,0.0,0.0,0.0,0.0,0.0,3957
2026-08-25T20:53:32.108+02:00,25.56,9.03,-0.4,5.74,-0.1,-0.08,-0.0,36.67,10704
2026-08-25T20:53:33.107+02:00,25.56,9.04,-0.47,5.82,-0.1,-0.08,0.01,36.67,1954
2026-08-25T20:53:34.106+02:00,25.56,8.92,-0.53,5.9,-0.1,-0.09,0.01,36.67,1743
2026-08-25T20:53:36.103+02:00,25.56,9.16,-0.09,5.83,-0.1,-0.08,0.0,36.62,1808
2026-08-25T20:53:37.105+02:00,25.56,9.05,-0.4,5.78,-0.11,-0.08,0.0,36.67,1577
2026-08-25T20:53:38.104+02:00,25.56,9.06,-0.29,5.84,-0.1,-0.09,0.01,36.58,1723
2026-08-25T20:53:39.104+02:00,25.56,9.07,-0.1,5.86,-0.1,-0.08,0.01,36.67,1515
2026-08-25T20:53:40.104+02:00,25.56,9.2,0.02,5.81,-0.1,-0.08,0.01,36.67,1799
2026-08-25T20:53:41.104+02:00,25.56,9.16,-0.2,5.74,-0.1,-0.08,0.0,36.67,2000
2026-08-25T20:53:42.104+02:00,25.56,9.03,-0.47,5.8,-0.1,-0.08,0.01,36.77,1412
2026-08-25T20:53:43.103+02:00,25.56,8.94,-0.4,5.8,-0.1,-0.08,0.01,36.62,1676
2026-08-25T20:53:44.103+02:00,25.56,9.06,-0.19,5.82,-0.1,-0.08,0.01,36.67,1859
2026-08-25T20:53:45.103+02:00,25.56,9.24,-0.1,5.85,-0.1,-0.08,0.0,36.77,1618
2026-08-25T20:53:46.102+02:00,25.56,9.22,-0.1,5.88,-0.1,-0.08,0.0,36.67,1423
2026-08-25T20:53:47.102+02:00,25.56,9.02,-0.22,5.75,-0.1,-0.08,0.01,36.67,1491
2026-08-25T20:53:48.102+02:00,25.56,8.89,-0.35,5.74,-0.1,-0.08,0.01,36.67,1644
2026-08-25T20:53:49.101+02:00,25.56,9.0,-0.45,5.71,-0.1,-0.08,0.0,36.77,1822
2026-08-25T20:53:50.101+02:00,25.56,9.07,-0.32,5.77,-0.1,-0.08,0.01,36.81,1363
2026-08-25T20:53:51.101+02:00,25.56,8.99,-0.0,-0.0,-0.0,-0.0,-0.0,36.53,1617
2026-08-25T20:53:52.100+02:00,25.56,9.15,-0.13,5.8,-0.1,-0.08,0.01,36.81,1823
2026-08-25T20:53:53.100+02:00,25.56,9.26,0.0,5.88,-0.1,-0.08,0.0,36.77,1869
2026-08-25T20:53:54.102+02:00,25.56,9.32,-0.03,5.82,-0.1,-0.08,0.0,36.86,1688
2026-08-25T20:53:55.099+02:00,25.56,9.11,-0.09,5.95,-0.1,-0.09,0.01,36.67,2076
2026-08-25T20:53:56.099+02:00,25.56,9.15,-0.04,5.84,-0.1,-0.08,0.01,36.77,2197
2026-08-25T20:53:57.099+02:00,25.62,9.19,0.05,5.78,-0.1,-0.08,0.01,36.77,1964
2026-08-25T20:53:58.099+02:00,25.62,9.12,-0.24,5.65,-0.1,-0.08,0.0,36.77,1706
2026-08-25T20:53:59.099+02:00,25.62,9.04,-0.44,5.75,-0.1,-0.09,0.01,36.86,1816
2026-08-25T20:54:00.098+02:00,25.62,8.93,-0.38,5.7,-0.09,-0.08,0.01,36.86,1935
2026-08-25T20:54:01.098+02:00,25.56,9.0,-0.25,5.78,-0.1,-0.08,0.01,36.86,1846
2026-08-25T20:54:02.097+02:00,25.62,9.08,-0.17,5.79,-0.11,-0.08,0.01,36.86,2305
2026-08-25T20:54:03.097+02:00,25.56,9.22,-0.03,5.83,-0.1,-0.09,0.01,36.86,1793
2026-08-25T20:54:04.096+02:00,25.62,9.1,-0.06,5.83,-0.1,-0.08,0.01,36.77,1854
2026-08-25T20:54:06.094+02:00,25.62,9.3,-0.05,5.82,-0.1,-0.08,0.0,36.77,1624
2026-08-25T20:54:07.096+02:00,25.62,9.09,-0.28,5.86,-0.1,-0.09,0.01,36.77,1585
2026-08-25T20:54:08.096+02:00,25.62,9.12,-0.14,5.82,-0.1,-0.08,0.02,36.86,1679
2026-08-25T20:54:09.096+02:00,25.62,9.11,-0.17,5.81,-0.1,-0.08,0.01,36.86,1353
2026-08-25T20:54:10.095+02:00,25.62,9.11,-0.26,5.72,-0.1,-0.08,0.0,36.86,1324
2026-08-25T20:54:11.558+02:00,25.62,0.0,0.0,0.0,0.0,0.0,0.0,0.0,1525
2026-08-25T20:54:12.094+02:00,25.62,8.88,-0.51,5.84,-0.09,-0.08,0.01,36.81,1453
2026-08-25T20:54:13.094+02:00,25.62,8.96,-0.25,5.8,-0.1,-0.08,0.01,36.91,1508
2026-08-25T20:54:14.094+02:00,25.62,9.27,-0.02,5.8,-0.11,-0.09,0.0,36.91,1456
2026-08-25T20:54:15.094+02:00,25.62,9.22,-0.1,5.78,-0.1,-0.08,0.01,36.81,1534
2026-08-25T20:54:16.093+02:00,25.62,8.95,-0.4,5.87,-0.1,-0.08,0.01,37.0,1507
2026-08-25T20:54:17.092+02:00,25.62,8.96,-0.36,5.75,-0.1,-0.08,0.01,36.91,1660
2026-08-25T20:54:18.092+02:00,25.62,9.11,-0.2,5.63,-0.1,-0.08,0.01,36.81,1767
2026-08-25T20:54:19.092+02:00,25.62,9.22,-0.1,5.84,-0.1,-0.09,0.0,36.86,2008
2026-08-25T20:54:20.092+02:00,25.62,9.06,-0.14,5.9,-0.1,-0.08,0.01,36.91,1533
2026-08-25T20:54:21.093+02:00,25.62,9.03,-0.16,5.79,-0.1,-0.08,0.02,36.91,1516
2026-08-25T20:54:22.091+02:00,25.69,9.03,-0.33,5.72,-0.1,-0.09,0.01,36.91,1783
2026-08-25T20:54:23.091+02:00,25.62,9.15,-0.3,5.77,-0.1,-0.09,0.01,36.86,1733
2026-08-25T20:54:24.091+02:00,25.62,9.08,-0.14,5.84,-0.1,-0.09,0.01,36.91,1447
2026-08-25T20:54:25.090+02:00,25.62,9.05,-0.05,5.84,-0.1,-0.08,0.01,36.91,1331
2026-08-25T20:54:26.090+02:00,25.62,9.03,-0.23,5.7,-0.1,-0.08,0.01,37.0,1456
2026-08-25T20:54:27.090+02:00,25.62,9.01,-0.48,5.66,-0.1,-0.09,0.01,37.0,1538
2026-08-25T20:54:28.089+02:00,25.69,9.05,-0.39,5.88,-0.1,-0.09,0.01,37.05,1419
2026-08-25T20:54:29.089+02:00,25.62,9.05,-0.14,5.95,-0.1,-0.08,0.01,36.95,1362
2026-08-25T20:54:30.088+02:00,25.62,9.21,0.02,5.86,-0.1,-0.08,0.01,36.95,1910
2026-08-25T20:54:31.088+02:00,25.62,9.19,-0.1,5.75,-0.1,-0.08,0.0,36.95,1533
2026-08-25T20:54:32.088+02:00,25.69,9.09,-0.19,5.68,-0.1,-0.09,0.01,37.05,1269
2026-08-25T20:54:33.088+02:00,25.62,8.98,-0.36,5.76,-0.1,-0.09,0.01,37.05,1707
2026-08-25T20:54:34.088+02:00,25.69,8.93,-0.3,5.79,-0.1,-0.08,0.01,36.95,1995
2026-08-25T20:54:36.417+02:00,25.69,9.16,-0.01,5.83,-0.1,-0.08,0.01,36.86,1758
2026-08-25T20:54:37.416+02:00,25.69,9.19,-0.09,5.82,-0.1,-0.08,0.0,36.95,1633
2026-08-25T20:54:38.417+02:00,25.69,9.2,-0.12,5.83,-0.1,-0.09,0.01,36.95,1584
2026-08-25T20:54:39.416+02:00,25.69,9.12,-0.24,5.85,-0.1,-0.08,0.01,37.05,1565
2026-08-25T20:54:40.422+02:00,25.69,9.05,-0.27,5.68,-0.1,-0.08,0.01,37.0,1304
2026-08-25T20:54:41.416+02:00,25.69,9.0,-0.42,5.75,-0.1,-0.08,0.01,37.0,1693
2026-08-25T20:54:42.416+02:00,25.69,9.09,-0.29,5.79,-0.1,-0.08,0.01,36.95,1632
2026-08-25T20:54:43.416+02:00,25.69,9.03,-0.27,5.83,-0.1,-0.08,0.01,37.05,1776
2026-08-25T20:54:44.415+02:00,25.69,9.09,-0.11,5.87,-0.1,-0.08,0.01,36.95,1423
2026-08-25T20:54:45.427+02:00,25.69,9.25,-0.1,5.77,-0.1,-0.08,0.0,37.05,1676
2026-08-25T20:54:46.414+02:00,25.69,9.18,-0.1,5.79,-0.1,-0.09,0.01,37.05,1658
2026-08-25T20:54:47.414+02:00,25.69,8.96,-0.39,5.74,-0.09,-0.09,0.01,36.95,1583
2026-08-25T20:54:48.414+02:00,25.69,8.91,-0.33,5.78,-0.1,-0.08,0.01,36.95,1684
2026-08-25T20:54:49.413+02:00,25.69,9.1,-0.25,5.75,-0.1,-0.08,0.01,36.95,1742
2026-08-25T20:54:50.414+02:00,25.69,9.07,-0.44,5.76,-0.1,-0.08,0.01,36.95,1779
2026-08-25T20:54:51.413+02:00,25.69,9.03,-0.43,5.85,-0.1,-0.09,0.01,36.95,1691
2026-08-25T20:54:52.412+02:00,25.69,9.02,-0.28,5.86,-0.1,-0.09,0.01,37.05,1741
2026-08-25T20:54:53.415+02:00,25.69,9.08,-0.09,5.81,-0.1,-0.08,0.01,36.95,1905
2026-08-25T20:54:54.412+02:00,25.69,9.19,-0.14,5.8,-0.11,-0.08,0.0,37.0,1824
2026-08-25T20:54:55.412+02:00,25.69,9.22,-0.0,5.84,-0.1,-0.09,0.01,37.05,1487
2026-08-25T20:54:56.411+02:00,25.69,9.06,-0.16,5.86,-0.1,-0.08,0.01,37.05,1596
2026-08-25T20:54:57.411+02:00,25.69,8.96,-0.25,5.73,-0.1,-0.08,0.01,37.05,1681
2026-08-25T20:54:58.411+02:00,25.69,9.02,-0.44,5.72,-0.1,-0.08,-0.0,37.05,1601
2026-08-25T20:54:59.411+02:00,25.69,9.13,-0.3,5.78,-0.1,-0.09,0.0,37.05,1452
2026-08-25T20:55:00.410+02:00,25.69,9.02,-0.17,5.89,-0.09,-0.08,0.01,37.09,1719
2026-08-25T20:55:01.410+02:00,25.69,9.11,-0.05,5.9,-0.1,-0.08,0.01,37.0,1638
2026-08-25T20:55:02.410+02:00,25.69,9.2,-0.08,5.77,-0.1,-0.08,0.01,37.0,1673
2026-08-25T20:55:03.423+02:00,25.69,9.1,-0.29,5.79,-0.1,-0.09,0.01,37.0,1675
2026-08-25T20:55:04.408+02:00,25.69,9.07,-0.18,5.97,-0.1,-0.08,0.01,37.05,1756
2026-08-25T20:55:06.078+02:00,25.69,9.16,-0.13,5.81,-0.1,-0.08,0.01,37.14,1528
2026-08-25T20:55:07.080+02:00,25.69,9.1,-0.09,5.93,-0.1,-0.08,0.01,37.14,1593
2026-08-25T20:55:08.080+02:00,25.69,9.16,-0.13,5.85,-0.1,-0.08,0.01,37.0,1861
2026-08-25T20:55:09.080+02:00,25.69,9.16,-0.18,5.78,-0.1,-0.08,0.0,36.95,1422
2026-08-25T20:55:10.079+02:00,25.69,9.09,-0.3,5.74,-0.1,-0.08,0.01,37.0,1429
2026-08-25T20:55:11.079+02:00,25.69,8.87,-0.44,5.78,-0.1,-0.08,0.01,37.05,1473
2026-08-25T20:55:12.079+02:00,25.69,8.83,-0.32,5.78,-0.1,-0.08,0.01,37.09,1758
2026-08-25T20:55:13.078+02:00,25.75,9.08,-0.31,5.74,-0.11,-0.08,0.0,37.0,1244
2026-08-25T20:55:14.078+02:00,25.69,9.14,-0.19,5.8,-0.1,-0.09,0.01,37.09,1232
2026-08-25T20:55:15.078+02:00,25.69,9.12,-0.13,5.93,-0.09,-0.09,0.01,37.09,1719
2026-08-25T20:55:16.079+02:00,25.75,9.05,-0.06,5.79,-0.1,-0.08,0.01,37.09,1765
2026-08-25T20:55:17.077+02:00,25.69,9.07,-0.2,5.68,-0.1,-0.08,0.01,37.0,1405
2026-08-25T20:55:18.076+02:00,25.69,9.02,-0.46,5.68,-0.1,-0.09,0.0,37.0,1426
2026-08-25T20:55:19.076+02:00,25.69,9.01,-0.33,5.83,-0.1,-0.08,0.01,37.0,1783
2026-08-25T20:55:20.076+02:00,25.69,9.07,-0.09,5.92,-0.1,-0.08,0.01,37.14,2133
2026-08-25T20:55:21.076+02:00,25.69,9.19,-0.02,5.72,-0.1,-0.08,0.01,37.0,1627
2026-08-25T20:55:22.078+02:00,25.69,8.96,-0.39,5.72,-0.1,-0.08,0.0,37.09,1757
2026-08-25T20:55:23.075+02:00,25.69,8.92,-0.47,5.84,-0.1,-0.09,0.01,37.0,1696
2026-08-25T20:55:24.075+02:00,25.69,9.07,-0.11,5.88,-0.1,-0.08,0.01,37.05,1625
2026-08-25T20:55:25.076+02:00,25.69,9.15,-0.06,5.74,-0.1,-0.08,0.01,36.95,1301
2026-08-25T20:55:26.074+02:00,25.69,9.02,-0.5,5.66,-0.1,-0.08,0.01,36.91,1460
2026-08-25T20:55:27.074+02:00,25.69,8.98,-0.2,5.81,-0.1,-0.09,0.01,36.95,1535
2026-08-25T20:55:28.074+02:00,25.69,9.12,-0.02,5.88,-0.1,-0.08,0.01,37.05,1858
2026-08-25T20:55:29.074+02:00,25.69,9.08,-0.17,5.8,-0.1,-0.09,0.01,37.05,1279
2026-08-25T20:55:30.074+02:00,25.69,9.0,-0.48,5.71,-0.1,-0.09,0.0,37.14,1630
2026-08-25T20:55:31.072+02:00,25.69,9.07,-0.23,5.79,-0.09,-0.09,0.01,37.05,1460
2026-08-25T20:55:32.072+02:00,25.69,9.1,-0.07,5.86,-0.1,-0.08,0.01,37.05,1734
2026-08-25T20:55:33.072+02:00,25.69,9.07,-0.25,5.81,-0.1,-0.08,0.01,37.09,1664
2026-08-25T20:55:34.071+02:00,25.69,9.04,-0.45,5.81,-0.1,-0.08,0.01,37.05,1295
2026-08-25T20:55:36.066+02:00,25.69,9.11,-0.05,5.86,-0.1,-0.08,0.01,37.14,1273
2026-08-25T20:55:37.070+02:00,25.69,9.09,-0.28,5.63,-0.11,-0.09,0.0,37.09,1260
2026-08-25T20:55:38.069+02:00,25.69,9.04,-0.51,5.71,-0.1,-0.08,0.01,37.09,1255
2026-08-25T20:55:39.068+02:00,25.75,8.94,-0.37,5.8,-0.1,-0.08,0.01,37.19,1599
2026-08-25T20:55:40.068+02:00,25.69,9.12,-0.15,5.86,-0.1,-0.08,0.01,37.09,1662
2026-08-25T20:55:41.067+02:00,25.69,9.18,-0.14,5.74,-0.1,-0.08,0.0,37.09,1621
2026-08-25T20:55:42.067+02:00,25.69,9.03,-0.44,5.75,-0.1,-0.09,0.01,37.0,1252
2026-08-25T20:55:43.067+02:00,25.69,8.9,-0.35,5.84,-0.1,-0.09,0.01,37.09,1583
2026-08-25T20:55:44.067+02:00,25.69,9.11,0.0,5.84,-0.1,-0.08,0.01,37.09,1681
2026-08-25T20:55:45.066+02:00,25.69,9.07,-0.27,5.73,-0.1,-0.08,0.0,37.05,1668
2026-08-25T20:55:46.066+02:00,25.75,9.16,-0.15,5.84,-0.1,-0.09,0.01,37.05,1563
2026-08-25T20:55:47.066+02:00,25.75,9.1,-0.1,5.84,-0.1,-0.08,0.01,37.05,1741
2026-08-25T20:55:48.066+02:00,25.69,9.08,-0.05,5.81,-0.1,-0.08,0.01,37.14,1623
2026-08-25T20:55:49.065+02:00,25.69,9.1,-0.25,5.74,-0.11,-0.08,0.0,37.05,2415
2026-08-25T20:55:50.065+02:00,25.69,9.04,-0.43,5.73,-0.1,-0.09,0.0,37.05,1533
2026-08-25T20:55:51.064+02:00,25.69,8.93,-0.36,5.85,-0.1,-0.09,0.01,37.05,1771
2026-08-25T20:55:52.064+02:00,25.69,9.04,-0.22,5.86,-0.1,-0.08,0.01,37.14,1635
2026-08-25T20:55:53.064+02:00,25.69,9.25,-0.0,5.8,-0.1,-0.08,0.01,37.14,3450
2026-08-25T20:55:54.064+02:00,25.69,9.21,-0.04,5.85,-0.1,-0.08,0.0,37.05,3394
2026-08-25T20:55:55.064+02:00,25.69,9.0,-0.38,5.78,-0.1,-0.08,0.01,37.05,1635
2026-08-25T20:55:56.064+02:00,25.69,9.01,-0.24,5.77,-0.1,-0.08,0.01,37.14,1619
2026-08-25T20:55:57.527+02:00,25.69,0.0,0.0,0.0,0.0,0.0,0.0,0.0,1416
2026-08-25T20:55:58.062+02:00,25.75,9.1,-0.47,5.66,-0.1,-0.09,0.01,37.05,1504
2026-08-25T20:55:59.063+02:00,25.75,9.03,-0.35,5.82,-0.1,-0.09,0.01,37.14,1653
2026-08-25T20:56:00.062+02:00,25.69,9.1,-0.21,5.84,-0.1,-0.08,0.01,37.09,1638
2026-08-25T20:56:01.062+02:00,25.69,9.24,-0.02,5.88,-0.1,-0.08,0.01,37.19,1559
2026-08-25T20:56:02.061+02:00,25.75,9.13,-0.19,5.78,-0.1,-0.08,0.0,37.09,1554
2026-08-25T20:56:03.060+02:00,25.75,8.98,-0.39,5.72,-0.1,-0.08,0.0,37.19,1552
2026-08-25T20:56:04.060+02:00,25.69,8.88,-0.42,5.74,-0.1,-0.09,0.01,37.09,1856
2026-08-25T20:56:06.057+02:00,25.69,9.2,-0.21,5.71,-0.1,-0.08,0.0,37.19,1871
2026-08-25T20:56:07.059+02:00,25.75,9.1,-0.29,5.76,-0.1,-0.09,0.01,37.19,1598
2026-08-25T20:56:08.059+02:00,25.69,9.0,-0.31,5.9,-0.1,-0.09,0.01,37.09,1523
2026-08-25T20:56:09.059+02:00,25.69,9.05,-0.14,5.82,-0.1,-0.08,0.01,37.19,1639
2026-08-25T20:56:10.059+02:00,25.75,9.27,-0.01,5.86,-0.1,-0.08,0.0,37.14,1568
2026-08-25T20:56:11.058+02:00,25.69,9.17,-0.08,5.76,-0.11,-0.09,0.01,37.28,2321
2026-08-25T20:56:12.058+02:00,25.75,8.99,-0.34,5.8,-0.1,-0.08,0.01,37.14,1571
2026-08-25T20:56:13.058+02:00,25.69,8.88,-0.29,5.83,-0.1,-0.08,0.01,37.19,1450
2026-08-25T20:56:14.057+02:00,25.75,9.04,-0.22,5.65,-0.1,-0.08,0.01,37.24,1522
2026-08-25T20:56:15.057+02:00,25.69,9.16,-0.14,5.83,-0.1,-0.09,0.0,37.14,1516
2026-08-25T20:56:16.057+02:00,25.75,9.12,-0.06,5.87,-0.1,-0.09,0.01,37.14,1441
2026-08-25T20:56:17.056+02:00,25.75,9.01,-0.11,5.92,-0.1,-0.08,0.01,37.05,1177
2026-08-25T20:56:18.056+02:00,25.69,9.02,-0.15,5.74,-0.1,-0.08,0.0,37.24,1303
2026-08-25T20:56:19.056+02:00,25.75,9.04,-0.49,5.71,-0.1,-0.08,0.0,37.14,1901
2026-08-25T20:56:20.056+02:00,25.69,8.98,-0.5,5.79,-0.1,-0.09,0.01,37.14,1209
2026-08-25T20:56:21.055+02:00,25.75,8.99,-0.28,5.87,-0.1,-0.08,0.01,37.24,1033
2026-08-25T20:56:22.055+02:00,25.75,9.14,-0.04,5.88,-0.1,-0.08,0.01,37.19,1572
2026-08-25T20:56:23.055+02:00,25.75,9.22,-0.06,5.85,-0.1,-0.08,0.0,37.24,1250
2026-08-25T20:56:24.055+02:00,25.75,9.09,-0.21,5.78,-0.1,-0.09,0.0,37.14,1240
2026-08-25T20:56:25.056+02:00,25.75,8.99,-0.3,5.79,-0.1,-0.09,0.01,37.28,1380
2026-08-25T20:56:26.054+02:00,25.75,8.96,-0.33,5.73,-0.1,-0.08,0.01,37.19,1745
2026-08-25T20:56:27.053+02:00,25.69,9.04,-0.45,5.78,-0.1,-0.08,0.01,37.28,1378
2026-08-25T20:56:28.053+02:00,25.75,9.07,-0.34,5.7,-0.1,-0.09,0.01,37.19,1334
2026-08-25T20:56:29.052+02:00,25.75,8.99,-0.33,5.88,-0.1,-0.08,0.01,37.19,1532
2026-08-25T20:56:30.052+02:00,25.75,9.08,-0.11,5.87,-0.1,-0.08,0.01,37.28,2012
2026-08-25T20:56:31.052+02:00,25.69,9.26,-0.01,5.83,-0.1,-0.08,0.0,37.28,1220
2026-08-25T20:56:32.052+02:00,25.75,9.1,-0.21,5.72,-0.1,-0.09,0.01,37.24,1352
2026-08-25T20:56:33.051+02:00,25.75,8.93,-0.45,5.79,-0.1,-0.08,0.01,37.14,1714
2026-08-25T20:56:34.051+02:00,25.75,8.88,-0.4,5.78,-0.1,-0.08,0.01,37.24,1782
2026-08-25T20:56:36.047+02:00,25.75,9.12,-0.29,5.78,-0.1,-0.08,0.0,37.19,1267
2026-08-25T20:56:37.049+02:00,25.69,8.9,-0.46,5.92,-0.1,-0.09,0.01,37.24,2082
2026-08-25T20:56:38.049+02:00,25.75,8.85,-0.22,5.86,-0.1,-0.08,0.02,37.24,1646
2026-08-25T20:56:39.052+02:00,25.75,9.13,-0.17,5.79,-0.1,-0.09,0.0,37.24,1427
2026-08-25T20:56:40.048+02:00,25.75,9.22,-0.04,5.82,-0.11,-0.09,0.01,37.24,1534
2026-08-25T20:56:41.048+02:00,25.75,9.0,-0.26,5.84,-0.1,-0.09,0.01,37.28,1601
2026-08-25T20:56:42.048+02:00,25.75,8.95,-0.2,5.72,-0.1,-0.08,0.01,37.24,1401
2026-08-25T20:56:43.054+02:00,25.75,8.99,-0.28,5.7,-0.11,-0.08,0.01,37.38,1270
2026-08-25T20:56:44.047+02:00,25.75,9.0,-0.47,5.68,-0.1,-0.08,0.0,37.28,1594
2026-08-25T20:56:45.046+02:00,25.75,8.99,-0.46,5.74,-0.09,-0.09,0.01,37.28,1792
2026-08-25T20:56:46.047+02:00,25.75,8.96,-0.37,5.83,-0.1,-0.08,0.02,37.38,1587
2026-08-25T20:56:47.046+02:00,25.75,8.96,-0.26,5.86,-0.1,-0.08,0.01,37.38,1659
2026-08-25T20:56:48.046+02:00,25.75,9.1,-0.27,5.69,-0.11,-0.09,0.0,37.28,1786
2026-08-25T20:56:49.045+02:00,25.75,9.21,-0.15,5.82,-0.1,-0.09,0.01,37.33,1490
2026-08-25T20:56:50.045+02:00,25.75,9.1,-0.21,5.88,-0.1,-0.08,0.01,37.28,1651
2026-08-25T20:56:51.045+02:00,25.75,9.09,-0.07,5.83,-0.1,-0.08,0.01,37.33,1412
2026-08-25T20:56:52.044+02:00,25.75,9.25,-0.05,5.85,-0.1,-0.09,0.0,37.24,1806
2026-08-25T20:56:53.044+02:00,25.75,9.16,-0.11,5.73,-0.1,-0.08,0.0,37.33,1625
2026-08-25T20:56:54.044+02:00,25.81,8.87,-0.43,5.84,-0.1,-0.09,0.01,37.28,1517
2026-08-25T20:56:55.044+02:00,25.75,9.04,-0.16,5.8,-0.1,-0.08,0.01,37.42,1595
2026-08-25T20:56:56.043+02:00,25.81,9.18,-0.13,5.72,-0.1,-0.08,0.01,37.47,1572
2026-08-25T20:56:57.043+02:00,25.75,9.21,-0.07,5.83,-0.14,-0.0,-0.0,37.38,1529
2026-08-25T20:56:58.043+02:00,25.75,9.09,-0.18,5.86,-0.1,-0.08,0.01,37.38,1463
2026-08-25T20:56:59.043+02:00,25.75,9.06,-0.16,5.9,-0.1,-0.08,0.01,37.28,1424
2026-08-25T20:57:00.042+02:00,25.81,9.13,-0.09,5.78,-0.1,-0.08,0.01,37.38,1433
2026-08-25T20:57:01.046+02:00,25.81,9.17,-0.2,5.87,-0.1,-0.08,0.0,37.38,1262
2026-08-25T20:57:02.042+02:00,25.75,9.18,-0.14,5.75,-0.1,-0.08,0.01,37.28,1242
2026-08-25T20:57:03.041+02:00,25.75,9.02,-0.18,5.83,-0.1,-0.08,0.01,37.38,1545
2026-08-25T20:57:04.040+02:00,25.81,9.12,-0.13,5.79,-0.1,-0.08,0.01,37.38,1375
2026-08-25T20:57:06.038+02:00,25.75,9.14,-0.21,5.76,-0.1,-0.08,0.0,37.28,1636
2026-08-25T20:57:07.041+02:00,25.75,9.0,-0.45,5.82,-0.1,-0.09,0.01,37.42,1557
2026-08-25T20:57:08.040+02:00,25.81,8.91,-0.41,5.69,-0.1,-0.09,0.01,37.33,1380
2026-08-25T20:57:09.045+02:00,25.81,9.0,-0.27,5.81,-0.1,-0.08,0.01,37.42,1307
2026-08-25T20:57:10.040+02:00,25.81,9.08,-0.46,5.8,-0.11,-0.08,0.0,37.38,2183
2026-08-25T20:57:11.503+02:00,25.75,0.0,0.0,0.0,0.0,0.0,0.0,0.0,4301
2026-08-25T20:57:12.039+02:00,25.75,8.91,-0.51,5.83,-0.09,-0.09,0.01,37.38,1702
2026-08-25T20:57:13.039+02:00,25.81,8.88,-0.33,5.79,-0.1,-0.08,0.01,37.28,1621
2026-08-25T20:57:14.039+02:00,25.75,9.05,-0.31,5.72,-0.1,-0.08,0.01,37.38,1692
2026-08-25T20:57:15.038+02:00,25.81,9.0,-0.49,5.66,-0.1,-0.08,0.0,37.42,1739
2026-08-25T20:57:16.038+02:00,25.81,8.98,-0.46,5.75,-0.1,-0.09,0.01,37.52,1466
2026-08-25T20:57:17.039+02:00,25.75,8.94,-0.36,5.83,-0.1,-0.09,0.01,37.47,1804
2026-08-25T20:57:18.038+02:00,25.81,8.92,-0.27,5.74,-0.1,-0.09,0.01,37.33,1815
2026-08-25T20:57:19.042+02:00,25.81,8.97,-0.41,5.75,-0.1,-0.08,0.01,37.52,1948
2026-08-25T20:57:20.037+02:00,25.81,9.07,-0.48,5.82,-0.1,-0.09,0.0,37.42,1623
2026-08-25T20:57:21.037+02:00,25.75,8.94,-0.47,5.8,-0.1,-0.08,0.01,37.38,1588
2026-08-25T20:57:22.036+02:00,25.81,8.93,-0.26,5.83,-0.1,-0.08,0.01,37.42,1461
2026-08-25T20:57:23.036+02:00,25.81,9.1,-0.21,5.75,-0.1,-0.08,0.01,37.42,1402
2026-08-25T20:57:24.036+02:00,25.81,9.03,-0.4,5.74,-0.11,-0.08,0.0,37.38,1390
2026-08-25T20:57:25.035+02:00,25.81,8.98,-0.42,5.77,-0.1,-0.09,0.01,37.38,1545
2026-08-25T20:57:26.035+02:00,25.81,8.98,-0.34,5.78,-0.1,-0.08,0.01,37.38,1245
2026-08-25T20:57:27.035+02:00,25.81,9.05,-0.19,5.8,-0.1,-0.08,0.01,37.38,1227
2026-08-25T20:57:28.035+02:00,25.81,9.06,-0.31,5.81,-0.1,-0.08,0.0,37.47,1151
2026-08-25T20:57:29.034+02:00,25.81,9.08,-0.32,5.72,-0.1,-0.08,0.01,37.57,1428
2026-08-25T20:57:30.033+02:00,25.81,8.98,-0.33,5.92,-0.1,-0.08,0.01,37.47,1402
2026-08-25T20:57:31.033+02:00,25.81,8.98,-0.26,5.84,-0.1,-0.08,0.01,37.42,1289
2026-08-25T20:57:32.033+02:00,25.81,9.1,-0.19,5.75,-0.1,-0.08,0.01,37.52,1422
2026-08-25T20:57:33.033+02:00,25.81,9.08,-0.4,5.7,-0.1,-0.09,0.01,37.42,1534
2026-08-25T20:57:34.032+02:00,25.81,8.98,-0.45,5.82,-0.1,-0.09,0.01,37.42,1671
2026-08-25T20:57:36.028+02:00,25.75,8.94,-0.27,5.71,-0.1,-0.08,0.01,37.42,1651
2026-08-25T20:57:37.030+02:00,25.81,9.08,-0.36,5.71,-0.1,-0.08,0.01,37.47,1816
2026-08-25T20:57:38.030+02:00,25.81,9.04,-0.45,5.7,-0.1,-0.09,0.01,37.52,1915
2026-08-25T20:57:39.030+02:00,25.81,8.95,-0.43,5.8,-0.1,-0.09,0.01,37.47,1813
2026-08-25T20:57:40.030+02:00,25.81,9.04,-0.2,5.8,-0.1,-0.09,0.01,37.47,1565
2026-08-25T20:57:41.030+02:00,25.81,9.18,-0.07,5.79,-0.1,-0.09,0.01,37.47,1415
2026-08-25T20:57:42.035+02:00,25.81,9.12,-0.18,5.75,-0.11,-0.08,0.0,37.47,1482
2026-08-25T20:57:43.032+02:00,25.81,9.23,-0.09,5.78,-0.1,-0.09,0.01,37.52,1768
2026-08-25T20:57:44.028+02:00,25.81,8.97,-0.19,5.88,-0.1,-0.08,0.01,37.52,1714
2026-08-25T20:57:45.028+02:00,25.81,9.04,-0.22,5.78,-0.1,-0.08,0.01,37.42,1348
2026-08-25T20:57:46.028+02:00,25.81,9.21,-0.07,5.76,-0.1,-0.08,0.01,37.47,1711
2026-08-25T20:57:47.028+02:00,25.81,9.02,-0.43,5.72,-0.1,-0.09,0.0,37.52,1393
2026-08-25T20:57:48.030+02:00,25.75,9.08,-0.12,5.9,-0.1,-0.09,0.01,37.47,1367
2026-08-25T20:57:49.027+02:00,25.81,9.13,-0.04,5.82,-0.1,-0.08,0.01,37.57,1244
2026-08-25T20:57:50.026+02:00,25.75,9.23,0.04,5.82,-0.1,-0.08,0.01,37.47,1702
2026-08-25T20:57:51.027+02:00,25.81,9.18,-0.06,5.81,-0.1,-0.08,0.0,37.47,1476
2026-08-25T20:57:52.026+02:00,25.81,9.16,-0.06,5.82,-0.1,-0.09,0.01,37.57,1335
2026-08-25T20:57:53.026+02:00,25.81,9.06,-0.16,5.88,-0.1,-0.08,0.01,37.57,1418
2026-08-25T20:57:54.025+02:00,25.81,9.13,-0.11,5.85,-0.1,-0.14,-0.03,37.52,1849
2026-08-25T20:57:55.025+02:00,25.81,9.29,-0.03,5.75,-0.1,-0.09,0.0,37.47,3088
2026-08-25T20:57:56.024+02:00,25.81,9.22,-0.11,5.81,-0.1,-0.08,0.0,37.42,4097
2026-08-25T20:57:57.024+02:00,25.81,9.02,-0.18,5.89,-0.1,-0.09,0.01,37.52,2916
2026-08-25T20:57:58.024+02:00,25.81,9.08,-0.07,5.79,-0.1,-0.08,0.01,37.52,1663
2026-08-25T20:57:59.024+02:00,25.81,9.11,-0.02,5.77,-0.1,-0.08,0.01,37.52,1425
2026-08-25T20:58:00.023+02:00,25.81,9.22,-0.1,5.91,-0.11,-0.09,0.0,37.42,1365
2026-08-25T20:58:01.023+02:00,25.81,9.11,-0.08,5.91,-0.1,-0.09,0.01,37.52,1539
2026-08-25T20:58:02.024+02:00,25.81,8.95,-0.35,5.8,-0.1,-0.08,0.01,37.57,1519
2026-08-25T20:58:03.022+02:00,25.81,8.87,-0.33,5.89,-0.1,-0.08,0.01,37.57,1176
2026-08-25T20:58:04.022+02:00,25.81,8.58,-0.31,-0.31,-0.03,-0.03,-0.03,35.77,3190
2026-08-25T20:58:06.020+02:00,25.81,9.14,-0.39,5.7,-0.11,-0.09,0.01,37.57,1546
2026-08-25T20:58:07.022+02:00,25.81,8.98,-0.27,5.79,-0.09,-0.08,0.01,37.57,1461
2026-08-25T20:58:08.022+02:00,25.81,8.96,-0.27,5.87,-0.1,-0.09,0.01,37.52,1734
2026-08-25T20:58:09.023+02:00,25.81,9.07,-0.23,5.78,-0.1,-0.08,0.01,37.52,1383
2026-08-25T20:58:10.021+02:00,25.81,9.06,-0.46,5.73,-0.1,-0.09,0.01,37.52,1430
2026-08-25T20:58:11.020+02:00,25.81,8.98,-0.49,5.77,-0.09,-0.08,0.01,37.61,1486
2026-08-25T20:58:12.020+02:00,25.81,8.96,-0.34,5.83,-0.1,-0.09,0.02,37.47,1559
2026-08-25T20:58:13.021+02:00,25.81,8.95,-0.22,5.8,-0.1,-0.09,0.01,37.52,1277
2026-08-25T20:58:14.020+02:00,25.81,9.13,-0.17,5.79,-0.11,-0.08,0.01,37.47,1504
2026-08-25T20:58:15.020+02:00,25.81,9.21,-0.02,5.75,-0.1,-0.08,0.01,37.57,2424
2026-08-25T20:58:16.020+02:00,25.81,9.06,-0.1,5.95,-0.09,-0.09,0.01,37.66,1567
2026-08-25T20:58:17.020+02:00,25.81,9.06,-0.12,5.8,-0.1,-0.08,0.01,37.57,1324
2026-08-25T20:58:18.019+02:00,25.81,9.24,-0.02,5.83,-0.1,-0.08,0.0,37.66,1225
2026-08-25T20:58:19.018+02:00,25.81,9.21,-0.07,5.74,-0.1,-0.08,0.0,37.57,1475
2026-08-25T20:58:20.018+02:00,25.81,9.01,-0.36,5.87,-0.1,-0.09,0.01,37.47,1704
2026-08-25T20:58:21.018+02:00,25.81,8.94,-0.24,5.66,-0.1,-0.09,0.01,37.52,1257
2026-08-25T20:58:22.018+02:00,25.81,9.08,-0.26,5.69,-0.1,-0.08,0.01,37.61,1406
2026-08-25T20:58:23.017+02:00,25.81,9.07,-0.37,5.82,-0.1,-0.09,0.0,37.52,1395
2026-08-25T20:58:24.017+02:00,25.81,9.05,-0.23,5.82,-0.1,-0.09,0.01,37.71,1367
2026-08-25T20:58:25.016+02:00,25.88,9.1,-0.05,5.93,-0.1,-0.08,0.01,37.57,1050
2026-08-25T20:58:26.016+02:00,25.88,9.1,-0.08,5.87,-0.1,-0.08,0.01,37.66,1380
2026-08-25T20:58:27.016+02:00,25.81,9.08,-0.52,5.75,-0.1,-0.09,0.0,37.57,1305
2026-08-25T20:58:28.016+02:00,25.81,8.95,-0.48,5.73,-0.1,-0.09,0.01,37.66,1030
2026-08-25T20:58:29.015+02:00,25.88,9.07,-0.28,5.79,-0.1,-0.08,0.01,37.61,1249
2026-08-25T20:58:30.015+02:00,25.81,9.17,-0.04,5.89,-0.1,-0.08,0.01,37.66,1303
2026-08-25T20:58:31.016+02:00,25.81,9.17,-0.08,5.78,-0.1,-0.08,0.0,37.61,1161
2026-08-25T20:58:32.016+02:00,25.88,9.09,-0.18,5.76,-0.1,-0.08,0.01,37.61,1245
2026-08-25T20:58:33.015+02:00,25.81,9.04,-0.24,5.9,-0.1,-0.09,0.02,37.57,1284
2026-08-25T20:58:34.014+02:00,25.81,9.12,-0.03,5.81,-0.1,-0.08,0.0,37.66,1470
2026-08-25T20:58:36.009+02:00,25.81,9.22,-0.03,5.83,-0.1,-0.08,0.01,37.61,1280
2026-08-25T20:58:37.012+02:00,25.81,8.99,-0.35,5.83,-0.09,-0.08,0.01,37.75,1235
2026-08-25T20:58:38.012+02:00,25.81,9.09,-0.14,5.71,-0.1,-0.08,0.01,37.66,1218
2026-08-25T20:58:39.012+02:00,25.81,9.19,-0.17,5.81,-0.1,-0.08,0.01,37.61,1501
2026-08-25T20:58:40.012+02:00,25.81,9.23,-0.01,5.81,-0.1,-0.14,-0.03,37.61,1155
2026-08-25T20:58:41.011+02:00,25.88,9.14,-0.15,5.88,-0.09,-0.09,0.01,37.61,1342
2026-08-25T20:58:42.010+02:00,25.81,9.07,-0.05,5.84,-0.1,-0.08,0.01,37.61,1430
2026-08-25T20:58:43.010+02:00,25.81,9.18,-0.1,5.78,-0.1,-0.09,0.0,37.71,1474
2026-08-25T20:58:44.010+02:00,25.88,9.1,-0.29,5.77,-0.1,-0.08,0.0,37.71,1480
2026-08-25T20:58:45.009+02:00,25.81,8.88,-0.4,5.81,-0.1,-0.08,0.01,37.71,1335
2026-08-25T20:58:46.010+02:00,25.81,8.96,-0.35,5.83,-0.1,-0.14,-0.03,37.66,1263
2026-08-25T20:58:47.008+02:00,25.88,9.12,-0.17,5.73,-0.1,-0.09,0.01,37.66,1432
2026-08-25T20:58:48.008+02:00,25.88,9.12,-0.2,5.82,-0.11,-0.09,0.01,37.66,1140
2026-08-25T20:58:49.008+02:00,25.81,9.09,-0.18,5.8,-0.1,-0.08,0.01,37.66,1410
2026-08-25T20:58:50.008+02:00,25.88,9.17,-0.06,5.91,-0.1,-0.09,0.01,37.75,1836
2026-08-25T20:58:51.007+02:00,25.81,9.11,-0.14,5.76,-0.1,-0.08,0.01,37.71,1537
2026-08-25T20:58:52.008+02:00,25.81,9.12,-0.31,5.77,-0.1,-0.09,-0.0,37.61,1256
2026-08-25T20:58:53.007+02:00,25.81,9.01,-0.4,5.77,-0.1,-0.09,0.01,37.61,1417
2026-08-25T20:58:54.007+02:00,25.81,8.99,-0.48,5.71,-0.1,-0.08,0.01,37.71,1536
2026-08-25T20:58:55.006+02:00,25.88,9.03,-0.23,5.75,-0.1,-0.08,0.01,37.66,1474
2026-08-25T20:58:56.006+02:00,25.88,9.16,-0.05,5.77,-0.1,-0.08,0.0,37.57,1410
2026-08-25T20:58:57.006+02:00,25.81,9.24,-0.02,5.83,-0.1,-0.08,0.01,37.66,1759
2026-08-25T20:58:58.005+02:00,25.88,9.09,-0.14,5.88,-0.1,-0.08,0.01,37.66,1648
2026-08-25T20:58:59.005+02:00,25.88,9.12,-0.11,5.85,-0.1,-0.08,0.01,37.75,1568
2026-08-25T20:59:00.004+02:00,25.88,9.19,-0.12,5.69,-0.1,-0.09,0.0,37.66,1777
2026-08-25T20:59:01.004+02:00,25.88,9.06,-0.39,5.76,-0.1,-0.09,0.01,37.71,1667
2026-08-25T20:59:02.004+02:00,25.88,8.9,-0.49,5.77,-0.09,-0.08,0.01,37.71,1566
2026-08-25T20:59:03.004+02:00,25.88,8.98,-0.19,5.88,-0.1,-0.09,0.01,37.61,1275
2026-08-25T20:59:04.004+02:00,25.88,9.27,0.06,5.84,-0.1,-0.08,0.0,37.71,1816
2026-08-25T20:59:06.136+02:00,25.81,9.03,-0.24,5.72,-0.1,-0.08,0.01,37.52,4716
2026-08-25T20:59:07.136+02:00,25.88,8.95,-0.43,5.75,-0.0,-0.0,-0.0,37.57,1263
2026-08-25T20:59:08.137+02:00,25.88,9.04,-0.32,5.76,-0.1,-0.09,0.01,37.61,1248
2026-08-25T20:59:09.136+02:00,25.81,9.09,-0.13,5.85,-0.1,-0.08,0.01,37.61,1030
2026-08-25T20:59:10.136+02:00,25.88,9.07,-0.14,5.88,-0.1,-0.08,0.01,37.61,1471
2026-08-25T20:59:11.135+02:00,25.88,9.06,-0.47,5.67,-0.11,-0.09,0.0,37.61,1395
2026-08-25T20:59:12.135+02:00,25.88,9.17,-0.29,5.78,-0.1,-0.09,0.01,37.61,1808
2026-08-25T20:59:13.135+02:00,25.88,9.14,-0.16,5.88,-0.1,-0.08,0.01,37.61,1149
2026-08-25T20:59:14.135+02:00,25.88,9.03,-0.25,5.75,-0.1,-0.08,0.01,37.66,1349
2026-08-25T20:59:15.135+02:00,25.88,9.09,-0.37,5.76,-0.11,-0.09,0.0,37.66,1591
2026-08-25T20:59:16.134+02:00,25.88,9.03,-0.41,5.77,-0.1,-0.09,0.0,37.61,1925
2026-08-25T20:59:17.134+02:00,25.88,8.99,-0.28,5.79,-0.1,-0.08,0.02,37.52,1040
2026-08-25T20:59:18.133+02:00,25.88,9.2,-0.08,5.88,-0.1,-0.08,0.01,37.71,1825
2026-08-25T20:59:19.134+02:00,25.88,8.96,-0.51,5.68,-0.1,-0.09,0.01,37.61,1881
2026-08-25T20:59:20.132+02:00,25.88,9.1,-0.14,5.92,-0.1,-0.09,0.01,37.61,1981
2026-08-25T20:59:21.132+02:00,25.88,8.97,-0.17,5.74,-0.1,-0.09,0.01,37.61,1233
2026-08-25T20:59:22.133+02:00,25.88,9.08,-0.2,5.78,-0.11,-0.08,0.01,37.57,1031
2026-08-25T20:59:23.132+02:00,25.88,9.22,-0.05,5.81,-0.1,-0.08,0.0,37.75,1311
2026-08-25T20:59:24.131+02:00,25.88,8.97,-0.42,5.84,-0.1,-0.09,0.01,37.66,1403
2026-08-25T20:59:25.131+02:00,25.88,9.07,-0.13,5.77,-0.1,-0.08,0.01,37.66,1127
2026-08-25T20:59:26.131+02:00,25.88,9.01,-0.33,5.71,-0.1,-0.08,0.01,37.57,1042
2026-08-25T20:59:27.130+02:00,25.88,9.19,0.02,5.92,-0.1,-0.09,0.01,37.66,1231
2026-08-25T20:59:28.131+02:00,25.88,8.96,-0.33,5.73,-0.1,-0.08,0.01,37.57,1471
2026-08-25T20:59:29.131+02:00,25.88,9.01,-0.06,5.85,-0.1,-0.08,0.01,37.61,1204
2026-08-25T20:59:30.129+02:00,25.88,9.12,-0.17,5.8,-0.1,-0.09,0.0,37.61,1309
2026-08-25T20:59:31.130+02:00,25.88,9.0,-0.44,5.71,-0.1,-0.09,0.01,37.71,946
2026-08-25T20:59:32.129+02:00,25.88,9.11,-0.05,5.82,-0.1,-0.08,0.01,37.71,1441
2026-08-25T20:59:33.128+02:00,25.88,9.08,-0.27,5.7,-0.1,-0.09,0.01,37.71,1403
2026-08-25T20:59:34.128+02:00,25.88,9.16,-0.12,5.82,-0.1,-0.08,0.01,37.75,1376
2026-08-25T20:59:35.991+02:00,25.88,9.15,-0.17,5.86,-0.1,-0.09,0.01,37.66,1592
2026-08-25T20:59:36.993+02:00,25.88,9.1,-0.1,5.86,-0.1,-0.09,0.01,37.71,1435
2026-08-25T20:59:37.993+02:00,25.88,9.1,-0.33,5.71,-0.1,-0.08,0.0,37.71,1483
2026-08-25T20:59:38.993+02:00,25.88,9.19,-0.19,5.77,-0.1,-0.08,0.0,37.71,2290
2026-08-25T20:59:39.992+02:00,25.88,9.04,-0.25,5.75,-0.1,-0.09,0.01,37.66,1499
2026-08-25T20:59:40.992+02:00,25.88,8.95,-0.25,5.87,-0.1,-0.09,0.01,37.66,1413
2026-08-25T20:59:41.992+02:00,25.88,9.21,-0.04,5.84,-0.11,-0.08,0.0,37.66,1593
2026-08-25T20:59:42.992+02:00,25.88,9.02,-0.41,5.79,-0.1,-0.09,0.01,37.66,1657
2026-08-25T20:59:43.991+02:00,25.88,9.06,-0.1,5.82,-0.1,-0.09,0.01,37.66,1602
2026-08-25T20:59:44.991+02:00,25.88,8.97,-0.29,5.82,-0.1,-0.08,0.01,37.71,1431
2026-08-25T20:59:45.990+02:00,25.88,9.12,-0.25,5.76,-0.1,-0.08,0.0,37.71,1338
2026-08-25T20:59:46.990+02:00,25.88,9.08,-0.2,5.89,-0.1,-0.09,0.01,37.8,3507
2026-08-25T20:59:47.990+02:00,25.88,8.86,-0.28,5.65,-0.1,-0.08,0.01,37.71,1392
2026-08-25T20:59:48.990+02:00,25.88,9.28,-0.06,5.71,-0.11,-0.08,0.0,37.75,1445
2026-08-25T20:59:49.996+02:00,25.94,9.07,-0.44,5.79,-0.1,-0.09,0.01,37.75,1180
2026-08-25T20:59:50.989+02:00,25.88,9.13,-0.14,5.74,-0.09,-0.08,0.01,37.75,1205
2026-08-25T20:59:51.988+02:00,25.88,8.98,-0.32,5.68,-0.1,-0.09,0.01,37.75,1572
2026-08-25T20:59:52.988+02:00,25.88,9.2,-0.08,5.85,-0.1,-0.08,0.0,37.8,1374
2026-08-25T20:59:53.988+02:00,25.88,8.98,-0.48,5.81,-0.1,-0.09,0.01,37.8,1119
2026-08-25T20:59:54.988+02:00,25.94,9.08,-0.11,5.9,-0.1,-0.09,0.01,37.8,1072
2026-08-25T20:59:55.987+02:00,25.88,9.02,-0.31,5.59,-0.11,-0.08,0.01,37.8,1273
2026-08-25T20:59:56.987+02:00,25.88,9.21,0.0,5.81,-0.1,-0.09,0.0,37.8,1642
2026-08-25T20:59:57.987+02:00,25.88,8.92,-0.46,5.76,-0.1,-0.08,0.01,37.8,1311
2026-08-25T20:59:58.987+02:00,25.88,9.08,-0.18,5.88,-0.1,-0.09,0.01,37.75,1223
2026-08-25T20:59:59.986+02:00,25.94,9.1,-0.28,5.63,-0.1,-0.09,0.0,37.66,1362
2026-08-25T21:00:00.987+02:00,25.94,9.07,-0.27,5.85,-0.1,-0.09,0.01,37.8,1396
2026-08-25T21:00:01.985+02:00,25.94,9.05,-0.19,5.77,-0.1,-0.09,0.01,37.8,1701
2026-08-25T21:00:02.985+02:00,25.88,9.09,-0.16,5.66,-0.1,-0.08,0.01,37.8,1305
2026-08-25T21:00:03.985+02:00,25.94,9.19,-0.12,5.79,-0.1,-0.03,-0.07,37.8,1412
2026-08-25T21:00:05.982+02:00,25.94,9.16,-0.03,5.86,-0.1,-0.09,0.01,37.8,1294
2026-08-25T21:00:06.985+02:00,25.94,9.22,0.01,5.72,-0.11,-0.08,0.01,37.85,1099
2026-08-25T21:00:07.984+02:00,25.94,9.04,-0.44,5.76,-0.1,-0.09,0.0,37.85,922
2026-08-25T21:00:08.984+02:00,25.94,9.09,-0.11,5.87,-0.1,-0.09,0.01,37.85,1098
2026-08-25T21:00:09.984+02:00,25.94,8.92,-0.31,1.84,-0.0,-0.0,-0.0,36.53,1284
2026-08-25T21:00:10.984+02:00,25.94,9.18,-0.02,5.83,-0.1,-0.09,0.0,37.85,1317
2026-08-25T21:00:11.983+02:00,25.94,9.02,-0.39,5.83,-0.1,-0.09,0.01,37.89,1360
2026-08-25T21:00:12.983+02:00,25.94,8.92,-0.23,5.74,-0.1,-0.08,0.01,37.8,1159
2026-08-25T21:00:13.983+02:00,25.94,9.27,0.01,5.91,-0.11,-0.08,0.01,37.75,1332
2026-08-25T21:00:14.982+02:00,25.94,9.11,-0.33,5.8,-0.1,-0.09,0.01,37.85,1456
2026-08-25T21:00:15.983+02:00,25.94,8.93,-0.39,5.79,-0.1,-0.08,0.01,37.8,1596
2026-08-25T21:00:16.983+02:00,25.94,9.21,-0.04,5.82,-0.11,-0.08,0.01,37.75,1535
2026-08-25T21:00:17.982+02:00,25.94,9.18,-0.02,5.87,-0.1,-0.09,0.0,37.85,1432
2026-08-25T21:00:18.983+02:00,25.94,8.91,-0.38,5.84,-0.1,-0.09,0.01,37.85,1735
2026-08-25T21:00:19.981+02:00,25.94,8.9,-0.23,5.71,-0.1,-0.08,0.01,37.89,1807
2026-08-25T21:00:20.980+02:00,25.94,9.14,-0.15,5.77,-0.1,-0.09,0.0,37.8,1683
2026-08-25T21:00:21.980+02:00,25.94,9.13,-0.14,5.87,-0.1,-0.09,0.01,37.89,1644
2026-08-25T21:00:22.986+02:00,25.94,9.0,-0.23,5.81,-0.1,-0.08,0.02,37.8,1358
2026-08-25T21:00:23.980+02:00,25.94,9.02,-0.43,5.68,-0.11,-0.09,0.0,37.85,1640
2026-08-25T21:00:24.980+02:00,25.94,9.02,-0.31,5.87,-0.1,-0.09,0.01,37.85,1737
2026-08-25T21:00:25.979+02:00,25.94,9.14,-0.07,5.85,-0.1,-0.08,0.01,37.85,1482
2026-08-25T21:00:26.979+02:00,25.94,9.15,-0.07,5.77,-0.11,-0.08,0.01,37.89,1317
2026-08-25T21:00:27.979+02:00,25.94,9.03,-0.43,5.73,-0.1,-0.09,0.01,37.89,1180
2026-08-25T21:00:28.979+02:00,25.94,8.96,-0.34,5.8,-0.1,-0.08,0.02,37.89,1257
2026-08-25T21:00:29.978+02:00,25.94,9.16,-0.04,5.79,-0.1,-0.08,0.01,37.8,1206
2026-08-25T21:00:30.977+02:00,25.94,9.21,-0.05,5.83,-0.1,-0.09,0.0,37.89,1440
2026-08-25T21:00:31.977+02:00,25.94,8.94,-0.3,5.84,-0.1,-0.08,0.01,37.89,1289
2026-08-25T21:00:32.978+02:00,25.94,8.91,-0.28,5.83,-0.1,-0.08,0.01,37.85,1362
2026-08-25T21:00:33.977+02:00,25.94,9.04,-0.44,5.71,-0.1,-0.09,0.0,37.89,1395
2026-08-25T21:00:35.973+02:00,25.94,9.04,-0.1,5.76,-0.1,-0.08,0.01,37.94,1423
2026-08-25T21:00:36.975+02:00,25.94,9.06,-0.37,5.71,-0.1,-0.09,0.0,37.89,1508
2026-08-25T21:00:37.975+02:00,25.94,9.12,-0.13,5.91,-0.1,-0.08,0.01,37.89,1493
2026-08-25T21:00:38.975+02:00,25.94,9.02,-0.21,5.84,-0.1,-0.08,0.01,37.89,1514
2026-08-25T21:00:39.975+02:00,25.94,8.99,-0.44,5.66,-0.1,-0.08,0.0,37.89,1427
2026-08-25T21:00:40.974+02:00,25.94,9.12,-0.28,5.86,-0.1,-0.08,0.01,37.89,1530
2026-08-25T21:00:41.974+02:00,25.94,9.1,-0.1,5.83,-0.1,-0.08,0.01,37.85,1527
2026-08-25T21:00:42.974+02:00,25.94,9.26,0.0,5.82,-0.1,-0.08,0.0,37.85,1530
2026-08-25T21:00:43.974+02:00,25.94,9.12,-0.28,5.75,-0.1,-0.09,0.01,37.8,1259
2026-08-25T21:00:44.973+02:00,25.94,8.9,-0.41,5.77,-0.09,-0.09,0.01,37.85,1210
2026-08-25T21:00:45.973+02:00,25.94,9.05,-0.16,5.77,-0.1,-0.08,0.01,37.8,1408
2026-08-25T21:00:46.972+02:00,26.0,9.25,0.04,5.82,-0.1,-0.08,0.01,37.8,1452
2026-08-25T21:00:47.972+02:00,25.94,8.94,-0.29,5.86,-0.1,-0.09,0.01,37.85,1279
2026-08-25T21:00:48.972+02:00,25.94,8.91,-0.27,5.73,-0.1,-0.08,0.01,37.85,1270
2026-08-25T21:00:49.972+02:00,25.94,9.16,-0.25,5.81,-0.1,-0.08,0.0,37.85,1255
2026-08-25T21:00:50.972+02:00,25.94,9.08,-0.17,5.89,-0.1,-0.09,0.01,37.85,1244
2026-08-25T21:00:51.971+02:00,25.94,8.89,-0.26,5.8,-0.1,-0.08,0.01,37.85,1615
2026-08-25T21:00:52.971+02:00,26.0,9.15,-0.24,5.61,-0.1,-0.09,0.0,37.85,1584
2026-08-25T21:00:53.970+02:00,25.94,9.24,-0.07,5.86,-0.1,-0.08,0.01,37.8,1396
2026-08-25T21:00:54.970+02:00,25.94,8.98,-0.38,5.79,-0.1,-0.09,0.01,37.89,1324
2026-08-25T21:00:55.970+02:00,25.94,9.1,-0.09,5.78,-0.1,-0.08,0.01,37.8,1723
2026-08-25T21:00:56.969+02:00,25.94,9.21,-0.1,5.83,-0.11,-0.09,0.0,37.89,1533
2026-08-25T21:00:57.969+02:00,26.0,8.89,-0.48,5.78,-0.1,-0.09,0.01,37.89,3636
2026-08-25T21:00:58.969+02:00,26.0,9.09,-0.07,5.88,-0.1,-0.09,0.01,37.75,1425
2026-08-25T21:00:59.968+02:00,26.0,9.09,-0.3,5.84,-0.1,-0.08,0.0,37.85,1420
2026-08-25T21:01:00.968+02:00,26.0,8.98,-0.47,5.67,-0.1,-0.09,0.01,37.89,1553
2026-08-25T21:01:01.968+02:00,26.0,9.03,-0.13,5.83,-0.1,-0.09,0.01,37.89,1469
2026-08-25T21:01:02.967+02:00,26.0,9.27,-0.02,5.9,-0.1,-0.09,0.0,37.8,1551
2026-08-25T21:01:03.967+02:00,26.0,9.07,-0.33,5.77,-0.1,-0.09,0.01,37.8,1699
2026-08-25T21:01:05.967+02:00,26.0,9.16,-0.06,5.83,-0.1,-0.08,0.01,37.89,1559
2026-08-25T21:01:06.966+02:00,25.94,9.22,-0.08,5.78,-0.1,-0.08,0.0,37.85,2146
2026-08-25T21:01:07.966+02:00,25.94,8.89,-0.42,5.81,-0.1,-0.09,0.01,37.85,1624
2026-08-25T21:01:08.967+02:00,25.94,9.14,0.13,5.84,-0.11,-0.08,0.01,37.8,1100
2026-08-25T21:01:09.965+02:00,26.0,9.13,-0.25,5.71,-0.11,-0.09,0.0,37.8,1550
2026-08-25T21:01:10.965+02:00,26.0,8.91,-0.45,5.74,-0.1,-0.08,0.01,37.89,1536
2026-08-25T21:01:11.964+02:00,26.0,8.91,-0.26,5.7,-0.1,-0.08,0.01,37.8,1615
2026-08-25T21:01:12.964+02:00,25.94,9.15,-0.26,5.73,-0.11,-0.08,0.0,37.8,1405
2026-08-25T21:01:13.964+02:00,26.0,9.1,-0.09,5.88,-0.1,-0.09,0.01,37.89,1875
2026-08-25T21:01:15.427+02:00,26.0,0.0,0.0,0.0,0.0,0.0,0.0,0.0,4412
2026-08-25T21:01:15.963+02:00,26.0,9.0,-0.33,5.73,-0.1,-0.09,0.01,37.85,1590
2026-08-25T21:01:16.963+02:00,25.94,8.94,-0.54,5.76,-0.1,-0.09,0.01,37.89,1623
2026-08-25T21:01:17.963+02:00,26.0,8.93,-0.22,5.67,-0.1,-0.08,0.01,37.89,1453
2026-08-25T21:01:18.963+02:00,25.94,9.14,-0.18,5.79,-0.1,-0.08,0.0,37.89,1388
2026-08-25T21:01:19.962+02:00,25.94,9.18,-0.06,5.87,-0.1,-0.09,0.01,37.99,1302
2026-08-25T21:01:20.967+02:00,26.0,8.95,-0.23,5.83,-0.1,-0.09,0.02,37.94,1410
2026-08-25T21:01:21.971+02:00,26.0,9.01,-0.32,5.7,-0.1,-0.09,0.01,37.85,1648
2026-08-25T21:01:22.961+02:00,25.94,9.15,-0.23,5.75,-0.1,-0.09,0.0,37.94,1355
2026-08-25T21:01:23.960+02:00,26.0,9.05,-0.11,5.84,-0.1,-0.08,0.01,37.94,1463
2026-08-25T21:01:24.960+02:00,26.0,9.03,-0.2,5.83,-0.1,-0.08,0.01,37.85,1955
2026-08-25T21:01:25.960+02:00,26.0,9.01,-0.45,5.73,-0.1,-0.09,0.01,37.89,1329
2026-08-25T21:01:26.962+02:00,26.0,9.13,-0.15,5.96,-0.1,-0.09,0.0,37.99,1487
2026-08-25T21:01:27.958+02:00,26.0,9.01,-0.2,5.88,-0.1,-0.08,0.01,37.89,1407
2026-08-25T21:01:28.959+02:00,26.0,9.0,-0.35,5.7,-0.1,-0.09,0.0,37.94,1228
2026-08-25T21:01:29.959+02:00,26.0,9.18,0.02,5.96,-0.1,-0.09,0.0,37.94,1204
2026-08-25T21:01:30.958+02:00,26.0,8.94,-0.38,5.74,-0.1,-0.09,0.02,37.94,1205
2026-08-25T21:01:31.958+02:00,26.0,9.18,-0.03,5.82,-0.1,-0.08,0.01,38.04,1527
2026-08-25T21:01:32.960+02:00,26.0,9.03,-0.43,5.73,-0.11,-0.09,0.0,37.94,1439
2026-08-25T21:01:33.958+02:00,26.0,9.11,-0.18,5.86,-0.1,-0.08,0.01,37.99,1215
2026-08-25T21:01:35.954+02:00,26.0,9.16,-0.17,5.73,-0.11,-0.08,0.01,38.08,1251
2026-08-25T21:01:36.957+02:00,26.0,9.15,-0.15,5.77,-0.1,-0.08,0.01,37.89,1523
2026-08-25T21:01:37.954+02:00,26.0,9.0,-0.23,5.73,-0.1,-0.08,0.01,38.04,1566
2026-08-25T21:01:38.956+02:00,26.0,9.06,-0.19,5.72,-0.1,-0.08,0.01,38.08,1526
2026-08-25T21:01:39.956+02:00,26.0,9.04,-0.45,5.81,-0.1,-0.09,0.0,37.94,1503
2026-08-25T21:01:40.956+02:00,26.0,8.93,-0.49,5.76,-0.1,-0.09,0.01,37.89,1264
2026-08-25T21:01:41.954+02:00,26.0,9.06,-0.09,5.84,-0.1,-0.08,0.01,37.89,1534
2026-08-25T21:01:42.955+02:00,26.0,9.02,-0.41,5.66,-0.11,-0.08,0.0,37.99,1780
2026-08-25T21:01:43.955+02:00,26.0,9.21,-0.03,5.87,-0.1,-0.08,0.01,37.89,1341
2026-08-25T21:01:44.956+02:00,26.0,8.99,-0.34,5.8,-0.1,-0.09,0.01,38.04,1185
2026-08-25T21:01:45.954+02:00,25.94,9.19,-0.08,5.8,-0.1,-0.08,0.01,37.94,1565
2026-08-25T21:01:46.954+02:00,26.0,9.04,-0.43,5.72,-0.1,-0.08,0.01,38.04,1680
2026-08-25T21:01:47.953+02:00,26.0,9.08,-0.18,5.94,-0.1,-0.09,0.01,38.13,1288
2026-08-25T21:01:48.953+02:00,26.0,8.84,-0.24,5.72,-0.1,-0.09,0.01,38.04,1635
2026-08-25T21:01:49.954+02:00,26.0,9.19,0.0,5.73,-0.1,-0.08,0.0,38.08,1539
2026-08-25T21:01:50.952+02:00,26.0,9.1,-0.53,5.76,-0.1,-0.08,0.01,37.99,1655
2026-08-25T21:01:51.952+02:00,26.0,9.06,-0.09,5.87,-0.09,-0.09,0.01,38.04,1700
2026-08-25T21:01:52.952+02:00,26.0,8.98,-0.28,5.73,-0.1,-0.08,0.01,37.94,1406
2026-08-25T21:01:53.952+02:00,26.0,9.12,-0.23,5.81,-0.11,-0.08,0.0,38.04,1350
2026-08-25T21:01:54.951+02:00,26.0,9.17,-0.08,5.8,-0.1,-0.09,0.01,38.04,1650
2026-08-25T21:01:55.954+02:00,26.0,8.92,-0.43,5.7,-0.1,-0.09,0.01,38.08,1731
2026-08-25T21:01:56.951+02:00,26.0,9.17,-0.05,5.83,-0.1,-0.08,0.01,38.13,1583
2026-08-25T21:01:57.950+02:00,26.0,9.07,-0.42,5.64,-0.1,-0.09,0.0,38.08,1586
2026-08-25T21:01:58.950+02:00,26.0,9.05,-0.27,5.84,-0.1,-0.09,0.01,38.13,1928
2026-08-25T21:01:59.950+02:00,26.0,8.95,-0.21,5.83,-0.1,-0.08,0.01,38.04,1683
2026-08-25T21:02:00.950+02:00,26.0,9.11,-0.17,5.75,-0.1,-0.09,0.01,38.13,1710
2026-08-25T21:02:01.947+02:00,26.0,9.18,-0.15,5.75,-0.1,-0.08,0.01,38.04,1355
2026-08-25T21:02:02.948+02:00,26.0,8.9,-0.39,5.75,-0.09,-0.09,0.01,37.99,1477
2026-08-25T21:02:03.948+02:00,26.0,9.09,-0.12,5.95,-0.0,-0.0,-0.0,37.94,2650
2026-08-25T21:02:05.945+02:00,26.0,9.16,-0.03,5.84,-0.1,-0.09,0.01,38.08,1414
2026-08-25T21:02:06.948+02:00,26.0,8.92,-0.36,5.75,-0.1,-0.09,0.01,38.22,1499
2026-08-25T21:02:07.948+02:00,26.0,9.03,-0.27,5.57,-0.1,-0.09,0.01,38.18,2157
2026-08-25T21:02:08.947+02:00,26.0,9.26,-0.03,5.84,-0.11,-0.08,0.0,38.08,1445
2026-08-25T21:02:09.946+02:00,26.0,8.91,-0.46,5.69,-0.09,-0.09,0.01,38.18,1331
2026-08-25T21:02:10.946+02:00,26.0,9.1,-0.12,5.8,-0.1,-0.08,0.01,38.18,1526
2026-08-25T21:02:11.946+02:00,26.0,9.19,-0.26,5.73,-0.11,-0.08,0.0,38.08,1606
2026-08-25T21:02:12.946+02:00,26.0,9.13,-0.21,5.82,-0.1,-0.09,0.0,38.13,1771
2026-08-25T21:02:13.945+02:00,26.0,9.02,-0.21,5.81,-0.1,-0.08,0.01,38.04,1602
2026-08-25T21:02:14.943+02:00,26.0,9.04,-0.11,5.85,-0.1,-0.08,0.01,38.04,1415
2026-08-25T21:02:15.942+02:00,26.0,9.08,-0.32,5.74,-0.1,-0.09,0.0,38.18,1387
2026-08-25T21:02:16.942+02:00,26.0,8.97,-0.36,5.87,-0.1,-0.09,0.01,38.04,1460
2026-08-25T21:02:17.941+02:00,26.0,9.11,-0.13,5.88,-0.1,-0.09,0.01,38.08,1839
2026-08-25T21:02:18.941+02:00,26.0,9.07,-0.31,5.68,-0.1,-0.09,0.0,38.18,1061
2026-08-25T21:02:19.940+02:00,26.0,9.13,-0.23,5.75,-0.1,-0.08,0.01,38.18,1323
2026-08-25T21:02:20.949+02:00,26.0,9.05,-0.15,5.76,-0.1,-0.09,0.01,38.22,1564
2026-08-25T21:02:21.940+02:00,26.06,8.9,-0.32,5.77,-0.1,-0.09,0.01,38.22,1803
2026-08-25T21:02:22.940+02:00,26.0,9.26,0.04,5.73,-0.11,-0.08,0.01,38.13,1259
2026-08-25T21:02:23.939+02:00,26.0,9.11,-0.32,5.75,-0.1,-0.09,0.0,38.18,1568
2026-08-25T21:02:24.939+02:00,26.0,8.87,-0.45,5.81,-0.1,-0.09,0.01,38.18,2135
2026-08-25T21:02:25.939+02:00,26.06,9.11,-0.16,5.9,-0.1,-0.09,0.01,38.27,1804
2026-08-25T21:02:26.940+02:00,26.0,9.16,-0.16,5.71,-0.1,-0.09,0.0,38.22,2677
2026-08-25T21:02:27.941+02:00,26.0,9.02,-0.53,5.7,-0.1,-0.09,0.01,38.13,1334
2026-08-25T21:02:28.940+02:00,26.06,8.96,-0.41,5.88,-0.1,-0.08,0.01,38.27,1529
2026-08-25T21:02:29.940+02:00,26.06,9.1,-0.1,5.87,-0.1,-0.08,0.01,38.27,6436
2026-08-25T21:02:30.940+02:00,26.06,9.19,-0.14,5.73,-0.11,-0.09,0.0,38.27,3354
2026-08-25T21:02:31.147+02:00,4.3,9.6,0.1,4.2,-0.1,-0.07,0.01,27.2,150
2026-08-25T21:02:31.940+02:00,26.0,9.1,-0.43,5.75,-0.1,-0.09,0.01,38.27,1496
2026-08-25T21:02:32.940+02:00,26.06,8.96,-0.35,5.88,-0.1,-0.09,0.02,38.22,1506
2026-08-25T21:02:33.939+02:00,26.06,9.01,-0.31,5.76,-0.1,-0.08,0.01,38.27,1420
2026-08-25T21:02:35.939+02:00,26.06,9.02,-0.42,5.74,-0.1,-0.09,0.01,38.22,1268
2026-08-25T21:02:36.940+02:00,26.06,8.98,-0.39,5.74,-0.1,-0.08,0.01,38.27,1173
2026-08-25T21:02:37.938+02:00,26.06,9.04,-0.2,5.82,-0.1,-0.08,0.01,38.27,2529
2026-08-25T21:02:38.938+02:00,26.06,9.22,-0.03,5.79,-0.11,-0.08,0.0,38.27,1385
2026-08-25T21:02:39.937+02:00,26.06,8.96,-0.53,5.86,-0.1,-0.09,0.01,38.27,1191
2026-08-25T21:02:40.936+02:00,26.06,9.14,-0.08,5.92,-0.1,-0.09,0.01,38.22,1505
2026-08-25T21:02:41.934+02:00,26.06,9.0,-0.3,5.77,-0.1,-0.09,0.01,38.22,1375
2026-08-25T21:02:42.934+02:00,26.06,9.23,-0.05,5.81,-0.11,-0.09,0.01,38.18,1563
2026-08-25T21:02:43.934+02:00,26.06,8.81,-0.48,5.8,-0.1,-0.08,0.01,38.18,1386
2026-08-25T21:02:44.935+02:00,26.06,9.07,-0.1,5.83,-0.1,-0.09,0.01,38.22,1251
2026-08-25T21:02:45.936+02:00,26.06,9.01,-0.36,5.71,-0.1,-0.09,0.0,38.32,1350
2026-08-25T21:02:46.935+02:00,26.12,9.2,-0.05,5.82,-0.1,-0.09,0.01,38.41,1541
2026-08-25T21:02:47.935+02:00,26.06,8.96,-0.36,5.75,-0.1,-0.09,0.01,38.32,2241
2026-08-25T21:02:48.935+02:00,26.06,9.1,-0.06,5.83,-0.1,-0.08,0.01,38.32,1520
2026-08-25T21:02:49.934+02:00,26.06,9.02,-0.32,5.68,-0.11,-0.09,0.01,38.37,1489
2026-08-25T21:02:50.934+02:00,26.06,9.07,-0.29,5.77,-0.1,-0.09,0.01,38.27,1274
2026-08-25T21:02:51.935+02:00,26.06,9.0,-0.1,5.78,-0.1,-0.08,0.01,38.37,1630
2026-08-25T21:02:52.933+02:00,26.06,9.02,-0.27,5.74,-0.11,-0.08,0.0,38.32,1928
2026-08-25T21:02:53.933+02:00,26.06,9.28,-0.03,5.79,-0.1,-0.09,0.0,38.32,1525
2026-08-25T21:02:54.932+02:00,26.06,8.91,-0.43,5.87,-0.1,-0.09,0.01,38.37,1310
2026-08-25T21:02:55.934+02:00,26.06,9.02,-0.18,5.83,-0.1,-0.08,0.01,38.27,1705
2026-08-25T21:02:56.932+02:00,26.06,9.21,-0.17,5.76,-0.11,-0.08,0.01,38.27,1468
2026-08-25T21:02:57.932+02:00,26.06,9.05,-0.46,5.76,-0.11,-0.09,0.01,38.27,1416
2026-08-25T21:02:58.932+02:00,26.12,9.06,-0.19,5.88,-0.1,-0.09,0.01,38.32,1287
2026-08-25T21:02:59.931+02:00,26.06,8.93,-0.29,5.77,-0.1,-0.09,0.01,38.37,1580
2026-08-25T21:03:00.931+02:00,26.06,9.17,-0.07,5.87,-0.1,-0.08,0.01,38.27,1419
2026-08-25T21:03:01.931+02:00,26.12,9.07,-0.23,5.85,-0.1,-0.09,0.01,38.27,1446
2026-08-25T21:03:02.930+02:00,26.06,8.89,-0.36,5.79,-0.1,-0.09,0.01,38.27,1230
2026-08-25T21:03:03.930+02:00,26.12,9.17,0.06,5.83,-0.1,-0.08,0.01,38.41,1510
2026-08-25T21:03:05.926+02:00,26.06,9.21,-0.03,5.74,-0.1,-0.09,0.0,38.32,1626
2026-08-25T21:03:06.929+02:00,26.12,9.02,-0.2,5.88,-0.1,-0.09,0.01,38.22,1657
2026-08-25T21:03:07.928+02:00,26.12,9.2,-0.04,5.83,-0.1,-0.08,0.0,38.37,1577
2026-08-25T21:03:08.928+02:00,26.06,9.05,-0.51,5.69,-0.1,-0.08,0.01,38.37,1445
2026-08-25T21:03:09.928+02:00,26.06,9.11,-0.2,5.82,-0.1,-0.09,0.01,38.46,1438
2026-08-25T21:03:10.928+02:00,26.06,9.01,-0.13,5.79,-0.1,-0.08,0.01,38.32,1154
2026-08-25T21:03:11.928+02:00,26.06,9.06,-0.29,5.71,-0.1,-0.08,0.01,38.32,1622
2026-08-25T21:03:12.927+02:00,26.12,9.22,0.03,5.8,-0.11,-0.08,0.0,38.46,1496
2026-08-25T21:03:13.927+02:00,26.06,8.89,-0.46,5.78,-0.1,-0.09,0.01,38.37,1470
2026-08-25T21:03:14.927+02:00,26.12,9.05,-0.12,5.9,-0.1,-0.08,0.01,38.27,1381
2026-08-25T21:03:15.926+02:00,26.06,9.13,-0.24,5.66,-0.1,-0.09,0.01,38.37,1323
2026-08-25T21:03:16.926+02:00,26.12,9.13,-0.31,5.84,-0.1,-0.09,0.01,38.32,1585
2026-08-25T21:03:17.925+02:00,26.06,9.14,-0.14,5.81,-0.1,-0.08,0.01,38.37,1421
2026-08-25T21:03:18.925+02:00,26.06,8.91,-0.26,5.69,-0.1,-0.08,0.01,38.32,1338
2026-08-25T21:03:19.925+02:00,26.12,9.21,-0.02,5.8,-0.1,-0.09,0.0,38.37,1523
2026-08-25T21:03:20.925+02:00,26.06,9.07,-0.48,5.73,-0.1,-0.09,0.01,38.32,1735
2026-08-25T21:03:21.924+02:00,26.12,9.06,-0.23,5.87,-0.1,-0.08,0.01,38.41,1747
2026-08-25T21:03:22.924+02:00,26.06,9.14,-0.14,5.68,-0.11,-0.08,0.01,38.37,2310
2026-08-25T21:03:23.924+02:00,26.12,9.21,0.03,5.77,-0.1,-0.09,0.01,38.27,3181
2026-08-25T21:03:24.923+02:00,26.12,8.91,-0.45,5.71,-0.1,-0.09,0.01,38.37,1688
2026-08-25T21:03:25.924+02:00,26.12,9.01,-0.17,5.73,-0.1,-0.08,0.01,38.27,1569
2026-08-25T21:03:26.923+02:00,26.12,9.22,-0.1,5.69,-0.1,-0.08,0.0,38.27,1757
2026-08-25T21:03:27.923+02:00,26.12,9.07,-0.38,5.71,-0.1,-0.09,0.0,38.37,1382
2026-08-25T21:03:28.921+02:00,26.12,9.01,-0.16,5.93,-0.1,-0.09,0.01,38.41,1631
2026-08-25T21:03:29.920+02:00,26.12,9.05,-0.08,5.79,-0.1,-0.08,0.01,38.37,1741
2026-08-25T21:03:30.920+02:00,26.12,9.01,-0.4,5.66,-0.1,-0.09,0.01,38.37,1562
2026-08-25T21:03:31.920+02:00,26.12,9.22,-0.03,5.83,-0.1,-0.08,0.01,38.37,1452
2026-08-25T21:03:32.920+02:00,26.12,8.99,-0.22,5.66,-0.1,-0.08,0.01,38.32,1606
2026-08-25T21:03:33.920+02:00,26.12,8.97,-0.16,5.86,-0.1,-0.08,0.01,38.22,1542
2026-08-25T21:03:35.916+02:00,26.12,9.06,-0.43,5.78,-0.1,-0.09,0.01,38.37,1403
2026-08-25T21:03:36.918+02:00,26.12,9.0,-0.22,5.8,-0.1,-0.08,0.01,38.37,1483
2026-08-25T21:03:37.918+02:00,26.12,9.05,-0.18,5.87,-0.11,-0.08,0.01,38.46,1524
2026-08-25T21:03:38.918+02:00,26.12,9.24,0.02,5.87,-0.1,-0.09,0.01,38.41,1302
2026-08-25T21:03:39.922+02:00,26.12,8.92,-0.43,5.79,-0.1,-0.09,0.01,38.32,1344
2026-08-25T21:03:40.917+02:00,26.12,8.97,-0.23,5.72,-0.1,-0.08,0.01,38.41,1370
2026-08-25T21:03:41.916+02:00,26.12,9.3,0.05,5.74,-0.1,-0.08,0.0,38.46,3812
2026-08-25T21:03:42.916+02:00,26.12,9.22,-0.21,5.72,-0.1,-0.09,0.01,38.37,1996
2026-08-25T21:03:43.916+02:00,26.12,8.86,-0.48,5.83,-0.1,-0.09,0.01,38.46,1300
2026-08-25T21:03:44.915+02:00,26.12,8.96,-0.16,5.79,-0.1,-0.08,0.01,38.41,1900
2026-08-25T21:03:45.918+02:00,26.12,9.25,0.01,5.76,-0.1,-0.08,0.0,38.32,1740
2026-08-25T21:03:46.913+02:00,26.12,9.12,-0.38,5.79,-0.1,-0.09,0.01,38.32,1662
2026-08-25T21:03:47.911+02:00,26.12,9.08,-0.1,5.89,-0.09,-0.09,0.01,38.37,1388
2026-08-25T21:03:48.911+02:00,26.12,9.04,-0.16,5.74,-0.1,-0.08,0.01,38.46,2080
2026-08-25T21:03:49.911+02:00,26.12,8.98,-0.4,5.7,-0.11,-0.09,0.0,38.41,2003
2026-08-25T21:03:50.910+02:00,26.12,9.08,-0.32,5.78,-0.1,-0.08,0.01,38.41,1576
2026-08-25T21:03:51.913+02:00,26.12,9.02,-0.2,5.81,-0.1,-0.09,0.01,38.41,3945
2026-08-25T21:03:52.912+02:00,26.12,9.07,-0.04,5.79,-0.1,-0.08,0.01,38.51,1609
2026-08-25T21:03:53.909+02:00,26.12,9.14,-0.29,5.66,-0.1,-0.09,0.01,38.37,1744
2026-08-25T21:03:54.913+02:00,26.12,9.01,-0.45,5.78,-0.1,-0.08,0.01,38.46,1593
2026-08-25T21:03:55.913+02:00,26.12,8.96,-0.37,5.85,-0.1,-0.09,0.01,38.46,3729
2026-08-25T21:03:56.908+02:00,26.06,9.02,-0.11,5.86,-0.1,-0.09,0.01,38.41,1414
2026-08-25T21:03:57.911+02:00,26.12,9.17,0.02,5.8,-0.11,-0.09,0.0,38.41,1684
2026-08-25T21:03:58.911+02:00,26.12,9.17,-0.14,5.81,-0.1,-0.09,0.01,38.51,1686
2026-08-25T21:03:59.910+02:00,26.12,8.91,-0.43,5.82,-0.09,-0.09,0.01,38.46,1495
2026-08-25T21:04:00.910+02:00,26.12,18.39,-0.0,-0.0,-0.0,-0.0,-0.0,36.53,1324
2026-08-25T21:04:01.910+02:00,26.12,9.07,-0.13,5.79,-0.11,-0.08,0.01,38.51,1650
2026-08-25T21:04:02.915+02:00,26.12,9.21,0.03,5.86,-0.1,-0.09,0.01,38.41,1565
2026-08-25T21:04:03.907+02:00,26.12,9.04,-0.19,5.85,-0.1,-0.09,0.01,38.46,1171
2026-08-25T21:04:05.908+02:00,26.12,9.17,0.02,5.84,-0.1,-0.09,0.01,38.46,1280
2026-08-25T21:04:06.909+02:00,26.12,9.11,-0.43,5.78,-0.11,-0.09,0.01,38.41,1827
2026-08-25T21:04:07.909+02:00,26.19,9.0,-0.45,5.65,-0.1,-0.09,0.01,38.41,1236
2026-08-25T21:04:08.908+02:00,26.12,8.94,-0.23,5.79,-0.1,-0.08,0.01,38.51,1267
2026-08-25T21:04:09.908+02:00,26.19,9.06,-0.23,5.69,-0.1,-0.08,0.01,38.46,1376
2026-08-25T21:04:10.905+02:00,26.19,9.11,-0.16,5.78,-0.1,-0.09,0.0,38.46,1368
2026-08-25T21:04:11.909+02:00,26.12,9.03,-0.11,5.92,-0.1,-0.09,0.01,38.46,1267
2026-08-25T21:04:12.908+02:00,26.12,8.88,-0.32,5.72,-0.1,-0.09,0.01,38.51,1115
2026-08-25T21:04:13.904+02:00,26.19,9.19,-0.08,5.76,-0.1,-0.08,0.01,38.51,1429
2026-08-25T21:04:14.907+02:00,26.19,9.19,0.01,5.71,-0.1,-0.09,0.0,38.51,1665
2026-08-25T21:04:15.907+02:00,26.12,8.95,-0.41,5.73,-0.09,-0.09,0.01,38.55,1498
2026-08-25T21:04:16.906+02:00,26.12,8.9,-0.24,5.83,-0.1,-0.08,0.01,38.51,1211
2026-08-25T21:04:17.903+02:00,26.19,9.25,0.07,5.8,-0.11,-0.09,0.0,38.51,1538
2026-08-25T21:04:18.906+02:00,26.19,9.09,-0.32,5.69,-0.11,-0.09,0.01,38.51,1652
2026-08-25T21:04:19.905+02:00,26.19,8.88,-0.39,5.72,-0.1,-0.09,0.02,38.51,1405
2026-08-25T21:04:20.905+02:00,26.19,9.08,-0.13,5.76,-0.1,-0.08,0.01,38.55,1597
2026-08-25T21:04:21.904+02:00,26.19,9.09,-0.23,5.69,-0.1,-0.08,0.0,38.55,1475
2026-08-25T21:04:22.905+02:00,26.19,9.05,-0.41,5.73,-0.1,-0.09,0.01,38.55,1578
2026-08-25T21:04:23.904+02:00,26.19,9.09,-0.21,5.87,-0.09,-0.09,0.01,38.51,1805
2026-08-25T21:04:24.904+02:00,26.19,9.11,-0.05,5.83,-0.1,-0.08,0.01,38.46,1329
2026-08-25T21:04:25.903+02:00,26.12,9.12,-0.28,5.74,-0.1,-0.08,0.0,38.51,1421
2026-08-25T21:04:26.903+02:00,26.19,9.06,-0.5,5.74,-0.1,-0.09,0.01,38.46,1699
2026-08-25T21:04:27.900+02:00,26.19,9.07,-0.15,5.88,-0.1,-0.09,0.01,38.55,1662
2026-08-25T21:04:28.899+02:00,26.12,9.05,-0.07,5.79,-0.1,-0.09,0.01,38.41,1640
2026-08-25T21:04:29.899+02:00,26.19,9.02,-0.38,5.75,-0.1,-0.09,0.0,38.41,1319
2026-08-25T21:04:30.899+02:00,26.19,9.15,-0.13,5.81,-0.1,-0.08,0.01,38.46,1643
2026-08-25T21:04:31.902+02:00,26.19,8.92,-0.41,5.77,-0.1,-0.09,0.01,38.55,1590
2026-08-25T21:04:32.902+02:00,26.19,9.02,-0.13,5.74,-0.1,-0.08,0.01,38.55,1455
2026-08-25T21:04:33.898+02:00,26.19,9.17,-0.01,5.78,-0.11,-0.09,0.0,38.55,1361
2026-08-25T21:04:35.476+02:00,26.19,9.0,-0.16,5.88,-0.1,-0.08,0.01,38.46,2271
2026-08-25T21:04:36.476+02:00,26.19,9.05,-0.29,5.66,-0.11,-0.09,0.01,38.51,1522
2026-08-25T21:04:37.476+02:00,26.19,9.17,-0.23,5.77,-0.1,-0.09,0.0,38.55,2476
2026-08-25T21:04:38.475+02:00,26.19,9.09,-0.09,5.91,-0.1,-0.08,0.01,38.46,1748
2026-08-25T21:04:39.475+02:00,26.19,8.97,-0.25,5.82,-0.1,-0.09,0.01,38.55,1642
2026-08-25T21:04:40.476+02:00,26.19,9.03,-0.34,5.69,-0.1,-0.09,0.01,38.51,1572
2026-08-25T21:04:41.475+02:00,26.19,9.15,-0.05,5.83,-0.1,-0.09,0.0,38.46,1796
2026-08-25T21:04:42.474+02:00,26.19,9.02,-0.33,5.77,-0.1,-0.09,0.01,38.46,1527
2026-08-25T21:04:43.474+02:00,26.19,8.83,-0.34,5.69,-0.1,-0.09,0.01,38.55,1594
2026-08-25T21:04:44.474+02:00,26.19,9.03,-0.33,5.67,-0.1,-0.08,0.01,38.46,1717
2026-08-25T21:04:45.473+02:00,26.19,9.13,-0.31,5.74,-0.11,-0.09,0.01,38.6,2388
2026-08-25T21:04:46.473+02:00,26.19,9.12,-0.14,5.94,-0.1,-0.09,0.01,38.51,1525
2026-08-25T21:04:47.472+02:00,26.19,9.13,-0.0,5.86,-0.1,-0.08,0.01,38.55,1690
2026-08-25T21:04:48.473+02:00,26.19,9.11,-0.11,5.8,-0.1,-0.08,0.0,38.55,1557
2026-08-25T21:04:49.472+02:00,26.19,9.07,-0.44,5.86,-0.1,-0.09,0.0,38.55,1898
2026-08-25T21:04:50.472+02:00,26.19,8.92,-0.54,5.82,-0.1,-0.09,0.01,38.51,1747
2026-08-25T21:04:51.471+02:00,26.19,8.93,-0.37,5.87,-0.1,-0.08,0.01,38.51,2529
2026-08-25T21:04:52.472+02:00,26.19,9.12,-0.07,5.76,-0.1,-0.08,0.01,38.51,2158
2026-08-25T21:04:53.471+02:00,26.19,9.17,0.02,5.86,-0.1,-0.08,0.0,38.55,2215
2026-08-25T21:04:54.470+02:00,26.19,9.19,0.04,5.78,-0.1,-0.09,0.01,38.55,1786
2026-08-25T21:04:55.470+02:00,26.19,9.07,-0.11,5.78,-0.09,-0.08,0.01,38.55,1803
2026-08-25T21:04:56.470+02:00,26.19,9.09,-0.16,5.77,-0.1,-0.08,0.01,38.51,1846
2026-08-25T21:04:57.470+02:00,26.19,9.04,-0.32,5.71,-0.1,-0.08,0.0,38.46,1773
2026-08-25T21:04:58.469+02:00,26.19,9.08,-0.44,5.76,-0.1,-0.09,0.01,38.55,1428
2026-08-25T21:04:59.469+02:00,26.19,8.92,-0.43,5.79,-0.1,-0.09,0.01,38.46,2041
2026-08-25T21:05:00.470+02:00,26.19,8.93,-0.22,5.81,-0.1,-0.08,0.01,38.51,1900
2026-08-25T21:05:01.468+02:00,26.19,9.22,-0.31,-0.31,-0.03,-0.03,-0.07,35.77,1493
2026-08-25T21:05:02.468+02:00,26.19,9.05,-0.44,5.75,-0.1,-0.09,0.0,38.55,1402
2026-08-25T21:05:03.465+02:00,26.19,8.98,-0.43,5.81,-0.1,-0.09,0.01,38.55,1947
2026-08-25T21:05:04.466+02:00,26.19,9.01,-0.24,5.87,-0.1,-0.09,0.01,38.55,1435
2026-08-25T21:05:05.888+02:00,26.19,9.15,-0.03,5.78,-0.1,-0.08,0.01,38.55,1445
2026-08-25T21:05:06.891+02:00,26.19,9.16,-0.13,5.82,-0.1,-0.08,0.0,38.55,1318
2026-08-25T21:05:08.355+02:00,26.19,0.0,0.0,0.0,0.0,0.0,0.0,0.0,1491
2026-08-25T21:05:08.890+02:00,26.19,9.02,-0.26,5.86,-0.1,-0.09,0.01,38.46,1288
2026-08-25T21:05:09.891+02:00,26.19,9.17,-0.0,5.77,-0.1,-0.08,0.01,38.55,1362
2026-08-25T21:05:10.889+02:00,26.19,9.1,-0.25,5.85,-0.11,-0.09,0.01,38.55,1150
2026-08-25T21:05:11.889+02:00,26.19,9.04,-0.58,5.83,-0.1,-0.09,0.01,38.6,1304
2026-08-25T21:05:12.888+02:00,26.25,8.94,-0.42,5.76,-0.1,-0.09,0.01,38.6,1342
2026-08-25T21:05:13.888+02:00,26.19,9.01,-0.22,5.72,-0.1,-0.09,0.01,38.46,1610
2026-08-25T21:05:14.888+02:00,26.19,9.14,-0.13,5.79,-0.11,-0.09,0.0,38.55,1610
2026-08-25T21:05:15.888+02:00,26.25,9.2,0.05,5.93,-0.1,-0.09,0.01,38.46,1395
2026-08-25T21:05:16.887+02:00,26.19,9.06,-0.03,5.79,-0.1,-0.08,0.01,38.51,2546
2026-08-25T21:05:17.888+02:00,26.19,9.06,-0.11,5.83,-0.1,-0.09,0.01,38.51,1811
2026-08-25T21:05:18.888+02:00,26.19,9.19,-0.07,5.74,-0.1,-0.08,0.0,38.55,2076
2026-08-25T21:05:19.887+02:00,26.19,9.21,-0.07,5.73,-0.1,-0.09,0.01,38.65,2433
2026-08-25T21:05:20.886+02:00,26.19,9.09,-0.14,5.82,-0.1,-0.09,0.01,38.55,1703
2026-08-25T21:05:21.886+02:00,26.19,9.02,-0.07,5.83,-0.1,-0.08,0.02,38.6,1828
2026-08-25T21:05:22.887+02:00,26.19,9.12,-0.11,5.73,-0.1,-0.08,0.01,38.51,1974
2026-08-25T21:05:23.886+02:00,26.19,9.14,-0.15,5.79,-0.11,-0.09,0.01,38.65,2052
2026-08-25T21:05:24.886+02:00,26.25,9.07,-0.08,5.86,-0.1,-0.09,0.01,38.65,3478
2026-08-25T21:05:25.884+02:00,26.25,9.1,-0.04,5.83,-0.1,-0.09,0.01,38.55,2345
2026-08-25T21:05:26.886+02:00,26.25,9.07,-0.17,5.73,-0.11,-0.08,0.01,38.6,1906
2026-08-25T21:05:27.884+02:00,26.19,9.02,-0.54,5.77,-0.11,-0.08,0.0,38.6,2082
2026-08-25T21:05:28.884+02:00,26.25,8.96,-0.47,5.83,-0.1,-0.09,0.01,38.6,1987
2026-08-25T21:05:29.883+02:00,26.25,8.98,-0.28,5.79,-0.1,-0.09,0.01,38.65,1919
2026-08-25T21:05:30.883+02:00,26.19,9.11,0.02,5.84,-0.1,-0.08,0.01,38.65,1820
2026-08-25T21:05:31.883+02:00,26.25,9.19,-0.03,5.78,-0.11,-0.09,0.0,38.6,2083
2026-08-25T21:05:32.883+02:00,26.25,9.1,-0.27,5.76,-0.1,-0.09,0.01,38.69,2728
2026-08-25T21:05:33.882+02:00,26.25,8.93,-0.41,5.71,-0.1,-0.09,0.01,38.55,2086
2026-08-25T21:05:35.879+02:00,26.25,9.23,0.02,5.85,-0.11,-0.09,0.01,38.65,1512
2026-08-25T21:05:36.881+02:00,26.25,9.11,-0.22,5.85,-0.1,-0.09,0.01,38.6,2072
2026-08-25T21:05:37.881+02:00,26.25,8.96,-0.39,5.79,-0.1,-0.09,0.01,38.69,2051
2026-08-25T21:05:38.881+02:00,26.25,8.96,-0.29,5.74,-0.1,-0.08,0.01,38.65,1202
2026-08-25T21:05:39.880+02:00,26.25,9.15,-0.17,5.8,-0.11,-0.08,0.0,38.65,1234
2026-08-25T21:05:40.880+02:00,26.25,9.13,0.03,5.8,-0.1,-0.09,0.01,38.69,1573
2026-08-25T21:05:41.880+02:00,26.25,9.04,-0.14,5.79,-0.1,-0.09,0.01,38.69,1507
2026-08-25T21:05:42.880+02:00,26.25,9.11,-0.14,5.66,-0.1,-0.08,0.01,38.74,1205
2026-08-25T21:05:43.879+02:00,26.25,9.22,-0.0,5.82,-0.1,-0.09,0.01,38.65,3112
2026-08-25T21:05:44.880+02:00,26.25,9.13,-0.14,5.77,-0.1,-0.09,0.01,38.74,1708
2026-08-25T21:05:45.879+02:00,26.25,9.05,-0.3,5.85,-0.1,-0.09,0.01,38.65,1316
2026-08-25T21:05:46.878+02:00,26.25,8.93,-0.33,5.72,-0.1,-0.09,0.01,38.69,1222
2026-08-25T21:05:47.878+02:00,26.25,8.97,-0.45,5.71,-0.1,-0.09,0.0,38.69,1398
2026-08-25T21:05:48.877+02:00,26.25,8.98,-0.38,5.74,-0.1,-0.09,0.01,38.65,1486
2026-08-25T21:05:49.877+02:00,26.25,8.96,-0.36,5.78,-0.09,-0.09,0.01,38.74,1433
2026-08-25T21:05:51.342+02:00,26.31,0.0,0.0,0.0,0.0,0.0,0.0,0.0,4103
2026-08-25T21:05:51.876+02:00,26.31,9.27,0.03,5.77,-0.11,-0.14,-0.03,38.74,1534
2026-08-25T21:05:52.884+02:00,26.25,9.26,0.01,5.87,-0.1,-0.09,0.0,38.74,1633
2026-08-25T21:05:53.876+02:00,26.25,9.06,-0.19,5.88,-0.1,-0.09,0.01,38.65,1442
2026-08-25T21:05:54.876+02:00,26.31,9.09,-0.05,5.87,-0.1,-0.08,0.01,38.69,1479
2026-08-25T21:05:55.876+02:00,26.31,9.2,-0.08,5.8,-0.11,-0.08,0.01,38.79,1619
2026-08-25T21:05:56.875+02:00,26.31,9.15,-0.13,5.81,-0.11,-0.08,0.0,38.74,2347
2026-08-25T21:05:57.875+02:00,26.31,9.16,-0.1,5.78,-0.1,-0.09,0.01,38.79,1282
2026-08-25T21:05:58.875+02:00,26.31,8.98,-0.17,5.77,-0.1,-0.09,0.01,38.69,1447
2026-08-25T21:05:59.874+02:00,26.31,9.04,-0.19,5.85,-0.1,-0.09,0.01,38.69,1740
2026-08-25T21:06:00.875+02:00,26.25,9.1,-0.4,5.8,-0.11,-0.08,0.01,38.84,1471
2026-08-25T21:06:01.874+02:00,26.31,9.09,-0.41,5.74,-0.1,-0.09,0.01,38.74,1506
2026-08-25T21:06:02.873+02:00,26.31,8.82,-0.51,5.9,-0.1,-0.09,0.01,38.74,1775
2026-08-25T21:06:03.872+02:00,26.31,9.13,-0.07,5.88,-0.1,-0.09,0.01,38.74,1811
2026-08-25T21:06:05.872+02:00,26.31,9.14,-0.22,5.86,-0.1,-0.09,0.01,38.69,1501
2026-08-25T21:06:06.873+02:00,26.31,9.01,-0.37,5.78,-0.1,-0.09,0.01,38.84,1545
2026-08-25T21:06:07.872+02:00,26.31,8.95,-0.32,5.79,-0.1,-0.09,0.01,38.74,1937
2026-08-25T21:06:08.872+02:00,26.31,8.96,-0.32,5.66,-0.11,-0.09,0.01,38.88,1973
2026-08-25T21:06:09.871+02:00,26.31,9.02,-0.48,5.71,-0.11,-0.09,0.01,38.74,2253
2026-08-25T21:06:10.871+02:00,26.31,8.98,-0.34,5.83,-0.1,-0.09,0.01,38.84,3080
2026-08-25T21:06:11.870+02:00,26.31,9.03,-0.15,5.79,-0.1,-0.08,0.01,38.84,1861
2026-08-25T21:06:12.870+02:00,26.31,9.17,-0.01,5.78,-0.11,-0.09,0.01,38.79,1844
2026-08-25T21:06:13.870+02:00,26.31,9.2,-0.14,5.77,-0.11,-0.09,0.0,38.79,1594
2026-08-25T21:06:14.870+02:00,26.31,9.07,-0.24,5.74,-0.1,-0.09,0.01,38.84,1654
2026-08-25T21:06:15.869+02:00,26.31,9.02,-0.38,5.75,-0.1,-0.09,0.01,38.74,1617
2026-08-25T21:06:16.868+02:00,26.31,8.99,-0.38,5.77,-0.1,-0.09,0.01,38.88,1725
2026-08-25T21:06:17.868+02:00,26.31,9.02,-0.44,5.71,-0.11,-0.09,0.0,38.79,1584
2026-08-25T21:06:18.869+02:00,26.31,9.06,-0.51,5.76,-0.1,-0.09,0.01,38.88,1796
2026-08-25T21:06:19.868+02:00,26.31,8.88,-0.41,5.81,-0.1,-0.09,0.01,38.74,1571
2026-08-25T21:06:20.870+02:00,26.38,8.99,-0.14,5.85,-0.1,-0.08,0.01,38.84,1404
2026-08-25T21:06:21.867+02:00,26.31,9.28,0.09,5.78,-0.1,-0.09,0.01,38.79,1701
2026-08-25T21:06:22.868+02:00,26.31,9.04,-0.48,5.83,-0.1,-0.09,0.0,38.93,1608
2026-08-25T21:06:23.867+02:00,26.31,9.05,-0.23,5.83,-0.1,-0.09,0.01,38.84,1570
2026-08-25T21:06:24.868+02:00,26.31,9.06,-0.02,5.94,-0.1,-0.08,0.01,38.84,1309
2026-08-25T21:06:25.867+02:00,26.31,9.17,-0.16,5.73,-0.11,-0.08,0.01,38.84,1898
2026-08-25T21:06:26.867+02:00,26.31,9.04,-0.47,5.69,-0.1,-0.09,0.0,38.88,1970
2026-08-25T21:06:27.867+02:00,26.38,8.98,-0.41,5.83,-0.1,-0.09,0.01,38.88,1594
2026-08-25T21:06:28.872+02:00,26.31,9.11,-0.12,5.76,-0.1,-0.08,0.01,38.93,1320
2026-08-25T21:06:29.866+02:00,26.31,9.2,-0.07,5.72,-0.1,-0.09,0.0,38.84,1585
2026-08-25T21:06:30.866+02:00,26.38,9.05,-0.45,5.65,-0.1,-0.09,0.01,38.79,1498
2026-08-25T21:06:31.865+02:00,26.31,8.96,-0.43,5.76,-0.1,-0.08,0.02,38.88,1574
2026-08-25T21:06:32.865+02:00,26.38,9.09,-0.03,5.92,-0.1,-0.08,0.01,38.74,1575
2026-08-25T21:06:33.865+02:00,26.31,9.22,-0.11,5.79,-0.1,-0.09,0.0,38.74,1535
2026-08-25T21:06:35.860+02:00,26.31,9.09,-0.11,5.87,-0.1,-0.09,0.01,38.93,1478
2026-08-25T21:06:36.863+02:00,26.38,9.06,-0.18,5.72,-0.1,-0.08,0.01,38.84,1479
2026-08-25T21:06:37.862+02:00,26.38,9.06,-0.48,5.67,-0.11,-0.09,0.0,38.74,1671
2026-08-25T21:06:38.862+02:00,26.31,9.02,-0.36,5.67,-0.1,-0.14,-0.03,38.93,1729
2026-08-25T21:06:39.862+02:00,26.31,9.02,-0.24,5.87,-0.1,-0.09,0.01,38.88,1728
2026-08-25T21:06:40.861+02:00,26.38,8.96,-0.29,5.68,-0.1,-0.08,0.01,38.93,1295
2026-08-25T21:06:41.861+02:00,26.31,9.03,-0.27,5.82,-0.11,-0.09,0.01,38.74,1623
2026-08-25T21:06:42.861+02:00,26.31,9.21,-0.06,5.83,-0.1,-0.09,0.01,38.84,1606
2026-08-25T21:06:43.860+02:00,26.31,9.12,-0.04,5.83,-0.1,-0.08,0.01,38.79,1718
2026-08-25T21:06:44.860+02:00,26.38,9.05,-0.15,5.67,-0.1,-0.08,0.01,38.79,1403
2026-08-25T21:06:45.860+02:00,26.38,9.07,-0.47,5.78,-0.11,-0.09,0.0,38.88,1567
2026-08-25T21:06:46.860+02:00,26.38,9.01,-0.4,5.82,-0.1,-0.08,0.01,38.84,1578
2026-08-25T21:06:47.860+02:00,26.31,8.97,-0.32,5.86,-0.1,-0.09,0.01,38.84,1563
2026-08-25T21:06:48.859+02:00,26.31,9.05,-0.08,5.87,-0.1,-0.09,0.01,38.88,1566
2026-08-25T21:06:49.859+02:00,26.38,9.24,0.07,5.86,-0.11,-0.09,0.01,38.88,1753
2026-08-25T21:06:50.858+02:00,26.31,9.21,-0.17,5.75,-0.11,-0.09,0.0,38.74,1642
2026-08-25T21:06:51.858+02:00,26.38,8.96,-0.35,5.76,-0.1,-0.09,0.01,38.84,1575
2026-08-25T21:06:52.858+02:00,26.38,8.88,-0.32,5.82,-0.1,-0.09,0.01,38.74,1256
2026-08-25T21:06:53.858+02:00,26.38,8.99,-0.26,5.77,-0.1,-0.08,0.01,38.79,1787
2026-08-25T21:06:54.857+02:00,26.31,9.13,-0.32,5.77,-0.11,-0.09,0.01,38.69,1680
2026-08-25T21:06:55.857+02:00,26.38,9.05,-0.16,5.92,-0.1,-0.08,0.01,38.84,1307
2026-08-25T21:06:56.856+02:00,26.31,9.11,-0.02,5.89,-0.1,-0.09,0.01,38.74,1248
2026-08-25T21:06:57.856+02:00,26.31,9.1,-0.16,5.68,-0.1,-0.09,0.01,38.88,1676
2026-08-25T21:06:58.856+02:00,26.31,8.99,-0.5,5.77,-0.11,-0.09,0.0,38.88,1625
2026-08-25T21:06:59.855+02:00,26.38,9.01,-0.15,5.89,-0.1,-0.09,0.01,38.74,1348
2026-08-25T21:07:00.856+02:00,26.31,8.95,-0.29,5.73,-0.1,-0.08,0.01,38.74,1075
2026-08-25T21:07:01.855+02:00,26.31,9.01,-0.25,5.53,-0.11,-0.08,0.01,38.84,1528
2026-08-25T21:07:02.855+02:00,26.38,9.11,-0.15,5.87,-0.1,-0.09,0.01,38.79,1436
2026-08-25T21:07:03.854+02:00,26.38,9.13,-0.08,5.85,-0.1,-0.09,0.01,38.88,1382
2026-08-25T21:07:05.855+02:00,26.31,8.87,-0.35,5.71,-0.1,-0.08,0.01,38.84,1486
2026-08-25T21:07:06.857+02:00,26.38,9.13,-0.23,5.71,-0.11,-0.09,0.0,38.79,1197
2026-08-25T21:07:07.854+02:00,26.38,9.01,-0.33,5.79,-0.1,-0.09,0.01,38.88,1164
2026-08-25T21:07:08.854+02:00,26.38,8.88,-0.45,5.82,-0.1,-0.08,0.02,38.88,1310
2026-08-25T21:07:09.856+02:00,26.31,8.96,-0.27,5.75,-0.1,-0.08,0.01,38.93,1559
2026-08-25T21:07:10.853+02:00,26.38,9.1,-0.2,5.75,-0.11,-0.09,0.0,38.88,1572
2026-08-25T21:07:11.853+02:00,26.38,9.23,-0.01,5.87,-0.1,-0.09,0.01,38.79,2531
2026-08-25T21:07:12.852+02:00,26.38,9.0,-0.08,5.85,-0.1,-0.09,0.01,38.79,1630
2026-08-25T21:07:13.852+02:00,26.38,9.07,-0.05,5.91,-0.1,-0.08,0.01,38.84,1713
2026-08-25T21:07:14.852+02:00,26.38,9.26,0.09,5.8,-0.1,-0.08,0.0,38.79,1748
2026-08-25T21:07:15.852+02:00,26.38,9.22,-0.01,5.75,-0.1,-0.09,0.0,38.74,1781
2026-08-25T21:07:16.851+02:00,26.38,8.94,-0.43,5.82,-0.1,-0.09,0.01,38.84,1724
2026-08-25T21:07:17.851+02:00,26.38,8.95,-0.31,5.85,-0.1,-0.08,0.01,38.84,2035
2026-08-25T21:07:18.851+02:00,26.38,9.17,0.0,5.77,-0.1,-0.08,0.01,38.84,2051
2026-08-25T21:07:19.851+02:00,26.38,9.28,0.05,5.84,-0.11,-0.08,0.0,38.84,1460
2026-08-25T21:07:20.850+02:00,26.38,9.11,-0.17,5.93,-0.1,-0.09,0.01,38.79,1785
2026-08-25T21:07:21.850+02:00,26.38,9.03,-0.16,5.83,-0.1,-0.08,0.01,38.79,1812
2026-08-25T21:07:22.861+02:00,26.38,9.0,-0.25,5.78,-0.11,-0.08,0.0,38.84,4350
2026-08-25T21:07:23.849+02:00,26.38,8.98,-0.53,5.6,-0.11,-0.09,0.01,38.84,1727
2026-08-25T21:07:24.848+02:00,26.31,9.01,-0.39,5.85,-0.1,-0.09,0.01,38.79,1668
2026-08-25T21:07:25.848+02:00,26.31,9.1,-0.05,5.82,-0.1,-0.09,0.01,38.88,1608
2026-08-25T21:07:26.849+02:00,26.38,9.18,0.01,5.88,-0.1,-0.08,0.01,38.74,1657
2026-08-25T21:07:27.848+02:00,26.38,9.09,-0.31,5.7,-0.11,-0.09,0.0,38.84,1708
2026-08-25T21:07:28.848+02:00,26.38,9.03,-0.47,5.72,-0.1,-0.09,0.01,38.79,1699
2026-08-25T21:07:29.852+02:00,26.38,8.94,-0.39,5.78,-0.1,-0.09,0.01,38.88,1777
2026-08-25T21:07:30.847+02:00,26.38,9.02,-0.04,5.66,-0.1,-0.09,0.01,38.79,2093
2026-08-25T21:07:31.846+02:00,26.38,9.15,-0.04,5.79,-0.1,-0.08,0.0,38.84,1897
2026-08-25T21:07:32.847+02:00,26.38,9.22,0.08,5.79,-0.1,-0.09,0.01,38.84,3731
2026-08-25T21:07:33.846+02:00,26.38,9.08,-0.22,5.82,-0.1,-0.09,0.01,38.84,1371
2026-08-25T21:07:35.842+02:00,26.31,8.96,-0.42,5.71,-0.11,-0.09,0.01,38.88,2839
2026-08-25T21:07:36.845+02:00,26.38,9.22,0.02,5.87,-0.1,-0.09,0.01,38.93,2548
2026-08-25T21:07:37.845+02:00,26.38,9.12,-0.06,5.87,-0.1,-0.09,0.01,38.79,13321
2026-08-25T21:07:38.844+02:00,26.38,9.08,-0.08,5.94,-0.1,-0.08,0.01,38.88,5071
2026-08-25T21:07:39.844+02:00,26.31,9.28,0.07,5.78,-0.11,-0.08,0.0,38.88,1389
2026-08-25T21:07:40.844+02:00,26.38,9.21,0.06,5.78,-0.1,-0.08,0.0,38.84,1674
2026-08-25T21:07:41.843+02:00,26.31,9.09,-0.09,5.82,-0.1,-0.09,0.01,38.84,2392
2026-08-25T21:07:42.843+02:00,26.38,9.08,-0.08,5.89,-0.1,-0.08,0.01,38.84,2733
2026-08-25T21:07:43.843+02:00,26.38,9.1,-0.07,5.75,-0.1,-0.09,0.01,38.88,1724
2026-08-25T21:07:44.843+02:00,26.38,9.17,-0.31,5.83,-0.1,-0.09,0.0,38.88,1513
2026-08-25T21:07:45.847+02:00,26.31,8.97,-0.39,5.81,-0.1,-0.14,-0.03,38.84,1784
2026-08-25T21:07:46.842+02:00,26.38,8.91,-0.38,5.89,-0.1,-0.08,0.01,38.79,1518
2026-08-25T21:07:47.842+02:00,26.38,8.93,-0.34,5.8,-0.1,-0.09,0.01,38.93,1705
2026-08-25T21:07:48.844+02:00,26.38,8.99,-0.41,5.9,-0.11,-0.09,0.0,38.88,2182
2026-08-25T21:07:49.841+02:00,26.38,9.06,-0.3,5.78,-0.1,-0.09,0.01,38.84,1808
2026-08-25T21:07:50.840+02:00,26.38,9.01,-0.3,5.77,-0.1,-0.09,0.01,38.88,1741
2026-08-25T21:07:51.840+02:00,26.38,8.96,-0.22,5.79,-0.1,-0.08,0.01,38.88,1893
2026-08-25T21:07:52.840+02:00,26.31,9.18,-0.18,5.72,-0.1,-0.08,0.0,38.84,1619
2026-08-25T21:07:53.840+02:00,26.38,9.11,-0.28,5.73,-0.1,-0.14,-0.03,38.84,1518
2026-08-25T21:07:54.839+02:00,26.38,8.99,-0.42,5.87,-0.1,-0.09,0.01,38.84,1709
2026-08-25T21:07:55.839+02:00,26.38,8.89,-0.29,5.71,-0.1,-0.08,0.01,38.84,1778
2026-08-25T21:07:56.839+02:00,26.38,9.06,-0.23,5.72,-0.11,-0.08,0.01,38.88,1328
2026-08-25T21:07:57.838+02:00,26.38,9.09,-0.28,5.74,-0.1,-0.09,0.0,38.88,8690
2026-08-25T21:07:58.838+02:00,26.38,9.1,-0.21,5.86,-0.1,-0.09,0.01,38.84,1709
2026-08-25T21:07:59.838+02:00,26.38,9.07,-0.08,5.91,-0.1,-0.09,0.01,38.84,1796
2026-08-25T21:08:00.838+02:00,26.38,9.16,0.12,5.79,-0.1,-0.08,0.01,38.88,4556
2026-08-25T21:08:01.837+02:00,26.38,9.21,0.06,5.83,-0.11,-0.09,0.0,38.88,2085
2026-08-25T21:08:02.837+02:00,26.38,9.24,-0.02,5.79,-0.1,-0.09,0.01,38.93,1751
2026-08-25T21:08:03.836+02:00,26.38,9.12,-0.15,5.94,-0.1,-0.08,0.01,38.93,1928
2026-08-25T21:08:05.841+02:00,26.38,9.09,-0.3,5.7,-0.11,-0.08,0.0,38.88,1493
2026-08-25T21:08:06.836+02:00,26.38,9.03,-0.5,5.81,-0.1,-0.09,0.01,38.88,2825
2026-08-25T21:08:07.836+02:00,26.38,8.9,-0.49,5.7,-0.1,-0.09,0.01,38.84,1796
2026-08-25T21:08:08.835+02:00,26.31,8.88,-0.37,5.78,-0.1,-0.08,0.01,38.88,1965
2026-08-25T21:08:09.835+02:00,26.38,9.13,-0.21,5.76,-0.11,-0.09,0.0,38.88,1752
2026-08-25T21:08:10.835+02:00,26.38,9.08,-0.31,5.72,-0.1,-0.09,0.0,38.79,1829
2026-08-25T21:08:11.835+02:00,26.38,8.99,-0.27,5.87,-0.1,-0.08,0.01,38.84,1750
2026-08-25T21:08:12.834+02:00,26.38,8.94,-0.25,5.76,-0.1,-0.08,0.01,38.84,1918
2026-08-25T21:08:13.833+02:00,26.38,9.01,-0.34,5.7,-0.11,-0.09,0.01,38.79,1941
2026-08-25T21:08:14.837+02:00,26.38,9.0,-0.43,5.74,-0.11,-0.08,0.01,38.79,1776
2026-08-25T21:08:15.832+02:00,26.38,9.03,-0.16,5.82,-0.1,-0.09,0.01,38.84,3168
2026-08-25T21:08:16.832+02:00,26.38,9.08,-0.08,5.89,-0.1,-0.08,0.01,38.84,1350
2026-08-25T21:08:17.838+02:00,26.44,9.18,0.01,5.81,-0.1,-0.08,0.01,38.98,1769
2026-08-25T21:08:18.832+02:00,26.38,9.16,-0.29,5.73,-0.11,-0.09,0.0,38.79,2105
2026-08-25T21:08:19.832+02:00,26.38,9.08,-0.39,5.71,-0.1,-0.09,0.01,38.84,1864
2026-08-25T21:08:20.832+02:00,26.38,8.91,-0.39,5.8,-0.1,-0.09,0.02,38.88,1482
2026-08-25T21:08:21.831+02:00,26.38,9.08,-0.07,5.82,-0.11,-0.08,0.01,38.93,1624
2026-08-25T21:08:22.831+02:00,26.38,9.23,0.02,5.83,-0.1,-0.09,0.0,38.84,1659
2026-08-25T21:08:23.836+02:00,26.38,9.15,-0.17,5.74,-0.1,-0.09,0.01,38.79,1386
2026-08-25T21:08:24.831+02:00,26.38,8.97,-0.47,5.78,-0.1,-0.08,0.01,38.93,1471
2026-08-25T21:08:25.830+02:00,26.44,9.02,-0.14,5.77,-0.11,-0.08,0.01,38.84,1609
2026-08-25T21:08:26.830+02:00,26.44,9.17,0.01,5.86,-0.11,-0.09,0.0,38.79,1614
2026-08-25T21:08:27.829+02:00,26.44,9.16,0.03,5.87,-0.1,-0.09,0.01,38.88,1504
2026-08-25T21:08:28.829+02:00,26.38,8.96,-0.18,5.78,-0.1,-0.09,0.01,38.84,1422
2026-08-25T21:08:29.828+02:00,26.38,9.17,-0.02,5.87,-0.1,-0.08,0.01,38.84,1672
2026-08-25T21:08:30.830+02:00,26.38,9.17,-0.06,5.85,-0.11,-0.08,0.0,38.88,1725
2026-08-25T21:08:31.828+02:00,26.44,9.08,-0.33,5.82,-0.1,-0.09,0.01,38.88,1510
2026-08-25T21:08:32.828+02:00,26.38,8.91,-0.45,5.82,-0.1,-0.08,0.01,38.88,1449
2026-08-25T21:08:33.827+02:00,26.44,8.94,-0.28,5.76,-0.1,-0.08,0.01,38.88,1911
2026-08-25T21:08:35.827+02:00,26.44,9.05,-0.4,5.73,-0.1,-0.09,0.01,38.84,1654
2026-08-25T21:08:36.827+02:00,26.44,9.06,0.01,5.75,-0.1,-0.09,0.01,38.88,1748
2026-08-25T21:08:37.826+02:00,26.38,8.99,-0.11,5.8,-0.1,-0.09,0.01,38.88,1871
2026-08-25T21:08:38.826+02:00,26.44,9.14,-0.26,5.75,-0.1,-0.08,0.0,38.84,1590
2026-08-25T21:08:39.826+02:00,26.44,9.02,-0.49,5.81,-0.1,-0.09,0.01,38.88,1609
2026-08-25T21:08:40.825+02:00,26.38,8.88,-0.55,5.81,-0.1,-0.08,0.01,38.79,2055
2026-08-25T21:08:41.824+02:00,26.44,8.91,-0.29,5.7,-0.1,-0.09,0.01,38.79,1656
2026-08-25T21:08:42.824+02:00,26.38,9.13,-0.1,5.65,-0.1,-0.08,0.0,38.84,1739
2026-08-25T21:08:43.824+02:00,26.44,9.25,0.05,5.76,-0.11,-0.09,0.0,38.84,1628
2026-08-25T21:08:44.824+02:00,26.44,9.08,0.0,5.85,-0.1,-0.08,0.01,38.93,1655
2026-08-25T21:08:45.824+02:00,26.38,8.94,-0.19,5.78,-0.1,-0.08,0.01,38.84,1672
2026-08-25T21:08:46.823+02:00,26.44,9.26,0.02,5.75,-0.11,-0.09,0.01,38.84,1437
2026-08-25T21:08:47.824+02:00,26.44,9.26,0.06,5.87,-0.11,-0.08,0.01,38.84,1657
2026-08-25T21:08:48.823+02:00,26.44,9.01,-0.21,5.87,-0.1,-0.09,0.01,38.84,1866
2026-08-25T21:08:50.286+02:00,26.44,0.0,0.0,0.0,0.0,0.0,0.0,0.0,1702
2026-08-25T21:08:50.822+02:00,26.44,9.02,-0.28,5.74,-0.1,-0.09,0.0,38.84,1628
2026-08-25T21:08:51.822+02:00,26.44,9.09,-0.2,5.85,-0.1,-0.09,0.01,38.84,6252
2026-08-25T21:08:52.821+02:00,26.44,9.12,-0.08,5.98,-0.1,-0.08,0.01,38.79,1832
2026-08-25T21:08:53.821+02:00,26.44,9.05,-0.02,5.84,-0.1,-0.08,0.01,38.88,2246
2026-08-25T21:08:55.284+02:00,26.44,0.0,0.0,0.0,0.0,0.0,0.0,0.0,1875
2026-08-25T21:08:55.820+02:00,26.44,9.06,-0.39,5.78,-0.1,-0.09,0.0,38.93,1376
2026-08-25T21:08:56.820+02:00,26.44,9.04,-0.21,5.82,-0.1,-0.09,0.01,38.88,2495
2026-08-25T21:08:57.820+02:00,26.44,9.12,0.03,5.88,-0.1,-0.08,0.01,38.98,1574
2026-08-25T21:08:58.820+02:00,26.44,9.14,-0.13,5.81,-0.1,-0.08,0.01,38.98,1343
2026-08-25T21:08:59.826+02:00,26.44,9.01,-0.53,5.78,-0.1,-0.08,0.0,38.93,1602
2026-08-25T21:09:00.826+02:00,26.44,8.98,-0.52,5.9,-0.1,-0.09,0.01,38.98,2286
2026-08-25T21:09:01.819+02:00,26.44,9.02,-0.28,5.87,-0.1,-0.09,0.01,38.88,1775
2026-08-25T21:09:02.818+02:00,26.44,9.11,-0.04,5.87,-0.11,-0.09,0.01,38.88,1658
2026-08-25T21:09:03.818+02:00,26.44,9.26,-0.05,5.78,-0.1,-0.08,0.0,38.93,1568
2026-08-25T21:09:05.815+02:00,26.44,8.91,-0.38,5.73,-0.1,-0.09,0.01,38.93,1433
2026-08-25T21:09:06.817+02:00,26.38,9.0,-0.24,5.74,-0.1,-0.09,0.01,39.02,1627
2026-08-25T21:09:07.817+02:00,26.44,9.15,-0.1,5.73,-0.1,-0.08,0.01,38.93,1967
2026-08-25T21:09:08.816+02:00,26.44,9.05,-0.46,5.82,-0.1,-0.09,0.01,38.98,1519
2026-08-25T21:09:09.816+02:00,26.44,8.94,-0.44,5.87,-0.1,-0.08,0.01,38.98,1626
2026-08-25T21:09:10.816+02:00,26.44,8.92,-0.29,5.69,-0.1,-0.08,0.01,38.98,2105
2026-08-25T21:09:11.816+02:00,26.44,9.12,-0.3,5.73,-0.11,-0.08,0.0,38.98,1893
2026-08-25T21:09:12.815+02:00,26.44,9.14,-0.08,5.85,-0.1,-0.09,0.01,39.12,1642
2026-08-25T21:09:13.816+02:00,26.44,9.09,0.02,5.91,-0.1,-0.09,0.01,39.02,1916
2026-08-25T21:09:14.814+02:00,26.44,9.1,-0.1,5.92,-0.1,-0.08,0.01,38.98,2561
2026-08-25T21:09:15.814+02:00,26.44,9.22,-0.16,5.78,-0.11,-0.08,0.0,38.98,1808
2026-08-25T21:09:16.814+02:00,26.44,9.19,-0.14,5.67,-0.11,-0.09,0.0,38.93,1734
2026-08-25T21:09:17.820+02:00,26.44,9.0,-0.32,5.81,-0.1,-0.09,0.01,39.02,4928
2026-08-25T21:09:18.813+02:00,26.44,8.9,-0.28,5.78,-0.1,-0.08,0.01,39.07,2261
2026-08-25T21:09:19.813+02:00,26.5,9.02,-0.32,5.71,-0.1,-0.08,0.0,38.98,4341
2026-08-25T21:09:20.812+02:00,26.44,9.0,-0.42,5.78,-0.11,-0.09,0.01,38.93,1720
2026-08-25T21:09:21.818+02:00,26.44,9.02,-0.15,5.78,-0.1,-0.09,0.01,39.07,2073
2026-08-25T21:09:22.812+02:00,26.44,9.11,0.02,5.86,-0.1,-0.09,0.01,39.07,5283
2026-08-25T21:09:23.811+02:00,26.44,9.15,-0.17,5.73,-0.1,-0.09,0.01,39.02,3169
2026-08-25T21:09:24.810+02:00,26.44,9.04,-0.5,5.69,-0.11,-0.09,0.01,39.02,6879
2026-08-25T21:09:25.810+02:00,26.44,9.08,-0.1,5.82,-0.1,-0.09,0.01,39.07,1807
2026-08-25T21:09:26.811+02:00,26.5,9.02,-0.2,5.78,-0.1,-0.09,0.01,39.07,1787
2026-08-25T21:09:27.809+02:00,26.44,8.97,-0.25,5.67,-0.11,-0.09,0.01,39.12,1814
2026-08-25T21:09:28.809+02:00,26.44,8.96,-0.47,5.71,-0.1,-0.09,0.0,39.12,2166
2026-08-25T21:09:29.809+02:00,26.44,8.94,-0.38,5.78,-0.1,-0.09,0.01,39.07,2920
2026-08-25T21:09:30.810+02:00,26.44,9.07,-0.13,5.88,-0.1,-0.09,0.01,39.17,1668
2026-08-25T21:09:31.808+02:00,26.44,9.15,0.0,5.73,-0.1,-0.08,0.01,39.17,2280
2026-08-25T21:09:32.808+02:00,26.5,9.27,-0.12,5.71,-0.11,-0.09,0.01,39.12,1687
2026-08-25T21:09:33.809+02:00,26.5,9.14,-0.3,5.76,-0.1,-0.09,0.01,39.17,2578
2026-08-25T21:09:35.816+02:00,26.5,8.95,-0.35,5.67,-0.1,-0.08,0.01,39.26,3256
2026-08-25T21:09:36.807+02:00,26.5,9.05,-0.35,5.78,-0.1,-0.08,0.0,39.21,1632
2026-08-25T21:09:37.806+02:00,26.5,9.12,-0.27,5.78,-0.1,-0.09,0.01,39.31,1807
2026-08-25T21:09:38.806+02:00,26.5,9.04,-0.08,5.82,-0.1,-0.08,0.01,39.26,1614
2026-08-25T21:09:39.806+02:00,26.5,9.07,-0.05,5.84,-0.1,-0.08,0.01,39.21,6768
2026-08-25T21:09:40.805+02:00,26.5,9.14,-0.21,5.72,-0.11,-0.08,0.0,39.21,2447
2026-08-25T21:09:41.805+02:00,26.5,9.14,-0.07,5.82,-0.1,-0.09,0.01,39.26,1303
2026-08-25T21:09:42.804+02:00,26.5,9.13,-0.07,5.87,-0.1,-0.09,0.01,39.26,1774
2026-08-25T21:09:43.805+02:00,26.5,9.01,-0.25,5.77,-0.1,-0.08,0.0,39.26,1935
2026-08-25T21:09:44.805+02:00,26.5,9.12,-0.48,5.69,-0.11,-0.08,0.0,39.21,1625
2026-08-25T21:09:45.804+02:00,26.5,9.15,-0.3,5.66,-0.1,-0.09,0.01,39.26,1491
2026-08-25T21:09:46.804+02:00,26.5,9.11,-0.0,5.88,-0.1,-0.09,0.01,39.26,1810
2026-08-25T21:09:47.803+02:00,26.5,8.99,-0.23,5.76,-0.1,-0.08,0.01,39.31,1878
2026-08-25T21:09:48.803+02:00,26.5,9.0,-0.45,5.74,-0.11,-0.09,0.0,39.35,1562
2026-08-25T21:09:49.803+02:00,26.5,9.17,0.07,5.86,-0.1,-0.09,0.01,39.26,2819
2026-08-25T21:09:50.802+02:00,26.5,9.07,-0.27,5.82,-0.09,-0.09,0.01,39.12,1687
2026-08-25T21:09:51.803+02:00,26.5,8.88,-0.36,5.66,-0.1,-0.09,0.01,39.31,1925
2026-08-25T21:09:52.802+02:00,26.5,9.13,-0.15,5.83,-0.11,-0.09,0.0,39.21,1841
2026-08-25T21:09:53.801+02:00,26.5,9.21,0.06,5.89,-0.1,-0.09,0.0,39.26,1706
2026-08-25T21:09:54.803+02:00,26.5,8.99,-0.43,5.8,-0.09,-0.09,0.02,39.31,2149
2026-08-25T21:09:55.800+02:00,26.5,8.96,-0.28,5.65,-0.11,-0.09,0.01,39.21,1807
2026-08-25T21:09:56.801+02:00,26.5,9.02,-0.55,5.77,-0.11,-0.09,0.0,39.26,1738
2026-08-25T21:09:57.800+02:00,26.5,9.04,-0.35,5.83,-0.1,-0.09,0.01,39.35,1555
2026-08-25T21:09:58.800+02:00,26.5,9.09,-0.03,5.94,-0.1,-0.09,0.01,39.31,1438
2026-08-25T21:09:59.800+02:00,26.5,9.07,-0.16,5.81,-0.11,-0.08,0.01,39.31,3592
2026-08-25T21:10:00.805+02:00,26.56,9.03,-0.6,5.73,-0.1,-0.09,0.0,39.31,1739
2026-08-25T21:10:01.799+02:00,26.5,8.97,-0.44,5.77,-0.1,-0.09,0.01,39.31,1429
2026-08-25T21:10:02.799+02:00,26.5,9.03,-0.13,5.85,-0.1,-0.09,0.01,39.31,4764
2026-08-25T21:10:03.806+02:00,26.5,9.2,0.09,5.81,-0.11,-0.08,0.01,39.21,1734
2026-08-25T21:10:05.795+02:00,26.56,9.12,-0.29,5.8,-0.1,-0.09,0.01,39.26,1589
2026-08-25T21:10:06.798+02:00,26.5,8.93,-0.36,5.79,-0.1,-0.08,0.01,39.31,1445
2026-08-25T21:10:07.797+02:00,26.56,8.9,-0.33,5.72,-0.1,-0.08,0.01,39.35,1622
2026-08-25T21:10:08.796+02:00,26.56,9.06,-0.44,5.74,-0.1,-0.08,0.01,39.35,1808
2026-08-25T21:10:09.798+02:00,26.56,9.1,-0.32,5.81,-0.1,-0.09,0.01,39.35,1441
2026-08-25T21:10:10.796+02:00,26.5,9.03,-0.12,5.81,-0.1,-0.08,0.01,39.26,1805
2026-08-25T21:10:11.796+02:00,26.56,8.97,-0.3,5.78,-0.1,-0.08,0.01,39.26,1844
2026-08-25T21:10:12.796+02:00,26.56,9.01,-0.49,5.66,-0.11,-0.09,0.0,39.35,1751
2026-08-25T21:10:13.796+02:00,26.5,9.11,-0.23,5.79,-0.1,-0.09,0.0,39.4,1553
2026-08-25T21:10:14.795+02:00,26.5,9.03,-0.09,5.88,-0.1,-0.09,0.01,39.4,1665
2026-08-25T21:10:15.795+02:00,26.5,9.11,-0.04,5.72,-0.1,-0.14,-0.03,39.35,2687
2026-08-25T21:10:16.794+02:00,26.5,9.19,-0.13,5.75,-0.1,-0.09,0.0,39.35,2014
2026-08-25T21:10:17.794+02:00,26.56,9.03,-0.57,5.68,-0.1,-0.09,0.0,39.4,1776
2026-08-25T21:10:18.794+02:00,26.5,8.88,-0.43,5.79,-0.1,-0.09,0.01,39.4,2848
2026-08-25T21:10:19.793+02:00,26.56,9.01,-0.11,5.88,-0.1,-0.09,0.01,39.31,2197
2026-08-25T21:10:20.793+02:00,26.56,9.22,0.04,5.76,-0.11,-0.08,0.01,39.35,2027
2026-08-25T21:10:21.792+02:00,26.56,9.15,-0.26,5.72,-0.11,-0.09,0.01,39.4,1691
2026-08-25T21:10:22.793+02:00,26.5,8.9,-0.52,5.91,-0.1,-0.09,0.01,39.26,2061
2026-08-25T21:10:23.792+02:00,26.56,9.01,-0.14,5.89,-0.1,-0.08,0.01,39.31,2092
2026-08-25T21:10:24.792+02:00,26.56,8.96,-0.51,5.76,-0.11,-0.09,0.0,39.26,1840
2026-08-25T21:10:25.792+02:00,26.56,9.12,-0.24,5.89,-0.1,-0.09,0.01,39.26,1725
2026-08-25T21:10:26.791+02:00,26.5,9.1,0.02,5.86,-0.1,-0.09,0.01,39.35,1752
2026-08-25T21:10:27.791+02:00,26.56,9.1,-0.09,5.75,-0.1,-0.08,0.01,39.35,1948
2026-08-25T21:10:28.791+02:00,26.5,9.08,-0.38,5.74,-0.11,-0.08,0.0,39.31,1772
2026-08-25T21:10:29.790+02:00,26.5,9.0,-0.39,5.71,-0.1,-0.08,0.01,39.31,1710
2026-08-25T21:10:30.791+02:00,26.56,8.97,-0.23,5.81,-0.1,-0.09,0.01,39.35,1692
2026-08-25T21:10:31.791+02:00,26.5,9.16,0.03,5.92,-0.1,-0.08,0.01,39.4,1841
2026-08-25T21:10:32.789+02:00,26.56,9.13,-0.18,5.83,-0.11,-0.08,0.0,39.31,1807
2026-08-25T21:10:33.789+02:00,26.5,9.04,-0.57,5.81,-0.11,-0.09,0.01,39.35,1655
2026-08-25T21:10:35.792+02:00,26.56,8.84,-0.59,5.77,-0.1,-0.09,0.01,39.35,1877
2026-08-25T21:10:36.793+02:00,26.5,8.89,-0.27,5.8,-0.1,-0.08,0.01,39.31,1355
2026-08-25T21:10:37.792+02:00,26.56,9.21,0.06,5.78,-0.11,-0.08,0.0,39.35,1504
2026-08-25T21:10:38.792+02:00,26.5,9.24,0.1,5.73,-0.11,-0.09,0.01,39.4,1879
2026-08-25T21:10:39.792+02:00,26.56,8.89,-0.49,5.79,-0.1,-0.09,0.01,39.35,2345
2026-08-25T21:10:40.792+02:00,26.5,9.07,-0.06,5.83,-0.1,-0.08,0.01,39.26,1839
2026-08-25T21:10:41.792+02:00,26.56,9.34,0.02,5.79,-0.11,-0.09,0.0,39.31,1571
2026-08-25T21:10:42.792+02:00,26.5,9.17,-0.03,5.85,-0.11,-0.09,0.0,39.49,1946
2026-08-25T21:10:43.791+02:00,26.5,8.96,-0.43,5.74,-0.1,-0.09,0.01,39.35,1773
2026-08-25T21:10:44.791+02:00,26.5,8.86,-0.41,5.79,-0.1,-0.09,0.01,39.35,1856
2026-08-25T21:10:45.790+02:00,26.56,9.14,-0.31,-0.62,-0.07,-0.07,-0.14,35.02,1868
2026-08-25T21:10:46.790+02:00,26.5,9.28,0.19,5.87,-0.11,-0.09,0.01,39.31,1843
2026-08-25T21:10:47.790+02:00,26.56,9.02,-0.17,5.85,-0.1,-0.09,0.01,39.45,2039
2026-08-25T21:10:48.789+02:00,26.56,8.89,-0.35,5.79,-0.1,-0.08,0.01,39.26,1940
2026-08-25T21:10:49.789+02:00,26.56,9.02,-0.32,-0.31,-0.03,-0.03,-0.03,35.77,1683
2026-08-25T21:10:50.788+02:00,26.5,9.08,-0.3,5.78,-0.11,-0.09,0.01,39.4,2677
2026-08-25T21:10:51.791+02:00,26.5,9.09,-0.09,5.92,-0.1,-0.08,0.01,39.45,3032
2026-08-25T21:10:52.788+02:00,26.56,9.06,-0.09,5.89,-0.1,-0.09,0.01,39.45,13554
2026-08-25T21:10:53.788+02:00,26.56,9.0,-0.29,5.65,-0.11,-0.08,0.01,39.4,1629
2026-08-25T21:10:54.788+02:00,26.56,9.24,-0.16,5.7,-0.11,-0.09,0.01,39.45,1831
2026-08-25T21:10:55.787+02:00,26.56,8.91,-0.45,5.84,-0.1,-0.09,0.01,39.35,1886
2026-08-25T21:10:56.787+02:00,26.56,8.91,-0.3,5.76,-0.1,-0.08,0.01,39.4,1625
2026-08-25T21:10:57.787+02:00,26.56,9.15,-0.07,5.78,-0.11,-0.08,0.01,39.4,1409
2026-08-25T21:10:58.786+02:00,26.56,9.27,0.12,5.82,-0.11,-0.09,0.01,39.54,1794
2026-08-25T21:10:59.786+02:00,26.56,9.06,-0.06,5.89,-0.1,-0.09,0.01,39.31,1766
2026-08-25T21:11:00.786+02:00,26.56,8.97,-0.12,5.78,-0.1,-0.08,0.01,39.4,1751
2026-08-25T21:11:01.785+02:00,26.56,9.0,-0.36,5.68,-0.11,-0.09,0.01,39.4,1761
2026-08-25T21:11:02.785+02:00,26.56,9.0,-0.44,5.69,-0.11,-0.08,0.01,39.45,1997
2026-08-25T21:11:03.784+02:00,26.56,9.01,-0.12,5.85,-0.1,-0.09,0.01,39.49,1657
2026-08-25T21:11:05.776+02:00,26.56,9.01,-0.48,5.8,-0.11,-0.09,0.0,39.49,1838
2026-08-25T21:11:06.779+02:00,26.56,8.98,-0.55,5.76,-0.1,-0.09,0.01,39.45,1575
2026-08-25T21:11:07.778+02:00,26.56,9.01,-0.28,5.82,-0.1,-0.09,0.01,39.49,1917
2026-08-25T21:11:08.778+02:00,26.56,9.08,-0.25,5.69,-0.11,-0.08,0.0,39.54,1713
2026-08-25T21:11:09.778+02:00,26.56,9.01,-0.59,5.68,-0.11,-0.08,0.0,39.45,1709
2026-08-25T21:11:10.779+02:00,26.56,8.96,-0.55,5.77,-0.1,-0.09,0.01,39.45,1650
2026-08-25T21:11:11.777+02:00,26.56,8.99,-0.11,5.82,-0.1,-0.08,0.01,39.4,1628
2026-08-25T21:11:12.776+02:00,26.56,9.17,0.06,5.87,-0.11,-0.09,0.01,39.45,1647
2026-08-25T21:11:13.778+02:00,26.62,9.21,-0.11,5.77,-0.11,-0.09,0.0,39.54,1498
2026-08-25T21:11:14.776+02:00,26.62,9.09,-0.32,5.8,-0.1,-0.09,0.01,39.59,1677
2026-08-25T21:11:15.776+02:00,26.62,8.88,-0.5,5.88,-0.1,-0.09,0.01,39.49,1851
2026-08-25T21:11:16.776+02:00,26.62,9.06,-0.05,5.83,-0.11,-0.08,0.01,39.64,1621
2026-08-25T21:11:17.775+02:00,26.62,9.2,0.1,5.84,-0.11,-0.08,0.0,39.49,1497
2026-08-25T21:11:18.775+02:00,26.62,9.09,-0.4,5.84,-0.1,-0.09,0.01,39.59,1584
2026-08-25T21:11:19.775+02:00,26.62,8.93,-0.37,5.77,-0.1,-0.09,0.01,39.54,1818
2026-08-25T21:11:20.774+02:00,26.62,9.06,-0.06,5.78,-0.11,-0.14,-0.03,39.54,1869
2026-08-25T21:11:21.774+02:00,26.56,9.22,0.07,5.88,-0.1,-0.09,0.0,39.59,1611
2026-08-25T21:11:22.775+02:00,26.62,8.96,-0.44,5.66,-0.1,-0.08,0.01,39.64,1738
2026-08-25T21:11:23.774+02:00,26.62,9.08,-0.07,5.88,-0.1,-0.09,0.01,39.45,1954
2026-08-25T21:11:24.773+02:00,26.62,9.19,0.03,5.87,-0.11,-0.08,0.01,39.59,3405
2026-08-25T21:11:25.774+02:00,26.62,9.11,-0.23,5.77,-0.11,-0.08,0.0,39.54,1482
2026-08-25T21:11:26.772+02:00,26.62,9.03,-0.46,5.83,-0.1,-0.09,0.01,39.45,1493
2026-08-25T21:11:27.772+02:00,26.62,8.94,-0.42,5.73,-0.1,-0.09,0.01,39.68,1883
2026-08-25T21:11:28.772+02:00,26.62,8.95,-0.21,5.73,-0.1,-0.08,0.01,39.59,1673
2026-08-25T21:11:29.775+02:00,26.62,9.13,-0.13,5.77,-0.11,-0.09,0.0,39.64,1601
2026-08-25T21:11:30.780+02:00,26.62,9.18,0.12,5.86,-0.1,-0.09,0.01,39.59,1746
2026-08-25T21:11:31.772+02:00,26.62,9.16,0.02,5.92,-0.1,-0.09,0.01,39.59,1569
2026-08-25T21:11:32.771+02:00,26.62,9.12,-0.06,5.83,-0.1,-0.08,0.01,39.54,1463
2026-08-25T21:11:33.770+02:00,26.62,9.14,-0.31,5.77,-0.11,-0.09,0.0,39.59,1600
2026-08-25T21:11:35.767+02:00,26.62,8.88,-0.51,5.83,-0.1,-0.09,0.01,39.68,1951
2026-08-25T21:11:36.769+02:00,26.62,9.04,-0.14,5.52,-0.0,-0.0,-0.0,36.53,2429
2026-08-25T21:11:37.769+02:00,26.62,9.11,-0.3,5.73,-0.11,-0.09,0.0,39.68,2485
2026-08-25T21:11:38.769+02:00,26.62,8.99,-0.51,5.7,-0.11,-0.09,0.01,39.59,1946
2026-08-25T21:11:39.769+02:00,26.62,8.91,-0.59,5.77,-0.1,-0.09,0.01,39.73,1985
2026-08-25T21:11:40.769+02:00,26.62,8.93,-0.24,5.7,-0.1,-0.09,0.01,39.64,1774
2026-08-25T21:11:41.768+02:00,26.62,9.17,0.02,5.75,-0.11,-0.08,0.0,39.59,2003
2026-08-25T21:11:42.768+02:00,26.62,9.31,0.1,5.8,-0.11,-0.09,0.01,39.54,2084
2026-08-25T21:11:43.768+02:00,26.62,9.07,-0.15,5.89,-0.1,-0.09,0.01,39.64,1820
2026-08-25T21:11:44.772+02:00,26.62,8.97,-0.33,5.81,-0.1,-0.08,0.01,39.59,2045
2026-08-25T21:11:45.768+02:00,26.62,9.02,-0.39,5.67,-0.11,-0.08,0.01,39.64,1902
2026-08-25T21:11:46.766+02:00,26.62,8.96,-0.48,5.7,-0.1,-0.09,0.01,39.64,2093
2026-08-25T21:11:47.767+02:00,26.62,9.02,-0.27,5.85,-0.1,-0.09,0.01,39.68,2139
2026-08-25T21:11:48.775+02:00,26.62,8.96,-0.36,5.77,-0.1,-0.09,0.01,39.64,1844
2026-08-25T21:11:49.766+02:00,26.62,9.04,-0.34,5.7,-0.11,-0.08,0.01,39.64,2210
2026-08-25T21:11:50.765+02:00,26.62,9.07,-0.24,5.79,-0.11,-0.09,0.01,39.64,1917
2026-08-25T21:11:51.764+02:00,26.62,9.13,-0.05,5.89,-0.1,-0.09,0.01,39.59,1622
2026-08-25T21:11:52.764+02:00,26.62,9.09,-0.04,5.88,-0.1,-0.09,0.01,39.64,1725
2026-08-25T21:11:53.765+02:00,26.62,9.09,-0.16,5.78,-0.11,-0.08,0.01,39.64,1895
2026-08-25T21:11:54.764+02:00,26.62,8.98,-0.5,5.72,-0.11,-0.09,0.01,39.68,1960
2026-08-25T21:11:55.764+02:00,26.62,9.0,-0.6,5.82,-0.1,-0.09,0.01,39.64,1758
2026-08-25T21:11:56.764+02:00,26.62,8.99,-0.27,5.86,-0.1,-0.09,0.01,39.64,1825
2026-08-25T21:11:57.763+02:00,26.62,9.08,0.01,5.75,-0.11,-0.08,0.01,39.68,1955
2026-08-25T21:11:58.763+02:00,26.62,9.21,0.06,5.83,-0.11,-0.09,0.0,39.54,1674
2026-08-25T21:11:59.764+02:00,26.62,9.2,0.0,5.77,-0.1,-0.09,0.0,39.64,1579
2026-08-25T21:12:00.763+02:00,26.62,8.99,-0.28,5.75,-0.1,-0.09,0.02,39.68,1853
2026-08-25T21:12:01.762+02:00,26.62,9.18,0.03,5.85,-0.11,-0.09,0.01,39.64,2169
2026-08-25T21:12:02.761+02:00,26.62,9.26,0.06,5.74,-0.1,-0.09,0.0,39.64,2087
2026-08-25T21:12:03.761+02:00,26.62,9.2,0.01,5.86,-0.1,-0.09,0.01,39.59,1920
2026-08-25T21:12:06.227+02:00,26.62,0.0,0.0,0.0,0.0,0.0,0.0,0.0,1664
2026-08-25T21:12:06.761+02:00,26.62,9.17,-0.23,5.83,-0.11,-0.08,0.0,39.59,2018
2026-08-25T21:12:07.760+02:00,26.62,9.17,-0.25,5.72,-0.11,-0.09,0.01,39.68,1969
2026-08-25T21:12:08.760+02:00,26.62,8.95,-0.36,5.91,-0.1,-0.09,0.01,39.59,1680
2026-08-25T21:12:09.760+02:00,26.62,8.89,-0.34,5.81,-0.1,-0.09,0.01,39.54,1794
2026-08-25T21:12:10.759+02:00,26.62,9.02,-0.44,5.7,-0.11,-0.09,0.01,39.64,1774
2026-08-25T21:12:11.759+02:00,26.62,9.0,-0.56,5.77,-0.11,-0.09,0.0,39.59,1528
2026-08-25T21:12:12.759+02:00,26.62,9.0,-0.44,5.82,-0.1,-0.09,0.01,39.64,1492
2026-08-25T21:12:13.758+02:00,26.62,8.89,-0.33,5.78,-0.1,-0.09,0.01,39.64,2103
2026-08-25T21:12:14.758+02:00,26.62,8.99,-0.11,5.76,-0.11,-0.08,0.01,39.59,1915
2026-08-25T21:12:15.757+02:00,26.62,9.14,-0.36,5.83,-0.1,-0.09,0.0,39.64,1640
2026-08-25T21:12:16.757+02:00,26.62,9.03,-0.51,5.71,-0.1,-0.09,0.01,39.64,1680
2026-08-25T21:12:17.756+02:00,26.62,8.93,-0.48,5.83,-0.1,-0.09,0.01,39.59,1892
2026-08-25T21:12:18.756+02:00,26.62,8.98,-0.3,5.76,-0.11,-0.09,0.01,39.54,1748
2026-08-25T21:12:19.756+02:00,26.56,9.07,-0.11,5.78,-0.11,-0.09,0.0,39.64,2056
2026-08-25T21:12:20.756+02:00,26.62,9.25,0.08,5.9,-0.1,-0.09,0.01,39.59,1679
2026-08-25T21:12:21.755+02:00,26.62,9.05,0.0,5.87,-0.1,-0.08,0.01,39.64,1931
2026-08-25T21:12:22.756+02:00,26.62,9.17,-0.02,5.84,-0.1,-0.08,0.01,39.64,1577
2026-08-25T21:12:23.755+02:00,26.62,9.26,-0.07,5.7,-0.1,-0.08,0.01,39.68,1536
2026-08-25T21:12:24.766+02:00,26.62,9.15,-0.19,5.8,-0.1,-0.08,0.01,39.68,1612
2026-08-25T21:12:25.754+02:00,26.62,8.94,-0.45,5.83,-0.1,-0.09,0.01,39.64,1816
2026-08-25T21:12:26.755+02:00,26.62,8.86,-0.37,5.79,-0.1,-0.09,0.01,39.68,1515
2026-08-25T21:12:27.754+02:00,26.62,8.98,-0.39,5.74,-0.11,-0.08,0.01,39.68,1568
2026-08-25T21:12:28.754+02:00,26.62,9.04,-0.63,5.78,-0.1,-0.09,0.01,39.68,1679
2026-08-25T21:12:29.753+02:00,26.62,9.04,-0.05,5.95,-0.1,-0.09,0.01,39.64,1397
2026-08-25T21:12:30.752+02:00,26.62,9.07,0.06,5.88,-0.1,-0.09,0.01,39.68,1506
2026-08-25T21:12:31.752+02:00,26.62,9.2,0.09,5.84,-0.11,-0.08,0.01,39.59,1693
2026-08-25T21:12:32.753+02:00,26.62,9.21,0.05,5.83,-0.11,-0.09,0.0,39.64,1847
2026-08-25T21:12:33.752+02:00,26.62,9.2,0.08,5.93,-0.1,-0.09,0.01,39.68,1344
2026-08-25T21:12:35.748+02:00,26.56,8.99,-0.29,5.67,-0.1,-0.09,0.01,39.73,3876
2026-08-25T21:12:36.751+02:00,26.62,9.01,-0.52,5.64,-0.11,-0.09,0.01,39.68,1705
2026-08-25T21:12:37.751+02:00,26.62,9.03,-0.51,5.73,-0.1,-0.09,0.01,39.68,1644
2026-08-25T21:12:38.750+02:00,26.56,8.84,-0.55,5.79,-0.1,-0.09,0.01,39.64,1734
2026-08-25T21:12:39.750+02:00,26.62,8.88,-0.31,5.77,-0.1,-0.09,0.01,39.73,1970
2026-08-25T21:12:40.750+02:00,26.62,9.26,-0.05,5.79,-0.11,-0.09,0.0,39.73,2136
2026-08-25T21:12:41.750+02:00,26.62,9.12,-0.36,5.76,-0.11,-0.08,0.0,39.73,1689
2026-08-25T21:12:42.749+02:00,26.62,8.87,-0.53,5.76,-0.1,-0.09,0.01,39.68,2138
2026-08-25T21:12:43.748+02:00,26.62,8.85,-0.36,5.77,-0.1,-0.08,0.01,39.59,2018
2026-08-25T21:12:44.748+02:00,26.62,9.14,-0.18,5.73,-0.1,-0.08,0.01,39.73,1594
2026-08-25T21:12:45.748+02:00,26.62,9.26,0.04,5.8,-0.11,-0.09,0.01,39.64,1594
2026-08-25T21:12:46.748+02:00,26.62,9.18,-0.02,5.93,-0.1,-0.09,0.01,39.68,2121
2026-08-25T21:12:47.747+02:00,26.62,9.08,0.01,5.85,-0.1,-0.09,0.01,39.68,1741
2026-08-25T21:12:48.749+02:00,26.62,9.18,0.03,5.86,-0.11,-0.08,0.01,39.73,1648
2026-08-25T21:12:49.747+02:00,26.62,9.18,-0.07,5.88,-0.11,-0.09,0.0,39.68,1834
2026-08-25T21:12:50.747+02:00,26.62,9.16,-0.14,5.79,-0.1,-0.09,0.01,39.68,1772
2026-08-25T21:12:51.746+02:00,26.62,9.04,-0.2,5.85,-0.1,-0.09,0.01,39.64,1726
2026-08-25T21:12:52.746+02:00,26.62,9.04,-0.17,5.77,-0.1,-0.09,0.01,39.78,1663
2026-08-25T21:12:53.746+02:00,26.62,9.16,-0.25,5.78,-0.1,-0.09,0.01,39.68,2271
2026-08-25T21:12:54.745+02:00,26.62,9.08,-0.22,5.78,-0.11,-0.09,0.01,39.73,1636
2026-08-25T21:12:55.745+02:00,26.62,8.98,-0.3,5.89,-0.1,-0.09,0.01,39.78,1701
2026-08-25T21:12:56.746+02:00,26.62,8.97,-0.15,5.79,-0.1,-0.09,0.01,39.78,1270
2026-08-25T21:12:57.745+02:00,26.62,9.11,-0.1,5.75,-0.11,-0.09,0.01,39.68,1481
2026-08-25T21:12:58.744+02:00,26.62,9.11,-0.25,5.77,-0.11,-0.09,0.01,39.82,1460
2026-08-25T21:12:59.744+02:00,26.62,8.96,-0.24,5.77,-0.1,-0.09,0.01,39.68,2479
2026-08-25T21:13:00.743+02:00,26.62,8.98,-0.14,5.81,-0.1,-0.09,0.02,39.73,1446
2026-08-25T21:13:01.743+02:00,26.69,9.14,-0.07,5.82,-0.1,-0.08,0.01,39.73,1700
2026-08-25T21:13:02.743+02:00,26.62,9.11,-0.08,5.87,-0.11,-0.09,0.01,39.73,1555
2026-08-25T21:13:03.745+02:00,26.69,9.13,-0.12,5.89,-0.1,-0.09,0.01,39.87,6134
2026-08-25T21:13:05.739+02:00,26.69,18.39,-0.0,-0.0,-0.0,-0.0,-0.0,36.53,1463
2026-08-25T21:13:06.741+02:00,26.62,9.26,0.09,5.8,-0.11,-0.08,0.01,39.82,1602
2026-08-25T21:13:07.741+02:00,26.69,9.25,0.09,5.9,-0.11,-0.09,0.01,39.82,1665
2026-08-25T21:13:08.741+02:00,26.62,9.07,-0.09,5.94,-0.1,-0.09,0.01,39.87,1918
2026-08-25T21:13:09.740+02:00,26.69,9.12,-0.04,5.85,-0.1,-0.08,0.01,39.78,1928
2026-08-25T21:13:10.740+02:00,26.69,9.12,-0.06,5.78,-0.1,-0.08,0.01,39.73,1743
2026-08-25T21:13:11.740+02:00,26.69,9.13,-0.28,5.89,-0.11,-0.09,0.01,39.82,1763
2026-08-25T21:13:12.740+02:00,26.69,9.0,-0.49,5.71,-0.1,-0.09,0.01,39.87,1643
2026-08-25T21:13:13.739+02:00,26.75,8.93,-0.43,5.74,-0.1,-0.08,0.01,39.82,1718
2026-08-25T21:13:14.739+02:00,26.69,8.9,-0.32,5.71,-0.11,-0.08,0.01,39.87,1538
2026-08-25T21:13:15.739+02:00,26.69,9.03,-0.23,5.76,-0.11,-0.09,0.0,39.87,2253
2026-08-25T21:13:16.739+02:00,26.69,9.12,-0.15,5.82,-0.1,-0.09,0.01,39.82,1658
2026-08-25T21:13:17.738+02:00,26.69,9.03,-0.11,5.85,-0.1,-0.09,0.01,39.92,1803
2026-08-25T21:13:18.738+02:00,26.69,8.93,-0.43,5.83,-0.1,-0.08,0.01,39.82,3284
2026-08-25T21:13:19.739+02:00,26.69,8.92,-0.53,5.72,-0.11,-0.08,0.0,39.82,1927
2026-08-25T21:13:20.737+02:00,26.69,9.09,-0.36,5.72,-0.1,-0.08,0.01,39.87,1780
2026-08-25T21:13:21.737+02:00,26.69,9.02,-0.23,5.78,-0.1,-0.09,0.01,39.97,1684
2026-08-25T21:13:22.736+02:00,26.69,9.04,0.03,5.84,-0.1,-0.08,0.01,39.82,1628
2026-08-25T21:13:23.737+02:00,26.69,9.27,0.12,-0.31,-0.07,-0.0,-0.0,35.77,1874
2026-08-25T21:13:24.736+02:00,26.75,9.25,0.16,5.9,-0.11,-0.09,0.0,39.92,1868
2026-08-25T21:13:25.736+02:00,26.69,9.12,-0.0,5.86,-0.1,-0.09,0.01,39.92,1812
2026-08-25T21:13:26.735+02:00,26.69,9.11,-0.06,5.87,-0.1,-0.08,0.01,39.92,2735
2026-08-25T21:13:27.735+02:00,26.69,9.15,-0.18,5.74,-0.11,-0.09,0.01,39.97,1852
2026-08-25T21:13:28.735+02:00,26.69,9.12,-0.45,5.8,-0.11,-0.09,0.01,39.92,1635
2026-08-25T21:13:29.734+02:00,26.69,9.0,-0.55,5.85,-0.1,-0.09,0.01,39.87,1343
2026-08-25T21:13:30.734+02:00,26.69,9.08,0.03,5.9,-0.1,-0.09,0.01,39.92,1010
2026-08-25T21:13:31.734+02:00,26.69,8.99,-0.09,5.74,-0.11,-0.09,0.01,39.92,152
2026-08-25T21:13:32.733+02:00,26.69,9.3,-0.18,5.57,-0.1,-0.12,0.01,39.87,229
2026-08-25T21:13:33.733+02:00,26.69,9.25,-0.19,5.63,-0.1,-0.09,0.01,39.97,462
2026-08-25T21:13:35.729+02:00,26.69,9.04,-0.22,5.74,-0.1,-0.08,0.01,40.01,123
2026-08-25T21:13:36.732+02:00,26.69,9.03,-0.24,5.8,-0.1,-0.09,0.01,39.97,1663
2026-08-25T21:13:37.731+02:00,26.69,9.08,-0.22,5.74,-0.1,-0.09,0.01,39.92,1644
2026-08-25T21:13:38.731+02:00,26.69,9.04,-0.2,5.81,-0.1,-0.08,0.01,40.06,283
2026-08-25T21:13:39.731+02:00,26.75,9.06,-0.23,5.86,-0.1,-0.09,0.01,39.87,887
2026-08-25T21:13:40.730+02:00,26.75,9.05,-0.22,5.77,-0.1,-0.09,0.01,40.01,3208
2026-08-25T21:13:41.731+02:00,26.75,8.99,-0.17,5.8,-0.1,-0.09,0.01,39.87,162
2026-08-25T21:13:42.729+02:00,26.75,9.06,-0.26,5.77,-0.11,-0.09,0.01,39.97,471
2026-08-25T21:13:43.729+02:00,26.69,9.03,-0.19,5.89,-0.1,-0.09,0.01,40.01,165
2026-08-25T21:13:44.728+02:00,26.75,9.03,-0.22,5.68,-0.1,-0.09,0.01,39.87,155
2026-08-25T21:13:45.728+02:00,26.69,9.1,-0.22,5.8,-0.1,-0.08,0.01,39.97,1972
2026-08-25T21:13:46.728+02:00,26.75,9.09,-0.28,5.81,-0.1,-0.09,0.01,39.92,611
2026-08-25T21:13:47.728+02:00,26.75,9.06,-0.17,5.73,-0.1,-0.09,0.02,39.92,1342
