ts,vib_fs,vib_n,ms_capture,ms_total,failed_bursts,bad_frames,retries,total_retries,cont_rejects,total_cont_rejects,unpublished_bursts,rms_x,rms_y,rms_z,peak_x,peak_y,peak_z,kurt_x,kurt_y,kurt_z,fdom_x,fdom_y,fdom_z,adom_x,adom_y,adom_z,f2_x,f2_y,f2_z,a2_x,a2_y,a2_z,f3_x,f3_y,f3_z,a3_x,a3_y,a3_z,aud_fs,aud_n,aud_rms,aud_b0,aud_b1,aud_b2,aud_b3
2026-08-26T15:13:36.163+02:00,1000,1024,1024,1056,8,225,57,237,23,89,0,0.0284,0.0289,0.1993,0.1132,0.1206,1.3618,3.56,3.866,14.208,41.78,39.94,15.84,0.011,0.0114,0.0724,63.71,16.08,75.38,0.0081,0.0121,0.0692,48.58,10.1,378.88,0.0078,0.0104,0.0682,16000,1024,194.31,0.9809,0.0088,0.0086,0.0017
2026-08-26T15:14:06.162+02:00,1000,1024,1024,1056,8,225,53,290,19,108,0,0.0277,0.0286,0.1476,0.1033,0.1251,1.4035,3.358,3.586,27.48,89.19,37.28,125.46,0.0106,0.0111,0.0517,64.35,2.6,7.25,0.01,0.0079,0.0383,26.47,51.15,105.06,0.0082,0.0078,0.0391,16000,1024,110.34,0.9613,0.0227,0.0111,0.0049
2026-08-26T15:15:06.165+02:00,1000,1024,1024,1056,9,226,4,300,0,110,0,0.0239,0.0267,0.1633,0.0861,0.0915,0.7188,3.15,3.481,12.77,104.25,31.47,248.47,0.0067,0.0091,0.07,15.91,64.85,243.22,0.0065,0.0081,0.061,10.81,171.58,492.05,0.0059,0.0073,0.0579,16000,1024,171.19,0.9453,0.041,0.0099,0.0038
2026-08-26T15:15:36.165+02:00,1000,1024,1024,1056,9,226,0,300,0,110,0,0.0228,0.0227,0.0319,0.0684,0.0961,0.1022,2.742,3.029,2.866,182.33,35.15,35.29,0.006,0.0075,0.0104,2.03,122.18,135.48,0.0058,0.0074,0.0096,42.24,109.34,23.09,0.0059,0.0061,0.0097,16000,1024,186.61,0.7092,0.2629,0.0201,0.0078
2026-08-26T15:16:06.167+02:00,1000,1024,1024,1056,9,226,0,300,0,110,0,0.0232,0.023,0.0814,0.1167,0.0878,0.724,3.729,3.23,45.913,37.13,140.82,140.83,0.006,0.0072,0.0148,49.31,102.28,217.39,0.0068,0.0066,0.0149,123.8,23.11,77.03,0.0059,0.0064,0.0141,16000,1024,770.66,0.9946,0.0029,0.0021,0.0004
2026-08-26T15:16:36.168+02:00,1000,1024,1024,1056,9,227,58,358,21,131,0,0.0263,0.029,0.1761,0.0872,0.1346,1.3785,3.029,4.663,21.736,33.14,78.18,78.12,0.0108,0.0083,0.0502,12.6,43.94,367.01,0.0091,0.008,0.0482,126.72,140.96,337.08,0.0078,0.0077,0.0475,16000,1024,1328.09,0.9789,0.0159,0.0041,0.001
2026-08-26T15:17:06.186+02:00,1000,1024,1039,1072,9,227,60,418,23,154,0,0.026,0.0276,0.1521,0.0789,0.1225,1.405,2.893,3.777,25.37,20.53,22.29,337.48,0.0089,0.011,0.0472,54.85,74.62,434.4,0.0089,0.0112,0.0429,12.76,63.03,88.11,0.0087,0.009,0.0434,16000,1024,277.48,0.8935,0.0401,0.0611,0.0053
2026-08-26T15:17:36.173+02:00,1000,1024,1024,1056,9,227,1,419,0,154,0,0.0236,0.0221,0.0317,0.0798,0.0687,0.0895,3.0,2.882,2.636,70.51,88.2,162.7,0.0092,0.0069,0.0108,121.68,48.01,9.96,0.0081,0.0066,0.0096,61.45,2.59,82.37,0.006,0.0064,0.009,16000,1024,176.76,0.9653,0.0189,0.0119,0.0039
2026-08-26T15:18:36.166+02:00,1000,1024,1024,1056,10,227,0,462,0,175,0,0.0229,0.0224,0.0547,0.0743,0.1007,0.7201,2.838,3.392,87.512,3.48,74.75,158.02,0.0095,0.0071,0.0141,215.9,117.66,15.24,0.0065,0.0075,0.0143,61.73,222.26,6.42,0.0062,0.0066,0.0146,16000,1024,681.31,0.9347,0.0431,0.0175,0.0047
2026-08-26T15:19:06.165+02:00,1000,1024,1024,1056,10,227,4,466,0,175,0,0.0241,0.0225,0.0743,0.0774,0.0846,0.7345,3.125,3.171,59.805,111.27,34.18,89.75,0.0088,0.0094,0.0211,229.57,64.78,34.23,0.0063,0.0072,0.0205,138.32,28.32,427.17,0.0065,0.0063,0.0202,16000,1024,1058.29,0.9813,0.0149,0.0031,0.0006
2026-08-26T15:20:36.171+02:00,1000,1024,1024,1056,12,227,0,547,0,202,0,0.0217,0.0214,0.0592,0.0823,0.0694,0.6192,2.878,2.97,65.05,126.25,64.51,48.65,0.0068,0.0075,0.0209,86.86,17.57,99.22,0.0063,0.0072,0.0203,66.87,151.4,77.42,0.0078,0.0064,0.0181,16000,1024,471.53,0.9875,0.007,0.0046,0.0009
2026-08-26T15:21:06.166+02:00,1000,1024,1024,1056,12,227,1,548,0,202,0,0.022,0.0212,0.0325,0.0774,0.076,0.1039,3.311,2.993,2.773,16.06,9.07,91.73,0.007,0.0061,0.0107,105.63,234.19,137.37,0.0064,0.0055,0.01,8.4,40.64,160.09,0.0066,0.0054,0.0091,16000,1024,326.61,0.9506,0.0369,0.0103,0.0022
2026-08-26T15:22:06.182+02:00,1000,1024,1024,1056,13,227,6,581,0,210,0,0.0231,0.0212,0.0301,0.0779,0.0748,0.0932,2.772,3.083,2.733,181.21,75.82,238.39,0.0066,0.0065,0.0077,51.29,113.22,86.33,0.0061,0.006,0.0089,34.69,19.69,48.6,0.0057,0.0056,0.0077,16000,1024,244.82,0.9409,0.0393,0.0169,0.0029
2026-08-26T15:22:36.182+02:00,1000,1024,1024,1056,13,227,0,581,0,210,0,0.0225,0.0206,0.0334,0.0803,0.0739,0.1142,3.021,3.118,3.083,108.04,15.84,21.23,0.0071,0.0062,0.0123,147.74,119.11,68.8,0.0068,0.0052,0.0101,120.95,173.95,105.72,0.0066,0.005,0.0093,16000,1024,286.0,0.9771,0.0181,0.0037,0.0012
2026-08-26T15:23:06.183+02:00,1000,1024,1024,1056,13,229,0,581,0,210,0,0.0236,0.0195,0.0338,0.0819,0.0663,0.1017,3.038,2.675,2.798,126.78,13.53,110.5,0.0076,0.006,0.0099,55.98,70.35,7.41,0.0067,0.0054,0.0091,116.65,47.62,99.2,0.0069,0.0054,0.0094,16000,1024,202.17,0.8907,0.0631,0.0297,0.0165
2026-08-26T15:23:36.184+02:00,1000,1024,1024,1056,13,229,3,584,0,210,0,0.0244,0.0222,0.0314,0.0743,0.0692,0.1037,2.872,2.781,2.979,129.91,182.97,64.7,0.008,0.0072,0.0098,24.65,39.45,1.91,0.0078,0.0068,0.0095,149.68,107.13,104.38,0.0073,0.0059,0.0087,16000,1024,1147.66,0.9963,0.0023,0.0012,0.0002
2026-08-26T15:24:36.184+02:00,1000,1024,1024,1056,14,229,38,655,1,211,0,0.0287,0.0259,0.1248,0.0877,0.1061,0.7138,3.016,3.534,22.629,38.84,71.26,80.83,0.0118,0.008,0.0372,21.59,25.91,9.95,0.0082,0.009,0.0347,3.02,17.29,322.29,0.0077,0.0076,0.0308,16000,1024,861.59,0.9925,0.0047,0.0025,0.0003
2026-08-26T15:25:06.183+02:00,1000,1024,1024,1056,14,229,0,655,0,211,0,0.0229,0.02,0.0307,0.079,0.0815,0.098,3.278,3.376,3.02,29.38,61.52,5.65,0.0079,0.0062,0.0106,131.92,33.69,15.4,0.0064,0.0062,0.0092,69.35,147.32,39.77,0.0064,0.0056,0.0092,16000,1024,416.79,0.9899,0.0067,0.0025,0.0009
2026-08-26T15:25:36.188+02:00,1000,1024,1024,1056,14,229,0,655,0,211,0,0.0229,0.0229,0.057,0.0756,0.1048,0.5913,3.2,3.587,62.932,56.12,132.32,19.53,0.0071,0.009,0.0163,125.82,144.21,250.78,0.0061,0.008,0.0152,67.15,92.54,4.48,0.0061,0.0071,0.0163,16000,1024,574.25,0.9859,0.0062,0.0069,0.001
2026-08-26T15:26:06.186+02:00,1000,1024,1024,1056,14,229,0,655,0,211,0,0.023,0.0211,0.031,0.0774,0.0734,0.0939,2.994,3.038,2.691,4.28,74.75,59.8,0.0093,0.0071,0.0097,80.15,122.1,105.5,0.0073,0.0061,0.0086,12.32,1.6,141.36,0.0071,0.0057,0.0086,16000,1024,187.7,0.9674,0.0204,0.0091,0.003
2026-08-26T15:26:36.188+02:00,1000,1024,1024,1056,14,229,1,656,0,211,0,0.0235,0.0491,0.4596,0.0883,0.1765,1.8402,3.18,5.219,6.974,29.59,2.5,2.48,0.0076,0.0185,0.1147,16.26,16.14,248.56,0.0073,0.0111,0.082,75.96,89.11,51.47,0.0068,0.0099,0.0789,16000,1024,430.24,0.9902,0.0035,0.0055,0.0008
2026-08-26T15:27:36.185+02:00,1000,1024,1024,1056,15,230,1,660,1,212,0,0.0226,0.0208,0.0317,0.0721,0.0811,0.1006,3.057,3.246,2.908,91.2,7.1,223.62,0.0068,0.0062,0.0092,147.56,162.72,251.82,0.006,0.0066,0.0092,189.68,94.61,11.72,0.0056,0.0056,0.0088,16000,1024,425.61,0.982,0.0161,0.0015,0.0004
2026-08-26T15:28:06.186+02:00,1000,1024,1024,1056,15,230,0,660,0,212,0,0.0226,0.0222,0.0321,0.0741,0.0818,0.1254,2.959,3.174,3.043,191.43,66.49,114.0,0.0081,0.007,0.0105,77.98,180.24,82.16,0.0065,0.0072,0.01,183.98,85.41,119.84,0.0069,0.0064,0.0097,16000,1024,242.64,0.9427,0.0188,0.0345,0.0039
2026-08-26T15:28:36.190+02:00,1000,1024,1024,1056,15,232,1,661,0,212,0,0.0227,0.0206,0.0324,0.0737,0.1014,0.1001,3.017,3.666,2.617,123.85,89.84,1.99,0.0079,0.0065,0.0107,180.87,117.43,100.83,0.0075,0.0061,0.0103,46.98,197.5,88.87,0.0062,0.0061,0.0097,16000,1024,152.07,0.9656,0.0221,0.0092,0.0032
2026-08-26T15:29:06.190+02:00,1000,1024,1024,1056,15,233,2,663,0,212,0,0.0225,0.0207,0.0326,0.0706,0.0663,0.1034,3.145,2.64,2.899,138.66,14.11,182.87,0.0079,0.0076,0.0096,106.14,22.44,54.7,0.0067,0.0068,0.0088,84.44,263.69,188.52,0.006,0.0065,0.0086,16000,1024,238.31,0.9781,0.0112,0.0092,0.0015
2026-08-26T15:29:36.194+02:00,1000,1024,1026,1060,15,234,38,701,1,213,0,0.0265,0.0242,0.0714,0.0801,0.083,0.6954,2.773,3.341,51.791,56.62,53.58,106.64,0.0087,0.0067,0.0209,62.63,43.62,58.1,0.0087,0.0071,0.0219,44.5,15.82,45.57,0.0084,0.0064,0.0194,16000,1024,305.32,0.9523,0.035,0.0106,0.0021
2026-08-26T15:30:06.192+02:00,1000,1024,1024,1056,15,234,0,701,0,213,0,0.0232,0.0211,0.0336,0.0773,0.0793,0.1113,3.169,3.02,3.182,103.75,61.14,13.79,0.0078,0.0076,0.0113,18.34,46.93,94.13,0.0072,0.0059,0.0106,24.16,136.37,109.33,0.0064,0.0059,0.009,16000,1024,1129.18,0.8838,0.1081,0.0062,0.0018
2026-08-26T15:30:36.192+02:00,1000,1024,1024,1056,15,234,0,701,0,213,0,0.0229,0.0209,0.0319,0.0733,0.0635,0.0923,2.846,2.892,2.646,63.54,61.85,25.3,0.0077,0.0073,0.0106,135.81,11.49,88.63,0.0059,0.0068,0.01,158.08,81.45,113.51,0.0059,0.0065,0.0092,16000,1024,441.54,0.8704,0.0798,0.0375,0.0123
2026-08-26T15:31:06.192+02:00,1000,1024,1024,1056,15,235,5,706,4,217,0,0.0238,0.0215,0.0472,0.0836,0.0712,0.7139,3.064,3.068,101.245,78.35,105.37,2.14,0.008,0.0068,0.0136,88.47,7.86,101.44,0.0077,0.0067,0.0132,103.82,70.35,10.01,0.0069,0.0062,0.0129,16000,1024,665.26,0.9964,0.0022,0.0012,0.0002
2026-08-26T15:31:36.191+02:00,1000,1024,1024,1056,15,236,0,706,0,217,0,0.0225,0.0216,0.0477,0.0659,0.0725,0.7185,2.584,2.784,99.761,56.3,29.21,134.6,0.009,0.0072,0.0105,169.12,47.93,56.81,0.0073,0.0071,0.0103,214.73,1.72,80.99,0.0066,0.007,0.0099,16000,1024,2721.65,0.8,0.1378,0.0587,0.0035
2026-08-26T15:32:06.200+02:00,1000,1024,1032,1064,15,236,39,745,1,218,0,0.0244,0.0254,0.0886,0.0747,0.0803,0.79,3.087,3.12,43.974,72.83,70.71,22.22,0.0083,0.0088,0.0289,117.26,30.63,154.03,0.0075,0.0076,0.0273,47.64,14.33,343.05,0.0069,0.0073,0.0266,16000,1024,424.25,0.9144,0.0476,0.0246,0.0134
2026-08-26T15:32:36.191+02:00,1000,1024,1024,1056,15,237,1,746,0,218,0,0.0241,0.0193,0.0472,0.0871,0.073,0.6902,3.188,3.012,91.821,81.17,172.69,31.49,0.0065,0.0084,0.0126,23.3,118.23,191.11,0.0065,0.0063,0.0113,123.55,90.14,181.48,0.0074,0.0062,0.0106,16000,1024,219.16,0.8995,0.0907,0.0083,0.0015
2026-08-26T15:33:06.192+02:00,1000,1024,1024,1056,15,237,12,758,3,221,0,0.0223,0.0212,0.0336,0.071,0.0668,0.1113,2.784,3.119,3.052,4.05,80.09,24.37,0.0084,0.007,0.0148,44.2,86.02,2.45,0.0072,0.007,0.0112,115.4,26.46,96.64,0.0071,0.0057,0.0107,16000,1024,180.0,0.9623,0.0273,0.0083,0.0022
2026-08-26T15:33:36.200+02:00,1000,1024,1032,1064,15,237,37,795,0,221,0,0.0269,0.0249,0.038,0.0768,0.0835,0.124,2.779,2.91,2.827,85.88,57.98,55.06,0.0094,0.008,0.0155,44.05,147.53,39.62,0.0088,0.0075,0.013,60.21,19.71,14.9,0.0088,0.0073,0.0111,16000,1024,568.12,0.8129,0.042,0.1136,0.0314
2026-08-26T15:34:06.197+02:00,1000,1024,1026,1059,15,237,36,831,0,221,0,0.0255,0.0237,0.089,0.0955,0.0817,0.7755,3.321,3.438,43.573,8.95,83.58,33.51,0.0084,0.0077,0.0297,59.1,35.08,105.01,0.0073,0.0068,0.034,164.43,135.18,68.31,0.0068,0.0065,0.0238,16000,1024,292.33,0.7604,0.0768,0.1388,0.024
2026-08-26T15:34:36.207+02:00,1000,1024,1024,1056,15,237,0,831,0,221,0,0.0239,0.0211,0.0478,0.0864,0.079,0.7361,2.907,3.231,108.822,42.3,86.57,55.88,0.0081,0.0071,0.0161,163.42,101.64,202.11,0.0081,0.0058,0.015,15.24,211.64,90.04,0.0074,0.0057,0.0146,16000,1024,209.54,0.9435,0.0362,0.0164,0.0039
2026-08-26T15:35:06.204+02:00,1000,1024,1033,1065,15,238,38,869,1,222,0,0.0277,0.0248,0.0885,0.1086,0.0985,0.7751,3.582,3.61,42.259,7.7,41.83,23.16,0.0103,0.0073,0.0239,37.03,52.77,370.99,0.0082,0.0071,0.0219,95.1,59.53,456.28,0.0084,0.0064,0.0223,16000,1024,245.82,0.9259,0.0551,0.0149,0.004
2026-08-26T15:35:36.195+02:00,1000,1024,1024,1056,15,238,1,870,0,222,0,0.0229,0.0229,0.0304,0.0768,0.0722,0.1179,3.145,2.953,3.025,29.46,80.03,122.01,0.0074,0.0061,0.0103,79.83,122.28,235.4,0.0072,0.0061,0.0102,146.74,9.42,71.83,0.0069,0.006,0.0098,16000,1024,1863.58,0.9811,0.0141,0.0039,0.0009
2026-08-26T15:36:06.196+02:00,1000,1024,1024,1056,15,238,1,871,0,222,0,0.0222,0.0193,0.0322,0.0705,0.0639,0.0971,3.157,3.138,2.964,168.03,19.29,135.8,0.0068,0.0063,0.0095,53.51,138.3,201.75,0.0068,0.0053,0.0092,6.95,86.87,152.21,0.0067,0.0052,0.0083,16000,1024,203.28,0.9572,0.0288,0.0115,0.0026
2026-08-26T15:36:36.196+02:00,1000,1024,1024,1056,15,239,0,871,0,222,0,0.022,0.0221,0.032,0.0767,0.0718,0.0957,3.01,2.876,3.138,59.47,35.57,114.88,0.0069,0.0073,0.0114,45.75,12.24,15.68,0.0065,0.0073,0.0091,177.84,45.07,65.45,0.0063,0.0057,0.009,16000,1024,108.87,0.8979,0.0493,0.0462,0.0065
2026-08-26T15:37:06.195+02:00,1000,1024,1024,1056,15,239,2,873,0,222,0,0.0233,0.0211,0.0328,0.0816,0.0767,0.0887,3.128,2.984,2.487,58.97,56.35,58.79,0.0088,0.0064,0.0102,26.08,17.19,28.97,0.0077,0.0062,0.0102,157.77,31.46,129.15,0.0076,0.0058,0.0098,16000,1024,113.95,0.8989,0.057,0.0364,0.0077
2026-08-26T15:37:36.196+02:00,1000,1024,1024,1056,15,239,0,873,0,222,0,0.0229,0.0207,0.0316,0.0704,0.0691,0.114,2.79,2.792,2.969,81.59,81.97,96.72,0.0072,0.0071,0.012,26.44,160.31,6.54,0.0064,0.0069,0.01,42.57,195.58,123.13,0.007,0.006,0.0087,16000,1024,882.61,0.9816,0.0133,0.0044,0.0008
2026-08-26T15:38:06.196+02:00,1000,1024,1024,1056,15,239,0,873,0,222,0,0.0231,0.0209,0.0305,0.0779,0.0729,0.1046,3.057,3.102,2.781,98.5,89.88,47.77,0.0082,0.0059,0.0104,15.78,230.34,77.84,0.0068,0.0057,0.01,58.17,135.63,205.32,0.0068,0.005,0.0091,16000,1024,2316.96,0.8441,0.155,0.0008,0.0001
2026-08-26T15:38:36.196+02:00,1000,1024,1024,1056,15,240,0,873,0,222,0,0.0225,0.0207,0.0465,0.0651,0.0791,0.7127,2.84,3.518,108.226,50.05,19.5,125.85,0.0072,0.0062,0.0142,154.19,285.06,49.6,0.0069,0.0057,0.0142,85.35,186.41,54.66,0.0067,0.0056,0.0129,16000,1024,1707.75,0.9928,0.0065,0.0006,0.0001
2026-08-26T15:39:06.198+02:00,1000,1024,1024,1056,15,240,1,874,0,222,0,0.0223,0.0215,0.0315,0.0736,0.0716,0.134,3.014,3.053,3.533,188.72,82.7,31.37,0.0083,0.0078,0.0093,16.03,160.11,26.08,0.008,0.0062,0.0086,46.7,94.26,44.15,0.0063,0.0068,0.0084,16000,1024,193.58,0.9443,0.0416,0.0121,0.0021
2026-08-26T15:39:36.198+02:00,1000,1024,1024,1056,15,240,0,874,0,222,0,0.0227,0.02,0.0489,0.0818,0.0958,0.7802,2.815,3.698,128.163,188.15,131.05,31.51,0.0065,0.0065,0.0113,6.72,26.7,112.37,0.006,0.0065,0.0107,16.67,3.11,60.81,0.0059,0.0061,0.0104,16000,1024,697.02,0.9685,0.0224,0.0073,0.0018
2026-08-26T15:40:06.200+02:00,1000,1024,1024,1056,15,241,0,874,0,222,0,0.0224,0.0208,0.0464,0.0653,0.067,0.7203,2.756,2.746,103.639,102.59,71.81,62.64,0.008,0.0077,0.0165,50.88,202.59,57.95,0.007,0.0063,0.0161,122.26,44.64,3.57,0.007,0.0059,0.0152,16000,1024,186.98,0.9173,0.062,0.0167,0.0041
2026-08-26T15:40:36.199+02:00,1000,1024,1024,1056,15,241,0,874,0,222,0,0.0244,0.0212,0.0423,0.0795,0.0653,0.5752,2.781,2.713,68.913,19.44,49.79,141.25,0.0079,0.007,0.0105,87.21,69.04,45.17,0.0078,0.007,0.0098,68.94,35.42,115.73,0.0076,0.0067,0.0104,16000,1024,693.28,0.9807,0.0145,0.0041,0.0007
2026-08-26T15:41:06.200+02:00,1000,1024,1024,1056,15,241,0,874,0,222,0,0.0221,0.0213,0.0856,0.0737,0.0933,0.7029,3.164,3.809,37.546,38.05,139.2,11.68,0.0059,0.0092,0.0302,209.49,59.16,149.44,0.0065,0.0072,0.0284,137.85,148.95,245.08,0.0056,0.0073,0.0267,16000,1024,233.32,0.9497,0.0305,0.0176,0.0022
2026-08-26T15:41:36.208+02:00,1000,1024,1032,1064,15,241,39,913,0,222,0,0.0264,0.0247,0.0692,0.1003,0.0734,0.7813,3.291,2.798,69.659,2.74,6.68,95.12,0.0099,0.0112,0.0202,59.32,15.19,67.54,0.0092,0.0085,0.0189,75.49,111.29,87.81,0.0078,0.0075,0.0178,16000,1024,660.42,0.9656,0.0251,0.0074,0.0019
2026-08-26T15:42:06.201+02:00,1000,1024,1024,1057,15,242,35,948,0,222,0,0.0272,0.0247,0.094,0.1004,0.1163,0.7456,3.291,4.183,34.471,46.97,60.28,105.68,0.0116,0.0077,0.0293,54.03,112.82,112.43,0.0097,0.0081,0.0286,64.55,51.18,211.04,0.0087,0.007,0.0277,16000,1024,166.76,0.8283,0.0904,0.0763,0.005
2026-08-26T15:42:36.199+02:00,1000,1024,1024,1056,15,242,1,949,0,222,0,0.0226,0.022,0.0453,0.0707,0.1002,0.6891,3.046,3.51,108.684,89.67,138.27,78.51,0.0063,0.0076,0.0153,82.73,105.16,263.34,0.0062,0.0063,0.0139,110.83,94.72,15.74,0.0073,0.0061,0.0133,16000,1024,1137.91,0.99,0.0067,0.0028,0.0005
2026-08-26T15:43:06.200+02:00,1000,1024,1024,1056,15,242,1,950,0,222,0,0.0242,0.0192,0.0302,0.0795,0.0756,0.0974,2.767,3.519,2.629,198.55,48.95,92.28,0.0077,0.0063,0.012,160.45,122.7,12.59,0.0072,0.0063,0.0095,129.1,138.23,212.7,0.0068,0.0058,0.0082,16000,1024,519.08,0.9751,0.0125,0.0111,0.0013
2026-08-26T15:43:36.200+02:00,1000,1024,1024,1056,15,242,3,953,1,223,0,0.0228,0.0216,0.0418,0.0762,0.0707,0.5774,3.092,3.273,72.167,54.89,43.55,14.52,0.0078,0.007,0.0124,47.96,50.31,37.82,0.0076,0.0077,0.012,10.43,26.93,65.47,0.008,0.0069,0.0117,16000,1024,605.87,0.9651,0.0263,0.0067,0.0019
2026-08-26T15:44:06.201+02:00,1000,1024,1024,1056,15,242,0,953,0,223,0,0.0236,0.0226,0.0448,0.0998,0.0766,0.6874,3.412,2.781,104.554,119.29,6.16,28.58,0.008,0.0089,0.0144,2.03,73.28,182.43,0.0073,0.0069,0.0137,109.63,66.25,249.76,0.0074,0.0066,0.0133,16000,1024,334.09,0.9554,0.0234,0.0192,0.002
2026-08-26T15:44:36.203+02:00,1000,1024,1024,1056,15,242,4,957,0,223,0,0.0238,0.0204,0.0321,0.0782,0.0623,0.1046,2.823,3.064,2.764,21.35,18.4,48.54,0.0089,0.0066,0.0136,47.18,3.1,18.65,0.0079,0.006,0.0125,40.3,103.44,168.02,0.0066,0.0056,0.0103,16000,1024,154.29,0.9616,0.0248,0.0112,0.0024
2026-08-26T15:45:06.204+02:00,1000,1024,1024,1056,15,243,0,957,0,223,0,0.0232,0.0206,0.0325,0.0806,0.0732,0.113,3.273,2.989,3.04,55.54,101.88,9.82,0.008,0.0064,0.0106,31.33,54.18,62.44,0.0079,0.0061,0.0104,22.33,118.2,27.62,0.0076,0.0055,0.0102,16000,1024,306.05,0.8984,0.094,0.0061,0.0016
2026-08-26T15:45:36.204+02:00,1000,1024,1024,1056,15,243,0,957,0,223,0,0.0229,0.0201,0.0311,0.0729,0.0712,0.1302,2.96,2.912,3.583,20.36,88.77,21.93,0.0074,0.0075,0.0105,218.62,67.07,53.54,0.0066,0.0061,0.009,50.53,19.44,113.52,0.0067,0.0055,0.0086,16000,1024,97.72,0.7122,0.205,0.0745,0.0082
2026-08-26T15:46:06.203+02:00,1000,1024,1024,1056,15,244,0,957,0,223,0,0.0225,0.0214,0.0312,0.0707,0.0666,0.0991,2.887,2.866,3.094,61.37,112.14,11.79,0.0075,0.0072,0.0105,117.27,63.21,90.76,0.0067,0.0065,0.01,76.8,47.77,82.22,0.006,0.0059,0.0102,16000,1024,494.95,0.9771,0.0157,0.0055,0.0017
2026-08-26T15:46:36.221+02:00,1000,1024,1024,1056,15,245,0,957,0,223,0,0.0226,0.0212,0.0302,0.0743,0.0773,0.1006,3.034,2.965,3.007,98.7,68.5,30.14,0.007,0.0068,0.0088,108.2,110.61,36.84,0.0063,0.0059,0.0085,36.42,103.71,225.03,0.0059,0.0058,0.0088,16000,1024,319.21,0.3286,0.6495,0.0206,0.0014
2026-08-26T15:47:06.223+02:00,1000,1024,1024,1056,15,245,0,957,0,223,0,0.0251,0.0192,0.031,0.071,0.0687,0.1041,2.668,2.957,2.856,38.02,45.52,112.43,0.0085,0.0068,0.0107,196.28,225.12,150.51,0.0073,0.0069,0.0107,92.22,97.44,174.25,0.007,0.005,0.0091,16000,1024,155.54,0.9674,0.0185,0.0106,0.0035
2026-08-26T15:47:36.216+02:00,1000,1024,1024,1056,15,246,36,993,0,223,0,0.0275,0.0239,0.0539,0.0831,0.0844,0.599,3.138,3.225,50.798,98.35,92.42,40.62,0.0092,0.0083,0.0193,14.17,25.37,183.23,0.0076,0.0075,0.018,23.39,38.29,67.15,0.0068,0.0073,0.0173,16000,1024,405.26,0.9762,0.0104,0.0123,0.0011
2026-08-26T15:48:06.205+02:00,1000,1024,1024,1056,15,246,0,993,0,223,0,0.0239,0.0202,0.0311,0.0772,0.08,0.1108,2.925,3.129,3.011,3.35,10.63,55.43,0.0098,0.0091,0.0116,101.01,141.88,129.04,0.0068,0.0056,0.0098,66.27,28.0,10.43,0.0062,0.0058,0.009,16000,1024,117.3,0.9586,0.0234,0.0127,0.0053
2026-08-26T15:48:36.204+02:00,1000,1024,1024,1056,15,248,0,993,0,223,0,0.0227,0.0203,0.0316,0.0818,0.066,0.1041,2.871,2.777,2.906,74.06,67.61,96.36,0.0068,0.0068,0.012,169.25,126.73,227.73,0.0067,0.0064,0.0096,24.79,156.44,180.21,0.0063,0.0054,0.01,16000,1024,456.83,0.9226,0.0424,0.03,0.0049
2026-08-26T15:49:06.205+02:00,1000,1024,1024,1056,15,248,0,993,0,223,0,0.0229,0.02,0.0313,0.07,0.065,0.1066,3.037,2.912,3.36,54.26,91.5,74.45,0.0082,0.0064,0.0092,62.78,45.49,131.6,0.0077,0.0058,0.0089,76.95,86.69,47.2,0.0071,0.0055,0.0089,16000,1024,92.44,0.8906,0.0505,0.044,0.0149
2026-08-26T15:49:36.204+02:00,1000,1024,1024,1056,15,248,0,993,0,223,0,0.0237,0.0202,0.0296,0.074,0.0708,0.1219,2.844,3.252,3.158,77.92,41.28,83.32,0.0068,0.0058,0.0101,13.96,97.53,154.74,0.0062,0.0052,0.0092,36.14,14.64,14.1,0.006,0.0051,0.0098,16000,1024,1063.51,0.9674,0.0239,0.0071,0.0016
2026-08-26T15:50:06.206+02:00,1000,1024,1024,1056,15,248,0,993,0,223,0,0.0219,0.0207,0.0335,0.0656,0.0729,0.1091,2.823,2.928,2.968,270.78,57.95,58.54,0.0061,0.0071,0.011,119.03,163.01,104.1,0.0058,0.0059,0.0099,259.04,65.15,37.33,0.0058,0.0056,0.0088,16000,1024,176.47,0.9746,0.0102,0.0098,0.0054
2026-08-26T15:50:36.207+02:00,1000,1024,1024,1056,15,248,0,993,0,223,0,0.0199,0.0344,0.2735,0.0662,0.2062,1.9494,2.901,15.329,31.198,113.24,27.18,208.68,0.0073,0.0074,0.0176,208.44,85.72,248.55,0.0068,0.0069,0.0186,294.41,77.35,243.95,0.0062,0.0058,0.0172,16000,1024,764.81,0.9969,0.0015,0.0014,0.0002
2026-08-26T15:51:06.206+02:00,1000,1024,1024,1056,15,249,0,993,0,223,0,0.0228,0.0203,0.0455,0.0839,0.0663,0.6997,3.125,3.21,102.895,151.07,109.32,54.21,0.0081,0.0074,0.0159,60.35,20.57,237.11,0.007,0.0064,0.0139,25.5,29.07,67.23,0.0064,0.006,0.0136,16000,1024,590.18,0.9947,0.0031,0.0017,0.0006
2026-08-26T15:51:36.207+02:00,1000,1024,1024,1056,15,249,0,993,0,223,0,0.0213,0.0208,0.0329,0.0593,0.0606,0.101,2.908,2.801,2.86,8.82,50.77,29.37,0.0064,0.0073,0.0108,118.88,1.72,210.21,0.0065,0.0066,0.0088,142.36,92.32,100.66,0.0064,0.0062,0.0082,16000,1024,189.62,0.9097,0.0612,0.0261,0.0029
2026-08-26T15:52:06.213+02:00,1000,1024,1029,1061,15,249,40,1033,1,224,0,0.0273,0.0239,0.073,0.0948,0.0848,0.6796,3.033,3.12,50.737,81.71,70.07,43.5,0.0094,0.0085,0.0248,46.28,79.03,69.43,0.0084,0.008,0.0199,73.12,26.28,117.35,0.0076,0.0077,0.02,16000,1024,434.8,0.9905,0.0047,0.0036,0.0012
2026-08-26T15:52:36.216+02:00,1000,1024,1031,1064,15,249,38,1071,1,225,0,0.024,0.0249,0.0799,0.0712,0.0995,0.709,3.027,3.566,46.528,32.05,15.46,53.58,0.0099,0.0099,0.0231,19.2,59.01,230.54,0.0071,0.0104,0.0226,116.91,53.86,100.35,0.0066,0.0081,0.0216,16000,1024,179.58,0.9574,0.0168,0.0234,0.0025
2026-08-26T15:53:06.212+02:00,1000,1024,1027,1059,15,249,36,1107,0,225,0,0.0266,0.0253,0.0825,0.1073,0.0785,0.8058,3.31,3.068,49.324,55.64,15.67,5.74,0.0101,0.0099,0.0219,28.51,90.87,111.7,0.0092,0.0085,0.0232,66.71,98.57,232.04,0.0085,0.0066,0.0214,16000,1024,401.75,0.9367,0.0379,0.0192,0.0062
2026-08-26T15:53:36.210+02:00,1000,1024,1024,1056,15,249,1,1108,0,225,0,0.0228,0.0212,0.033,0.0731,0.0844,0.1092,2.913,3.196,2.8,48.07,12.97,124.83,0.0083,0.0072,0.0104,6.73,45.21,60.61,0.0062,0.0065,0.01,108.74,170.7,27.21,0.0064,0.0051,0.0093,16000,1024,659.49,0.9758,0.017,0.0058,0.0013
2026-08-26T15:54:06.209+02:00,1000,1024,1024,1056,15,249,0,1108,0,225,0,0.0241,0.0205,0.0327,0.0905,0.068,0.1138,2.995,2.821,2.976,41.94,36.37,5.68,0.0078,0.0071,0.0112,17.41,70.13,39.57,0.0072,0.0062,0.0116,11.75,109.3,108.14,0.0066,0.0057,0.0096,16000,1024,194.61,0.8108,0.1505,0.0316,0.0071
2026-08-26T15:54:36.209+02:00,1000,1024,1024,1056,15,249,0,1108,0,225,0,0.0216,0.0201,0.033,0.0857,0.0605,0.1055,3.288,2.836,2.874,7.6,166.68,75.32,0.008,0.007,0.0106,75.85,75.35,11.05,0.0077,0.0057,0.0106,235.11,45.5,117.96,0.0067,0.0059,0.0087,16000,1024,150.92,0.272,0.1807,0.4513,0.0959
2026-08-26T15:55:06.208+02:00,1000,1024,1024,1056,15,249,0,1108,0,225,0,0.0237,0.0212,0.0308,0.0757,0.0764,0.1162,3.135,3.074,3.299,47.27,210.93,83.25,0.0071,0.0081,0.0105,35.52,55.33,93.74,0.0066,0.0079,0.008,126.34,84.91,121.98,0.0064,0.0072,0.0077,16000,1024,170.99,0.822,0.1102,0.0627,0.005
2026-08-26T15:55:36.210+02:00,1000,1024,1024,1056,15,249,2,1110,0,225,0,0.0238,0.0192,0.0319,0.076,0.057,0.108,2.894,2.869,2.972,5.21,40.78,111.45,0.0077,0.0063,0.0104,110.49,53.53,97.41,0.0074,0.0057,0.01,145.74,14.03,3.0,0.0071,0.006,0.0096,16000,1024,2756.36,0.9633,0.0279,0.007,0.0018
2026-08-26T15:56:06.208+02:00,1000,1024,1024,1056,15,249,2,1112,0,225,0,0.0248,0.0217,0.036,0.0808,0.071,0.3654,3.117,2.844,23.403,102.5,120.2,39.5,0.0071,0.0069,0.0123,249.32,107.83,21.04,0.0063,0.0069,0.0116,2.56,2.8,5.71,0.0068,0.0058,0.0099,16000,1024,487.57,0.9746,0.0142,0.0101,0.0011
2026-08-26T15:56:36.207+02:00,1000,1024,1024,1056,15,250,0,1112,0,225,0,0.0223,0.0195,0.0311,0.0714,0.0791,0.0983,3.176,3.585,2.897,80.63,217.4,78.82,0.0086,0.0059,0.0127,46.84,200.47,48.99,0.0069,0.0059,0.0092,72.8,209.98,54.3,0.0073,0.0054,0.0101,16000,1024,353.66,0.9954,0.002,0.002,0.0005
2026-08-26T15:57:06.210+02:00,1000,1024,1024,1056,15,250,0,1112,0,225,0,0.0223,0.0207,0.0317,0.0732,0.0686,0.0941,3.083,2.984,2.788,89.03,2.22,99.62,0.0075,0.0071,0.0106,258.54,7.92,41.3,0.0073,0.0057,0.0102,74.41,89.13,9.58,0.0066,0.0058,0.0093,16000,1024,1119.85,0.9954,0.002,0.0024,0.0002
2026-08-26T15:57:36.209+02:00,1000,1024,1024,1056,15,250,0,1112,0,225,0,0.0251,0.0206,0.0312,0.0693,0.078,0.1041,2.671,2.812,3.097,113.47,5.13,23.11,0.0085,0.0065,0.0103,20.38,154.03,64.24,0.0081,0.0062,0.0088,196.2,46.05,123.0,0.0066,0.0061,0.0083,16000,1024,1669.9,0.9809,0.0139,0.0042,0.001
2026-08-26T15:58:06.209+02:00,1000,1024,1024,1056,15,250,0,1112,0,225,0,0.0236,0.0214,0.0315,0.0901,0.0688,0.1062,3.15,2.729,2.844,68.09,138.83,41.09,0.0089,0.0072,0.0112,149.55,47.35,14.67,0.0061,0.007,0.0091,44.22,65.52,60.01,0.0059,0.006,0.0098,16000,1024,210.15,0.9741,0.0111,0.0115,0.0032
2026-08-26T15:58:36.213+02:00,1000,1024,1024,1056,15,250,0,1112,0,225,0,0.0232,0.0198,0.0323,0.0773,0.0638,0.0996,2.923,3.149,2.93,6.22,138.8,167.91,0.0093,0.0057,0.0096,144.62,167.95,50.92,0.008,0.0054,0.0092,95.67,159.41,11.46,0.0071,0.0054,0.0094,16000,1024,146.49,0.9264,0.0485,0.0222,0.0029
2026-08-26T15:59:06.213+02:00,1000,1024,1024,1056,15,251,0,1112,0,225,0,0.8101,0.2147,0.0616,1.25,0.3778,0.6194,1.569,1.532,38.18,49.15,49.15,49.16,1.1693,0.3069,0.0523,147.39,147.37,9.01,0.0456,0.0434,0.0177,98.65,99.69,24.88,0.0184,0.0167,0.0166,16000,1024,1151.28,0.9322,0.0613,0.0032,0.0033
2026-08-26T15:59:36.214+02:00,1000,1024,1024,1056,15,251,1,1113,0,225,0,0.7427,0.2221,0.0473,1.1522,0.3783,0.1462,1.566,1.576,2.896,49.36,49.36,49.31,1.0607,0.3109,0.0384,148.11,148.29,98.52,0.0466,0.0345,0.0173,39.34,99.65,25.74,0.0315,0.0229,0.0127,16000,1024,347.52,0.6237,0.3383,0.0261,0.0119
2026-08-26T16:00:06.214+02:00,1000,1024,1024,1056,15,251,1,1114,0,225,0,0.7169,0.2244,0.0502,1.1196,0.3939,0.1494,1.559,1.582,2.653,49.34,49.34,49.34,1.0356,0.3245,0.053,41.27,147.97,98.47,0.0686,0.024,0.0171,55.18,28.43,147.95,0.056,0.018,0.0133,16000,1024,923.53,0.8089,0.1757,0.0124,0.003
2026-08-26T16:00:36.214+02:00,1000,1024,1024,1056,15,251,1,1115,0,225,0,0.7612,0.2232,0.0551,1.151,0.3803,0.6125,1.556,1.574,31.242,49.31,49.32,49.31,1.0949,0.325,0.0392,147.99,147.87,98.88,0.0407,0.0209,0.0176,53.22,99.72,148.26,0.028,0.0106,0.0127,16000,1024,296.96,0.5218,0.4323,0.0371,0.0088
2026-08-26T16:01:06.213+02:00,1000,1024,1024,1056,15,251,35,1150,1,226,0,0.7246,0.2177,0.1083,1.2252,0.3947,0.7039,1.651,1.652,23.715,49.47,49.43,43.04,0.5676,0.172,0.0393,18.3,13.87,14.03,0.3275,0.102,0.036,14.0,18.35,308.81,0.3256,0.098,0.0314,16000,1024,365.41,0.4926,0.4826,0.0175,0.0072
2026-08-26T16:01:36.214+02:00,1000,1024,1024,1056,15,251,0,1150,0,226,0,0.7035,0.2251,0.0504,1.0815,0.3905,0.15,1.567,1.571,2.543,49.36,49.36,49.35,1.0273,0.3277,0.0519,148.09,148.3,98.95,0.0502,0.0315,0.0221,99.16,99.44,24.44,0.0172,0.0201,0.012,16000,1024,605.74,0.7839,0.1961,0.0137,0.0063
2026-08-26T16:02:06.219+02:00,1000,1024,1029,1061,15,254,37,1187,0,226,0,0.6797,0.2186,0.0974,1.1523,0.3992,0.7942,1.694,1.68,30.483,49.36,49.32,11.59,0.5039,0.1666,0.0307,11.71,11.64,49.36,0.3779,0.1166,0.0249,17.65,17.65,63.45,0.2013,0.0619,0.0198,16000,1024,324.37,0.6897,0.2854,0.017,0.0079
2026-08-26T16:02:36.216+02:00,1000,1024,1024,1056,15,254,1,1188,0,226,0,0.706,0.2232,0.0479,1.0855,0.3763,0.1553,1.57,1.569,2.868,49.32,49.32,49.29,1.0096,0.3201,0.0475,147.96,147.92,99.26,0.0473,0.0265,0.0227,43.24,100.27,147.64,0.022,0.0157,0.0124,16000,1024,321.59,0.6693,0.3026,0.0199,0.0082
2026-08-26T16:03:36.216+02:00,1000,1024,1024,1056,16,255,0,1200,0,226,0,0.7915,0.2169,0.0459,1.2409,0.3746,0.1438,1.574,1.567,2.89,49.31,49.32,49.36,1.1618,0.3161,0.0412,147.96,147.82,98.92,0.0606,0.0261,0.0239,98.37,100.2,148.16,0.014,0.0156,0.0185,16000,1024,669.28,0.9498,0.0427,0.0053,0.0022
2026-08-26T16:04:06.216+02:00,1000,1024,1024,1056,16,255,0,1200,0,226,0,0.7945,0.2132,0.0471,1.2235,0.3804,0.157,1.576,1.567,2.896,49.27,49.27,49.31,1.1572,0.3074,0.0434,147.78,147.92,98.91,0.0575,0.0342,0.0207,98.85,99.53,147.75,0.0189,0.0155,0.0196,16000,1024,432.98,0.698,0.273,0.019,0.01
2026-08-26T16:04:36.218+02:00,1000,1024,1024,1056,16,256,0,1200,0,226,0,0.7839,0.2148,0.0655,1.2178,0.3773,0.6372,1.578,1.535,31.332,49.27,49.26,49.35,1.1497,0.3113,0.0456,147.76,147.76,98.32,0.0582,0.0332,0.0262,196.9,99.68,147.83,0.0173,0.0196,0.0156,16000,1024,380.52,0.7811,0.1976,0.0145,0.0068
2026-08-26T16:05:06.218+02:00,1000,1024,1024,1056,16,257,38,1238,0,226,0,0.7634,0.2054,0.0864,1.3183,0.4045,0.7577,1.718,1.658,30.766,12.52,12.49,12.68,0.5869,0.1553,0.0217,49.18,49.13,29.5,0.4828,0.1247,0.0189,86.13,20.98,49.99,0.1723,0.0509,0.0182,16000,1024,261.15,0.5521,0.4087,0.0279,0.0114
2026-08-26T16:05:36.218+02:00,1000,1024,1024,1056,16,257,35,1273,1,227,0,0.7726,0.2049,0.0796,1.2765,0.3654,0.7054,1.676,1.609,34.979,15.39,15.43,49.2,0.4911,0.1303,0.0243,49.23,49.24,26.69,0.4512,0.124,0.0242,20.02,20.08,85.27,0.2901,0.0703,0.0209,16000,1024,432.69,0.6222,0.3464,0.0242,0.0071
2026-08-26T16:06:06.219+02:00,1000,1024,1024,1057,16,257,35,1308,0,227,0,0.7903,0.2049,0.09,1.3238,0.3773,0.7796,1.685,1.663,32.441,49.22,49.22,16.79,0.4278,0.1188,0.031,12.99,13.12,94.96,0.3815,0.0959,0.0281,3.69,3.75,31.5,0.2662,0.0682,0.028,16000,1024,657.12,0.7799,0.2107,0.0073,0.0021
2026-08-26T16:06:36.219+02:00,1000,1024,1024,1056,16,257,1,1309,0,227,0,0.8162,0.2058,0.0471,1.3376,0.3633,0.1497,1.594,1.567,2.772,49.18,49.17,49.04,1.142,0.2809,0.043,147.53,147.48,147.66,0.0594,0.0357,0.0195,36.38,99.95,98.82,0.0497,0.0145,0.014,16000,1024,518.94,0.7267,0.2559,0.011,0.0063
2026-08-26T16:07:06.218+02:00,1000,1024,1024,1056,16,257,0,1309,0,227,0,0.8338,0.2071,0.0463,1.3014,0.381,0.1421,1.585,1.58,2.62,49.21,49.21,49.26,1.2099,0.2981,0.041,147.56,147.78,98.72,0.0622,0.0365,0.0249,98.71,99.29,147.5,0.0152,0.0179,0.0228,16000,1024,351.36,0.5781,0.3742,0.0301,0.0176
2026-08-26T16:07:36.218+02:00,1000,1024,1024,1056,16,258,0,1309,0,227,0,0.8455,0.2078,0.0447,1.2972,0.3641,0.1439,1.581,1.549,2.844,49.19,49.18,49.26,1.2191,0.2943,0.0398,147.54,147.68,147.68,0.0671,0.0383,0.0221,98.68,99.89,98.84,0.017,0.0209,0.0198,16000,1024,278.3,0.4438,0.523,0.0239,0.0094
2026-08-26T16:08:06.219+02:00,1000,1024,1024,1056,16,258,0,1309,0,227,0,0.8537,0.2038,0.1906,1.3194,0.3631,1.0292,1.585,1.576,13.228,49.14,49.14,492.15,1.2325,0.2898,0.0786,147.35,147.31,3.07,0.0655,0.034,0.0768,43.67,99.93,498.55,0.019,0.0183,0.0723,16000,1024,1042.84,0.9086,0.0869,0.0028,0.0017
2026-08-26T16:08:36.238+02:00,1000,1024,1042,1075,16,259,37,1346,0,227,0,0.829,0.1985,0.0616,1.395,0.3504,0.5554,1.723,1.664,25.077,49.09,49.12,49.48,0.6202,0.1454,0.0266,12.11,12.33,12.34,0.4517,0.0998,0.0171,18.48,18.47,32.23,0.2974,0.0653,0.0156,16000,1024,986.48,0.9678,0.0268,0.0038,0.0016
2026-08-26T16:09:06.220+02:00,1000,1024,1024,1056,16,260,1,1347,0,227,0,0.8472,0.2064,0.0476,1.3322,0.3442,0.1898,1.59,1.553,3.155,49.21,49.2,49.3,1.2022,0.2902,0.0429,147.46,147.69,147.6,0.0638,0.0353,0.0196,36.95,99.62,98.54,0.031,0.0217,0.018,16000,1024,3392.67,0.9871,0.012,0.0007,0.0003
2026-08-26T16:09:36.221+02:00,1000,1024,1024,1056,16,260,0,1347,0,227,0,0.8509,0.2081,0.0459,1.3002,0.3558,0.147,1.588,1.54,2.769,49.18,49.18,49.22,1.2348,0.2959,0.0468,147.46,147.65,98.59,0.0657,0.0388,0.0178,196.76,99.73,147.37,0.0161,0.0144,0.0154,16000,1024,310.52,0.6037,0.376,0.0122,0.0081
2026-08-26T16:10:06.222+02:00,1000,1024,1024,1056,16,261,0,1347,0,227,0,0.8453,0.2074,0.0494,1.3092,0.3518,0.1417,1.59,1.546,2.592,49.18,49.17,49.14,1.2274,0.2977,0.0463,147.47,147.39,147.38,0.0648,0.0362,0.0192,196.61,99.88,98.08,0.0161,0.0174,0.0201,16000,1024,282.82,0.6893,0.2777,0.0213,0.0116
2026-08-26T16:10:36.226+02:00,1000,1024,1028,1060,16,261,34,1381,0,227,0,0.817,0.1967,0.0935,1.3613,0.3589,0.8972,1.684,1.619,40.046,49.17,49.17,15.82,0.584,0.1425,0.0251,15.5,15.5,67.57,0.4465,0.1087,0.0246,22.44,22.4,49.51,0.3076,0.0662,0.0192,16000,1024,260.06,0.5573,0.3986,0.0279,0.0162
2026-08-26T16:11:06.225+02:00,1000,1024,1024,1056,16,261,0,1381,0,227,0,0.8181,0.2094,0.0484,1.2763,0.3738,0.1628,1.59,1.516,2.937,49.19,49.2,49.14,1.1918,0.3024,0.0425,147.5,147.44,98.1,0.0642,0.0384,0.0205,196.58,99.82,147.5,0.0158,0.0207,0.0147,16000,1024,585.61,0.925,0.064,0.0061,0.0048
2026-08-26T16:11:36.223+02:00,1000,1024,1024,1056,16,261,0,1381,0,227,0,0.8394,0.2078,0.046,1.2755,0.3721,0.1525,1.582,1.528,2.637,49.19,49.21,49.25,1.2148,0.2995,0.042,147.53,147.71,98.4,0.0644,0.0389,0.0201,99.52,99.7,147.53,0.0129,0.0193,0.0139,16000,1024,417.04,0.5934,0.377,0.0195,0.0102
2026-08-26T16:12:06.222+02:00,1000,1024,1024,1056,16,261,0,1381,0,227,0,0.8347,0.2063,0.046,1.2883,0.3659,0.1593,1.586,1.546,2.633,49.18,49.18,49.19,1.2094,0.2963,0.0376,147.56,147.39,147.53,0.0647,0.0367,0.0215,196.72,100.15,98.96,0.014,0.0211,0.0197,16000,1024,3528.1,0.9905,0.0087,0.0005,0.0003
2026-08-26T16:12:36.222+02:00,1000,1024,1024,1056,16,262,1,1382,0,227,0,0.8452,0.207,0.0989,1.2872,0.4245,1.9245,1.589,1.537,234.802,49.19,49.19,49.24,1.188,0.284,0.0397,147.51,147.49,98.77,0.0722,0.0328,0.0228,42.65,41.34,147.32,0.0649,0.0181,0.0166,16000,1024,520.27,0.9177,0.0731,0.0069,0.0023
2026-08-26T16:13:06.225+02:00,1000,1024,1024,1056,16,262,0,1382,0,227,0,0.8596,0.2073,0.0453,1.3324,0.3509,0.1529,1.58,1.539,2.765,49.17,49.17,49.28,1.2355,0.2953,0.0432,147.51,147.54,98.62,0.0683,0.0403,0.0223,196.68,100.08,147.6,0.0152,0.0175,0.0222,16000,1024,1219.1,0.909,0.0841,0.0054,0.0014
2026-08-26T16:13:36.223+02:00,1000,1024,1024,1056,16,262,1,1383,0,227,0,0.8602,0.204,0.0574,1.6351,0.3516,0.707,1.606,1.52,45.437,49.12,49.14,49.18,1.1932,0.2831,0.0467,147.48,147.53,98.3,0.0669,0.0372,0.0181,27.45,99.87,147.84,0.0491,0.0176,0.0197,16000,1024,1515.05,0.9708,0.0263,0.0022,0.0007
2026-08-26T16:14:06.223+02:00,1000,1024,1024,1056,16,262,1,1384,0,227,0,0.8714,0.2056,0.0469,1.3496,0.3689,0.1719,1.581,1.531,2.881,49.17,49.16,49.16,1.2508,0.2963,0.0421,147.45,147.38,147.24,0.0682,0.0405,0.0222,196.55,100.07,99.27,0.0159,0.0239,0.0167,16000,1024,1309.89,0.9678,0.0284,0.0026,0.0012
2026-08-26T16:14:36.225+02:00,1000,1024,1024,1056,16,263,0,1384,0,227,0,0.888,0.2059,0.0471,1.3874,0.3626,0.1396,1.575,1.515,2.802,49.17,49.18,49.12,1.2785,0.2927,0.0378,147.49,147.4,98.19,0.066,0.0367,0.0201,196.65,100.11,147.43,0.0178,0.0201,0.0178,16000,1024,1775.14,0.9083,0.0866,0.0039,0.0013
2026-08-26T16:15:06.228+02:00,1000,1024,1024,1056,16,263,0,1384,0,227,0,0.9109,0.2061,0.0427,1.3841,0.3542,0.139,1.579,1.511,2.774,49.21,49.21,49.16,1.3228,0.293,0.0324,147.54,147.65,147.69,0.0648,0.0387,0.0198,98.6,99.6,100.34,0.0175,0.022,0.0136,16000,1024,1111.06,0.9572,0.0387,0.003,0.0011
2026-08-26T16:15:36.226+02:00,1000,1024,1024,1056,16,263,35,1419,0,227,0,0.8859,0.1985,0.0799,1.4632,0.3921,0.739,1.69,1.615,37.77,49.15,49.2,36.0,0.6341,0.1431,0.0199,14.23,16.85,57.91,0.5478,0.1093,0.0199,84.04,10.97,49.0,0.2047,0.0782,0.0191,16000,1024,1049.89,0.92,0.0742,0.0045,0.0013
2026-08-26T16:16:06.226+02:00,1000,1024,1024,1056,16,263,0,1419,0,227,0,0.917,0.2046,0.0469,1.4,0.3514,0.1327,1.575,1.505,2.725,49.18,49.17,49.12,1.3179,0.2907,0.04,147.47,147.56,147.6,0.0693,0.0329,0.0245,196.76,99.88,98.13,0.0198,0.0218,0.0198,16000,1024,2515.96,0.9802,0.0178,0.0014,0.0006
2026-08-26T16:16:36.227+02:00,1000,1024,1024,1056,16,263,0,1419,0,227,0,0.9145,0.2017,0.0577,1.425,0.3693,0.6936,1.585,1.535,42.781,49.07,49.07,49.13,1.2993,0.2863,0.0485,147.23,147.08,146.69,0.0656,0.0367,0.0163,54.2,99.56,98.95,0.0245,0.0239,0.0134,16000,1024,860.81,0.8503,0.137,0.0085,0.0041
2026-08-26T16:17:06.227+02:00,1000,1024,1024,1056,16,263,0,1419,0,227,0,0.9355,0.2024,0.0452,1.4458,0.3553,0.1626,1.583,1.521,2.885,49.19,49.19,49.05,1.3561,0.2905,0.0341,147.45,147.55,147.49,0.0656,0.0341,0.0186,98.28,100.04,98.74,0.0157,0.0188,0.0171,16000,1024,877.05,0.952,0.0445,0.0026,0.001
2026-08-26T16:17:36.227+02:00,1000,1024,1024,1056,16,263,2,1421,0,227,0,0.9386,0.2021,0.055,1.432,0.3612,0.6828,1.591,1.538,47.071,49.11,49.12,49.16,1.2203,0.2627,0.0357,43.85,147.5,98.59,0.1227,0.0351,0.0236,54.2,44.43,147.33,0.1108,0.0281,0.0204,16000,1024,1957.86,0.9794,0.0181,0.0018,0.0008
2026-08-26T16:18:06.226+02:00,1000,1024,1024,1056,16,263,0,1421,0,227,0,0.9683,0.2024,0.0556,1.4784,0.349,0.7353,1.567,1.513,60.477,49.17,49.17,49.36,1.394,0.2892,0.0371,147.5,147.48,98.78,0.064,0.0406,0.0218,196.69,99.99,123.95,0.0139,0.0193,0.0149,16000,1024,1356.16,0.9565,0.0396,0.003,0.0009
2026-08-26T16:18:36.228+02:00,1000,1024,1024,1056,16,263,0,1421,0,227,0,0.9734,0.2007,0.0453,1.4883,0.3422,0.1727,1.572,1.502,2.817,49.19,49.19,49.17,1.4067,0.2861,0.0358,147.56,147.35,147.44,0.0658,0.036,0.0213,98.82,100.01,99.06,0.017,0.0228,0.0152,16000,1024,1173.94,0.9078,0.0873,0.003,0.0018
2026-08-26T16:19:06.241+02:00,1000,1024,1037,1069,16,264,38,1459,2,229,0,0.9442,0.1969,0.0709,1.608,0.3689,0.7169,1.685,1.589,40.123,49.19,49.22,62.91,0.7557,0.1595,0.0261,16.81,12.56,20.12,0.4582,0.093,0.0244,9.36,5.32,81.42,0.4032,0.0585,0.0211,16000,1024,1269.84,0.979,0.0175,0.0026,0.0009
2026-08-26T16:19:36.228+02:00,1000,1024,1024,1056,16,264,1,1460,1,230,0,0.9864,0.1995,0.0515,1.5282,0.3473,0.5673,1.579,1.538,30.578,49.15,49.17,49.12,1.415,0.2829,0.034,147.49,147.37,98.67,0.0702,0.0374,0.023,196.59,100.11,147.41,0.0162,0.0197,0.0225,16000,1024,438.3,0.7304,0.2518,0.0121,0.0056
2026-08-26T16:20:06.228+02:00,1000,1024,1024,1056,16,264,0,1460,0,230,0,0.9937,0.202,0.0467,1.5191,0.373,0.1406,1.571,1.523,2.73,49.15,49.15,49.19,1.4253,0.2889,0.0339,147.42,147.31,147.33,0.0693,0.0384,0.0246,196.62,99.96,99.03,0.0146,0.0192,0.0197,16000,1024,305.39,0.5727,0.4075,0.0154,0.0044
2026-08-26T16:20:36.228+02:00,1000,1024,1024,1056,16,264,0,1460,0,230,0,1.0206,0.1994,0.0548,1.5841,0.3634,0.7226,1.579,1.535,61.221,49.14,49.13,49.08,1.4695,0.2823,0.0368,147.43,147.46,147.5,0.0687,0.0377,0.0268,53.47,99.94,98.85,0.0184,0.0183,0.0164,16000,1024,379.03,0.4275,0.5458,0.0202,0.0064
2026-08-26T16:21:06.230+02:00,1000,1024,1024,1056,16,264,0,1460,0,230,0,1.0272,0.1946,0.0443,1.555,0.3545,0.1582,1.575,1.532,3.114,49.16,49.17,98.76,1.4766,0.2782,0.0274,147.44,147.5,49.04,0.0712,0.0378,0.0278,196.57,100.13,147.46,0.0157,0.0202,0.0211,16000,1024,2175.18,0.9605,0.0326,0.0052,0.0017
2026-08-26T16:21:36.230+02:00,1000,1024,1024,1056,16,265,0,1460,0,230,0,1.0317,0.199,0.0545,1.5838,0.3513,0.607,1.574,1.522,29.564,49.16,49.17,49.22,1.4861,0.2838,0.0344,147.4,147.47,147.53,0.0715,0.0338,0.0292,98.23,100.15,98.91,0.0166,0.0211,0.0298,16000,1024,318.17,0.5675,0.4081,0.0179,0.0065
2026-08-26T16:22:06.231+02:00,1000,1024,1024,1056,16,265,0,1460,0,230,0,1.0523,0.1957,0.0612,1.8171,0.3478,0.856,1.578,1.531,70.864,49.15,49.16,49.11,1.5117,0.2768,0.0305,147.45,147.38,98.51,0.0734,0.0384,0.0264,196.61,100.04,147.42,0.0129,0.023,0.0242,16000,1024,1287.72,0.9212,0.0736,0.0041,0.0011
2026-08-26T16:22:36.231+02:00,1000,1024,1024,1056,16,265,0,1460,0,230,0,1.0545,0.1948,0.0455,1.5959,0.332,0.1516,1.58,1.532,2.892,49.16,49.17,49.1,1.5216,0.2776,0.0317,147.49,147.39,147.4,0.0745,0.037,0.0264,196.64,99.9,98.57,0.0175,0.0194,0.0214,16000,1024,345.72,0.5355,0.4419,0.0163,0.0062
2026-08-26T16:23:06.232+02:00,1000,1024,1024,1056,16,265,0,1460,0,230,0,1.0533,0.1957,0.0448,1.6018,0.3583,0.1387,1.584,1.525,2.858,49.15,49.14,49.19,1.5211,0.2786,0.0298,147.39,147.28,147.34,0.0756,0.0372,0.025,98.39,100.0,98.2,0.0193,0.0197,0.0234,16000,1024,665.62,0.8506,0.1322,0.0122,0.005
2026-08-26T16:23:36.232+02:00,1000,1024,1024,1056,16,265,1,1461,0,230,0,1.0571,0.1947,0.1101,1.6719,0.3298,2.2677,1.576,1.502,289.695,49.12,49.11,49.03,1.4659,0.2689,0.0219,41.79,147.41,147.56,0.0828,0.0384,0.0184,37.35,36.36,98.01,0.0797,0.0186,0.0165,16000,1024,373.86,0.4675,0.5071,0.019,0.0064
2026-08-26T16:24:06.233+02:00,1000,1024,1024,1056,16,266,0,1461,0,230,0,1.0835,0.1948,0.051,1.6382,0.3341,0.5681,1.577,1.504,31.644,49.06,49.05,49.06,1.5426,0.2733,0.0329,147.14,147.31,98.61,0.073,0.042,0.0203,54.53,99.71,147.02,0.0263,0.0185,0.0148,16000,1024,349.88,0.6901,0.2798,0.0252,0.0049
2026-08-26T16:24:36.232+02:00,1000,1024,1024,1056,16,266,0,1461,0,230,0,1.0659,0.1783,0.3085,1.6387,0.3452,1.2121,1.569,1.686,3.303,48.98,48.97,275.49,1.5017,0.2481,0.1217,146.93,146.92,356.64,0.0641,0.029,0.1042,53.22,360.87,385.57,0.03,0.0172,0.0952,16000,1024,424.3,0.4778,0.5097,0.0075,0.0049
2026-08-26T16:25:06.232+02:00,1000,1024,1024,1056,16,266,0,1461,0,230,0,1.0823,0.1931,0.0436,1.6889,0.3352,0.1358,1.573,1.516,2.688,49.03,49.03,48.93,1.5404,0.2722,0.0313,147.06,146.99,147.1,0.0687,0.0436,0.0263,43.46,99.51,97.81,0.0268,0.0206,0.0211,16000,1024,422.27,0.7433,0.2312,0.0186,0.0069
2026-08-26T16:25:36.239+02:00,1000,1024,1029,1061,16,266,36,1497,0,230,0,1.0632,0.19,0.0821,1.7657,0.3662,0.7198,1.671,1.607,40.367,49.07,49.1,61.07,0.6753,0.122,0.0289,16.06,16.09,29.22,0.6281,0.1039,0.0254,9.56,9.6,118.96,0.3548,0.0524,0.0243,16000,1024,351.21,0.4034,0.553,0.0331,0.0105
2026-08-26T16:26:06.232+02:00,1000,1024,1024,1056,16,266,0,1497,0,230,0,1.1235,0.1935,0.0427,1.6896,0.3446,0.1361,1.571,1.501,2.8,49.13,49.14,49.09,1.613,0.2751,0.0269,147.29,147.25,147.29,0.0713,0.039,0.0248,98.14,100.04,98.38,0.0181,0.0169,0.023,16000,1024,460.91,0.7892,0.1916,0.0142,0.005
2026-08-26T16:26:36.237+02:00,1000,1024,1027,1060,16,266,39,1536,0,230,0,1.0954,0.1886,0.0904,1.8142,0.3519,0.8474,1.658,1.564,45.382,49.04,10.83,57.42,0.8639,0.1427,0.0276,10.85,49.06,10.83,0.8245,0.1396,0.0253,4.98,5.2,3.84,0.2541,0.0456,0.0251,16000,1024,351.28,0.3855,0.5908,0.0183,0.0054
2026-08-26T16:27:06.243+02:00,1000,1024,1032,1064,16,266,37,1573,0,230,0,1.0929,0.1909,0.0665,1.9389,0.3504,0.7278,1.713,1.631,39.156,49.02,49.06,75.43,0.7691,0.1323,0.0205,11.89,11.87,61.3,0.6969,0.1187,0.0202,16.95,16.97,48.95,0.3703,0.0599,0.0181,16000,1024,316.07,0.4948,0.4565,0.0382,0.0105
2026-08-26T16:27:36.235+02:00,1000,1024,1024,1056,16,266,34,1607,0,230,0,1.1091,0.1879,0.0843,1.9183,0.3706,0.7375,1.686,1.602,37.172,49.2,13.97,49.33,0.8893,0.1333,0.0314,13.96,49.2,8.1,0.7941,0.1432,0.0251,8.92,9.07,17.36,0.3865,0.0572,0.0234,16000,1024,310.79,0.5656,0.397,0.0279,0.0095
2026-08-26T16:28:06.254+02:00,1000,1024,1042,1074,16,266,38,1645,0,230,0,1.129,0.1902,0.0847,2.0349,0.3929,0.723,1.707,1.672,28.785,49.0,49.0,63.75,0.7328,0.1175,0.0248,15.34,15.39,48.99,0.583,0.0983,0.021,10.45,10.44,19.88,0.5584,0.0948,0.0193,16000,1024,515.67,0.901,0.0879,0.0088,0.0023
2026-08-26T16:28:36.236+02:00,1000,1024,1024,1056,16,266,0,1645,0,230,0,1.1567,0.1938,0.0467,1.7437,0.332,0.1792,1.572,1.525,3.139,49.13,49.14,49.13,1.664,0.2749,0.0335,147.35,147.56,147.41,0.0717,0.0392,0.0269,196.37,100.08,98.21,0.0194,0.0223,0.0214,16000,1024,384.93,0.7417,0.2252,0.0271,0.0059
2026-08-26T16:29:06.238+02:00,1000,1024,1024,1056,16,266,2,1647,0,230,0,0.0257,0.0218,0.0471,0.1028,0.0918,0.7241,3.289,3.28,112.077,28.46,53.85,101.57,0.0084,0.0074,0.0099,130.92,73.3,66.35,0.0083,0.0064,0.0092,185.46,163.4,141.86,0.0077,0.0066,0.0092,16000,1024,1759.89,0.9589,0.0307,0.0084,0.002
2026-08-26T16:29:36.239+02:00,1000,1024,1024,1056,16,266,0,1647,0,230,0,0.0221,0.0201,0.031,0.0672,0.0619,0.102,2.973,2.748,2.996,89.51,120.09,146.35,0.0071,0.0066,0.0085,215.64,85.04,161.4,0.0066,0.0052,0.0084,20.21,135.62,23.81,0.0065,0.005,0.0082,16000,1024,890.7,0.9958,0.0031,0.0009,0.0001
2026-08-26T16:30:06.236+02:00,1000,1024,1024,1056,16,266,0,1647,0,230,0,0.0234,0.0191,0.0316,0.0893,0.0576,0.0978,3.251,2.66,2.604,47.01,31.71,68.63,0.0081,0.0067,0.0104,125.94,276.58,14.55,0.0076,0.0052,0.0098,80.63,103.34,151.69,0.0074,0.0049,0.0094,16000,1024,1182.76,0.9965,0.0016,0.0016,0.0002
2026-08-26T16:30:36.237+02:00,1000,1024,1024,1056,16,266,0,1647,0,230,0,0.0214,0.0211,0.0335,0.0675,0.0664,0.1218,3.092,2.899,3.087,42.74,218.39,91.14,0.0074,0.0072,0.0113,165.54,84.53,114.92,0.0074,0.0072,0.011,18.42,103.1,29.33,0.0067,0.0069,0.0088,16000,1024,456.41,0.9941,0.0025,0.0026,0.0008
2026-08-26T16:31:06.240+02:00,1000,1024,1027,1059,16,266,36,1683,0,230,0,0.025,0.0235,0.0975,0.0958,0.0789,0.7509,3.227,2.948,38.425,81.72,97.04,24.66,0.0077,0.0082,0.0456,39.99,70.59,137.5,0.0071,0.0067,0.0384,33.21,26.4,415.56,0.007,0.0062,0.039,16000,1024,288.93,0.9323,0.0398,0.0238,0.0041
2026-08-26T16:31:36.237+02:00,1000,1024,1024,1056,16,267,1,1684,0,230,0,0.0229,0.0198,0.0323,0.0704,0.0669,0.0989,3.128,2.974,2.979,3.39,210.28,90.05,0.0085,0.0069,0.009,106.11,17.79,103.34,0.0079,0.0062,0.0089,57.71,157.62,199.6,0.007,0.006,0.0091,16000,1024,324.95,0.9878,0.0051,0.0062,0.0008
2026-08-26T16:32:06.237+02:00,1000,1024,1024,1056,16,267,0,1684,0,230,0,0.0232,0.021,0.0318,0.0818,0.0724,0.0998,2.934,3.086,2.903,172.59,7.96,22.9,0.0068,0.0074,0.0124,2.93,84.69,101.2,0.0066,0.0077,0.0109,24.37,24.59,59.83,0.0065,0.0071,0.0094,16000,1024,160.54,0.9481,0.0328,0.016,0.0032
2026-08-26T16:32:36.245+02:00,1000,1024,1029,1062,16,267,37,1721,1,231,0,0.0254,0.024,0.0605,0.0751,0.0738,0.7391,2.786,3.063,81.021,94.1,58.38,133.86,0.0076,0.0069,0.0234,53.74,93.99,77.19,0.0071,0.0068,0.0208,37.18,32.45,65.46,0.007,0.0068,0.0205,16000,1024,294.71,0.9599,0.0259,0.0125,0.0017
2026-08-26T16:33:06.240+02:00,1000,1024,1024,1056,16,267,0,1721,0,231,0,0.0229,0.02,0.0301,0.0684,0.0593,0.0944,2.721,2.839,2.776,94.8,174.16,177.92,0.0084,0.0063,0.0089,122.69,80.41,165.9,0.0086,0.0059,0.0084,85.92,49.81,46.18,0.0074,0.0054,0.0089,16000,1024,204.44,0.9566,0.0276,0.0128,0.0031
2026-08-26T16:33:36.240+02:00,1000,1024,1024,1056,16,267,0,1721,0,231,0,0.0245,0.0212,0.0296,0.0721,0.0692,0.095,2.728,2.882,2.829,60.4,159.29,32.31,0.0081,0.007,0.0108,125.36,104.4,139.68,0.0078,0.0066,0.0089,24.87,55.82,92.45,0.0077,0.0061,0.0091,16000,1024,885.85,0.9916,0.0039,0.004,0.0004
2026-08-26T16:34:06.240+02:00,1000,1024,1024,1056,16,267,0,1721,0,231,0,0.0236,0.0202,0.0306,0.0794,0.0581,0.0938,3.248,2.91,2.59,140.82,78.9,132.99,0.0083,0.0062,0.0094,221.25,166.18,57.56,0.0072,0.0055,0.0085,59.14,6.95,16.79,0.0065,0.0054,0.0083,16000,1024,64.54,0.8733,0.0495,0.0613,0.016
2026-08-26T16:34:36.241+02:00,1000,1024,1024,1056,16,268,0,1721,0,231,0,0.0233,0.0193,0.0323,0.0607,0.0651,0.1131,2.603,2.85,3.239,46.76,52.34,202.08,0.0095,0.0072,0.0088,249.82,96.81,238.55,0.0067,0.0055,0.0087,3.98,260.86,287.94,0.0063,0.0051,0.0079,16000,1024,103.46,0.6355,0.1531,0.2002,0.0111
2026-08-26T16:35:06.241+02:00,1000,1024,1024,1056,16,268,0,1721,0,231,0,0.0229,0.0211,0.0414,0.0764,0.073,0.5968,2.806,3.046,81.408,16.94,171.92,89.05,0.0079,0.0065,0.0152,70.0,83.93,33.34,0.0075,0.0064,0.0132,49.61,101.74,174.49,0.0073,0.0057,0.0136,16000,1024,285.81,0.9693,0.0209,0.008,0.0018
2026-08-26T16:35:36.241+02:00,1000,1024,1024,1056,16,268,1,1722,0,231,0,0.0248,0.0213,0.0318,0.0794,0.0654,0.0973,3.011,2.934,2.98,17.52,94.99,113.24,0.0094,0.0069,0.0109,158.24,28.39,21.61,0.0092,0.006,0.0096,33.13,121.32,80.08,0.0083,0.0062,0.0093,16000,1024,347.04,0.9844,0.006,0.0077,0.0019
2026-08-26T16:36:06.240+02:00,1000,1024,1024,1056,16,268,1,1723,0,231,0,0.0233,0.0203,0.0314,0.0815,0.0857,0.0991,3.083,3.377,2.814,12.5,209.16,12.93,0.0062,0.006,0.0096,134.25,17.56,27.51,0.0066,0.0056,0.0094,61.83,182.96,41.04,0.0064,0.0059,0.009,16000,1024,646.96,0.9935,0.0031,0.0029,0.0004
2026-08-26T16:37:06.246+02:00,1000,1024,1028,1060,17,268,38,1770,0,231,0,0.0264,0.0236,0.087,0.083,0.1023,0.7711,2.739,3.858,50.553,23.48,79.42,60.67,0.009,0.0088,0.0227,61.1,3.61,299.02,0.008,0.0077,0.02,66.3,119.08,266.92,0.0076,0.0061,0.0201,16000,1024,113.17,0.8915,0.071,0.0337,0.0038
2026-08-26T16:37:36.241+02:00,1000,1024,1024,1056,17,268,0,1770,0,231,0,0.0247,0.02,0.0329,0.0794,0.0645,0.0993,2.725,2.961,2.682,23.82,17.84,42.4,0.0083,0.0078,0.014,65.16,31.29,28.82,0.0068,0.0061,0.0121,145.19,80.3,105.21,0.0067,0.0061,0.0107,16000,1024,162.9,0.9639,0.0259,0.0075,0.0027
2026-08-26T16:38:06.243+02:00,1000,1024,1024,1056,17,268,1,1771,0,231,0,0.0235,0.0212,0.0319,0.0766,0.0886,0.1021,2.948,3.539,2.933,69.0,5.04,40.61,0.0082,0.0072,0.0111,8.42,127.93,74.31,0.008,0.0063,0.0093,111.39,35.38,2.94,0.0074,0.0065,0.0091,16000,1024,172.73,0.9445,0.0225,0.0308,0.0022
2026-08-26T16:38:36.243+02:00,1000,1024,1024,1056,17,268,1,1772,0,231,0,0.0244,0.0201,0.0453,0.075,0.0695,0.7003,2.766,2.765,115.9,2.37,90.9,107.18,0.0087,0.0067,0.0097,120.78,121.07,10.42,0.0078,0.0059,0.0098,47.53,110.51,47.8,0.0073,0.0053,0.0091,16000,1024,443.44,0.9581,0.0288,0.0105,0.0026
2026-08-26T16:39:06.251+02:00,1000,1024,1031,1063,17,268,38,1810,0,231,0,0.0272,0.0253,0.0846,0.0841,0.1109,0.7487,2.819,3.607,51.962,28.17,8.74,4.42,0.0095,0.0107,0.0278,50.95,41.21,101.97,0.0093,0.0091,0.0255,18.83,111.37,67.57,0.0087,0.0077,0.0219,16000,1024,372.37,0.9861,0.005,0.0081,0.0008
2026-08-26T16:39:36.244+02:00,1000,1024,1024,1056,17,269,0,1810,0,231,0,0.0231,0.0211,0.0316,0.0764,0.0742,0.0969,2.698,2.932,2.774,174.88,204.78,91.81,0.0082,0.0069,0.0115,92.72,157.5,10.13,0.0076,0.0069,0.0107,51.87,45.05,116.68,0.0061,0.0063,0.0096,16000,1024,351.79,0.983,0.0079,0.0075,0.0015
2026-08-26T16:40:06.245+02:00,1000,1024,1024,1056,17,269,0,1810,0,231,0,0.0223,0.0209,0.0326,0.0662,0.0724,0.1286,2.537,3.02,2.981,50.41,109.6,139.59,0.0077,0.0063,0.0097,258.45,181.54,173.42,0.007,0.0063,0.0102,170.74,176.95,9.51,0.006,0.0059,0.0097,16000,1024,164.47,0.9357,0.0303,0.0305,0.0035
2026-08-26T16:40:36.251+02:00,1000,1024,1029,1062,17,269,37,1847,1,232,0,0.0271,0.0252,0.0895,0.0819,0.0811,0.7236,2.855,2.842,42.374,1.46,10.21,86.81,0.008,0.0101,0.0219,33.34,108.47,124.16,0.0079,0.0074,0.0214,52.22,35.45,103.96,0.0086,0.0066,0.0216,16000,1024,352.22,0.9457,0.0369,0.0139,0.0035
2026-08-26T16:41:06.246+02:00,1000,1024,1024,1056,17,270,0,1847,0,232,0,0.0242,0.021,0.0307,0.0853,0.0661,0.0988,3.064,2.734,2.899,52.96,85.61,106.43,0.0076,0.0061,0.0096,112.32,139.65,119.62,0.0063,0.0055,0.0096,14.89,81.42,176.58,0.0064,0.0059,0.009,16000,1024,80.33,0.9031,0.0316,0.0547,0.0105
2026-08-26T16:41:36.246+02:00,1000,1024,1024,1056,17,270,0,1847,0,232,0,0.0228,0.0211,0.0309,0.0769,0.0725,0.1097,3.074,3.126,3.245,203.19,206.17,83.08,0.0095,0.007,0.0105,2.08,108.7,106.2,0.006,0.0069,0.0094,32.13,19.9,137.35,0.006,0.0067,0.009,16000,1024,222.12,0.9681,0.018,0.0108,0.0031
2026-08-26T16:42:06.247+02:00,1000,1024,1024,1056,17,270,0,1847,0,232,0,0.0234,0.0215,0.0332,0.0826,0.0697,0.1134,3.098,3.05,3.209,68.73,16.62,90.16,0.0078,0.0074,0.0097,92.33,70.37,145.05,0.0078,0.0073,0.0104,215.03,86.5,102.89,0.0069,0.0073,0.0091,16000,1024,93.14,0.8558,0.0661,0.0698,0.0084
2026-08-26T16:42:36.255+02:00,1000,1024,1032,1064,17,270,35,1882,0,232,0,0.026,0.0234,0.083,0.0955,0.0803,0.769,3.059,3.137,46.489,28.61,53.78,129.94,0.0087,0.0081,0.0235,45.14,97.37,152.57,0.008,0.0076,0.0236,35.57,77.41,36.98,0.009,0.0063,0.0229,16000,1024,187.49,0.9163,0.0513,0.0267,0.0057
2026-08-26T16:43:36.246+02:00,1000,1024,1024,1056,18,270,1,1885,0,232,0,0.0241,0.0221,0.0333,0.0683,0.0773,0.1135,2.79,2.875,3.052,31.12,68.56,59.6,0.0077,0.0059,0.0113,99.42,5.29,47.03,0.0074,0.0061,0.011,41.22,160.63,143.64,0.0066,0.0061,0.0102,16000,1024,157.3,0.9209,0.0516,0.0204,0.0071
2026-08-26T16:44:06.246+02:00,1000,1024,1024,1056,18,272,0,1885,0,232,0,0.023,0.0196,0.0322,0.0732,0.058,0.1075,3.013,2.804,3.047,64.9,103.64,82.79,0.0074,0.0068,0.0144,206.57,132.96,208.8,0.0066,0.0063,0.0086,177.77,15.27,42.91,0.0061,0.0057,0.0083,16000,1024,491.48,0.9714,0.0185,0.0083,0.0018
2026-08-26T16:44:36.253+02:00,1000,1024,1028,1061,18,272,36,1921,1,233,0,0.0285,0.0248,0.1003,0.0901,0.0877,0.7083,3.267,3.545,31.791,84.3,26.46,29.12,0.0089,0.0074,0.0246,45.7,20.51,96.4,0.0081,0.007,0.0244,73.81,35.42,4.44,0.0094,0.007,0.0288,16000,1024,167.11,0.9475,0.0245,0.0235,0.0045
2026-08-26T16:45:06.249+02:00,1000,1024,1024,1056,18,272,0,1921,0,233,0,0.0245,0.0207,0.0418,0.0837,0.083,0.6025,2.977,3.253,81.991,187.49,4.8,69.68,0.0081,0.0066,0.0162,53.86,38.91,30.08,0.0078,0.0063,0.0127,150.43,26.41,224.41,0.0073,0.0058,0.0127,16000,1024,291.4,0.9642,0.0142,0.0178,0.0038
2026-08-26T16:45:36.254+02:00,1000,1024,1024,1056,18,272,0,1921,0,233,0,0.0234,0.0225,0.0572,0.0786,0.0918,0.7177,2.702,3.384,90.226,30.23,119.6,157.49,0.007,0.0074,0.0125,214.46,35.06,126.61,0.0068,0.0069,0.0117,19.41,143.83,16.36,0.0062,0.0063,0.0116,16000,1024,315.26,0.9914,0.0044,0.0026,0.0015
2026-08-26T16:46:06.249+02:00,1000,1024,1024,1056,18,272,2,1923,0,233,0,0.0241,0.0216,0.0503,0.0878,0.0703,0.5818,3.134,3.165,66.704,59.77,130.13,85.67,0.0078,0.0077,0.0141,42.72,201.96,38.41,0.0069,0.006,0.0136,14.54,159.53,18.16,0.0065,0.0059,0.0135,16000,1024,309.18,0.9693,0.0145,0.0141,0.002
2026-08-26T16:46:36.250+02:00,1000,1024,1024,1056,18,273,35,1958,0,233,0,0.0243,0.0253,0.1049,0.0906,0.0928,0.7773,3.238,3.191,32.009,50.0,39.82,131.85,0.0084,0.0081,0.0262,98.92,62.41,41.33,0.0075,0.0077,0.0272,15.68,13.27,88.9,0.0065,0.008,0.0261,16000,1024,272.05,0.9728,0.0121,0.0111,0.0039
2026-08-26T16:47:06.250+02:00,1000,1024,1024,1056,18,273,0,1958,0,233,0,0.024,0.0195,0.0329,0.0962,0.0625,0.1172,3.059,2.961,3.08,45.9,91.93,53.9,0.009,0.0078,0.0117,13.83,57.61,128.5,0.0065,0.0077,0.0101,136.66,149.37,253.8,0.0063,0.0058,0.0088,16000,1024,107.24,0.917,0.0392,0.0371,0.0067
2026-08-26T16:47:36.249+02:00,1000,1024,1024,1056,18,274,0,1958,0,233,0,0.0231,0.0208,0.031,0.0795,0.0706,0.1026,3.093,2.955,3.188,149.57,35.99,26.25,0.0076,0.0061,0.0101,5.61,153.56,41.17,0.0066,0.0056,0.0093,16.28,92.46,183.79,0.0067,0.0053,0.0089,16000,1024,155.96,0.9458,0.0287,0.0219,0.0037
2026-08-26T16:48:06.251+02:00,1000,1024,1024,1056,18,274,0,1958,0,233,0,0.0234,0.0215,0.0318,0.0838,0.0742,0.113,3.131,3.02,2.892,106.12,146.4,13.79,0.0078,0.0068,0.0116,146.66,41.1,96.96,0.0074,0.0056,0.0106,193.37,174.75,34.38,0.0068,0.0055,0.0087,16000,1024,590.95,0.9913,0.0063,0.0022,0.0003
2026-08-26T16:48:36.251+02:00,1000,1024,1024,1056,18,274,0,1958,0,233,0,0.0234,0.0213,0.0431,0.0941,0.0664,0.6304,2.986,2.822,87.453,31.52,6.25,69.71,0.0084,0.0076,0.0101,58.62,247.3,188.18,0.0077,0.006,0.0092,19.82,45.51,225.73,0.007,0.0061,0.0087,16000,1024,265.02,0.9601,0.0215,0.0162,0.0022
2026-08-26T16:49:06.252+02:00,1000,1024,1024,1056,18,274,1,1959,0,233,0,0.0226,0.0224,0.0649,0.0712,0.0864,0.7268,3.029,3.358,69.965,46.81,68.7,38.24,0.0069,0.007,0.0158,123.93,56.01,239.52,0.0068,0.0062,0.0153,145.45,76.08,69.35,0.0067,0.006,0.0124,16000,1024,172.21,0.8633,0.115,0.0171,0.0046
2026-08-26T16:49:36.252+02:00,1000,1024,1024,1056,18,274,0,1959,0,233,0,0.0238,0.0198,0.0313,0.0778,0.067,0.1049,2.889,2.807,2.995,47.08,159.52,212.63,0.0072,0.0061,0.0101,218.59,83.69,32.93,0.007,0.0059,0.01,117.63,102.53,156.2,0.0071,0.0056,0.0092,16000,1024,315.63,0.9806,0.0125,0.0059,0.0009
2026-08-26T16:50:06.252+02:00,1000,1024,1024,1056,18,274,0,1959,0,233,0,0.0249,0.0219,0.0309,0.0806,0.0709,0.09,3.012,2.69,2.72,42.74,11.53,154.54,0.0083,0.0079,0.0099,51.46,61.9,28.82,0.0078,0.0072,0.0106,19.34,229.49,180.38,0.0072,0.006,0.0092,16000,1024,144.15,0.9616,0.0136,0.0208,0.0041
2026-08-26T16:50:36.253+02:00,1000,1024,1024,1056,18,275,0,1959,0,233,0,0.0225,0.0206,0.0464,0.0842,0.0942,0.7101,3.679,3.8,102.571,156.02,172.05,122.78,0.0095,0.0065,0.0166,67.26,52.21,73.14,0.0072,0.0067,0.0157,97.81,81.64,42.27,0.0068,0.0064,0.0139,16000,1024,137.92,0.8962,0.0631,0.0365,0.0042
2026-08-26T16:51:06.253+02:00,1000,1024,1024,1056,18,275,0,1959,0,233,0,0.0224,0.0203,0.0301,0.0714,0.0681,0.0916,3.239,2.932,2.759,29.14,70.58,23.41,0.0079,0.0062,0.0114,81.96,229.86,131.94,0.0068,0.0058,0.0096,14.38,120.11,32.25,0.007,0.0056,0.0078,16000,1024,197.85,0.9753,0.0138,0.0076,0.0033
2026-08-26T16:51:36.250+02:00,1000,1024,1024,1056,18,276,0,1959,0,233,0,0.023,0.0205,0.032,0.0763,0.0662,0.104,3.236,3.041,2.904,168.5,118.45,13.54,0.0074,0.0059,0.0103,48.61,155.94,46.17,0.0069,0.0059,0.0095,73.24,12.88,58.89,0.0066,0.0055,0.0096,16000,1024,478.61,0.8802,0.114,0.0055,0.0003
2026-08-26T16:52:06.250+02:00,1000,1024,1024,1056,18,276,0,1959,0,233,0,0.0238,0.0213,0.0306,0.0787,0.0642,0.1151,2.871,2.967,3.106,91.78,234.33,103.31,0.007,0.0068,0.0104,145.87,35.95,88.61,0.0071,0.0065,0.0094,42.02,99.1,71.81,0.0064,0.0064,0.0082,16000,1024,174.9,0.9314,0.0409,0.0198,0.008
2026-08-26T16:52:36.254+02:00,1000,1024,1024,1056,18,276,0,1959,0,233,0,0.0234,0.0217,0.035,0.0928,0.0758,0.1171,3.016,3.008,3.177,19.24,115.8,57.5,0.0083,0.0063,0.0117,212.32,145.08,13.85,0.0079,0.0068,0.0101,124.78,87.39,43.42,0.0072,0.0074,0.0119,16000,1024,139.05,0.6172,0.3127,0.0646,0.0055
2026-08-26T16:53:06.251+02:00,1000,1024,1024,1056,18,276,0,1959,0,233,0,0.0223,0.0211,0.048,0.0768,0.0724,0.722,2.894,3.091,102.175,152.34,48.03,141.61,0.0072,0.0074,0.0102,64.73,139.27,113.91,0.0065,0.0057,0.0099,27.68,57.5,41.81,0.0065,0.0055,0.009,16000,1024,185.74,0.9711,0.0152,0.0114,0.0023
2026-08-26T16:53:36.251+02:00,1000,1024,1024,1056,18,276,36,1995,0,233,0,0.0285,0.0243,0.0707,0.0928,0.0798,0.7398,3.12,2.944,55.692,43.41,52.8,64.09,0.0125,0.0085,0.0208,50.84,138.31,118.47,0.0112,0.0078,0.0167,74.94,38.9,18.88,0.0084,0.0073,0.0158,16000,1024,359.93,0.9872,0.0056,0.0064,0.0008
2026-08-26T16:54:06.251+02:00,1000,1024,1024,1056,18,276,0,1995,0,233,0,0.0227,0.0201,0.0317,0.0728,0.0641,0.104,2.787,2.777,2.868,18.66,34.11,15.99,0.0092,0.0061,0.0119,24.43,86.54,54.4,0.0063,0.0056,0.0095,193.54,97.31,139.36,0.0058,0.0056,0.0091,16000,1024,503.39,0.9836,0.0114,0.0042,0.0008
2026-08-26T16:54:36.263+02:00,1000,1024,1032,1064,18,277,37,2032,0,233,0,0.0261,0.023,0.0803,0.0823,0.1017,0.7039,2.893,3.881,46.397,86.79,121.58,41.55,0.0081,0.0088,0.0316,56.02,149.57,357.08,0.0081,0.0078,0.0308,47.38,42.49,321.29,0.0076,0.0082,0.0298,16000,1024,95.88,0.8993,0.0521,0.0321,0.0166
2026-08-26T16:55:06.256+02:00,1000,1024,1024,1056,18,278,0,2032,0,233,0,0.0237,0.0214,0.0301,0.0789,0.0648,0.1043,2.925,2.696,2.883,190.71,129.79,151.11,0.0073,0.0076,0.0097,59.38,62.16,202.85,0.0072,0.007,0.0087,11.15,113.35,187.83,0.0064,0.0062,0.0085,16000,1024,146.73,0.8846,0.0693,0.0392,0.0069
2026-08-26T16:55:36.256+02:00,1000,1024,1024,1056,18,278,0,2032,0,233,0,0.0249,0.0209,0.0327,0.0832,0.0625,0.1006,2.975,2.898,3.143,24.48,2.3,44.58,0.0084,0.0065,0.0091,6.65,124.69,18.53,0.0079,0.0064,0.0086,66.71,198.14,38.95,0.0075,0.0061,0.0084,16000,1024,234.63,0.9763,0.0124,0.0087,0.0026
2026-08-26T16:56:06.256+02:00,1000,1024,1024,1056,18,279,0,2032,0,233,0,0.0238,0.0208,0.0321,0.0722,0.065,0.1107,2.814,3.058,2.92,4.75,90.62,145.53,0.0084,0.0061,0.0138,27.94,212.71,76.58,0.0071,0.006,0.0129,121.92,134.17,184.21,0.0066,0.006,0.0105,16000,1024,155.05,0.9777,0.0139,0.0062,0.0022
2026-08-26T16:56:36.258+02:00,1000,1024,1024,1056,18,280,0,2032,0,233,0,0.0219,0.0198,0.0328,0.0648,0.0719,0.1072,2.719,3.078,2.717,48.79,192.46,38.71,0.0069,0.0059,0.0126,54.58,2.45,98.84,0.0062,0.0058,0.0104,161.74,67.79,228.69,0.0065,0.0056,0.0089,16000,1024,332.13,0.9835,0.009,0.0063,0.0012
2026-08-26T16:57:06.258+02:00,1000,1024,1024,1056,18,280,0,2032,0,233,0,0.0235,0.0204,0.0301,0.0765,0.0737,0.1003,2.899,3.274,3.025,84.33,24.99,99.59,0.008,0.0073,0.0098,46.39,38.45,52.41,0.0079,0.0073,0.0093,159.56,193.57,84.33,0.0071,0.0059,0.0096,16000,1024,224.26,0.9857,0.0088,0.004,0.0015
2026-08-26T16:57:36.258+02:00,1000,1024,1024,1056,18,280,0,2032,0,233,0,0.0238,0.0207,0.0322,0.0806,0.0696,0.1119,2.897,2.857,3.126,20.36,103.42,169.14,0.0078,0.0058,0.0106,26.49,45.51,194.03,0.0072,0.0065,0.0098,58.12,1.89,62.27,0.0076,0.0056,0.0093,16000,1024,242.72,0.9811,0.0076,0.0103,0.001
2026-08-26T16:58:06.259+02:00,1000,1024,1024,1056,18,282,0,2032,0,233,0,0.0222,0.0194,0.0321,0.0682,0.0595,0.0901,2.91,2.974,2.672,93.5,38.19,17.63,0.0075,0.0074,0.0108,103.14,62.91,54.52,0.0076,0.0063,0.0091,163.71,86.06,4.99,0.0058,0.005,0.0087,16000,1024,511.18,0.9835,0.0111,0.0044,0.001
2026-08-26T16:58:36.260+02:00,1000,1024,1024,1056,18,283,0,2032,0,233,0,0.0232,0.0217,0.0349,0.0709,0.0711,0.1544,2.844,2.916,3.365,106.39,69.7,69.06,0.0091,0.0077,0.0108,88.02,47.75,74.91,0.0077,0.007,0.0107,158.12,4.58,39.88,0.0068,0.0071,0.0091,16000,1024,90.93,0.8117,0.1005,0.0787,0.0091
2026-08-26T16:59:06.259+02:00,1000,1024,1024,1056,18,283,0,2032,0,233,0,0.0238,0.0225,0.0332,0.0757,0.0787,0.1061,2.804,2.708,2.908,47.83,29.88,24.79,0.0082,0.0092,0.0126,5.05,87.87,3.59,0.0077,0.0063,0.0112,113.32,234.23,106.34,0.0075,0.0059,0.0102,16000,1024,108.18,0.9553,0.0201,0.0189,0.0057
2026-08-26T16:59:36.260+02:00,1000,1024,1024,1056,18,283,0,2032,0,233,0,0.0225,0.0205,0.0454,0.0669,0.0732,0.6731,2.702,3.243,97.591,123.92,78.21,79.9,0.008,0.007,0.0113,77.0,22.42,107.22,0.0073,0.0062,0.0099,7.44,72.32,115.81,0.0075,0.0057,0.0098,16000,1024,174.95,0.9001,0.0502,0.0471,0.0026
2026-08-26T17:00:06.259+02:00,1000,1024,1024,1056,18,283,0,2032,0,233,0,0.0224,0.0201,0.0315,0.0789,0.0641,0.131,3.033,2.813,3.341,38.2,49.37,219.92,0.0068,0.0065,0.0091,280.06,9.2,196.18,0.0066,0.0062,0.0086,53.35,202.01,8.46,0.0067,0.0056,0.0089,16000,1024,209.03,0.9327,0.0383,0.022,0.007
2026-08-26T17:00:36.259+02:00,1000,1024,1024,1056,18,283,0,2032,0,233,0,0.0238,0.0196,0.0448,0.0883,0.0832,0.6854,3.15,3.146,106.616,48.44,47.83,40.64,0.0079,0.0069,0.0122,190.12,32.5,60.03,0.0067,0.0058,0.0131,206.7,225.95,26.73,0.0069,0.0059,0.0108,16000,1024,102.86,0.6932,0.1781,0.1122,0.0165
2026-08-26T17:01:06.260+02:00,1000,1024,1024,1056,18,283,0,2032,0,233,0,0.023,0.0198,0.0327,0.069,0.0674,0.1004,2.638,2.898,2.659,91.07,106.0,17.99,0.0077,0.0064,0.0111,26.97,127.87,59.56,0.0068,0.0062,0.0099,148.81,35.1,12.69,0.0064,0.0055,0.0083,16000,1024,173.82,0.9782,0.0109,0.0076,0.0034
2026-08-26T17:01:36.261+02:00,1000,1024,1024,1056,18,283,0,2032,0,233,0,0.0247,0.02,0.0325,0.079,0.0606,0.0946,3.094,2.687,3.167,127.53,54.38,80.66,0.0086,0.007,0.0136,109.54,137.18,42.98,0.0072,0.0062,0.0115,41.88,4.55,75.68,0.0068,0.0059,0.0101,16000,1024,101.82,0.6664,0.201,0.1033,0.0292
2026-08-26T17:02:06.261+02:00,1000,1024,1024,1056,18,283,0,2032,0,233,0,0.0224,0.0216,0.0311,0.1012,0.0675,0.103,3.478,2.908,2.909,50.46,27.68,167.14,0.0068,0.0071,0.0112,154.67,139.1,37.93,0.0065,0.0071,0.009,146.73,46.65,15.11,0.0059,0.0062,0.0099,16000,1024,357.44,0.944,0.0385,0.0142,0.0032
2026-08-26T17:02:36.265+02:00,1000,1024,1024,1056,18,283,2,2034,0,233,0,0.0227,0.0213,0.0327,0.0671,0.0714,0.101,2.965,2.561,2.945,15.55,79.54,98.79,0.0077,0.0075,0.0106,126.95,103.55,33.38,0.0072,0.0063,0.0098,165.99,174.08,5.66,0.0068,0.0063,0.0094,16000,1024,219.73,0.9365,0.0354,0.0226,0.0056
2026-08-26T17:03:06.262+02:00,1000,1024,1024,1056,18,283,2,2036,0,233,0,0.0236,0.0212,0.0449,0.0794,0.0775,0.7079,3.01,2.823,123.128,80.52,40.95,183.6,0.01,0.0071,0.0115,6.16,141.23,9.69,0.0076,0.0066,0.0115,51.1,104.07,279.37,0.0072,0.007,0.0103,16000,1024,141.1,0.8964,0.0334,0.0636,0.0066
2026-08-26T17:03:36.263+02:00,1000,1024,1024,1056,18,284,0,2036,0,233,0,0.0227,0.0208,0.0417,0.0723,0.0918,0.5834,2.862,3.28,76.493,107.67,18.37,132.53,0.0072,0.0076,0.016,9.26,76.92,59.36,0.0074,0.0078,0.0135,74.29,126.07,156.99,0.006,0.0073,0.0132,16000,1024,106.84,0.9516,0.0265,0.0168,0.0051
2026-08-26T17:04:06.263+02:00,1000,1024,1024,1056,18,285,1,2037,1,234,0,0.0236,0.0207,0.0423,0.0793,0.0698,0.6144,2.815,2.825,86.81,70.06,52.33,63.55,0.0084,0.0066,0.0133,12.02,31.75,14.99,0.008,0.0073,0.0101,174.72,42.79,182.73,0.0072,0.0056,0.0095,16000,1024,103.91,0.8144,0.0717,0.1007,0.0132
2026-08-26T17:04:36.263+02:00,1000,1024,1024,1056,18,285,0,2037,0,234,0,0.0231,0.0204,0.0299,0.0732,0.0864,0.1043,2.939,3.493,3.233,30.23,43.25,144.57,0.009,0.008,0.01,36.05,153.93,42.03,0.0076,0.0068,0.0095,79.32,25.57,21.18,0.0074,0.0062,0.009,16000,1024,173.32,0.9711,0.0171,0.0096,0.0022
2026-08-26T17:05:06.274+02:00,1000,1024,1033,1065,18,285,38,2075,0,234,0,0.0278,0.0264,0.1122,0.0912,0.108,0.6998,2.911,3.291,23.984,8.51,44.06,228.62,0.0099,0.008,0.0344,78.97,10.27,322.47,0.0085,0.0082,0.0336,20.28,77.07,50.05,0.0086,0.0078,0.0314,16000,1024,346.14,0.9493,0.0083,0.04,0.0024
2026-08-26T17:05:36.265+02:00,1000,1024,1024,1056,18,285,1,2076,0,234,0,0.0234,0.0216,0.0318,0.08,0.0643,0.1129,3.038,2.816,2.774,100.54,43.17,95.92,0.008,0.0078,0.0103,78.98,7.95,12.71,0.0062,0.0062,0.0095,235.47,13.55,76.34,0.0058,0.0057,0.0087,16000,1024,284.37,0.9916,0.0037,0.0038,0.0009
2026-08-26T17:06:06.264+02:00,1000,1024,1024,1056,18,285,0,2076,0,234,0,0.0229,0.0205,0.0314,0.0749,0.0705,0.1008,3.129,3.112,2.874,128.8,1.62,13.12,0.0068,0.0074,0.009,110.68,65.37,119.81,0.0069,0.0063,0.0088,153.98,207.93,111.62,0.0061,0.0061,0.0088,16000,1024,222.5,0.9825,0.008,0.007,0.0025
2026-08-26T17:06:36.264+02:00,1000,1024,1024,1056,18,285,2,2078,0,234,0,0.0224,0.0211,0.0306,0.073,0.0821,0.1199,3.037,3.399,2.937,58.37,16.58,27.61,0.0071,0.0081,0.0111,111.12,130.93,18.44,0.0069,0.0054,0.0092,191.33,94.93,260.79,0.0057,0.005,0.0088,16000,1024,141.97,0.9335,0.0412,0.0218,0.0036
2026-08-26T17:07:06.264+02:00,1000,1024,1024,1056,18,286,0,2078,0,234,0,0.0229,0.0222,0.096,0.0779,0.0845,0.6874,2.994,3.3,30.105,164.47,121.98,356.32,0.0086,0.0069,0.0337,24.56,109.4,473.4,0.0076,0.0065,0.0339,156.91,143.73,263.47,0.0074,0.0064,0.0328,16000,1024,1634.53,0.9981,0.0017,0.0001,0.0
2026-08-26T17:07:36.265+02:00,1000,1024,1024,1056,18,286,0,2078,0,234,0,0.0214,0.0203,0.0306,0.0723,0.0848,0.1102,3.017,3.019,2.985,117.28,156.6,168.17,0.0076,0.0061,0.0086,232.34,12.57,93.53,0.0067,0.0054,0.0086,206.06,218.39,28.71,0.0064,0.006,0.0085,16000,1024,108.29,0.852,0.0719,0.0685,0.0076
2026-08-26T17:08:06.265+02:00,1000,1024,1024,1056,18,286,0,2078,0,234,0,0.0231,0.021,0.0739,0.0739,0.0801,0.7632,3.014,3.662,61.285,4.85,115.74,64.33,0.0073,0.007,0.0182,36.13,251.34,68.85,0.0068,0.0061,0.0198,179.8,92.51,15.75,0.006,0.0055,0.0167,16000,1024,174.56,0.9655,0.0188,0.0131,0.0025
2026-08-26T17:08:36.267+02:00,1000,1024,1024,1056,18,286,1,2079,1,235,0,0.0238,0.0211,0.0312,0.0807,0.0658,0.1018,3.128,3.049,3.152,75.26,64.29,35.21,0.0089,0.0073,0.0088,24.1,22.16,82.2,0.0082,0.006,0.0087,8.22,2.78,125.91,0.0086,0.0055,0.0079,16000,1024,142.67,0.961,0.014,0.0195,0.0055
2026-08-26T17:09:06.279+02:00,1000,1024,1035,1067,18,286,37,2116,0,235,0,0.0277,0.0244,0.0872,0.1016,0.0955,0.7931,3.401,3.171,42.877,21.58,36.33,183.57,0.0095,0.01,0.0339,74.0,29.4,124.35,0.0084,0.0088,0.0341,97.0,11.66,241.78,0.0083,0.0076,0.032,16000,1024,215.25,0.9689,0.0167,0.013,0.0015
2026-08-26T17:09:36.267+02:00,1000,1024,1024,1056,18,286,0,2116,0,235,0,0.0243,0.022,0.0453,0.1018,0.0702,0.6686,3.525,3.155,92.049,89.34,64.85,6.05,0.0079,0.0078,0.0108,148.43,176.66,109.72,0.0069,0.0062,0.0106,83.33,222.75,192.36,0.0066,0.0054,0.0096,16000,1024,144.64,0.9683,0.018,0.0104,0.0032
2026-08-26T17:10:06.268+02:00,1000,1024,1024,1056,18,287,0,2116,0,235,0,0.0218,0.02,0.0333,0.0708,0.0597,0.1167,2.986,2.91,3.318,84.89,82.97,8.82,0.0073,0.0076,0.0093,125.54,74.12,70.47,0.0072,0.0063,0.0091,150.83,65.47,81.92,0.0074,0.0058,0.0088,16000,1024,136.93,0.953,0.0268,0.0162,0.004
2026-08-26T17:10:36.268+02:00,1000,1024,1024,1056,18,287,0,2116,0,235,0,0.0227,0.0209,0.0328,0.0855,0.0696,0.127,3.016,2.765,3.56,10.02,84.74,221.57,0.0091,0.0058,0.01,47.84,11.04,121.59,0.0069,0.0054,0.01,28.7,35.34,4.4,0.0075,0.0052,0.0094,16000,1024,367.18,0.9902,0.006,0.0034,0.0004
2026-08-26T17:11:06.269+02:00,1000,1024,1024,1056,18,287,0,2116,0,235,0,0.0239,0.021,0.0319,0.0806,0.0658,0.1081,2.896,2.711,2.777,121.76,40.9,54.7,0.0079,0.0066,0.0098,132.47,65.28,238.06,0.0066,0.0063,0.0098,2.23,31.93,7.33,0.0066,0.0061,0.01,16000,1024,413.69,0.987,0.0077,0.0036,0.0016
2026-08-26T17:11:36.269+02:00,1000,1024,1024,1056,18,287,0,2116,0,235,0,0.0232,0.0212,0.0333,0.0834,0.0833,0.1218,3.167,3.48,3.168,204.22,26.33,37.12,0.0072,0.0073,0.0119,6.92,130.99,97.74,0.0071,0.0049,0.009,34.95,193.8,21.65,0.0067,0.0054,0.008,16000,1024,295.61,0.9369,0.0309,0.0298,0.0024
2026-08-26T17:12:06.269+02:00,1000,1024,1024,1056,18,290,0,2116,0,235,0,0.024,0.0212,0.0316,0.0822,0.0618,0.1073,3.253,2.614,3.176,160.4,123.05,68.84,0.0084,0.0081,0.012,40.37,136.57,74.88,0.0066,0.0058,0.0097,13.14,86.71,17.38,0.0066,0.0055,0.0089,16000,1024,249.06,0.9626,0.0233,0.0119,0.0022
2026-08-26T17:12:36.268+02:00,1000,1024,1024,1056,18,290,2,2118,0,235,0,0.0225,0.0204,0.0335,0.0833,0.0682,0.1035,3.245,3.042,2.871,85.11,48.97,78.07,0.0079,0.0064,0.0114,40.55,165.81,55.71,0.0074,0.0062,0.0092,153.75,2.36,191.02,0.0064,0.0061,0.0093,16000,1024,163.45,0.9678,0.0124,0.0154,0.0044
2026-08-26T17:13:06.269+02:00,1000,1024,1024,1056,18,291,0,2118,0,235,0,0.0229,0.0198,0.0318,0.0689,0.0635,0.1034,2.867,2.905,3.11,63.06,192.72,79.98,0.0084,0.0063,0.0097,178.9,57.0,97.61,0.0066,0.006,0.0093,152.05,138.91,255.14,0.0065,0.0057,0.0086,16000,1024,529.35,0.9901,0.0044,0.0053,0.0003
2026-08-26T17:13:36.270+02:00,1000,1024,1024,1056,18,291,1,2119,0,235,0,0.0237,0.0361,0.2835,0.0797,0.1633,1.5829,3.085,4.56,7.683,62.73,1.46,2.44,0.0078,0.0113,0.0723,14.83,81.44,117.04,0.0072,0.0089,0.0437,33.23,104.35,414.03,0.0067,0.0072,0.0433,16000,1024,488.07,0.9933,0.004,0.0021,0.0006
2026-08-26T17:14:06.270+02:00,1000,1024,1024,1056,18,291,0,2119,0,235,0,0.0233,0.022,0.0518,0.0797,0.083,0.6753,3.072,3.253,76.444,145.06,95.77,79.67,0.0067,0.0068,0.013,81.48,129.3,61.33,0.0069,0.0062,0.0108,113.18,105.24,8.14,0.0061,0.0059,0.0117,16000,1024,289.66,0.9908,0.0049,0.0036,0.0007
2026-08-26T17:14:36.275+02:00,1000,1024,1027,1059,18,292,35,2154,0,235,0,0.0255,0.0242,0.076,0.0847,0.0824,0.6485,2.934,2.902,38.589,23.34,48.03,100.58,0.0085,0.0085,0.0201,11.79,9.38,79.97,0.0082,0.0086,0.0192,135.53,88.65,61.77,0.0082,0.0081,0.017,16000,1024,354.28,0.9948,0.0025,0.0022,0.0005
2026-08-26T17:15:06.272+02:00,1000,1024,1024,1056,18,292,0,2154,0,235,0,0.0218,0.0211,0.0316,0.0729,0.0677,0.1005,2.926,3.055,2.811,72.18,131.71,115.35,0.0074,0.0065,0.011,123.02,104.07,72.63,0.0062,0.0069,0.0099,131.79,93.76,30.05,0.0059,0.0058,0.0096,16000,1024,279.41,0.9853,0.005,0.0086,0.0011
2026-08-26T17:15:36.272+02:00,1000,1024,1024,1056,18,292,0,2154,0,235,0,0.0235,0.079,0.7452,0.0664,0.15,1.436,2.627,1.901,1.907,141.43,2.44,2.44,0.0069,0.0414,0.3776,157.2,12.45,9.18,0.0067,0.0186,0.1642,202.47,31.9,24.39,0.0067,0.0149,0.1184,16000,1024,610.51,0.9968,0.002,0.001,0.0002
2026-08-26T17:16:06.273+02:00,1000,1024,1024,1056,18,292,0,2154,0,235,0,0.0223,0.0223,0.0831,0.0659,0.118,1.0019,2.819,4.437,69.676,201.01,42.9,29.26,0.0075,0.0085,0.0263,153.78,65.24,69.55,0.0073,0.0085,0.0261,52.78,158.1,417.84,0.0063,0.0077,0.0259,16000,1024,243.56,0.9593,0.025,0.0127,0.0029
2026-08-26T17:16:36.273+02:00,1000,1024,1024,1056,18,292,0,2154,0,235,0,0.0214,0.021,0.0308,0.0727,0.0727,0.0953,2.846,3.202,2.731,167.35,127.28,90.47,0.0076,0.0072,0.0101,285.27,57.86,23.59,0.0063,0.0063,0.0085,76.49,32.29,50.46,0.0069,0.006,0.0086,16000,1024,249.98,0.9853,0.0068,0.0067,0.0012
2026-08-26T17:17:06.273+02:00,1000,1024,1024,1056,18,293,0,2154,0,235,0,0.0231,0.0212,0.0317,0.0776,0.0739,0.1139,2.748,3.002,3.043,43.05,99.24,18.52,0.01,0.0084,0.0096,30.46,22.22,146.44,0.0076,0.0066,0.0096,5.23,75.54,72.57,0.0076,0.0056,0.0096,16000,1024,104.44,0.9397,0.0246,0.029,0.0066
2026-08-26T17:17:36.273+02:00,1000,1024,1024,1056,18,293,0,2154,0,235,0,0.0233,0.0204,0.0314,0.0733,0.0724,0.095,2.962,2.961,2.992,62.97,106.34,77.15,0.007,0.0079,0.0121,107.53,59.26,212.79,0.0065,0.0063,0.0102,187.85,38.03,48.93,0.0065,0.006,0.0085,16000,1024,278.29,0.9854,0.009,0.0044,0.0012
2026-08-26T17:18:06.273+02:00,1000,1024,1024,1056,18,293,0,2154,0,235,0,0.0225,0.0196,0.0317,0.0701,0.0782,0.1057,2.907,3.223,2.989,13.57,16.74,138.1,0.0064,0.0055,0.0107,35.2,235.9,7.94,0.006,0.005,0.0088,73.74,67.33,177.56,0.0065,0.0045,0.0089,16000,1024,196.65,0.9769,0.0118,0.0094,0.0019
2026-08-26T17:18:36.281+02:00,1000,1024,1030,1062,18,294,36,2190,0,235,0,0.028,0.0277,0.1364,0.108,0.1068,0.6885,2.879,3.46,16.024,17.89,36.48,227.85,0.009,0.0082,0.0589,23.57,96.31,265.32,0.008,0.0081,0.0523,98.88,12.63,305.47,0.0074,0.0076,0.0481,16000,1024,127.16,0.9352,0.0294,0.0306,0.0048
2026-08-26T17:19:06.274+02:00,1000,1024,1024,1056,18,294,0,2190,0,235,0,0.0242,0.0206,0.0326,0.0867,0.0745,0.11,3.306,3.02,2.9,97.74,61.29,2.65,0.0106,0.0063,0.0131,77.26,5.88,10.79,0.0065,0.006,0.0103,54.1,165.41,50.22,0.0068,0.0055,0.0102,16000,1024,104.27,0.847,0.0395,0.0997,0.0138
2026-08-26T17:19:36.279+02:00,1000,1024,1028,1061,18,294,36,2226,1,236,0,0.0267,0.0246,0.0897,0.089,0.0893,0.8045,3.067,3.197,38.645,70.95,64.41,65.55,0.009,0.0077,0.02,120.31,136.52,87.24,0.0082,0.0076,0.0206,53.43,23.67,189.25,0.0081,0.0067,0.0198,16000,1024,142.26,0.9551,0.0254,0.0158,0.0037
2026-08-26T17:20:06.274+02:00,1000,1024,1024,1056,18,294,0,2226,0,236,0,0.0236,0.0201,0.0429,0.0805,0.0626,0.5731,3.041,2.954,65.329,38.34,163.98,111.71,0.0082,0.0064,0.0149,104.91,110.52,51.62,0.0086,0.0061,0.0126,153.45,14.3,128.72,0.0076,0.0059,0.0116,16000,1024,443.66,0.9835,0.0103,0.005,0.0011
2026-08-26T17:20:36.276+02:00,1000,1024,1024,1056,18,295,1,2227,0,236,0,0.0238,0.022,0.0766,0.0891,0.0877,0.6911,2.947,3.574,54.03,108.59,51.28,373.9,0.0086,0.0079,0.032,79.86,121.72,422.04,0.0078,0.0069,0.0289,114.99,98.94,389.22,0.0074,0.0065,0.0298,16000,1024,275.22,0.9671,0.0204,0.011,0.0015
2026-08-26T17:21:06.276+02:00,1000,1024,1024,1056,18,295,0,2227,0,236,0,0.0228,0.0199,0.0316,0.0708,0.0716,0.1249,2.773,2.979,3.143,3.53,79.64,148.64,0.0095,0.0081,0.0107,228.44,167.97,2.33,0.0067,0.006,0.0089,181.42,120.11,67.11,0.0064,0.0054,0.0086,16000,1024,178.21,0.9862,0.0057,0.006,0.0021
2026-08-26T17:21:36.280+02:00,1000,1024,1027,1059,18,296,37,2264,0,236,0,0.0269,0.0263,0.124,0.1002,0.0855,0.6789,3.157,3.232,18.94,11.87,16.37,462.06,0.0094,0.0085,0.0356,18.24,21.86,72.42,0.0088,0.0079,0.0322,3.97,1.46,330.6,0.0082,0.0071,0.0351,16000,1024,294.92,0.972,0.0169,0.01,0.0012
2026-08-26T17:22:06.277+02:00,1000,1024,1024,1056,18,296,4,2268,0,236,0,0.0252,0.0232,0.0881,0.0989,0.1106,1.358,3.692,4.619,100.829,22.66,84.02,62.58,0.0084,0.0088,0.0226,100.24,9.48,208.19,0.0076,0.0066,0.0217,32.23,122.82,143.39,0.0072,0.006,0.0212,16000,1024,169.24,0.884,0.0751,0.0333,0.0076
2026-08-26T17:22:36.278+02:00,1000,1024,1024,1056,18,296,0,2268,0,236,0,0.022,0.0199,0.0437,0.0777,0.0732,0.6723,2.934,3.183,108.465,29.04,139.03,187.33,0.0074,0.0064,0.0093,176.42,193.74,45.24,0.0072,0.0057,0.0092,116.07,108.25,15.79,0.0068,0.0049,0.0085,16000,1024,331.54,0.9656,0.0157,0.0158,0.0029
2026-08-26T17:23:06.277+02:00,1000,1024,1024,1056,18,297,0,2268,0,236,0,0.0234,0.0217,0.05,0.0909,0.0723,0.8012,3.105,3.235,121.928,105.49,53.66,125.9,0.008,0.0068,0.0135,82.6,2.62,13.79,0.0061,0.0067,0.0133,26.76,46.8,137.22,0.0062,0.0062,0.0138,16000,1024,251.64,0.982,0.0113,0.0059,0.0009
2026-08-26T17:23:36.281+02:00,1000,1024,1027,1060,18,297,34,2302,0,236,0,0.7934,0.2085,0.0998,1.4564,0.3842,0.744,1.698,1.563,26.847,49.1,49.04,14.87,0.4745,0.1213,0.0414,14.5,14.46,21.6,0.3801,0.1026,0.0245,21.34,21.14,59.02,0.2949,0.0779,0.026,16000,1024,206.59,0.7078,0.2069,0.0301,0.0552
2026-08-26T17:24:06.277+02:00,1000,1024,1024,1056,18,297,0,2302,0,236,0,0.7014,0.2256,0.0498,1.0779,0.3917,0.1399,1.568,1.608,2.675,49.3,49.3,49.3,1.0265,0.3285,0.0534,147.97,147.88,98.92,0.0506,0.0353,0.0252,98.43,100.21,20.26,0.0193,0.0144,0.0134,16000,1024,286.24,0.5047,0.4542,0.029,0.0121
2026-08-26T17:24:36.278+02:00,1000,1024,1024,1056,18,297,37,2339,0,236,0,0.6513,0.2198,0.0887,1.138,0.4038,0.6988,1.686,1.679,27.537,14.34,14.32,49.61,0.4827,0.1638,0.0375,49.43,49.41,95.8,0.4483,0.1486,0.0219,8.66,8.63,76.08,0.1973,0.0682,0.0206,16000,1024,927.41,0.7405,0.2347,0.0203,0.0045
2026-08-26T17:25:06.279+02:00,1000,1024,1024,1056,18,297,0,2339,0,236,0,0.689,0.2278,0.0493,1.054,0.4114,0.1594,1.563,1.571,2.698,49.37,49.37,49.34,1.0051,0.3333,0.0502,148.09,148.38,98.6,0.0418,0.0309,0.0153,99.22,99.47,147.83,0.0215,0.0203,0.0122,16000,1024,283.99,0.4683,0.49,0.0327,0.009
2026-08-26T17:25:36.282+02:00,1000,1024,1027,1060,18,298,3,2342,0,236,0,0.6621,0.2287,0.0606,1.0196,0.3936,0.7114,1.573,1.575,37.271,49.35,49.35,49.36,0.953,0.3255,0.056,148.05,148.2,148.35,0.0418,0.03,0.0166,98.84,99.38,197.63,0.0244,0.0215,0.0174,16000,1024,370.96,0.62,0.3456,0.0231,0.0113
2026-08-26T17:26:06.279+02:00,1000,1024,1024,1056,18,298,0,2342,0,236,0,0.6215,0.23,0.0697,0.97,0.3811,0.7322,1.571,1.571,38.326,49.32,49.33,49.33,0.8993,0.3322,0.0585,148.09,148.12,99.27,0.0439,0.0311,0.019,99.13,99.52,196.88,0.0251,0.0202,0.0168,16000,1024,667.56,0.8713,0.123,0.0041,0.0016
2026-08-26T17:26:36.281+02:00,1000,1024,1024,1056,18,298,36,2378,0,236,0,0.6143,0.2194,0.1074,1.0403,0.3995,0.8561,1.695,1.703,30.215,49.3,49.28,16.78,0.4286,0.1497,0.043,16.78,16.81,49.32,0.2922,0.1059,0.0414,10.6,10.71,64.79,0.2095,0.0757,0.0271,16000,1024,1305.46,0.9365,0.0614,0.0016,0.0005
2026-08-26T17:27:06.281+02:00,1000,1024,1024,1056,18,299,1,2379,0,236,0,0.6462,0.2259,0.0527,1.0039,0.3864,0.158,1.573,1.544,2.568,49.24,49.25,49.25,0.9136,0.3195,0.0577,147.7,147.59,147.69,0.0509,0.0278,0.0172,42.57,42.67,99.19,0.0339,0.0118,0.0158,16000,1024,409.41,0.632,0.3457,0.0167,0.0055
2026-08-26T17:27:36.281+02:00,1000,1024,1024,1056,18,299,4,2383,0,236,0,0.661,0.2199,0.0682,1.075,0.3828,0.699,1.597,1.58,35.177,49.26,49.26,49.2,0.8704,0.289,0.0529,34.68,34.69,99.0,0.1039,0.0335,0.0282,40.24,54.44,27.5,0.0893,0.0308,0.0174,16000,1024,1372.48,0.9585,0.0383,0.0018,0.0014
2026-08-26T17:28:06.284+02:00,1000,1024,1024,1056,18,299,0,2383,0,236,0,0.6857,0.2188,0.0612,1.0993,0.3823,0.6256,1.581,1.561,21.072,49.29,49.28,49.26,1.0071,0.3177,0.0615,147.91,147.79,98.75,0.0559,0.0324,0.0193,98.32,100.12,147.89,0.0153,0.0134,0.0182,16000,1024,247.95,0.3056,0.6418,0.0413,0.0113
2026-08-26T17:28:36.282+02:00,1000,1024,1024,1056,18,299,1,2384,0,236,0,0.6973,0.2171,0.0612,1.0877,0.3736,0.6068,1.573,1.565,18.758,49.27,49.27,49.35,0.9967,0.307,0.0502,147.74,147.94,98.49,0.0561,0.0308,0.022,43.41,43.46,147.67,0.0458,0.0152,0.0207,16000,1024,333.95,0.536,0.4311,0.0238,0.0091
2026-08-26T17:29:06.283+02:00,1000,1024,1024,1056,18,299,0,2384,0,236,0,0.7139,0.2193,0.0531,1.1077,0.3721,0.1666,1.572,1.553,2.721,49.17,49.17,49.25,1.0208,0.3106,0.0571,147.46,147.35,147.35,0.0577,0.0248,0.023,54.88,99.86,99.18,0.0231,0.0163,0.02,16000,1024,283.45,0.4544,0.5049,0.0298,0.0109
2026-08-26T17:29:36.283+02:00,1000,1024,1024,1056,18,300,0,2384,0,236,0,0.7418,0.216,0.0683,1.1569,0.3744,0.6847,1.58,1.572,38.301,49.26,49.27,49.15,1.0783,0.3108,0.0471,147.84,147.85,147.68,0.0566,0.0315,0.03,98.76,100.04,98.39,0.0176,0.0146,0.0205,16000,1024,284.01,0.6524,0.2929,0.043,0.0117
2026-08-26T17:30:06.290+02:00,1000,1024,1031,1063,18,300,37,2421,1,237,0,0.725,0.2076,0.1043,1.2987,0.3872,0.8787,1.699,1.654,26.549,49.27,49.31,25.36,0.458,0.133,0.0325,16.42,16.41,286.11,0.3274,0.0929,0.0321,25.79,25.76,117.17,0.3001,0.0823,0.0316,16000,1024,330.09,0.4779,0.49,0.0222,0.0099
2026-08-26T17:30:36.284+02:00,1000,1024,1024,1056,18,300,0,2421,0,237,0,0.7551,0.2133,0.0662,1.1651,0.3702,0.6858,1.577,1.529,38.342,49.15,49.14,49.11,1.0805,0.3004,0.0519,147.41,147.38,98.14,0.0577,0.0284,0.0212,54.36,99.38,196.34,0.0219,0.0192,0.0186,16000,1024,272.8,0.5091,0.4439,0.0313,0.0157
2026-08-26T17:31:06.284+02:00,1000,1024,1024,1056,18,300,0,2421,0,237,0,0.765,0.215,0.1069,1.1842,0.3719,0.9755,1.574,1.538,54.205,49.25,49.25,49.17,1.1184,0.3078,0.0416,147.67,147.59,100.52,0.0608,0.0301,0.0236,98.41,99.92,41.06,0.0188,0.0143,0.0171,16000,1024,350.37,0.6645,0.3135,0.0142,0.0078
2026-08-26T17:31:36.283+02:00,1000,1024,1024,1056,18,300,0,2421,0,237,0,0.7613,0.2134,0.0582,1.1933,0.3741,0.6337,1.585,1.548,27.696,49.22,49.21,49.21,1.1023,0.3067,0.0529,147.65,147.43,147.32,0.0654,0.0275,0.0201,97.93,100.34,99.52,0.0171,0.0165,0.0194,16000,1024,349.14,0.3583,0.5927,0.0332,0.0157
2026-08-26T17:32:06.284+02:00,1000,1024,1024,1056,18,300,0,2421,0,237,0,0.7781,0.2122,0.0514,1.2102,0.3851,0.1794,1.589,1.553,2.962,49.23,49.24,49.26,1.1237,0.3064,0.0529,147.67,147.78,98.83,0.069,0.0284,0.023,98.69,100.03,147.61,0.0232,0.0171,0.0224,16000,1024,678.59,0.8593,0.1282,0.0093,0.0033
2026-08-26T17:32:36.286+02:00,1000,1024,1024,1056,18,302,0,2421,0,237,0,0.7856,0.2129,0.0524,1.209,0.3797,0.1642,1.584,1.551,2.804,49.19,49.19,49.14,1.1391,0.3043,0.0545,147.56,147.31,98.71,0.0627,0.0316,0.0213,98.29,100.11,147.41,0.0151,0.016,0.0147,16000,1024,308.34,0.3261,0.632,0.032,0.0098
2026-08-26T17:33:06.285+02:00,1000,1024,1024,1056,18,302,0,2421,0,237,0,0.7854,0.2118,0.0574,1.2494,0.3592,0.6215,1.588,1.534,29.117,49.19,49.19,49.25,1.1367,0.3021,0.0507,147.53,147.53,147.71,0.0666,0.0322,0.0193,98.66,99.63,100.35,0.0247,0.0208,0.013,16000,1024,329.99,0.6402,0.3325,0.0185,0.0089
2026-08-26T17:33:36.286+02:00,1000,1024,1024,1056,18,302,1,2422,0,237,0,0.7969,0.2114,0.0874,1.244,0.366,0.7501,1.593,1.556,35.278,49.18,49.18,49.3,1.1475,0.3016,0.0502,147.51,147.58,99.46,0.0677,0.0393,0.0181,98.45,99.79,118.15,0.0181,0.0195,0.0154,16000,1024,382.43,0.7173,0.2613,0.015,0.0064
2026-08-26T17:34:06.286+02:00,1000,1024,1024,1056,18,303,1,2423,0,237,0,0.8015,0.2087,0.0681,1.2508,0.3597,0.7428,1.587,1.538,39.97,49.15,49.15,49.25,1.1589,0.2978,0.05,147.34,147.55,147.56,0.0669,0.0395,0.0259,99.16,99.55,97.95,0.0169,0.0165,0.015,16000,1024,330.03,0.2564,0.7177,0.0176,0.0083
2026-08-26T17:34:36.287+02:00,1000,1024,1024,1056,18,303,39,2462,2,239,0,0.7851,0.208,0.1204,1.334,0.3865,0.7839,1.687,1.597,20.157,49.0,48.97,54.87,0.402,0.1113,0.0406,9.44,9.39,32.48,0.3218,0.0885,0.0324,16.14,25.33,443.46,0.2311,0.0558,0.0308,16000,1024,369.42,0.5194,0.4417,0.0238,0.0151
2026-08-26T17:35:06.286+02:00,1000,1024,1024,1056,18,303,1,2463,0,239,0,0.8145,0.2105,0.0595,1.2753,0.393,0.6978,1.594,1.524,36.297,49.18,49.17,49.18,1.12,0.2885,0.0443,38.31,147.48,147.46,0.0752,0.0368,0.0253,43.48,25.23,98.09,0.0744,0.0229,0.017,16000,1024,278.58,0.5428,0.4237,0.0229,0.0107
2026-08-26T17:35:36.292+02:00,1000,1024,1029,1062,18,304,3,2466,0,239,0,0.8251,0.2105,0.2106,1.2926,0.3945,0.985,1.584,1.56,15.216,49.16,49.16,4.81,1.1501,0.288,0.0486,147.5,147.31,493.14,0.0753,0.032,0.0475,34.16,41.81,497.83,0.0735,0.0241,0.0468,16000,1024,279.04,0.4035,0.561,0.0249,0.0106
2026-08-26T17:36:06.291+02:00,1000,1024,1024,1056,18,305,0,2466,0,239,0,0.8352,0.2067,0.0844,1.2805,0.3538,0.7028,1.584,1.536,30.266,49.17,49.18,48.87,1.205,0.2957,0.0451,147.47,147.32,19.72,0.0673,0.0326,0.0296,98.89,99.61,9.79,0.0179,0.0172,0.0274,16000,1024,572.81,0.6983,0.2768,0.015,0.0099
2026-08-26T17:36:36.288+02:00,1000,1024,1024,1056,18,305,0,2466,0,239,0,0.8484,0.2077,0.0577,1.3174,0.3476,0.5431,1.592,1.522,17.259,49.19,49.18,49.13,1.2259,0.2981,0.0506,147.48,147.63,147.43,0.0689,0.0318,0.023,98.77,100.17,98.91,0.0164,0.0186,0.0217,16000,1024,754.76,0.9263,0.0676,0.0039,0.0022
2026-08-26T17:37:06.295+02:00,1000,1024,1024,1056,18,305,0,2466,0,239,0,0.8455,0.2049,0.0493,1.3199,0.3579,0.1998,1.59,1.535,3.182,49.15,49.15,49.2,1.221,0.2921,0.0487,147.4,147.26,98.7,0.0699,0.0326,0.023,98.12,99.99,147.31,0.0254,0.0188,0.0199,16000,1024,415.32,0.6723,0.3088,0.0129,0.006
2026-08-26T17:37:36.289+02:00,1000,1024,1024,1056,18,305,1,2467,0,239,0,0.8696,0.2076,0.0479,1.35,0.3693,0.1462,1.586,1.522,2.701,49.14,49.15,49.12,1.2378,0.2964,0.0491,147.37,147.44,98.99,0.0726,0.0381,0.024,196.71,100.17,147.42,0.0139,0.0175,0.0183,16000,1024,455.39,0.8409,0.1422,0.0123,0.0046
2026-08-26T17:38:06.290+02:00,1000,1024,1024,1056,18,305,0,2467,0,239,0,0.867,0.206,0.0606,1.3512,0.3465,0.7386,1.59,1.5,44.417,49.18,49.18,49.23,1.2537,0.2918,0.0482,147.46,147.54,147.44,0.0743,0.0379,0.0223,98.37,99.52,98.14,0.0187,0.019,0.0202,16000,1024,294.13,0.4058,0.5496,0.0295,0.0151
2026-08-26T17:38:36.290+02:00,1000,1024,1024,1056,18,305,1,2468,0,239,0,0.8732,0.2063,0.057,1.3363,0.3545,0.618,1.587,1.499,28.601,49.15,49.15,49.17,1.2469,0.2929,0.0419,147.44,147.56,97.99,0.0725,0.0385,0.0226,34.32,99.9,147.47,0.0203,0.02,0.0165,16000,1024,1072.35,0.9372,0.0584,0.0026,0.0018
2026-08-26T17:39:06.291+02:00,1000,1024,1024,1056,18,307,2,2470,1,240,0,0.8991,0.2031,0.046,1.3983,0.3651,0.1461,1.598,1.521,2.745,49.04,49.04,49.08,1.2536,0.2774,0.0397,147.18,147.24,147.28,0.0722,0.0356,0.0223,55.08,99.98,98.59,0.0391,0.0172,0.0205,16000,1024,292.92,0.5627,0.3786,0.0394,0.0193
2026-08-26T17:40:06.291+02:00,1000,1024,1024,1056,19,308,0,2473,0,240,0,0.9176,0.2038,0.0491,1.4444,0.363,0.1589,1.589,1.505,2.989,49.17,49.17,49.23,1.322,0.2906,0.0457,147.51,147.43,147.66,0.0697,0.0391,0.0254,98.16,100.12,98.81,0.0167,0.021,0.0241,16000,1024,260.58,0.332,0.6055,0.051,0.0114
2026-08-26T17:40:36.291+02:00,1000,1024,1024,1056,19,308,0,2473,0,240,0,0.9271,0.2013,0.0698,1.4669,0.3417,0.8389,1.579,1.502,54.353,49.14,49.14,49.19,1.3331,0.2859,0.0468,147.36,147.27,147.33,0.0736,0.0425,0.0262,196.65,99.81,196.31,0.0164,0.0157,0.0179,16000,1024,380.85,0.5515,0.4283,0.0124,0.0077
2026-08-26T17:41:06.291+02:00,1000,1024,1024,1056,19,308,1,2474,0,240,0,0.954,0.2018,0.052,1.4578,0.3457,0.6159,1.587,1.518,36.499,49.14,49.13,49.15,1.3768,0.2861,0.0339,147.39,147.48,147.37,0.0755,0.0418,0.0238,98.46,99.94,98.49,0.0196,0.0187,0.0237,16000,1024,580.9,0.7121,0.2353,0.0374,0.0153
2026-08-26T17:41:36.291+02:00,1000,1024,1024,1056,19,308,0,2474,0,240,0,0.9379,0.204,0.0458,1.4423,0.344,0.1346,1.589,1.509,2.876,49.13,49.13,49.02,1.3506,0.2886,0.0402,147.28,147.19,147.22,0.0754,0.0408,0.0239,196.3,99.81,98.25,0.0185,0.0224,0.0181,16000,1024,928.63,0.7948,0.1868,0.0141,0.0043
2026-08-26T17:42:06.291+02:00,1000,1024,1024,1056,19,308,2,2476,0,240,0,0.9477,0.2078,0.2461,1.4494,0.3988,0.9911,1.578,1.518,11.483,49.13,49.14,495.33,1.3085,0.2875,0.1958,43.82,147.51,2.87,0.0718,0.0356,0.1936,35.87,40.68,45.97,0.0717,0.0202,0.1013,16000,1024,506.47,0.7632,0.2194,0.0125,0.0049
2026-08-26T17:44:06.294+02:00,1000,1024,1024,1056,22,309,1,2494,0,245,0,1.0036,0.1999,0.059,1.5393,0.3459,0.6119,1.579,1.502,39.716,49.18,49.19,49.02,1.4522,0.2849,0.04,147.46,147.46,147.34,0.0713,0.0395,0.0265,98.41,100.13,100.36,0.0214,0.0222,0.0194,16000,1024,463.26,0.7136,0.2545,0.0239,0.008
2026-08-26T17:44:36.295+02:00,1000,1024,1024,1056,22,309,0,2494,0,245,0,0.9964,0.2058,0.2682,1.5269,0.4028,0.9893,1.579,1.54,9.23,49.17,49.16,499.15,1.4342,0.2887,0.0833,147.44,147.49,2.48,0.0744,0.0353,0.0795,98.23,99.79,48.6,0.021,0.0193,0.0673,16000,1024,1558.93,0.9024,0.0899,0.0061,0.0016
2026-08-26T17:45:36.299+02:00,1000,1024,1027,1059,23,310,35,2537,0,250,0,1.0115,0.1977,0.114,1.828,0.3591,0.7667,1.672,1.583,23.936,12.87,12.82,68.79,0.6112,0.1195,0.0421,49.19,49.15,342.97,0.5034,0.0997,0.039,17.56,17.61,80.37,0.3142,0.0568,0.0367,16000,1024,8798.56,0.9973,0.0026,0.0001,0.0
2026-08-26T17:46:06.296+02:00,1000,1024,1024,1056,23,310,11,2548,1,251,0,1.0358,0.2318,0.7743,1.6787,0.4677,1.6345,1.618,1.894,2.843,49.23,49.2,2.01,1.2834,0.2652,0.4932,53.68,53.77,46.78,0.2074,0.0571,0.2272,42.86,98.25,7.08,0.1361,0.0373,0.2079,16000,1024,5752.63,0.9959,0.0038,0.0003,0.0001
2026-08-26T17:46:36.296+02:00,1000,1024,1024,1056,23,310,0,2548,0,251,0,1.0597,0.2007,0.0454,1.6344,0.3499,0.1442,1.569,1.492,2.917,49.19,49.18,49.17,1.5323,0.2856,0.0323,147.49,147.65,147.58,0.0723,0.0397,0.0274,98.51,100.15,98.45,0.0253,0.0195,0.0241,16000,1024,6157.14,0.9904,0.0077,0.0015,0.0004
2026-08-26T17:47:06.296+02:00,1000,1024,1024,1057,23,310,35,2583,2,253,0,1.0409,0.19,0.1356,1.7117,0.3572,0.9696,1.681,1.597,20.567,41.97,41.99,16.78,0.4575,0.0773,0.0419,13.12,12.99,3.83,0.4032,0.0699,0.04,49.44,49.46,35.4,0.4077,0.072,0.0406,16000,1024,6172.68,0.996,0.0037,0.0002,0.0001
2026-08-26T17:47:36.297+02:00,1000,1024,1024,1056,23,311,0,2583,0,253,0,1.0887,0.1948,0.0455,1.6678,0.3565,0.1415,1.575,1.527,2.919,49.16,49.17,49.26,1.5765,0.2774,0.0337,147.39,147.46,98.31,0.0751,0.0405,0.0241,98.51,99.9,147.41,0.0197,0.0214,0.0218,16000,1024,7259.08,0.9977,0.002,0.0002,0.0
2026-08-26T17:48:04.778+02:00,1000,1024,1024,1056,1,0,4,5,4,4,0,0.6189,0.2257,0.0767,0.9577,0.3985,0.6169,1.554,1.563,29.847,49.35,49.34,49.5,0.9057,0.3285,0.0534,148.16,147.99,99.63,0.0292,0.019,0.0191,98.49,100.21,31.1,0.0172,0.013,0.0165,16000,1024,482.4,0.2606,0.3516,0.3832,0.0046
2026-08-26T17:48:06.296+02:00,1000,1024,1024,1056,23,312,0,2583,0,253,0,1.1001,0.1968,0.0453,1.6737,0.3503,0.1427,1.569,1.501,2.734,49.07,49.06,49.01,1.5594,0.2766,0.0409,147.13,147.22,147.19,0.0749,0.0344,0.0309,43.46,99.29,98.05,0.0294,0.0186,0.0185,16000,1024,940.36,0.8992,0.0916,0.0075,0.0017
2026-08-26T17:48:34.779+02:00,1000,1024,1024,1056,1,0,42,47,8,12,0,0.574,0.2237,0.1184,0.984,0.4211,0.6614,1.653,1.658,16.452,24.65,24.62,24.46,0.3112,0.1207,0.0454,49.96,50.03,44.08,0.2639,0.1074,0.0371,32.91,32.99,193.61,0.2046,0.074,0.0374,16000,1024,544.19,0.7461,0.2309,0.0191,0.0039
2026-08-26T17:49:04.779+02:00,1000,1024,1024,1056,1,0,4,51,0,12,0,0.561,0.2321,0.0642,0.9087,0.4033,0.6649,1.583,1.58,23.335,49.43,49.42,49.42,0.7492,0.3086,0.0626,44.28,34.27,99.03,0.0811,0.0325,0.0244,39.44,39.48,27.58,0.077,0.034,0.0192,16000,1024,527.5,0.8152,0.1691,0.0117,0.004
2026-08-26T17:49:34.780+02:00,1000,1024,1024,1056,1,1,43,94,33,45,0,0.5399,0.2362,0.1296,0.8404,0.3958,0.9503,1.578,1.52,18.355,49.35,49.36,49.19,0.6619,0.2836,0.0701,12.77,12.71,383.77,0.1286,0.0557,0.0375,21.14,23.76,80.76,0.1197,0.0543,0.0369,16000,1024,403.16,0.6621,0.3121,0.0193,0.0066
2026-08-26T17:50:04.780+02:00,1000,1024,1024,1056,1,1,0,94,0,45,0,0.5227,0.2348,0.0654,0.8535,0.4029,0.6117,1.572,1.529,14.453,49.33,49.33,49.35,0.7668,0.3429,0.0645,148.11,148.25,99.74,0.0342,0.0175,0.0193,98.76,100.22,38.89,0.0197,0.0146,0.0141,16000,1024,565.89,0.8752,0.1177,0.0054,0.0017
2026-08-26T17:50:34.780+02:00,1000,1024,1024,1056,1,1,3,97,0,45,0,0.5039,0.2327,0.0797,0.8047,0.3823,0.7407,1.58,1.512,27.551,49.32,49.32,49.22,0.7469,0.3408,0.0704,147.88,148.01,100.17,0.0332,0.0221,0.0195,99.18,99.41,40.79,0.0171,0.0197,0.0109,16000,1024,608.25,0.8066,0.1756,0.0116,0.0063
2026-08-26T17:51:04.788+02:00,1000,1024,1030,1062,1,2,15,112,3,48,0,0.4812,0.2299,0.108,0.817,0.3964,0.9442,1.622,1.54,28.469,49.55,49.55,49.66,0.5314,0.2483,0.0601,43.34,43.29,4.81,0.1563,0.072,0.0339,55.63,55.52,42.68,0.115,0.0573,0.0344,16000,1024,566.2,0.9183,0.0754,0.0043,0.0019
2026-08-26T17:51:34.781+02:00,1000,1024,1024,1056,1,2,25,137,1,49,0,0.4893,0.2271,0.1257,0.8672,0.4044,0.7967,1.662,1.593,16.7,48.81,48.8,4.42,0.3077,0.1387,0.0491,27.64,27.6,319.76,0.2014,0.094,0.0479,5.62,16.51,362.37,0.1863,0.0837,0.0434,16000,1024,358.58,0.8017,0.1738,0.0155,0.0089
2026-08-26T17:52:04.782+02:00,1000,1024,1024,1056,1,2,26,163,4,53,0,0.4916,0.2285,0.1295,0.8812,0.3846,0.9274,1.633,1.543,20.883,49.1,49.08,26.32,0.3694,0.162,0.0498,22.67,22.6,498.23,0.1674,0.0763,0.0421,31.5,31.53,19.7,0.1438,0.0686,0.0398,16000,1024,518.38,0.8787,0.1095,0.0086,0.0032
2026-08-26T17:52:34.786+02:00,1000,1024,1024,1056,1,3,0,163,0,53,0,0.5109,0.2271,0.0912,0.8151,0.3834,0.6618,1.585,1.52,20.627,49.26,49.26,49.34,0.7427,0.3259,0.069,147.79,147.97,63.07,0.0403,0.0286,0.0247,98.85,99.99,159.92,0.0235,0.0142,0.0238,16000,1024,443.63,0.8006,0.1819,0.0133,0.0042
2026-08-26T17:53:04.782+02:00,1000,1024,1024,1056,1,3,2,165,0,53,0,0.5285,0.2275,0.103,0.8603,0.4054,0.6481,1.597,1.502,17.489,49.3,49.3,49.35,0.7215,0.3062,0.0525,43.46,44.14,62.45,0.0643,0.0309,0.0414,54.2,53.22,225.92,0.0583,0.0298,0.0322,16000,1024,444.31,0.8157,0.1746,0.0071,0.0026
2026-08-26T17:53:34.782+02:00,1000,1024,1024,1056,1,3,1,166,0,53,0,0.5242,0.2235,0.1032,0.8364,0.3806,0.6995,1.6,1.514,20.847,49.24,49.24,49.36,0.7517,0.3217,0.0781,147.68,147.83,312.54,0.0452,0.0271,0.0415,98.94,99.67,187.59,0.0131,0.0135,0.0414,16000,1024,486.71,0.8804,0.1031,0.0107,0.0058
2026-08-26T17:54:04.785+02:00,1000,1024,1027,1059,1,3,8,174,0,53,0,0.531,0.2242,0.1102,0.8779,0.3816,0.7046,1.618,1.511,18.911,49.37,49.33,49.2,0.5797,0.2407,0.0469,38.63,38.45,99.36,0.1006,0.0434,0.0388,1.69,2.28,400.23,0.0984,0.0392,0.035,16000,1024,699.03,0.3003,0.6905,0.0061,0.0031
2026-08-26T17:54:34.783+02:00,1000,1024,1024,1056,1,3,3,177,1,54,0,0.5455,0.2265,0.0823,0.8539,0.3748,0.8035,1.602,1.506,28.38,49.22,49.22,49.19,0.7571,0.3115,0.0738,36.74,147.58,98.15,0.0465,0.024,0.0332,25.67,38.17,226.69,0.0456,0.0219,0.0197,16000,1024,621.06,0.82,0.1659,0.011,0.003
2026-08-26T17:55:04.784+02:00,1000,1024,1024,1056,1,4,2,179,0,54,0,0.5467,0.2266,0.0819,0.858,0.3729,0.7032,1.598,1.504,26.144,49.25,49.24,49.32,0.7603,0.3138,0.0618,29.76,30.36,14.87,0.0765,0.0313,0.0222,33.69,15.66,98.31,0.0678,0.0242,0.0224,16000,1024,470.79,0.8968,0.0933,0.0075,0.0025
2026-08-26T17:55:34.783+02:00,1000,1024,1024,1056,1,4,5,184,0,54,0,0.5466,0.2215,0.0847,0.9042,0.3778,0.6698,1.622,1.527,20.958,49.25,49.25,49.2,0.668,0.2689,0.0483,24.73,44.43,98.28,0.1204,0.0552,0.0296,44.43,24.78,62.0,0.129,0.0405,0.0245,16000,1024,566.76,0.4305,0.5533,0.0114,0.0048
2026-08-26T17:56:04.784+02:00,1000,1024,1024,1056,1,5,16,200,1,55,0,0.5573,0.2197,0.0842,0.9469,0.3837,0.723,1.655,1.546,28.278,49.12,49.14,49.23,0.3747,0.1492,0.0493,5.8,5.72,20.25,0.2464,0.095,0.0248,17.2,28.79,30.15,0.1433,0.0533,0.0231,16000,1024,510.93,0.8662,0.1205,0.0091,0.0042
2026-08-26T17:56:34.787+02:00,1000,1024,1024,1056,1,5,5,205,2,57,0,0.5708,0.2247,0.1039,0.9128,0.3888,0.8496,1.611,1.514,23.82,49.25,49.25,49.24,0.7943,0.3071,0.0691,147.78,147.64,100.09,0.0485,0.0297,0.0519,42.02,99.41,114.18,0.0395,0.024,0.041,16000,1024,705.7,0.8104,0.1666,0.0148,0.0082
2026-08-26T17:57:04.786+02:00,1000,1024,1024,1056,1,6,1,206,0,57,0,0.5881,0.2221,0.1086,0.9507,0.3544,0.6958,1.603,1.521,20.32,49.19,49.18,49.29,0.8413,0.3162,0.0767,147.62,147.61,195.7,0.0531,0.0298,0.0331,23.94,99.78,98.36,0.0207,0.0155,0.0293,16000,1024,495.1,0.8701,0.1157,0.0085,0.0057
2026-08-26T17:57:34.784+02:00,1000,1024,1024,1056,1,7,1,207,0,57,0,0.5979,0.2225,0.07,0.9583,0.3727,0.6006,1.612,1.536,18.73,49.21,49.22,49.18,0.8466,0.3132,0.0655,147.58,147.61,98.98,0.0578,0.0278,0.0256,30.49,99.8,147.5,0.0331,0.0206,0.0235,16000,1024,618.03,0.9213,0.0729,0.0039,0.002
2026-08-26T17:58:04.790+02:00,1000,1024,1027,1059,1,8,6,213,1,58,0,0.6005,0.2186,0.0662,0.9385,0.3682,0.6953,1.602,1.519,25.821,49.14,49.15,49.04,0.7315,0.2647,0.0489,35.16,15.52,34.1,0.0921,0.0344,0.0191,16.05,34.5,98.18,0.085,0.0346,0.0157,16000,1024,506.21,0.8942,0.0912,0.0109,0.0037
2026-08-26T17:58:34.787+02:00,1000,1024,1024,1056,1,8,3,216,1,59,0,0.6068,0.2194,0.0765,0.9863,0.3768,0.7978,1.614,1.534,30.095,49.21,49.22,49.06,0.8286,0.2967,0.0637,43.77,38.3,38.95,0.0659,0.0271,0.0228,33.07,147.64,197.38,0.0627,0.0247,0.022,16000,1024,435.31,0.7684,0.2116,0.0132,0.0068
2026-08-26T17:59:04.785+02:00,1000,1024,1024,1056,1,8,3,219,0,59,0,0.6122,0.2213,0.114,0.9869,0.3856,0.7369,1.616,1.545,20.692,49.23,49.23,49.22,0.8519,0.3082,0.0804,147.57,147.56,375.31,0.0537,0.0236,0.0352,37.21,37.18,62.3,0.0476,0.0218,0.032,16000,1024,443.68,0.8576,0.1266,0.012,0.0038
2026-08-26T17:59:34.787+02:00,1000,1024,1024,1056,1,8,3,222,0,59,0,0.6293,0.2199,0.0811,0.9966,0.3737,0.7038,1.601,1.51,31.055,49.18,49.17,49.26,0.8034,0.2771,0.0454,44.03,43.94,100.4,0.095,0.0331,0.0162,54.2,54.2,147.4,0.0771,0.0309,0.0153,16000,1024,389.24,0.6466,0.3181,0.0247,0.0106
2026-08-26T18:00:04.794+02:00,1000,1024,1028,1061,1,8,25,247,2,61,0,0.6312,0.2174,0.1188,1.1111,0.3862,0.7768,1.695,1.607,17.48,49.27,49.25,40.78,0.5857,0.2016,0.0266,33.36,33.36,57.96,0.1988,0.0716,0.0269,53.3,53.41,49.4,0.1275,0.0429,0.0273,16000,1024,2150.28,0.7771,0.2189,0.0031,0.0009
2026-08-26T18:00:34.787+02:00,1000,1024,1024,1056,1,9,38,285,26,87,0,0.6491,0.2181,0.1257,1.0548,0.3981,0.7999,1.648,1.573,19.69,49.18,49.17,49.02,0.7534,0.2478,0.0476,26.45,26.49,490.59,0.1662,0.0577,0.0482,42.69,42.67,132.89,0.1228,0.0409,0.0457,16000,1024,2005.58,0.1944,0.7329,0.0678,0.0049
2026-08-26T18:01:04.788+02:00,1000,1024,1024,1056,1,10,1,286,0,87,0,0.6746,0.2187,0.0785,1.1047,0.371,0.6652,1.615,1.56,27.263,49.23,49.23,49.34,0.9501,0.3043,0.0494,147.62,147.7,98.52,0.0612,0.0325,0.024,33.76,39.06,58.51,0.043,0.0186,0.0223,16000,1024,363.3,0.6796,0.2881,0.0222,0.01
2026-08-26T18:01:34.789+02:00,1000,1024,1024,1056,1,10,0,286,0,87,0,0.6756,0.2194,0.0808,1.0695,0.3873,0.7811,1.6,1.546,37.487,49.2,49.21,49.18,0.9772,0.3123,0.0449,147.57,147.69,99.02,0.0561,0.0332,0.0398,98.94,99.66,147.61,0.0185,0.0179,0.0317,16000,1024,588.63,0.8815,0.1056,0.0095,0.0034
2026-08-26T18:02:04.788+02:00,1000,1024,1024,1056,1,10,0,286,0,87,0,0.6903,0.2192,0.1005,1.0883,0.3649,0.6881,1.605,1.52,23.716,49.21,49.23,49.28,0.9964,0.3182,0.063,147.62,147.67,147.35,0.0652,0.0332,0.0266,98.67,99.67,125.04,0.0165,0.0158,0.0254,16000,1024,10112.27,0.9987,0.0012,0.0001,0.0
2026-08-26T18:02:34.796+02:00,1000,1024,1031,1064,1,10,1,287,0,87,0,0.7913,0.2168,0.0517,1.2463,0.3906,0.167,1.603,1.537,2.713,49.22,49.23,49.19,1.1509,0.3119,0.0469,147.68,147.7,147.81,0.0678,0.0325,0.0221,99.25,99.85,98.23,0.0152,0.019,0.0198,16000,1024,10358.04,0.9689,0.0242,0.0056,0.0014
2026-08-26T18:03:04.790+02:00,1000,1024,1024,1056,1,10,1,288,0,87,0,0.7916,0.2187,0.0613,1.2304,0.3776,0.6996,1.609,1.537,32.991,49.21,49.21,49.11,1.1462,0.3119,0.0537,147.54,147.63,147.31,0.0717,0.0319,0.0237,98.93,99.73,98.65,0.0211,0.0199,0.0194,16000,1024,748.01,0.6404,0.3215,0.02,0.0181
2026-08-26T18:04:04.790+02:00,1000,1024,1024,1056,2,10,20,329,2,106,0,0.7834,0.218,0.0893,1.2899,0.3878,0.694,1.624,1.559,28.232,48.77,48.87,44.88,0.5526,0.1534,0.0271,11.58,11.74,49.78,0.2268,0.0645,0.0264,34.02,40.29,188.97,0.2178,0.0632,0.0268,16000,1024,358.12,0.6543,0.3072,0.0254,0.0131
2026-08-26T18:04:34.790+02:00,1000,1024,1024,1056,2,10,7,336,0,106,0,0.7838,0.2148,0.0929,1.2432,0.3747,0.7069,1.631,1.56,24.853,49.23,49.23,98.91,0.9688,0.2621,0.0309,36.49,36.47,49.6,0.187,0.0575,0.0308,8.73,8.68,127.08,0.1587,0.0393,0.0291,16000,1024,466.66,0.6858,0.2891,0.0171,0.008
2026-08-26T18:05:04.792+02:00,1000,1024,1024,1056,2,11,20,356,2,108,0,0.7766,0.2139,0.1071,1.336,0.3605,0.8329,1.667,1.557,33.018,47.34,8.4,31.2,0.3661,0.0913,0.0461,8.24,47.32,49.34,0.3021,0.0953,0.0366,25.48,26.19,351.83,0.2295,0.0618,0.033,16000,1024,488.44,0.6836,0.2914,0.0176,0.0074
2026-08-26T18:05:34.792+02:00,1000,1024,1024,1056,2,11,0,356,0,108,0,0.7946,0.2125,0.2384,1.2859,0.3733,0.8014,1.602,1.562,5.83,49.19,49.19,341.63,1.1484,0.3013,0.1295,147.52,147.7,346.7,0.0677,0.0376,0.0965,98.65,100.16,4.57,0.0164,0.0195,0.0981,16000,1024,489.42,0.833,0.1537,0.0092,0.004
2026-08-26T18:06:04.791+02:00,1000,1024,1024,1056,2,11,0,356,0,108,0,0.8169,0.2141,0.1033,1.2914,0.3651,0.6971,1.603,1.548,24.365,49.22,49.22,49.33,1.1867,0.3065,0.055,147.63,147.78,98.05,0.0704,0.0351,0.0349,98.86,100.28,152.51,0.0183,0.0183,0.0302,16000,1024,450.76,0.812,0.1732,0.0087,0.0062
2026-08-26T18:06:34.792+02:00,1000,1024,1024,1056,2,12,0,356,0,108,0,0.8203,0.2155,0.0713,1.2721,0.3517,0.8516,1.591,1.516,47.892,49.18,49.19,49.19,1.187,0.3127,0.0496,147.5,147.47,147.44,0.068,0.0326,0.0251,98.25,99.98,99.11,0.0178,0.0181,0.018,16000,1024,518.06,0.8855,0.1044,0.0071,0.003
2026-08-26T18:07:34.795+02:00,1000,1024,1027,1059,3,12,20,391,1,109,0,0.8222,0.2104,0.0913,1.3403,0.3577,0.6766,1.655,1.556,28.434,49.56,49.58,48.95,0.7471,0.1882,0.0367,8.21,6.15,98.87,0.2839,0.0716,0.0348,42.11,42.1,34.41,0.2249,0.0594,0.0265,16000,1024,391.4,0.874,0.1081,0.0115,0.0064
2026-08-26T18:08:04.794+02:00,1000,1024,1024,1056,3,12,22,413,3,112,0,0.8386,0.2111,0.0921,1.3958,0.351,0.7101,1.642,1.525,25.927,49.51,49.49,93.71,0.6582,0.1617,0.0344,11.3,11.38,327.89,0.3026,0.0766,0.0294,7.32,7.32,47.4,0.2263,0.0547,0.0391,16000,1024,391.35,0.5913,0.3874,0.0133,0.008
2026-08-26T18:08:34.794+02:00,1000,1024,1024,1056,3,13,19,432,0,112,0,0.8463,0.2127,0.0978,1.3805,0.382,0.767,1.639,1.561,31.991,49.6,49.61,196.17,0.6039,0.1557,0.0282,9.25,9.76,147.49,0.3037,0.0765,0.028,36.93,36.94,225.03,0.251,0.0625,0.0281,16000,1024,436.52,0.7506,0.2196,0.023,0.0068
2026-08-26T18:09:34.799+02:00,1000,1024,1024,1056,4,14,20,453,0,112,0,0.8565,0.2063,0.1013,1.4983,0.3617,1.1585,1.672,1.571,43.186,49.42,49.47,147.55,0.469,0.1102,0.0287,15.02,15.17,50.39,0.3598,0.0878,0.028,39.12,24.49,39.99,0.2801,0.0683,0.0249,16000,1024,389.27,0.7348,0.2387,0.0164,0.0101
2026-08-26T18:10:04.794+02:00,1000,1024,1024,1056,4,14,1,454,0,112,0,0.8788,0.2083,0.1457,1.3851,0.3682,1.8858,1.598,1.528,53.652,49.19,49.19,49.21,1.259,0.2922,0.0448,147.57,147.78,437.42,0.0697,0.0337,0.0387,40.24,100.11,187.6,0.0177,0.0219,0.0387,16000,1024,526.91,0.7806,0.198,0.0147,0.0067
2026-08-26T18:10:34.796+02:00,1000,1024,1024,1056,4,15,6,460,0,112,0,0.8523,0.206,0.1245,1.3315,0.3468,1.2742,1.625,1.518,31.361,49.15,49.15,49.12,1.1615,0.277,0.0511,147.31,147.43,98.71,0.0752,0.0402,0.0492,54.71,54.43,105.39,0.0652,0.0175,0.0429,16000,1024,415.89,0.8158,0.1585,0.0184,0.0073
2026-08-26T18:11:04.796+02:00,1000,1024,1024,1056,4,16,2,462,0,112,0,0.8686,0.2071,0.0551,1.3614,0.3529,0.5893,1.598,1.513,27.668,49.17,49.17,49.18,1.1809,0.2767,0.047,53.87,147.22,147.38,0.073,0.0355,0.0209,41.2,40.99,97.77,0.0714,0.019,0.0204,16000,1024,412.38,0.6403,0.3289,0.0227,0.0081
2026-08-26T18:11:34.797+02:00,1000,1024,1024,1056,4,16,2,464,0,112,0,0.8762,0.2068,0.064,1.3466,0.3538,0.6956,1.594,1.498,32.656,49.17,49.17,49.23,1.1836,0.2743,0.0568,25.51,147.37,100.15,0.1128,0.0324,0.0212,30.04,34.79,182.37,0.1138,0.032,0.0183,16000,1024,416.48,0.8223,0.1568,0.013,0.0079
2026-08-26T18:12:04.797+02:00,1000,1024,1024,1056,4,17,0,464,0,112,0,0.891,0.2071,0.062,1.3712,0.3617,0.7263,1.596,1.502,37.794,49.14,49.15,48.92,1.2771,0.2953,0.058,147.4,147.45,98.91,0.0765,0.0418,0.0226,98.27,100.03,147.44,0.0171,0.0172,0.0176,16000,1024,443.8,0.6974,0.2826,0.014,0.006
2026-08-26T18:12:34.802+02:00,1000,1024,1024,1056,4,18,0,464,0,112,0,0.9017,0.2088,0.0768,1.3893,0.3732,0.8024,1.597,1.507,48.055,49.16,49.15,49.16,1.3041,0.2971,0.0372,147.42,147.35,98.4,0.0761,0.0347,0.0288,196.52,100.0,147.14,0.0173,0.0146,0.0279,16000,1024,453.23,0.7998,0.1815,0.0153,0.0034
2026-08-26T18:13:04.797+02:00,1000,1024,1024,1056,4,19,0,464,0,112,0,0.9078,0.2088,0.062,1.3932,0.3474,0.7353,1.595,1.493,36.1,49.15,49.14,49.05,1.3051,0.2958,0.0527,147.38,147.49,147.59,0.0794,0.0419,0.0301,98.59,99.48,98.22,0.0221,0.025,0.0294,16000,1024,454.29,0.8314,0.1486,0.0145,0.0056
2026-08-26T18:13:34.797+02:00,1000,1024,1024,1056,4,19,0,464,0,112,0,0.9182,0.2052,0.0817,1.4128,0.3767,0.7037,1.596,1.513,37.416,49.15,49.16,49.14,1.3164,0.2926,0.039,147.43,147.43,115.53,0.0753,0.0424,0.0286,196.52,100.07,100.42,0.0179,0.0191,0.0261,16000,1024,516.39,0.8532,0.137,0.0069,0.003
2026-08-26T18:14:04.799+02:00,1000,1024,1024,1056,4,19,8,472,3,115,0,0.9274,0.2048,0.1201,1.4499,0.3609,1.0442,1.603,1.491,31.188,49.16,49.14,48.7,1.2569,0.2696,0.0511,147.45,147.49,147.73,0.0698,0.0446,0.0417,23.66,99.32,39.15,0.0608,0.0191,0.038,16000,1024,450.87,0.8962,0.0944,0.0071,0.0023
2026-08-26T18:14:34.799+02:00,1000,1024,1024,1056,4,19,0,472,0,115,0,0.9368,0.2062,0.0663,1.4294,0.3649,0.7098,1.59,1.504,38.002,49.15,49.15,49.18,1.3492,0.2919,0.0414,147.38,147.28,147.69,0.0786,0.0411,0.0308,98.41,99.99,84.66,0.0165,0.0198,0.0187,16000,1024,412.21,0.7919,0.1808,0.0212,0.0061
2026-08-26T18:15:04.799+02:00,1000,1024,1024,1056,4,19,4,476,1,116,0,0.9404,0.2027,0.094,1.6277,0.3593,0.7304,1.606,1.498,29.97,49.13,49.13,48.74,1.1249,0.2357,0.0362,44.43,44.38,62.58,0.2255,0.0483,0.0352,39.55,54.2,312.54,0.1577,0.0304,0.033,16000,1024,348.24,0.5604,0.3937,0.0338,0.0121
2026-08-26T18:15:34.800+02:00,1000,1024,1024,1056,4,20,28,504,3,119,0,0.9261,0.2021,0.1058,1.5316,0.3531,0.752,1.677,1.541,26.767,49.52,49.58,47.84,0.4878,0.1092,0.0328,6.87,6.79,128.72,0.3606,0.0748,0.0318,43.0,15.47,108.72,0.2859,0.0635,0.0318,16000,1024,449.54,0.59,0.378,0.0202,0.0117
2026-08-26T18:16:34.800+02:00,1000,1024,1024,1056,5,25,0,505,0,120,0,0.9803,0.2042,0.1268,1.5292,0.3537,1.6194,1.596,1.507,66.821,49.17,49.17,98.88,1.4174,0.2909,0.0393,147.48,147.5,80.03,0.0797,0.046,0.0341,196.75,100.26,3.73,0.0205,0.0217,0.0339,16000,1024,536.83,0.8124,0.1741,0.0107,0.0028
2026-08-26T18:17:04.801+02:00,1000,1024,1024,1056,5,25,11,516,1,121,0,0.9955,0.204,0.2681,1.564,0.379,1.5616,1.608,1.527,7.795,49.12,49.13,51.77,0.8872,0.1777,0.0637,13.56,13.56,3.64,0.3228,0.0677,0.0639,36.2,34.53,365.31,0.296,0.0608,0.059,16000,1024,449.83,0.8291,0.1458,0.0161,0.009
2026-08-26T18:17:34.801+02:00,1000,1024,1024,1056,5,25,2,518,0,121,0,1.0039,0.2005,0.1072,1.5741,0.3408,0.7316,1.605,1.529,27.421,49.07,49.07,48.92,1.431,0.2823,0.0477,147.17,147.2,146.5,0.0757,0.0388,0.0295,54.65,99.89,98.13,0.0289,0.0179,0.0351,16000,1024,573.46,0.9121,0.077,0.0088,0.0021
2026-08-26T18:18:04.801+02:00,1000,1024,1024,1056,5,25,1,519,0,121,0,1.024,0.2014,0.078,1.5677,0.347,0.7357,1.59,1.495,43.328,49.18,49.17,48.92,1.4773,0.2868,0.0379,147.4,147.33,147.6,0.08,0.0386,0.0306,98.4,99.98,98.31,0.0224,0.0234,0.0236,16000,1024,455.8,0.8632,0.1178,0.0141,0.0049
2026-08-26T18:18:34.802+02:00,1000,1024,1024,1056,5,25,0,519,0,121,0,1.0442,0.2003,0.1146,1.622,0.3314,0.7201,1.588,1.48,21.503,49.17,49.16,49.07,1.506,0.2842,0.0475,147.47,147.34,62.52,0.0819,0.043,0.0445,98.53,99.96,187.52,0.0201,0.021,0.0437,16000,1024,490.27,0.7749,0.1985,0.0209,0.0058
2026-08-26T18:19:04.801+02:00,1000,1024,1024,1056,5,26,0,519,0,121,0,1.0399,0.1994,0.0926,1.6297,0.3461,0.7203,1.593,1.512,32.647,49.18,49.18,49.12,1.5119,0.2861,0.0487,147.46,147.42,98.22,0.083,0.0393,0.027,98.6,99.72,80.21,0.0232,0.0203,0.0235,16000,1024,586.55,0.8587,0.1317,0.0071,0.0024
2026-08-26T18:19:34.802+02:00,1000,1024,1024,1056,5,26,2,521,0,121,0,1.0617,0.2019,0.0766,1.7654,0.3587,0.8727,1.592,1.505,55.485,49.16,49.15,49.03,1.4727,0.2794,0.0482,36.58,147.47,147.46,0.1022,0.043,0.0384,53.46,99.97,100.25,0.1009,0.0238,0.0257,16000,1024,523.4,0.8088,0.1637,0.02,0.0075
2026-08-26T18:20:04.828+02:00,1000,1024,1048,1081,5,26,24,545,4,125,0,1.1639,0.2192,0.1431,2.496,0.4535,0.8012,2.214,1.69,8.169,48.35,49.03,48.34,1.0847,0.1999,0.0945,24.94,40.44,6.23,0.3373,0.0719,0.0533,33.16,30.68,33.27,0.3008,0.0611,0.0442,16000,1024,598.45,0.8882,0.0962,0.01,0.0057
2026-08-26T18:20:34.802+02:00,1000,1024,1024,1056,5,26,5,550,0,125,0,1.0408,0.2212,0.1401,1.6607,0.3894,0.8048,1.551,1.492,4.997,49.23,49.24,49.23,1.211,0.2674,0.1585,53.22,53.22,11.81,0.2709,0.0492,0.037,44.43,35.14,7.01,0.2608,0.0407,0.0348,16000,1024,1241.33,0.9456,0.0484,0.0047,0.0013
2026-08-26T18:21:04.803+02:00,1000,1024,1024,1056,5,27,5,555,1,126,0,0.9871,0.2264,0.1394,1.6945,0.3834,0.8493,1.607,1.551,6.224,49.25,49.24,49.29,1.2778,0.2888,0.1539,43.27,26.45,54.4,0.1508,0.0337,0.0264,26.92,55.71,27.3,0.1163,0.0325,0.0254,16000,1024,465.51,0.7348,0.2253,0.0326,0.0073
2026-08-26T18:21:34.804+02:00,1000,1024,1024,1056,5,28,1,556,0,126,0,0.9252,0.2284,0.1633,1.5173,0.4001,0.804,1.567,1.51,6.665,49.23,49.21,49.17,1.3128,0.3135,0.1744,54.87,147.65,62.54,0.0813,0.0312,0.051,147.61,54.62,312.47,0.0765,0.0217,0.047,16000,1024,1896.09,0.9472,0.0484,0.0037,0.0006
2026-08-26T18:22:04.805+02:00,1000,1024,1024,1056,5,29,10,566,0,126,0,0.6474,0.219,0.1328,1.1281,0.3867,0.792,1.676,1.582,6.416,49.34,49.33,49.36,0.884,0.2976,0.1523,44.59,148.16,99.07,0.0924,0.0327,0.034,148.05,100.13,40.8,0.0735,0.0224,0.0191,16000,1024,1488.53,0.867,0.1218,0.0091,0.0021
2026-08-26T18:23:04.806+02:00,1000,1024,1024,1056,6,31,1,589,0,126,0,2.1145,0.2277,0.1373,3.0818,0.4123,0.4729,1.483,1.635,1.787,49.31,49.31,49.31,3.0986,0.3301,0.1818,147.98,148.08,148.06,0.0712,0.0435,0.0309,39.31,100.24,99.64,0.0239,0.0207,0.0267,16000,1024,652.01,0.9381,0.0474,0.0108,0.0036
2026-08-26T18:24:04.807+02:00,1000,1024,1024,1056,7,32,0,600,0,128,0,2.3281,0.2138,0.1683,3.3636,0.3774,0.8666,1.485,1.646,4.823,49.22,49.22,49.21,3.3846,0.3052,0.2044,147.61,147.58,147.67,0.0826,0.0501,0.0421,196.8,100.15,125.1,0.0177,0.0225,0.0283,16000,1024,623.73,0.894,0.0996,0.0046,0.0019
2026-08-26T18:25:04.806+02:00,1000,1024,1024,1056,8,35,0,603,0,128,0,2.4404,0.2101,0.1605,3.5,0.3814,0.7404,1.481,1.608,2.674,49.19,49.19,49.2,3.5221,0.2995,0.2208,147.51,147.69,147.35,0.0828,0.0487,0.0384,196.76,100.14,98.52,0.017,0.0217,0.0269,16000,1024,696.91,0.8977,0.0927,0.0068,0.0027
2026-08-26T18:26:34.831+02:00,1000,1024,1024,1056,10,38,0,614,0,128,0,2.4275,0.2079,0.152,3.4861,0.3557,0.2929,1.485,1.612,1.503,49.03,49.04,49.03,3.4442,0.293,0.2076,147.08,146.99,147.13,0.0883,0.0572,0.0346,54.2,99.77,97.97,0.0582,0.0219,0.02,16000,1024,607.51,0.9124,0.0782,0.0076,0.0019
2026-08-26T18:27:34.832+02:00,1000,1024,1024,1056,11,40,0,617,0,128,0,2.4459,0.2059,0.155,3.4792,0.3707,0.2996,1.485,1.628,1.506,49.13,49.14,49.16,3.5122,0.2908,0.2176,147.4,147.34,147.38,0.0914,0.0497,0.0355,196.67,99.99,98.62,0.0193,0.0214,0.0181,16000,1024,573.42,0.8482,0.1409,0.0084,0.0025
2026-08-26T18:28:34.833+02:00,1000,1024,1024,1056,12,41,5,627,0,128,0,2.45,0.208,0.1521,3.4999,0.3603,0.277,1.494,1.629,1.485,49.15,49.15,49.15,3.1862,0.2678,0.1951,43.06,147.44,147.39,0.3261,0.0471,0.0314,37.04,43.1,98.8,0.2821,0.0262,0.0247,16000,1024,787.5,0.9001,0.0935,0.0054,0.0011
2026-08-26T18:29:34.834+02:00,1000,1024,1024,1056,13,41,21,655,2,130,0,2.0534,0.2245,0.1526,3.8575,0.3927,0.9714,1.519,1.603,9.295,33.62,33.46,33.5,1.1686,0.128,0.0718,48.88,48.87,49.62,0.9782,0.1206,0.063,25.21,25.07,25.28,0.9253,0.0855,0.047,16000,1024,628.96,0.8612,0.1231,0.0122,0.0035
2026-08-26T18:30:34.836+02:00,1000,1024,1024,1056,14,41,1,662,1,131,0,2.3946,0.2155,0.1567,3.4536,0.3773,0.6037,1.483,1.614,1.789,49.19,49.18,49.19,3.4708,0.3079,0.2109,147.49,147.59,147.54,0.084,0.0419,0.035,196.65,100.0,97.86,0.0153,0.0253,0.0221,16000,1024,634.82,0.7532,0.2326,0.0107,0.0035
2026-08-26T18:34:34.864+02:00,1000,1024,1024,1057,21,44,0,676,0,131,0,2.5589,0.2095,0.1797,3.6439,0.3763,0.8591,1.479,1.647,3.746,49.13,49.12,49.16,3.6756,0.2957,0.2382,147.32,147.3,147.39,0.0891,0.0433,0.0337,53.7,100.09,98.3,0.0246,0.0272,0.022,16000,1024,808.05,0.9286,0.0634,0.0057,0.0023
2026-08-26T18:35:04.870+02:00,1000,1024,1024,1056,21,44,0,676,0,131,0,2.5958,0.2105,0.1752,3.7197,0.3649,0.7359,1.482,1.65,2.263,49.15,49.16,49.12,3.7362,0.2974,0.2359,147.4,147.55,147.45,0.0883,0.0499,0.029,196.64,100.14,120.0,0.0214,0.0233,0.0204,16000,1024,696.47,0.8717,0.1165,0.0095,0.0023
2026-08-26T18:35:34.864+02:00,1000,1024,1024,1056,21,44,2,678,0,131,0,2.566,0.2116,0.1833,3.7131,0.372,0.9002,1.489,1.662,3.427,49.15,49.13,49.16,3.6635,0.2991,0.223,147.36,147.28,97.79,0.0831,0.0471,0.0438,29.32,100.07,41.12,0.0631,0.021,0.0307,16000,1024,618.86,0.8348,0.1525,0.0101,0.0025
2026-08-26T18:36:34.863+02:00,1000,1024,1024,1056,22,45,0,679,0,131,0,2.5885,0.2097,0.1875,3.6971,0.3826,0.8294,1.483,1.633,3.733,49.0,48.99,49.0,3.6495,0.2903,0.225,53.25,147.04,98.51,0.0878,0.0472,0.0381,146.98,99.97,88.3,0.0958,0.023,0.0285,16000,1024,722.6,0.8721,0.1161,0.0099,0.0019
2026-08-26T18:37:04.864+02:00,1000,1024,1024,1056,22,46,0,679,0,131,0,2.5984,0.209,0.1671,3.7269,0.3849,0.3078,1.48,1.658,1.469,49.01,49.01,49.0,3.6728,0.2922,0.23,53.22,147.08,146.89,0.0878,0.0422,0.0375,146.99,99.47,99.74,0.1008,0.0212,0.0195,16000,1024,562.53,0.8499,0.1299,0.0159,0.0043
2026-08-26T18:41:34.867+02:00,1000,1024,1024,1056,30,50,0,744,0,160,0,2.6512,0.2101,0.1796,3.7857,0.3723,0.7854,1.483,1.661,2.147,49.11,49.12,49.12,3.8115,0.2952,0.2443,147.32,147.43,147.39,0.0909,0.0487,0.0368,196.3,99.87,98.59,0.0178,0.0225,0.0233,16000,1024,714.0,0.916,0.077,0.0053,0.0016
2026-08-26T18:42:04.868+02:00,1000,1024,1024,1056,30,50,0,744,0,160,0,2.6405,0.207,0.2048,3.7668,0.3926,0.8348,1.485,1.66,3.909,49.1,49.11,49.07,3.7952,0.2945,0.2406,147.21,147.25,97.91,0.0895,0.045,0.0455,53.68,99.84,249.88,0.0269,0.0222,0.0421,16000,1024,638.28,0.8999,0.0915,0.0057,0.0028
2026-08-26T18:42:34.869+02:00,1000,1024,1024,1056,30,51,0,744,0,160,0,2.6541,0.2035,0.2768,3.7909,0.3559,0.9571,1.481,1.685,4.339,49.12,49.14,49.03,3.8065,0.2864,0.2513,147.26,147.16,147.19,0.085,0.0401,0.1007,196.46,99.74,299.89,0.018,0.0218,0.0853,16000,1024,624.22,0.8667,0.1223,0.0088,0.0021
2026-08-26T18:43:04.870+02:00,1000,1024,1024,1056,30,51,0,744,0,160,0,2.6792,0.2104,0.1829,3.8506,0.3749,0.8084,1.485,1.661,2.133,49.12,49.11,49.13,3.8635,0.2969,0.251,147.31,147.19,147.26,0.0861,0.0498,0.0421,196.49,99.97,98.02,0.0175,0.0257,0.0233,16000,1024,730.34,0.9056,0.089,0.0035,0.0019
2026-08-26T18:44:34.871+02:00,1000,1024,1024,1056,32,53,0,755,0,165,0,2.6963,0.2113,0.1946,3.8318,0.393,0.8624,1.481,1.7,3.372,49.08,49.08,49.12,3.8489,0.2942,0.2433,147.19,147.24,312.57,0.0839,0.0431,0.0361,53.22,100.02,250.07,0.0718,0.0228,0.0359,16000,1024,712.11,0.8174,0.1691,0.0097,0.0038
2026-08-26T18:45:34.872+02:00,1000,1024,1024,1056,33,54,0,769,0,168,0,2.7209,0.2114,0.2145,3.9045,0.3972,0.8846,1.477,1.696,4.036,49.13,49.13,49.11,3.9062,0.297,0.2581,147.34,147.48,250.19,0.0886,0.0485,0.0481,196.19,100.03,147.5,0.021,0.0248,0.0416,16000,1024,796.47,0.9221,0.0725,0.0044,0.001
2026-08-26T18:49:05.153+02:00,1000,1024,1024,1056,39,58,2,799,0,184,0,2.7458,0.2154,0.1907,3.9673,0.3861,0.7199,1.494,1.655,1.696,49.12,49.12,49.13,3.9233,0.3003,0.2632,147.28,147.5,147.34,0.0897,0.0418,0.032,41.13,99.81,98.18,0.052,0.0244,0.0198,16000,1024,659.33,0.8893,0.1036,0.0055,0.0016
2026-08-26T18:49:35.144+02:00,1000,1024,1024,1056,39,58,0,799,0,184,0,2.7651,0.2135,0.1882,3.9175,0.404,0.3064,1.477,1.667,1.438,49.03,49.02,49.03,3.9168,0.2964,0.2603,147.08,147.16,146.9,0.089,0.0453,0.0372,54.2,99.92,98.46,0.0654,0.0266,0.0285,16000,1024,626.86,0.8563,0.1335,0.0082,0.002
2026-08-26T18:50:35.149+02:00,1000,1024,1024,1056,40,58,0,800,0,184,0,2.7607,0.2148,0.1879,3.9321,0.3965,0.3314,1.483,1.692,1.462,49.12,49.12,49.11,3.9792,0.3059,0.2645,147.3,147.36,147.3,0.0832,0.0426,0.0337,196.48,99.94,98.13,0.0182,0.0295,0.0234,16000,1024,948.02,0.9215,0.0737,0.0039,0.0009
2026-08-26T18:51:35.145+02:00,1000,1024,1024,1056,41,60,0,803,0,185,0,2.7662,0.2129,0.1861,3.9714,0.3916,0.3142,1.484,1.691,1.452,49.04,49.05,49.05,3.9391,0.2996,0.2572,147.03,146.94,147.08,0.0833,0.0433,0.0338,54.2,99.84,97.99,0.0477,0.0236,0.0261,16000,1024,706.97,0.8594,0.133,0.0057,0.0019
2026-08-26T18:53:35.147+02:00,1000,1024,1024,1056,44,62,0,806,0,185,0,2.7943,0.2168,0.1936,3.9703,0.3871,0.351,1.477,1.673,1.453,49.14,49.15,49.14,4.0276,0.3109,0.2752,147.34,147.25,147.43,0.0878,0.0438,0.0356,196.53,100.05,98.15,0.0189,0.0279,0.023,16000,1024,735.5,0.8832,0.1084,0.0066,0.0018
2026-08-26T18:54:05.158+02:00,1000,1024,1034,1067,44,63,39,845,19,204,0,0.0282,0.0232,0.1154,0.1034,0.0762,0.7567,3.409,2.967,29.636,6.02,36.73,437.44,0.0104,0.0076,0.0349,32.87,31.08,102.37,0.0101,0.0061,0.032,15.04,103.56,491.15,0.0089,0.006,0.0313,16000,1024,479.94,0.9807,0.0161,0.0026,0.0006
2026-08-26T18:55:05.147+02:00,1000,1024,1024,1056,45,65,5,859,2,207,0,0.0246,0.0219,0.0328,0.0787,0.0711,0.1064,3.057,2.837,2.906,35.17,62.12,130.06,0.0076,0.007,0.0111,130.41,156.37,46.61,0.008,0.0068,0.0093,198.31,41.65,212.86,0.0069,0.0064,0.0086,16000,1024,333.45,0.9182,0.0743,0.0062,0.0013
2026-08-26T18:56:05.148+02:00,1000,1024,1024,1056,46,65,3,883,0,227,0,0.0243,0.0217,0.0577,0.0818,0.072,0.7417,2.898,2.982,80.666,180.39,5.35,25.43,0.0082,0.0062,0.0134,77.14,135.69,12.9,0.0076,0.0056,0.0117,48.17,41.11,168.12,0.0071,0.0054,0.011,16000,1024,264.57,0.902,0.0828,0.0126,0.0026
2026-08-26T18:56:35.148+02:00,1000,1024,1024,1056,46,65,1,884,0,227,0,0.0242,0.0205,0.0632,0.0785,0.0646,0.8226,2.884,2.994,99.101,102.5,181.5,81.23,0.0085,0.0071,0.0171,93.63,138.75,101.38,0.0077,0.0067,0.0155,25.47,6.37,269.49,0.0065,0.0069,0.0146,16000,1024,343.74,0.9537,0.0377,0.0075,0.0011
2026-08-26T18:57:05.149+02:00,1000,1024,1024,1056,46,65,0,884,0,227,0,0.024,0.0219,0.0808,0.0727,0.0723,0.8471,2.77,3.129,64.617,27.62,101.29,76.25,0.0076,0.0066,0.026,91.1,169.38,62.54,0.0072,0.0075,0.0231,5.89,9.34,142.87,0.0064,0.0071,0.0231,16000,1024,828.99,0.9526,0.0379,0.0077,0.0018
2026-08-26T18:57:35.150+02:00,1000,1024,1024,1056,46,65,19,903,0,227,0,0.0256,0.0232,0.092,0.0843,0.0967,0.7701,3.059,3.738,45.615,13.87,50.67,169.28,0.0096,0.0084,0.0324,33.39,103.43,463.93,0.0093,0.0069,0.0295,82.86,59.47,125.08,0.008,0.0067,0.0292,16000,1024,468.61,0.9343,0.0557,0.0088,0.0011
2026-08-26T18:58:05.151+02:00,1000,1024,1024,1056,46,65,1,904,0,227,0,0.021,0.0209,0.0501,0.0828,0.0853,0.7699,3.231,3.285,105.806,98.29,109.28,140.79,0.0072,0.0069,0.0158,85.78,26.6,38.9,0.0067,0.0064,0.0127,33.13,65.45,108.18,0.0063,0.006,0.012,16000,1024,383.29,0.9039,0.0839,0.0103,0.0019
2026-08-26T18:58:35.150+02:00,1000,1024,1024,1056,46,65,2,906,0,227,0,0.0231,0.0216,0.0532,0.0746,0.0876,0.6207,2.75,3.268,71.008,184.9,131.97,110.22,0.0067,0.008,0.0176,63.7,205.64,73.92,0.0065,0.0069,0.0176,32.26,32.25,95.89,0.0059,0.0066,0.0171,16000,1024,446.72,0.9798,0.0135,0.006,0.0008
2026-08-26T18:59:05.151+02:00,1000,1024,1024,1056,46,65,31,937,17,244,0,0.0236,0.0223,0.1024,0.0693,0.0984,0.7512,2.855,3.522,36.681,175.68,6.95,288.94,0.0071,0.0068,0.0316,125.77,92.78,216.88,0.0072,0.0065,0.0305,155.3,37.54,335.32,0.0065,0.0073,0.0363,16000,1024,344.9,0.9201,0.0621,0.0154,0.0024
2026-08-26T18:59:35.156+02:00,1000,1024,1024,1056,46,65,3,940,0,244,0,0.0236,0.0211,0.0732,0.0813,0.0746,0.7576,3.302,2.941,61.388,148.62,2.32,343.96,0.0086,0.0077,0.0202,108.0,15.19,263.8,0.0074,0.0075,0.0193,130.84,51.14,223.53,0.0067,0.0055,0.0191,16000,1024,451.22,0.9743,0.0211,0.0038,0.0007
2026-08-26T19:00:35.155+02:00,1000,1024,1024,1056,47,66,39,980,27,271,0,0.0245,0.024,0.103,0.094,0.0955,1.0683,3.364,3.583,49.485,176.55,44.09,5.8,0.0074,0.0072,0.0304,142.83,67.5,28.11,0.0073,0.007,0.0298,41.89,108.67,68.48,0.0069,0.0066,0.0292,16000,1024,396.06,0.9794,0.0147,0.005,0.0009
2026-08-26T19:01:05.152+02:00,1000,1024,1024,1056,47,67,34,1014,11,282,0,0.0264,0.0233,0.0893,0.0835,0.0819,0.7397,2.748,3.279,43.956,46.0,39.21,41.42,0.0101,0.0079,0.0273,99.14,74.22,106.14,0.0098,0.0067,0.0242,143.54,100.36,58.83,0.0079,0.0062,0.0219,16000,1024,599.47,0.9744,0.0226,0.0025,0.0005
2026-08-26T19:01:35.152+02:00,1000,1024,1024,1056,47,67,22,1036,1,283,0,0.0253,0.0223,0.0968,0.0953,0.0815,0.8439,3.063,3.297,42.485,147.94,58.49,435.59,0.0089,0.0085,0.0344,62.6,118.36,141.97,0.0073,0.0073,0.0358,33.53,23.44,96.07,0.0075,0.0072,0.0343,16000,1024,741.76,0.9886,0.0096,0.0015,0.0003
2026-08-26T19:02:05.158+02:00,1000,1024,1028,1061,47,68,34,1070,15,298,0,0.0278,0.0232,0.1124,0.0989,0.0805,0.7549,3.31,3.248,27.814,55.4,32.52,241.04,0.0082,0.0082,0.0343,62.94,47.74,34.97,0.0082,0.0061,0.0345,45.53,146.53,191.81,0.0075,0.0055,0.0349,16000,1024,346.4,0.9078,0.0755,0.0147,0.002
2026-08-26T19:02:35.156+02:00,1000,1024,1024,1056,47,68,6,1076,0,298,0,0.0221,0.0212,0.1131,0.0771,0.1067,1.0545,2.903,3.862,44.662,60.42,108.66,150.29,0.0071,0.0073,0.0437,16.69,69.43,249.95,0.0063,0.0067,0.0432,31.49,321.35,265.86,0.0063,0.0061,0.043,16000,1024,503.05,0.9107,0.076,0.0109,0.0025
2026-08-26T19:03:05.158+02:00,1000,1024,1024,1056,47,70,22,1098,2,300,0,0.0256,0.0233,0.0917,0.1064,0.0891,0.7426,3.581,3.162,37.896,48.38,156.99,165.07,0.0094,0.0071,0.0214,31.42,9.09,144.39,0.0085,0.0072,0.0189,14.89,53.65,169.82,0.0077,0.0062,0.0183,16000,1024,356.57,0.9782,0.0168,0.004,0.001
2026-08-26T19:03:35.155+02:00,1000,1024,1024,1056,47,70,2,1100,0,300,0,0.0226,0.0215,0.0336,0.0815,0.0802,0.1066,3.009,3.293,2.937,187.99,199.26,10.62,0.0078,0.0065,0.0093,140.55,64.56,175.62,0.0061,0.0062,0.0091,73.9,85.18,63.45,0.0062,0.006,0.0086,16000,1024,405.58,0.9343,0.0515,0.0123,0.0019
2026-08-26T19:04:05.155+02:00,1000,1024,1024,1056,47,70,1,1101,0,300,0,0.0242,0.0212,0.2663,0.0838,0.0856,1.1286,2.999,3.401,4.711,50.57,7.97,20.67,0.0082,0.0071,0.0899,172.86,17.73,56.41,0.0066,0.0069,0.0831,154.32,90.43,386.8,0.0064,0.0064,0.0805,16000,1024,286.87,0.9005,0.0774,0.0182,0.0038
2026-08-26T19:04:35.155+02:00,1000,1024,1024,1056,47,70,1,1102,0,300,0,0.0234,0.0203,0.0678,0.0778,0.0679,0.8383,3.271,3.126,78.794,161.74,50.45,127.16,0.0081,0.0071,0.0182,124.33,221.75,186.8,0.0074,0.0061,0.0175,179.53,183.7,161.18,0.0063,0.0061,0.0166,16000,1024,283.28,0.8162,0.1525,0.0283,0.0031
2026-08-26T19:05:05.154+02:00,1000,1024,1024,1056,47,71,6,1108,0,300,0,0.0258,0.0205,0.0786,0.0982,0.0865,0.7462,2.999,3.425,50.477,3.19,48.67,44.02,0.0106,0.0075,0.0337,24.16,17.5,166.04,0.009,0.0067,0.0319,32.38,168.69,367.24,0.0074,0.0063,0.0307,16000,1024,395.98,0.9739,0.0197,0.0053,0.0011
2026-08-26T19:05:35.156+02:00,1000,1024,1024,1056,47,73,5,1113,0,300,0,0.0238,0.0218,0.1035,0.0681,0.0939,1.0836,2.816,3.915,47.207,141.53,211.25,13.6,0.0076,0.0077,0.0385,27.08,85.68,469.86,0.0073,0.0069,0.0361,44.81,63.98,139.68,0.0069,0.0071,0.0342,16000,1024,428.24,0.9518,0.0418,0.0055,0.0009
2026-08-26T19:06:05.181+02:00,1000,1024,1049,1081,47,74,41,1154,28,328,0,0.0246,0.0216,0.1058,0.0784,0.077,0.7464,2.962,3.19,32.576,74.5,95.68,15.54,0.0073,0.0068,0.0339,99.34,35.33,249.75,0.007,0.0064,0.0354,5.9,69.13,9.68,0.0059,0.0057,0.03,16000,1024,720.62,0.9872,0.0104,0.0021,0.0004
2026-08-26T19:06:35.156+02:00,1000,1024,1024,1056,47,74,5,1159,0,328,0,0.0255,0.0234,0.1633,0.0737,0.0918,1.2021,2.747,3.773,25.079,33.79,33.92,499.51,0.009,0.0087,0.0942,75.54,64.13,21.23,0.0081,0.0071,0.0675,107.85,210.5,1.5,0.0077,0.0071,0.0672,16000,1024,478.91,0.9605,0.0317,0.007,0.0009
2026-08-26T19:07:05.173+02:00,1000,1024,1039,1072,47,74,36,1195,18,346,0,0.0249,0.0225,0.0761,0.0721,0.0818,0.7862,2.776,3.001,59.836,49.94,106.65,146.24,0.0087,0.0093,0.023,11.77,140.63,273.18,0.0076,0.0071,0.0223,75.95,24.65,9.78,0.0077,0.0066,0.0213,16000,1024,652.24,0.984,0.0106,0.0044,0.001
2026-08-26T19:07:35.158+02:00,1000,1024,1024,1056,47,74,0,1195,0,346,0,0.0226,0.0213,0.0464,0.0676,0.0814,0.7228,2.913,3.397,114.965,124.25,102.65,197.93,0.0079,0.01,0.0109,61.71,51.05,142.27,0.0076,0.0072,0.0095,67.95,89.84,78.89,0.0068,0.0064,0.0088,16000,1024,491.89,0.9866,0.0094,0.0032,0.0008
2026-08-26T19:08:05.158+02:00,1000,1024,1024,1056,47,75,3,1198,0,346,0,0.0246,0.0205,0.0424,0.0827,0.0793,0.5854,2.973,3.119,73.752,223.75,99.39,159.07,0.0074,0.0062,0.0137,56.02,194.59,237.59,0.0075,0.0057,0.0139,4.08,149.41,88.19,0.0069,0.0056,0.0134,16000,1024,335.92,0.9433,0.043,0.0114,0.0024
2026-08-26T19:08:35.159+02:00,1000,1024,1024,1056,47,75,6,1204,0,346,0,0.0231,0.0214,0.0555,0.0727,0.0821,0.6978,3.096,3.449,77.573,38.95,23.68,23.53,0.009,0.0062,0.0095,109.17,13.99,130.87,0.0075,0.0059,0.0095,5.61,35.57,180.56,0.0068,0.0056,0.0092,16000,1024,518.97,0.9409,0.0514,0.0064,0.0013
2026-08-26T19:09:05.159+02:00,1000,1024,1024,1056,47,75,2,1206,0,346,0,0.0237,0.0218,0.0698,0.0894,0.0804,0.7352,3.045,3.111,57.19,10.78,122.77,113.08,0.0089,0.0079,0.016,55.48,65.47,23.41,0.0069,0.0074,0.0156,2.73,3.53,32.49,0.0069,0.0075,0.0158,16000,1024,375.74,0.965,0.0278,0.0062,0.0011
2026-08-26T19:09:35.159+02:00,1000,1024,1024,1056,47,75,1,1207,0,346,0,0.0239,0.021,0.0452,0.0745,0.0759,0.6311,2.838,3.13,74.351,53.16,57.53,136.04,0.0084,0.0058,0.0117,36.13,7.87,102.7,0.007,0.0056,0.0102,147.24,147.15,3.0,0.0069,0.0059,0.0088,16000,1024,440.07,0.9664,0.0261,0.0065,0.001
2026-08-26T19:10:05.160+02:00,1000,1024,1024,1056,47,75,5,1212,0,346,0,0.0239,0.0209,0.0713,0.0863,0.0692,0.844,3.232,2.89,87.967,33.39,56.87,62.57,0.0077,0.0068,0.0275,98.33,10.68,150.4,0.0075,0.0064,0.027,54.13,216.91,2.91,0.0078,0.0063,0.0267,16000,1024,376.65,0.9711,0.0224,0.0054,0.0011
2026-08-26T19:10:35.160+02:00,1000,1024,1024,1056,47,75,4,1216,0,346,0,0.0255,0.0206,0.0951,0.1026,0.0629,0.872,3.621,2.705,56.266,2.06,7.04,80.01,0.0085,0.006,0.0176,129.72,13.98,6.56,0.0084,0.0058,0.0177,201.75,115.51,108.98,0.007,0.0056,0.0171,16000,1024,442.22,0.9686,0.0263,0.0042,0.0009
2026-08-26T19:11:05.163+02:00,1000,1024,1024,1056,47,75,40,1256,29,375,0,0.0222,0.0225,0.0902,0.0713,0.0818,0.7409,2.994,3.136,45.21,118.91,79.71,109.23,0.0071,0.008,0.0228,75.95,11.8,7.53,0.0065,0.0072,0.0249,6.96,45.83,496.28,0.0054,0.0059,0.0227,16000,1024,690.28,0.9849,0.0128,0.002,0.0004
2026-08-26T19:11:35.159+02:00,1000,1024,1024,1056,47,76,3,1259,0,375,0,0.0209,0.0215,0.0577,0.0707,0.0967,0.7331,2.843,3.692,97.149,141.96,19.53,159.2,0.0078,0.0077,0.0173,73.64,90.88,97.48,0.0078,0.0067,0.0163,125.68,166.06,81.02,0.0059,0.0063,0.0159,16000,1024,381.27,0.9249,0.064,0.0095,0.0017
2026-08-26T19:12:05.162+02:00,1000,1024,1024,1056,47,77,38,1297,16,391,0,0.0247,0.0236,0.0887,0.0838,0.095,0.728,3.098,4.18,47.101,33.02,100.44,97.61,0.0086,0.0066,0.0161,150.48,19.72,89.85,0.0079,0.0063,0.0154,21.94,12.91,43.03,0.0088,0.0063,0.0154,16000,1024,416.63,0.9772,0.0194,0.0029,0.0006
2026-08-26T19:12:35.162+02:00,1000,1024,1024,1056,47,77,11,1308,0,391,0,0.0227,0.0226,0.1226,0.0729,0.081,1.1551,3.278,3.222,39.773,27.03,109.96,29.28,0.0084,0.0067,0.0327,78.82,147.73,493.97,0.0067,0.0061,0.0304,128.9,141.85,463.41,0.0063,0.0062,0.03,16000,1024,509.19,0.9252,0.0655,0.0081,0.0012
2026-08-26T19:13:05.167+02:00,1000,1024,1028,1061,47,78,30,1338,16,407,0,0.0244,0.0236,0.1082,0.0775,0.1149,1.294,2.81,3.984,50.131,7.24,75.33,38.87,0.0076,0.008,0.0266,196.57,19.41,161.08,0.0067,0.0072,0.0245,57.97,3.62,318.29,0.0071,0.007,0.0222,16000,1024,335.45,0.9493,0.041,0.0085,0.0012
2026-08-26T19:13:35.162+02:00,1000,1024,1024,1056,47,78,10,1348,0,407,0,0.0241,0.0236,0.1215,0.0824,0.099,1.1895,3.328,3.689,45.81,90.61,76.92,17.49,0.0078,0.0074,0.0414,34.99,127.89,450.89,0.007,0.0069,0.0418,5.53,94.81,212.39,0.0062,0.0066,0.0438,16000,1024,430.83,0.9628,0.0293,0.0071,0.0008
2026-08-26T19:14:05.162+02:00,1000,1024,1024,1056,47,78,3,1351,0,407,0,0.0318,0.0239,0.2548,0.1131,0.0799,0.8151,3.607,3.148,6.222,3.36,3.18,3.48,0.0121,0.0082,0.1118,376.14,62.96,313.39,0.0103,0.0067,0.0814,309.66,376.28,342.85,0.0101,0.0066,0.0792,16000,1024,326.6,0.9409,0.0468,0.0103,0.0019
2026-08-26T19:14:35.166+02:00,1000,1024,1024,1056,47,78,6,1357,0,407,0,0.0229,0.0216,0.1557,0.0741,0.0918,1.144,2.929,3.593,30.626,64.4,147.53,475.93,0.0069,0.0077,0.0738,12.49,196.12,1.72,0.0068,0.0077,0.0687,209.52,23.02,460.88,0.0068,0.0073,0.0668,16000,1024,366.57,0.9682,0.0252,0.0053,0.0013
2026-08-26T19:15:05.162+02:00,1000,1024,1024,1056,47,78,43,1400,28,435,0,0.0246,0.0236,0.1036,0.1049,0.0835,0.7766,3.276,3.403,34.928,48.46,55.28,68.31,0.0099,0.0092,0.0419,18.6,201.95,352.25,0.0083,0.0071,0.0326,159.66,15.76,489.3,0.0082,0.0068,0.0309,16000,1024,628.63,0.9896,0.0075,0.0025,0.0004
2026-08-26T19:15:35.166+02:00,1000,1024,1024,1056,47,78,25,1425,18,453,0,0.023,0.0219,0.0693,0.0767,0.093,0.6965,2.815,3.673,59.31,111.57,50.64,24.73,0.0102,0.0071,0.0192,6.24,27.97,59.26,0.0085,0.007,0.0189,186.74,74.26,160.19,0.007,0.0058,0.0175,16000,1024,665.71,0.9838,0.0128,0.0031,0.0004
2026-08-26T19:16:05.164+02:00,1000,1024,1024,1056,47,78,22,1447,0,453,0,0.0257,0.0229,0.0932,0.0847,0.0868,0.7326,3.05,3.539,40.68,55.86,10.86,45.96,0.0096,0.0081,0.0169,38.81,4.07,18.9,0.0079,0.0079,0.0179,81.93,103.74,30.72,0.0066,0.0075,0.0185,16000,1024,471.3,0.98,0.0165,0.0029,0.0006
2026-08-26T19:16:35.163+02:00,1000,1024,1024,1056,47,78,23,1470,9,462,0,0.0237,0.0249,0.0686,0.0739,0.0819,0.6683,2.831,2.861,52.509,77.49,8.96,36.13,0.0074,0.0094,0.0205,128.01,102.73,47.25,0.0066,0.009,0.02,92.17,42.78,56.64,0.007,0.0076,0.0191,16000,1024,849.31,0.9721,0.0213,0.0055,0.0012
2026-08-26T19:17:05.164+02:00,1000,1024,1024,1056,47,78,1,1471,0,462,0,0.0232,0.0205,0.0577,0.0743,0.0753,0.721,2.97,3.14,89.314,158.31,85.59,43.32,0.0078,0.0066,0.0135,133.75,20.63,25.44,0.0072,0.0056,0.0114,32.21,212.13,122.93,0.0066,0.0055,0.0108,16000,1024,420.08,0.9645,0.0289,0.0054,0.0012
2026-08-26T19:17:35.165+02:00,1000,1024,1024,1056,47,78,36,1507,24,486,0,0.0258,0.023,0.0712,0.089,0.0838,0.7278,3.089,3.484,64.956,48.0,151.35,127.79,0.0075,0.0064,0.0185,71.95,63.2,19.61,0.0073,0.0063,0.0164,57.7,101.26,213.92,0.0069,0.0061,0.0151,16000,1024,372.44,0.9179,0.0624,0.0184,0.0014
2026-08-26T19:18:35.166+02:00,1000,1024,1024,1056,48,79,5,1516,0,486,0,0.0251,0.0218,0.0676,0.069,0.08,0.7349,2.71,3.044,71.525,156.87,93.79,85.98,0.0084,0.0061,0.022,75.14,81.61,238.35,0.0066,0.0061,0.0212,4.32,11.56,307.92,0.0075,0.0057,0.0204,16000,1024,505.42,0.9454,0.0432,0.0103,0.0011
2026-08-26T19:19:05.165+02:00,1000,1024,1024,1056,48,80,0,1516,0,486,0,0.023,0.0211,0.0316,0.0727,0.0752,0.1024,2.707,3.055,2.876,121.56,64.06,130.61,0.0071,0.0061,0.0108,40.04,27.79,70.03,0.006,0.0059,0.009,45.4,89.63,83.54,0.0068,0.0055,0.0076,16000,1024,598.41,0.9834,0.0122,0.0039,0.0004
2026-08-26T19:19:35.167+02:00,1000,1024,1024,1056,48,80,37,1553,15,501,0,0.0263,0.0253,0.1087,0.1137,0.0871,0.8135,3.561,3.269,30.575,65.06,43.62,265.44,0.0097,0.0089,0.0352,9.79,66.38,230.1,0.0081,0.0085,0.0364,46.19,14.6,254.93,0.0085,0.0075,0.0338,16000,1024,492.83,0.9368,0.044,0.0177,0.0015
2026-08-26T19:20:05.170+02:00,1000,1024,1024,1056,48,80,10,1563,0,501,0,0.0231,0.024,0.1375,0.0864,0.1022,1.0444,3.228,4.802,24.852,57.31,214.52,465.75,0.0072,0.0075,0.0445,110.73,76.2,10.94,0.0067,0.0072,0.0449,262.03,26.03,491.63,0.0065,0.0076,0.0496,16000,1024,660.95,0.9691,0.0255,0.0044,0.001
2026-08-26T19:20:35.168+02:00,1000,1024,1024,1056,48,80,18,1581,0,501,0,0.0245,0.0236,0.1139,0.1009,0.0951,0.9845,3.649,3.749,33.631,30.53,8.08,10.56,0.008,0.0088,0.0354,57.82,49.61,364.4,0.0065,0.0064,0.0338,62.48,27.95,50.25,0.006,0.0064,0.0348,16000,1024,291.18,0.919,0.061,0.018,0.0019
2026-08-26T19:21:05.168+02:00,1000,1024,1024,1056,48,81,18,1599,1,502,0,0.024,0.0213,0.1065,0.0998,0.0763,0.7641,3.241,3.12,30.296,37.62,177.17,277.07,0.0076,0.0092,0.0494,72.88,12.11,75.17,0.0072,0.0068,0.0406,103.9,29.14,199.29,0.0073,0.0062,0.0401,16000,1024,415.27,0.9529,0.0418,0.0043,0.001
2026-08-26T19:21:35.169+02:00,1000,1024,1024,1056,48,81,0,1599,0,502,0,0.024,0.02,0.0328,0.0761,0.0837,0.1167,2.887,3.256,3.206,171.94,44.98,121.81,0.0068,0.0072,0.011,79.11,86.27,66.67,0.0066,0.0055,0.0108,101.11,252.23,279.2,0.0073,0.0051,0.0095,16000,1024,323.86,0.9417,0.0443,0.0125,0.0015
2026-08-26T19:22:05.168+02:00,1000,1024,1024,1056,48,82,5,1604,1,503,0,0.024,0.0217,0.06,0.0702,0.0755,0.623,2.964,2.992,58.822,86.07,60.32,135.83,0.0076,0.0078,0.0185,42.99,163.82,125.24,0.0073,0.0068,0.0176,49.12,125.19,19.42,0.0075,0.0055,0.0156,16000,1024,397.67,0.9537,0.0396,0.0055,0.0012
2026-08-26T19:22:35.168+02:00,1000,1024,1024,1056,48,84,2,1606,0,503,0,0.0328,0.0227,0.2508,0.1235,0.0681,0.8223,3.796,2.782,6.309,6.34,5.76,7.36,0.0113,0.0083,0.0952,51.62,14.83,1.81,0.0095,0.0073,0.0856,340.43,175.05,346.88,0.0101,0.0075,0.0842,16000,1024,501.62,0.9852,0.0117,0.0027,0.0005
2026-08-26T19:23:05.168+02:00,1000,1024,1024,1056,48,84,36,1642,24,527,0,0.0267,0.024,0.1179,0.0869,0.0935,0.7717,2.993,3.518,25.307,77.99,152.53,5.17,0.009,0.0074,0.0417,114.69,5.97,60.69,0.0091,0.0066,0.0361,96.49,65.21,100.46,0.0077,0.0065,0.0351,16000,1024,360.5,0.9655,0.0253,0.0079,0.0014
2026-08-26T19:23:35.169+02:00,1000,1024,1024,1056,48,84,17,1659,0,527,0,0.0242,0.0254,0.1124,0.0874,0.102,0.7251,3.229,3.814,27.617,67.35,41.06,283.07,0.009,0.0098,0.0494,17.17,16.97,277.6,0.0082,0.0095,0.0417,48.7,3.66,439.51,0.0071,0.0092,0.041,16000,1024,320.83,0.8738,0.1052,0.0182,0.0028
2026-08-26T19:24:05.170+02:00,1000,1024,1024,1056,48,84,9,1668,0,527,0,0.0237,0.0213,0.0496,0.0818,0.0787,0.8251,3.185,3.103,148.934,65.25,46.72,90.8,0.0067,0.0073,0.0161,91.26,156.83,73.99,0.0065,0.006,0.0155,75.93,165.45,124.84,0.0059,0.0062,0.0152,16000,1024,413.34,0.9603,0.0327,0.006,0.001
2026-08-26T19:24:35.170+02:00,1000,1024,1024,1056,48,84,26,1694,18,545,0,0.0238,0.0226,0.0486,0.097,0.0838,0.7419,3.135,3.11,100.599,94.08,84.72,30.35,0.0079,0.0074,0.0158,52.92,7.81,22.64,0.0074,0.0071,0.0154,47.08,101.23,90.85,0.0061,0.0071,0.0146,16000,1024,350.3,0.9272,0.0623,0.009,0.0015
2026-08-26T19:25:35.173+02:00,1000,1024,1024,1056,49,85,7,1703,0,545,0,0.0218,0.0222,0.1416,0.0708,0.1057,1.1821,2.921,3.611,40.499,107.53,207.71,14.91,0.0068,0.0078,0.0622,87.46,144.56,489.25,0.0077,0.0069,0.0523,174.31,24.44,495.77,0.0069,0.0065,0.0586,16000,1024,442.36,0.9696,0.0234,0.006,0.001
2026-08-26T19:26:05.172+02:00,1000,1024,1024,1056,49,85,15,1718,1,546,0,0.0225,0.0219,0.0449,0.0826,0.0836,0.5902,3.282,3.452,61.037,22.32,84.63,46.75,0.0078,0.0094,0.0164,54.86,91.1,66.7,0.0071,0.0061,0.0156,33.19,3.87,38.52,0.0069,0.006,0.0135,16000,1024,427.77,0.9752,0.0203,0.004,0.0006
2026-08-26T19:26:35.171+02:00,1000,1024,1024,1056,49,85,14,1732,1,547,0,0.0237,0.0226,0.0745,0.1049,0.0784,0.732,3.482,3.128,56.08,114.2,34.9,46.18,0.0081,0.0081,0.0319,51.04,24.4,54.77,0.008,0.0074,0.0297,3.13,68.12,8.78,0.0077,0.0067,0.0275,16000,1024,344.35,0.948,0.0389,0.0119,0.0011
2026-08-26T19:27:05.173+02:00,1000,1024,1024,1056,49,85,2,1734,0,547,0,0.0238,0.0218,0.0482,0.084,0.0759,0.5877,2.935,3.004,71.627,69.99,50.77,122.01,0.0079,0.0068,0.0101,123.89,233.51,114.94,0.0068,0.0058,0.0101,38.75,28.7,17.19,0.0068,0.0064,0.0104,16000,1024,504.73,0.9793,0.0165,0.0037,0.0006
2026-08-26T19:27:35.173+02:00,1000,1024,1024,1056,49,85,15,1749,0,547,0,0.023,0.0218,0.0512,0.091,0.0837,0.6183,3.255,3.193,74.997,25.23,31.03,181.98,0.0072,0.0078,0.0139,45.54,22.73,196.2,0.0064,0.0077,0.0126,104.79,219.52,11.72,0.0059,0.0058,0.0116,16000,1024,487.51,0.9552,0.0338,0.0092,0.0018
2026-08-26T19:28:05.172+02:00,1000,1024,1024,1056,49,86,1,1750,0,547,0,0.0229,0.0203,0.0643,0.0862,0.0809,0.7312,3.447,3.323,74.602,47.21,16.71,122.27,0.0084,0.0057,0.0182,199.49,234.67,139.16,0.0059,0.0056,0.0193,37.26,202.95,56.75,0.0059,0.0052,0.016,16000,1024,589.99,0.959,0.0364,0.0039,0.0007
2026-08-26T19:28:35.174+02:00,1000,1024,1024,1056,49,86,21,1771,6,553,0,0.024,0.0241,0.1058,0.1002,0.1088,0.7151,3.397,4.269,29.54,43.56,27.93,357.42,0.0099,0.0098,0.031,121.7,59.16,187.58,0.0068,0.0089,0.0311,59.48,81.89,79.68,0.0063,0.0067,0.0358,16000,1024,456.1,0.9723,0.0216,0.0052,0.001
2026-08-26T19:29:05.175+02:00,1000,1024,1024,1056,49,86,1,1772,0,553,0,0.033,0.0242,0.2749,0.1223,0.074,0.7653,3.225,3.088,4.51,347.04,340.76,346.97,0.016,0.0107,0.1641,6.6,347.13,340.83,0.0149,0.0119,0.1506,341.07,303.64,6.5,0.0141,0.0084,0.1477,16000,1024,486.4,0.9847,0.0117,0.003,0.0006
2026-08-26T19:29:35.178+02:00,1000,1024,1024,1056,49,87,9,1781,0,553,0,0.0243,0.0222,0.1188,0.0739,0.0857,1.1728,2.859,3.418,45.43,1.8,58.16,494.1,0.0082,0.007,0.0562,12.32,163.02,11.61,0.0089,0.0059,0.0555,52.8,232.68,21.69,0.0068,0.006,0.0484,16000,1024,346.84,0.9053,0.0844,0.0087,0.0016
2026-08-26T19:30:05.174+02:00,1000,1024,1024,1056,49,87,0,1781,0,553,0,0.0234,0.0226,0.0924,0.0781,0.0768,0.7065,3.05,3.035,37.406,204.24,16.54,249.95,0.0071,0.0062,0.0354,123.45,189.72,375.0,0.0077,0.0058,0.0345,92.12,117.08,187.35,0.0069,0.0056,0.0339,16000,1024,346.67,0.9063,0.0823,0.0093,0.0022
2026-08-26T19:31:05.180+02:00,1000,1024,1024,1056,50,87,14,1808,0,553,0,0.0247,0.0242,0.0857,0.0757,0.1026,0.7777,2.576,3.544,44.358,55.39,71.21,2.12,0.007,0.0093,0.0311,39.51,61.41,11.36,0.0068,0.0075,0.0289,90.75,217.82,51.37,0.0063,0.0067,0.0269,16000,1024,366.26,0.9536,0.0372,0.0078,0.0014
2026-08-26T19:31:35.176+02:00,1000,1024,1024,1056,50,87,6,1814,0,553,0,0.024,0.0231,0.0571,0.0823,0.1099,0.6999,2.986,4.178,86.844,1.5,16.78,84.29,0.0081,0.0068,0.0118,59.93,11.29,20.94,0.0067,0.0068,0.0134,87.58,87.01,217.4,0.0063,0.0063,0.0114,16000,1024,415.6,0.9641,0.0232,0.0114,0.0013
2026-08-26T19:32:05.176+02:00,1000,1024,1024,1056,50,87,0,1814,0,553,0,0.0224,0.0215,0.0531,0.0771,0.0677,0.6982,3.1,3.259,90.845,154.41,74.41,23.25,0.0063,0.0087,0.0168,135.43,4.49,92.87,0.0058,0.0072,0.0152,26.76,104.53,118.72,0.0057,0.0056,0.0146,16000,1024,503.13,0.9688,0.0272,0.0034,0.0006
2026-08-26T19:32:35.176+02:00,1000,1024,1024,1056,50,87,6,1820,0,553,0,0.024,0.0222,0.1258,0.0795,0.0896,1.0292,3.145,3.96,36.804,98.58,68.36,472.4,0.0101,0.0084,0.0532,154.28,121.19,46.13,0.0086,0.0075,0.053,78.89,321.13,8.51,0.0068,0.0074,0.0517,16000,1024,331.1,0.9073,0.0684,0.021,0.0034
2026-08-26T19:33:05.176+02:00,1000,1024,1024,1056,50,87,12,1832,0,553,0,0.0229,0.0216,0.0998,0.0768,0.0778,1.0854,3.022,3.49,48.288,118.05,108.52,79.83,0.0067,0.0065,0.0323,46.6,94.83,71.37,0.0064,0.0065,0.0302,20.84,329.71,420.76,0.0066,0.0068,0.0301,16000,1024,575.41,0.9488,0.0451,0.005,0.0012
2026-08-26T19:33:35.176+02:00,1000,1024,1024,1056,50,87,8,1840,0,553,0,0.0233,0.0201,0.031,0.0957,0.0725,0.1024,3.553,2.793,3.01,6.92,64.04,35.18,0.0086,0.0079,0.01,119.36,87.14,66.65,0.0069,0.006,0.0086,40.85,8.56,198.18,0.0065,0.0054,0.0083,16000,1024,357.59,0.815,0.1588,0.0223,0.0039
2026-08-26T19:34:05.177+02:00,1000,1024,1024,1056,50,87,7,1847,1,554,0,0.0244,0.0218,0.0453,0.097,0.0787,0.6633,3.2,3.054,91.576,126.01,87.46,69.74,0.0079,0.0078,0.0162,44.43,66.66,113.64,0.0082,0.0064,0.0144,192.44,61.47,85.2,0.0073,0.0058,0.0121,16000,1024,276.77,0.9164,0.0727,0.0092,0.0018
2026-08-26T19:34:35.177+02:00,1000,1024,1024,1056,50,87,18,1865,0,554,0,0.0246,0.0228,0.0999,0.1012,0.0878,0.7083,3.346,3.37,29.355,38.71,112.4,498.15,0.0107,0.0077,0.0365,49.81,65.65,6.67,0.0095,0.0077,0.033,105.44,5.85,29.0,0.0076,0.0067,0.0334,16000,1024,603.09,0.9782,0.0186,0.0028,0.0004
2026-08-26T19:35:05.179+02:00,1000,1024,1024,1056,50,87,9,1874,0,554,0,0.023,0.0233,0.1445,0.0739,0.0936,1.1672,3.179,3.647,33.471,114.05,11.63,495.28,0.0079,0.0075,0.0727,10.5,84.83,478.68,0.0077,0.0074,0.07,52.1,92.29,26.51,0.0075,0.0077,0.0663,16000,1024,380.24,0.9761,0.0193,0.0038,0.0008
2026-08-26T19:35:35.179+02:00,1000,1024,1024,1056,50,87,17,1891,2,556,0,0.0234,0.0232,0.1042,0.0688,0.1022,0.7123,2.961,3.767,32.374,23.51,88.78,19.74,0.0084,0.0076,0.0329,15.8,105.47,74.9,0.0069,0.0064,0.0303,3.47,12.97,55.61,0.0077,0.0061,0.0291,16000,1024,260.98,0.8665,0.1073,0.0234,0.0028
2026-08-26T19:37:05.182+02:00,1000,1024,1024,1056,52,88,19,1924,1,565,0,1.866,0.2177,0.1213,3.1474,0.4008,0.9108,1.539,1.693,11.103,49.37,49.32,49.6,1.3329,0.1596,0.0543,16.93,44.26,16.84,0.615,0.0734,0.0438,32.76,14.61,148.6,0.4906,0.0584,0.0295,16000,1024,526.87,0.5706,0.4149,0.0101,0.0044
2026-08-26T19:37:35.181+02:00,1000,1024,1024,1056,52,89,5,1929,2,567,0,1.9267,0.2197,0.1613,2.8296,0.3959,1.0833,1.511,1.661,17.081,49.41,49.42,49.24,2.6734,0.2988,0.12,35.98,148.14,499.51,0.1332,0.0276,0.0671,40.91,33.28,7.73,0.1324,0.0173,0.0571,16000,1024,563.77,0.8649,0.1253,0.0073,0.0025
2026-08-26T19:38:05.181+02:00,1000,1024,1024,1056,52,89,5,1934,0,567,0,1.9333,0.2195,0.1152,2.872,0.385,0.8203,1.508,1.654,7.975,49.3,49.31,49.25,2.5321,0.2871,0.1208,39.16,148.29,25.47,0.2768,0.0326,0.027,55.01,39.43,61.34,0.2668,0.029,0.0264,16000,1024,518.18,0.7173,0.2671,0.0116,0.004
2026-08-26T19:39:05.197+02:00,1000,1024,1024,1057,53,91,0,1936,0,569,0,1.9678,0.2127,0.1183,2.8388,0.3939,0.7367,1.512,1.618,5.934,49.34,49.34,49.37,2.8916,0.3071,0.1504,147.98,148.15,148.05,0.0645,0.0364,0.0275,197.36,99.45,98.84,0.0176,0.0207,0.0225,16000,1024,550.6,0.8979,0.0956,0.0054,0.0012
2026-08-26T19:40:05.190+02:00,1000,1024,1024,1056,54,93,0,1948,0,574,0,2.0654,0.21,0.122,3.0004,0.3697,0.7151,1.506,1.616,3.53,49.3,49.29,49.28,3.0346,0.3051,0.166,147.9,147.94,98.71,0.0666,0.0408,0.0218,53.22,99.66,147.8,0.017,0.0213,0.022,16000,1024,822.4,0.9035,0.0886,0.006,0.0019
2026-08-26T19:40:35.190+02:00,1000,1024,1024,1056,54,94,0,1948,0,574,0,2.0462,0.2074,0.1129,2.9704,0.3485,0.2557,1.515,1.579,1.813,49.26,49.25,49.27,2.9911,0.2975,0.1541,147.71,147.79,147.66,0.0718,0.0342,0.0213,197.03,99.76,98.97,0.0167,0.0199,0.0161,16000,1024,590.5,0.7473,0.2384,0.0106,0.0036
2026-08-26T19:41:05.191+02:00,1000,1024,1024,1056,54,94,1,1949,0,574,0,2.0935,0.2023,0.2335,3.0956,0.3501,0.926,1.505,1.636,6.524,49.27,49.26,49.16,3.0358,0.2848,0.1588,43.89,147.82,314.61,0.1048,0.0341,0.0824,55.51,40.3,350.81,0.0988,0.0176,0.0839,16000,1024,637.21,0.8604,0.1311,0.0062,0.0023
2026-08-26T19:41:35.191+02:00,1000,1024,1024,1056,54,94,0,1949,0,574,0,2.1273,0.2021,0.1334,3.0802,0.3553,0.7911,1.506,1.62,6.236,49.19,49.19,49.19,3.075,0.2891,0.1629,147.53,147.36,147.64,0.0669,0.0365,0.0293,53.22,99.43,98.04,0.0535,0.0209,0.0215,16000,1024,457.46,0.8178,0.1555,0.0197,0.007
2026-08-26T19:42:05.191+02:00,1000,1024,1024,1056,54,94,0,1949,0,574,0,2.1995,0.2033,0.1288,3.1933,0.3729,0.2617,1.504,1.607,1.63,49.27,49.26,49.28,3.2149,0.2925,0.1816,147.83,147.97,147.8,0.0693,0.0357,0.0248,197.11,99.87,98.92,0.0172,0.0174,0.0185,16000,1024,551.45,0.8713,0.116,0.0102,0.0025
2026-08-26T19:42:35.190+02:00,1000,1024,1024,1056,54,94,1,1950,0,574,0,2.2012,0.2027,0.1289,3.1948,0.3597,0.2834,1.509,1.625,1.662,49.2,49.21,49.2,3.1117,0.2834,0.1749,54.67,147.6,98.98,0.0903,0.0377,0.0326,39.67,99.92,147.64,0.0901,0.0184,0.024,16000,1024,578.8,0.9023,0.0862,0.0091,0.0024
2026-08-26T19:43:05.192+02:00,1000,1024,1024,1056,54,94,5,1955,0,574,0,2.2241,0.2015,0.2623,3.2301,0.3679,0.9494,1.507,1.695,4.585,49.27,49.28,332.0,2.8234,0.2467,0.085,43.38,147.73,48.69,0.3098,0.0396,0.0827,55.29,43.33,416.59,0.2723,0.0334,0.0862,16000,1024,682.17,0.8896,0.1013,0.007,0.0021
2026-08-26T19:43:35.192+02:00,1000,1024,1024,1056,54,94,2,1957,0,574,0,2.2275,0.1959,0.2525,3.3637,0.3455,0.8772,1.511,1.682,5.391,49.25,49.24,49.31,3.1381,0.2719,0.1634,35.11,147.75,2.6,0.0982,0.0385,0.1118,40.85,100.26,342.98,0.0957,0.0199,0.0881,16000,1024,624.23,0.9536,0.0406,0.0044,0.0013
2026-08-26T19:44:35.192+02:00,1000,1024,1024,1056,55,94,5,1963,3,577,0,2.2403,0.1989,0.1321,3.3128,0.3561,0.2847,1.518,1.649,1.721,49.18,49.19,49.19,3.1266,0.2714,0.1765,27.21,147.52,147.48,0.1355,0.0411,0.0316,36.09,100.09,98.52,0.1352,0.0214,0.0199,16000,1024,580.06,0.9294,0.0604,0.0075,0.0027
2026-08-26T19:46:05.194+02:00,1000,1024,1024,1056,57,94,4,1973,2,583,0,2.2546,0.1978,0.1996,3.4896,0.3712,1.1015,1.527,1.634,9.055,49.1,49.09,49.21,3.1373,0.2715,0.1295,55.65,147.28,490.04,0.1113,0.0392,0.0906,41.17,99.33,6.23,0.1098,0.0184,0.0899,16000,1024,615.73,0.909,0.0841,0.0047,0.0021
2026-08-26T19:46:35.194+02:00,1000,1024,1024,1056,57,95,1,1974,0,583,0,2.303,0.2031,0.1348,3.3619,0.3947,0.2513,1.504,1.596,1.667,49.21,49.22,49.22,3.3399,0.2881,0.1886,147.52,147.71,147.6,0.0812,0.04,0.0331,53.22,99.54,98.52,0.017,0.0203,0.0253,16000,1024,558.33,0.8532,0.1342,0.0098,0.0028
2026-08-26T19:48:35.221+02:00,1000,1024,1024,1056,60,96,0,1982,0,586,0,2.376,0.2033,0.1604,3.4353,0.3712,0.8095,1.504,1.624,4.709,49.18,49.18,49.16,3.4361,0.2894,0.2056,147.51,147.6,99.12,0.0813,0.0462,0.0279,196.63,100.02,147.56,0.0153,0.0217,0.0255,16000,1024,528.71,0.8521,0.1315,0.0113,0.005
2026-08-26T19:49:35.227+02:00,1000,1024,1025,1058,61,97,18,2009,0,587,0,2.3762,0.2052,0.1828,3.6,0.3779,1.1197,1.547,1.675,7.445,49.2,49.16,49.27,2.5767,0.1907,0.1632,3.12,22.93,57.92,0.578,0.0654,0.0445,22.88,35.44,71.87,0.6101,0.0527,0.0443,16000,1024,590.18,0.9008,0.0874,0.0095,0.0023
2026-08-26T19:50:05.222+02:00,1000,1024,1024,1056,61,97,0,2009,0,587,0,2.4336,0.2081,0.1536,3.4805,0.377,0.824,1.497,1.619,3.036,49.17,49.17,49.16,3.513,0.2945,0.2087,147.43,147.64,147.4,0.0825,0.0457,0.0252,196.64,100.27,99.05,0.0178,0.0211,0.0225,16000,1024,536.23,0.8501,0.1373,0.0099,0.0027
2026-08-26T19:50:35.226+02:00,1000,1024,1024,1056,61,97,3,2012,1,588,0,2.3906,0.2064,0.1844,3.4821,0.3714,1.1199,1.507,1.657,7.529,49.17,49.16,49.23,3.3751,0.2792,0.1696,42.03,147.39,147.38,0.1603,0.0459,0.0417,54.6,100.1,54.38,0.1564,0.0267,0.0437,16000,1024,642.3,0.8864,0.1045,0.0075,0.0016
2026-08-26T19:51:05.222+02:00,1000,1024,1024,1056,61,97,0,2012,0,588,0,2.4208,0.2066,0.1471,3.4908,0.3606,0.3068,1.502,1.61,1.568,49.09,49.09,49.12,3.4621,0.2918,0.2027,147.15,147.25,147.34,0.0734,0.0412,0.0305,44.43,99.78,97.94,0.0585,0.0217,0.0193,16000,1024,595.44,0.8015,0.1838,0.0114,0.0033
2026-08-26T19:52:05.223+02:00,1000,1024,1024,1056,62,99,1,2014,0,588,0,2.4361,0.2095,0.1559,3.5188,0.3621,0.7642,1.499,1.607,2.441,49.07,49.05,49.11,3.4411,0.2943,0.2063,147.21,147.18,146.93,0.0798,0.043,0.029,54.62,100.03,99.0,0.0749,0.0245,0.0242,16000,1024,795.83,0.9312,0.063,0.0048,0.0009
2026-08-26T19:52:35.222+02:00,1000,1024,1024,1056,62,99,1,2015,0,588,0,2.4374,0.2086,0.1793,3.5737,0.3876,0.8614,1.505,1.626,5.127,49.16,49.16,49.12,3.4261,0.2868,0.2196,7.88,147.42,91.45,0.1199,0.0405,0.0385,2.96,100.18,375.07,0.116,0.0235,0.0317,16000,1024,506.75,0.7972,0.187,0.0125,0.0034
2026-08-26T19:53:35.224+02:00,1000,1024,1024,1056,63,102,0,2016,0,588,0,2.4706,0.2096,0.1694,3.5556,0.3674,0.8417,1.494,1.62,4.024,49.12,49.12,49.13,3.5511,0.2964,0.2007,147.26,147.4,147.26,0.0817,0.0426,0.0356,53.79,99.83,98.01,0.0443,0.0239,0.0334,16000,1024,636.35,0.8873,0.099,0.0114,0.0023
2026-08-26T19:56:05.229+02:00,1000,1024,1024,1056,67,104,0,2036,0,588,0,2.5366,0.2088,0.1745,3.6457,0.3703,0.8048,1.493,1.624,3.837,49.11,49.11,49.13,3.6386,0.2958,0.2015,147.31,147.35,147.37,0.0865,0.0454,0.0341,196.39,100.16,36.01,0.0148,0.024,0.0294,16000,1024,812.47,0.9165,0.078,0.0041,0.0013
2026-08-26T19:56:35.229+02:00,1000,1024,1024,1056,67,104,0,2036,0,588,0,2.5455,0.2062,0.1601,3.6261,0.3664,0.3224,1.492,1.616,1.53,49.12,49.12,49.13,3.6526,0.2933,0.2236,147.32,147.4,147.22,0.0848,0.0447,0.0353,196.27,100.09,98.71,0.023,0.0191,0.0222,16000,1024,556.4,0.8534,0.1226,0.0181,0.0059
2026-08-26T19:58:05.231+02:00,1000,1024,1024,1056,69,106,0,2038,0,588,0,2.5995,0.2122,0.1886,3.7138,0.3765,0.8181,1.495,1.643,3.655,49.13,49.13,49.11,3.7447,0.2978,0.2277,147.33,147.36,155.74,0.0868,0.0441,0.0314,196.41,100.2,180.33,0.0181,0.0281,0.0298,16000,1024,679.15,0.8957,0.0961,0.0065,0.0017
2026-08-26T20:00:35.232+02:00,1000,1024,1024,1056,73,107,2,2044,0,588,0,2.6168,0.2161,0.1795,3.8097,0.3835,0.8258,1.498,1.638,3.104,49.15,49.15,49.12,3.7634,0.3023,0.2382,147.39,147.47,147.4,0.0858,0.0456,0.04,53.22,100.05,98.39,0.0397,0.0241,0.016,16000,1024,612.85,0.8726,0.113,0.0103,0.0041
2026-08-26T20:01:05.233+02:00,1000,1024,1024,1056,73,108,0,2044,0,588,0,2.6561,0.2104,0.2087,3.8125,0.3732,0.8383,1.483,1.661,3.741,49.14,49.14,49.14,3.8151,0.3014,0.2376,147.36,147.52,437.45,0.0912,0.0417,0.049,196.61,100.01,320.39,0.0205,0.0192,0.0436,16000,1024,592.63,0.8393,0.1453,0.0123,0.0031
2026-08-26T20:01:35.232+02:00,1000,1024,1024,1056,73,109,0,2044,0,588,0,2.6566,0.2198,0.1744,3.7691,0.3886,0.3036,1.48,1.645,1.443,49.04,49.04,49.06,3.7473,0.3091,0.2398,53.22,147.07,147.07,0.0894,0.0399,0.0408,147.1,99.91,97.96,0.0929,0.0269,0.0247,16000,1024,749.54,0.8475,0.1445,0.0064,0.0017
2026-08-26T20:05:05.235+02:00,1000,1024,1024,1056,79,113,0,2058,0,588,0,2.6688,0.2223,0.1841,4.7379,0.3919,0.7389,1.488,1.63,2.326,49.14,49.13,49.13,3.8486,0.3159,0.2545,147.31,147.31,147.41,0.0772,0.047,0.0297,197.19,99.93,100.38,0.024,0.0214,0.0195,16000,1024,736.52,0.8773,0.1145,0.0067,0.0015
2026-08-26T20:05:35.240+02:00,1000,1024,1024,1056,79,114,0,2058,0,588,0,2.6783,0.2189,0.1862,3.8287,0.3951,0.9729,1.48,1.647,3.384,49.13,49.13,49.13,3.853,0.3115,0.2529,147.37,147.43,147.4,0.0863,0.0425,0.0286,196.47,100.13,22.15,0.0168,0.0262,0.0196,16000,1024,650.59,0.7015,0.2872,0.0089,0.0023
2026-08-26T20:06:05.241+02:00,1000,1024,1024,1056,79,114,1,2059,0,588,0,2.6879,0.2228,0.1782,3.874,0.3986,0.3313,1.482,1.657,1.48,49.12,49.12,49.13,3.8796,0.3173,0.2513,147.34,147.25,147.32,0.0797,0.0459,0.0373,54.7,100.01,98.11,0.0311,0.0254,0.0237,16000,1024,645.04,0.8905,0.0997,0.0078,0.0021
2026-08-26T20:06:35.237+02:00,1000,1024,1024,1056,79,114,0,2059,0,588,0,2.6907,0.2211,0.1981,3.8491,0.3867,0.8558,1.489,1.656,3.312,49.13,49.13,49.18,3.8842,0.3135,0.2657,147.37,147.44,14.69,0.0891,0.0476,0.0304,196.45,100.1,97.91,0.0181,0.0209,0.0288,16000,1024,641.42,0.9104,0.0773,0.0103,0.002
2026-08-26T20:08:35.248+02:00,1000,1024,1024,1056,82,116,2,2064,0,589,0,2.7261,0.2215,0.2174,3.9188,0.3931,1.1393,1.482,1.687,4.621,49.14,49.16,49.14,3.8942,0.3141,0.2726,147.42,147.54,147.36,0.1055,0.0447,0.044,28.67,100.16,6.42,0.0514,0.0247,0.0326,16000,1024,818.03,0.8473,0.1451,0.0061,0.0015
2026-08-26T20:10:05.249+02:00,1000,1024,1024,1056,84,116,0,2089,0,605,0,2.6916,0.2214,0.1779,3.8472,0.4212,0.3036,1.486,1.654,1.454,49.06,49.06,49.07,3.8505,0.3121,0.2491,147.13,147.02,147.16,0.0796,0.0412,0.035,53.22,99.87,97.88,0.0627,0.0302,0.0217,16000,1024,664.76,0.9079,0.0858,0.0047,0.0015
2026-08-26T20:10:35.250+02:00,1000,1024,1024,1056,84,116,0,2089,0,605,0,2.674,0.2185,0.1851,3.8264,0.3804,0.84,1.489,1.642,2.105,49.03,49.03,49.05,3.817,0.3064,0.2552,146.97,147.04,147.12,0.0871,0.0423,0.044,53.22,99.82,97.64,0.0641,0.023,0.0226,16000,1024,697.62,0.8977,0.096,0.0047,0.0016
2026-08-26T20:12:05.252+02:00,1000,1024,1024,1056,86,117,4,2095,1,607,0,2.7018,0.2186,0.2009,3.9573,0.3892,1.0149,1.496,1.651,3.735,49.09,49.11,49.09,3.5474,0.2863,0.2295,40.12,39.97,147.4,0.3408,0.0335,0.0489,53.74,53.59,26.75,0.3089,0.0275,0.045,16000,1024,858.33,0.8934,0.0998,0.0056,0.0012
2026-08-26T20:12:35.250+02:00,1000,1024,1024,1056,86,117,16,2111,0,607,0,0.0257,0.0228,0.1159,0.077,0.0858,1.2669,2.768,3.644,57.287,36.18,53.99,29.88,0.0067,0.0081,0.028,5.65,36.26,222.9,0.0069,0.0075,0.0264,42.29,19.84,460.15,0.0067,0.0076,0.0258,16000,1024,412.63,0.9643,0.0284,0.0062,0.0011
2026-08-26T20:13:05.252+02:00,1000,1024,1024,1056,86,117,0,2111,0,607,0,0.0219,0.022,0.0317,0.0765,0.0591,0.1025,2.889,2.653,2.867,203.81,134.69,43.58,0.0076,0.0073,0.0096,172.43,109.94,60.52,0.0074,0.0069,0.0088,117.88,71.25,16.82,0.0067,0.0061,0.0085,16000,1024,496.39,0.9864,0.0098,0.0033,0.0005
2026-08-26T20:13:35.252+02:00,1000,1024,1024,1056,86,117,0,2111,0,607,0,0.0232,0.021,0.0316,0.0724,0.0645,0.0947,2.963,2.774,2.856,44.46,81.51,146.56,0.0085,0.0073,0.0093,141.91,47.14,46.48,0.0077,0.0068,0.0098,120.06,8.67,129.48,0.0067,0.0061,0.0092,16000,1024,559.26,0.9535,0.0346,0.0104,0.0015
2026-08-26T20:14:05.253+02:00,1000,1024,1024,1056,86,117,10,2121,0,607,0,0.0234,0.0228,0.144,0.0829,0.0845,1.2143,3.212,3.41,33.394,34.37,59.51,497.24,0.0074,0.0066,0.0372,103.72,92.86,1.46,0.0066,0.0061,0.0384,56.24,29.73,27.34,0.0068,0.0063,0.0343,16000,1024,327.27,0.9445,0.0411,0.012,0.0024
2026-08-26T20:14:35.253+02:00,1000,1024,1024,1056,86,118,2,2123,0,607,0,0.0561,0.0352,0.5597,0.181,0.1119,1.645,2.665,2.729,2.562,113.66,34.01,305.66,0.0213,0.0109,0.1764,82.88,54.51,375.05,0.0172,0.0109,0.1587,234.21,254.2,255.24,0.0164,0.0103,0.158,16000,1024,415.55,0.8907,0.0907,0.016,0.0026
2026-08-26T20:15:05.254+02:00,1000,1024,1024,1056,86,118,10,2133,0,607,0,0.0239,0.0249,0.1468,0.1071,0.094,1.1005,3.873,3.667,30.789,3.29,115.48,488.2,0.0088,0.0091,0.0767,107.18,89.84,480.03,0.0074,0.008,0.0767,9.29,120.99,9.02,0.0087,0.0078,0.075,16000,1024,308.45,0.9226,0.0641,0.011,0.0023
2026-08-26T20:15:35.256+02:00,1000,1024,1024,1056,86,120,0,2133,0,607,0,0.0235,0.0195,0.0306,0.0677,0.0706,0.0906,2.867,3.126,2.855,147.18,18.39,111.33,0.0088,0.0058,0.0106,5.27,132.08,22.71,0.0072,0.0055,0.0098,13.0,103.37,1.97,0.007,0.0052,0.0091,16000,1024,481.39,0.9823,0.0127,0.0043,0.0007
2026-08-26T20:16:05.254+02:00,1000,1024,1024,1056,86,121,7,2140,0,607,0,0.0237,0.0226,0.1108,0.0929,0.0937,1.1433,3.554,3.407,54.035,57.52,9.09,122.01,0.0087,0.0061,0.0175,38.84,95.51,191.32,0.0081,0.0059,0.0168,44.11,196.76,296.83,0.008,0.006,0.0153,16000,1024,578.84,0.9823,0.0127,0.0043,0.0007
2026-08-26T20:16:35.254+02:00,1000,1024,1024,1056,86,121,4,2144,0,607,0,0.0523,0.0343,0.508,0.1613,0.1059,1.6725,2.729,2.651,2.669,347.61,7.22,240.14,0.017,0.0135,0.1753,240.49,122.72,347.29,0.0164,0.0111,0.1718,167.05,30.04,167.01,0.0154,0.0092,0.1575,16000,1024,371.59,0.9605,0.0322,0.0062,0.0011
2026-08-26T20:17:05.254+02:00,1000,1024,1024,1056,86,121,1,2145,0,607,0,0.0246,0.0206,0.0482,0.0826,0.0829,0.7467,2.884,3.502,109.143,43.28,88.14,23.37,0.0082,0.0074,0.0119,70.96,116.88,75.72,0.0082,0.0076,0.0101,105.65,154.43,116.15,0.0073,0.0061,0.0085,16000,1024,397.56,0.8612,0.1206,0.0167,0.0015
2026-08-26T20:17:35.256+02:00,1000,1024,1024,1056,86,121,7,2152,0,607,0,0.024,0.0223,0.1036,0.0774,0.0794,0.8657,2.738,3.245,35.577,57.44,74.43,363.46,0.0108,0.0088,0.0318,113.48,56.16,499.43,0.0068,0.0068,0.0353,88.19,127.2,175.94,0.0067,0.0067,0.0296,16000,1024,297.48,0.9352,0.0527,0.0098,0.0024
2026-08-26T20:18:05.254+02:00,1000,1024,1024,1056,86,121,8,2160,0,607,0,0.0239,0.0224,0.1164,0.0817,0.1009,1.1005,3.1,4.152,43.732,142.61,22.11,471.06,0.008,0.0075,0.0521,79.78,114.77,57.4,0.0078,0.0075,0.0448,109.38,129.76,81.27,0.0064,0.0067,0.042,16000,1024,302.92,0.9348,0.0527,0.0101,0.0025
2026-08-26T20:18:35.256+02:00,1000,1024,1024,1056,86,121,1,2161,0,607,0,0.0232,0.0218,0.0426,0.0805,0.0694,0.6059,3.15,2.871,80.722,36.03,52.2,304.76,0.0069,0.0077,0.0129,27.56,36.91,162.42,0.007,0.0062,0.0129,12.09,113.73,203.32,0.0072,0.0067,0.0126,16000,1024,335.18,0.9047,0.0735,0.0187,0.0031
2026-08-26T20:19:05.261+02:00,1000,1024,1024,1056,86,121,11,2172,0,607,0,0.0227,0.0222,0.135,0.0715,0.0858,1.0535,2.848,3.523,32.285,109.07,63.48,16.51,0.0074,0.0077,0.0586,22.32,105.31,488.34,0.0066,0.0075,0.0545,49.17,51.69,6.75,0.0068,0.0072,0.0541,16000,1024,399.35,0.9137,0.0475,0.038,0.0009
2026-08-26T20:19:35.257+02:00,1000,1024,1024,1056,86,121,6,2178,0,607,0,0.0245,0.02,0.0321,0.0851,0.0577,0.1224,3.137,2.957,3.163,136.95,33.09,124.08,0.0073,0.0062,0.0113,106.75,48.69,161.05,0.0067,0.0059,0.0097,156.9,74.94,2.84,0.0064,0.0059,0.009,16000,1024,383.44,0.944,0.044,0.0103,0.0017
2026-08-26T20:20:05.257+02:00,1000,1024,1024,1056,86,121,2,2180,0,607,0,0.0231,0.0231,0.0624,0.079,0.1061,0.8279,2.894,3.868,92.146,4.03,175.39,52.54,0.0068,0.008,0.0179,38.83,44.34,75.77,0.0069,0.0077,0.0156,143.36,136.49,14.4,0.0066,0.0066,0.0136,16000,1024,474.59,0.967,0.0291,0.0033,0.0006
2026-08-26T20:20:35.256+02:00,1000,1024,1024,1056,86,121,0,2180,0,607,0,0.0242,0.0203,0.054,0.0822,0.0693,0.7378,3.093,2.976,90.416,33.9,186.52,226.86,0.0074,0.0077,0.015,111.35,120.61,54.47,0.0068,0.0072,0.0142,8.91,35.42,254.33,0.0066,0.0065,0.014,16000,1024,460.22,0.9811,0.0111,0.0069,0.0009
2026-08-26T20:21:05.258+02:00,1000,1024,1024,1056,86,121,5,2185,0,607,0,0.0232,0.0248,0.1481,0.0843,0.1019,1.1027,2.782,3.861,24.996,99.61,10.75,499.51,0.0077,0.0089,0.081,63.02,15.63,34.13,0.0072,0.0079,0.0609,53.27,42.94,466.1,0.0064,0.0068,0.0608,16000,1024,384.48,0.8919,0.0886,0.0166,0.0029
2026-08-26T20:21:35.257+02:00,1000,1024,1024,1056,86,122,10,2195,0,607,0,0.0497,0.0336,0.4938,0.2022,0.1187,1.8305,3.759,3.124,3.386,2.99,7.58,385.13,0.0185,0.0125,0.1789,375.99,375.9,3.32,0.0174,0.0119,0.1571,312.45,2.84,7.62,0.0167,0.0117,0.1462,16000,1024,1853.48,0.9676,0.0245,0.0065,0.0014
2026-08-26T20:22:05.258+02:00,1000,1024,1024,1056,86,124,6,2201,0,607,0,0.0235,0.0214,0.0852,0.0831,0.0827,0.7719,2.904,3.195,48.269,84.3,73.67,495.33,0.0064,0.0074,0.0279,112.74,275.17,7.24,0.0065,0.0061,0.0283,57.18,171.01,339.15,0.0063,0.0059,0.0274,16000,1024,234.7,0.8679,0.1167,0.0129,0.0025
2026-08-26T20:22:35.262+02:00,1000,1024,1024,1056,86,124,3,2204,0,607,0,0.0244,0.0217,0.0913,0.0957,0.0973,0.8333,3.273,3.602,46.972,58.8,19.17,317.04,0.0071,0.0085,0.0288,45.76,91.4,396.78,0.0068,0.006,0.025,269.21,51.36,401.19,0.0062,0.0059,0.0231,16000,1024,315.34,0.9163,0.0651,0.0162,0.0025
2026-08-26T20:23:05.260+02:00,1000,1024,1024,1056,86,124,7,2211,0,607,0,0.0239,0.0224,0.1206,0.085,0.1097,1.2237,2.808,4.057,48.652,64.98,43.82,113.7,0.0106,0.0076,0.0454,17.14,57.47,96.78,0.0092,0.0066,0.0423,59.68,24.34,455.51,0.0069,0.0062,0.041,16000,1024,486.51,0.978,0.0156,0.0056,0.0008
2026-08-26T20:23:35.260+02:00,1000,1024,1024,1056,86,125,1,2212,0,607,0,0.0237,0.0221,0.0316,0.0832,0.0718,0.105,2.936,2.733,2.954,57.57,21.04,38.12,0.0089,0.0072,0.0124,8.8,110.58,108.12,0.0075,0.0066,0.0101,3.13,130.92,59.38,0.0073,0.0064,0.0088,16000,1024,399.66,0.9281,0.0608,0.0098,0.0014
2026-08-26T20:24:05.260+02:00,1000,1024,1024,1056,86,125,2,2214,0,607,0,0.0235,0.0216,0.0341,0.0919,0.0877,0.1087,3.294,3.09,2.991,90.64,23.7,20.18,0.0083,0.0071,0.0128,41.86,18.07,117.25,0.0079,0.0077,0.0103,137.45,206.45,123.78,0.0065,0.0064,0.0103,16000,1024,230.13,0.9333,0.0466,0.017,0.003
2026-08-26T20:24:35.286+02:00,1000,1024,1048,1080,86,125,3,2217,0,607,0,0.0231,0.0211,0.0441,0.0715,0.0622,0.6443,2.89,2.953,89.599,4.1,40.89,46.44,0.0069,0.0061,0.0109,126.83,143.3,133.86,0.0067,0.0057,0.0083,52.3,106.83,14.82,0.0069,0.0059,0.0084,16000,1024,457.84,0.9665,0.0275,0.0051,0.0009
2026-08-26T20:25:05.261+02:00,1000,1024,1024,1056,86,125,1,2218,0,607,0,0.0233,0.0205,0.0454,0.0757,0.0747,0.648,2.884,3.099,83.167,123.88,169.75,1.65,0.0079,0.0066,0.0167,30.95,294.27,28.9,0.0083,0.0064,0.0134,102.26,114.32,178.24,0.0066,0.0059,0.0135,16000,1024,348.65,0.9525,0.0366,0.0091,0.0018
2026-08-26T20:25:35.262+02:00,1000,1024,1024,1056,86,125,0,2218,0,607,0,0.0237,0.0212,0.0319,0.0734,0.0755,0.1048,2.797,3.16,3.023,44.73,16.14,61.1,0.0068,0.0093,0.0125,85.9,25.59,109.62,0.0062,0.0073,0.0106,4.3,149.29,271.42,0.0065,0.0067,0.0096,16000,1024,398.13,0.9665,0.0223,0.0101,0.001
2026-08-26T20:26:05.262+02:00,1000,1024,1024,1056,86,125,6,2224,0,607,0,0.0234,0.021,0.0425,0.0661,0.0741,0.6149,2.81,2.943,85.622,16.33,21.2,180.63,0.0086,0.0072,0.0138,91.93,234.53,109.54,0.0081,0.0064,0.0135,76.39,37.35,17.25,0.0069,0.0064,0.0136,16000,1024,576.32,0.9845,0.0111,0.0039,0.0005
2026-08-26T20:26:35.263+02:00,1000,1024,1024,1056,86,125,3,2227,0,607,0,0.0221,0.0205,0.0443,0.0801,0.0738,0.6653,3.419,3.333,99.905,176.78,31.36,136.45,0.0069,0.0078,0.011,36.39,95.79,142.32,0.0063,0.0075,0.0096,88.18,36.76,69.03,0.006,0.0075,0.009,16000,1024,511.15,0.9787,0.0154,0.0052,0.0008
2026-08-26T20:27:05.263+02:00,1000,1024,1024,1056,86,125,3,2230,0,607,0,0.0244,0.0221,0.0929,0.1061,0.0859,0.8833,3.704,3.318,51.321,43.53,81.88,33.39,0.0083,0.0068,0.0293,19.09,7.82,180.74,0.009,0.0066,0.0262,304.25,117.38,4.52,0.0068,0.0064,0.0287,16000,1024,474.14,0.9666,0.0272,0.0055,0.0007
2026-08-26T20:27:35.264+02:00,1000,1024,1024,1056,86,125,20,2250,0,607,0,0.0263,0.0233,0.1047,0.0997,0.0897,0.7278,3.249,3.465,33.009,32.02,28.99,460.83,0.0074,0.0088,0.0415,56.2,89.67,103.38,0.0075,0.007,0.0387,67.59,55.33,73.52,0.0072,0.0069,0.0387,16000,1024,403.23,0.9367,0.0538,0.0084,0.0011
2026-08-26T20:28:05.262+02:00,1000,1024,1024,1056,86,125,6,2256,1,608,0,0.0231,0.0219,0.042,0.083,0.0849,0.5838,3.221,3.272,71.973,34.1,25.65,88.49,0.0065,0.0078,0.0138,87.7,4.6,166.52,0.0067,0.0068,0.0132,92.84,119.04,153.79,0.0062,0.0065,0.0136,16000,1024,554.97,0.9851,0.0121,0.0023,0.0005
2026-08-26T20:28:35.264+02:00,1000,1024,1024,1056,86,125,4,2260,0,608,0,0.0535,0.0346,0.515,0.1869,0.1063,1.7113,3.319,2.834,2.915,12.01,69.38,11.82,0.0164,0.0106,0.1614,126.31,5.88,5.34,0.0161,0.0106,0.188,352.63,11.23,62.81,0.0142,0.0097,0.158,16000,1024,361.75,0.8569,0.1146,0.0256,0.0029
2026-08-26T20:29:05.264+02:00,1000,1024,1024,1056,86,125,2,2262,0,608,0,0.025,0.0224,0.0341,0.1055,0.0669,0.1231,3.238,2.724,3.122,10.98,52.76,9.04,0.0074,0.0074,0.0093,124.76,114.64,39.65,0.0072,0.0075,0.0095,20.43,9.53,163.05,0.0069,0.0068,0.0086,16000,1024,438.11,0.9365,0.0528,0.0096,0.0011
2026-08-26T20:29:35.265+02:00,1000,1024,1024,1056,86,125,3,2265,0,608,0,0.0228,0.0213,0.1253,0.0775,0.1175,1.1058,2.678,4.658,45.918,101.48,210.09,31.05,0.0075,0.0087,0.0549,26.27,305.5,494.45,0.0074,0.0084,0.0545,20.94,197.45,463.56,0.008,0.0072,0.053,16000,1024,618.1,0.9794,0.0139,0.0062,0.0005
2026-08-26T20:30:05.267+02:00,1000,1024,1024,1056,86,125,0,2265,0,608,0,0.0239,0.0206,0.0305,0.076,0.0687,0.1034,2.851,2.798,3.033,219.95,224.79,53.62,0.0068,0.0062,0.0105,174.95,160.63,13.83,0.0066,0.0065,0.0105,54.93,27.23,109.22,0.0066,0.0057,0.0087,16000,1024,510.66,0.9727,0.0217,0.005,0.0006
2026-08-26T20:30:35.266+02:00,1000,1024,1024,1056,86,125,0,2265,0,608,0,0.0234,0.021,0.0312,0.0801,0.0685,0.1042,2.773,3.026,2.93,42.08,109.41,40.06,0.0079,0.0071,0.0094,153.55,37.99,27.55,0.0073,0.0062,0.0095,170.77,191.39,123.26,0.007,0.0062,0.0093,16000,1024,323.11,0.9068,0.0713,0.0201,0.0018
2026-08-26T20:31:05.266+02:00,1000,1024,1024,1056,86,125,1,2266,0,608,0,0.0238,0.0208,0.0559,0.0791,0.0864,0.7297,2.987,3.609,84.668,87.25,15.29,139.72,0.0078,0.0072,0.0102,63.61,91.12,119.31,0.0072,0.0064,0.0088,205.31,114.15,218.33,0.0066,0.0059,0.009,16000,1024,376.44,0.9541,0.0334,0.0114,0.0011
2026-08-26T20:31:35.266+02:00,1000,1024,1024,1056,86,125,9,2275,0,608,0,0.0243,0.022,0.0815,0.0755,0.0918,0.833,2.791,3.338,59.973,3.38,112.48,5.6,0.007,0.009,0.0375,94.36,34.23,239.53,0.007,0.0074,0.0363,106.66,98.95,244.94,0.0065,0.0063,0.0331,16000,1024,335.75,0.959,0.03,0.0096,0.0014
2026-08-26T20:32:05.267+02:00,1000,1024,1024,1056,86,125,8,2283,2,610,0,0.0535,0.0327,0.5308,0.1956,0.1058,1.6505,3.147,3.017,2.945,398.45,124.92,125.17,0.0175,0.0111,0.1982,124.78,101.64,3.34,0.0169,0.0097,0.2252,167.34,497.26,402.08,0.0172,0.0099,0.1496,16000,1024,370.9,0.9233,0.0635,0.0112,0.0021
2026-08-26T20:32:35.267+02:00,1000,1024,1024,1056,86,125,3,2286,0,610,0,0.0226,0.0228,0.1415,0.0735,0.0854,1.1879,2.982,3.605,32.964,21.99,60.4,499.51,0.0078,0.0078,0.0709,142.71,240.36,1.72,0.0067,0.0063,0.0578,291.91,11.59,116.4,0.0066,0.006,0.0553,16000,1024,369.12,0.9722,0.0183,0.0084,0.0012
2026-08-26T20:33:05.274+02:00,1000,1024,1030,1063,86,125,19,2305,5,615,0,0.0226,0.023,0.092,0.0799,0.0959,0.9952,2.871,4.021,54.198,28.22,91.97,43.96,0.0071,0.0081,0.0184,94.22,48.43,50.02,0.0082,0.0065,0.0181,137.52,17.36,280.11,0.0058,0.0061,0.0171,16000,1024,343.17,0.9553,0.0358,0.0076,0.0013
2026-08-26T20:33:35.267+02:00,1000,1024,1024,1056,86,125,8,2313,0,615,0,0.0239,0.0235,0.1425,0.0667,0.1084,1.1983,2.606,4.721,38.787,85.77,77.82,499.09,0.0076,0.0069,0.0441,41.84,204.2,1.72,0.0074,0.0065,0.0446,13.34,69.31,485.39,0.0077,0.0063,0.0375,16000,1024,532.03,0.9709,0.0232,0.0052,0.0007
2026-08-26T20:34:05.268+02:00,1000,1024,1024,1056,86,125,9,2322,0,615,0,0.0235,0.023,0.159,0.0845,0.0828,1.178,3.074,3.497,25.262,169.66,88.82,1.84,0.0082,0.0084,0.0724,39.5,126.99,499.43,0.0081,0.0071,0.0717,91.99,97.9,20.09,0.0078,0.0072,0.0716,16000,1024,373.01,0.9603,0.0293,0.0088,0.0016
2026-08-26T20:34:35.269+02:00,1000,1024,1024,1056,86,125,3,2325,0,615,0,0.0242,0.026,0.188,0.0838,0.1067,1.1507,2.917,5.014,15.838,143.02,45.5,498.54,0.0083,0.0094,0.0962,81.34,11.43,2.36,0.0077,0.0081,0.0947,111.05,23.53,475.9,0.0065,0.0077,0.0765,16000,1024,309.94,0.9411,0.0473,0.0102,0.0014
2026-08-26T20:35:35.268+02:00,1000,1024,1024,1056,87,125,13,2346,0,616,0,0.0243,0.0237,0.0861,0.088,0.0912,0.7395,3.106,3.247,47.163,36.94,24.18,92.81,0.0092,0.0085,0.0378,62.37,76.34,424.68,0.0074,0.0084,0.0321,98.74,46.89,340.31,0.0072,0.0064,0.0323,16000,1024,335.71,0.8874,0.1001,0.0113,0.0012
2026-08-26T20:36:05.271+02:00,1000,1024,1024,1056,87,125,2,2348,0,616,0,0.0238,0.0202,0.0794,0.0839,0.0829,0.6629,2.874,3.348,45.03,135.41,88.88,249.46,0.0084,0.0065,0.0315,288.0,122.86,455.85,0.007,0.0055,0.0295,40.83,258.07,44.5,0.0068,0.0053,0.0285,16000,1024,575.68,0.9846,0.0129,0.0021,0.0004
2026-08-26T20:36:35.272+02:00,1000,1024,1024,1056,87,126,0,2348,0,616,0,0.0225,0.0195,0.0324,0.0697,0.0689,0.1101,2.805,3.036,3.041,55.76,52.61,130.87,0.0071,0.006,0.0085,192.65,10.51,64.79,0.0067,0.0054,0.0084,143.88,3.27,148.36,0.0067,0.0055,0.0081,16000,1024,466.51,0.9392,0.0515,0.008,0.0012
2026-08-26T20:37:05.271+02:00,1000,1024,1024,1056,87,126,14,2362,0,616,0,0.0242,0.0232,0.0933,0.0751,0.0775,0.7406,2.811,3.338,39.158,17.59,69.84,76.98,0.0072,0.0101,0.0191,86.67,40.93,30.24,0.0074,0.0065,0.0157,48.73,90.16,98.6,0.0072,0.0058,0.0148,16000,1024,292.0,0.9178,0.069,0.0114,0.0019
2026-08-26T20:37:35.272+02:00,1000,1024,1024,1056,87,126,2,2364,1,617,0,0.0237,0.0225,0.0336,0.0761,0.0655,0.0967,3.102,2.993,2.873,35.69,43.18,39.81,0.0093,0.0069,0.0115,191.24,26.24,77.42,0.0077,0.0065,0.0113,166.23,95.3,135.5,0.0062,0.0067,0.0112,16000,1024,460.98,0.973,0.018,0.0081,0.0009
2026-08-26T20:38:05.270+02:00,1000,1024,1024,1056,87,126,37,2401,28,645,0,0.0252,0.0226,0.081,0.0876,0.0716,0.833,3.279,2.956,55.25,131.61,3.08,31.9,0.0101,0.0086,0.0213,8.85,164.38,6.88,0.0083,0.0072,0.0187,30.19,114.27,202.2,0.0081,0.0063,0.0179,16000,1024,269.34,0.9475,0.0333,0.0171,0.0021
2026-08-26T20:38:35.270+02:00,1000,1024,1024,1056,87,126,12,2413,0,645,0,0.0263,0.0232,0.1153,0.0832,0.0941,0.8103,3.134,3.806,29.68,106.17,22.49,4.73,0.0081,0.0083,0.0506,65.49,29.92,495.29,0.0073,0.0084,0.0444,4.77,44.9,237.58,0.0071,0.0067,0.0438,16000,1024,384.39,0.9335,0.0515,0.0133,0.0017
2026-08-26T20:39:05.271+02:00,1000,1024,1024,1056,87,126,6,2419,0,645,0,0.0226,0.0207,0.0992,0.0643,0.0836,0.7962,2.69,3.498,34.404,57.74,24.37,284.25,0.0078,0.0069,0.0485,128.42,15.0,21.28,0.0066,0.0067,0.0458,135.92,111.92,216.03,0.0061,0.0065,0.0455,16000,1024,430.41,0.9687,0.0265,0.0042,0.0006
2026-08-26T20:39:35.271+02:00,1000,1024,1024,1056,87,126,0,2419,0,645,0,0.0237,0.0204,0.0319,0.0849,0.0696,0.1147,2.931,2.964,3.245,176.08,2.58,86.49,0.0083,0.0072,0.0136,79.76,102.92,7.62,0.008,0.0068,0.0108,191.83,68.16,48.8,0.0079,0.0054,0.0098,16000,1024,371.01,0.973,0.0164,0.0095,0.0011
2026-08-26T20:40:05.273+02:00,1000,1024,1024,1056,87,126,2,2421,0,645,0,0.0222,0.0209,0.0746,0.0768,0.097,0.7534,2.933,3.816,61.343,113.64,190.42,103.17,0.0063,0.0065,0.0215,84.74,68.88,82.92,0.0056,0.0062,0.017,22.19,44.54,205.01,0.0057,0.0061,0.0166,16000,1024,392.49,0.9614,0.0233,0.0134,0.0018
2026-08-26T20:40:35.273+02:00,1000,1024,1024,1056,87,126,7,2428,0,645,0,0.0548,0.0328,0.5197,0.1812,0.0958,1.7719,2.712,2.772,2.611,307.09,191.05,312.71,0.0201,0.0116,0.1734,73.07,306.92,190.49,0.0174,0.0102,0.1681,312.59,341.26,343.64,0.0166,0.0099,0.1504,16000,1024,557.84,0.9772,0.0185,0.0037,0.0006
2026-08-26T20:41:05.273+02:00,1000,1024,1024,1056,87,126,7,2435,0,645,0,0.0237,0.0239,0.1196,0.0853,0.0851,0.8789,2.873,3.443,27.799,55.72,98.14,243.06,0.0069,0.0085,0.0309,45.34,105.65,257.2,0.0068,0.0067,0.0321,231.47,158.22,195.66,0.0062,0.0066,0.0314,16000,1024,471.81,0.9672,0.0277,0.0043,0.0008
2026-08-26T20:41:35.274+02:00,1000,1024,1024,1056,87,126,5,2440,0,645,0,0.0219,0.023,0.0961,0.0667,0.121,1.069,2.696,4.44,55.841,4.95,1.67,87.88,0.0078,0.0085,0.0281,27.39,34.92,455.04,0.0068,0.0066,0.0261,118.02,10.42,29.36,0.0061,0.0057,0.0234,16000,1024,575.06,0.9766,0.0185,0.0044,0.0006
2026-08-26T20:42:05.283+02:00,1000,1024,1024,1056,87,126,0,2440,0,645,0,0.0234,0.0216,0.0497,0.0938,0.0848,0.747,2.992,3.479,102.489,174.67,36.55,67.05,0.0097,0.0084,0.0117,129.91,31.33,27.06,0.0058,0.0066,0.0102,99.07,4.02,114.02,0.006,0.0064,0.0095,16000,1024,362.89,0.9423,0.0489,0.0074,0.0014
2026-08-26T20:42:35.274+02:00,1000,1024,1024,1056,87,127,0,2440,0,645,0,0.0225,0.02,0.0561,0.0733,0.0994,0.7702,2.756,3.672,98.283,56.86,68.14,138.52,0.0065,0.0067,0.0179,243.74,101.16,155.7,0.0066,0.0058,0.0167,84.9,136.18,182.69,0.0063,0.0061,0.0136,16000,1024,400.37,0.9729,0.0175,0.0085,0.001
2026-08-26T20:43:05.276+02:00,1000,1024,1024,1056,87,127,11,2451,1,646,0,0.0246,0.0249,0.119,0.0812,0.1174,1.0985,3.004,4.194,42.626,78.21,106.51,492.12,0.0079,0.0094,0.0317,135.85,34.48,496.83,0.0066,0.0078,0.0318,90.92,1.63,10.9,0.0061,0.008,0.0307,16000,1024,636.61,0.9721,0.0201,0.0066,0.0012
2026-08-26T20:43:35.276+02:00,1000,1024,1024,1056,87,129,1,2452,0,646,0,0.0233,0.0211,0.0506,0.0863,0.0645,0.8319,3.107,2.94,141.911,149.33,107.41,234.68,0.0081,0.0072,0.0104,171.73,2.44,101.79,0.0076,0.007,0.0098,161.2,217.39,56.02,0.0069,0.0062,0.011,16000,1024,528.97,0.9738,0.0188,0.0064,0.001
2026-08-26T20:44:05.275+02:00,1000,1024,1024,1056,87,129,7,2459,0,646,0,0.023,0.0226,0.129,0.0807,0.109,1.1215,3.125,4.645,43.009,50.07,23.9,483.13,0.0091,0.0074,0.0511,27.69,122.83,33.55,0.007,0.0067,0.0411,171.69,92.71,3.52,0.0065,0.0065,0.041,16000,1024,414.15,0.9418,0.0462,0.0105,0.0014
2026-08-26T20:44:35.278+02:00,1000,1024,1024,1056,87,129,4,2463,1,647,0,0.0232,0.0206,0.0544,0.0803,0.0774,0.6846,2.912,3.442,84.42,80.86,47.69,40.05,0.0081,0.0066,0.0196,25.91,125.32,18.66,0.0079,0.0059,0.0192,114.23,53.86,32.95,0.0072,0.0056,0.015,16000,1024,375.56,0.9293,0.0556,0.0132,0.0019
2026-08-26T20:45:05.282+02:00,1000,1024,1024,1056,87,129,3,2466,0,647,0,0.0229,0.0211,0.0483,0.0727,0.0709,0.7268,2.928,2.97,98.137,21.12,107.03,301.03,0.0077,0.007,0.009,32.07,49.37,89.35,0.0069,0.0065,0.009,81.17,182.58,81.18,0.0069,0.0058,0.0083,16000,1024,514.19,0.9753,0.0168,0.007,0.0008
2026-08-26T20:45:35.277+02:00,1000,1024,1024,1056,87,129,1,2467,0,647,0,0.0248,0.0205,0.057,0.0766,0.0825,0.6971,2.853,3.244,85.918,16.39,135.02,106.21,0.0081,0.0073,0.0187,138.05,142.01,99.35,0.0079,0.0068,0.0173,11.64,188.84,71.68,0.0072,0.0061,0.0171,16000,1024,271.13,0.8995,0.0796,0.0178,0.0031
2026-08-26T20:46:05.276+02:00,1000,1024,1024,1056,87,129,2,2469,0,647,0,0.023,0.0217,0.0328,0.0717,0.0712,0.1036,2.889,3.093,2.91,7.12,3.15,55.84,0.0074,0.008,0.0102,141.89,142.97,26.43,0.0071,0.0072,0.0101,16.6,50.42,150.1,0.0064,0.0072,0.0103,16000,1024,379.93,0.9403,0.0511,0.0071,0.0014
2026-08-26T20:46:35.278+02:00,1000,1024,1024,1056,87,130,9,2478,0,647,0,0.024,0.0255,0.1429,0.07,0.1127,1.0739,2.849,4.204,27.413,15.47,162.5,1.46,0.0074,0.0089,0.0354,200.3,73.8,64.33,0.0065,0.0088,0.0292,143.55,67.25,116.98,0.0062,0.0066,0.0278,16000,1024,547.3,0.9692,0.0238,0.0062,0.0008
2026-08-26T20:47:05.277+02:00,1000,1024,1024,1056,87,130,7,2485,0,647,0,0.0234,0.0215,0.0691,0.1114,0.0994,0.8288,4.474,3.61,81.893,12.79,26.82,326.38,0.0074,0.009,0.0266,172.52,155.99,206.68,0.0077,0.007,0.0238,195.13,98.99,135.85,0.0074,0.0062,0.0225,16000,1024,364.45,0.9345,0.0512,0.0122,0.0021
2026-08-26T20:47:35.279+02:00,1000,1024,1024,1056,87,130,7,2492,0,647,0,0.0241,0.0211,0.1141,0.0703,0.1092,1.1568,2.729,4.637,48.785,47.83,183.71,342.99,0.0076,0.0064,0.0445,27.1,57.34,32.61,0.0064,0.0061,0.0438,148.59,104.67,12.03,0.0059,0.0058,0.0445,16000,1024,434.28,0.9781,0.0171,0.0042,0.0006
2026-08-26T20:48:05.279+02:00,1000,1024,1024,1056,87,130,7,2499,0,647,0,0.024,0.0219,0.1319,0.0885,0.0819,1.1937,3.129,3.549,44.474,66.12,16.21,2.79,0.0071,0.0085,0.0597,80.2,8.06,497.58,0.0063,0.0065,0.0527,176.03,177.06,15.21,0.0065,0.0063,0.0529,16000,1024,333.38,0.925,0.0593,0.0137,0.0021
2026-08-26T20:48:35.278+02:00,1000,1024,1024,1056,87,131,11,2510,0,647,0,0.024,0.0239,0.1249,0.08,0.102,0.9857,2.944,4.122,32.254,3.53,76.86,19.24,0.0077,0.0081,0.0407,22.56,83.26,50.45,0.0068,0.0073,0.0417,116.54,11.02,486.19,0.0071,0.0071,0.0394,16000,1024,351.25,0.9351,0.0517,0.0115,0.0017
2026-08-26T20:49:05.279+02:00,1000,1024,1024,1056,87,131,0,2510,0,647,0,0.0234,0.0214,0.0446,0.081,0.0714,0.6912,3.021,3.086,104.965,96.86,7.93,37.86,0.0075,0.0066,0.0131,15.53,2.58,62.58,0.0073,0.0066,0.0088,27.62,52.26,25.62,0.0072,0.0066,0.0088,16000,1024,314.57,0.8886,0.0902,0.0184,0.0027
2026-08-26T20:49:35.279+02:00,1000,1024,1024,1056,87,131,1,2511,0,647,0,0.0237,0.0206,0.059,0.0905,0.0805,0.8131,3.268,3.17,94.915,22.57,81.88,104.91,0.0078,0.0075,0.019,33.51,21.12,11.71,0.0077,0.0063,0.0132,17.89,98.7,27.65,0.0074,0.0059,0.0117,16000,1024,386.27,0.956,0.0355,0.0076,0.001
2026-08-26T20:50:05.280+02:00,1000,1024,1024,1056,87,131,3,2514,0,647,0,0.0531,0.0307,0.5023,0.1857,0.0983,1.75,3.004,2.861,2.954,8.85,79.11,8.67,0.0167,0.0101,0.1986,120.35,273.15,15.44,0.0163,0.0092,0.1676,220.49,333.72,220.34,0.0159,0.0089,0.1446,16000,1024,346.88,0.8976,0.0872,0.0129,0.0024
2026-08-26T20:50:35.280+02:00,1000,1024,1024,1056,87,131,0,2514,0,647,0,0.0237,0.0217,0.0941,0.0842,0.0828,0.7261,3.109,3.323,37.697,3.85,76.6,250.06,0.0089,0.008,0.021,66.75,70.86,34.28,0.0075,0.0076,0.0209,211.03,189.46,156.89,0.0069,0.0068,0.021,16000,1024,299.31,0.8224,0.1469,0.0271,0.0037
2026-08-26T20:51:05.280+02:00,1000,1024,1024,1056,87,131,12,2526,0,647,0,0.0231,0.0242,0.1387,0.074,0.1176,1.1757,2.721,5.008,31.845,8.96,92.88,12.64,0.0101,0.007,0.0503,16.29,34.7,470.81,0.007,0.0088,0.046,44.91,126.4,458.05,0.0065,0.0072,0.0442,16000,1024,377.15,0.9783,0.0141,0.0064,0.0011
2026-08-26T20:51:35.283+02:00,1000,1024,1024,1057,87,132,3,2529,0,647,0,0.024,0.0225,0.0827,0.0805,0.0726,0.7024,2.966,3.258,44.902,25.52,71.38,92.13,0.0075,0.0073,0.031,45.4,139.92,24.5,0.0073,0.0066,0.0274,113.92,122.24,451.85,0.007,0.0061,0.0282,16000,1024,424.97,0.9553,0.0281,0.0151,0.0014
2026-08-26T20:52:05.287+02:00,1000,1024,1024,1056,87,132,7,2536,1,648,0,0.0237,0.0221,0.0605,0.073,0.0919,0.8111,2.797,3.573,99.703,134.25,43.88,9.94,0.01,0.0066,0.0097,10.65,9.24,167.59,0.0066,0.0073,0.0106,77.9,152.32,129.27,0.0064,0.0063,0.0098,16000,1024,396.7,0.9512,0.0386,0.009,0.0012
2026-08-26T20:52:35.283+02:00,1000,1024,1024,1056,87,132,20,2556,0,648,0,0.0263,0.024,0.0878,0.1022,0.0701,1.0633,3.556,2.781,73.572,21.23,32.55,9.88,0.0094,0.0091,0.027,111.49,15.81,69.3,0.0079,0.0079,0.0267,3.55,77.65,20.72,0.0081,0.0075,0.0275,16000,1024,757.59,0.9828,0.0129,0.0038,0.0005
2026-08-26T20:53:05.289+02:00,1000,1024,1024,1056,87,133,7,2563,0,648,0,0.0233,0.0218,0.0732,0.0708,0.0781,0.8134,3.008,2.966,64.757,102.66,32.98,28.26,0.0072,0.0089,0.0295,12.06,74.05,471.27,0.0073,0.0068,0.0279,2.07,59.18,275.34,0.0056,0.0068,0.027,16000,1024,424.19,0.9702,0.0216,0.007,0.0012
2026-08-26T20:53:35.282+02:00,1000,1024,1024,1056,87,133,0,2563,0,648,0,0.0234,0.0219,0.0864,0.0818,0.0821,0.6603,3.119,3.254,34.7,188.34,108.79,236.07,0.0076,0.0091,0.025,159.73,31.17,187.49,0.0079,0.0068,0.0222,46.0,135.37,326.57,0.0062,0.0064,0.0213,16000,1024,436.55,0.9623,0.0224,0.0142,0.0011
2026-08-26T20:54:05.283+02:00,1000,1024,1024,1056,87,134,1,2564,0,648,0,0.0224,0.0204,0.0549,0.0716,0.0855,0.715,2.947,3.206,81.12,6.03,241.24,37.08,0.0085,0.006,0.0188,38.92,267.5,19.31,0.0075,0.0058,0.0184,257.22,131.57,31.99,0.0063,0.0058,0.0183,16000,1024,448.18,0.9734,0.018,0.0077,0.0008
2026-08-26T20:55:05.283+02:00,1000,1024,1024,1056,88,136,3,2572,1,649,0,0.0227,0.02,0.0306,0.0704,0.0591,0.0945,2.879,2.717,2.885,170.89,7.64,223.6,0.007,0.0085,0.0084,298.41,98.7,47.8,0.007,0.0067,0.0084,29.55,132.12,118.88,0.0065,0.0055,0.0087,16000,1024,490.74,0.9795,0.016,0.0039,0.0007
2026-08-26T20:55:35.284+02:00,1000,1024,1024,1056,88,137,10,2582,0,649,0,0.0247,0.0242,0.1598,0.0793,0.1095,1.0379,3.134,5.06,20.222,102.63,25.44,499.51,0.0083,0.0081,0.0921,12.02,106.65,1.46,0.0082,0.0079,0.0909,75.35,16.2,61.72,0.0077,0.0075,0.0647,16000,1024,378.49,0.9761,0.0157,0.0072,0.001
2026-08-26T20:56:05.284+02:00,1000,1024,1024,1056,88,137,6,2588,0,649,0,0.0241,0.0233,0.1365,0.0845,0.0995,1.0425,2.971,3.812,26.403,77.96,164.64,464.13,0.007,0.007,0.0621,203.41,83.61,8.5,0.0069,0.0067,0.0609,112.39,89.45,1.56,0.0065,0.0063,0.0612,16000,1024,538.5,0.9896,0.0064,0.0035,0.0005
2026-08-26T20:56:35.284+02:00,1000,1024,1024,1056,88,137,0,2588,0,649,0,0.0244,0.0219,0.047,0.0768,0.0812,0.7316,2.712,3.26,117.929,188.79,66.08,4.27,0.0077,0.0065,0.0151,20.73,26.18,66.95,0.0064,0.006,0.015,79.41,80.46,148.41,0.0063,0.0063,0.0135,16000,1024,493.78,0.9468,0.0377,0.0143,0.0011
2026-08-26T20:57:05.286+02:00,1000,1024,1024,1056,88,139,6,2594,3,652,0,2.0539,0.1945,0.1408,3.1369,0.3449,0.9056,1.492,1.557,8.074,49.16,49.17,49.14,2.7361,0.259,0.1354,40.82,147.22,193.25,0.3531,0.0453,0.0461,32.64,40.1,6.64,0.3381,0.0283,0.0459,16000,1024,454.4,0.9179,0.0588,0.014,0.0093
2026-08-26T20:58:05.287+02:00,1000,1024,1024,1056,89,139,9,2605,1,655,0,1.7169,0.2016,0.4248,2.6514,0.5214,1.4927,1.536,1.84,3.146,49.38,49.36,187.64,1.9958,0.2308,0.1438,54.43,148.12,208.77,0.284,0.0403,0.1433,37.36,21.47,413.21,0.2934,0.0337,0.137,16000,1024,623.54,0.8564,0.1359,0.0056,0.0022
2026-08-26T20:58:35.287+02:00,1000,1024,1024,1056,89,139,9,2614,4,659,0,1.7146,0.2222,0.1749,2.6005,0.4107,1.1957,1.522,1.661,19.893,49.41,49.38,49.65,2.1932,0.2793,0.1069,45.04,148.41,2.2,0.2751,0.0393,0.0844,39.55,44.35,484.1,0.1752,0.037,0.0787,16000,1024,417.26,0.744,0.236,0.0154,0.0046
2026-08-26T20:59:05.288+02:00,1000,1024,1024,1056,89,139,1,2615,0,659,0,1.7252,0.2213,0.0908,2.508,0.3962,0.2034,1.513,1.628,1.83,49.36,49.36,49.38,2.4266,0.306,0.1195,27.87,148.19,98.97,0.1437,0.0373,0.0269,34.15,28.66,148.33,0.1431,0.0251,0.0212,16000,1024,487.58,0.7295,0.2554,0.0108,0.0043
2026-08-26T20:59:35.287+02:00,1000,1024,1024,1056,89,139,25,2640,4,663,0,1.6893,0.2233,0.1453,2.6262,0.4114,0.7919,1.548,1.642,12.058,49.96,2.85,43.11,0.6648,0.0832,0.0502,30.78,49.8,50.71,0.7196,0.0809,0.0427,13.23,13.3,147.63,0.6453,0.0897,0.0426,16000,1024,524.61,0.9257,0.0613,0.0111,0.0019
2026-08-26T21:00:05.287+02:00,1000,1024,1024,1056,89,139,1,2641,0,663,0,1.717,0.2165,0.0958,2.5288,0.3626,0.7676,1.523,1.601,10.642,49.35,49.36,49.41,2.4235,0.2962,0.1002,32.09,148.18,98.3,0.1368,0.0301,0.0261,37.32,99.71,148.63,0.1356,0.0264,0.0205,16000,1024,586.24,0.9309,0.0618,0.0048,0.0024
2026-08-26T21:00:35.288+02:00,1000,1024,1024,1056,89,140,5,2646,0,663,0,1.7606,0.2146,0.1025,2.6756,0.3909,0.6939,1.526,1.613,8.418,49.34,49.35,49.42,2.509,0.3036,0.1153,34.84,148.26,147.45,0.084,0.03,0.0166,25.48,99.47,68.14,0.0702,0.0211,0.016,16000,1024,621.54,0.9089,0.0826,0.0062,0.0023
2026-08-26T21:01:05.288+02:00,1000,1024,1024,1056,89,140,1,2647,0,663,0,1.8052,0.1987,0.4272,2.7453,0.3639,1.6123,1.517,1.733,3.105,49.32,49.33,183.35,2.6273,0.2798,0.1778,147.91,148.12,282.39,0.0621,0.0317,0.1496,30.19,233.29,190.02,0.0265,0.0175,0.1355,16000,1024,512.0,0.7599,0.2241,0.0105,0.0056
2026-08-26T21:01:35.288+02:00,1000,1024,1024,1056,89,140,1,2648,0,663,0,1.9112,0.212,0.1196,2.7739,0.3713,0.8173,1.512,1.604,9.302,49.32,49.32,49.3,2.8173,0.3072,0.1334,147.94,148.05,148.72,0.0671,0.0343,0.0214,197.25,99.58,74.04,0.0141,0.0191,0.0199,16000,1024,625.39,0.8697,0.1183,0.0079,0.0042
2026-08-26T21:02:35.290+02:00,1000,1024,1024,1056,90,140,0,2653,0,663,0,1.9951,0.2062,0.1211,3.0971,0.3794,0.6522,1.515,1.628,5.163,49.21,49.21,49.16,2.8605,0.2918,0.15,147.58,147.66,147.82,0.067,0.0392,0.02,54.4,99.99,98.51,0.0535,0.0169,0.0183,16000,1024,679.92,0.9001,0.0899,0.0074,0.0026
2026-08-26T21:03:05.290+02:00,1000,1024,1024,1056,90,141,36,2689,15,678,0,1.96,0.2085,0.1485,3.0908,0.3695,0.8498,1.562,1.613,9.716,49.18,49.18,49.2,1.7482,0.1759,0.0861,22.19,22.12,22.38,0.7423,0.0707,0.0445,34.76,34.81,13.03,0.685,0.0676,0.0442,16000,1024,641.79,0.8764,0.1133,0.0071,0.0032
2026-08-26T21:03:35.289+02:00,1000,1024,1024,1056,90,141,4,2693,0,678,0,2.016,0.1913,0.4232,3.1707,0.3515,1.6924,1.527,1.688,3.669,49.28,49.28,4.81,2.7229,0.2427,0.1511,53.89,19.56,417.97,0.3142,0.0357,0.1299,40.11,35.45,187.44,0.2706,0.0345,0.1203,16000,1024,560.0,0.9373,0.0505,0.0095,0.0027
2026-08-26T21:04:35.291+02:00,1000,1024,1024,1056,91,142,0,2703,0,679,0,2.0583,0.2065,0.1144,2.9867,0.3732,0.2829,1.508,1.609,1.733,49.28,49.28,49.29,3.0132,0.299,0.1576,147.82,147.92,147.78,0.0772,0.0423,0.0247,197.16,100.24,99.04,0.0177,0.0174,0.0212,16000,1024,421.81,0.6256,0.3411,0.0264,0.0069
2026-08-26T21:05:05.291+02:00,1000,1024,1024,1056,91,143,20,2723,1,680,0,2.0387,0.1977,0.1537,3.4886,0.3394,0.8573,1.576,1.628,8.502,49.87,51.29,50.1,0.8569,0.0888,0.0598,14.06,47.19,16.97,0.84,0.0882,0.0491,7.86,16.75,57.74,0.7373,0.0673,0.0386,16000,1024,521.67,0.8733,0.1132,0.0106,0.003
2026-08-26T21:05:35.292+02:00,1000,1024,1024,1056,91,143,2,2725,0,680,0,2.0709,0.2045,0.1157,3.0252,0.3715,0.2491,1.52,1.622,1.769,49.26,49.26,49.26,2.9958,0.2924,0.159,147.79,147.68,147.8,0.0769,0.0406,0.0279,27.23,100.02,99.04,0.032,0.0197,0.0195,16000,1024,514.43,0.9227,0.0659,0.0084,0.003
2026-08-26T21:06:05.294+02:00,1000,1024,1024,1056,91,143,7,2732,2,682,0,2.0998,0.2007,0.1352,3.1444,0.3604,0.8643,1.513,1.624,7.857,49.25,49.28,49.26,2.3777,0.2319,0.1514,19.53,147.66,148.07,0.3993,0.039,0.0357,43.39,28.95,98.79,0.4054,0.0371,0.0266,16000,1024,478.78,0.7878,0.1925,0.013,0.0067
2026-08-26T21:06:35.295+02:00,1000,1024,1024,1056,91,143,5,2737,2,684,0,2.1246,0.2018,0.1548,3.0979,0.3602,0.8219,1.512,1.621,9.19,49.21,49.22,49.21,2.6351,0.2497,0.1691,28.63,147.78,44.16,0.4092,0.0427,0.0362,23.14,28.54,33.76,0.3973,0.0358,0.0324,16000,1024,613.34,0.8726,0.1142,0.0095,0.0037
2026-08-26T21:07:05.294+02:00,1000,1024,1024,1056,91,144,0,2737,0,684,0,2.1081,0.2042,0.1247,3.0693,0.381,0.4797,1.51,1.604,2.038,49.23,49.23,49.21,3.068,0.2917,0.1667,147.62,147.74,147.61,0.0779,0.0424,0.0288,196.88,100.15,98.52,0.014,0.0222,0.0218,16000,1024,512.1,0.8768,0.1104,0.0086,0.0041
2026-08-26T21:07:35.293+02:00,1000,1024,1024,1056,91,144,5,2742,1,685,0,2.1132,0.1999,0.1287,3.1317,0.3549,0.6314,1.516,1.593,3.188,49.16,49.17,49.16,2.985,0.2804,0.1633,36.75,147.42,147.44,0.0943,0.0379,0.031,43.46,99.51,98.27,0.0845,0.0195,0.0228,16000,1024,511.32,0.866,0.1168,0.0123,0.005
2026-08-26T21:08:05.298+02:00,1000,1024,1024,1056,91,144,0,2742,0,685,0,2.1394,0.1995,0.1206,3.1092,0.3661,0.2698,1.505,1.609,1.767,49.2,49.2,49.18,3.0954,0.2877,0.1702,147.55,147.52,147.5,0.0795,0.0426,0.0335,196.72,99.68,98.09,0.0191,0.0186,0.02,16000,1024,530.34,0.8858,0.1032,0.008,0.003
2026-08-26T21:09:05.294+02:00,1000,1024,1024,1056,92,144,1,2744,0,685,0,2.1701,0.2037,0.1235,3.1627,0.3561,0.2586,1.518,1.584,1.644,49.19,49.19,49.2,3.029,0.2765,0.1691,34.49,147.49,147.53,0.1531,0.0375,0.025,41.15,28.07,98.6,0.1523,0.0187,0.0219,16000,1024,602.2,0.8983,0.092,0.0069,0.0028
2026-08-26T21:10:05.300+02:00,1000,1024,1024,1056,93,145,2,2747,0,686,0,2.158,0.1999,0.133,3.1929,0.3519,0.6591,1.508,1.599,3.981,49.19,49.2,49.21,2.9442,0.2713,0.1452,31.9,147.38,147.48,0.2753,0.04,0.0331,26.21,37.44,37.86,0.268,0.0272,0.0309,16000,1024,530.9,0.8005,0.1757,0.0155,0.0083
2026-08-26T21:11:05.303+02:00,1000,1024,1024,1056,94,145,0,2753,0,690,0,2.1969,0.2,0.1593,3.1854,0.3656,0.7606,1.504,1.635,5.759,49.11,49.11,49.0,3.1342,0.2819,0.1752,147.29,147.26,250.12,0.08,0.042,0.0417,54.2,99.84,147.42,0.0457,0.0224,0.0366,16000,1024,612.31,0.8689,0.1208,0.0072,0.0032
2026-08-26T21:11:35.302+02:00,1000,1024,1024,1056,94,145,1,2754,1,691,0,2.2173,0.2001,0.1509,3.2715,0.3466,1.0712,1.514,1.591,8.645,49.19,49.19,49.23,3.2208,0.2847,0.1707,147.57,147.58,28.05,0.0831,0.0408,0.0352,196.77,99.79,78.07,0.0151,0.0188,0.0331,16000,1024,628.36,0.8434,0.1373,0.015,0.0043
2026-08-26T21:12:05.303+02:00,1000,1024,1024,1056,94,145,3,2757,2,693,0,2.2588,0.1998,0.2055,3.2716,0.3643,1.2754,1.503,1.647,11.003,49.18,49.18,49.21,3.1065,0.271,0.188,43.69,147.82,465.93,0.1965,0.0465,0.0507,37.39,56.98,5.6,0.1943,0.0183,0.0513,16000,1024,571.91,0.804,0.1795,0.0136,0.0029
2026-08-26T21:12:35.302+02:00,1000,1024,1024,1056,94,145,9,2766,3,696,0,2.2725,0.1999,0.1795,3.5338,0.3571,1.1306,1.518,1.63,9.837,49.2,49.2,49.17,3.1488,0.2698,0.1778,39.96,147.7,486.37,0.262,0.04,0.0433,35.14,20.53,25.27,0.2467,0.0194,0.0412,16000,1024,507.63,0.7254,0.2429,0.0244,0.0073
2026-08-26T21:14:05.302+02:00,1000,1024,1024,1056,96,146,0,2771,0,697,0,2.3006,0.1968,0.1708,3.3225,0.3463,0.8725,1.507,1.631,7.458,49.16,49.16,49.16,3.3171,0.2792,0.2083,147.43,147.32,312.43,0.0895,0.0436,0.0394,196.56,99.97,187.62,0.0182,0.0193,0.0358,16000,1024,658.67,0.8163,0.1683,0.0127,0.0027
2026-08-26T21:16:05.608+02:00,1000,1024,1024,1056,99,150,3,2781,0,698,0,2.3281,0.2011,0.1499,3.4744,0.3671,0.6449,1.516,1.637,2.99,49.07,49.07,49.01,3.1194,0.2591,0.1734,39.03,147.21,147.38,0.303,0.0414,0.0347,33.87,39.43,29.03,0.2862,0.031,0.0303,16000,1024,610.43,0.8586,0.1225,0.0156,0.0033
2026-08-26T21:20:05.611+02:00,1000,1024,1024,1056,106,151,1,2797,0,701,0,2.3944,0.2046,0.1522,3.4678,0.3605,0.6549,1.504,1.632,2.049,49.13,49.12,49.09,3.3198,0.2704,0.2018,26.05,147.38,98.61,0.151,0.0491,0.0307,35.82,28.07,147.17,0.1492,0.022,0.0321,16000,1024,874.83,0.9134,0.0734,0.0111,0.0021
2026-08-26T21:20:35.612+02:00,1000,1024,1024,1056,106,151,1,2798,0,701,0,2.3892,0.201,0.1467,3.443,0.3568,0.6162,1.502,1.628,2.07,49.13,49.13,49.17,3.3093,0.2717,0.191,42.88,147.4,147.43,0.1774,0.0443,0.035,31.3,37.27,72.21,0.1765,0.0234,0.0214,16000,1024,491.29,0.825,0.1548,0.0157,0.0045
2026-08-26T21:22:35.612+02:00,1000,1024,1024,1056,109,156,0,2806,0,701,0,2.4493,0.199,0.1606,3.5063,0.3734,1.0186,1.497,1.668,4.654,49.13,49.13,49.14,3.5156,0.283,0.2152,147.34,147.26,147.29,0.0915,0.0497,0.0347,196.48,99.93,196.45,0.0166,0.02,0.0229,16000,1024,631.14,0.8586,0.1305,0.0088,0.002
2026-08-26T21:23:35.613+02:00,1000,1024,1024,1056,110,156,1,2809,0,703,0,2.4741,0.2005,0.1534,3.611,0.364,0.4911,1.497,1.673,1.684,49.13,49.13,49.1,3.5392,0.2825,0.2073,147.37,147.48,147.41,0.0923,0.0485,0.0369,35.31,100.07,98.07,0.0307,0.0176,0.0218,16000,1024,669.51,0.858,0.1311,0.0081,0.0027
2026-08-26T21:25:05.614+02:00,1000,1024,1024,1056,112,156,1,2814,1,704,0,2.5064,0.2039,0.2024,3.6286,0.3838,0.95,1.503,1.683,5.704,49.15,49.14,49.16,3.6072,0.2866,0.2324,147.36,147.53,60.13,0.1028,0.0471,0.0523,53.62,100.15,498.15,0.0332,0.0221,0.0444,16000,1024,559.87,0.7799,0.1996,0.0161,0.0045
2026-08-26T21:26:05.616+02:00,1000,1024,1024,1056,113,156,0,2817,0,704,0,2.5026,0.2014,0.1726,3.5744,0.3734,1.0494,1.496,1.653,5.302,49.12,49.11,49.11,3.5976,0.2846,0.2281,147.31,147.29,147.46,0.0893,0.0453,0.0479,196.46,99.8,97.98,0.0192,0.0267,0.0323,16000,1024,721.88,0.7829,0.1996,0.0145,0.003
2026-08-26T21:26:35.616+02:00,1000,1024,1024,1056,113,157,1,2818,0,704,0,2.5482,0.2026,0.1909,3.6512,0.3701,0.931,1.491,1.69,4.914,49.14,49.14,49.09,3.6669,0.2856,0.2095,147.37,147.4,60.3,0.0866,0.0475,0.039,196.46,99.95,9.22,0.0148,0.0305,0.0391,16000,1024,567.07,0.8297,0.1536,0.0116,0.0051
2026-08-26T21:28:05.739+02:00,1000,1024,1024,1056,115,160,3,2823,1,705,0,2.5629,0.2062,0.1676,3.7196,0.3704,0.7529,1.497,1.683,2.231,49.16,49.15,49.16,3.5689,0.2786,0.2188,31.83,147.36,147.31,0.2216,0.0463,0.0399,27.8,100.05,38.74,0.2149,0.0266,0.0251,16000,1024,750.33,0.8802,0.1103,0.0082,0.0014
2026-08-26T21:28:35.739+02:00,1000,1024,1024,1056,115,161,1,2824,0,705,0,2.5631,0.2059,0.1596,3.6954,0.3581,0.2858,1.496,1.652,1.526,49.13,49.14,49.14,3.6284,0.2864,0.2175,43.87,147.59,147.34,0.0804,0.0485,0.0329,147.5,100.2,98.27,0.0777,0.0197,0.0232,16000,1024,731.5,0.9217,0.067,0.0083,0.003
2026-08-26T21:29:05.739+02:00,1000,1024,1024,1056,115,161,0,2824,0,705,0,2.5918,0.208,0.1675,3.7089,0.3764,0.3109,1.493,1.671,1.537,49.16,49.16,49.15,3.7413,0.2962,0.2373,147.4,147.34,147.48,0.0936,0.0489,0.032,196.46,100.04,98.2,0.0181,0.0288,0.0229,16000,1024,739.04,0.9267,0.0663,0.0058,0.0011
2026-08-26T21:29:35.738+02:00,1000,1024,1024,1056,115,161,0,2824,0,705,0,2.577,0.2063,0.1736,3.6743,0.3692,0.711,1.489,1.68,2.263,49.13,49.13,49.13,3.6945,0.2911,0.227,147.35,147.45,98.67,0.0868,0.052,0.0395,196.62,100.06,147.24,0.0222,0.0206,0.0282,16000,1024,705.37,0.8954,0.0938,0.0087,0.0021
2026-08-26T21:32:35.742+02:00,1000,1024,1024,1056,120,162,5,2842,0,706,0,0.0238,0.0221,0.1126,0.0793,0.1743,1.7064,2.823,9.011,104.855,70.06,145.69,84.82,0.0073,0.0066,0.0233,108.25,231.43,131.58,0.0064,0.0056,0.0219,29.12,159.9,49.79,0.0064,0.0057,0.0196,16000,1024,702.97,0.9845,0.0112,0.0041,0.0003
2026-08-26T21:33:35.742+02:00,1000,1024,1024,1056,121,163,11,2869,0,706,0,0.0237,0.023,0.0664,0.0737,0.0942,0.7356,3.063,3.47,70.671,55.68,31.41,43.44,0.0074,0.0072,0.013,146.54,98.82,76.86,0.0071,0.0066,0.0117,8.81,56.96,22.31,0.007,0.0066,0.0113,16000,1024,463.8,0.973,0.0212,0.0052,0.0006
2026-08-26T21:34:05.743+02:00,1000,1024,1024,1056,121,163,0,2869,0,706,0,0.0244,0.0214,0.0755,0.0745,0.0739,0.7501,3.074,3.488,64.75,82.72,2.43,101.68,0.0089,0.008,0.0199,172.45,54.33,207.92,0.0077,0.0063,0.0187,40.81,95.96,195.2,0.007,0.0061,0.0177,16000,1024,457.34,0.9765,0.0149,0.0078,0.0007
2026-08-26T21:34:35.742+02:00,1000,1024,1024,1056,121,166,1,2870,0,706,0,0.0242,0.0211,0.0321,0.0791,0.0799,0.0969,3.208,3.426,2.861,52.96,82.05,27.04,0.0086,0.0063,0.0097,179.43,133.61,62.42,0.0073,0.0063,0.0094,35.56,34.63,155.79,0.0075,0.0061,0.0102,16000,1024,382.36,0.9645,0.0234,0.0111,0.001
2026-08-26T21:35:05.744+02:00,1000,1024,1024,1056,121,167,1,2871,0,706,0,0.0224,0.0215,0.0469,0.0634,0.0744,0.7209,2.807,2.716,110.632,114.37,46.77,73.83,0.0067,0.0067,0.0117,62.79,4.89,144.53,0.0067,0.0064,0.0088,103.53,214.68,30.4,0.006,0.006,0.0086,16000,1024,1078.27,0.9816,0.0141,0.0037,0.0006
2026-08-26T21:35:35.744+02:00,1000,1024,1024,1056,121,168,26,2897,2,708,0,0.0264,0.0239,0.1056,0.0941,0.0774,0.8603,3.21,2.985,37.45,64.38,81.86,6.0,0.0085,0.0077,0.0372,49.63,112.19,11.72,0.0077,0.0071,0.0317,3.96,89.17,88.84,0.0074,0.0068,0.0298,16000,1024,383.3,0.9476,0.0333,0.0176,0.0015
2026-08-26T21:36:05.743+02:00,1000,1024,1024,1056,121,169,0,2897,0,708,0,0.0231,0.0216,0.0435,0.0885,0.0718,0.6194,3.286,3.3,78.124,102.21,16.51,60.22,0.0084,0.006,0.0129,146.58,109.63,100.1,0.0067,0.0059,0.014,31.02,46.7,84.65,0.0064,0.0057,0.0127,16000,1024,419.03,0.9636,0.0269,0.0086,0.001
2026-08-26T21:36:35.745+02:00,1000,1024,1024,1056,121,172,1,2898,0,708,0,0.0228,0.02,0.0605,0.0768,0.0867,0.7652,3.141,3.747,91.525,112.86,33.28,60.29,0.0077,0.0075,0.0169,65.19,91.84,14.69,0.0065,0.0062,0.0159,23.87,69.5,84.0,0.0071,0.0062,0.0154,16000,1024,296.99,0.8762,0.0754,0.0447,0.0037
2026-08-26T21:37:05.745+02:00,1000,1024,1024,1056,121,173,2,2900,0,708,0,0.0237,0.0207,0.0481,0.0768,0.0714,0.7437,3.134,3.003,111.97,109.84,23.08,80.3,0.0081,0.0076,0.0178,37.14,101.83,36.88,0.0068,0.0067,0.0171,151.48,120.96,164.65,0.0068,0.0061,0.0152,16000,1024,280.78,0.9258,0.0599,0.0125,0.0018
2026-08-26T21:37:35.746+02:00,1000,1024,1024,1056,121,173,11,2911,1,709,0,0.0254,0.0223,0.0709,0.0914,0.0717,0.7634,3.469,2.992,71.285,155.82,19.54,30.39,0.0077,0.0075,0.0163,119.54,60.37,85.9,0.0075,0.0063,0.0149,73.02,3.7,162.04,0.0063,0.0062,0.0141,16000,1024,397.24,0.9656,0.0228,0.0105,0.0011
2026-08-26T21:38:05.746+02:00,1000,1024,1024,1056,121,174,0,2911,0,709,0,0.0241,0.0212,0.0298,0.0738,0.0758,0.0918,2.831,3.102,2.737,144.86,60.18,14.44,0.0078,0.007,0.01,30.68,232.24,65.11,0.0072,0.0063,0.0089,81.48,133.02,71.5,0.0065,0.0062,0.0087,16000,1024,490.95,0.9582,0.0305,0.0103,0.001
2026-08-26T21:38:35.747+02:00,1000,1024,1024,1056,121,174,1,2912,0,709,0,0.0249,0.0209,0.0468,0.0873,0.0618,0.6683,2.871,2.745,81.518,84.03,66.7,107.56,0.0091,0.0064,0.0128,206.02,29.85,2.96,0.0068,0.006,0.011,159.34,56.76,37.78,0.0068,0.0053,0.0124,16000,1024,427.24,0.9544,0.0345,0.0101,0.0009
2026-08-26T21:39:05.748+02:00,1000,1024,1024,1056,121,175,18,2930,0,709,0,0.0274,0.0249,0.0946,0.0927,0.0913,0.8433,2.956,3.596,41.668,14.38,3.49,230.3,0.0084,0.0095,0.0266,88.13,37.12,5.01,0.0076,0.0076,0.0256,141.37,10.64,139.33,0.0076,0.0067,0.0263,16000,1024,476.61,0.9074,0.0702,0.0196,0.0029
2026-08-26T21:39:35.749+02:00,1000,1024,1024,1056,121,175,9,2939,0,709,0,0.025,0.0228,0.0846,0.0875,0.074,0.7467,2.946,3.071,45.528,47.69,40.23,159.39,0.0089,0.0067,0.0283,6.78,81.9,420.32,0.0072,0.0064,0.0284,31.44,32.03,258.76,0.0069,0.0057,0.0278,16000,1024,417.62,0.9634,0.0256,0.0098,0.0011
2026-08-26T21:40:05.747+02:00,1000,1024,1024,1056,121,176,1,2940,0,709,0,0.0237,0.0212,0.0752,0.0841,0.08,0.7161,2.867,3.229,50.414,69.84,20.49,125.16,0.0082,0.0079,0.0288,63.46,111.88,250.0,0.0064,0.0078,0.0277,28.01,57.34,36.71,0.0065,0.0063,0.0286,16000,1024,506.94,0.9864,0.0095,0.0035,0.0006
2026-08-26T21:40:35.752+02:00,1000,1024,1024,1056,121,177,0,2940,0,709,0,0.0221,0.0229,0.0488,0.0903,0.0855,0.746,3.346,3.525,107.218,108.16,19.87,87.87,0.0077,0.0076,0.0186,48.2,149.69,7.68,0.0076,0.0073,0.0185,99.1,111.94,61.42,0.0072,0.0074,0.0168,16000,1024,342.9,0.9299,0.0463,0.0218,0.0021
2026-08-26T21:41:05.749+02:00,1000,1024,1024,1056,121,177,14,2954,1,710,0,0.0245,0.0222,0.0705,0.0823,0.0818,0.7675,3.026,3.531,70.766,34.36,86.93,57.31,0.007,0.0074,0.0139,15.88,64.64,49.12,0.0066,0.0073,0.0135,57.25,14.77,71.26,0.0065,0.006,0.0122,16000,1024,322.76,0.9161,0.0663,0.0154,0.0022
2026-08-26T21:41:35.748+02:00,1000,1024,1024,1056,121,177,25,2979,1,711,0,0.026,0.0234,0.1036,0.0708,0.0805,0.7428,2.64,3.255,32.064,20.07,46.97,145.51,0.0091,0.007,0.0227,117.17,3.69,15.75,0.0076,0.0069,0.0223,69.53,148.7,76.52,0.0075,0.0067,0.0216,16000,1024,393.58,0.9126,0.0667,0.0188,0.002
2026-08-26T21:42:05.748+02:00,1000,1024,1024,1056,121,178,1,2980,0,711,0,0.0241,0.0203,0.071,0.0804,0.0775,0.8888,3.102,3.786,81.172,24.89,159.67,8.76,0.0085,0.0075,0.0157,153.07,183.37,109.1,0.0072,0.0057,0.0157,2.51,164.26,75.14,0.0073,0.0055,0.0151,16000,1024,421.1,0.944,0.0403,0.0142,0.0015
2026-08-26T21:42:35.750+02:00,1000,1024,1024,1056,121,179,1,2981,0,711,0,0.0222,0.0208,0.0327,0.0688,0.0707,0.1349,2.982,2.968,3.366,71.43,15.04,133.63,0.0078,0.0069,0.0118,86.6,24.98,25.57,0.0076,0.0071,0.0104,100.83,167.18,245.5,0.007,0.006,0.0093,16000,1024,415.29,0.9678,0.0235,0.0079,0.0008
2026-08-26T21:43:35.769+02:00,1000,1024,1024,1057,122,181,0,2982,0,711,0,0.0233,0.032,0.2786,0.0919,0.0961,0.9358,3.132,3.12,5.018,131.94,498.26,498.25,0.0067,0.0226,0.2235,220.01,489.41,489.28,0.0066,0.0144,0.15,180.35,12.56,1.46,0.0065,0.0117,0.1266,16000,1024,304.42,0.9448,0.0302,0.0226,0.0025
2026-08-26T21:44:05.773+02:00,1000,1024,1024,1056,122,182,1,2983,0,711,0,0.0235,0.0212,0.0481,0.0733,0.0653,0.6986,3.178,2.773,89.376,155.12,5.17,212.81,0.0081,0.009,0.015,50.17,23.6,19.81,0.0082,0.0063,0.014,21.0,181.63,147.85,0.0073,0.006,0.0137,16000,1024,470.33,0.9532,0.0382,0.0077,0.0009
2026-08-26T21:44:35.770+02:00,1000,1024,1024,1056,122,182,14,2997,0,711,0,0.0551,0.0343,0.527,0.1864,0.1048,1.6765,2.903,2.906,2.804,1.46,125.51,1.46,0.0252,0.0121,0.2424,459.45,1.46,125.44,0.0157,0.0131,0.1694,493.77,73.11,488.9,0.0153,0.0098,0.1521,16000,1024,272.68,0.8778,0.1018,0.0181,0.0023
2026-08-26T21:45:05.771+02:00,1000,1024,1024,1056,122,183,3,3000,0,711,0,0.0235,0.0219,0.0339,0.0745,0.0704,0.1308,2.806,2.806,2.919,91.81,80.01,49.14,0.0084,0.0089,0.0123,77.32,40.99,69.47,0.0067,0.0068,0.0103,24.95,103.44,6.78,0.0068,0.0062,0.0098,16000,1024,602.86,0.9892,0.0084,0.002,0.0003
2026-08-26T21:45:35.771+02:00,1000,1024,1024,1056,122,183,2,3002,0,711,0,0.0251,0.0204,0.0312,0.0921,0.0718,0.1025,3.32,3.065,2.942,71.39,57.98,142.87,0.0075,0.0068,0.0097,76.26,64.19,102.33,0.0071,0.0063,0.0088,20.63,76.43,89.96,0.0069,0.0061,0.0083,16000,1024,562.34,0.9863,0.01,0.0033,0.0004
2026-08-26T21:46:05.774+02:00,1000,1024,1024,1056,122,183,7,3009,0,711,0,0.0249,0.0225,0.0668,0.1019,0.0854,0.7628,3.176,3.596,72.581,50.61,41.79,48.13,0.0083,0.0082,0.0226,143.53,102.91,25.32,0.0073,0.0075,0.0207,6.47,19.91,146.76,0.0077,0.0064,0.0215,16000,1024,460.01,0.9189,0.0692,0.0106,0.0013
2026-08-26T21:46:35.770+02:00,1000,1024,1024,1056,122,183,8,3017,0,711,0,0.0233,0.025,0.1595,0.0743,0.1222,1.0062,3.08,5.097,18.893,216.84,16.9,17.61,0.0069,0.008,0.0707,94.98,154.26,484.34,0.0066,0.0073,0.0674,70.85,78.93,1.73,0.0068,0.0073,0.0655,16000,1024,419.13,0.9401,0.051,0.0078,0.0011
2026-08-26T21:47:05.771+02:00,1000,1024,1024,1056,122,184,0,3017,0,711,0,0.0233,0.0202,0.0323,0.0929,0.077,0.1075,3.124,3.2,3.025,19.74,108.12,153.93,0.0068,0.0066,0.0108,104.05,8.54,79.72,0.007,0.0063,0.0105,35.45,15.92,113.4,0.0062,0.0062,0.0083,16000,1024,424.13,0.9471,0.043,0.0086,0.0013
2026-08-26T21:47:35.775+02:00,1000,1024,1026,1059,122,184,4,3021,0,711,0,0.054,0.0328,0.503,0.179,0.0987,1.545,2.793,2.807,2.46,279.02,279.18,187.71,0.0194,0.0112,0.177,19.55,423.12,159.64,0.0173,0.0109,0.1709,235.12,19.87,374.96,0.0174,0.0117,0.1498,16000,1024,535.89,0.9696,0.0222,0.0075,0.0007
2026-08-26T21:48:05.772+02:00,1000,1024,1024,1056,122,184,5,3026,0,711,0,0.0215,0.0213,0.0319,0.07,0.0787,0.1275,3.037,3.099,3.229,8.95,48.82,49.35,0.0075,0.0065,0.0102,126.71,87.7,70.1,0.007,0.0057,0.0086,153.31,44.1,8.85,0.0061,0.0057,0.0081,16000,1024,584.95,0.9797,0.0157,0.0039,0.0006
2026-08-26T21:48:35.776+02:00,1000,1024,1024,1056,122,184,4,3030,0,711,0,0.0236,0.0199,0.0553,0.0808,0.0752,0.7083,2.967,3.156,79.876,41.96,56.72,87.15,0.0094,0.0074,0.0192,72.53,96.97,162.82,0.0082,0.007,0.0188,26.6,12.16,42.81,0.0072,0.0066,0.0168,16000,1024,539.44,0.9471,0.0425,0.0092,0.0013
2026-08-26T21:49:05.773+02:00,1000,1024,1024,1056,122,184,2,3032,0,711,0,0.022,0.0213,0.0473,0.0659,0.0665,0.7223,2.894,2.946,105.334,79.05,66.33,157.98,0.0069,0.006,0.0138,218.67,170.8,82.36,0.0066,0.0058,0.0136,51.48,40.76,31.38,0.0059,0.0058,0.0126,16000,1024,486.61,0.9687,0.0256,0.005,0.0008
2026-08-26T21:49:35.773+02:00,1000,1024,1024,1056,122,184,10,3042,0,711,0,0.0233,0.0255,0.1496,0.0765,0.0953,1.2078,3.047,3.536,24.472,149.3,93.15,70.42,0.0068,0.0085,0.0559,186.84,24.03,467.36,0.0071,0.0081,0.0539,117.39,55.68,1.46,0.0067,0.0066,0.059,16000,1024,302.89,0.8608,0.1111,0.0259,0.0021
2026-08-26T21:50:05.775+02:00,1000,1024,1024,1056,122,184,35,3077,23,734,0,0.0258,0.0231,0.0955,0.0857,0.0894,0.7582,3.225,3.209,38.87,52.02,157.87,90.99,0.009,0.0064,0.0197,17.18,235.59,74.28,0.0082,0.0057,0.0187,41.95,142.26,399.56,0.0076,0.0058,0.0188,16000,1024,390.45,0.9492,0.0386,0.0106,0.0017
2026-08-26T21:51:05.780+02:00,1000,1024,1024,1056,123,186,5,3089,0,738,0,0.0523,0.0327,0.499,0.186,0.101,1.5413,2.892,2.748,2.568,134.91,11.82,157.37,0.0185,0.0108,0.1863,200.46,108.95,382.6,0.0176,0.0115,0.161,157.44,36.28,223.88,0.0167,0.0104,0.1474,16000,1024,358.6,0.9294,0.0528,0.0157,0.0021
2026-08-26T21:51:35.774+02:00,1000,1024,1024,1056,123,186,5,3094,0,738,0,0.0229,0.0203,0.0457,0.0723,0.074,0.6898,2.922,3.328,102.843,85.24,60.33,24.72,0.009,0.0063,0.0123,76.3,35.84,245.02,0.0071,0.006,0.01,92.19,115.56,30.13,0.0066,0.0058,0.0095,16000,1024,606.84,0.9877,0.009,0.0029,0.0004
2026-08-26T21:52:05.776+02:00,1000,1024,1024,1056,123,186,2,3096,0,738,0,0.0234,0.021,0.0578,0.0791,0.09,0.7482,3.029,3.242,94.972,15.73,63.42,189.24,0.0084,0.0075,0.0151,273.48,18.74,139.32,0.0066,0.0064,0.0141,43.08,126.34,223.16,0.0066,0.0061,0.0145,16000,1024,400.97,0.9392,0.0481,0.0109,0.0018
2026-08-26T21:52:35.775+02:00,1000,1024,1024,1056,123,187,1,3097,0,738,0,0.0234,0.0187,0.0319,0.0789,0.0634,0.1252,2.95,3.021,3.166,91.05,49.84,100.77,0.0085,0.0054,0.01,187.22,105.71,27.41,0.0071,0.0055,0.0094,193.28,206.93,147.66,0.0065,0.0052,0.009,16000,1024,392.37,0.9235,0.0549,0.0194,0.0022
2026-08-26T21:53:35.776+02:00,1000,1024,1024,1056,124,188,23,3143,1,750,0,0.0256,0.0233,0.1077,0.0872,0.0799,0.7241,2.782,2.906,29.644,76.14,4.94,360.73,0.009,0.0084,0.0394,83.85,149.65,162.49,0.0087,0.0075,0.0401,51.92,15.21,476.44,0.0071,0.0075,0.0342,16000,1024,276.2,0.8842,0.0861,0.0267,0.003
2026-08-26T21:54:05.777+02:00,1000,1024,1024,1056,124,188,3,3146,0,750,0,0.0246,0.0244,0.1537,0.0812,0.0979,1.1218,3.001,4.109,23.723,129.05,107.74,2.12,0.0079,0.0104,0.0768,71.98,1.97,22.22,0.0076,0.0087,0.069,100.68,65.51,421.1,0.0071,0.0082,0.0561,16000,1024,438.17,0.9424,0.0453,0.0107,0.0016
2026-08-26T21:54:35.778+02:00,1000,1024,1024,1056,124,189,2,3148,0,750,0,0.0227,0.0206,0.0326,0.0692,0.0698,0.1315,2.925,2.892,3.24,110.13,29.99,48.04,0.0083,0.0078,0.0114,12.06,66.88,98.18,0.0081,0.007,0.0119,218.05,12.96,170.52,0.0074,0.0057,0.01,16000,1024,451.8,0.9628,0.024,0.0119,0.0013
2026-08-26T21:55:05.778+02:00,1000,1024,1024,1056,124,189,1,3149,0,750,0,0.024,0.021,0.0682,0.0712,0.0917,0.7311,2.777,3.189,72.135,68.56,27.65,37.04,0.0072,0.0068,0.0179,128.82,63.49,189.21,0.0063,0.0064,0.018,179.21,171.53,147.48,0.0068,0.0062,0.0167,16000,1024,406.08,0.9588,0.0313,0.0087,0.0012
2026-08-26T21:55:35.796+02:00,1000,1024,1043,1075,124,189,4,3153,0,750,0,0.0231,0.0217,0.1049,0.0702,0.0807,0.7129,2.846,2.973,32.328,15.23,95.4,437.61,0.008,0.0075,0.039,6.04,107.38,80.84,0.0072,0.0067,0.0362,26.78,128.9,124.76,0.007,0.0059,0.0361,16000,1024,450.55,0.9779,0.0164,0.0052,0.0005
2026-08-26T21:56:05.777+02:00,1000,1024,1024,1056,124,189,3,3156,0,750,0,0.0229,0.021,0.0468,0.0627,0.0814,0.6869,2.67,3.146,93.747,94.12,185.66,72.79,0.0086,0.0065,0.0164,52.35,124.73,159.79,0.0081,0.0057,0.0117,197.1,63.29,57.56,0.0064,0.0056,0.01,16000,1024,719.92,0.9764,0.0168,0.0061,0.0007
2026-08-26T21:56:35.779+02:00,1000,1024,1024,1056,124,189,34,3190,27,777,0,0.0236,0.0225,0.0877,0.0709,0.1129,0.709,3.006,4.434,44.854,130.8,164.4,91.52,0.0088,0.0065,0.0294,186.46,10.61,48.04,0.0085,0.006,0.0256,151.46,148.12,193.28,0.0074,0.006,0.0246,16000,1024,343.26,0.9346,0.0462,0.018,0.0012
2026-08-26T21:57:05.779+02:00,1000,1024,1024,1056,124,189,4,3194,0,777,0,0.0235,0.0212,0.0551,0.1035,0.073,0.6977,3.325,3.308,80.646,27.43,49.77,22.97,0.0099,0.007,0.019,52.47,75.81,110.72,0.0087,0.0067,0.0179,258.72,40.86,52.36,0.0072,0.0064,0.0181,16000,1024,866.69,0.9864,0.0107,0.0026,0.0004
2026-08-26T21:57:35.783+02:00,1000,1024,1024,1056,124,190,8,3202,0,777,0,0.0243,0.0211,0.1038,0.0849,0.1005,1.058,3.27,4.129,55.793,14.21,12.33,39.39,0.0126,0.0068,0.0396,30.85,120.73,16.21,0.0083,0.0065,0.0329,162.51,229.47,433.82,0.0063,0.006,0.032,16000,1024,294.87,0.9287,0.0506,0.0186,0.0021
2026-08-26T21:59:35.782+02:00,1000,1024,1024,1056,127,192,2,3233,0,789,0,0.0241,0.0206,0.0462,0.0713,0.0875,0.6921,2.978,3.087,94.11,107.83,76.74,143.95,0.0085,0.0061,0.0157,14.0,61.67,15.42,0.0068,0.0054,0.0153,44.06,111.34,165.43,0.006,0.0054,0.0153,16000,1024,389.09,0.9042,0.0821,0.012,0.0017
2026-08-26T22:00:05.804+02:00,1000,1024,1045,1078,127,192,8,3241,1,790,0,0.0245,0.0212,0.0568,0.0901,0.0673,0.7122,2.959,3.089,83.292,97.77,113.06,65.43,0.0081,0.0068,0.0125,53.87,68.08,98.0,0.0079,0.0066,0.0116,31.51,194.01,102.29,0.007,0.006,0.0108,16000,1024,456.4,0.9709,0.023,0.0053,0.0007
2026-08-26T22:00:35.781+02:00,1000,1024,1024,1056,127,194,40,3281,32,822,0,0.0238,0.0238,0.0751,0.0901,0.0837,0.7324,3.146,3.896,60.358,111.43,22.47,16.72,0.0079,0.0087,0.0246,80.16,70.43,58.59,0.0072,0.0087,0.0224,32.51,75.37,168.71,0.0076,0.0074,0.0215,16000,1024,416.25,0.958,0.0319,0.0093,0.0008
2026-08-26T22:01:05.782+02:00,1000,1024,1024,1056,127,194,2,3283,1,823,0,0.0234,0.0219,0.071,0.0753,0.0748,0.7616,3.093,3.09,60.594,96.41,62.03,19.29,0.0092,0.0083,0.0214,48.26,5.8,24.52,0.0092,0.0064,0.0209,79.68,47.91,14.51,0.0086,0.0063,0.0205,16000,1024,407.68,0.9647,0.0253,0.009,0.001
2026-08-26T22:01:35.783+02:00,1000,1024,1024,1056,127,196,10,3293,0,823,0,0.0247,0.0235,0.0797,0.0754,0.1007,0.725,2.649,3.461,51.206,25.04,26.64,330.93,0.0087,0.0091,0.0308,73.65,70.01,46.74,0.0082,0.0077,0.0305,11.06,52.24,381.62,0.0073,0.0073,0.029,16000,1024,467.39,0.9731,0.0195,0.0065,0.0008
2026-08-26T22:02:05.783+02:00,1000,1024,1024,1056,127,196,5,3298,0,823,0,0.0516,0.0314,0.4743,0.1685,0.1195,1.5855,2.846,2.869,2.804,3.24,3.13,3.14,0.0242,0.0142,0.215,108.23,132.47,40.55,0.0154,0.0098,0.147,40.72,42.66,62.41,0.0151,0.0089,0.124,16000,1024,476.7,0.9734,0.021,0.005,0.0006
2026-08-26T22:03:05.787+02:00,1000,1024,1024,1056,128,199,43,3342,30,853,0,0.0233,0.0234,0.1056,0.0785,0.1233,1.0141,2.854,4.905,51.75,75.49,12.38,25.4,0.0094,0.0091,0.0326,13.96,112.69,88.21,0.0083,0.0071,0.0318,168.82,177.46,478.15,0.0065,0.006,0.0323,16000,1024,450.64,0.9622,0.0302,0.0068,0.0007
2026-08-26T22:03:35.784+02:00,1000,1024,1024,1056,128,200,4,3346,0,853,0,0.0555,0.0331,0.5243,0.1969,0.1036,1.6571,3.251,2.999,3.039,19.62,19.62,19.73,0.0162,0.0113,0.1517,473.5,303.38,5.82,0.0161,0.0109,0.1453,298.57,33.52,351.67,0.0152,0.0102,0.1398,16000,1024,616.46,0.9755,0.0182,0.0058,0.0005
2026-08-26T22:04:05.784+02:00,1000,1024,1024,1056,128,200,12,3358,1,854,0,0.025,0.0227,0.1348,0.0797,0.0953,1.0587,2.949,4.062,31.303,77.15,36.33,4.96,0.008,0.0077,0.0566,102.13,312.81,494.84,0.0073,0.0071,0.0544,125.93,156.24,474.34,0.007,0.0066,0.0524,16000,1024,484.5,0.9755,0.0177,0.0059,0.0008
2026-08-26T22:04:35.784+02:00,1000,1024,1024,1056,128,201,5,3363,0,854,0,0.0238,0.0217,0.0335,0.0773,0.0743,0.1073,3.004,2.974,2.927,102.27,115.26,23.43,0.0086,0.0069,0.0098,76.16,9.93,29.26,0.0069,0.0058,0.0087,36.55,67.05,79.76,0.0069,0.0059,0.0088,16000,1024,326.24,0.9092,0.0728,0.0162,0.0018
2026-08-26T22:05:05.786+02:00,1000,1024,1024,1056,128,201,7,3370,0,854,0,0.0227,0.0193,0.0461,0.0999,0.0681,0.6925,3.523,3.03,100.676,32.95,4.75,3.72,0.0095,0.0071,0.0136,185.02,141.02,109.48,0.0077,0.007,0.0127,53.66,128.16,183.26,0.0066,0.0067,0.0123,16000,1024,429.3,0.9647,0.0273,0.0072,0.0008
2026-08-26T22:05:35.785+02:00,1000,1024,1024,1056,128,201,10,3380,0,854,0,0.0244,0.0237,0.1466,0.0798,0.1086,1.148,2.975,3.939,28.445,7.41,71.24,479.96,0.01,0.0087,0.0667,80.29,5.07,40.12,0.0069,0.0066,0.0486,1.57,117.17,488.02,0.0073,0.0063,0.0485,16000,1024,388.4,0.8743,0.0904,0.0326,0.0026
2026-08-26T22:06:05.787+02:00,1000,1024,1024,1056,128,201,9,3389,0,854,0,0.0232,0.0212,0.0621,0.0692,0.098,0.6855,2.719,3.41,70.563,34.44,34.39,47.08,0.007,0.0062,0.011,102.36,114.25,37.83,0.0068,0.0061,0.0103,21.56,123.87,113.08,0.0062,0.0059,0.0096,16000,1024,1049.54,0.991,0.0064,0.0022,0.0004
2026-08-26T22:07:05.799+02:00,1000,1024,1035,1067,129,201,3,3396,1,855,0,0.0232,0.0224,0.046,0.0737,0.0966,0.6918,2.9,3.199,103.26,105.22,123.36,42.39,0.0081,0.0074,0.011,16.42,118.05,4.46,0.0068,0.0068,0.0102,89.78,232.88,98.3,0.0066,0.0066,0.0093,16000,1024,350.61,0.9283,0.0557,0.0141,0.0019
2026-08-26T22:07:35.786+02:00,1000,1024,1024,1056,129,201,16,3412,0,855,0,0.0519,0.0316,0.4841,0.167,0.0973,1.7089,3.012,2.66,3.176,4.16,19.25,4.09,0.0194,0.0119,0.2033,145.34,149.63,19.54,0.0166,0.011,0.1926,375.73,12.69,375.34,0.016,0.0097,0.1484,16000,1024,407.93,0.9348,0.0489,0.0151,0.0012
2026-08-26T22:08:05.788+02:00,1000,1024,1024,1056,129,201,0,3412,0,855,0,0.0234,0.0231,0.0859,0.0893,0.0783,0.7084,3.458,3.03,41.301,13.32,35.68,249.8,0.0086,0.0071,0.0239,97.93,174.53,62.37,0.007,0.0068,0.0233,62.12,12.59,34.25,0.0069,0.0062,0.022,16000,1024,394.33,0.9563,0.0362,0.0068,0.0007
2026-08-26T22:08:35.792+02:00,1000,1024,1024,1056,129,201,10,3422,1,856,0,0.05,0.0317,0.4998,0.1935,0.1054,1.6429,3.341,2.965,3.345,311.5,35.46,20.78,0.0197,0.0105,0.1595,199.41,199.58,31.05,0.0188,0.0104,0.1518,18.09,238.44,199.53,0.0198,0.0094,0.1525,16000,1024,407.06,0.9579,0.0311,0.0099,0.0011
2026-08-26T22:09:05.789+02:00,1000,1024,1024,1056,129,202,13,3435,0,856,0,0.0246,0.0228,0.0538,0.081,0.0721,0.7126,2.848,2.946,76.374,127.05,36.02,33.2,0.0081,0.0089,0.0192,70.3,53.67,1.69,0.0076,0.0065,0.0155,154.03,11.0,180.48,0.0074,0.0064,0.0129,16000,1024,360.12,0.944,0.042,0.0122,0.0018
2026-08-26T22:09:35.789+02:00,1000,1024,1024,1056,129,202,0,3435,0,856,0,0.0228,0.0225,0.0325,0.0671,0.0698,0.1149,2.709,2.956,2.846,189.6,64.21,82.03,0.0078,0.0076,0.0105,6.66,140.39,216.96,0.0072,0.0072,0.0093,75.76,80.92,29.43,0.0076,0.0066,0.0088,16000,1024,387.45,0.9586,0.0276,0.0126,0.0012
2026-08-26T22:10:35.790+02:00,1000,1024,1024,1056,130,203,7,3456,0,857,0,0.0222,0.0219,0.1373,0.0673,0.0924,1.1833,2.679,4.103,31.371,76.28,212.94,486.46,0.0091,0.0059,0.0583,127.45,119.57,27.02,0.0074,0.0067,0.0505,190.66,412.44,15.81,0.0067,0.006,0.0476,16000,1024,275.69,0.9176,0.0641,0.016,0.0023
2026-08-26T22:11:05.790+02:00,1000,1024,1024,1056,130,203,0,3456,0,857,0,0.0236,0.0207,0.0354,0.0721,0.088,0.1181,2.375,3.26,2.808,9.09,114.13,59.07,0.0077,0.0085,0.0121,84.36,41.29,92.19,0.0072,0.0065,0.0117,49.72,207.84,3.51,0.0067,0.0057,0.0108,16000,1024,473.96,0.9706,0.0166,0.0113,0.0015
2026-08-26T22:11:35.813+02:00,1000,1024,1045,1077,130,203,14,3470,0,857,0,0.024,0.0231,0.1025,0.0767,0.1076,0.84,2.956,4.233,37.041,129.04,165.99,7.8,0.007,0.0077,0.0358,4.58,29.39,496.12,0.0074,0.0071,0.0298,175.94,44.28,33.44,0.0067,0.0067,0.0302,16000,1024,498.62,0.9385,0.0456,0.0142,0.0017
2026-08-26T22:12:05.791+02:00,1000,1024,1024,1056,130,203,1,3471,0,857,0,0.0234,0.022,0.0324,0.0854,0.0635,0.0966,3.041,2.544,2.636,45.53,51.53,165.61,0.0083,0.0065,0.0119,154.57,83.68,34.45,0.0065,0.0062,0.0106,182.59,225.62,76.45,0.0061,0.0058,0.0106,16000,1024,493.05,0.971,0.021,0.0073,0.0006
2026-08-26T22:12:35.791+02:00,1000,1024,1024,1056,130,204,1,3472,0,857,0,0.0219,0.0215,0.0417,0.0754,0.0707,0.575,2.913,3.306,70.151,50.71,119.06,28.07,0.0087,0.0069,0.013,34.28,6.28,154.45,0.0078,0.0092,0.0091,44.23,58.1,4.82,0.0056,0.0062,0.0086,16000,1024,274.48,0.94,0.0401,0.0181,0.0018
2026-08-26T22:13:05.795+02:00,1000,1024,1024,1056,130,204,2,3474,0,857,0,0.0245,0.0222,0.0453,0.1046,0.0793,0.6772,3.339,3.239,93.622,17.48,61.98,40.6,0.0083,0.0085,0.0137,64.11,66.4,102.14,0.0078,0.0066,0.0135,106.32,105.83,72.73,0.0069,0.0067,0.0134,16000,1024,334.99,0.933,0.0574,0.0083,0.0013
2026-08-26T22:13:35.792+02:00,1000,1024,1024,1056,130,204,3,3477,0,857,0,0.0236,0.0199,0.0846,0.0755,0.0797,0.8581,3.022,3.476,65.398,32.2,66.43,459.92,0.0074,0.0076,0.0305,7.09,116.0,354.16,0.0067,0.0063,0.0307,148.38,36.02,211.3,0.0064,0.0062,0.0304,16000,1024,361.15,0.9359,0.0464,0.016,0.0017
2026-08-26T22:14:05.794+02:00,1000,1024,1024,1056,130,205,1,3478,0,857,0,0.0244,0.0211,0.0843,0.0603,0.0828,1.3746,2.595,3.201,120.166,16.78,111.56,108.44,0.0071,0.0069,0.0223,91.18,40.75,29.33,0.0069,0.0056,0.0222,99.84,170.17,118.34,0.0066,0.0056,0.0227,16000,1024,452.73,0.95,0.0359,0.0127,0.0013
2026-08-26T22:14:35.793+02:00,1000,1024,1024,1056,130,205,6,3484,0,857,0,0.0224,0.0208,0.0506,0.0684,0.0666,0.8223,2.959,2.933,135.873,22.29,217.61,82.81,0.008,0.007,0.0135,97.35,12.92,69.54,0.0074,0.0063,0.0136,12.15,57.73,219.67,0.0075,0.006,0.0131,16000,1024,425.75,0.9483,0.0419,0.0087,0.0011
2026-08-26T22:15:05.794+02:00,1000,1024,1024,1056,130,205,0,3484,0,857,0,0.0235,0.021,0.0524,0.0914,0.072,0.6645,3.045,2.895,80.824,212.37,91.09,162.04,0.0082,0.007,0.0121,162.35,128.95,137.53,0.0067,0.0058,0.0108,70.33,160.33,126.21,0.0063,0.0058,0.0106,16000,1024,459.19,0.9241,0.0658,0.0089,0.0012
2026-08-26T22:15:35.794+02:00,1000,1024,1024,1056,130,206,7,3491,0,857,0,0.0232,0.0202,0.071,0.0753,0.0763,0.8263,2.954,2.831,68.928,8.66,50.45,234.39,0.007,0.0068,0.0162,195.09,189.18,206.94,0.0066,0.0066,0.0159,68.65,165.23,338.31,0.0065,0.0065,0.0155,16000,1024,315.17,0.8792,0.0893,0.0287,0.0027
2026-08-26T22:16:05.794+02:00,1000,1024,1024,1056,130,208,3,3494,0,857,0,0.0216,0.0207,0.0471,0.0759,0.076,0.7039,3.107,3.366,100.798,48.78,55.31,71.39,0.0068,0.007,0.0121,147.55,8.93,12.6,0.0059,0.0061,0.0109,171.88,93.42,84.07,0.0056,0.0058,0.0095,16000,1024,501.59,0.9728,0.0194,0.007,0.0008
2026-08-26T22:16:35.793+02:00,1000,1024,1024,1056,130,208,7,3501,1,858,0,0.0231,0.0224,0.0575,0.0786,0.0805,0.7225,2.895,2.942,88.404,4.87,80.56,44.62,0.0082,0.0077,0.0154,90.25,4.14,245.25,0.0067,0.007,0.0151,10.53,214.73,56.65,0.0068,0.0064,0.0149,16000,1024,453.16,0.9503,0.0389,0.0094,0.0013
2026-08-26T22:17:05.795+02:00,1000,1024,1024,1056,130,208,38,3539,32,890,0,0.0218,0.0222,0.0731,0.0696,0.0706,0.7362,3.034,3.076,63.707,104.94,30.84,140.39,0.007,0.0068,0.0165,24.27,40.89,107.98,0.0067,0.0054,0.015,185.67,64.85,24.31,0.0061,0.0057,0.0133,16000,1024,460.77,0.9576,0.0346,0.0069,0.0009
2026-08-26T22:17:35.798+02:00,1000,1024,1024,1056,130,208,0,3539,0,890,0,0.0235,0.02,0.0455,0.0775,0.0844,0.6985,3.098,3.282,108.021,25.31,67.75,26.13,0.0076,0.0067,0.0103,30.45,85.83,138.9,0.0076,0.006,0.0102,154.05,91.52,201.86,0.0069,0.0052,0.01,16000,1024,353.78,0.9467,0.0404,0.0113,0.0015
2026-08-26T22:18:05.795+02:00,1000,1024,1024,1056,130,208,0,3539,0,890,0,0.036,0.0225,0.2836,0.1132,0.0714,0.783,3.056,2.874,4.087,344.77,344.85,344.72,0.0171,0.0118,0.1612,349.49,6.84,349.52,0.0172,0.0102,0.1448,6.53,338.0,337.87,0.0148,0.0073,0.1337,16000,1024,429.66,0.9699,0.0207,0.0086,0.0008
2026-08-26T22:18:35.799+02:00,1000,1024,1027,1060,130,208,5,3544,0,890,0,0.0248,0.0226,0.0542,0.0951,0.0789,0.6789,3.363,3.038,75.131,100.44,5.11,9.08,0.0092,0.0088,0.0201,10.95,91.76,139.51,0.0081,0.0071,0.016,168.86,55.06,118.68,0.0075,0.0075,0.0143,16000,1024,514.22,0.9767,0.0156,0.0071,0.0006
2026-08-26T22:19:05.797+02:00,1000,1024,1024,1056,130,208,0,3544,0,890,0,1.8173,0.2003,0.1001,2.6338,0.344,0.7144,1.502,1.526,6.364,49.1,49.1,49.12,2.6068,0.2822,0.1259,147.27,147.29,147.22,0.0487,0.0505,0.0217,196.11,99.86,100.33,0.0157,0.0185,0.0204,16000,1024,551.13,0.849,0.1374,0.0074,0.0063
2026-08-26T22:19:35.797+02:00,1000,1024,1024,1056,130,208,1,3545,0,890,0,1.6494,0.2086,0.1229,2.5106,0.3896,0.7707,1.523,1.616,15.162,49.27,49.27,49.28,2.3961,0.3,0.1039,147.81,147.88,147.76,0.0644,0.0502,0.0465,41.59,100.18,312.52,0.0307,0.0166,0.0338,16000,1024,378.89,0.7875,0.1892,0.018,0.0053
2026-08-26T22:20:05.797+02:00,1000,1024,1024,1056,130,210,24,3569,4,894,0,1.5639,0.2112,0.1194,2.5712,0.4011,0.8335,1.592,1.651,19.766,49.41,49.4,49.41,0.8891,0.1219,0.0421,43.98,43.84,28.24,0.4814,0.0783,0.027,31.8,25.52,17.81,0.4948,0.0601,0.0222,16000,1024,492.58,0.898,0.0834,0.0153,0.0033
2026-08-26T22:20:35.796+02:00,1000,1024,1024,1056,130,210,33,3602,22,916,0,1.5924,0.2199,0.1079,2.8043,0.3969,0.7347,1.546,1.641,17.236,49.45,49.46,49.46,1.8102,0.2427,0.0809,38.43,18.18,20.74,0.4252,0.0576,0.0325,18.19,41.34,7.4,0.4055,0.0528,0.0337,16000,1024,572.71,0.9004,0.0908,0.0071,0.0017
2026-08-26T22:21:05.797+02:00,1000,1024,1024,1056,130,210,7,3609,1,917,0,1.6355,0.2165,0.1031,2.8932,0.389,0.834,1.522,1.614,19.498,49.35,49.33,49.15,1.9032,0.2467,0.0743,44.43,44.43,44.24,0.2911,0.0374,0.0215,54.2,148.29,33.99,0.287,0.0355,0.0196,16000,1024,487.99,0.8095,0.1705,0.0161,0.0039
2026-08-26T22:21:35.797+02:00,1000,1024,1024,1056,130,210,13,3622,2,919,0,1.6366,0.2161,0.1043,2.6457,0.4091,0.7472,1.526,1.635,18.531,49.45,49.45,49.39,1.2359,0.1634,0.0567,6.14,7.34,61.4,0.4927,0.0685,0.0371,33.82,29.13,1.77,0.409,0.0486,0.0336,16000,1024,609.82,0.8134,0.1763,0.0082,0.002
2026-08-26T22:22:05.799+02:00,1000,1024,1024,1056,130,210,4,3626,2,921,0,1.6553,0.2143,0.1129,2.4327,0.3897,0.8057,1.519,1.587,16.419,49.34,49.34,49.32,2.4272,0.3091,0.0933,148.03,147.94,136.07,0.0578,0.0371,0.0401,99.08,99.71,147.82,0.0177,0.0209,0.0395,16000,1024,516.85,0.7201,0.2623,0.0139,0.0037
2026-08-26T22:22:35.799+02:00,1000,1024,1024,1056,130,210,4,3630,1,922,0,1.6807,0.2137,0.0885,2.4792,0.386,0.6748,1.521,1.62,7.8,49.33,49.33,49.29,2.3237,0.2917,0.0963,39.73,39.73,99.15,0.2374,0.0347,0.0243,44.64,148.12,148.12,0.2152,0.0324,0.019,16000,1024,567.44,0.8453,0.1412,0.0098,0.0037
2026-08-26T22:23:05.800+02:00,1000,1024,1024,1056,130,210,2,3632,0,922,0,1.7124,0.211,0.0901,2.6974,0.3742,0.7131,1.52,1.588,9.292,49.32,49.32,49.35,2.3653,0.2949,0.1099,42.95,148.13,98.77,0.1871,0.0393,0.0272,30.25,99.64,14.09,0.1797,0.0224,0.017,16000,1024,485.59,0.772,0.2113,0.0125,0.0042
2026-08-26T22:23:35.799+02:00,1000,1024,1024,1056,130,210,6,3638,0,922,0,1.7824,0.2074,0.1035,2.683,0.3646,0.7742,1.516,1.637,11.842,49.33,49.35,49.4,2.0303,0.2261,0.0871,18.61,33.34,98.98,0.3096,0.038,0.0287,33.62,18.83,147.3,0.2956,0.0366,0.0216,16000,1024,547.34,0.8049,0.1825,0.0095,0.0031
2026-08-26T22:24:35.800+02:00,1000,1024,1024,1056,131,212,4,3668,1,938,0,1.8496,0.2025,0.1087,2.7387,0.3747,0.6492,1.529,1.607,5.398,49.31,49.31,49.2,2.3796,0.2557,0.1181,44.3,24.13,147.86,0.3794,0.0421,0.0385,39.09,44.43,99.42,0.3328,0.0404,0.0305,16000,1024,486.19,0.7198,0.2591,0.0149,0.0062
2026-08-26T22:25:05.801+02:00,1000,1024,1024,1056,131,212,5,3673,0,938,0,1.856,0.2007,0.1218,2.7325,0.3708,0.892,1.533,1.612,10.949,49.29,49.29,49.26,2.5049,0.2654,0.1344,43.93,44.14,147.85,0.3321,0.0357,0.0298,38.3,54.58,99.33,0.2886,0.0307,0.0275,16000,1024,558.99,0.7829,0.197,0.0169,0.0032
2026-08-26T22:25:35.805+02:00,1000,1024,1024,1056,131,212,5,3678,1,939,0,1.8848,0.1999,0.1169,2.8132,0.3572,0.7848,1.516,1.571,9.507,49.26,49.27,49.2,2.033,0.2243,0.0977,53.22,43.46,35.4,0.4394,0.0423,0.0325,44.43,32.59,44.43,0.429,0.0414,0.0333,16000,1024,408.72,0.7003,0.2742,0.0183,0.0072
2026-08-26T22:26:05.801+02:00,1000,1024,1024,1056,131,212,4,3682,0,939,0,1.9101,0.1962,0.1619,2.8141,0.3541,1.1646,1.529,1.584,14.888,49.22,49.23,49.28,2.6202,0.2673,0.1534,43.87,147.53,5.52,0.1872,0.0276,0.0498,56.79,44.17,11.06,0.1634,0.0226,0.0463,16000,1024,618.59,0.8896,0.1004,0.0078,0.0021
2026-08-26T22:26:35.802+02:00,1000,1024,1024,1056,131,212,0,3682,0,939,0,1.9556,0.1985,0.1237,2.8523,0.3539,0.7107,1.513,1.605,8.084,49.27,49.27,49.25,2.8617,0.2858,0.1445,147.76,147.66,147.61,0.0728,0.038,0.0323,196.97,99.67,137.64,0.0156,0.0211,0.0217,16000,1024,508.74,0.8275,0.1497,0.0179,0.005
2026-08-26T22:27:05.801+02:00,1000,1024,1024,1056,131,212,7,3689,0,939,0,1.9481,0.1937,0.1131,2.9608,0.3539,0.6875,1.529,1.654,4.765,49.25,49.27,49.24,2.3065,0.2279,0.1225,44.15,43.65,34.3,0.5168,0.0544,0.0282,53.38,53.34,26.45,0.467,0.0471,0.028,16000,1024,482.46,0.8475,0.1375,0.0115,0.0035
2026-08-26T22:27:35.802+02:00,1000,1024,1024,1056,131,212,6,3695,0,939,0,1.9912,0.1932,0.1313,3.0227,0.3462,0.6799,1.528,1.62,7.005,49.19,49.19,49.15,2.0085,0.1943,0.1117,15.8,16.75,98.21,0.3833,0.0386,0.0355,6.65,36.28,16.1,0.3617,0.0296,0.0321,16000,1024,458.38,0.8346,0.1443,0.017,0.0041
2026-08-26T22:28:05.806+02:00,1000,1024,1024,1056,131,212,30,3725,14,953,0,1.9883,0.1954,0.1468,3.0448,0.3961,0.8086,1.539,1.657,9.16,49.13,49.13,49.02,2.0888,0.2084,0.1041,20.78,35.78,43.87,0.5935,0.0618,0.0414,35.85,20.76,36.49,0.5631,0.0548,0.0402,16000,1024,542.5,0.9132,0.074,0.0098,0.0029
2026-08-26T22:28:35.810+02:00,1000,1024,1024,1057,131,213,5,3730,3,956,0,2.0296,0.1926,0.1709,3.4344,0.3697,1.0248,1.519,1.625,9.665,49.2,49.18,49.1,2.6302,0.2456,0.1484,44.23,147.68,62.9,0.3139,0.0358,0.0511,39.55,53.22,369.04,0.2734,0.0307,0.0408,16000,1024,719.41,0.8961,0.0915,0.0101,0.0022
2026-08-26T22:29:05.805+02:00,1000,1024,1024,1056,131,213,4,3734,1,957,0,2.0229,0.1933,0.1841,3.0112,0.3436,1.3075,1.521,1.605,13.591,49.25,49.24,49.34,2.8844,0.2707,0.1552,43.58,147.76,468.59,0.1414,0.0412,0.0521,38.57,99.37,492.11,0.1331,0.0188,0.0441,16000,1024,608.01,0.9115,0.0782,0.008,0.0023
2026-08-26T22:30:05.807+02:00,1000,1024,1026,1058,132,214,40,3779,24,984,0,2.0321,0.1893,0.162,3.06,0.3641,1.048,1.533,1.663,10.899,49.18,49.18,49.15,1.9358,0.1753,0.1017,53.74,19.77,53.72,0.6989,0.0587,0.0741,32.33,53.61,24.32,0.5962,0.0566,0.06,16000,1024,722.8,0.897,0.0938,0.0066,0.0027
2026-08-26T22:30:35.806+02:00,1000,1024,1024,1056,132,215,3,3782,1,985,0,2.077,0.1943,0.1632,3.0201,0.3604,1.1612,1.508,1.611,13.835,49.21,49.21,49.12,3.0116,0.2777,0.144,147.55,147.47,488.72,0.0725,0.0428,0.0386,197.13,99.54,22.47,0.0188,0.0171,0.0342,16000,1024,559.31,0.8111,0.1684,0.0158,0.0047
2026-08-26T22:32:05.808+02:00,1000,1024,1024,1056,134,215,1,3798,0,986,0,2.1448,0.1957,0.123,3.1117,0.3442,0.2899,1.507,1.628,1.756,49.22,49.21,49.22,3.0544,0.2728,0.1655,147.4,147.65,98.73,0.08,0.0451,0.03,54.51,100.22,147.46,0.0672,0.0188,0.0226,16000,1024,557.73,0.9133,0.0761,0.0084,0.0022
2026-08-26T22:33:05.815+02:00,1000,1024,1028,1061,135,215,6,3805,3,990,0,2.1867,0.1893,0.1572,3.1926,0.3577,0.9165,1.515,1.675,6.926,49.2,49.2,49.11,3.1791,0.2706,0.1705,147.5,147.4,147.45,0.0817,0.0427,0.0334,53.39,99.92,98.38,0.023,0.0196,0.0239,16000,1024,599.12,0.8971,0.0904,0.0093,0.0033
2026-08-26T22:33:35.808+02:00,1000,1024,1024,1056,135,215,3,3808,0,990,0,2.2055,0.1878,0.3603,3.2529,0.3614,1.35,1.509,1.702,4.632,49.21,49.19,49.34,2.9578,0.2424,0.1491,40.35,147.42,466.62,0.2979,0.0436,0.1252,31.38,28.15,426.19,0.2689,0.0253,0.1235,16000,1024,516.22,0.7355,0.2443,0.014,0.0062
2026-08-26T22:34:35.808+02:00,1000,1024,1024,1056,136,215,2,3817,0,991,0,2.1853,0.1905,0.2257,3.1889,0.3544,1.2968,1.511,1.631,7.157,49.17,49.17,49.14,3.158,0.2671,0.1465,147.42,147.54,187.67,0.0893,0.0394,0.0942,24.55,99.78,138.73,0.018,0.0197,0.0724,16000,1024,537.03,0.8505,0.1361,0.011,0.0024
2026-08-26T22:35:35.808+02:00,1000,1024,1024,1056,137,218,3,3827,0,992,0,2.1955,0.1931,0.1334,3.2584,0.3562,0.7161,1.512,1.643,4.027,49.15,49.11,49.15,2.7428,0.2353,0.1483,41.97,147.4,147.32,0.4347,0.0438,0.0348,55.8,42.12,6.66,0.3661,0.0361,0.0287,16000,1024,650.3,0.9231,0.0692,0.0063,0.0014
2026-08-26T22:37:05.809+02:00,1000,1024,1024,1056,139,220,44,3875,25,1017,0,2.2057,0.1972,0.224,3.2438,0.4086,0.7998,1.515,1.626,5.673,49.06,49.06,49.08,3.034,0.2662,0.1761,35.74,147.16,486.21,0.1551,0.0392,0.0723,21.29,99.82,338.24,0.1382,0.0241,0.07,16000,1024,529.71,0.8626,0.1263,0.0086,0.0025
2026-08-26T22:37:35.811+02:00,1000,1024,1024,1056,139,220,0,3875,0,1017,0,2.2731,0.193,0.1362,3.3006,0.3474,0.2923,1.503,1.651,1.662,49.05,49.05,49.04,3.2204,0.2704,0.1835,147.09,147.09,147.22,0.0911,0.0398,0.0358,54.37,99.76,98.03,0.0606,0.0211,0.0255,16000,1024,599.87,0.9025,0.0889,0.0068,0.0019
2026-08-26T22:38:05.810+02:00,1000,1024,1024,1056,139,220,2,3877,0,1017,0,2.2822,0.1934,0.1672,3.4978,0.3466,0.8627,1.513,1.661,7.164,48.98,48.96,48.93,2.9015,0.2472,0.1713,44.43,147.08,146.88,0.4023,0.0451,0.0489,37.77,44.1,97.46,0.2936,0.0281,0.0331,16000,1024,549.43,0.8125,0.1714,0.0125,0.0036
2026-08-26T22:38:35.810+02:00,1000,1024,1024,1056,139,222,1,3878,0,1017,0,2.3096,0.1934,0.1432,3.334,0.336,0.7917,1.498,1.642,3.827,49.18,49.16,49.16,3.2564,0.266,0.174,40.38,147.45,147.47,0.103,0.0428,0.0377,53.98,100.12,24.15,0.1039,0.0167,0.0204,16000,1024,596.93,0.822,0.1632,0.0118,0.003
2026-08-26T22:39:05.814+02:00,1000,1024,1024,1056,139,222,3,3881,1,1018,0,2.3317,0.1939,0.2528,4.2468,0.3696,1.4101,1.507,1.685,5.868,49.17,49.17,49.13,3.0004,0.2419,0.1857,44.38,147.55,238.79,0.3401,0.0389,0.0678,54.2,42.07,425.58,0.2738,0.032,0.0568,16000,1024,747.25,0.9154,0.0741,0.0083,0.0023
2026-08-26T22:40:35.812+02:00,1000,1024,1024,1056,141,224,0,3884,0,1018,0,2.3288,0.1956,0.1392,3.4089,0.3542,0.2614,1.505,1.659,1.572,49.02,49.02,49.05,3.3075,0.2739,0.1911,147.06,146.94,147.01,0.0849,0.0469,0.0338,43.46,99.64,97.61,0.0544,0.0211,0.0227,16000,1024,846.71,0.9297,0.0629,0.0059,0.0016
2026-08-26T22:42:05.815+02:00,1000,1024,1024,1056,143,225,0,3890,0,1019,0,2.3767,0.1926,0.149,3.4195,0.357,0.8429,1.499,1.658,3.551,49.11,49.11,49.11,3.4099,0.2734,0.2035,147.21,147.3,147.16,0.0954,0.0468,0.0374,196.36,99.97,97.83,0.017,0.0204,0.0283,16000,1024,663.26,0.8588,0.1342,0.0054,0.0016
2026-08-26T22:45:05.817+02:00,1000,1024,1024,1056,148,226,2,3902,0,1022,0,2.4327,0.1926,0.2759,3.5412,0.3691,1.3859,1.491,1.729,6.121,49.13,49.13,49.01,3.4652,0.2627,0.1906,147.36,147.32,187.69,0.087,0.0521,0.0908,15.69,99.84,147.41,0.0443,0.0276,0.0784,16000,1024,622.39,0.8821,0.1052,0.01,0.0027
2026-08-26T22:45:35.815+02:00,1000,1024,1024,1056,148,226,1,3903,0,1022,0,2.4422,0.1967,0.1561,3.607,0.3597,0.7213,1.502,1.691,2.316,49.01,49.01,49.03,3.2852,0.2644,0.2047,38.47,146.94,146.82,0.2683,0.0419,0.0343,42.48,99.74,22.64,0.2399,0.0198,0.0252,16000,1024,608.49,0.9114,0.078,0.0083,0.0024
2026-08-26T22:46:35.818+02:00,1000,1024,1024,1056,149,230,3,3907,0,1022,0,2.4383,0.1995,0.1588,3.6598,0.3574,0.8416,1.504,1.654,3.22,49.14,49.14,49.15,3.2765,0.2708,0.2003,38.92,147.36,147.29,0.3073,0.0439,0.0276,32.19,55.67,36.19,0.3041,0.0203,0.0267,16000,1024,753.34,0.958,0.0363,0.0046,0.0011
2026-08-26T22:47:05.817+02:00,1000,1024,1024,1056,149,230,0,3907,0,1022,0,2.4567,0.1991,0.165,3.5132,0.3827,1.0695,1.49,1.672,6.046,49.13,49.13,49.11,3.529,0.2816,0.2173,147.29,147.16,147.4,0.0928,0.0494,0.0381,196.57,99.96,97.97,0.0169,0.0181,0.0332,16000,1024,650.69,0.9202,0.0713,0.0068,0.0017
2026-08-26T22:47:35.817+02:00,1000,1024,1024,1056,149,230,0,3907,0,1022,0,2.4342,0.1965,0.2746,3.5183,0.3671,1.4836,1.499,1.678,5.985,49.11,49.12,49.11,3.5025,0.2754,0.2158,147.29,147.37,187.5,0.0989,0.0475,0.1231,196.53,100.13,124.93,0.0178,0.0221,0.0833,16000,1024,615.52,0.7928,0.1898,0.0142,0.0033
2026-08-26T22:48:05.819+02:00,1000,1024,1024,1056,149,231,0,3907,0,1022,0,2.4472,0.2009,0.164,3.5385,0.397,1.0902,1.489,1.643,5.649,49.12,49.12,49.08,3.5159,0.2818,0.2105,147.27,147.42,147.23,0.0924,0.0487,0.0323,196.46,99.85,100.01,0.0164,0.0177,0.0324,16000,1024,679.01,0.8525,0.1357,0.0089,0.003
2026-08-26T22:49:05.820+02:00,1000,1024,1024,1056,150,232,0,3908,0,1022,0,2.4465,0.1973,0.2885,3.5168,0.3821,1.394,1.492,1.719,6.616,49.11,49.11,49.15,3.516,0.2737,0.2456,147.36,147.16,125.06,0.0915,0.0514,0.1072,54.54,99.79,187.65,0.0146,0.0223,0.089,16000,1024,593.74,0.9105,0.0771,0.0097,0.0026
2026-08-26T22:49:35.819+02:00,1000,1024,1024,1056,150,232,0,3908,0,1022,0,2.4403,0.2011,0.1617,3.5172,0.3514,0.9249,1.497,1.655,3.657,49.12,49.13,49.11,3.5119,0.2827,0.209,147.31,147.26,98.45,0.0918,0.0445,0.0276,196.42,100.01,147.24,0.0212,0.0206,0.0281,16000,1024,639.17,0.8696,0.117,0.0108,0.0026
2026-08-26T22:50:35.821+02:00,1000,1024,1024,1056,151,232,0,3909,0,1022,0,2.4766,0.2037,0.1556,3.5439,0.3701,0.3878,1.486,1.689,1.556,49.08,49.09,49.08,3.5357,0.2875,0.2101,147.29,147.13,147.33,0.084,0.0493,0.0374,53.22,99.87,99.85,0.0606,0.0259,0.0273,16000,1024,773.88,0.8552,0.1349,0.0081,0.0018
2026-08-26T22:51:05.821+02:00,1000,1024,1024,1056,151,232,0,3909,0,1022,0,2.5038,0.1985,0.2806,3.7127,0.3805,1.4011,1.486,1.712,6.063,49.11,49.12,49.04,3.5884,0.2815,0.2361,147.27,147.28,187.8,0.0959,0.0484,0.1039,99.39,99.83,295.34,0.0157,0.019,0.0862,16000,1024,618.66,0.823,0.1635,0.0105,0.003
2026-08-26T22:52:05.822+02:00,1000,1024,1024,1056,152,232,1,3917,0,1022,0,2.5303,0.1997,0.185,3.6097,0.3699,1.1294,1.488,1.707,6.999,49.05,49.04,49.08,3.6033,0.2791,0.2358,147.19,147.14,202.14,0.0809,0.0415,0.0299,53.22,99.93,78.91,0.068,0.0243,0.0302,16000,1024,641.37,0.9167,0.076,0.0058,0.0016
2026-08-26T22:53:05.822+02:00,1000,1024,1024,1056,153,233,19,3941,0,1025,0,0.0252,0.0235,0.1111,0.1179,0.0909,0.7248,3.965,3.698,28.098,22.19,179.55,375.76,0.0078,0.0065,0.0461,94.75,30.53,189.27,0.0066,0.0064,0.0403,73.53,65.04,435.21,0.0066,0.0062,0.0403,16000,1024,440.5,0.9563,0.0331,0.0096,0.0011
2026-08-26T22:53:35.823+02:00,1000,1024,1024,1056,153,234,0,3941,0,1025,0,0.0226,0.0203,0.0318,0.0758,0.0601,0.1007,2.808,2.798,2.844,92.88,153.09,17.31,0.0078,0.0084,0.01,144.51,83.95,206.33,0.007,0.0063,0.0092,179.27,41.99,40.01,0.0075,0.0059,0.0086,16000,1024,670.66,0.9786,0.0176,0.0035,0.0003
2026-08-26T22:54:35.822+02:00,1000,1024,1024,1056,154,234,7,3952,3,1028,0,0.023,0.0228,0.0795,0.0663,0.0855,0.8082,2.887,3.03,53.861,22.32,59.77,152.45,0.0093,0.0079,0.0173,126.79,21.74,124.95,0.0074,0.007,0.0136,63.31,188.24,258.74,0.0068,0.0063,0.0132,16000,1024,290.71,0.8464,0.1163,0.0336,0.0038
2026-08-26T22:55:05.824+02:00,1000,1024,1024,1056,154,234,0,3952,0,1028,0,0.0238,0.0219,0.1583,0.0752,0.0645,1.1872,2.816,2.598,15.791,33.04,79.08,319.35,0.0089,0.006,0.0379,47.04,19.49,374.98,0.0071,0.0058,0.0368,103.96,10.57,470.72,0.0069,0.0051,0.0359,16000,1024,370.97,0.9516,0.0317,0.0148,0.0018
2026-08-26T22:57:05.824+02:00,1000,1024,1024,1056,157,236,56,4034,45,1075,0,0.0234,0.0272,0.2017,0.0762,0.1311,1.4013,2.784,4.246,13.435,74.37,160.87,228.79,0.0088,0.0089,0.0607,91.86,17.52,70.98,0.0075,0.0085,0.0546,65.76,22.64,375.36,0.0079,0.0077,0.0542,16000,1024,502.4,0.9603,0.0278,0.0107,0.0012
2026-08-26T22:57:35.826+02:00,1000,1024,1024,1056,157,237,0,4034,0,1075,0,0.0234,0.0223,0.0542,0.0792,0.0765,0.689,3.155,3.104,85.597,10.67,75.69,70.59,0.0089,0.0079,0.0234,90.06,116.89,1.88,0.0076,0.0072,0.021,111.7,202.02,52.44,0.0073,0.006,0.0171,16000,1024,380.87,0.9206,0.0482,0.0288,0.0024
2026-08-26T22:58:35.831+02:00,1000,1024,1024,1056,158,238,2,4052,0,1084,0,0.0236,0.0213,0.0667,0.0739,0.0663,0.7567,3.122,2.734,74.366,24.94,3.4,47.08,0.0082,0.0069,0.0194,155.62,107.59,6.95,0.0071,0.0055,0.0187,7.87,48.64,84.59,0.0062,0.0055,0.0204,16000,1024,476.61,0.9605,0.0267,0.0116,0.0012
2026-08-26T22:59:05.835+02:00,1000,1024,1028,1060,158,238,7,4059,0,1084,0,0.0237,0.0211,0.0842,0.078,0.0839,0.7341,3.321,3.233,45.948,66.29,115.39,11.65,0.007,0.0075,0.019,112.56,24.57,195.51,0.007,0.0066,0.0188,90.25,157.34,209.87,0.0063,0.006,0.0178,16000,1024,355.3,0.9039,0.0791,0.015,0.002
2026-08-26T23:00:05.835+02:00,1000,1024,1024,1056,159,238,2,4066,0,1084,0,0.0239,0.0313,0.3712,0.089,0.1159,1.268,3.055,3.673,5.133,84.5,38.87,294.77,0.0084,0.0085,0.126,77.12,240.46,104.75,0.0074,0.008,0.115,3.67,400.14,176.28,0.0067,0.0079,0.1281,16000,1024,391.61,0.9419,0.0429,0.0137,0.0016
2026-08-26T23:00:35.828+02:00,1000,1024,1024,1056,159,238,0,4066,0,1084,0,0.0214,0.0207,0.0763,0.0724,0.0864,1.0751,2.969,3.615,103.648,42.72,59.51,1.46,0.0088,0.0063,0.0122,189.67,187.7,58.51,0.0077,0.006,0.0108,11.85,239.41,143.51,0.0065,0.0058,0.0101,16000,1024,513.01,0.9714,0.0171,0.0109,0.0006
2026-08-26T23:01:35.827+02:00,1000,1024,1024,1056,160,238,2,4081,0,1084,0,0.0229,0.0214,0.0486,0.0954,0.0732,0.7492,3.393,3.434,114.248,117.93,89.9,82.86,0.0085,0.0073,0.0164,96.12,10.7,97.59,0.008,0.0063,0.0109,182.62,25.42,77.95,0.007,0.006,0.0105,16000,1024,559.57,0.9738,0.0176,0.0079,0.0008
2026-08-26T23:02:05.830+02:00,1000,1024,1024,1056,160,238,50,4131,45,1129,0,0.0243,0.0294,0.2016,0.0865,0.0964,0.7557,2.989,3.181,8.204,63.75,43.96,349.17,0.0077,0.0093,0.0786,26.14,16.58,371.75,0.0073,0.009,0.074,55.46,36.33,312.85,0.0066,0.0088,0.0701,16000,1024,381.77,0.946,0.0403,0.0119,0.0017
2026-08-26T23:02:35.828+02:00,1000,1024,1024,1056,160,238,0,4131,0,1129,0,0.023,0.0216,0.1739,0.0732,0.0707,1.3727,2.773,2.888,16.189,168.7,51.58,385.08,0.0066,0.0073,0.0635,18.73,21.36,187.74,0.0066,0.0071,0.0624,131.99,2.3,169.44,0.0065,0.0062,0.0628,16000,1024,464.29,0.9628,0.0283,0.0074,0.0014
2026-08-26T23:03:05.829+02:00,1000,1024,1024,1056,160,238,0,4131,0,1129,0,0.0243,0.0197,0.0471,0.0921,0.0663,0.7332,2.982,3.233,118.264,36.46,127.24,99.91,0.0078,0.0076,0.0106,134.62,215.59,44.74,0.0066,0.0056,0.0099,148.44,98.56,113.2,0.0065,0.0053,0.0085,16000,1024,415.45,0.8942,0.0887,0.0152,0.0018
2026-08-26T23:03:35.830+02:00,1000,1024,1024,1056,160,239,15,4146,0,1129,0,0.0249,0.0252,0.1354,0.0875,0.1859,1.649,3.2,7.591,49.115,8.01,20.87,62.46,0.0093,0.0076,0.043,16.55,166.07,312.81,0.0077,0.0064,0.0355,106.6,50.68,250.35,0.0073,0.0059,0.0369,16000,1024,456.16,0.9409,0.0439,0.0141,0.0011
2026-08-26T23:04:05.830+02:00,1000,1024,1024,1056,160,239,42,4188,39,1168,0,0.0234,0.0281,0.197,0.0914,0.1178,0.7376,3.425,3.763,8.52,337.89,38.79,313.6,0.0062,0.0098,0.0639,103.85,248.13,248.3,0.0065,0.0092,0.0588,183.18,143.25,233.43,0.0067,0.0086,0.0559,16000,1024,294.69,0.9445,0.0362,0.0172,0.0021
2026-08-26T23:04:35.830+02:00,1000,1024,1024,1056,160,241,1,4189,0,1168,0,0.0233,0.0205,0.1635,0.0827,0.0778,0.7136,3.053,3.431,10.89,184.52,138.64,187.56,0.0073,0.0064,0.0928,164.14,106.57,456.22,0.0065,0.0062,0.0694,101.18,93.77,268.66,0.0067,0.0057,0.0683,16000,1024,361.65,0.8451,0.1047,0.0471,0.0031
2026-08-26T23:05:05.832+02:00,1000,1024,1024,1056,160,241,2,4191,0,1168,0,0.0234,0.0202,0.033,0.0829,0.0767,0.1077,3.01,2.873,2.575,221.44,15.54,71.47,0.0074,0.0071,0.0102,1.5,104.47,46.66,0.0072,0.0064,0.0089,65.94,22.53,38.42,0.0069,0.0062,0.0093,16000,1024,385.38,0.9116,0.0597,0.0263,0.0024
2026-08-26T23:05:35.832+02:00,1000,1024,1024,1056,160,241,2,4193,0,1168,0,0.0248,0.0281,0.3028,0.1227,0.1111,1.2546,3.775,4.233,6.581,40.83,226.43,151.55,0.0076,0.0098,0.0859,8.46,221.0,187.39,0.0081,0.008,0.0763,51.3,93.04,312.41,0.0082,0.0083,0.0748,16000,1024,492.08,0.9534,0.0373,0.0083,0.001
2026-08-26T23:06:05.833+02:00,1000,1024,1024,1056,160,241,1,4194,0,1168,0,0.0235,0.0217,0.0811,0.0766,0.0903,0.7109,3.168,3.424,44.564,14.33,13.73,302.61,0.0089,0.0064,0.0227,71.8,107.08,104.75,0.0084,0.0066,0.0233,1.81,53.53,218.88,0.0069,0.0052,0.0221,16000,1024,464.19,0.9716,0.0222,0.0055,0.0008
2026-08-26T23:07:35.832+02:00,1000,1024,1024,1056,162,243,1,4216,0,1172,0,0.025,0.0215,0.0755,0.0826,0.0792,0.7323,2.905,3.066,61.377,31.01,52.61,9.66,0.008,0.0069,0.0283,79.03,7.63,302.05,0.0074,0.0067,0.0258,17.77,110.58,231.71,0.0064,0.0068,0.0259,16000,1024,493.34,0.9686,0.0228,0.0074,0.0012
2026-08-26T23:08:05.839+02:00,1000,1024,1028,1060,162,243,44,4260,19,1191,0,0.0244,0.0255,0.1329,0.0814,0.0844,0.7645,2.974,3.335,20.517,16.93,41.05,3.66,0.0088,0.0107,0.0532,142.09,55.55,197.49,0.0075,0.0087,0.0512,164.31,22.3,221.77,0.0064,0.0079,0.0499,16000,1024,432.61,0.949,0.0391,0.0105,0.0014
2026-08-26T23:08:35.835+02:00,1000,1024,1024,1056,162,243,5,4265,0,1191,0,0.0232,0.0216,0.0452,0.0814,0.0656,0.6792,2.929,3.021,97.235,11.15,124.72,117.01,0.0085,0.0076,0.0122,88.93,40.07,81.11,0.0075,0.0062,0.0113,132.79,221.32,20.59,0.0067,0.0064,0.0112,16000,1024,282.12,0.8594,0.1145,0.0235,0.0026
2026-08-26T23:09:05.833+02:00,1000,1024,1024,1056,162,243,11,4276,0,1191,0,0.0238,0.0228,0.0676,0.0838,0.0672,0.7283,3.546,2.637,59.267,26.65,129.35,82.79,0.0079,0.0068,0.0182,135.06,81.38,147.58,0.0079,0.0077,0.0174,76.53,33.75,131.01,0.0079,0.0066,0.0155,16000,1024,358.17,0.9334,0.0438,0.0195,0.0033
2026-08-26T23:09:35.835+02:00,1000,1024,1024,1056,162,243,5,4281,1,1192,0,0.0234,0.0223,0.0746,0.0714,0.0783,0.8059,2.808,2.862,65.603,28.92,38.74,57.78,0.0088,0.0081,0.0225,145.96,103.22,79.94,0.0084,0.0077,0.0215,12.9,47.03,176.69,0.0077,0.0074,0.0206,16000,1024,327.76,0.8806,0.0871,0.0282,0.0041
2026-08-26T23:10:05.835+02:00,1000,1024,1024,1056,162,245,1,4282,0,1192,0,0.0229,0.0201,0.0465,0.077,0.0667,0.732,2.869,3.009,118.306,31.3,92.49,40.81,0.0077,0.0078,0.017,172.59,137.98,52.27,0.0075,0.0062,0.0154,4.96,102.7,221.89,0.007,0.0058,0.0143,16000,1024,432.04,0.956,0.0359,0.0073,0.0008
2026-08-26T23:11:05.835+02:00,1000,1024,1024,1056,163,246,15,4314,0,1193,0,0.0247,0.0233,0.1048,0.0735,0.0855,0.817,2.71,3.385,37.556,4.9,28.2,102.49,0.0076,0.0079,0.0333,48.82,21.06,69.29,0.0068,0.0079,0.0321,256.43,100.96,165.04,0.0068,0.0068,0.0297,16000,1024,393.7,0.9503,0.0401,0.0086,0.001
2026-08-26T23:12:05.837+02:00,1000,1024,1024,1056,164,246,21,4345,1,1194,0,0.027,0.0227,0.1122,0.0868,0.0817,0.758,2.803,3.752,28.238,61.37,63.96,248.93,0.0086,0.0068,0.0386,84.12,52.48,380.89,0.0083,0.0062,0.0361,49.15,36.85,15.19,0.0075,0.0061,0.0386,16000,1024,465.91,0.8529,0.1158,0.0273,0.0039
2026-08-26T23:12:35.837+02:00,1000,1024,1024,1056,164,246,3,4348,0,1194,0,0.0238,0.0213,0.1429,0.0686,0.0691,0.7154,2.749,2.844,16.541,167.01,112.58,366.33,0.0083,0.0075,0.0517,48.3,19.26,123.99,0.0086,0.0065,0.0495,4.33,128.62,430.86,0.0077,0.0062,0.0462,16000,1024,287.83,0.9022,0.0788,0.0168,0.0022
2026-08-26T23:13:05.838+02:00,1000,1024,1024,1056,164,247,17,4365,0,1194,0,0.0251,0.0226,0.1115,0.0836,0.0829,0.7808,2.815,3.287,28.757,48.95,39.9,324.01,0.0075,0.009,0.0292,65.9,114.86,68.32,0.0073,0.0076,0.0266,149.96,52.46,39.17,0.0074,0.0064,0.0261,16000,1024,558.09,0.9542,0.0339,0.0107,0.0012
2026-08-26T23:13:35.843+02:00,1000,1024,1030,1063,164,248,18,4383,0,1194,0,0.0457,0.0495,0.2725,0.142,0.2169,1.3239,2.86,4.349,14.101,186.51,26.06,208.4,0.0151,0.0148,0.0947,90.3,98.75,263.8,0.0171,0.0135,0.0884,3.09,118.84,201.32,0.0149,0.0134,0.0856,16000,1024,495.93,0.9446,0.0349,0.018,0.0025
2026-08-26T23:14:35.841+02:00,1000,1024,1024,1056,165,249,1,4393,0,1196,0,0.025,0.0205,0.0305,0.1105,0.0676,0.0943,3.687,2.896,2.706,21.46,57.86,49.06,0.0072,0.0073,0.0096,27.45,36.16,106.31,0.0071,0.0068,0.0079,108.75,81.11,32.2,0.0073,0.0059,0.0074,16000,1024,432.99,0.9493,0.0353,0.014,0.0015
2026-08-26T23:15:05.839+02:00,1000,1024,1024,1056,165,249,0,4393,0,1196,0,0.0244,0.0202,0.1456,0.0831,0.0733,1.3687,3.219,3.021,23.054,71.47,6.77,187.85,0.0073,0.0069,0.0586,82.99,112.03,255.01,0.007,0.0064,0.05,27.73,134.23,443.15,0.0073,0.0066,0.0485,16000,1024,304.76,0.8481,0.1276,0.0217,0.0025
2026-08-26T23:15:35.839+02:00,1000,1024,1024,1056,165,249,7,4400,1,1197,0,0.0243,0.0305,0.3426,0.0866,0.1079,1.1528,3.15,3.551,5.63,53.83,151.41,182.25,0.0081,0.009,0.1075,119.04,112.16,108.8,0.0065,0.0088,0.1044,17.62,231.24,483.06,0.0064,0.0078,0.0982,16000,1024,345.51,0.8855,0.0822,0.0294,0.0029
2026-08-26T23:16:05.838+02:00,1000,1024,1024,1056,165,249,4,4404,0,1197,0,0.0236,0.0214,0.0838,0.0851,0.0718,0.7451,2.989,3.035,53.313,93.83,258.95,85.01,0.0091,0.0064,0.025,67.26,22.47,311.77,0.0087,0.006,0.0252,204.17,108.74,35.24,0.0072,0.006,0.0244,16000,1024,247.8,0.8871,0.0754,0.0337,0.0038
2026-08-26T23:16:35.840+02:00,1000,1024,1024,1056,165,251,5,4409,1,1198,0,0.0238,0.0273,0.3565,0.0784,0.0964,1.165,2.941,3.695,4.681,153.53,14.91,368.22,0.0069,0.009,0.1166,119.09,51.52,355.58,0.0065,0.0084,0.1113,130.74,411.17,131.72,0.0063,0.0076,0.1085,16000,1024,415.42,0.9665,0.0223,0.0103,0.0009
2026-08-26T23:17:05.841+02:00,1000,1024,1024,1056,165,251,1,4410,0,1198,0,0.0226,0.0205,0.0667,0.0678,0.0755,0.7606,2.929,3.101,76.228,70.88,64.51,57.8,0.0084,0.0068,0.0263,107.34,75.0,205.6,0.0062,0.006,0.0227,112.96,216.89,184.28,0.0062,0.0058,0.0222,16000,1024,620.96,0.9763,0.0183,0.005,0.0004
2026-08-26T23:17:35.840+02:00,1000,1024,1024,1056,165,251,0,4410,0,1198,0,0.0215,0.0201,0.0758,0.0874,0.063,0.824,3.207,3.252,62.674,56.84,50.94,37.13,0.0065,0.0071,0.0203,93.01,14.21,178.72,0.0063,0.0065,0.0197,36.42,118.95,79.8,0.0059,0.0055,0.0198,16000,1024,301.42,0.8745,0.0992,0.0242,0.0022
2026-08-26T23:18:05.841+02:00,1000,1024,1024,1056,165,252,0,4410,0,1198,0,0.0231,0.0211,0.1252,0.0765,0.0689,1.2468,2.811,2.998,30.189,70.65,50.97,29.9,0.0074,0.0071,0.043,150.54,32.21,95.47,0.0057,0.0068,0.0414,126.77,176.23,125.03,0.0055,0.0068,0.0376,16000,1024,400.01,0.937,0.0458,0.0157,0.0015
2026-08-26T23:18:35.853+02:00,1000,1024,1033,1065,165,252,16,4426,0,1198,0,0.0251,0.0229,0.11,0.078,0.0781,0.9002,2.779,3.692,32.196,92.92,81.29,2.38,0.0087,0.0087,0.0319,109.59,92.32,46.83,0.0079,0.0082,0.0293,60.56,45.66,465.95,0.0073,0.0059,0.0276,16000,1024,334.88,0.8781,0.098,0.0226,0.0013
2026-08-26T23:19:05.842+02:00,1000,1024,1024,1056,165,252,0,4426,0,1198,0,0.0233,0.0211,0.0335,0.0698,0.0634,0.109,3.032,2.856,2.74,15.04,9.98,93.52,0.0082,0.0068,0.01,99.7,76.26,83.52,0.0072,0.0063,0.0113,40.67,89.46,209.44,0.0068,0.0068,0.0096,16000,1024,369.59,0.9545,0.0353,0.0088,0.0014
2026-08-26T23:19:35.842+02:00,1000,1024,1024,1056,165,252,2,4428,0,1198,0,0.0228,0.0227,0.0551,0.078,0.0787,0.6933,2.964,3.249,71.382,15.75,199.94,168.63,0.0079,0.0066,0.0181,55.94,156.16,98.57,0.0075,0.0058,0.0164,149.45,63.74,90.93,0.007,0.006,0.0155,16000,1024,363.05,0.9315,0.0454,0.0205,0.0026
2026-08-26T23:20:05.842+02:00,1000,1024,1024,1056,165,252,2,4430,0,1198,0,0.0233,0.0202,0.0462,0.0853,0.0582,0.6892,2.937,2.78,97.238,31.46,93.93,28.69,0.0074,0.0063,0.0103,279.54,112.02,124.71,0.007,0.0061,0.0087,49.24,11.39,87.62,0.0067,0.0052,0.0085,16000,1024,400.94,0.9621,0.0272,0.0097,0.001
2026-08-26T23:20:35.867+02:00,1000,1024,1045,1078,165,252,45,4475,26,1224,0,0.0262,0.028,0.1799,0.0932,0.1112,0.7096,3.25,3.741,10.137,7.89,20.11,449.15,0.01,0.0117,0.0659,1.58,70.5,69.11,0.01,0.0082,0.0666,45.48,112.4,262.61,0.0078,0.0079,0.0608,16000,1024,546.99,0.9377,0.0495,0.0116,0.0011
2026-08-26T23:21:05.844+02:00,1000,1024,1024,1056,165,252,18,4493,0,1224,0,0.0247,0.0247,0.1252,0.0789,0.0832,0.8421,2.906,3.643,21.687,17.65,9.29,169.49,0.0095,0.0101,0.0395,158.02,60.89,125.07,0.0069,0.0078,0.0361,52.16,17.26,117.08,0.0066,0.0078,0.0351,16000,1024,384.89,0.952,0.0319,0.0143,0.0018
2026-08-26T23:21:35.845+02:00,1000,1024,1024,1056,165,252,44,4537,36,1260,0,0.0255,0.0297,0.2095,0.0943,0.1018,0.9668,3.354,3.574,7.164,33.65,32.15,375.44,0.0081,0.0091,0.081,97.17,16.38,265.63,0.0074,0.0088,0.0756,13.71,47.59,361.79,0.0064,0.0082,0.0713,16000,1024,433.6,0.9118,0.0707,0.0156,0.0019
2026-08-26T23:22:05.845+02:00,1000,1024,1024,1056,165,252,3,4540,1,1261,0,0.0223,0.022,0.1622,0.0691,0.089,0.9701,2.94,3.392,14.117,8.86,70.18,67.51,0.0057,0.0072,0.0501,100.14,142.81,462.85,0.0063,0.0071,0.0459,37.61,15.44,479.57,0.006,0.0069,0.0449,16000,1024,325.18,0.9157,0.0643,0.018,0.002
2026-08-26T23:22:35.845+02:00,1000,1024,1024,1056,165,252,0,4540,0,1261,0,0.0238,0.0214,0.0461,0.0862,0.0609,0.697,3.151,2.884,97.068,50.7,116.27,7.99,0.007,0.0078,0.0176,15.91,106.55,104.9,0.0069,0.0071,0.0183,183.9,140.17,232.06,0.0069,0.0076,0.0171,16000,1024,291.42,0.8221,0.1244,0.0472,0.0062
2026-08-26T23:23:05.845+02:00,1000,1024,1024,1056,165,253,0,4540,0,1261,0,0.023,0.0207,0.0312,0.07,0.0641,0.0939,2.791,2.901,2.732,122.33,74.57,199.11,0.0067,0.0066,0.0099,114.12,105.56,190.64,0.0063,0.0059,0.0089,32.49,58.93,165.51,0.0064,0.006,0.0117,16000,1024,400.51,0.9425,0.0422,0.0138,0.0015
2026-08-26T23:23:35.846+02:00,1000,1024,1024,1056,165,253,1,4541,0,1261,0,0.0233,0.0197,0.1511,0.0745,0.0663,1.2307,3.017,3.021,17.427,15.06,13.43,95.48,0.0072,0.0068,0.0586,134.17,107.81,111.04,0.0071,0.0063,0.0486,90.82,22.65,435.01,0.0062,0.0059,0.0484,16000,1024,321.8,0.9422,0.0319,0.0229,0.003
2026-08-26T23:24:05.846+02:00,1000,1024,1024,1056,165,254,19,4560,0,1261,0,0.0243,0.0252,0.12,0.0778,0.1049,0.8335,2.935,3.471,24.299,83.26,5.86,128.98,0.008,0.0082,0.0317,78.17,15.5,430.88,0.0074,0.0076,0.0322,130.57,108.43,442.05,0.0072,0.0067,0.0338,16000,1024,517.2,0.9603,0.026,0.0125,0.0012
2026-08-26T23:24:35.845+02:00,1000,1024,1024,1056,165,254,0,4560,0,1261,0,0.0231,0.0209,0.1658,0.0839,0.068,1.2276,3.098,3.105,18.525,40.23,94.87,121.39,0.008,0.0066,0.0586,68.49,89.81,87.6,0.0072,0.0063,0.0581,149.88,113.47,187.65,0.0078,0.0059,0.0557,16000,1024,544.83,0.9666,0.0261,0.0065,0.0008
2026-08-26T23:25:05.847+02:00,1000,1024,1024,1056,165,254,5,4565,0,1261,0,0.025,0.033,0.3421,0.0854,0.1071,1.1811,2.953,3.675,4.953,27.05,48.86,257.93,0.0076,0.0118,0.1226,108.51,490.0,242.07,0.0069,0.01,0.1157,18.66,173.09,95.69,0.0067,0.0086,0.1111,16000,1024,410.54,0.9454,0.0398,0.0133,0.0015
2026-08-26T23:25:35.847+02:00,1000,1024,1024,1056,165,255,1,4566,0,1261,0,0.0236,0.0237,0.1148,0.0894,0.0923,0.7048,2.979,3.842,27.008,31.82,53.05,312.37,0.0078,0.0087,0.0411,105.68,82.06,124.74,0.0071,0.0072,0.0427,10.49,62.43,187.55,0.0071,0.0068,0.0383,16000,1024,464.54,0.9291,0.0526,0.0165,0.0018
2026-08-26T23:26:05.848+02:00,1000,1024,1024,1056,165,255,0,4566,0,1261,0,0.0222,0.0223,0.0785,0.0626,0.0701,0.772,2.856,2.741,65.156,119.18,17.32,115.74,0.0077,0.0066,0.0168,5.3,209.38,27.7,0.0077,0.0069,0.0159,148.7,218.91,93.77,0.007,0.0059,0.014,16000,1024,428.06,0.9321,0.0564,0.0099,0.0017
2026-08-26T23:26:35.848+02:00,1000,1024,1024,1056,165,255,1,4567,0,1261,0,0.0233,0.0216,0.0767,0.0686,0.068,0.7675,2.775,3.01,65.5,163.98,43.42,136.63,0.0067,0.0073,0.0201,95.52,55.41,188.45,0.0067,0.0061,0.0191,55.02,78.71,221.84,0.0069,0.006,0.0188,16000,1024,454.66,0.9619,0.0271,0.0097,0.0013
2026-08-26T23:27:35.849+02:00,1000,1024,1024,1056,166,255,0,4578,0,1261,0,0.0222,0.0221,0.0842,0.0657,0.0925,0.7763,2.72,3.501,55.847,119.52,79.31,70.5,0.0083,0.007,0.0276,75.76,116.55,164.82,0.0076,0.0069,0.0253,57.74,90.43,122.25,0.0064,0.0069,0.0243,16000,1024,676.22,0.9786,0.0158,0.0053,0.0004
2026-08-26T23:28:05.849+02:00,1000,1024,1024,1056,166,255,1,4579,0,1261,0,0.0214,0.022,0.0446,0.0775,0.0867,0.6878,3.202,3.355,109.897,44.97,5.87,80.17,0.007,0.0062,0.0178,28.14,169.66,144.57,0.0069,0.0058,0.0157,64.48,124.01,101.29,0.0065,0.0056,0.0144,16000,1024,329.51,0.9227,0.0567,0.018,0.0026
2026-08-26T23:28:35.852+02:00,1000,1024,1024,1056,166,255,20,4599,4,1265,0,0.026,0.0253,0.1263,0.0908,0.0937,0.803,3.066,3.929,22.653,40.01,37.67,374.89,0.0095,0.0089,0.0371,21.4,119.64,34.55,0.0085,0.0084,0.0368,1.66,89.92,77.17,0.0079,0.0072,0.0311,16000,1024,433.58,0.9503,0.0319,0.016,0.0018
2026-08-26T23:29:05.849+02:00,1000,1024,1024,1056,166,255,0,4599,0,1265,0,0.0227,0.0214,0.0656,0.0915,0.0732,0.7552,3.751,3.084,73.72,103.07,123.16,11.49,0.0083,0.0066,0.0227,98.29,95.28,53.79,0.0072,0.0065,0.0222,17.11,70.88,161.13,0.0068,0.0067,0.021,16000,1024,307.05,0.8774,0.0941,0.0262,0.0023
2026-08-26T23:29:35.852+02:00,1000,1024,1024,1056,166,255,9,4608,0,1265,0,0.0239,0.0316,0.319,0.0799,0.1162,1.2316,2.967,3.559,5.826,66.97,79.73,433.6,0.0094,0.0107,0.1002,47.47,291.88,79.94,0.0083,0.0091,0.0935,189.34,20.84,315.6,0.0063,0.0086,0.0895,16000,1024,300.92,0.7326,0.1909,0.0694,0.007
2026-08-26T23:30:35.849+02:00,1000,1024,1024,1056,167,256,0,4651,0,1282,0,0.023,0.0217,0.0763,0.0739,0.0796,0.8223,2.924,3.075,68.194,67.77,11.96,198.62,0.0081,0.0107,0.0226,80.99,117.8,100.66,0.0065,0.0071,0.0193,31.94,189.58,38.92,0.0066,0.0056,0.0194,16000,1024,615.78,0.9751,0.0176,0.0067,0.0005
2026-08-26T23:32:05.851+02:00,1000,1024,1024,1056,169,258,0,4705,0,1293,0,0.0232,0.0209,0.0573,0.1082,0.0764,0.7232,3.587,2.98,92.68,126.27,178.49,171.37,0.007,0.0067,0.0208,84.76,108.82,315.28,0.0065,0.0063,0.017,73.24,40.18,19.13,0.0063,0.0057,0.0181,16000,1024,368.54,0.9092,0.0555,0.0329,0.0024
2026-08-26T23:32:35.851+02:00,1000,1024,1024,1056,169,258,0,4705,0,1293,0,0.0233,0.0223,0.1623,0.083,0.0692,1.2319,2.906,3.133,13.822,116.87,126.43,330.77,0.0079,0.0085,0.0556,58.88,98.25,217.74,0.0074,0.0068,0.0523,127.0,17.9,384.45,0.007,0.0063,0.0539,16000,1024,367.03,0.6438,0.3359,0.0183,0.002
2026-08-26T23:33:05.852+02:00,1000,1024,1024,1056,169,259,0,4705,0,1293,0,0.0239,0.0208,0.0309,0.0794,0.069,0.0935,2.921,3.063,2.923,31.8,141.75,78.69,0.0084,0.0066,0.0099,139.61,106.49,96.73,0.0068,0.006,0.0087,91.28,98.21,177.86,0.0067,0.0062,0.0082,16000,1024,348.24,0.8505,0.116,0.0305,0.003
2026-08-26T23:33:35.854+02:00,1000,1024,1024,1056,169,259,0,4705,0,1293,0,0.0228,0.0212,0.0478,0.0723,0.0629,0.7643,2.95,2.816,132.19,123.4,26.36,76.38,0.0091,0.0067,0.0112,79.59,92.36,59.19,0.0071,0.0072,0.0107,111.97,78.83,90.17,0.0066,0.0065,0.0091,16000,1024,323.78,0.9295,0.0461,0.0226,0.0018
2026-08-26T23:34:05.858+02:00,1000,1024,1024,1056,169,261,1,4706,0,1293,0,0.023,0.0217,0.0549,0.074,0.0925,0.6995,2.884,3.219,88.812,131.34,211.24,131.83,0.008,0.0066,0.0094,46.87,93.84,21.51,0.0073,0.0063,0.0088,22.84,111.65,89.17,0.0077,0.0063,0.0087,16000,1024,554.05,0.9746,0.0191,0.0058,0.0005
2026-08-26T23:34:35.854+02:00,1000,1024,1024,1056,169,262,1,4707,0,1293,0,0.0234,0.0218,0.0863,0.0792,0.0728,0.7582,2.937,3.014,48.444,27.07,67.18,18.77,0.0083,0.0087,0.03,162.23,29.42,98.65,0.007,0.0069,0.0252,72.79,247.19,429.72,0.0072,0.0059,0.024,16000,1024,731.39,0.9734,0.0209,0.0052,0.0004
2026-08-26T23:35:05.853+02:00,1000,1024,1024,1056,169,262,17,4724,0,1293,0,0.0238,0.0223,0.0895,0.0739,0.0937,0.7288,2.81,3.626,39.695,49.34,79.73,312.38,0.0063,0.0077,0.0299,81.23,105.89,81.35,0.0059,0.0068,0.03,3.23,70.6,375.22,0.006,0.0067,0.0285,16000,1024,428.75,0.9497,0.0347,0.0142,0.0014
2026-08-26T23:35:35.853+02:00,1000,1024,1024,1056,169,263,0,4724,0,1293,0,0.0235,0.0211,0.0317,0.0775,0.067,0.1024,2.987,2.771,2.857,30.64,226.87,104.29,0.0091,0.0068,0.0106,21.33,109.3,21.48,0.0071,0.0065,0.0094,64.27,33.24,84.61,0.0069,0.0063,0.0101,16000,1024,554.82,0.9338,0.048,0.0165,0.0017
2026-08-26T23:36:35.862+02:00,1000,1024,1031,1064,170,264,37,4766,19,1312,0,0.0259,0.0267,0.1339,0.0978,0.1034,1.0045,3.596,3.62,22.622,65.59,46.5,447.96,0.0089,0.0106,0.0518,135.59,26.68,153.73,0.0069,0.0087,0.0486,92.08,106.27,294.33,0.0068,0.0071,0.0457,16000,1024,430.62,0.9534,0.0242,0.0206,0.0019
2026-08-26T23:37:05.856+02:00,1000,1024,1024,1056,170,265,0,4766,0,1312,0,0.0237,0.0213,0.0439,0.0959,0.0663,0.6701,3.036,2.826,106.34,174.14,42.01,134.07,0.0079,0.0068,0.0146,149.33,75.34,12.02,0.0074,0.0063,0.0141,12.74,114.94,38.42,0.0074,0.0058,0.0127,16000,1024,635.06,0.957,0.0305,0.0115,0.001
2026-08-26T23:37:35.857+02:00,1000,1024,1024,1056,170,265,0,4766,0,1312,0,0.0231,0.0213,0.0661,0.0923,0.0637,0.8062,3.411,2.968,79.391,7.67,207.92,15.98,0.0074,0.0061,0.012,21.09,81.96,80.88,0.0072,0.0058,0.0102,1.82,261.59,137.8,0.0066,0.0058,0.0098,16000,1024,262.02,0.8262,0.1357,0.035,0.0031
2026-08-26T23:38:05.857+02:00,1000,1024,1024,1056,170,266,0,4766,0,1312,0,0.024,0.0204,0.0515,0.0885,0.068,0.6149,3.336,2.836,73.071,56.65,177.79,221.53,0.0076,0.0063,0.0154,199.02,159.87,126.05,0.0074,0.0058,0.0149,78.86,214.6,165.01,0.0069,0.0051,0.0146,16000,1024,371.91,0.9244,0.0485,0.0248,0.0023
2026-08-26T23:38:35.857+02:00,1000,1024,1024,1056,170,267,2,4768,0,1312,0,0.0246,0.0205,0.0445,0.0744,0.0789,0.6711,2.948,3.41,92.473,44.54,18.24,118.55,0.009,0.0073,0.0151,35.04,42.19,46.24,0.0067,0.0064,0.0133,97.28,47.61,174.17,0.0068,0.0057,0.0126,16000,1024,517.7,0.9778,0.015,0.0066,0.0006
2026-08-26T23:39:05.858+02:00,1000,1024,1024,1056,170,267,9,4777,2,1314,0,0.0257,0.0226,0.1213,0.088,0.1136,0.9665,3.435,4.274,26.844,36.23,35.43,494.42,0.0085,0.009,0.0518,107.74,19.71,344.7,0.0086,0.0073,0.0459,98.71,161.15,27.25,0.0081,0.0071,0.0419,16000,1024,311.39,0.8975,0.0722,0.0278,0.0025
2026-08-26T23:39:35.857+02:00,1000,1024,1024,1056,170,267,18,4795,2,1316,0,0.0259,0.0219,0.0996,0.0742,0.0835,0.8148,2.65,3.34,33.036,2.71,73.42,53.48,0.0086,0.0066,0.0318,92.42,12.65,120.32,0.0079,0.0059,0.0266,67.93,134.22,187.42,0.0082,0.0058,0.0261,16000,1024,417.7,0.9409,0.0482,0.0097,0.0011
2026-08-26T23:40:05.859+02:00,1000,1024,1024,1056,170,267,1,4796,0,1316,0,0.0235,0.021,0.0423,0.0712,0.0832,0.5919,2.598,3.259,78.083,153.88,29.63,79.13,0.0079,0.0067,0.0112,78.32,79.99,52.52,0.0071,0.0064,0.0106,146.16,177.23,95.01,0.0072,0.0065,0.0105,16000,1024,404.46,0.9359,0.038,0.0245,0.0016
2026-08-26T23:40:35.858+02:00,1000,1024,1024,1056,170,272,0,4796,0,1316,0,0.0242,0.022,0.0438,0.0851,0.0858,0.6728,2.886,3.438,100.024,113.62,21.76,72.53,0.009,0.007,0.0132,9.0,29.43,63.65,0.0086,0.0064,0.0124,42.21,46.42,292.28,0.0067,0.0067,0.0119,16000,1024,279.29,0.9171,0.0494,0.0307,0.0028
2026-08-26T23:41:05.859+02:00,1000,1024,1024,1056,170,273,9,4805,1,1317,0,0.0231,0.0218,0.0859,0.0837,0.0947,0.7869,2.87,3.599,53.258,30.58,57.81,90.85,0.0081,0.0079,0.0351,55.25,13.3,136.82,0.0078,0.0076,0.0322,35.36,69.68,51.66,0.0068,0.0064,0.0293,16000,1024,451.11,0.8921,0.0722,0.0325,0.0032
2026-08-26T23:41:35.860+02:00,1000,1024,1024,1056,170,275,7,4812,1,1318,0,1.5762,0.1969,0.3168,2.6948,0.3669,1.2308,1.538,1.616,5.396,49.2,49.19,298.95,1.8865,0.2274,0.118,43.86,43.96,200.79,0.342,0.0467,0.1129,22.01,147.47,350.4,0.3336,0.0415,0.1009,16000,1024,485.3,0.8642,0.1138,0.0157,0.0062
2026-08-26T23:42:05.867+02:00,1000,1024,1031,1063,170,275,24,4836,4,1322,0,1.4437,0.2147,0.1688,2.6693,0.4807,0.8489,1.557,1.662,11.566,49.31,49.32,375.15,1.7006,0.2328,0.056,20.01,19.96,312.42,0.3636,0.0675,0.0527,1.54,30.57,49.19,0.3137,0.0587,0.0552,16000,1024,417.39,0.681,0.2916,0.0211,0.0062
2026-08-26T23:42:35.861+02:00,1000,1024,1024,1056,170,275,9,4845,1,1323,0,1.5001,0.2212,0.0897,2.2396,0.3873,0.7597,1.526,1.627,18.638,49.53,49.54,49.16,1.4417,0.2099,0.062,45.41,45.41,1.95,0.3631,0.0574,0.023,35.29,3.17,85.23,0.3373,0.0491,0.0234,16000,1024,542.6,0.9053,0.0815,0.0112,0.002
2026-08-26T23:43:35.862+02:00,1000,1024,1024,1056,171,275,52,4916,34,1357,0,1.4549,0.2199,0.169,2.3477,0.4002,0.7468,1.539,1.628,10.641,49.44,49.44,49.73,1.6263,0.2435,0.0652,39.19,36.51,22.37,0.3278,0.0543,0.0496,18.29,26.67,382.77,0.3118,0.0481,0.0485,16000,1024,560.51,0.8409,0.1456,0.0106,0.003
2026-08-26T23:44:35.863+02:00,1000,1024,1024,1056,172,275,0,4954,0,1385,0,1.5078,0.2184,0.07,2.2225,0.3747,0.1888,1.516,1.57,2.302,49.34,49.34,49.31,2.2107,0.3173,0.0851,148.03,148.03,98.49,0.0592,0.031,0.0228,197.3,99.6,148.11,0.014,0.0219,0.0234,16000,1024,533.09,0.8067,0.1745,0.0145,0.0043
2026-08-26T23:45:05.865+02:00,1000,1024,1024,1056,172,275,5,4959,1,1386,0,1.5353,0.2179,0.0962,2.2491,0.3782,0.6938,1.52,1.567,17.798,49.34,49.35,49.44,1.9058,0.2677,0.0752,44.75,34.86,148.42,0.2637,0.0387,0.0252,39.86,44.79,98.74,0.2345,0.0344,0.0249,16000,1024,732.11,0.8513,0.1286,0.0151,0.0049
2026-08-26T23:45:35.863+02:00,1000,1024,1024,1056,172,275,0,4959,0,1386,0,1.5806,0.2137,0.0891,2.3316,0.375,0.7805,1.515,1.576,18.445,49.32,49.32,49.37,2.3272,0.312,0.0928,147.95,147.87,99.1,0.064,0.0304,0.0325,197.1,100.23,197.31,0.0177,0.0177,0.0202,16000,1024,386.62,0.5662,0.3987,0.0303,0.0048
2026-08-26T23:46:35.863+02:00,1000,1024,1024,1056,173,277,0,4965,0,1389,0,1.6489,0.2072,0.082,2.4399,0.3555,0.2007,1.518,1.565,2.007,49.28,49.28,49.29,2.437,0.3039,0.1075,147.84,147.87,147.72,0.0675,0.035,0.0272,54.08,99.61,98.35,0.0235,0.0227,0.0184,16000,1024,792.25,0.8914,0.0981,0.0083,0.0022
2026-08-26T23:47:05.864+02:00,1000,1024,1024,1056,173,277,4,4969,1,1390,0,1.6585,0.2077,0.0925,2.4788,0.4624,0.8313,1.522,1.575,12.596,49.27,49.27,49.25,2.2326,0.2691,0.1001,53.85,24.53,147.44,0.2495,0.0372,0.027,40.06,40.14,99.0,0.2457,0.0359,0.0203,16000,1024,483.97,0.7309,0.2427,0.021,0.0055
2026-08-26T23:47:35.864+02:00,1000,1024,1024,1056,173,277,1,4970,0,1390,0,1.716,0.2037,0.1039,2.5491,0.3779,0.7381,1.518,1.601,12.6,49.24,49.23,49.21,2.4287,0.2858,0.1137,41.01,147.8,147.72,0.07,0.042,0.0289,31.23,36.93,102.66,0.0692,0.0129,0.0213,16000,1024,446.45,0.8512,0.1271,0.0184,0.0033
2026-08-26T23:48:05.865+02:00,1000,1024,1026,1058,173,278,20,4990,0,1390,0,1.7184,0.201,0.1545,2.8311,0.3669,0.9295,1.579,1.615,13.945,49.22,49.25,48.61,1.4385,0.1583,0.0584,28.43,28.23,26.31,0.6681,0.0826,0.0521,22.79,42.31,458.93,0.4175,0.047,0.0484,16000,1024,645.91,0.9157,0.0664,0.0149,0.0029
2026-08-26T23:48:35.865+02:00,1000,1024,1024,1056,173,278,0,4990,0,1390,0,1.7876,0.2035,0.0951,2.6241,0.3643,0.2276,1.518,1.562,1.991,49.26,49.26,49.22,2.613,0.2904,0.1271,147.76,147.86,147.86,0.068,0.0429,0.0267,196.89,100.11,98.67,0.0189,0.0212,0.0208,16000,1024,488.51,0.8451,0.1384,0.0141,0.0024
2026-08-26T23:49:05.865+02:00,1000,1024,1024,1056,173,279,19,5009,1,1391,0,0.0229,0.0241,0.0729,0.077,0.0975,0.7314,3.114,4.065,58.791,53.46,41.64,17.4,0.0068,0.0103,0.028,145.76,60.85,200.35,0.0065,0.0075,0.0249,210.98,81.37,302.19,0.0063,0.0077,0.0253,16000,1024,320.17,0.9121,0.0658,0.02,0.0021
2026-08-26T23:49:35.866+02:00,1000,1024,1024,1056,173,279,0,5009,0,1391,0,0.0248,0.02,0.0702,0.0956,0.0722,0.794,3.284,3.012,82.906,128.71,96.77,98.67,0.0088,0.0067,0.0193,43.3,13.95,250.37,0.0089,0.0063,0.0173,67.22,106.66,8.67,0.0085,0.006,0.0162,16000,1024,444.35,0.933,0.042,0.0231,0.0019
2026-08-26T23:50:05.866+02:00,1000,1024,1024,1056,173,280,39,5048,15,1406,0,0.0261,0.0281,0.2047,0.1067,0.1077,1.005,3.444,3.922,12.012,19.82,54.95,323.45,0.0086,0.0089,0.0677,137.79,100.15,273.99,0.008,0.0093,0.0686,62.09,30.2,160.47,0.0078,0.0072,0.0604,16000,1024,392.44,0.9045,0.0606,0.032,0.0029
2026-08-26T23:50:35.865+02:00,1000,1024,1024,1056,173,281,0,5048,0,1406,0,0.0238,0.0203,0.0554,0.0885,0.0791,0.6968,3.216,3.129,85.282,119.36,3.25,118.49,0.0074,0.0059,0.0113,23.71,70.36,84.26,0.0073,0.0054,0.0106,28.71,17.05,62.51,0.0071,0.0055,0.0092,16000,1024,453.44,0.9086,0.0589,0.0298,0.0028
2026-08-26T23:51:05.903+02:00,1000,1024,1060,1092,173,281,21,5069,2,1408,0,0.0248,0.0222,0.0976,0.0813,0.086,0.8065,2.953,3.215,37.207,13.84,8.39,45.04,0.009,0.0075,0.0369,49.04,144.5,287.44,0.0074,0.0068,0.0377,67.43,26.37,350.19,0.007,0.0061,0.0386,16000,1024,358.48,0.8339,0.142,0.0217,0.0024
2026-08-26T23:51:35.866+02:00,1000,1024,1024,1056,173,281,0,5069,0,1408,0,0.0235,0.02,0.066,0.0993,0.0639,0.7158,3.385,3.014,74.228,74.44,142.61,19.59,0.0076,0.0061,0.021,33.17,62.75,105.64,0.0068,0.0061,0.0202,61.77,99.37,221.81,0.0065,0.0053,0.0198,16000,1024,505.99,0.9713,0.0217,0.0064,0.0007
2026-08-26T23:52:05.868+02:00,1000,1024,1024,1056,173,281,50,5119,42,1450,0,0.025,0.0282,0.1949,0.0958,0.1023,0.7525,3.287,3.666,8.342,15.21,375.19,375.18,0.0094,0.0104,0.0989,286.21,43.79,82.53,0.0071,0.0092,0.0792,42.66,123.61,292.61,0.007,0.0096,0.0692,16000,1024,504.26,0.9679,0.0234,0.0079,0.0008
2026-08-26T23:52:35.868+02:00,1000,1024,1024,1056,173,281,0,5119,0,1450,0,0.0246,0.0203,0.061,0.0832,0.0638,0.7795,3.022,2.76,93.642,47.06,144.43,68.52,0.0081,0.0077,0.015,75.17,153.31,82.38,0.0073,0.007,0.0158,185.41,130.64,40.57,0.0073,0.0063,0.0166,16000,1024,417.75,0.9546,0.0323,0.0112,0.0018
2026-08-26T23:53:05.869+02:00,1000,1024,1024,1056,173,281,17,5136,1,1451,0,0.0246,0.0245,0.1229,0.0762,0.1052,0.7944,2.841,4.025,23.637,25.53,4.76,286.53,0.0104,0.0091,0.0448,41.48,34.03,334.38,0.0105,0.0082,0.0436,78.85,139.81,379.07,0.0071,0.0066,0.0391,16000,1024,343.41,0.8949,0.0861,0.0173,0.0017
2026-08-26T23:54:05.869+02:00,1000,1024,1024,1056,174,281,39,5197,15,1467,0,0.0258,0.0286,0.1928,0.0997,0.1051,1.2286,3.319,3.434,12.021,71.4,15.7,493.24,0.0089,0.0101,0.0647,17.48,63.59,6.8,0.0086,0.0099,0.0642,66.03,96.7,360.61,0.0081,0.0098,0.0605,16000,1024,607.11,0.9726,0.0195,0.0072,0.0007
2026-08-26T23:54:35.868+02:00,1000,1024,1024,1056,174,283,9,5206,0,1467,0,0.0227,0.0213,0.0502,0.0892,0.0634,0.5817,3.18,2.849,71.951,109.09,48.28,74.57,0.0078,0.0071,0.0133,53.01,24.72,129.91,0.0075,0.0066,0.0128,132.93,157.18,149.2,0.0067,0.0057,0.0125,16000,1024,294.84,0.9033,0.0667,0.0254,0.0045
2026-08-26T23:55:05.869+02:00,1000,1024,1024,1056,174,283,10,5216,0,1467,0,0.0243,0.0237,0.0876,0.0907,0.0971,0.8388,3.331,3.495,47.072,1.53,25.7,57.18,0.0086,0.0082,0.0285,16.21,67.07,297.83,0.0077,0.0067,0.0253,21.66,206.72,257.79,0.0072,0.0067,0.0249,16000,1024,309.3,0.9414,0.033,0.0236,0.002
2026-08-26T23:55:35.870+02:00,1000,1024,1024,1056,174,283,12,5228,0,1467,0,0.0241,0.0232,0.0881,0.1084,0.0936,1.0206,3.421,3.281,59.598,60.99,134.61,5.06,0.0079,0.0079,0.027,111.46,14.79,77.49,0.0071,0.0071,0.0273,100.47,2.31,39.91,0.0067,0.0071,0.0252,16000,1024,378.16,0.947,0.0371,0.0145,0.0014
2026-08-26T23:56:05.870+02:00,1000,1024,1024,1056,174,284,0,5228,0,1467,0,0.0252,0.0202,0.1398,0.0932,0.0712,0.7165,3.15,2.868,15.921,48.66,21.83,61.55,0.0088,0.009,0.0436,139.78,230.82,187.03,0.0079,0.0066,0.0417,20.98,123.43,425.82,0.0074,0.0063,0.0391,16000,1024,318.44,0.9018,0.0752,0.0196,0.0034
2026-08-26T23:56:35.870+02:00,1000,1024,1024,1056,174,284,1,5229,0,1467,0,0.0232,0.021,0.0316,0.0728,0.0574,0.1046,2.819,2.575,2.784,16.63,64.13,112.97,0.0086,0.0065,0.0108,125.16,10.08,5.24,0.0075,0.0065,0.0109,37.03,87.22,94.71,0.0061,0.0059,0.0098,16000,1024,389.18,0.8868,0.0777,0.0325,0.003
2026-08-26T23:57:05.872+02:00,1000,1024,1024,1056,174,284,1,5230,0,1467,0,0.023,0.0212,0.0415,0.0852,0.0849,0.5889,2.951,3.457,81.837,66.83,96.32,119.28,0.0081,0.0082,0.0109,201.72,153.73,137.65,0.0076,0.0071,0.0095,19.94,108.43,18.14,0.0073,0.0058,0.0094,16000,1024,318.79,0.9358,0.0449,0.017,0.0023
2026-08-26T23:57:35.870+02:00,1000,1024,1024,1056,174,286,1,5231,0,1467,0,0.0237,0.0223,0.1612,0.0844,0.0761,0.6939,3.131,3.227,12.032,7.75,96.55,62.32,0.0081,0.006,0.0771,141.48,55.16,187.34,0.0079,0.0062,0.0734,65.44,25.37,124.85,0.0077,0.0053,0.0608,16000,1024,391.63,0.932,0.0444,0.022,0.0017
2026-08-26T23:58:05.872+02:00,1000,1024,1024,1056,174,286,14,5245,1,1468,0,0.0239,0.0256,0.0917,0.0983,0.1125,1.0468,2.914,3.898,58.643,66.62,68.96,41.23,0.0097,0.0077,0.0304,80.98,12.03,28.22,0.0068,0.0068,0.0269,93.83,22.36,486.17,0.0066,0.0065,0.0248,16000,1024,477.73,0.9315,0.0483,0.0189,0.0013
2026-08-26T23:58:35.873+02:00,1000,1024,1024,1056,174,286,0,5245,0,1468,0,0.0242,0.0213,0.0926,0.0726,0.1909,1.9195,2.866,12.727,300.04,169.18,1.55,67.73,0.0082,0.0061,0.01,143.32,86.56,250.34,0.0075,0.0056,0.0089,55.01,92.76,57.01,0.0074,0.0052,0.0095,16000,1024,748.36,0.9318,0.0561,0.0103,0.0017
2026-08-26T23:59:05.872+02:00,1000,1024,1024,1056,174,287,0,5245,0,1468,0,0.0243,0.0205,0.0517,0.0841,0.0747,0.6886,2.673,3.242,87.908,23.68,30.99,29.02,0.0089,0.0059,0.011,86.91,44.64,334.12,0.0074,0.0055,0.009,58.94,229.63,184.75,0.0071,0.0053,0.009,16000,1024,319.93,0.922,0.0553,0.0211,0.0016
2026-08-26T23:59:35.883+02:00,1000,1024,1033,1066,174,289,42,5287,17,1485,0,0.0264,0.0259,0.1436,0.0844,0.0932,0.6938,3.418,3.584,15.718,63.97,91.35,138.88,0.0096,0.0096,0.051,26.84,35.45,133.23,0.0095,0.0091,0.0527,16.78,5.9,213.05,0.0084,0.0076,0.0474,16000,1024,463.19,0.8836,0.0909,0.0236,0.0018
