ts,health,streak,notify,lof,env,n_peaks,us_inference
2026-08-28T00:00:10.323+02:00,nominal,0,0,-1.2795,-33.17,1,1190
2026-08-28T00:00:40.322+02:00,nominal,0,0,-1.039,-26.89,1,1340
2026-08-28T00:01:10.321+02:00,nominal,0,0,-1.0518,-28.67,1,1264
2026-08-28T00:01:40.322+02:00,nominal,0,0,-1.104,-25.92,1,1250
2026-08-28T00:02:10.322+02:00,nominal,0,0,-1.2518,-24.08,1,1295
2026-08-28T00:02:40.322+02:00,nominal,0,0,-1.0446,-14.41,1,1352
2026-08-28T00:03:10.327+02:00,nominal,0,0,-1.0012,-37.17,1,1234
2026-08-28T00:03:40.325+02:00,nominal,0,0,-1.0438,-19.72,1,1254
2026-08-28T00:04:10.330+02:00,nominal,0,0,-1.0453,-31.85,1,1235
2026-08-28T00:04:40.324+02:00,nominal,0,0,-1.0283,-17.29,1,1279
2026-08-28T00:05:10.327+02:00,anomaly,1,0,-1.7528,-727.7,1,1257
2026-08-28T00:05:40.331+02:00,nominal,0,0,-1.0066,-14.89,1,1228
2026-08-28T00:06:10.326+02:00,nominal,0,0,-1.1383,-153.81,1,1224
2026-08-28T00:06:40.325+02:00,nominal,0,0,-1.0878,-23.68,1,1257
2026-08-28T00:07:10.328+02:00,nominal,0,0,-1.0916,-31.22,1,1241
2026-08-28T00:07:40.330+02:00,nominal,0,0,-1.0112,-18.09,1,1234
2026-08-28T00:08:10.330+02:00,nominal,0,0,-1.1465,-18.95,1,1235
2026-08-28T00:08:40.329+02:00,nominal,0,0,-1.0506,-16.46,1,1244
2026-08-28T00:09:10.327+02:00,nominal,0,0,-1.0639,-15.78,1,1247
2026-08-28T00:09:40.329+02:00,nominal,0,0,-1.0956,-22.05,1,1266
2026-08-28T00:10:40.328+02:00,nominal,0,0,-1.0341,-16.65,1,1408
2026-08-28T00:11:10.331+02:00,nominal,0,0,-1.1695,-13.69,1,1221
2026-08-28T00:11:40.330+02:00,nominal,0,0,-1.0731,-23.12,1,1234
2026-08-28T00:12:10.329+02:00,nominal,0,0,-1.2395,-27.24,1,1285
2026-08-28T00:12:40.331+02:00,nominal,0,0,-1.0969,-11.78,1,1241
2026-08-28T00:13:10.331+02:00,nominal,0,0,-1.0597,-13.81,1,1250
2026-08-28T00:13:40.330+02:00,nominal,0,0,-1.1201,-20.78,1,1273
2026-08-28T00:14:10.331+02:00,anomaly,1,0,-1.4627,-20.14,1,1212
2026-08-28T00:14:40.334+02:00,nominal,0,0,-1.1503,-53.62,1,1169
2026-08-28T00:15:10.333+02:00,anomaly,1,0,-1.6925,-385.63,1,1254
2026-08-28T00:15:40.335+02:00,nominal,0,0,-1.1828,-14.1,1,1232
2026-08-28T00:16:10.335+02:00,nominal,0,0,-1.1702,-18.32,1,1209
2026-08-28T00:16:40.336+02:00,nominal,0,0,-1.4063,-17.41,1,1237
2026-08-28T00:17:10.333+02:00,anomaly,1,0,-1.6021,-309.21,1,1255
2026-08-28T00:17:40.343+02:00,nominal,0,0,-1.166,-31.29,1,1236
2026-08-28T00:18:10.347+02:00,nominal,0,0,-1.1167,-12.11,1,1222
2026-08-28T00:18:40.337+02:00,nominal,0,0,-1.235,-30.88,1,1217
2026-08-28T00:19:10.340+02:00,anomaly,1,0,-1.6803,-216.81,1,1212
2026-08-28T00:19:40.335+02:00,nominal,0,0,-1.38,-14.42,1,1260
2026-08-28T00:20:10.348+02:00,nominal,0,0,-1.291,-15.14,1,1224
2026-08-28T00:20:40.343+02:00,nominal,0,0,-1.3308,-14.09,1,1231
2026-08-28T00:21:10.341+02:00,anomaly,1,0,-1.7675,-40.81,1,1239
2026-08-28T00:21:40.338+02:00,anomaly,2,0,-1.5257,-28.94,1,1233
2026-08-28T00:22:10.337+02:00,nominal,0,0,-1.307,-17.51,1,1277
2026-08-28T00:22:40.352+02:00,anomaly,1,0,-1.4501,-129.15,1,1261
2026-08-28T00:23:10.338+02:00,anomaly,2,0,-1.4976,-122.4,1,1255
2026-08-28T00:23:40.346+02:00,anomaly,3,1,-2.4855,-519.85,1,1245
2026-08-28T00:24:10.340+02:00,anomaly,4,0,-1.8028,-108.44,1,1208
2026-08-28T00:24:40.340+02:00,anomaly,5,0,-1.4511,-166.63,1,1219
2026-08-28T00:25:10.342+02:00,anomaly,6,0,-1.6363,-262.48,1,1215
2026-08-28T00:25:40.341+02:00,anomaly,7,0,-1.739,-249.6,1,1217
2026-08-28T00:26:10.342+02:00,nominal,0,0,-1.4298,-155.48,1,1224
2026-08-28T00:26:40.343+02:00,anomaly,1,0,-2.2066,-105.43,1,1217
2026-08-28T00:27:10.342+02:00,anomaly,2,0,-1.8353,-326.05,1,1257
2026-08-28T00:27:40.343+02:00,anomaly,3,1,-1.677,-176.61,1,1217
2026-08-28T00:28:10.342+02:00,anomaly,4,0,-2.1792,-430.01,1,1220
2026-08-28T00:28:40.343+02:00,anomaly,5,0,-1.5994,-282.35,1,1235
2026-08-28T00:29:10.344+02:00,anomaly,6,0,-2.2587,-503.38,1,1242
2026-08-28T00:29:40.344+02:00,anomaly,7,0,-1.9749,-60.71,1,1292
2026-08-28T00:30:10.346+02:00,anomaly,8,0,-1.4971,-39.98,1,1233
2026-08-28T00:30:40.345+02:00,not_evaluable,8,0,0.0,0.0,0,12
2026-08-28T00:31:10.346+02:00,not_evaluable,8,0,0.0,0.0,0,14
2026-08-28T00:31:40.345+02:00,not_evaluable,8,0,0.0,0.0,0,14
2026-08-28T00:32:10.345+02:00,not_evaluable,8,0,0.0,0.0,0,14
2026-08-28T00:32:40.345+02:00,not_evaluable,8,0,0.0,0.0,0,9
2026-08-28T00:33:10.347+02:00,not_evaluable,8,0,0.0,0.0,0,14
2026-08-28T00:33:40.347+02:00,not_evaluable,8,0,0.0,0.0,0,14
2026-08-28T00:34:10.352+02:00,not_evaluable,8,0,0.0,0.0,0,11
2026-08-28T00:34:40.354+02:00,not_evaluable,8,0,0.0,0.0,0,12
2026-08-28T00:35:10.350+02:00,not_evaluable,8,0,0.0,0.0,0,14
2026-08-28T00:35:40.353+02:00,not_evaluable,8,0,0.0,0.0,0,13
2026-08-28T00:36:10.357+02:00,not_evaluable,8,0,0.0,0.0,0,13
2026-08-28T00:36:40.350+02:00,not_evaluable,8,0,0.0,0.0,0,15
2026-08-28T00:37:10.349+02:00,not_evaluable,8,0,0.0,0.0,0,14
2026-08-28T00:37:40.350+02:00,not_evaluable,8,0,0.0,0.0,0,14
2026-08-28T00:38:10.351+02:00,not_evaluable,8,0,0.0,0.0,0,14
2026-08-28T00:38:40.350+02:00,not_evaluable,8,0,0.0,0.0,0,13
2026-08-28T00:39:10.351+02:00,not_evaluable,8,0,0.0,0.0,0,14
2026-08-28T00:39:40.355+02:00,not_evaluable,8,0,0.0,0.0,0,11
2026-08-28T00:40:10.353+02:00,not_evaluable,8,0,0.0,0.0,0,14
2026-08-28T00:40:40.352+02:00,not_evaluable,8,0,0.0,0.0,0,14
2026-08-28T00:41:10.354+02:00,not_evaluable,8,0,0.0,0.0,0,14
2026-08-28T00:41:40.353+02:00,not_evaluable,8,0,0.0,0.0,0,13
2026-08-28T00:42:10.355+02:00,not_evaluable,8,0,0.0,0.0,0,14
2026-08-28T00:42:40.354+02:00,not_evaluable,8,0,0.0,0.0,0,9
2026-08-28T00:43:10.355+02:00,not_evaluable,8,0,0.0,0.0,0,12
2026-08-28T00:43:40.356+02:00,not_evaluable,8,0,0.0,0.0,0,12
2026-08-28T00:44:10.354+02:00,not_evaluable,8,0,0.0,0.0,0,8
2026-08-28T00:44:40.357+02:00,not_evaluable,8,0,0.0,0.0,0,15
2026-08-28T00:45:10.361+02:00,not_evaluable,8,0,0.0,0.0,0,14
2026-08-28T00:45:40.357+02:00,not_evaluable,8,0,0.0,0.0,0,14
2026-08-28T00:46:10.357+02:00,not_evaluable,8,0,0.0,0.0,0,11
2026-08-28T00:46:40.358+02:00,not_evaluable,8,0,0.0,0.0,0,13
2026-08-28T00:47:10.358+02:00,not_evaluable,8,0,0.0,0.0,0,10
2026-08-28T00:47:40.359+02:00,not_evaluable,8,0,0.0,0.0,0,7
2026-08-28T00:48:10.359+02:00,not_evaluable,8,0,0.0,0.0,0,11
2026-08-28T00:48:40.363+02:00,not_evaluable,8,0,0.0,0.0,0,14
2026-08-28T00:49:10.362+02:00,not_evaluable,8,0,0.0,0.0,0,9
2026-08-28T00:49:40.367+02:00,not_evaluable,8,0,0.0,0.0,0,14
2026-08-28T00:50:10.369+02:00,not_evaluable,8,0,0.0,0.0,0,14
2026-08-28T00:50:40.364+02:00,not_evaluable,8,0,0.0,0.0,0,14
2026-08-28T00:51:10.369+02:00,not_evaluable,8,0,0.0,0.0,0,11
2026-08-28T00:51:40.360+02:00,not_evaluable,8,0,0.0,0.0,0,14
2026-08-28T00:52:10.360+02:00,not_evaluable,8,0,0.0,0.0,0,14
2026-08-28T00:52:40.361+02:00,not_evaluable,8,0,0.0,0.0,0,12
2026-08-28T00:53:10.363+02:00,not_evaluable,8,0,0.0,0.0,0,11
2026-08-28T00:53:40.363+02:00,not_evaluable,8,0,0.0,0.0,0,6
2026-08-28T00:54:10.363+02:00,not_evaluable,8,0,0.0,0.0,0,14
2026-08-28T00:54:40.363+02:00,not_evaluable,8,0,0.0,0.0,0,14
2026-08-28T00:55:10.364+02:00,not_evaluable,8,0,0.0,0.0,0,9
2026-08-28T00:55:40.365+02:00,not_evaluable,8,0,0.0,0.0,0,14
2026-08-28T00:56:10.365+02:00,not_evaluable,8,0,0.0,0.0,0,14
2026-08-28T00:56:40.365+02:00,not_evaluable,8,0,0.0,0.0,0,15
2026-08-28T00:57:10.365+02:00,not_evaluable,8,0,0.0,0.0,0,14
2026-08-28T00:57:40.366+02:00,not_evaluable,8,0,0.0,0.0,0,14
2026-08-28T00:58:10.366+02:00,not_evaluable,8,0,0.0,0.0,0,14
2026-08-28T00:58:40.366+02:00,not_evaluable,8,0,0.0,0.0,0,8
2026-08-28T00:59:10.368+02:00,not_evaluable,8,0,0.0,0.0,0,12
2026-08-28T00:59:40.367+02:00,not_evaluable,8,0,0.0,0.0,0,14
2026-08-28T01:00:10.368+02:00,not_evaluable,8,0,0.0,0.0,0,11
2026-08-28T01:00:40.368+02:00,not_evaluable,8,0,0.0,0.0,0,11
2026-08-28T01:01:10.369+02:00,not_evaluable,8,0,0.0,0.0,0,14
2026-08-28T01:01:40.369+02:00,not_evaluable,8,0,0.0,0.0,0,10
2026-08-28T01:02:10.369+02:00,not_evaluable,8,0,0.0,0.0,0,13
2026-08-28T01:02:40.370+02:00,not_evaluable,8,0,0.0,0.0,0,13
2026-08-28T01:03:10.371+02:00,not_evaluable,8,0,0.0,0.0,0,11
2026-08-28T01:03:40.374+02:00,not_evaluable,8,0,0.0,0.0,0,14
2026-08-28T01:04:10.372+02:00,not_evaluable,8,0,0.0,0.0,0,14
2026-08-28T01:04:40.376+02:00,not_evaluable,8,0,0.0,0.0,0,14
2026-08-28T01:05:10.373+02:00,not_evaluable,8,0,0.0,0.0,0,14
2026-08-28T01:05:40.376+02:00,not_evaluable,8,0,0.0,0.0,0,14
2026-08-28T01:06:10.372+02:00,not_evaluable,8,0,0.0,0.0,0,14
2026-08-28T01:06:40.372+02:00,not_evaluable,8,0,0.0,0.0,0,14
2026-08-28T01:07:10.373+02:00,not_evaluable,8,0,0.0,0.0,0,14
2026-08-28T01:07:40.373+02:00,not_evaluable,8,0,0.0,0.0,0,10
2026-08-28T01:08:10.374+02:00,not_evaluable,8,0,0.0,0.0,0,14
2026-08-28T01:08:40.391+02:00,not_evaluable,8,0,0.0,0.0,0,9
2026-08-28T01:09:10.376+02:00,not_evaluable,8,0,0.0,0.0,0,12
2026-08-28T01:09:40.375+02:00,not_evaluable,8,0,0.0,0.0,0,14
2026-08-28T01:10:10.374+02:00,not_evaluable,8,0,0.0,0.0,0,14
2026-08-28T01:10:40.379+02:00,not_evaluable,8,0,0.0,0.0,0,14
2026-08-28T01:11:10.377+02:00,not_evaluable,8,0,0.0,0.0,0,13
2026-08-28T01:11:40.378+02:00,not_evaluable,8,0,0.0,0.0,0,14
2026-08-28T01:12:10.377+02:00,not_evaluable,8,0,0.0,0.0,0,12
2026-08-28T01:12:40.376+02:00,not_evaluable,8,0,0.0,0.0,0,14
2026-08-28T01:13:10.377+02:00,not_evaluable,8,0,0.0,0.0,0,8
2026-08-28T01:14:10.378+02:00,not_evaluable,8,0,0.0,0.0,0,14
2026-08-28T01:14:40.386+02:00,not_evaluable,8,0,0.0,0.0,0,13
2026-08-28T01:15:10.378+02:00,not_evaluable,8,0,0.0,0.0,0,14
2026-08-28T01:15:40.381+02:00,not_evaluable,8,0,0.0,0.0,0,10
2026-08-28T01:16:10.381+02:00,not_evaluable,8,0,0.0,0.0,0,6
2026-08-28T01:16:40.380+02:00,not_evaluable,8,0,0.0,0.0,0,14
2026-08-28T01:17:10.383+02:00,not_evaluable,8,0,0.0,0.0,0,14
2026-08-28T01:17:40.382+02:00,not_evaluable,8,0,0.0,0.0,0,14
2026-08-28T01:18:10.383+02:00,not_evaluable,8,0,0.0,0.0,0,12
2026-08-28T01:18:40.385+02:00,not_evaluable,8,0,0.0,0.0,0,13
2026-08-28T01:19:10.389+02:00,not_evaluable,8,0,0.0,0.0,0,13
2026-08-28T01:19:40.393+02:00,not_evaluable,8,0,0.0,0.0,0,14
2026-08-28T01:20:10.390+02:00,not_evaluable,8,0,0.0,0.0,0,14
2026-08-28T01:20:40.394+02:00,not_evaluable,8,0,0.0,0.0,0,14
2026-08-28T01:21:10.383+02:00,not_evaluable,8,0,0.0,0.0,0,9
2026-08-28T01:21:40.385+02:00,not_evaluable,8,0,0.0,0.0,0,7
2026-08-28T01:22:10.386+02:00,not_evaluable,8,0,0.0,0.0,0,14
2026-08-28T01:22:40.409+02:00,not_evaluable,8,0,0.0,0.0,0,14
2026-08-28T01:23:10.387+02:00,not_evaluable,8,0,0.0,0.0,0,14
2026-08-28T01:23:40.387+02:00,not_evaluable,8,0,0.0,0.0,0,13
2026-08-28T01:24:10.386+02:00,not_evaluable,8,0,0.0,0.0,0,13
2026-08-28T01:24:40.388+02:00,not_evaluable,8,0,0.0,0.0,0,11
2026-08-28T01:25:10.387+02:00,not_evaluable,8,0,0.0,0.0,0,11
2026-08-28T01:25:40.390+02:00,not_evaluable,8,0,0.0,0.0,0,14
2026-08-28T01:26:10.389+02:00,not_evaluable,8,0,0.0,0.0,0,14
2026-08-28T01:26:40.389+02:00,nominal,0,0,-1.0993,-29.72,1,1402
2026-08-28T01:27:10.388+02:00,nominal,0,0,-1.0627,-42.97,1,1253
2026-08-28T01:27:40.391+02:00,nominal,0,0,-1.0705,-28.68,1,1116
2026-08-28T01:28:10.390+02:00,nominal,0,0,-1.095,-32.83,1,1348
2026-08-28T01:28:40.392+02:00,nominal,0,0,-1.0868,-25.63,1,1234
2026-08-28T01:29:10.391+02:00,nominal,0,0,-1.0468,-27.17,1,1239
2026-08-28T01:29:40.390+02:00,nominal,0,0,-1.0324,-28.82,1,1230
2026-08-28T01:30:10.391+02:00,nominal,0,0,-1.0847,-21.93,1,1234
2026-08-28T01:30:40.392+02:00,nominal,0,0,-1.0576,-18.83,1,1244
2026-08-28T01:31:10.393+02:00,nominal,0,0,-1.3352,-295.83,1,1268
2026-08-28T01:31:40.391+02:00,nominal,0,0,-1.0895,-18.79,1,1286
2026-08-28T01:32:10.394+02:00,nominal,0,0,-1.0513,-21.64,1,1217
2026-08-28T01:32:40.393+02:00,nominal,0,0,-1.0499,-17.75,1,1333
2026-08-28T01:33:10.394+02:00,nominal,0,0,-1.0455,-21.52,1,1258
2026-08-28T01:33:40.394+02:00,nominal,0,0,-1.0493,-20.13,1,1245
2026-08-28T01:34:10.394+02:00,nominal,0,0,-1.0291,-17.19,1,1282
2026-08-28T01:34:40.399+02:00,nominal,0,0,-1.1618,-17.21,1,1234
2026-08-28T01:35:10.403+02:00,nominal,0,0,-1.0955,-11.14,1,1230
2026-08-28T01:35:40.397+02:00,nominal,0,0,-1.0917,-20.23,1,1227
2026-08-28T01:36:10.401+02:00,nominal,0,0,-1.1633,-26.03,1,1234
2026-08-28T01:36:40.395+02:00,nominal,0,0,-1.1139,-29.01,1,1275
2026-08-28T01:37:10.398+02:00,nominal,0,0,-1.0976,-17.09,1,1223
2026-08-28T01:37:40.396+02:00,nominal,0,0,-1.0544,-16.78,1,1256
2026-08-28T01:38:10.396+02:00,nominal,0,0,-1.0399,-17.35,1,1245
2026-08-28T01:38:40.398+02:00,nominal,0,0,-1.093,-21.6,1,1250
2026-08-28T01:39:10.398+02:00,nominal,0,0,-1.1702,-69.34,1,1235
2026-08-28T01:39:40.397+02:00,nominal,0,0,-1.0296,-27.95,1,1254
2026-08-28T01:40:10.399+02:00,nominal,0,0,-1.4195,-21.35,1,1228
2026-08-28T01:40:40.400+02:00,nominal,0,0,-1.0975,-20.29,1,1234
2026-08-28T01:41:10.400+02:00,nominal,0,0,-1.102,-11.59,1,1231
2026-08-28T01:41:40.400+02:00,nominal,0,0,-1.114,-24.45,1,1247
2026-08-28T01:42:10.402+02:00,nominal,0,0,-1.2137,-15.35,1,1107
2026-08-28T01:42:40.401+02:00,nominal,0,0,-1.1807,-15.76,1,1267
2026-08-28T01:43:10.403+02:00,nominal,0,0,-1.0372,-10.39,1,1220
2026-08-28T01:43:40.403+02:00,nominal,0,0,-1.1311,-16.7,1,1239
2026-08-28T01:44:10.401+02:00,nominal,0,0,-1.1304,-9.12,1,1267
2026-08-28T01:44:40.403+02:00,nominal,0,0,-1.0506,-7.96,1,1219
2026-08-28T01:45:10.402+02:00,nominal,0,0,-1.0516,-11.58,1,1242
2026-08-28T01:45:40.403+02:00,nominal,0,0,-1.2154,-14.98,1,1219
2026-08-28T01:46:10.403+02:00,nominal,0,0,-1.1329,-36.97,1,1238
2026-08-28T01:46:40.446+02:00,anomaly,1,0,-1.4937,-10.84,1,1234
2026-08-28T01:47:10.410+02:00,nominal,0,0,-1.0091,-15.96,1,1258
2026-08-28T01:47:40.403+02:00,nominal,0,0,-1.1328,-7.41,1,1257
2026-08-28T01:48:10.404+02:00,nominal,0,0,-1.2953,-3.66,1,1251
2026-08-28T01:48:40.406+02:00,nominal,0,0,-1.2172,-6.31,1,1220
2026-08-28T01:49:10.405+02:00,nominal,0,0,-1.1298,-6.7,1,1256
2026-08-28T01:49:40.409+02:00,anomaly,1,0,-2.0148,-350.45,1,1229
2026-08-28T01:50:10.412+02:00,nominal,0,0,-1.2305,-49.39,1,1263
2026-08-28T01:50:40.407+02:00,nominal,0,0,-1.1917,-9.75,1,1335
2026-08-28T01:51:10.406+02:00,anomaly,1,0,-1.7225,-10.77,1,1347
2026-08-28T01:51:40.407+02:00,nominal,0,0,-1.2225,-17.02,1,1276
2026-08-28T01:52:10.409+02:00,nominal,0,0,-1.376,-16.37,1,1224
2026-08-28T01:52:40.407+02:00,anomaly,1,0,-1.4935,-13.16,1,1261
2026-08-28T01:53:10.414+02:00,nominal,0,0,-1.2906,-16.02,1,1247
2026-08-28T01:53:40.416+02:00,nominal,0,0,-1.1175,-11.33,1,1351
2026-08-28T01:54:10.409+02:00,anomaly,1,0,-1.4398,-23.94,1,1363
2026-08-28T01:54:40.408+02:00,anomaly,2,0,-1.4674,-52.53,1,1266
2026-08-28T01:55:10.410+02:00,anomaly,3,1,-1.654,-310.85,1,1226
2026-08-28T01:55:40.411+02:00,anomaly,4,0,-1.4641,-26.93,1,1229
2026-08-28T01:56:10.412+02:00,nominal,0,0,-1.1505,-10.8,1,1233
2026-08-28T01:56:40.412+02:00,anomaly,1,0,-1.7564,-476.0,1,1140
2026-08-28T01:57:10.412+02:00,nominal,0,0,-1.4224,-46.78,1,1262
2026-08-28T01:57:40.413+02:00,anomaly,1,0,-1.5255,-32.87,1,1217
2026-08-28T01:58:10.413+02:00,nominal,0,0,-1.1497,-14.33,1,1348
2026-08-28T01:58:40.414+02:00,not_evaluable,0,0,0.0,0.0,0,14
2026-08-28T01:59:10.412+02:00,not_evaluable,0,0,0.0,0.0,0,13
2026-08-28T01:59:40.413+02:00,not_evaluable,0,0,0.0,0.0,0,13
2026-08-28T02:00:10.414+02:00,not_evaluable,0,0,0.0,0.0,0,12
2026-08-28T02:00:40.414+02:00,not_evaluable,0,0,0.0,0.0,0,14
2026-08-28T02:01:10.415+02:00,not_evaluable,0,0,0.0,0.0,0,12
2026-08-28T02:01:40.414+02:00,not_evaluable,0,0,0.0,0.0,0,14
2026-08-28T02:02:10.416+02:00,not_evaluable,0,0,0.0,0.0,0,14
2026-08-28T02:02:40.415+02:00,not_evaluable,0,0,0.0,0.0,0,13
2026-08-28T02:03:10.416+02:00,not_evaluable,0,0,0.0,0.0,0,13
2026-08-28T02:03:40.416+02:00,not_evaluable,0,0,0.0,0.0,0,14
2026-08-28T02:04:10.421+02:00,not_evaluable,0,0,0.0,0.0,0,7
2026-08-28T02:04:40.466+02:00,not_evaluable,0,0,0.0,0.0,0,14
2026-08-28T02:05:10.464+02:00,not_evaluable,0,0,0.0,0.0,0,14
2026-08-28T02:05:40.481+02:00,not_evaluable,0,0,0.0,0.0,0,10
2026-08-28T02:06:10.464+02:00,not_evaluable,0,0,0.0,0.0,0,9
2026-08-28T02:06:40.464+02:00,not_evaluable,0,0,0.0,0.0,0,14
2026-08-28T02:07:10.463+02:00,not_evaluable,0,0,0.0,0.0,0,14
2026-08-28T02:07:40.464+02:00,not_evaluable,0,0,0.0,0.0,0,14
2026-08-28T02:08:10.467+02:00,not_evaluable,0,0,0.0,0.0,0,12
2026-08-28T02:08:40.464+02:00,not_evaluable,0,0,0.0,0.0,0,12
2026-08-28T02:09:10.468+02:00,not_evaluable,0,0,0.0,0.0,0,14
2026-08-28T02:09:40.467+02:00,not_evaluable,0,0,0.0,0.0,0,14
2026-08-28T02:10:10.469+02:00,not_evaluable,0,0,0.0,0.0,0,14
2026-08-28T02:10:40.523+02:00,not_evaluable,0,0,0.0,0.0,0,14
2026-08-28T02:11:10.468+02:00,not_evaluable,0,0,0.0,0.0,0,7
2026-08-28T02:11:40.472+02:00,not_evaluable,0,0,0.0,0.0,0,10
2026-08-28T02:12:10.640+02:00,not_evaluable,0,0,0.0,0.0,0,11
2026-08-28T02:12:40.470+02:00,not_evaluable,0,0,0.0,0.0,0,13
2026-08-28T02:13:10.473+02:00,not_evaluable,0,0,0.0,0.0,0,14
2026-08-28T02:13:40.472+02:00,not_evaluable,0,0,0.0,0.0,0,14
2026-08-28T02:14:10.471+02:00,not_evaluable,0,0,0.0,0.0,0,10
2026-08-28T02:14:40.472+02:00,not_evaluable,0,0,0.0,0.0,0,14
2026-08-28T02:15:10.473+02:00,not_evaluable,0,0,0.0,0.0,0,13
2026-08-28T02:15:40.471+02:00,not_evaluable,0,0,0.0,0.0,0,14
2026-08-28T02:16:10.471+02:00,not_evaluable,0,0,0.0,0.0,0,12
2026-08-28T02:16:40.472+02:00,not_evaluable,0,0,0.0,0.0,0,10
2026-08-28T02:17:10.475+02:00,not_evaluable,0,0,0.0,0.0,0,14
2026-08-28T02:17:40.486+02:00,not_evaluable,0,0,0.0,0.0,0,12
2026-08-28T02:18:10.683+02:00,not_evaluable,0,0,0.0,0.0,0,11
2026-08-28T02:18:40.584+02:00,not_evaluable,0,0,0.0,0.0,0,9
2026-08-28T02:19:10.479+02:00,not_evaluable,0,0,0.0,0.0,0,13
2026-08-28T02:19:40.477+02:00,not_evaluable,0,0,0.0,0.0,0,11
2026-08-28T02:20:10.478+02:00,not_evaluable,0,0,0.0,0.0,0,10
2026-08-28T02:20:40.475+02:00,not_evaluable,0,0,0.0,0.0,0,13
2026-08-28T02:21:10.477+02:00,not_evaluable,0,0,0.0,0.0,0,14
2026-08-28T02:21:40.476+02:00,not_evaluable,0,0,0.0,0.0,0,14
2026-08-28T02:22:10.477+02:00,not_evaluable,0,0,0.0,0.0,0,12
2026-08-28T02:22:40.475+02:00,not_evaluable,0,0,0.0,0.0,0,14
2026-08-28T02:23:10.517+02:00,not_evaluable,0,0,0.0,0.0,0,14
2026-08-28T02:23:40.626+02:00,not_evaluable,0,0,0.0,0.0,0,12
2026-08-28T02:24:10.481+02:00,not_evaluable,0,0,0.0,0.0,0,10
2026-08-28T02:24:40.480+02:00,not_evaluable,0,0,0.0,0.0,0,14
2026-08-28T02:25:10.480+02:00,not_evaluable,0,0,0.0,0.0,0,14
2026-08-28T02:25:40.486+02:00,not_evaluable,0,0,0.0,0.0,0,14
2026-08-28T02:26:10.480+02:00,not_evaluable,0,0,0.0,0.0,0,14
2026-08-28T02:26:40.483+02:00,not_evaluable,0,0,0.0,0.0,0,13
2026-08-28T02:27:10.480+02:00,not_evaluable,0,0,0.0,0.0,0,11
2026-08-28T02:27:40.483+02:00,not_evaluable,0,0,0.0,0.0,0,11
2026-08-28T02:28:10.559+02:00,not_evaluable,0,0,0.0,0.0,0,11
2026-08-28T02:28:40.479+02:00,not_evaluable,0,0,0.0,0.0,0,14
2026-08-28T02:29:10.484+02:00,not_evaluable,0,0,0.0,0.0,0,13
2026-08-28T02:29:40.484+02:00,not_evaluable,0,0,0.0,0.0,0,13
2026-08-28T02:30:10.485+02:00,not_evaluable,0,0,0.0,0.0,0,11
2026-08-28T02:30:40.483+02:00,not_evaluable,0,0,0.0,0.0,0,11
2026-08-28T02:31:10.483+02:00,not_evaluable,0,0,0.0,0.0,0,14
2026-08-28T02:31:40.484+02:00,not_evaluable,0,0,0.0,0.0,0,14
2026-08-28T02:32:10.484+02:00,not_evaluable,0,0,0.0,0.0,0,14
2026-08-28T02:32:40.488+02:00,not_evaluable,0,0,0.0,0.0,0,7
2026-08-28T02:33:10.596+02:00,not_evaluable,0,0,0.0,0.0,0,13
2026-08-28T02:33:40.439+02:00,not_evaluable,0,0,0.0,0.0,0,14
2026-08-28T02:34:10.442+02:00,not_evaluable,0,0,0.0,0.0,0,14
2026-08-28T02:34:40.441+02:00,not_evaluable,0,0,0.0,0.0,0,14
2026-08-28T02:35:10.443+02:00,not_evaluable,0,0,0.0,0.0,0,14
2026-08-28T02:35:40.464+02:00,not_evaluable,0,0,0.0,0.0,0,13
2026-08-28T02:36:10.443+02:00,not_evaluable,0,0,0.0,0.0,0,11
2026-08-28T02:36:40.442+02:00,not_evaluable,0,0,0.0,0.0,0,13
2026-08-28T02:37:10.442+02:00,not_evaluable,0,0,0.0,0.0,0,14
2026-08-28T02:37:40.443+02:00,not_evaluable,0,0,0.0,0.0,0,14
2026-08-28T02:38:10.446+02:00,not_evaluable,0,0,0.0,0.0,0,14
2026-08-28T02:38:40.443+02:00,not_evaluable,0,0,0.0,0.0,0,10
2026-08-28T02:39:10.443+02:00,not_evaluable,0,0,0.0,0.0,0,11
2026-08-28T02:39:40.444+02:00,not_evaluable,0,0,0.0,0.0,0,14
2026-08-28T02:40:10.445+02:00,not_evaluable,0,0,0.0,0.0,0,14
2026-08-28T02:40:40.448+02:00,not_evaluable,0,0,0.0,0.0,0,9
2026-08-28T02:41:10.447+02:00,not_evaluable,0,0,0.0,0.0,0,14
2026-08-28T02:41:40.451+02:00,not_evaluable,0,0,0.0,0.0,0,14
2026-08-28T02:42:10.449+02:00,not_evaluable,0,0,0.0,0.0,0,13
2026-08-28T02:42:40.452+02:00,not_evaluable,0,0,0.0,0.0,0,10
2026-08-28T02:43:10.448+02:00,not_evaluable,0,0,0.0,0.0,0,11
2026-08-28T02:43:40.447+02:00,not_evaluable,0,0,0.0,0.0,0,14
2026-08-28T02:44:10.450+02:00,not_evaluable,0,0,0.0,0.0,0,13
2026-08-28T02:44:40.448+02:00,not_evaluable,0,0,0.0,0.0,0,14
2026-08-28T02:45:10.449+02:00,not_evaluable,0,0,0.0,0.0,0,11
2026-08-28T02:45:40.449+02:00,not_evaluable,0,0,0.0,0.0,0,11
2026-08-28T02:46:10.450+02:00,not_evaluable,0,0,0.0,0.0,0,14
2026-08-28T02:46:40.451+02:00,not_evaluable,0,0,0.0,0.0,0,7
2026-08-28T02:47:10.453+02:00,not_evaluable,0,0,0.0,0.0,0,14
2026-08-28T02:47:40.450+02:00,not_evaluable,0,0,0.0,0.0,0,12
2026-08-28T02:48:10.453+02:00,not_evaluable,0,0,0.0,0.0,0,14
2026-08-28T02:48:40.453+02:00,not_evaluable,0,0,0.0,0.0,0,14
2026-08-28T02:49:10.454+02:00,not_evaluable,0,0,0.0,0.0,0,14
2026-08-28T02:49:40.460+02:00,not_evaluable,0,0,0.0,0.0,0,14
2026-08-28T02:50:10.457+02:00,not_evaluable,0,0,0.0,0.0,0,14
2026-08-28T02:50:40.459+02:00,not_evaluable,0,0,0.0,0.0,0,13
2026-08-28T02:51:10.455+02:00,not_evaluable,0,0,0.0,0.0,0,14
2026-08-28T02:51:40.453+02:00,not_evaluable,0,0,0.0,0.0,0,12
2026-08-28T02:52:10.453+02:00,not_evaluable,0,0,0.0,0.0,0,14
2026-08-28T02:52:40.454+02:00,not_evaluable,0,0,0.0,0.0,0,14
2026-08-28T02:53:10.454+02:00,not_evaluable,0,0,0.0,0.0,0,14
2026-08-28T02:53:40.456+02:00,not_evaluable,0,0,0.0,0.0,0,14
2026-08-28T02:54:10.457+02:00,not_evaluable,0,0,0.0,0.0,0,14
2026-08-28T02:54:40.456+02:00,not_evaluable,0,0,0.0,0.0,0,14
2026-08-28T02:55:10.461+02:00,nominal,0,0,-1.2338,-67.61,1,1332
2026-08-28T02:55:40.458+02:00,nominal,0,0,-1.0928,-12.25,1,1334
2026-08-28T02:56:10.457+02:00,nominal,0,0,-1.06,-28.98,1,1269
2026-08-28T02:56:40.459+02:00,nominal,0,0,-1.066,-25.02,1,1227
2026-08-28T02:57:10.462+02:00,nominal,0,0,-1.0408,-26.61,1,1229
2026-08-28T02:57:40.459+02:00,nominal,0,0,-1.0328,-34.91,1,1253
2026-08-28T02:58:10.460+02:00,nominal,0,0,-1.0292,-14.47,1,1240
2026-08-28T02:58:40.462+02:00,nominal,0,0,-1.0238,-29.25,1,1237
2026-08-28T02:59:10.471+02:00,nominal,0,0,-1.0618,-24.85,1,1249
2026-08-28T02:59:40.463+02:00,nominal,0,0,-1.3484,-30.02,1,1280
2026-08-28T03:00:40.460+02:00,nominal,0,0,-1.0865,-20.75,1,1357
2026-08-28T03:01:10.463+02:00,nominal,0,0,-1.1527,-29.34,1,1235
2026-08-28T03:01:40.461+02:00,nominal,0,0,-1.1346,-28.69,1,1276
2026-08-28T03:02:10.462+02:00,not_evaluable,0,0,0.0,0.0,0,6
2026-08-28T03:02:40.462+02:00,nominal,0,0,-1.0464,-20.67,1,1280
2026-08-28T03:03:10.464+02:00,nominal,0,0,-1.103,-24.48,1,1264
2026-08-28T03:03:40.464+02:00,nominal,0,0,-1.0566,-20.73,1,1241
2026-08-28T03:04:10.464+02:00,nominal,0,0,-1.0326,-19.4,1,1235
2026-08-28T03:04:40.490+02:00,nominal,0,0,-1.069,-24.68,1,1237
2026-08-28T03:05:10.467+02:00,nominal,0,0,-1.1238,-19.47,1,1235
2026-08-28T03:05:40.469+02:00,anomaly,1,0,-1.9963,-905.25,1,1230
2026-08-28T03:06:10.475+02:00,nominal,0,0,-1.1717,-12.58,1,1253
2026-08-28T03:06:40.468+02:00,nominal,0,0,-1.1109,-41.02,1,1237
2026-08-28T03:07:10.465+02:00,nominal,0,0,-1.1709,-9.52,1,1255
2026-08-28T03:07:40.465+02:00,nominal,0,0,-1.0189,-38.85,1,1272
2026-08-28T03:08:10.466+02:00,nominal,0,0,-1.1281,-13.47,1,1254
2026-08-28T03:08:40.467+02:00,nominal,0,0,-1.0393,-18.13,1,1219
2026-08-28T03:09:10.468+02:00,nominal,0,0,-1.3311,-15.97,1,1226
2026-08-28T03:09:40.468+02:00,nominal,0,0,-1.1077,-19.62,1,1172
2026-08-28T03:10:10.468+02:00,anomaly,1,0,-1.4804,-195.54,1,1255
2026-08-28T03:10:40.468+02:00,nominal,0,0,-1.1154,-9.71,1,1267
2026-08-28T03:11:10.471+02:00,nominal,0,0,-1.1227,-17.42,1,1220
2026-08-28T03:11:40.468+02:00,nominal,0,0,-1.0701,-10.84,1,1278
2026-08-28T03:12:10.469+02:00,anomaly,1,0,-1.5061,-116.12,1,1280
2026-08-28T03:12:40.472+02:00,nominal,0,0,-1.1584,-13.6,1,1225
2026-08-28T03:13:10.470+02:00,nominal,0,0,-1.042,-9.18,1,1216
2026-08-28T03:13:40.475+02:00,nominal,0,0,-1.3322,-80.19,1,1250
2026-08-28T03:14:10.472+02:00,nominal,0,0,-1.3103,-8.79,1,1226
2026-08-28T03:14:40.473+02:00,nominal,0,0,-1.195,-13.29,1,1237
2026-08-28T03:15:10.472+02:00,nominal,0,0,-1.1212,-10.15,1,1238
2026-08-28T03:15:40.473+02:00,nominal,0,0,-1.0307,-6.28,1,1228
2026-08-28T03:16:10.472+02:00,nominal,0,0,-1.1148,-9.15,1,1254
2026-08-28T03:16:40.473+02:00,nominal,0,0,-1.0235,-5.63,1,1248
2026-08-28T03:17:10.473+02:00,nominal,0,0,-1.0549,-8.92,1,1237
2026-08-28T03:17:40.474+02:00,not_evaluable,0,0,0.0,0.0,0,7
2026-08-28T03:18:10.475+02:00,nominal,0,0,-1.2061,-8.96,1,1328
2026-08-28T03:18:40.475+02:00,nominal,0,0,-1.2425,-16.34,1,1278
2026-08-28T03:19:10.474+02:00,nominal,0,0,-1.2755,-22.71,1,1250
2026-08-28T03:19:40.480+02:00,nominal,0,0,-1.3719,-12.41,1,1262
2026-08-28T03:20:10.477+02:00,anomaly,1,0,-1.5302,-13.33,1,1233
2026-08-28T03:20:40.480+02:00,nominal,0,0,-1.1248,-25.09,1,1327
2026-08-28T03:21:10.484+02:00,anomaly,1,0,-1.8459,-669.82,1,1251
2026-08-28T03:21:40.479+02:00,nominal,0,0,-1.3862,-22.9,1,1272
2026-08-28T03:22:10.477+02:00,anomaly,1,0,-1.5978,-20.94,1,1251
2026-08-28T03:22:40.478+02:00,anomaly,2,0,-1.462,-30.91,1,1255
2026-08-28T03:23:10.477+02:00,anomaly,3,1,-1.6038,-25.91,1,1243
2026-08-28T03:23:40.479+02:00,nominal,0,0,-1.3171,-20.67,1,1234
2026-08-28T03:24:10.479+02:00,anomaly,1,0,-1.4492,-25.07,1,1162
2026-08-28T03:24:40.480+02:00,anomaly,2,0,-1.5924,-44.54,1,1196
2026-08-28T03:25:10.482+02:00,anomaly,3,1,-1.4893,-39.38,1,1269
2026-08-28T03:25:40.481+02:00,nominal,0,0,-1.1792,-17.88,1,1241
2026-08-28T03:26:10.480+02:00,nominal,0,0,-1.1697,-16.34,1,1278
2026-08-28T03:26:40.481+02:00,anomaly,1,0,-1.626,-50.93,1,1214
2026-08-28T03:27:10.482+02:00,not_evaluable,1,0,0.0,0.0,0,14
2026-08-28T03:27:40.483+02:00,not_evaluable,1,0,0.0,0.0,0,14
2026-08-28T03:28:10.483+02:00,not_evaluable,1,0,0.0,0.0,0,13
2026-08-28T03:28:40.482+02:00,not_evaluable,1,0,0.0,0.0,0,14
2026-08-28T03:29:10.482+02:00,not_evaluable,1,0,0.0,0.0,0,13
2026-08-28T03:29:40.485+02:00,not_evaluable,1,0,0.0,0.0,0,13
2026-08-28T03:30:10.484+02:00,not_evaluable,1,0,0.0,0.0,0,14
2026-08-28T03:30:40.484+02:00,not_evaluable,1,0,0.0,0.0,0,9
2026-08-28T03:31:10.503+02:00,not_evaluable,1,0,0.0,0.0,0,14
2026-08-28T03:31:40.485+02:00,not_evaluable,1,0,0.0,0.0,0,11
2026-08-28T03:32:10.486+02:00,not_evaluable,1,0,0.0,0.0,0,14
2026-08-28T03:32:40.485+02:00,not_evaluable,1,0,0.0,0.0,0,14
2026-08-28T03:33:10.490+02:00,not_evaluable,1,0,0.0,0.0,0,14
2026-08-28T03:33:40.486+02:00,not_evaluable,1,0,0.0,0.0,0,14
2026-08-28T03:34:10.486+02:00,not_evaluable,1,0,0.0,0.0,0,14
2026-08-28T03:34:40.489+02:00,not_evaluable,1,0,0.0,0.0,0,11
2026-08-28T03:35:10.501+02:00,not_evaluable,1,0,0.0,0.0,0,14
2026-08-28T03:35:40.493+02:00,not_evaluable,1,0,0.0,0.0,0,14
2026-08-28T03:36:10.496+02:00,not_evaluable,1,0,0.0,0.0,0,13
2026-08-28T03:36:40.490+02:00,not_evaluable,1,0,0.0,0.0,0,14
2026-08-28T03:37:10.493+02:00,not_evaluable,1,0,0.0,0.0,0,13
2026-08-28T03:37:40.490+02:00,not_evaluable,1,0,0.0,0.0,0,14
2026-08-28T03:38:10.489+02:00,not_evaluable,1,0,0.0,0.0,0,14
2026-08-28T03:38:40.491+02:00,not_evaluable,1,0,0.0,0.0,0,8
2026-08-28T03:39:10.490+02:00,not_evaluable,1,0,0.0,0.0,0,8
2026-08-28T03:39:40.492+02:00,not_evaluable,1,0,0.0,0.0,0,13
2026-08-28T03:40:10.492+02:00,not_evaluable,1,0,0.0,0.0,0,12
2026-08-28T03:40:40.493+02:00,not_evaluable,1,0,0.0,0.0,0,14
2026-08-28T03:41:10.492+02:00,not_evaluable,1,0,0.0,0.0,0,14
2026-08-28T03:41:40.494+02:00,not_evaluable,1,0,0.0,0.0,0,14
2026-08-28T03:42:10.492+02:00,not_evaluable,1,0,0.0,0.0,0,14
2026-08-28T03:42:40.495+02:00,not_evaluable,1,0,0.0,0.0,0,14
2026-08-28T03:43:10.493+02:00,not_evaluable,1,0,0.0,0.0,0,14
2026-08-28T03:43:40.495+02:00,not_evaluable,1,0,0.0,0.0,0,12
2026-08-28T03:44:10.495+02:00,not_evaluable,1,0,0.0,0.0,0,13
2026-08-28T03:44:40.495+02:00,not_evaluable,1,0,0.0,0.0,0,11
2026-08-28T03:45:10.496+02:00,not_evaluable,1,0,0.0,0.0,0,13
2026-08-28T03:45:40.496+02:00,not_evaluable,1,0,0.0,0.0,0,14
2026-08-28T03:46:10.509+02:00,not_evaluable,1,0,0.0,0.0,0,14
2026-08-28T03:46:40.503+02:00,not_evaluable,1,0,0.0,0.0,0,14
2026-08-28T03:47:10.497+02:00,not_evaluable,1,0,0.0,0.0,0,14
2026-08-28T03:47:40.496+02:00,not_evaluable,1,0,0.0,0.0,0,7
2026-08-28T03:48:10.497+02:00,not_evaluable,1,0,0.0,0.0,0,13
2026-08-28T03:48:40.500+02:00,not_evaluable,1,0,0.0,0.0,0,14
2026-08-28T03:49:10.498+02:00,not_evaluable,1,0,0.0,0.0,0,12
2026-08-28T03:49:40.500+02:00,not_evaluable,1,0,0.0,0.0,0,14
2026-08-28T03:50:10.499+02:00,not_evaluable,1,0,0.0,0.0,0,11
2026-08-28T03:50:40.502+02:00,not_evaluable,1,0,0.0,0.0,0,14
2026-08-28T03:51:10.501+02:00,not_evaluable,1,0,0.0,0.0,0,13
2026-08-28T03:51:40.500+02:00,not_evaluable,1,0,0.0,0.0,0,14
2026-08-28T03:52:10.500+02:00,not_evaluable,1,0,0.0,0.0,0,12
2026-08-28T03:52:40.501+02:00,not_evaluable,1,0,0.0,0.0,0,14
2026-08-28T03:53:10.501+02:00,not_evaluable,1,0,0.0,0.0,0,10
2026-08-28T03:53:40.506+02:00,not_evaluable,1,0,0.0,0.0,0,8
2026-08-28T03:54:10.503+02:00,not_evaluable,1,0,0.0,0.0,0,12
2026-08-28T03:54:40.502+02:00,not_evaluable,1,0,0.0,0.0,0,14
2026-08-28T03:55:10.504+02:00,not_evaluable,1,0,0.0,0.0,0,13
2026-08-28T03:55:40.503+02:00,not_evaluable,1,0,0.0,0.0,0,13
2026-08-28T03:56:10.503+02:00,not_evaluable,1,0,0.0,0.0,0,12
2026-08-28T03:56:40.505+02:00,not_evaluable,1,0,0.0,0.0,0,14
2026-08-28T03:57:10.509+02:00,not_evaluable,1,0,0.0,0.0,0,14
2026-08-28T03:57:40.507+02:00,not_evaluable,1,0,0.0,0.0,0,12
2026-08-28T03:58:10.520+02:00,not_evaluable,1,0,0.0,0.0,0,14
2026-08-28T03:58:40.506+02:00,not_evaluable,1,0,0.0,0.0,0,14
2026-08-28T03:59:10.510+02:00,not_evaluable,1,0,0.0,0.0,0,14
2026-08-28T03:59:40.508+02:00,not_evaluable,1,0,0.0,0.0,0,14
2026-08-28T04:00:10.550+02:00,not_evaluable,1,0,0.0,0.0,0,14
2026-08-28T04:00:40.508+02:00,not_evaluable,1,0,0.0,0.0,0,14
2026-08-28T04:01:10.550+02:00,not_evaluable,1,0,0.0,0.0,0,14
2026-08-28T04:01:40.508+02:00,not_evaluable,1,0,0.0,0.0,0,14
2026-08-28T04:02:10.554+02:00,not_evaluable,1,0,0.0,0.0,0,14
2026-08-28T04:02:40.511+02:00,not_evaluable,1,0,0.0,0.0,0,9
2026-08-28T04:03:10.510+02:00,not_evaluable,1,0,0.0,0.0,0,14
2026-08-28T04:03:40.512+02:00,not_evaluable,1,0,0.0,0.0,0,13
2026-08-28T04:04:10.509+02:00,not_evaluable,1,0,0.0,0.0,0,14
2026-08-28T04:04:40.510+02:00,not_evaluable,1,0,0.0,0.0,0,10
2026-08-28T04:05:10.510+02:00,not_evaluable,1,0,0.0,0.0,0,7
2026-08-28T04:05:40.512+02:00,not_evaluable,1,0,0.0,0.0,0,9
2026-08-28T04:06:10.511+02:00,not_evaluable,1,0,0.0,0.0,0,11
2026-08-28T04:06:40.512+02:00,not_evaluable,1,0,0.0,0.0,0,7
2026-08-28T04:07:10.512+02:00,not_evaluable,1,0,0.0,0.0,0,13
2026-08-28T04:07:40.512+02:00,not_evaluable,1,0,0.0,0.0,0,10
2026-08-28T04:08:10.517+02:00,not_evaluable,1,0,0.0,0.0,0,9
2026-08-28T04:08:40.516+02:00,not_evaluable,1,0,0.0,0.0,0,8
2026-08-28T04:09:10.519+02:00,not_evaluable,1,0,0.0,0.0,0,12
2026-08-28T04:09:40.516+02:00,not_evaluable,1,0,0.0,0.0,0,14
2026-08-28T04:10:10.517+02:00,not_evaluable,1,0,0.0,0.0,0,13
2026-08-28T04:10:40.519+02:00,not_evaluable,1,0,0.0,0.0,0,12
2026-08-28T04:11:10.515+02:00,not_evaluable,1,0,0.0,0.0,0,12
2026-08-28T04:11:40.517+02:00,not_evaluable,1,0,0.0,0.0,0,14
2026-08-28T04:12:10.522+02:00,not_evaluable,1,0,0.0,0.0,0,9
2026-08-28T04:12:40.518+02:00,not_evaluable,1,0,0.0,0.0,0,13
2026-08-28T04:13:10.521+02:00,not_evaluable,1,0,0.0,0.0,0,11
2026-08-28T04:13:40.517+02:00,not_evaluable,1,0,0.0,0.0,0,11
2026-08-28T04:14:10.521+02:00,not_evaluable,1,0,0.0,0.0,0,10
2026-08-28T04:14:40.518+02:00,not_evaluable,1,0,0.0,0.0,0,14
2026-08-28T04:15:10.518+02:00,not_evaluable,1,0,0.0,0.0,0,14
2026-08-28T04:15:40.519+02:00,not_evaluable,1,0,0.0,0.0,0,14
2026-08-28T04:16:10.522+02:00,not_evaluable,1,0,0.0,0.0,0,14
2026-08-28T04:16:40.520+02:00,not_evaluable,1,0,0.0,0.0,0,13
2026-08-28T04:17:10.522+02:00,not_evaluable,1,0,0.0,0.0,0,11
2026-08-28T04:17:40.521+02:00,not_evaluable,1,0,0.0,0.0,0,14
2026-08-28T04:18:10.521+02:00,not_evaluable,1,0,0.0,0.0,0,10
2026-08-28T04:18:40.523+02:00,not_evaluable,1,0,0.0,0.0,0,11
2026-08-28T04:19:10.521+02:00,not_evaluable,1,0,0.0,0.0,0,11
2026-08-28T04:19:40.525+02:00,not_evaluable,1,0,0.0,0.0,0,14
2026-08-28T04:20:10.522+02:00,not_evaluable,1,0,0.0,0.0,0,10
2026-08-28T04:20:40.524+02:00,not_evaluable,1,0,0.0,0.0,0,14
2026-08-28T04:21:10.526+02:00,not_evaluable,1,0,0.0,0.0,0,14
2026-08-28T04:21:40.525+02:00,not_evaluable,1,0,0.0,0.0,0,14
2026-08-28T04:22:10.523+02:00,not_evaluable,1,0,0.0,0.0,0,14
2026-08-28T04:22:40.528+02:00,not_evaluable,1,0,0.0,0.0,0,8
2026-08-28T04:23:10.527+02:00,not_evaluable,1,0,0.0,0.0,0,9
2026-08-28T04:23:40.529+02:00,not_evaluable,1,0,0.0,0.0,0,13
2026-08-28T04:24:10.528+02:00,nominal,0,0,-1.2774,-37.93,1,1387
2026-08-28T04:24:40.528+02:00,nominal,0,0,-1.0874,-16.46,1,1239
2026-08-28T04:25:10.527+02:00,nominal,0,0,-1.0943,-28.97,1,1235
2026-08-28T04:25:40.526+02:00,nominal,0,0,-1.1594,-28.31,1,1253
2026-08-28T04:26:10.526+02:00,nominal,0,0,-1.0492,-29.13,1,1251
2026-08-28T04:26:40.527+02:00,nominal,0,0,-1.0104,-21.63,1,1349
2026-08-28T04:27:10.530+02:00,nominal,0,0,-1.1691,-22.68,1,1232
2026-08-28T04:27:40.528+02:00,nominal,0,0,-1.0907,-23.85,1,1238
2026-08-28T04:28:10.532+02:00,nominal,0,0,-1.087,-22.73,1,1235
2026-08-28T04:28:40.528+02:00,nominal,0,0,-1.0839,-27.02,1,1255
2026-08-28T04:29:10.532+02:00,nominal,0,0,-1.0539,-29.65,1,1265
2026-08-28T04:29:40.530+02:00,not_evaluable,0,0,0.0,0.0,0,7
2026-08-28T04:30:10.530+02:00,nominal,0,0,-1.0895,-20.86,1,1274
2026-08-28T04:30:40.530+02:00,nominal,0,0,-1.1098,-18.49,1,1270
2026-08-28T04:31:10.530+02:00,nominal,0,0,-1.0635,-20.71,1,1256
2026-08-28T04:31:40.531+02:00,nominal,0,0,-1.2593,-21.36,1,1274
2026-08-28T04:32:10.533+02:00,nominal,0,0,-1.1019,-30.53,1,1228
2026-08-28T04:32:40.534+02:00,nominal,0,0,-1.1759,-106.88,1,1251
2026-08-28T04:33:10.532+02:00,nominal,0,0,-1.1005,-24.99,1,1261
2026-08-28T04:33:40.532+02:00,nominal,0,0,-1.057,-33.67,1,1270
2026-08-28T04:34:10.534+02:00,nominal,0,0,-1.0623,-27.16,1,1323
2026-08-28T04:34:40.533+02:00,nominal,0,0,-1.0589,-22.99,1,1353
2026-08-28T04:35:10.538+02:00,nominal,0,0,-1.1951,-35.83,1,1252
2026-08-28T04:35:40.536+02:00,nominal,0,0,-1.1477,-30.37,1,1236
2026-08-28T04:36:10.542+02:00,nominal,0,0,-1.1326,-101.62,1,1273
2026-08-28T04:36:40.534+02:00,nominal,0,0,-1.0856,-19.39,1,1272
2026-08-28T04:37:10.537+02:00,nominal,0,0,-1.2469,-28.82,1,1112
2026-08-28T04:37:40.538+02:00,nominal,0,0,-1.0919,-35.85,1,1283
2026-08-28T04:38:10.539+02:00,nominal,0,0,-1.1162,-25.13,1,1264
2026-08-28T04:38:40.536+02:00,nominal,0,0,-1.1178,-19.27,1,1259
2026-08-28T04:39:10.537+02:00,nominal,0,0,-1.1184,-11.88,1,1240
2026-08-28T04:39:40.538+02:00,nominal,0,0,-1.0922,-14.54,1,1231
2026-08-28T04:40:10.539+02:00,nominal,0,0,-1.1962,-30.3,1,1262
2026-08-28T04:40:40.538+02:00,nominal,0,0,-1.1494,-16.44,1,1315
2026-08-28T04:41:10.538+02:00,nominal,0,0,-1.096,-16.37,1,1255
2026-08-28T04:41:40.539+02:00,nominal,0,0,-1.1093,-27.94,1,1285
2026-08-28T04:42:10.540+02:00,nominal,0,0,-1.245,-16.83,1,1252
2026-08-28T04:42:40.545+02:00,anomaly,1,0,-1.459,-131.57,1,1230
2026-08-28T04:43:10.543+02:00,nominal,0,0,-1.211,-16.25,1,1250
2026-08-28T04:43:40.549+02:00,nominal,0,0,-1.1754,-24.11,1,1250
2026-08-28T04:44:10.542+02:00,nominal,0,0,-1.2316,-12.87,1,1256
2026-08-28T04:44:40.546+02:00,nominal,0,0,-1.3073,-14.82,1,1236
2026-08-28T04:45:10.543+02:00,nominal,0,0,-1.3771,-20.75,1,1210
2026-08-28T04:45:40.542+02:00,nominal,0,0,-1.3292,-9.34,1,1271
2026-08-28T04:46:10.542+02:00,nominal,0,0,-1.0981,-10.66,1,1254
2026-08-28T04:46:40.542+02:00,anomaly,1,0,-1.796,-13.08,1,1242
2026-08-28T04:47:40.544+02:00,nominal,0,0,-1.1895,-17.43,1,1348
2026-08-28T04:48:10.544+02:00,anomaly,1,0,-1.4593,-19.84,1,1265
2026-08-28T04:48:40.546+02:00,nominal,0,0,-1.3978,-24.43,1,1229
2026-08-28T04:49:10.544+02:00,nominal,0,0,-1.2436,-50.5,1,1250
2026-08-28T04:49:40.545+02:00,nominal,0,0,-1.3955,-17.66,1,1283
2026-08-28T04:50:10.545+02:00,nominal,0,0,-1.2981,-88.48,1,1262
2026-08-28T04:50:40.547+02:00,nominal,0,0,-1.3009,-27.17,1,1234
2026-08-28T04:51:10.550+02:00,anomaly,1,0,-1.4682,-23.76,1,1235
2026-08-28T04:51:40.554+02:00,nominal,0,0,-1.2518,-15.74,1,1132
2026-08-28T04:52:10.550+02:00,anomaly,1,0,-1.5745,-16.86,1,1258
2026-08-28T04:52:40.553+02:00,anomaly,2,0,-1.6631,-36.05,1,1229
2026-08-28T04:53:10.548+02:00,nominal,0,0,-1.4355,-23.5,1,1220
2026-08-28T04:53:40.548+02:00,anomaly,1,0,-2.1278,-276.56,1,1253
2026-08-28T04:54:10.550+02:00,anomaly,2,0,-1.5555,-41.82,1,1241
2026-08-28T04:54:40.549+02:00,anomaly,3,1,-1.4631,-43.21,1,1348
2026-08-28T04:55:10.550+02:00,anomaly,4,0,-1.5308,-39.75,1,1225
2026-08-28T04:55:40.551+02:00,not_evaluable,4,0,0.0,0.0,0,14
2026-08-28T04:56:10.550+02:00,not_evaluable,4,0,0.0,0.0,0,14
2026-08-28T04:56:40.552+02:00,not_evaluable,4,0,0.0,0.0,0,11
2026-08-28T04:57:10.550+02:00,not_evaluable,4,0,0.0,0.0,0,14
2026-08-28T04:57:40.554+02:00,not_evaluable,4,0,0.0,0.0,0,14
2026-08-28T04:58:10.553+02:00,not_evaluable,4,0,0.0,0.0,0,11
2026-08-28T04:58:40.558+02:00,not_evaluable,4,0,0.0,0.0,0,14
2026-08-28T04:59:10.560+02:00,not_evaluable,4,0,0.0,0.0,0,14
2026-08-28T04:59:40.557+02:00,not_evaluable,4,0,0.0,0.0,0,13
2026-08-28T05:00:10.553+02:00,not_evaluable,4,0,0.0,0.0,0,14
2026-08-28T05:00:40.554+02:00,not_evaluable,4,0,0.0,0.0,0,11
2026-08-28T05:01:10.554+02:00,not_evaluable,4,0,0.0,0.0,0,14
2026-08-28T05:01:40.554+02:00,not_evaluable,4,0,0.0,0.0,0,14
2026-08-28T05:02:10.556+02:00,not_evaluable,4,0,0.0,0.0,0,11
2026-08-28T05:02:40.554+02:00,not_evaluable,4,0,0.0,0.0,0,14
2026-08-28T05:03:10.556+02:00,not_evaluable,4,0,0.0,0.0,0,14
2026-08-28T05:03:40.556+02:00,not_evaluable,4,0,0.0,0.0,0,14
2026-08-28T05:04:10.558+02:00,not_evaluable,4,0,0.0,0.0,0,13
2026-08-28T05:04:40.557+02:00,not_evaluable,4,0,0.0,0.0,0,12
2026-08-28T05:05:10.558+02:00,not_evaluable,4,0,0.0,0.0,0,13
2026-08-28T05:05:40.557+02:00,not_evaluable,4,0,0.0,0.0,0,13
2026-08-28T05:06:10.558+02:00,not_evaluable,4,0,0.0,0.0,0,8
2026-08-28T05:06:40.559+02:00,not_evaluable,4,0,0.0,0.0,0,14
2026-08-28T05:07:10.562+02:00,not_evaluable,4,0,0.0,0.0,0,11
2026-08-28T05:07:40.560+02:00,not_evaluable,4,0,0.0,0.0,0,13
2026-08-28T05:08:10.564+02:00,not_evaluable,4,0,0.0,0.0,0,11
2026-08-28T05:08:40.560+02:00,not_evaluable,4,0,0.0,0.0,0,14
2026-08-28T05:09:10.560+02:00,not_evaluable,4,0,0.0,0.0,0,11
2026-08-28T05:09:40.562+02:00,not_evaluable,4,0,0.0,0.0,0,12
2026-08-28T05:10:10.562+02:00,not_evaluable,4,0,0.0,0.0,0,14
2026-08-28T05:10:40.561+02:00,not_evaluable,4,0,0.0,0.0,0,13
2026-08-28T05:11:10.561+02:00,not_evaluable,4,0,0.0,0.0,0,11
2026-08-28T05:11:40.562+02:00,not_evaluable,4,0,0.0,0.0,0,14
2026-08-28T05:12:10.562+02:00,not_evaluable,4,0,0.0,0.0,0,9
2026-08-28T05:12:40.566+02:00,not_evaluable,4,0,0.0,0.0,0,11
2026-08-28T05:13:10.564+02:00,not_evaluable,4,0,0.0,0.0,0,10
2026-08-28T05:13:40.567+02:00,not_evaluable,4,0,0.0,0.0,0,14
2026-08-28T05:14:10.564+02:00,not_evaluable,4,0,0.0,0.0,0,13
2026-08-28T05:14:40.568+02:00,not_evaluable,4,0,0.0,0.0,0,14
2026-08-28T05:15:10.565+02:00,not_evaluable,4,0,0.0,0.0,0,14
2026-08-28T05:15:40.566+02:00,not_evaluable,4,0,0.0,0.0,0,14
2026-08-28T05:16:10.567+02:00,not_evaluable,4,0,0.0,0.0,0,11
2026-08-28T05:16:40.565+02:00,not_evaluable,4,0,0.0,0.0,0,14
2026-08-28T05:17:10.567+02:00,not_evaluable,4,0,0.0,0.0,0,14
2026-08-28T05:17:40.569+02:00,not_evaluable,4,0,0.0,0.0,0,14
2026-08-28T05:18:10.568+02:00,not_evaluable,4,0,0.0,0.0,0,14
2026-08-28T05:18:40.568+02:00,not_evaluable,4,0,0.0,0.0,0,11
2026-08-28T05:19:10.572+02:00,not_evaluable,4,0,0.0,0.0,0,14
2026-08-28T05:19:40.570+02:00,not_evaluable,4,0,0.0,0.0,0,11
2026-08-28T05:20:10.569+02:00,not_evaluable,4,0,0.0,0.0,0,12
2026-08-28T05:20:40.569+02:00,not_evaluable,4,0,0.0,0.0,0,7
2026-08-28T05:21:10.569+02:00,not_evaluable,4,0,0.0,0.0,0,14
2026-08-28T05:21:40.572+02:00,not_evaluable,4,0,0.0,0.0,0,11
2026-08-28T05:22:10.571+02:00,not_evaluable,4,0,0.0,0.0,0,14
2026-08-28T05:22:40.574+02:00,not_evaluable,4,0,0.0,0.0,0,14
2026-08-28T05:23:10.572+02:00,not_evaluable,4,0,0.0,0.0,0,7
2026-08-28T05:23:40.575+02:00,not_evaluable,4,0,0.0,0.0,0,13
2026-08-28T05:24:10.575+02:00,not_evaluable,4,0,0.0,0.0,0,14
2026-08-28T05:24:40.577+02:00,not_evaluable,4,0,0.0,0.0,0,14
2026-08-28T05:25:10.573+02:00,not_evaluable,4,0,0.0,0.0,0,7
2026-08-28T05:25:40.573+02:00,not_evaluable,4,0,0.0,0.0,0,14
2026-08-28T05:26:10.574+02:00,not_evaluable,4,0,0.0,0.0,0,11
2026-08-28T05:26:40.575+02:00,not_evaluable,4,0,0.0,0.0,0,12
2026-08-28T05:27:10.575+02:00,not_evaluable,4,0,0.0,0.0,0,14
2026-08-28T05:27:40.576+02:00,not_evaluable,4,0,0.0,0.0,0,11
2026-08-28T05:28:10.575+02:00,not_evaluable,4,0,0.0,0.0,0,14
2026-08-28T05:28:40.578+02:00,not_evaluable,4,0,0.0,0.0,0,14
2026-08-28T05:29:10.582+02:00,not_evaluable,4,0,0.0,0.0,0,14
2026-08-28T05:29:40.578+02:00,not_evaluable,4,0,0.0,0.0,0,14
2026-08-28T05:30:10.576+02:00,not_evaluable,4,0,0.0,0.0,0,14
2026-08-28T05:30:40.577+02:00,not_evaluable,4,0,0.0,0.0,0,14
2026-08-28T05:31:10.577+02:00,not_evaluable,4,0,0.0,0.0,0,13
2026-08-28T05:31:40.579+02:00,not_evaluable,4,0,0.0,0.0,0,13
2026-08-28T05:32:10.578+02:00,not_evaluable,4,0,0.0,0.0,0,13
2026-08-28T05:32:40.578+02:00,not_evaluable,4,0,0.0,0.0,0,13
2026-08-28T05:33:10.580+02:00,not_evaluable,4,0,0.0,0.0,0,11
2026-08-28T05:33:40.581+02:00,not_evaluable,4,0,0.0,0.0,0,14
2026-08-28T05:34:10.578+02:00,not_evaluable,4,0,0.0,0.0,0,11
2026-08-28T05:34:40.582+02:00,not_evaluable,4,0,0.0,0.0,0,14
2026-08-28T05:35:10.582+02:00,not_evaluable,4,0,0.0,0.0,0,8
2026-08-28T05:35:40.580+02:00,not_evaluable,4,0,0.0,0.0,0,13
2026-08-28T05:36:10.583+02:00,not_evaluable,4,0,0.0,0.0,0,12
2026-08-28T05:36:40.581+02:00,not_evaluable,4,0,0.0,0.0,0,13
2026-08-28T05:37:10.581+02:00,not_evaluable,4,0,0.0,0.0,0,14
2026-08-28T05:37:40.583+02:00,not_evaluable,4,0,0.0,0.0,0,12
2026-08-28T05:38:10.583+02:00,not_evaluable,4,0,0.0,0.0,0,14
2026-08-28T05:38:40.584+02:00,not_evaluable,4,0,0.0,0.0,0,14
2026-08-28T05:39:10.584+02:00,not_evaluable,4,0,0.0,0.0,0,11
2026-08-28T05:39:40.585+02:00,not_evaluable,4,0,0.0,0.0,0,10
2026-08-28T05:40:10.587+02:00,not_evaluable,4,0,0.0,0.0,0,14
2026-08-28T05:40:40.584+02:00,not_evaluable,4,0,0.0,0.0,0,14
2026-08-28T05:41:10.585+02:00,not_evaluable,4,0,0.0,0.0,0,14
2026-08-28T05:41:40.585+02:00,not_evaluable,4,0,0.0,0.0,0,11
2026-08-28T05:42:10.588+02:00,not_evaluable,4,0,0.0,0.0,0,14
2026-08-28T05:42:40.587+02:00,not_evaluable,4,0,0.0,0.0,0,14
2026-08-28T05:43:10.592+02:00,not_evaluable,4,0,0.0,0.0,0,14
2026-08-28T05:43:40.589+02:00,not_evaluable,4,0,0.0,0.0,0,12
2026-08-28T05:44:10.593+02:00,not_evaluable,4,0,0.0,0.0,0,13
2026-08-28T05:44:40.590+02:00,not_evaluable,4,0,0.0,0.0,0,10
2026-08-28T05:45:10.592+02:00,not_evaluable,4,0,0.0,0.0,0,14
2026-08-28T05:45:40.589+02:00,not_evaluable,4,0,0.0,0.0,0,11
2026-08-28T05:46:10.589+02:00,not_evaluable,4,0,0.0,0.0,0,12
2026-08-28T05:46:40.590+02:00,not_evaluable,4,0,0.0,0.0,0,15
2026-08-28T05:47:10.590+02:00,not_evaluable,4,0,0.0,0.0,0,13
2026-08-28T05:47:40.591+02:00,not_evaluable,4,0,0.0,0.0,0,14
2026-08-28T05:48:10.592+02:00,not_evaluable,4,0,0.0,0.0,0,13
2026-08-28T05:48:40.591+02:00,not_evaluable,4,0,0.0,0.0,0,14
2026-08-28T05:49:10.592+02:00,not_evaluable,4,0,0.0,0.0,0,14
2026-08-28T05:49:40.591+02:00,not_evaluable,4,0,0.0,0.0,0,14
2026-08-28T05:50:10.596+02:00,not_evaluable,4,0,0.0,0.0,0,12
2026-08-28T05:50:40.596+02:00,not_evaluable,4,0,0.0,0.0,0,14
2026-08-28T05:51:10.596+02:00,not_evaluable,4,0,0.0,0.0,0,14
2026-08-28T05:51:40.593+02:00,not_evaluable,4,0,0.0,0.0,0,13
2026-08-28T05:52:10.593+02:00,not_evaluable,4,0,0.0,0.0,0,12
2026-08-28T05:52:40.593+02:00,not_evaluable,4,0,0.0,0.0,0,14
2026-08-28T05:53:10.595+02:00,nominal,0,0,-1.2545,-33.83,1,1383
2026-08-28T05:53:40.594+02:00,nominal,0,0,-1.1307,-17.88,1,1272
2026-08-28T05:54:10.596+02:00,nominal,0,0,-1.0641,-22.94,1,1236
2026-08-28T05:54:40.595+02:00,nominal,0,0,-1.1139,-37.92,1,1278
2026-08-28T05:55:10.596+02:00,nominal,0,0,-1.1154,-22.36,1,1219
2026-08-28T05:55:40.599+02:00,anomaly,1,0,-1.5018,-35.1,1,1247
2026-08-28T05:56:10.597+02:00,nominal,0,0,-1.0647,-19.21,1,1269
2026-08-28T05:56:40.603+02:00,nominal,0,0,-1.1606,-41.76,1,1263
2026-08-28T05:57:10.598+02:00,nominal,0,0,-1.0511,-68.03,1,1240
2026-08-28T05:57:40.597+02:00,nominal,0,0,-1.0318,-25.38,1,1268
2026-08-28T05:58:10.602+02:00,anomaly,1,0,-1.7199,-203.2,1,1233
2026-08-28T05:58:40.600+02:00,nominal,0,0,-1.055,-24.13,1,1254
2026-08-28T05:59:10.604+02:00,nominal,0,0,-0.9887,-27.5,1,1220
2026-08-28T05:59:40.599+02:00,nominal,0,0,-1.0594,-25.36,1,1264
2026-08-28T06:00:10.602+02:00,nominal,0,0,-1.0056,-16.82,1,1249
2026-08-28T06:00:40.602+02:00,nominal,0,0,-1.0396,-17.38,1,1231
2026-08-28T06:01:10.600+02:00,nominal,0,0,-1.243,-24.63,1,1267
2026-08-28T06:01:40.600+02:00,nominal,0,0,-1.0701,-43.56,1,1307
2026-08-28T06:02:10.601+02:00,nominal,0,0,-1.1134,-26.49,1,1296
2026-08-28T06:02:40.604+02:00,nominal,0,0,-1.1449,-19.76,1,1273
2026-08-28T06:03:10.603+02:00,nominal,0,0,-1.061,-24.45,1,1222
2026-08-28T06:03:40.604+02:00,nominal,0,0,-1.1488,-78.12,1,1224
2026-08-28T06:04:10.603+02:00,nominal,0,0,-1.1341,-20.26,1,1241
2026-08-28T06:04:40.606+02:00,nominal,0,0,-1.2779,-19.93,1,1164
2026-08-28T06:05:10.605+02:00,nominal,0,0,-1.1754,-15.92,1,1342
2026-08-28T06:05:40.607+02:00,nominal,0,0,-1.0638,-13.88,1,1242
2026-08-28T06:06:10.606+02:00,nominal,0,0,-1.1175,-22.69,1,1227
2026-08-28T06:06:40.606+02:00,nominal,0,0,-1.1632,-16.51,1,1250
2026-08-28T06:07:10.606+02:00,nominal,0,0,-1.1887,-24.99,1,1261
2026-08-28T06:07:40.606+02:00,nominal,0,0,-1.0737,-9.81,1,1219
2026-08-28T06:08:10.608+02:00,nominal,0,0,-1.2032,-19.95,1,1219
2026-08-28T06:08:40.606+02:00,nominal,0,0,-1.2078,-19.71,1,1264
2026-08-28T06:09:10.608+02:00,nominal,0,0,-1.0901,-11.76,1,1219
2026-08-28T06:09:40.608+02:00,nominal,0,0,-1.1935,-14.77,1,1220
2026-08-28T06:10:10.608+02:00,nominal,0,0,-1.0323,-12.65,1,1222
2026-08-28T06:10:40.607+02:00,nominal,0,0,-1.1639,-19.11,1,1277
2026-08-28T06:11:10.608+02:00,nominal,0,0,-1.3565,-18.73,1,1276
2026-08-28T06:11:40.611+02:00,nominal,0,0,-1.1007,-29.92,1,1258
2026-08-28T06:12:10.610+02:00,nominal,0,0,-1.2909,-13.2,1,1223
2026-08-28T06:12:40.654+02:00,nominal,0,0,-1.154,-22.69,1,1327
2026-08-28T06:13:10.611+02:00,nominal,0,0,-1.1614,-10.16,1,1246
2026-08-28T06:13:40.611+02:00,nominal,0,0,-1.1422,-12.73,1,1262
2026-08-28T06:14:10.615+02:00,nominal,0,0,-1.3156,-10.64,1,1213
2026-08-28T06:14:40.658+02:00,nominal,0,0,-0.9925,-6.1,1,1230
2026-08-28T06:15:10.614+02:00,nominal,0,0,-1.0521,-11.3,1,1212
2026-08-28T06:15:40.611+02:00,anomaly,1,0,-1.5704,-233.17,1,1252
2026-08-28T06:16:10.615+02:00,nominal,0,0,-1.3569,-17.59,1,1221
2026-08-28T06:16:40.614+02:00,nominal,0,0,-1.066,-8.05,1,1242
2026-08-28T06:17:10.613+02:00,nominal,0,0,-1.4342,-17.02,1,1309
2026-08-28T06:17:40.613+02:00,nominal,0,0,-1.4344,-23.42,1,1265
2026-08-28T06:18:10.615+02:00,anomaly,1,0,-1.4958,-10.62,1,1256
2026-08-28T06:18:40.616+02:00,anomaly,2,0,-1.5532,-20.37,1,1223
2026-08-28T06:19:10.615+02:00,anomaly,3,1,-1.8451,-10.05,1,1160
2026-08-28T06:19:40.616+02:00,nominal,0,0,-1.1299,-12.55,1,1213
2026-08-28T06:20:10.617+02:00,nominal,0,0,-1.3712,-34.16,1,1247
2026-08-28T06:20:40.617+02:00,anomaly,1,0,-1.5737,-12.81,1,1233
2026-08-28T06:21:10.617+02:00,nominal,0,0,-1.2605,-8.69,1,1260
2026-08-28T06:21:40.619+02:00,nominal,0,0,-1.4115,-16.37,1,1258
2026-08-28T06:22:10.617+02:00,nominal,0,0,-1.3995,-23.19,1,1271
2026-08-28T06:22:40.618+02:00,anomaly,1,0,-1.5326,-19.54,1,1222
2026-08-28T06:23:10.617+02:00,anomaly,2,0,-1.6058,-13.92,1,1255
2026-08-28T06:23:40.617+02:00,anomaly,3,1,-1.4503,-21.22,1,1263
2026-08-28T06:24:10.619+02:00,nominal,0,0,-1.2452,-14.06,1,1251
2026-08-28T06:24:40.620+02:00,nominal,0,0,-1.184,-11.74,1,1241
2026-08-28T06:25:10.620+02:00,not_evaluable,0,0,0.0,0.0,0,14
2026-08-28T06:25:40.620+02:00,not_evaluable,0,0,0.0,0.0,0,14
2026-08-28T06:26:10.621+02:00,not_evaluable,0,0,0.0,0.0,0,14
2026-08-28T06:26:40.622+02:00,not_evaluable,0,0,0.0,0.0,0,13
2026-08-28T06:27:10.620+02:00,not_evaluable,0,0,0.0,0.0,0,14
2026-08-28T06:27:40.622+02:00,not_evaluable,0,0,0.0,0.0,0,14
2026-08-28T06:28:10.624+02:00,not_evaluable,0,0,0.0,0.0,0,14
2026-08-28T06:28:40.631+02:00,not_evaluable,0,0,0.0,0.0,0,11
2026-08-28T06:29:10.629+02:00,not_evaluable,0,0,0.0,0.0,0,14
2026-08-28T06:29:40.630+02:00,not_evaluable,0,0,0.0,0.0,0,14
2026-08-28T06:30:10.624+02:00,not_evaluable,0,0,0.0,0.0,0,11
2026-08-28T06:30:40.623+02:00,not_evaluable,0,0,0.0,0.0,0,13
2026-08-28T06:31:10.625+02:00,not_evaluable,0,0,0.0,0.0,0,12
2026-08-28T06:31:40.625+02:00,not_evaluable,0,0,0.0,0.0,0,13
2026-08-28T06:32:10.625+02:00,not_evaluable,0,0,0.0,0.0,0,13
2026-08-28T06:32:40.626+02:00,not_evaluable,0,0,0.0,0.0,0,14
2026-08-28T06:33:10.626+02:00,not_evaluable,0,0,0.0,0.0,0,13
2026-08-28T06:33:40.628+02:00,not_evaluable,0,0,0.0,0.0,0,14
2026-08-28T06:34:10.626+02:00,not_evaluable,0,0,0.0,0.0,0,8
2026-08-28T06:34:40.628+02:00,not_evaluable,0,0,0.0,0.0,0,14
2026-08-28T06:35:10.627+02:00,not_evaluable,0,0,0.0,0.0,0,9
2026-08-28T06:35:40.628+02:00,not_evaluable,0,0,0.0,0.0,0,13
2026-08-28T06:36:10.630+02:00,not_evaluable,0,0,0.0,0.0,0,11
2026-08-28T06:36:40.629+02:00,not_evaluable,0,0,0.0,0.0,0,14
2026-08-28T06:37:10.631+02:00,not_evaluable,0,0,0.0,0.0,0,14
2026-08-28T06:37:40.630+02:00,not_evaluable,0,0,0.0,0.0,0,14
2026-08-28T06:38:10.629+02:00,not_evaluable,0,0,0.0,0.0,0,14
2026-08-28T06:38:40.630+02:00,not_evaluable,0,0,0.0,0.0,0,13
2026-08-28T06:39:10.630+02:00,not_evaluable,0,0,0.0,0.0,0,12
2026-08-28T06:39:40.630+02:00,not_evaluable,0,0,0.0,0.0,0,14
2026-08-28T06:40:10.631+02:00,not_evaluable,0,0,0.0,0.0,0,12
2026-08-28T06:40:40.633+02:00,not_evaluable,0,0,0.0,0.0,0,14
2026-08-28T06:41:10.632+02:00,not_evaluable,0,0,0.0,0.0,0,14
2026-08-28T06:41:40.632+02:00,not_evaluable,0,0,0.0,0.0,0,14
2026-08-28T06:42:10.632+02:00,not_evaluable,0,0,0.0,0.0,0,13
2026-08-28T06:42:40.636+02:00,not_evaluable,0,0,0.0,0.0,0,14
2026-08-28T06:43:10.636+02:00,not_evaluable,0,0,0.0,0.0,0,13
2026-08-28T06:43:40.640+02:00,not_evaluable,0,0,0.0,0.0,0,13
2026-08-28T06:44:10.636+02:00,not_evaluable,0,0,0.0,0.0,0,14
2026-08-28T06:44:40.640+02:00,not_evaluable,0,0,0.0,0.0,0,14
2026-08-28T06:45:10.638+02:00,not_evaluable,0,0,0.0,0.0,0,14
2026-08-28T06:45:40.635+02:00,not_evaluable,0,0,0.0,0.0,0,11
2026-08-28T06:46:10.637+02:00,not_evaluable,0,0,0.0,0.0,0,6
2026-08-28T06:46:40.636+02:00,not_evaluable,0,0,0.0,0.0,0,14
2026-08-28T06:47:10.637+02:00,not_evaluable,0,0,0.0,0.0,0,12
2026-08-28T06:47:40.638+02:00,not_evaluable,0,0,0.0,0.0,0,14
2026-08-28T06:48:10.638+02:00,not_evaluable,0,0,0.0,0.0,0,14
2026-08-28T06:48:40.641+02:00,not_evaluable,0,0,0.0,0.0,0,8
2026-08-28T06:49:10.640+02:00,not_evaluable,0,0,0.0,0.0,0,13
2026-08-28T06:49:40.640+02:00,not_evaluable,0,0,0.0,0.0,0,13
2026-08-28T06:50:10.639+02:00,not_evaluable,0,0,0.0,0.0,0,13
2026-08-28T06:50:40.640+02:00,not_evaluable,0,0,0.0,0.0,0,12
2026-08-28T06:51:10.641+02:00,not_evaluable,0,0,0.0,0.0,0,12
2026-08-28T06:51:40.641+02:00,not_evaluable,0,0,0.0,0.0,0,13
2026-08-28T06:52:10.641+02:00,not_evaluable,0,0,0.0,0.0,0,14
2026-08-28T06:52:40.643+02:00,not_evaluable,0,0,0.0,0.0,0,9
2026-08-28T06:53:10.641+02:00,not_evaluable,0,0,0.0,0.0,0,13
2026-08-28T06:53:40.645+02:00,not_evaluable,0,0,0.0,0.0,0,12
2026-08-28T06:54:10.642+02:00,not_evaluable,0,0,0.0,0.0,0,14
2026-08-28T06:54:40.643+02:00,not_evaluable,0,0,0.0,0.0,0,14
2026-08-28T06:55:10.642+02:00,not_evaluable,0,0,0.0,0.0,0,14
2026-08-28T06:55:40.644+02:00,not_evaluable,0,0,0.0,0.0,0,11
2026-08-28T06:56:10.645+02:00,not_evaluable,0,0,0.0,0.0,0,13
2026-08-28T06:56:40.643+02:00,not_evaluable,0,0,0.0,0.0,0,14
2026-08-28T06:57:10.646+02:00,not_evaluable,0,0,0.0,0.0,0,14
2026-08-28T06:57:40.652+02:00,not_evaluable,0,0,0.0,0.0,0,10
2026-08-28T06:58:10.649+02:00,not_evaluable,0,0,0.0,0.0,0,14
2026-08-28T06:58:40.647+02:00,not_evaluable,0,0,0.0,0.0,0,10
2026-08-28T06:59:10.647+02:00,not_evaluable,0,0,0.0,0.0,0,13
2026-08-28T06:59:40.650+02:00,not_evaluable,0,0,0.0,0.0,0,12
2026-08-28T07:00:10.653+02:00,not_evaluable,0,0,0.0,0.0,0,14
2026-08-28T07:00:40.659+02:00,not_evaluable,0,0,0.0,0.0,0,14
2026-08-28T07:01:10.652+02:00,not_evaluable,0,0,0.0,0.0,0,14
2026-08-28T07:01:40.656+02:00,not_evaluable,0,0,0.0,0.0,0,13
2026-08-28T07:02:10.648+02:00,not_evaluable,0,0,0.0,0.0,0,14
2026-08-28T07:02:40.648+02:00,not_evaluable,0,0,0.0,0.0,0,14
2026-08-28T07:03:10.653+02:00,not_evaluable,0,0,0.0,0.0,0,7
2026-08-28T07:03:40.651+02:00,not_evaluable,0,0,0.0,0.0,0,11
2026-08-28T07:04:10.654+02:00,not_evaluable,0,0,0.0,0.0,0,11
2026-08-28T07:04:40.650+02:00,not_evaluable,0,0,0.0,0.0,0,13
2026-08-28T07:05:10.650+02:00,not_evaluable,0,0,0.0,0.0,0,13
2026-08-28T07:05:40.651+02:00,not_evaluable,0,0,0.0,0.0,0,11
2026-08-28T07:06:10.651+02:00,not_evaluable,0,0,0.0,0.0,0,14
2026-08-28T07:06:40.651+02:00,not_evaluable,0,0,0.0,0.0,0,11
2026-08-28T07:07:10.653+02:00,not_evaluable,0,0,0.0,0.0,0,14
2026-08-28T07:07:40.653+02:00,not_evaluable,0,0,0.0,0.0,0,13
2026-08-28T07:08:10.653+02:00,not_evaluable,0,0,0.0,0.0,0,14
2026-08-28T07:08:40.654+02:00,not_evaluable,0,0,0.0,0.0,0,11
2026-08-28T07:09:10.655+02:00,not_evaluable,0,0,0.0,0.0,0,13
2026-08-28T07:09:40.654+02:00,not_evaluable,0,0,0.0,0.0,0,14
2026-08-28T07:10:10.654+02:00,not_evaluable,0,0,0.0,0.0,0,11
2026-08-28T07:10:40.655+02:00,not_evaluable,0,0,0.0,0.0,0,14
2026-08-28T07:11:10.654+02:00,not_evaluable,0,0,0.0,0.0,0,14
2026-08-28T07:11:40.658+02:00,not_evaluable,0,0,0.0,0.0,0,14
2026-08-28T07:12:10.661+02:00,not_evaluable,0,0,0.0,0.0,0,14
2026-08-28T07:12:40.661+02:00,not_evaluable,0,0,0.0,0.0,0,14
2026-08-28T07:13:10.657+02:00,not_evaluable,0,0,0.0,0.0,0,12
2026-08-28T07:13:40.659+02:00,not_evaluable,0,0,0.0,0.0,0,14
2026-08-28T07:14:10.658+02:00,not_evaluable,0,0,0.0,0.0,0,14
2026-08-28T07:14:40.662+02:00,not_evaluable,0,0,0.0,0.0,0,14
2026-08-28T07:15:10.665+02:00,not_evaluable,0,0,0.0,0.0,0,14
2026-08-28T07:15:40.660+02:00,not_evaluable,0,0,0.0,0.0,0,14
2026-08-28T07:16:10.663+02:00,not_evaluable,0,0,0.0,0.0,0,14
2026-08-28T07:16:40.662+02:00,not_evaluable,0,0,0.0,0.0,0,12
2026-08-28T07:17:10.661+02:00,not_evaluable,0,0,0.0,0.0,0,13
2026-08-28T07:17:40.659+02:00,not_evaluable,0,0,0.0,0.0,0,7
2026-08-28T07:18:10.663+02:00,not_evaluable,0,0,0.0,0.0,0,12
2026-08-28T07:18:40.660+02:00,not_evaluable,0,0,0.0,0.0,0,13
2026-08-28T07:19:10.661+02:00,not_evaluable,0,0,0.0,0.0,0,11
2026-08-28T07:19:40.662+02:00,not_evaluable,0,0,0.0,0.0,0,11
2026-08-28T07:20:10.664+02:00,not_evaluable,0,0,0.0,0.0,0,14
2026-08-28T07:20:40.664+02:00,not_evaluable,0,0,0.0,0.0,0,14
2026-08-28T07:21:10.662+02:00,not_evaluable,0,0,0.0,0.0,0,14
2026-08-28T07:21:40.662+02:00,not_evaluable,0,0,0.0,0.0,0,14
2026-08-28T07:22:10.664+02:00,nominal,0,0,-1.4368,-34.14,1,1391
2026-08-28T07:22:40.666+02:00,nominal,0,0,-1.2245,-21.12,1,1231
2026-08-28T07:23:10.664+02:00,nominal,0,0,-1.1113,-24.04,1,1242
2026-08-28T07:23:40.664+02:00,nominal,0,0,-1.1594,-31.07,1,1260
2026-08-28T07:24:10.668+02:00,anomaly,1,0,-1.4548,-24.87,1,1240
2026-08-28T07:24:40.665+02:00,nominal,0,0,-1.0393,-26.76,1,1261
2026-08-28T07:25:10.666+02:00,nominal,0,0,-1.0254,-24.7,1,1241
2026-08-28T07:25:40.666+02:00,nominal,0,0,-1.0938,-29.72,1,1224
2026-08-28T07:26:10.667+02:00,nominal,0,0,-1.0515,-26.16,1,1221
2026-08-28T07:26:40.673+02:00,nominal,0,0,-1.0506,-26.31,1,1253
2026-08-28T07:27:10.668+02:00,nominal,0,0,-0.9879,-40.6,1,1249
2026-08-28T07:27:40.672+02:00,anomaly,1,0,-1.5394,-41.98,1,1267
2026-08-28T07:28:10.668+02:00,nominal,0,0,-1.0899,-22.15,1,1218
2026-08-28T07:28:40.669+02:00,nominal,0,0,-1.0957,-23.35,1,1229
2026-08-28T07:29:10.674+02:00,nominal,0,0,-1.0929,-22.45,1,1239
2026-08-28T07:29:40.672+02:00,nominal,0,0,-1.2151,-29.89,1,1246
2026-08-28T07:30:10.676+02:00,nominal,0,0,-1.0828,-22.03,1,1225
2026-08-28T07:30:40.671+02:00,nominal,0,0,-1.0709,-20.26,1,1252
2026-08-28T07:31:10.674+02:00,nominal,0,0,-1.2673,-89.4,1,1237
2026-08-28T07:31:40.672+02:00,anomaly,1,0,-1.6097,-155.92,1,1254
2026-08-28T07:32:10.673+02:00,nominal,0,0,-1.1097,-16.13,1,1105
2026-08-28T07:32:40.677+02:00,nominal,0,0,-1.0848,-16.38,1,1243
2026-08-28T07:33:10.672+02:00,nominal,0,0,-1.0801,-18.82,1,1238
2026-08-28T07:33:40.679+02:00,nominal,0,0,-1.086,-20.54,1,1217
2026-08-28T07:34:10.672+02:00,nominal,0,0,-1.2224,-18.52,1,1254
2026-08-28T07:34:40.673+02:00,nominal,0,0,-1.0812,-16.57,1,1269
2026-08-28T07:35:10.674+02:00,nominal,0,0,-1.431,-97.98,1,1220
2026-08-28T07:35:40.673+02:00,nominal,0,0,-1.1415,-21.29,1,1270
2026-08-28T07:36:10.674+02:00,nominal,0,0,-1.2475,-14.35,1,1233
2026-08-28T07:36:40.675+02:00,nominal,0,0,-1.0461,-14.95,1,1236
2026-08-28T07:37:10.676+02:00,nominal,0,0,-1.1197,-18.31,1,1245
2026-08-28T07:37:40.675+02:00,nominal,0,0,-1.28,-15.99,1,1260
2026-08-28T07:38:10.675+02:00,nominal,0,0,-1.0448,-10.52,1,1246
2026-08-28T07:38:40.676+02:00,nominal,0,0,-1.2782,-11.36,1,1258
2026-08-28T07:39:10.676+02:00,nominal,0,0,-1.3515,-18.1,1,1219
2026-08-28T07:39:40.680+02:00,nominal,0,0,-1.1663,-12.66,1,1234
2026-08-28T07:40:10.678+02:00,nominal,0,0,-1.1772,-13.54,1,1217
2026-08-28T07:40:40.680+02:00,nominal,0,0,-1.4036,-12.64,1,1228
2026-08-28T07:41:10.684+02:00,anomaly,1,0,-1.6416,-21.19,1,1244
2026-08-28T07:41:40.678+02:00,nominal,0,0,-1.2087,-11.43,1,1256
2026-08-28T07:42:10.682+02:00,anomaly,1,0,-1.6256,-13.08,1,1246
2026-08-28T07:42:40.681+02:00,nominal,0,0,-1.0601,-12.54,1,1225
2026-08-28T07:43:10.681+02:00,anomaly,1,0,-1.47,-13.76,1,1263
2026-08-28T07:43:40.681+02:00,nominal,0,0,-1.2727,-14.49,1,1231
2026-08-28T07:44:10.686+02:00,nominal,0,0,-1.3374,-37.88,1,1214
2026-08-28T07:44:40.682+02:00,nominal,0,0,-1.3125,-21.25,1,1267
2026-08-28T07:45:10.686+02:00,nominal,0,0,-1.248,-31.11,1,1226
2026-08-28T07:45:40.682+02:00,nominal,0,0,-1.3083,-16.61,1,1255
2026-08-28T07:46:10.686+02:00,nominal,0,0,-1.391,-20.4,1,1262
2026-08-28T07:46:40.683+02:00,nominal,0,0,-1.4014,-17.47,1,1164
2026-08-28T07:47:10.683+02:00,anomaly,1,0,-1.4788,-23.34,1,1253
2026-08-28T07:47:40.685+02:00,nominal,0,0,-1.1356,-12.94,1,1233
2026-08-28T07:48:10.688+02:00,anomaly,1,0,-1.4862,-14.18,1,1232
2026-08-28T07:48:40.686+02:00,nominal,0,0,-1.0344,-9.86,1,1242
2026-08-28T07:49:10.684+02:00,nominal,0,0,-1.2362,-18.91,1,1249
2026-08-28T07:49:40.687+02:00,nominal,0,0,-1.1725,-19.94,1,1234
2026-08-28T07:50:10.686+02:00,nominal,0,0,-1.1464,-18.25,1,1237
2026-08-28T07:50:40.687+02:00,nominal,0,0,-1.2356,-19.2,1,1252
2026-08-28T07:51:10.687+02:00,nominal,0,0,-1.1561,-19.21,1,1240
2026-08-28T07:51:40.686+02:00,nominal,0,0,-1.1056,-13.04,1,1283
2026-08-28T07:52:10.687+02:00,nominal,0,0,-1.216,-12.74,1,1293
2026-08-28T07:52:40.688+02:00,nominal,0,0,-1.1417,-15.6,1,1265
2026-08-28T07:53:10.691+02:00,nominal,0,0,-1.0953,-15.58,1,1252
2026-08-28T07:53:40.689+02:00,nominal,0,0,-1.1716,-19.32,1,1245
2026-08-28T07:54:10.688+02:00,not_evaluable,0,0,0.0,0.0,0,14
2026-08-28T07:54:40.689+02:00,not_evaluable,0,0,0.0,0.0,0,14
2026-08-28T07:55:10.691+02:00,not_evaluable,0,0,0.0,0.0,0,9
2026-08-28T07:55:40.691+02:00,not_evaluable,0,0,0.0,0.0,0,12
2026-08-28T07:56:10.690+02:00,not_evaluable,0,0,0.0,0.0,0,9
2026-08-28T07:56:40.691+02:00,not_evaluable,0,0,0.0,0.0,0,14
2026-08-28T07:57:10.690+02:00,not_evaluable,0,0,0.0,0.0,0,14
2026-08-28T07:57:40.692+02:00,not_evaluable,0,0,0.0,0.0,0,14
2026-08-28T07:58:10.691+02:00,not_evaluable,0,0,0.0,0.0,0,14
2026-08-28T07:58:40.692+02:00,not_evaluable,0,0,0.0,0.0,0,12
2026-08-28T07:59:10.694+02:00,not_evaluable,0,0,0.0,0.0,0,14
2026-08-28T07:59:40.698+02:00,not_evaluable,0,0,0.0,0.0,0,13
2026-08-28T08:00:10.697+02:00,not_evaluable,0,0,0.0,0.0,0,13
2026-08-28T08:00:40.702+02:00,not_evaluable,0,0,0.0,0.0,0,14
2026-08-28T08:01:10.696+02:00,not_evaluable,0,0,0.0,0.0,0,8
2026-08-28T08:01:40.695+02:00,not_evaluable,0,0,0.0,0.0,0,10
2026-08-28T08:02:10.696+02:00,not_evaluable,0,0,0.0,0.0,0,14
2026-08-28T08:02:40.696+02:00,not_evaluable,0,0,0.0,0.0,0,14
2026-08-28T08:03:10.698+02:00,not_evaluable,0,0,0.0,0.0,0,14
2026-08-28T08:03:40.697+02:00,not_evaluable,0,0,0.0,0.0,0,12
2026-08-28T08:04:10.697+02:00,not_evaluable,0,0,0.0,0.0,0,14
2026-08-28T08:04:40.698+02:00,not_evaluable,0,0,0.0,0.0,0,14
2026-08-28T08:05:10.742+02:00,not_evaluable,0,0,0.0,0.0,0,13
2026-08-28T08:05:40.699+02:00,not_evaluable,0,0,0.0,0.0,0,14
2026-08-28T08:06:10.703+02:00,not_evaluable,0,0,0.0,0.0,0,11
2026-08-28T08:06:40.698+02:00,not_evaluable,0,0,0.0,0.0,0,14
2026-08-28T08:07:10.698+02:00,not_evaluable,0,0,0.0,0.0,0,14
2026-08-28T08:07:40.699+02:00,not_evaluable,0,0,0.0,0.0,0,13
2026-08-28T08:08:10.699+02:00,not_evaluable,0,0,0.0,0.0,0,14
2026-08-28T08:08:40.701+02:00,not_evaluable,0,0,0.0,0.0,0,14
2026-08-28T08:09:10.701+02:00,not_evaluable,0,0,0.0,0.0,0,14
2026-08-28T08:09:40.702+02:00,not_evaluable,0,0,0.0,0.0,0,14
2026-08-28T08:10:10.702+02:00,not_evaluable,0,0,0.0,0.0,0,13
2026-08-28T08:10:40.703+02:00,not_evaluable,0,0,0.0,0.0,0,14
2026-08-28T08:11:10.703+02:00,not_evaluable,0,0,0.0,0.0,0,14
2026-08-28T08:11:40.703+02:00,not_evaluable,0,0,0.0,0.0,0,14
2026-08-28T08:12:10.704+02:00,not_evaluable,0,0,0.0,0.0,0,14
2026-08-28T08:12:40.703+02:00,not_evaluable,0,0,0.0,0.0,0,11
2026-08-28T08:13:10.705+02:00,not_evaluable,0,0,0.0,0.0,0,13
2026-08-28T08:13:40.705+02:00,not_evaluable,0,0,0.0,0.0,0,15
2026-08-28T08:14:10.705+02:00,not_evaluable,0,0,0.0,0.0,0,14
2026-08-28T08:14:40.705+02:00,not_evaluable,0,0,0.0,0.0,0,12
2026-08-28T08:15:10.708+02:00,not_evaluable,0,0,0.0,0.0,0,14
2026-08-28T08:15:40.710+02:00,not_evaluable,0,0,0.0,0.0,0,14
2026-08-28T08:16:10.716+02:00,not_evaluable,0,0,0.0,0.0,0,14
2026-08-28T08:16:40.711+02:00,not_evaluable,0,0,0.0,0.0,0,13
2026-08-28T08:17:10.708+02:00,not_evaluable,0,0,0.0,0.0,0,14
2026-08-28T08:17:40.709+02:00,not_evaluable,0,0,0.0,0.0,0,14
2026-08-28T08:18:10.710+02:00,not_evaluable,0,0,0.0,0.0,0,13
2026-08-28T08:18:40.708+02:00,not_evaluable,0,0,0.0,0.0,0,13
2026-08-28T08:19:10.708+02:00,not_evaluable,0,0,0.0,0.0,0,14
2026-08-28T08:19:40.708+02:00,not_evaluable,0,0,0.0,0.0,0,14
2026-08-28T08:20:10.709+02:00,not_evaluable,0,0,0.0,0.0,0,14
2026-08-28T08:20:40.710+02:00,not_evaluable,0,0,0.0,0.0,0,14
2026-08-28T08:21:10.710+02:00,not_evaluable,0,0,0.0,0.0,0,14
2026-08-28T08:21:40.713+02:00,not_evaluable,0,0,0.0,0.0,0,11
2026-08-28T08:22:10.715+02:00,not_evaluable,0,0,0.0,0.0,0,14
2026-08-28T08:22:40.711+02:00,not_evaluable,0,0,0.0,0.0,0,14
2026-08-28T08:23:10.713+02:00,not_evaluable,0,0,0.0,0.0,0,14
2026-08-28T08:23:40.713+02:00,not_evaluable,0,0,0.0,0.0,0,14
2026-08-28T08:24:10.712+02:00,not_evaluable,0,0,0.0,0.0,0,9
2026-08-28T08:24:40.714+02:00,not_evaluable,0,0,0.0,0.0,0,14
2026-08-28T08:25:10.713+02:00,not_evaluable,0,0,0.0,0.0,0,13
2026-08-28T08:25:40.714+02:00,not_evaluable,0,0,0.0,0.0,0,14
2026-08-28T08:26:10.717+02:00,not_evaluable,0,0,0.0,0.0,0,12
2026-08-28T08:26:40.716+02:00,not_evaluable,0,0,0.0,0.0,0,14
2026-08-28T08:27:10.715+02:00,not_evaluable,0,0,0.0,0.0,0,14
2026-08-28T08:27:40.716+02:00,not_evaluable,0,0,0.0,0.0,0,14
2026-08-28T08:28:10.718+02:00,not_evaluable,0,0,0.0,0.0,0,13
2026-08-28T08:28:40.718+02:00,not_evaluable,0,0,0.0,0.0,0,14
2026-08-28T08:29:10.716+02:00,not_evaluable,0,0,0.0,0.0,0,14
2026-08-28T08:29:40.720+02:00,not_evaluable,0,0,0.0,0.0,0,14
2026-08-28T08:30:10.719+02:00,not_evaluable,0,0,0.0,0.0,0,8
2026-08-28T08:30:40.724+02:00,not_evaluable,0,0,0.0,0.0,0,14
2026-08-28T08:31:10.719+02:00,not_evaluable,0,0,0.0,0.0,0,13
2026-08-28T08:31:40.721+02:00,not_evaluable,0,0,0.0,0.0,0,14
2026-08-28T08:32:10.720+02:00,not_evaluable,0,0,0.0,0.0,0,14
2026-08-28T08:32:40.720+02:00,not_evaluable,0,0,0.0,0.0,0,11
2026-08-28T08:33:10.720+02:00,not_evaluable,0,0,0.0,0.0,0,11
2026-08-28T08:33:40.720+02:00,not_evaluable,0,0,0.0,0.0,0,14
2026-08-28T08:34:10.720+02:00,not_evaluable,0,0,0.0,0.0,0,14
2026-08-28T08:34:40.722+02:00,not_evaluable,0,0,0.0,0.0,0,14
2026-08-28T08:35:10.722+02:00,not_evaluable,0,0,0.0,0.0,0,14
2026-08-28T08:35:40.721+02:00,not_evaluable,0,0,0.0,0.0,0,11
2026-08-28T08:36:10.724+02:00,not_evaluable,0,0,0.0,0.0,0,12
2026-08-28T08:36:40.723+02:00,not_evaluable,0,0,0.0,0.0,0,11
2026-08-28T08:37:10.726+02:00,not_evaluable,0,0,0.0,0.0,0,14
2026-08-28T08:37:40.727+02:00,not_evaluable,0,0,0.0,0.0,0,14
2026-08-28T08:38:10.723+02:00,not_evaluable,0,0,0.0,0.0,0,14
2026-08-28T08:38:40.724+02:00,not_evaluable,0,0,0.0,0.0,0,12
2026-08-28T08:39:10.726+02:00,not_evaluable,0,0,0.0,0.0,0,14
2026-08-28T08:39:40.726+02:00,not_evaluable,0,0,0.0,0.0,0,14
2026-08-28T08:40:10.727+02:00,not_evaluable,0,0,0.0,0.0,0,14
2026-08-28T08:40:40.726+02:00,not_evaluable,0,0,0.0,0.0,0,12
2026-08-28T08:41:10.726+02:00,not_evaluable,0,0,0.0,0.0,0,14
2026-08-28T08:41:40.728+02:00,not_evaluable,0,0,0.0,0.0,0,11
2026-08-28T08:42:10.726+02:00,not_evaluable,0,0,0.0,0.0,0,11
2026-08-28T08:42:40.729+02:00,not_evaluable,0,0,0.0,0.0,0,13
2026-08-28T08:43:10.729+02:00,not_evaluable,0,0,0.0,0.0,0,14
2026-08-28T08:43:40.730+02:00,not_evaluable,0,0,0.0,0.0,0,14
2026-08-28T08:44:10.728+02:00,not_evaluable,0,0,0.0,0.0,0,10
2026-08-28T08:44:40.731+02:00,not_evaluable,0,0,0.0,0.0,0,14
2026-08-28T08:45:10.730+02:00,not_evaluable,0,0,0.0,0.0,0,14
2026-08-28T08:45:40.734+02:00,not_evaluable,0,0,0.0,0.0,0,8
2026-08-28T08:46:10.730+02:00,not_evaluable,0,0,0.0,0.0,0,14
2026-08-28T08:46:40.733+02:00,not_evaluable,0,0,0.0,0.0,0,13
2026-08-28T08:47:10.731+02:00,not_evaluable,0,0,0.0,0.0,0,14
2026-08-28T08:47:40.730+02:00,not_evaluable,0,0,0.0,0.0,0,14
2026-08-28T08:48:10.732+02:00,nominal,0,0,-1.4187,-28.67,1,1411
2026-08-28T08:48:40.732+02:00,nominal,0,0,-1.0331,-23.08,1,1256
2026-08-28T08:49:10.732+02:00,nominal,0,0,-1.085,-17.92,1,1254
2026-08-28T08:49:40.734+02:00,nominal,0,0,-1.1919,-20.38,1,1219
2026-08-28T08:50:10.733+02:00,nominal,0,0,-1.2292,-16.72,1,1217
2026-08-28T08:50:40.733+02:00,nominal,0,0,-1.0748,-16.49,1,1257
2026-08-28T08:51:10.736+02:00,nominal,0,0,-1.1585,-21.72,1,1218
2026-08-28T08:51:40.734+02:00,nominal,0,0,-1.1091,-15.1,1,1257
2026-08-28T08:52:10.736+02:00,nominal,0,0,-1.1102,-16.71,1,1217
2026-08-28T08:52:40.735+02:00,nominal,0,0,-1.1988,-12.53,1,1250
2026-08-28T08:53:10.736+02:00,nominal,0,0,-1.1372,-15.42,1,1218
2026-08-28T08:53:40.737+02:00,nominal,0,0,-1.1212,-11.25,1,1236
2026-08-28T08:54:10.739+02:00,nominal,0,0,-1.0083,-19.16,1,1275
2026-08-28T08:54:40.743+02:00,nominal,0,0,-1.136,-12.78,1,1255
2026-08-28T08:55:10.737+02:00,nominal,0,0,-1.1319,-7.16,1,1246
2026-08-28T08:55:40.784+02:00,nominal,0,0,-1.1696,-8.68,1,1252
2026-08-28T08:56:10.783+02:00,nominal,0,0,-1.1458,-10.34,1,1229
2026-08-28T08:56:40.784+02:00,nominal,0,0,-1.1273,-9.54,1,1231
2026-08-28T08:57:10.927+02:00,nominal,0,0,-1.205,-11.38,1,1236
2026-08-28T08:57:40.787+02:00,nominal,0,0,-1.2677,-12.15,1,1246
2026-08-28T08:58:10.784+02:00,nominal,0,0,-1.0527,-14.19,1,1276
2026-08-28T08:58:40.783+02:00,nominal,0,0,-1.1074,-9.53,1,1277
2026-08-28T08:59:10.789+02:00,nominal,0,0,-1.0618,-8.89,1,1220
2026-08-28T08:59:40.787+02:00,nominal,0,0,-1.3201,-11.04,1,1215
2026-08-28T09:00:10.788+02:00,nominal,0,0,-1.3836,-12.01,1,1184
2026-08-28T09:00:40.851+02:00,nominal,0,0,-1.0601,-7.67,1,1232
2026-08-28T09:01:10.792+02:00,nominal,0,0,-1.1485,-20.33,1,1237
2026-08-28T09:01:40.787+02:00,nominal,0,0,-1.1508,-14.46,1,1222
2026-08-28T09:02:10.787+02:00,nominal,0,0,-1.2047,-15.75,1,1225
2026-08-28T09:02:40.787+02:00,nominal,0,0,-1.1477,-9.07,1,1279
2026-08-28T09:03:10.788+02:00,nominal,0,0,-1.0723,-8.4,1,1215
2026-08-28T09:03:40.789+02:00,anomaly,1,0,-21.9512,-16110.0,1,1249
2026-08-28T09:04:10.792+02:00,nominal,0,0,-1.0579,-61.48,1,1223
2026-08-28T09:04:40.792+02:00,nominal,0,0,-1.0967,-22.43,1,1239
2026-08-28T09:05:10.791+02:00,nominal,0,0,-0.9646,-13.4,1,1231
2026-08-28T09:05:40.791+02:00,anomaly,1,0,-2.0067,-1220.32,1,1232
2026-08-28T09:06:10.792+02:00,nominal,0,0,-1.087,-24.79,1,1262
2026-08-28T09:06:40.792+02:00,nominal,0,0,-1.2249,-22.35,1,1235
2026-08-28T09:07:11.007+02:00,nominal,0,0,-1.1319,-12.75,1,1268
2026-08-28T09:07:40.799+02:00,nominal,0,0,-1.3354,-14.04,1,1241
2026-08-28T09:08:10.794+02:00,nominal,0,0,-0.9943,-34.31,1,1267
2026-08-28T09:08:40.914+02:00,nominal,0,0,-1.2362,-9.67,1,1286
2026-08-28T09:09:10.795+02:00,nominal,0,0,-1.2825,-12.63,1,1256
2026-08-28T09:09:40.796+02:00,nominal,0,0,-1.0675,-7.53,1,1262
2026-08-28T09:10:10.796+02:00,anomaly,1,0,-1.4509,-11.52,1,1254
2026-08-28T09:10:40.795+02:00,nominal,0,0,-1.1057,-15.73,1,1290
2026-08-28T09:11:10.795+02:00,nominal,0,0,-1.0052,-13.73,1,1241
2026-08-28T09:11:40.797+02:00,nominal,0,0,-1.0513,-7.0,1,1241
2026-08-28T09:12:10.839+02:00,anomaly,1,0,-1.7673,-15.39,1,1287
2026-08-28T09:12:40.800+02:00,nominal,0,0,-1.055,-13.36,1,1243
2026-08-28T09:13:10.796+02:00,nominal,0,0,-1.0766,-10.83,1,1270
2026-08-28T09:13:40.796+02:00,nominal,0,0,-1.0502,-20.6,1,1272
2026-08-28T09:14:10.854+02:00,nominal,0,0,-1.0597,-16.31,1,1265
2026-08-28T09:14:40.800+02:00,nominal,0,0,-0.9938,-6.06,1,1194
2026-08-28T09:15:10.805+02:00,nominal,0,0,-0.9738,-14.54,1,1255
2026-08-28T09:15:40.800+02:00,nominal,0,0,-1.1441,-12.89,1,1228
2026-08-28T09:16:10.870+02:00,nominal,0,0,-1.0915,-7.06,1,1231
2026-08-28T09:16:40.800+02:00,nominal,0,0,-1.0926,-8.26,1,1223
2026-08-28T09:17:10.877+02:00,anomaly,1,0,-1.7015,-851.14,1,1247
2026-08-28T09:17:40.985+02:00,nominal,0,0,-1.1281,-9.1,1,1230
2026-08-28T09:18:10.810+02:00,nominal,0,0,-0.9477,-9.98,1,1242
2026-08-28T09:18:40.804+02:00,nominal,0,0,-1.0526,-11.22,1,1249
2026-08-28T09:19:10.804+02:00,nominal,0,0,-1.0798,-12.06,1,1232
2026-08-28T09:19:40.999+02:00,nominal,0,0,-1.0572,-11.49,1,1285
2026-08-28T09:20:10.804+02:00,nominal,0,0,-0.9777,-14.67,1,1276
2026-08-28T09:20:40.805+02:00,nominal,0,0,-1.167,-8.75,1,1236
2026-08-28T09:21:10.804+02:00,nominal,0,0,-1.2664,-11.82,1,1267
2026-08-28T09:21:40.807+02:00,nominal,0,0,-1.193,-10.73,1,1243
2026-08-28T09:22:10.805+02:00,nominal,0,0,-1.2778,-15.02,1,1249
2026-08-28T09:22:40.804+02:00,nominal,0,0,-1.0799,-17.63,1,1293
2026-08-28T09:23:10.805+02:00,nominal,0,0,-1.0667,-4.73,1,1269
2026-08-28T09:23:40.824+02:00,nominal,0,0,-1.1686,-14.58,1,1243
2026-08-28T09:24:10.812+02:00,nominal,0,0,-1.0285,-10.85,1,1234
2026-08-28T09:24:40.760+02:00,nominal,0,0,-1.139,-11.91,1,1277
2026-08-28T09:25:10.761+02:00,anomaly,1,0,-2.3289,-1569.18,1,1298
2026-08-28T09:25:40.764+02:00,nominal,0,0,-1.1754,-8.73,1,1249
2026-08-28T09:26:10.762+02:00,nominal,0,0,-1.2423,-10.9,1,1242
2026-08-28T09:26:40.766+02:00,nominal,0,0,-1.3611,-9.31,1,1234
2026-08-28T09:27:40.763+02:00,nominal,0,0,-1.2357,-12.48,1,1375
2026-08-28T09:28:10.766+02:00,nominal,0,0,-1.1473,-9.47,1,1236
2026-08-28T09:28:40.765+02:00,nominal,0,0,-1.138,-19.23,1,1286
2026-08-28T09:29:10.767+02:00,nominal,0,0,-1.4362,-10.5,1,1118
2026-08-28T09:29:40.765+02:00,nominal,0,0,-1.2391,-12.99,1,1232
2026-08-28T09:30:10.769+02:00,nominal,0,0,-1.2709,-8.52,1,1238
2026-08-28T09:30:40.767+02:00,nominal,0,0,-1.0821,-7.51,1,1260
2026-08-28T09:31:10.771+02:00,nominal,0,0,-1.1868,-12.48,1,1228
2026-08-28T09:31:40.767+02:00,nominal,0,0,-1.104,-6.76,1,1239
2026-08-28T09:32:10.770+02:00,nominal,0,0,-1.2167,-9.01,1,1254
2026-08-28T09:32:40.768+02:00,nominal,0,0,-1.4009,-11.32,1,1252
2026-08-28T09:33:10.767+02:00,nominal,0,0,-1.3227,-14.62,1,1263
2026-08-28T09:33:40.768+02:00,anomaly,1,0,-1.8202,-383.77,1,1236
2026-08-28T09:34:10.768+02:00,nominal,0,0,-1.1018,-13.72,1,1256
2026-08-28T09:34:40.769+02:00,nominal,0,0,-1.0948,-15.06,1,1233
2026-08-28T09:35:10.769+02:00,nominal,0,0,-1.1871,-12.47,1,1255
2026-08-28T09:35:40.770+02:00,nominal,0,0,-1.1553,-10.2,1,1230
2026-08-28T09:36:10.770+02:00,nominal,0,0,-1.0567,-9.99,1,1223
2026-08-28T09:36:40.771+02:00,nominal,0,0,-1.1867,-11.63,1,1225
2026-08-28T09:37:10.772+02:00,nominal,0,0,-1.4178,-10.55,1,1226
2026-08-28T09:37:40.773+02:00,not_evaluable,0,0,0.0,0.0,0,14
2026-08-28T09:38:10.771+02:00,not_evaluable,0,0,0.0,0.0,0,14
2026-08-28T09:38:40.773+02:00,not_evaluable,0,0,0.0,0.0,0,14
2026-08-28T09:39:10.772+02:00,not_evaluable,0,0,0.0,0.0,0,10
2026-08-28T09:39:40.773+02:00,not_evaluable,0,0,0.0,0.0,0,15
2026-08-28T09:40:10.773+02:00,not_evaluable,0,0,0.0,0.0,0,10
2026-08-28T09:40:40.774+02:00,not_evaluable,0,0,0.0,0.0,0,13
2026-08-28T09:41:10.774+02:00,not_evaluable,0,0,0.0,0.0,0,14
2026-08-28T09:41:40.774+02:00,not_evaluable,0,0,0.0,0.0,0,14
2026-08-28T09:42:10.779+02:00,not_evaluable,0,0,0.0,0.0,0,14
2026-08-28T09:42:40.777+02:00,not_evaluable,0,0,0.0,0.0,0,14
2026-08-28T09:43:10.780+02:00,not_evaluable,0,0,0.0,0.0,0,14
2026-08-28T09:43:40.777+02:00,not_evaluable,0,0,0.0,0.0,0,7
2026-08-28T09:44:10.776+02:00,not_evaluable,0,0,0.0,0.0,0,12
2026-08-28T09:44:40.779+02:00,not_evaluable,0,0,0.0,0.0,0,14
2026-08-28T09:45:10.779+02:00,not_evaluable,0,0,0.0,0.0,0,13
2026-08-28T09:45:40.778+02:00,not_evaluable,0,0,0.0,0.0,0,14
2026-08-28T09:46:10.782+02:00,not_evaluable,0,0,0.0,0.0,0,14
2026-08-28T09:46:40.785+02:00,not_evaluable,0,0,0.0,0.0,0,14
2026-08-28T09:47:10.781+02:00,not_evaluable,0,0,0.0,0.0,0,13
2026-08-28T09:47:40.785+02:00,not_evaluable,0,0,0.0,0.0,0,14
2026-08-28T09:48:10.779+02:00,not_evaluable,0,0,0.0,0.0,0,14
2026-08-28T09:48:40.781+02:00,not_evaluable,0,0,0.0,0.0,0,14
2026-08-28T09:49:10.781+02:00,not_evaluable,0,0,0.0,0.0,0,14
2026-08-28T09:49:40.781+02:00,not_evaluable,0,0,0.0,0.0,0,13
2026-08-28T09:50:10.781+02:00,not_evaluable,0,0,0.0,0.0,0,10
2026-08-28T09:50:40.781+02:00,not_evaluable,0,0,0.0,0.0,0,14
2026-08-28T09:51:10.781+02:00,not_evaluable,0,0,0.0,0.0,0,10
2026-08-28T09:51:40.782+02:00,not_evaluable,0,0,0.0,0.0,0,14
2026-08-28T09:52:10.783+02:00,not_evaluable,0,0,0.0,0.0,0,8
2026-08-28T09:52:40.783+02:00,not_evaluable,0,0,0.0,0.0,0,12
2026-08-28T09:53:10.783+02:00,not_evaluable,0,0,0.0,0.0,0,13
2026-08-28T09:53:40.785+02:00,not_evaluable,0,0,0.0,0.0,0,14
2026-08-28T09:54:10.785+02:00,not_evaluable,0,0,0.0,0.0,0,13
2026-08-28T09:54:40.788+02:00,not_evaluable,0,0,0.0,0.0,0,14
2026-08-28T09:55:10.787+02:00,not_evaluable,0,0,0.0,0.0,0,15
2026-08-28T09:55:40.786+02:00,not_evaluable,0,0,0.0,0.0,0,14
2026-08-28T09:56:10.787+02:00,not_evaluable,0,0,0.0,0.0,0,14
2026-08-28T09:56:40.787+02:00,not_evaluable,0,0,0.0,0.0,0,13
2026-08-28T09:57:10.788+02:00,not_evaluable,0,0,0.0,0.0,0,14
2026-08-28T09:57:40.788+02:00,not_evaluable,0,0,0.0,0.0,0,14
2026-08-28T09:58:10.794+02:00,not_evaluable,0,0,0.0,0.0,0,7
2026-08-28T09:58:40.790+02:00,not_evaluable,0,0,0.0,0.0,0,10
2026-08-28T09:59:10.794+02:00,not_evaluable,0,0,0.0,0.0,0,14
2026-08-28T09:59:40.789+02:00,not_evaluable,0,0,0.0,0.0,0,13
2026-08-28T10:00:10.789+02:00,not_evaluable,0,0,0.0,0.0,0,14
2026-08-28T10:00:40.794+02:00,not_evaluable,0,0,0.0,0.0,0,13
2026-08-28T10:01:10.793+02:00,not_evaluable,0,0,0.0,0.0,0,14
2026-08-28T10:01:40.796+02:00,not_evaluable,0,0,0.0,0.0,0,13
2026-08-28T10:02:10.792+02:00,not_evaluable,0,0,0.0,0.0,0,12
2026-08-28T10:02:40.790+02:00,not_evaluable,0,0,0.0,0.0,0,13
2026-08-28T10:03:10.793+02:00,not_evaluable,0,0,0.0,0.0,0,14
2026-08-28T10:03:40.793+02:00,not_evaluable,0,0,0.0,0.0,0,13
2026-08-28T10:04:10.794+02:00,not_evaluable,0,0,0.0,0.0,0,13
2026-08-28T10:04:40.793+02:00,not_evaluable,0,0,0.0,0.0,0,11
2026-08-28T10:05:10.793+02:00,not_evaluable,0,0,0.0,0.0,0,14
2026-08-28T10:05:40.794+02:00,not_evaluable,0,0,0.0,0.0,0,11
2026-08-28T10:06:10.793+02:00,not_evaluable,0,0,0.0,0.0,0,14
2026-08-28T10:06:40.794+02:00,not_evaluable,0,0,0.0,0.0,0,11
2026-08-28T10:07:10.794+02:00,not_evaluable,0,0,0.0,0.0,0,10
2026-08-28T10:07:40.795+02:00,not_evaluable,0,0,0.0,0.0,0,14
2026-08-28T10:08:10.796+02:00,anomaly,1,0,-1.812,-24.22,1,1382
2026-08-28T10:08:40.795+02:00,anomaly,2,0,-1.6115,-15.72,1,1258
2026-08-28T10:09:10.797+02:00,nominal,0,0,-1.3646,-9.03,1,1235
2026-08-28T10:09:40.798+02:00,nominal,0,0,-1.2692,-7.25,1,1240
2026-08-28T10:10:10.796+02:00,nominal,0,0,-1.1246,-13.61,1,1241
2026-08-28T10:10:40.797+02:00,nominal,0,0,-1.1103,-9.05,1,1261
2026-08-28T10:11:10.798+02:00,nominal,0,0,-1.0193,-7.57,1,1254
2026-08-28T10:11:40.799+02:00,nominal,0,0,-1.1305,-8.95,1,1235
2026-08-28T10:12:10.800+02:00,nominal,0,0,-1.084,-12.06,1,1241
2026-08-28T10:12:40.800+02:00,nominal,0,0,-1.057,-4.37,1,1219
2026-08-28T10:13:10.799+02:00,nominal,0,0,-1.0317,-7.17,1,1273
2026-08-28T10:13:40.801+02:00,nominal,0,0,-0.9974,-5.16,1,1322
2026-08-28T10:14:10.805+02:00,nominal,0,0,-1.1012,-6.71,1,1222
2026-08-28T10:14:40.801+02:00,nominal,0,0,-1.0981,-5.57,1,1244
2026-08-28T10:15:10.804+02:00,nominal,0,0,-1.0527,-4.33,1,1251
2026-08-28T10:15:40.808+02:00,anomaly,1,0,-1.598,-17.55,1,1274
2026-08-28T10:16:10.803+02:00,nominal,0,0,-1.4248,-11.39,1,1255
2026-08-28T10:16:40.807+02:00,nominal,0,0,-1.4034,-8.16,1,1244
2026-08-28T10:17:10.803+02:00,nominal,0,0,-1.2054,-9.84,1,1262
2026-08-28T10:18:10.803+02:00,nominal,0,0,-1.0205,-3.13,1,1388
2026-08-28T10:18:40.803+02:00,nominal,0,0,-0.9825,-2.78,1,1274
2026-08-28T10:19:10.806+02:00,nominal,0,0,-1.0596,-13.51,1,1230
2026-08-28T10:19:40.804+02:00,nominal,0,0,-1.1879,-3.84,1,1275
2026-08-28T10:20:10.804+02:00,nominal,0,0,-1.0166,-9.52,1,1263
2026-08-28T10:20:40.805+02:00,nominal,0,0,-1.0258,-4.23,1,1405
2026-08-28T10:21:10.807+02:00,nominal,0,0,-1.1667,-6.68,1,1225
2026-08-28T10:21:40.805+02:00,nominal,0,0,-0.9992,-2.74,1,1272
2026-08-28T10:22:10.806+02:00,nominal,0,0,-1.0719,-3.62,1,1227
2026-08-28T10:22:40.808+02:00,nominal,0,0,-1.1259,-7.71,1,1232
2026-08-28T10:23:10.807+02:00,nominal,0,0,-1.0429,-8.57,1,1235
2026-08-28T10:23:40.809+02:00,nominal,0,0,-1.3624,-5.63,1,1240
2026-08-28T10:24:10.809+02:00,nominal,0,0,-1.1952,-10.17,1,1250
2026-08-28T10:24:40.810+02:00,anomaly,1,0,-1.7491,-21.04,1,1239
2026-08-28T10:25:10.809+02:00,nominal,0,0,-1.1369,-5.31,1,1274
2026-08-28T10:25:40.813+02:00,nominal,0,0,-1.3627,-4.86,1,1246
2026-08-28T10:26:10.810+02:00,nominal,0,0,-1.0488,-9.46,1,1238
2026-08-28T10:26:40.808+02:00,nominal,0,0,-1.0675,-13.58,1,1296
2026-08-28T10:27:10.810+02:00,nominal,0,0,-1.0453,-11.39,1,1229
2026-08-28T10:27:40.813+02:00,nominal,0,0,-0.9717,-6.52,1,1184
2026-08-28T10:28:10.812+02:00,nominal,0,0,-1.2328,-4.93,1,1330
2026-08-28T10:28:40.815+02:00,nominal,0,0,-1.05,-4.67,1,1226
2026-08-28T10:29:10.813+02:00,nominal,0,0,-1.0992,-7.01,1,1240
2026-08-28T10:29:40.813+02:00,nominal,0,0,-1.3865,-5.9,1,1230
2026-08-28T10:30:10.815+02:00,nominal,0,0,-1.0696,-6.05,1,1223
2026-08-28T10:30:40.819+02:00,nominal,0,0,-1.2711,-14.03,1,1232
2026-08-28T10:31:40.819+02:00,nominal,0,0,-1.2274,-4.62,1,1326
2026-08-28T10:32:10.814+02:00,nominal,0,0,-1.1146,-8.12,1,1262
2026-08-28T10:32:40.813+02:00,nominal,0,0,-1.0253,-10.32,1,1268
2026-08-28T10:33:10.815+02:00,nominal,0,0,-1.1829,-12.89,1,1228
2026-08-28T10:33:40.815+02:00,nominal,0,0,-1.4104,-7.13,1,1249
2026-08-28T10:34:10.817+02:00,nominal,0,0,-1.1127,-5.18,1,1229
2026-08-28T10:34:40.816+02:00,nominal,0,0,-1.1058,-5.7,1,1323
2026-08-28T10:35:10.819+02:00,anomaly,1,0,-2.1811,-404.18,1,1320
2026-08-28T10:35:40.817+02:00,nominal,0,0,-1.1623,-13.17,1,1349
2026-08-28T10:36:10.818+02:00,nominal,0,0,-1.2488,-4.99,1,1322
2026-08-28T10:36:40.817+02:00,nominal,0,0,-1.0305,-14.7,1,1367
2026-08-28T10:37:10.819+02:00,anomaly,1,0,-1.713,-278.13,1,1307
2026-08-28T10:37:40.820+02:00,nominal,0,0,-1.0666,-11.8,1,1324
2026-08-28T10:38:10.819+02:00,anomaly,1,0,-1.6663,-17.22,1,1348
2026-08-28T10:38:40.820+02:00,nominal,0,0,-1.3453,-18.6,1,1336
2026-08-28T10:39:10.820+02:00,nominal,0,0,-1.2407,-6.23,1,1356
2026-08-28T10:39:40.820+02:00,not_evaluable,0,0,0.0,0.0,0,13
2026-08-28T10:40:10.822+02:00,not_evaluable,0,0,0.0,0.0,0,14
2026-08-28T10:40:40.821+02:00,not_evaluable,0,0,0.0,0.0,0,14
2026-08-28T10:41:10.822+02:00,not_evaluable,0,0,0.0,0.0,0,11
2026-08-28T10:41:40.824+02:00,not_evaluable,0,0,0.0,0.0,0,12
2026-08-28T10:42:10.823+02:00,not_evaluable,0,0,0.0,0.0,0,14
2026-08-28T10:42:40.823+02:00,not_evaluable,0,0,0.0,0.0,0,14
2026-08-28T10:43:10.822+02:00,not_evaluable,0,0,0.0,0.0,0,11
2026-08-28T10:43:40.824+02:00,not_evaluable,0,0,0.0,0.0,0,14
2026-08-28T10:44:10.823+02:00,not_evaluable,0,0,0.0,0.0,0,14
2026-08-28T10:44:40.826+02:00,not_evaluable,0,0,0.0,0.0,0,12
2026-08-28T10:45:10.827+02:00,not_evaluable,0,0,0.0,0.0,0,14
2026-08-28T10:45:40.830+02:00,not_evaluable,0,0,0.0,0.0,0,13
2026-08-28T10:46:10.829+02:00,not_evaluable,0,0,0.0,0.0,0,13
2026-08-28T10:46:40.830+02:00,not_evaluable,0,0,0.0,0.0,0,14
2026-08-28T10:47:10.835+02:00,not_evaluable,0,0,0.0,0.0,0,14
2026-08-28T10:47:40.828+02:00,not_evaluable,0,0,0.0,0.0,0,14
2026-08-28T10:48:10.827+02:00,not_evaluable,0,0,0.0,0.0,0,12
2026-08-28T10:48:40.828+02:00,not_evaluable,0,0,0.0,0.0,0,15
2026-08-28T10:49:10.829+02:00,not_evaluable,0,0,0.0,0.0,0,14
2026-08-28T10:49:40.829+02:00,not_evaluable,0,0,0.0,0.0,0,14
2026-08-28T10:50:10.828+02:00,not_evaluable,0,0,0.0,0.0,0,14
2026-08-28T10:50:40.829+02:00,not_evaluable,0,0,0.0,0.0,0,14
2026-08-28T10:51:10.831+02:00,not_evaluable,0,0,0.0,0.0,0,11
2026-08-28T10:51:40.831+02:00,not_evaluable,0,0,0.0,0.0,0,13
2026-08-28T10:52:10.831+02:00,not_evaluable,0,0,0.0,0.0,0,13
2026-08-28T10:52:40.874+02:00,not_evaluable,0,0,0.0,0.0,0,14
2026-08-28T10:53:10.831+02:00,not_evaluable,0,0,0.0,0.0,0,14
2026-08-28T10:53:40.832+02:00,not_evaluable,0,0,0.0,0.0,0,14
2026-08-28T10:54:10.832+02:00,not_evaluable,0,0,0.0,0.0,0,11
2026-08-28T10:54:40.834+02:00,not_evaluable,0,0,0.0,0.0,0,7
2026-08-28T10:55:10.833+02:00,not_evaluable,0,0,0.0,0.0,0,13
2026-08-28T10:55:40.878+02:00,not_evaluable,0,0,0.0,0.0,0,11
2026-08-28T10:56:10.833+02:00,not_evaluable,0,0,0.0,0.0,0,11
2026-08-28T10:56:40.834+02:00,not_evaluable,0,0,0.0,0.0,0,14
2026-08-28T10:57:10.833+02:00,not_evaluable,0,0,0.0,0.0,0,8
2026-08-28T10:57:40.838+02:00,not_evaluable,0,0,0.0,0.0,0,14
2026-08-28T10:58:10.840+02:00,not_evaluable,0,0,0.0,0.0,0,12
2026-08-28T10:58:40.836+02:00,not_evaluable,0,0,0.0,0.0,0,12
2026-08-28T10:59:10.837+02:00,not_evaluable,0,0,0.0,0.0,0,14
2026-08-28T10:59:40.837+02:00,not_evaluable,0,0,0.0,0.0,0,14
2026-08-28T11:00:10.838+02:00,not_evaluable,0,0,0.0,0.0,0,9
2026-08-28T11:00:40.839+02:00,not_evaluable,0,0,0.0,0.0,0,14
2026-08-28T11:01:10.844+02:00,not_evaluable,0,0,0.0,0.0,0,14
2026-08-28T11:01:40.840+02:00,not_evaluable,0,0,0.0,0.0,0,10
2026-08-28T11:02:10.843+02:00,not_evaluable,0,0,0.0,0.0,0,14
2026-08-28T11:02:40.841+02:00,not_evaluable,0,0,0.0,0.0,0,13
2026-08-28T11:03:10.846+02:00,not_evaluable,0,0,0.0,0.0,0,14
2026-08-28T11:03:40.842+02:00,not_evaluable,0,0,0.0,0.0,0,14
2026-08-28T11:04:10.840+02:00,not_evaluable,0,0,0.0,0.0,0,14
2026-08-28T11:04:40.840+02:00,not_evaluable,0,0,0.0,0.0,0,10
2026-08-28T11:05:10.848+02:00,not_evaluable,0,0,0.0,0.0,0,14
2026-08-28T11:05:40.841+02:00,not_evaluable,0,0,0.0,0.0,0,13
2026-08-28T11:06:10.841+02:00,not_evaluable,0,0,0.0,0.0,0,14
2026-08-28T11:06:40.842+02:00,not_evaluable,0,0,0.0,0.0,0,14
2026-08-28T11:07:10.843+02:00,not_evaluable,0,0,0.0,0.0,0,13
2026-08-28T11:07:40.845+02:00,not_evaluable,0,0,0.0,0.0,0,14
2026-08-28T11:08:10.842+02:00,not_evaluable,0,0,0.0,0.0,0,14
2026-08-28T11:08:40.843+02:00,not_evaluable,0,0,0.0,0.0,0,15
2026-08-28T11:09:10.844+02:00,not_evaluable,0,0,0.0,0.0,0,14
2026-08-28T11:09:40.845+02:00,not_evaluable,0,0,0.0,0.0,0,11
2026-08-28T11:10:10.846+02:00,not_evaluable,0,0,0.0,0.0,0,13
2026-08-28T11:10:40.846+02:00,not_evaluable,0,0,0.0,0.0,0,14
2026-08-28T11:11:10.846+02:00,not_evaluable,0,0,0.0,0.0,0,14
2026-08-28T11:11:40.845+02:00,not_evaluable,0,0,0.0,0.0,0,8
2026-08-28T11:12:10.848+02:00,not_evaluable,0,0,0.0,0.0,0,13
2026-08-28T11:12:40.846+02:00,not_evaluable,0,0,0.0,0.0,0,13
2026-08-28T11:13:10.847+02:00,not_evaluable,0,0,0.0,0.0,0,14
2026-08-28T11:13:40.849+02:00,not_evaluable,0,0,0.0,0.0,0,14
2026-08-28T11:14:10.848+02:00,not_evaluable,0,0,0.0,0.0,0,13
2026-08-28T11:14:40.848+02:00,not_evaluable,0,0,0.0,0.0,0,10
2026-08-28T11:15:10.850+02:00,not_evaluable,0,0,0.0,0.0,0,10
2026-08-28T11:15:40.850+02:00,not_evaluable,0,0,0.0,0.0,0,10
2026-08-28T11:16:10.851+02:00,not_evaluable,0,0,0.0,0.0,0,15
2026-08-28T11:16:40.852+02:00,not_evaluable,0,0,0.0,0.0,0,14
2026-08-28T11:17:10.856+02:00,not_evaluable,0,0,0.0,0.0,0,12
2026-08-28T11:17:40.860+02:00,not_evaluable,0,0,0.0,0.0,0,14
2026-08-28T11:18:10.854+02:00,not_evaluable,0,0,0.0,0.0,0,14
2026-08-28T11:18:40.853+02:00,not_evaluable,0,0,0.0,0.0,0,14
2026-08-28T11:19:10.855+02:00,not_evaluable,0,0,0.0,0.0,0,14
2026-08-28T11:19:40.855+02:00,not_evaluable,0,0,0.0,0.0,0,14
2026-08-28T11:20:10.852+02:00,not_evaluable,0,0,0.0,0.0,0,12
2026-08-28T11:20:40.854+02:00,not_evaluable,0,0,0.0,0.0,0,14
2026-08-28T11:21:10.855+02:00,not_evaluable,0,0,0.0,0.0,0,14
2026-08-28T11:21:40.855+02:00,not_evaluable,0,0,0.0,0.0,0,13
2026-08-28T11:22:10.855+02:00,not_evaluable,0,0,0.0,0.0,0,13
2026-08-28T11:22:40.854+02:00,not_evaluable,0,0,0.0,0.0,0,12
2026-08-28T11:23:10.854+02:00,not_evaluable,0,0,0.0,0.0,0,14
2026-08-28T11:23:40.855+02:00,not_evaluable,0,0,0.0,0.0,0,14
2026-08-28T11:24:10.856+02:00,not_evaluable,0,0,0.0,0.0,0,11
2026-08-28T11:24:40.856+02:00,not_evaluable,0,0,0.0,0.0,0,14
2026-08-28T11:25:10.857+02:00,not_evaluable,0,0,0.0,0.0,0,13
2026-08-28T11:25:40.856+02:00,not_evaluable,0,0,0.0,0.0,0,9
2026-08-28T11:26:10.857+02:00,not_evaluable,0,0,0.0,0.0,0,7
2026-08-28T11:26:40.857+02:00,not_evaluable,0,0,0.0,0.0,0,12
2026-08-28T11:27:10.858+02:00,not_evaluable,0,0,0.0,0.0,0,7
2026-08-28T11:27:40.858+02:00,not_evaluable,0,0,0.0,0.0,0,8
2026-08-28T11:28:10.859+02:00,not_evaluable,0,0,0.0,0.0,0,13
2026-08-28T11:28:40.862+02:00,not_evaluable,0,0,0.0,0.0,0,14
2026-08-28T11:29:10.859+02:00,not_evaluable,0,0,0.0,0.0,0,14
2026-08-28T11:29:40.860+02:00,not_evaluable,0,0,0.0,0.0,0,12
2026-08-28T11:30:10.860+02:00,not_evaluable,0,0,0.0,0.0,0,10
2026-08-28T11:30:40.862+02:00,not_evaluable,0,0,0.0,0.0,0,14
2026-08-28T11:31:10.870+02:00,not_evaluable,0,0,0.0,0.0,0,14
2026-08-28T11:31:40.862+02:00,not_evaluable,0,0,0.0,0.0,0,14
2026-08-28T11:32:10.867+02:00,not_evaluable,0,0,0.0,0.0,0,14
2026-08-28T11:32:40.865+02:00,nominal,0,0,-1.3272,-113.04,1,1408
2026-08-28T11:33:10.866+02:00,nominal,0,0,-1.1344,-19.8,1,1255
2026-08-28T11:33:40.864+02:00,nominal,0,0,-1.1302,-18.91,1,1226
2026-08-28T11:34:10.865+02:00,anomaly,1,0,-1.943,-19.04,1,1214
2026-08-28T11:34:40.866+02:00,nominal,0,0,-1.3414,-12.27,1,1248
2026-08-28T11:35:10.866+02:00,nominal,0,0,-1.194,-20.55,1,1227
2026-08-28T11:35:40.865+02:00,anomaly,1,0,-1.7067,-24.08,1,1292
2026-08-28T11:36:10.866+02:00,nominal,0,0,-1.0937,-17.15,1,1259
2026-08-28T11:36:40.872+02:00,nominal,0,0,-1.202,-22.23,1,1246
2026-08-28T11:37:10.867+02:00,nominal,0,0,-1.3436,-22.2,1,1232
2026-08-28T11:37:40.868+02:00,nominal,0,0,-1.3515,-37.32,1,1238
2026-08-28T11:38:10.869+02:00,anomaly,1,0,-2.3843,-283.39,1,1228
2026-08-28T11:38:40.868+02:00,nominal,0,0,-1.0526,-6.24,1,1243
2026-08-28T11:39:10.869+02:00,nominal,0,0,-1.2405,-10.82,1,1231
2026-08-28T11:39:40.869+02:00,nominal,0,0,-1.202,-8.45,1,1221
2026-08-28T11:40:10.869+02:00,nominal,0,0,-1.232,-11.06,1,1229
2026-08-28T11:40:40.870+02:00,nominal,0,0,-1.0708,-7.91,1,1117
2026-08-28T11:41:10.870+02:00,nominal,0,0,-1.0766,-8.65,1,1255
2026-08-28T11:41:40.872+02:00,nominal,0,0,-1.112,-7.95,1,1227
2026-08-28T11:42:10.870+02:00,nominal,0,0,-1.0964,-6.68,1,1231
2026-08-28T11:42:40.873+02:00,nominal,0,0,-1.0265,-6.96,1,1260
2026-08-28T11:43:10.871+02:00,nominal,0,0,-1.1139,-9.55,1,1260
2026-08-28T11:43:40.872+02:00,nominal,0,0,-1.3343,-60.15,1,1316
2026-08-28T11:44:10.871+02:00,nominal,0,0,-1.0655,-7.25,1,1271
2026-08-28T11:44:40.871+02:00,anomaly,1,0,-2.0724,-409.86,1,1266
2026-08-28T11:45:10.872+02:00,nominal,0,0,-1.0258,-369.24,1,1261
2026-08-28T11:45:40.873+02:00,nominal,0,0,-1.0933,-5.9,1,1264
2026-08-28T11:46:10.875+02:00,nominal,0,0,-1.1935,-7.1,1,1237
2026-08-28T11:46:40.873+02:00,nominal,0,0,-1.0337,-16.13,1,1270
2026-08-28T11:47:10.878+02:00,nominal,0,0,-1.1216,-6.28,1,1358
2026-08-28T11:47:40.881+02:00,nominal,0,0,-0.9692,-8.29,1,1244
2026-08-28T11:48:10.876+02:00,anomaly,1,0,-1.4554,-10.03,1,1238
2026-08-28T11:48:40.880+02:00,nominal,0,0,-1.1461,-6.05,1,1243
2026-08-28T11:49:10.878+02:00,nominal,0,0,-1.232,-11.71,1,1288
2026-08-28T11:49:40.877+02:00,anomaly,1,0,-11.7886,-5065.16,1,1247
2026-08-28T11:50:10.878+02:00,nominal,0,0,-0.9748,-5.75,1,1233
2026-08-28T11:50:40.876+02:00,anomaly,1,0,-4.7769,-1728.39,1,1256
2026-08-28T11:51:10.880+02:00,nominal,0,0,-1.1332,-9.22,1,1237
2026-08-28T11:51:40.881+02:00,nominal,0,0,-1.0022,-35.09,1,1258
2026-08-28T11:52:10.878+02:00,anomaly,1,0,-11.1066,-6522.2,1,1216
2026-08-28T11:52:40.882+02:00,nominal,0,0,-1.0752,-7.73,1,1228
2026-08-28T11:53:10.879+02:00,nominal,0,0,-0.9807,-13.53,1,1250
2026-08-28T11:53:40.879+02:00,nominal,0,0,-1.2272,-27.07,1,1274
2026-08-28T11:54:10.879+02:00,nominal,0,0,-1.0695,-5.28,1,1397
2026-08-28T11:54:40.881+02:00,nominal,0,0,-1.0507,-17.26,1,1231
2026-08-28T11:55:10.883+02:00,anomaly,1,0,-2.2033,-270.05,1,1164
2026-08-28T11:55:40.881+02:00,nominal,0,0,-1.1474,-17.94,1,1276
2026-08-28T11:56:10.883+02:00,nominal,0,0,-1.2515,-12.0,1,1269
2026-08-28T11:56:40.881+02:00,nominal,0,0,-0.9925,-6.47,1,1270
2026-08-28T11:57:10.883+02:00,nominal,0,0,-1.0108,-7.92,1,1237
2026-08-28T11:57:40.882+02:00,nominal,0,0,-1.074,-4.65,1,1246
2026-08-28T11:58:10.882+02:00,nominal,0,0,-0.9719,-6.77,1,1267
2026-08-28T11:58:40.884+02:00,nominal,0,0,-0.9972,-4.99,1,1237
2026-08-28T11:59:10.883+02:00,nominal,0,0,-1.0307,-5.94,1,1264
2026-08-28T11:59:40.884+02:00,nominal,0,0,-1.0362,-12.37,1,1258
2026-08-28T12:00:10.884+02:00,nominal,0,0,-1.0857,-4.76,1,1220
2026-08-28T12:00:40.885+02:00,nominal,0,0,-1.2453,-18.94,1,1232
2026-08-28T12:01:10.886+02:00,nominal,0,0,-1.1564,-5.27,1,1222
2026-08-28T12:01:40.889+02:00,nominal,0,0,-1.1042,-4.48,1,1258
2026-08-28T12:02:10.888+02:00,anomaly,1,0,-1.7094,-31.15,1,1245
2026-08-28T12:02:40.891+02:00,anomaly,2,0,-1.9797,-45.84,1,1244
2026-08-28T12:03:10.895+02:00,nominal,0,0,-1.1097,-7.21,1,1348
2026-08-28T12:03:40.890+02:00,nominal,0,0,-1.3359,-9.15,1,1250
2026-08-28T12:04:10.887+02:00,nominal,0,0,-1.0038,-16.42,1,1270
2026-08-28T12:04:40.888+02:00,nominal,0,0,-1.3724,-56.45,1,1238
2026-08-28T12:05:10.890+02:00,anomaly,1,0,-2.42,-260.56,1,1232
2026-08-28T12:05:40.888+02:00,nominal,0,0,-1.0847,-8.72,1,1260
2026-08-28T12:06:10.890+02:00,anomaly,1,0,-1.4474,-7.32,1,1247
2026-08-28T12:06:40.891+02:00,nominal,0,0,-1.0392,-9.81,1,1281
2026-08-28T12:07:10.889+02:00,nominal,0,0,-1.1989,-18.87,1,1270
2026-08-28T12:07:40.891+02:00,nominal,0,0,-1.1836,-10.83,1,1234
2026-08-28T12:08:10.891+02:00,nominal,0,0,-1.2447,-16.43,1,1243
2026-08-28T12:08:40.904+02:00,nominal,0,0,-1.1184,-23.47,1,1265
2026-08-28T12:09:10.891+02:00,nominal,0,0,-1.17,-12.59,1,1263
2026-08-28T12:09:40.893+02:00,anomaly,1,0,-2.1565,-73.48,1,1219
2026-08-28T12:10:10.892+02:00,anomaly,2,0,-2.1004,-47.88,1,1259
2026-08-28T12:10:40.894+02:00,anomaly,3,1,-1.862,-199.71,1,1245
2026-08-28T12:11:10.893+02:00,nominal,0,0,-1.2784,-18.8,1,1234
2026-08-28T12:11:40.890+02:00,nominal,0,0,-1.0483,-20.77,1,1376
2026-08-28T12:12:10.893+02:00,nominal,0,0,-1.1789,-20.48,1,1250
2026-08-28T12:12:40.895+02:00,nominal,0,0,-1.0695,-26.19,1,1257
2026-08-28T12:13:10.894+02:00,nominal,0,0,-1.0904,-31.44,1,1263
2026-08-28T12:13:40.896+02:00,nominal,0,0,-1.1015,-61.22,1,1278
2026-08-28T12:14:10.894+02:00,anomaly,1,0,-1.6778,-44.08,1,1284
2026-08-28T12:14:40.896+02:00,nominal,0,0,-1.34,-31.86,1,1258
2026-08-28T12:15:10.896+02:00,nominal,0,0,-1.396,-30.29,1,1270
2026-08-28T12:15:40.893+02:00,nominal,0,0,-1.3459,-32.2,1,1281
2026-08-28T12:16:10.896+02:00,nominal,0,0,-1.4292,-33.86,1,1254
2026-08-28T12:16:40.898+02:00,nominal,0,0,-1.0938,-48.19,1,1260
2026-08-28T12:17:10.898+02:00,nominal,0,0,-1.1795,-32.74,1,1243
2026-08-28T12:17:40.902+02:00,nominal,0,0,-1.0075,-29.29,1,1276
2026-08-28T12:18:10.900+02:00,nominal,0,0,-1.1109,-30.13,1,1247
2026-08-28T12:18:40.896+02:00,nominal,0,0,-1.174,-98.49,1,1266
2026-08-28T12:19:10.897+02:00,nominal,0,0,-1.2411,-26.5,1,1242
2026-08-28T12:19:40.901+02:00,nominal,0,0,-1.1539,-26.69,1,1272
2026-08-28T12:20:10.900+02:00,nominal,0,0,-0.9783,-29.62,1,1280
2026-08-28T12:20:40.902+02:00,nominal,0,0,-1.1685,-28.09,1,1245
2026-08-28T12:21:10.902+02:00,nominal,0,0,-1.2064,-27.29,1,1248
2026-08-28T12:21:40.901+02:00,nominal,0,0,-1.0949,-95.58,1,1330
2026-08-28T12:22:10.901+02:00,anomaly,1,0,-1.5137,-31.69,1,1284
2026-08-28T12:22:40.903+02:00,nominal,0,0,-1.2717,-35.23,1,1244
2026-08-28T12:23:10.902+02:00,anomaly,1,0,-1.4704,-25.16,1,1264
2026-08-28T12:23:40.906+02:00,nominal,0,0,-0.9835,-25.49,1,1272
2026-08-28T12:24:10.906+02:00,nominal,0,0,-1.4004,-52.53,1,1232
2026-08-28T12:24:40.907+02:00,anomaly,1,0,-1.6179,-71.76,1,1280
2026-08-28T12:25:10.901+02:00,nominal,0,0,-1.0579,-43.47,1,1351
2026-08-28T12:25:40.901+02:00,nominal,0,0,-1.1727,-27.54,1,1250
2026-08-28T12:26:10.906+02:00,nominal,0,0,-1.206,-25.26,1,1212
2026-08-28T12:26:40.905+02:00,nominal,0,0,-1.1886,-72.06,1,1268
2026-08-28T12:27:10.906+02:00,nominal,0,0,-1.0637,-11.68,1,1242
2026-08-28T12:27:40.905+02:00,nominal,0,0,-1.2135,-12.92,1,1289
2026-08-28T12:28:10.906+02:00,nominal,0,0,-1.3004,-21.58,1,1286
2026-08-28T12:28:40.906+02:00,anomaly,1,0,-1.7183,-170.34,1,1262
2026-08-28T12:29:10.906+02:00,nominal,0,0,-1.0787,-16.39,1,1379
2026-08-28T12:34:40.913+02:00,nominal,0,0,-1.3163,-29.37,1,1409
2026-08-28T12:35:40.912+02:00,anomaly,1,0,-2.2395,-43.17,1,1372
2026-08-28T12:36:10.913+02:00,anomaly,2,0,-2.5911,-492.13,1,1267
2026-08-28T12:36:40.912+02:00,nominal,0,0,-1.1963,-33.05,1,1379
2026-08-28T12:37:40.915+02:00,anomaly,1,0,-2.0487,-25.86,1,1338
2026-08-28T12:38:10.915+02:00,anomaly,2,0,-2.1809,-51.18,1,1246
2026-08-28T12:38:40.915+02:00,nominal,0,0,-1.4311,-26.65,1,1291
2026-08-28T12:39:10.919+02:00,anomaly,1,0,-1.6389,-22.95,1,1335
2026-08-28T12:41:10.916+02:00,anomaly,2,0,-1.5336,-34.14,1,1368
2026-08-28T12:41:40.916+02:00,anomaly,3,1,-1.5631,-25.51,1,1271
2026-08-28T12:43:10.919+02:00,anomaly,4,0,-1.7834,-117.26,1,1374
2026-08-28T12:44:40.918+02:00,anomaly,5,0,-1.8323,-26.86,1,1372
2026-08-28T12:45:10.920+02:00,anomaly,6,0,-3.0335,-1731.89,1,1265
2026-08-28T12:46:10.921+02:00,anomaly,7,0,-2.6626,-46.45,1,1356
2026-08-28T12:48:10.927+02:00,anomaly,8,0,-3.3783,-6138.32,1,1371
2026-08-28T12:48:40.931+02:00,anomaly,9,0,-2.1383,-65.46,1,1262
2026-08-28T12:49:10.926+02:00,anomaly,10,0,-1.6421,-85.52,1,1234
2026-08-28T12:49:40.929+02:00,anomaly,11,0,-1.6666,-25.6,1,1291
2026-08-28T12:50:10.928+02:00,anomaly,12,0,-1.6665,-31.24,1,1263
2026-08-28T12:50:40.928+02:00,anomaly,13,0,-1.7002,-51.74,1,1262
2026-08-28T12:51:10.928+02:00,anomaly,14,0,-1.7843,-56.49,1,1231
2026-08-28T12:52:10.937+02:00,anomaly,15,0,-1.7485,-44.16,1,1341
2026-08-28T12:52:40.929+02:00,anomaly,16,0,-1.7669,-37.89,1,1229
2026-08-28T12:53:10.929+02:00,anomaly,17,0,-1.7756,-39.96,1,1256
2026-08-28T12:54:10.932+02:00,anomaly,18,0,-1.8472,-32.55,1,1282
2026-08-28T12:54:40.931+02:00,anomaly,19,0,-1.8601,-45.88,1,1229
2026-08-28T12:55:40.931+02:00,anomaly,20,0,-2.0581,-33.34,1,1356
2026-08-28T12:56:10.933+02:00,anomaly,21,0,-2.1662,-28.38,1,1244
2026-08-28T12:56:40.934+02:00,anomaly,22,0,-2.0035,-23.18,1,1244
2026-08-28T12:57:10.935+02:00,anomaly,23,0,-2.0532,-24.85,1,1247
2026-08-28T12:57:40.936+02:00,anomaly,24,0,-2.1907,-36.2,1,1234
2026-08-28T12:58:10.933+02:00,anomaly,25,0,-2.401,-35.26,1,1258
2026-08-28T12:58:40.932+02:00,anomaly,26,0,-1.8532,-31.29,1,1376
2026-08-28T12:59:10.934+02:00,anomaly,27,0,-2.0765,-23.32,1,1243
2026-08-28T12:59:40.933+02:00,anomaly,28,0,-1.9417,-30.2,1,1261
2026-08-28T13:00:10.936+02:00,anomaly,29,0,-2.1088,-33.97,1,1246
2026-08-28T13:00:40.935+02:00,anomaly,30,0,-1.5892,-16.2,1,1322
2026-08-28T13:01:10.935+02:00,nominal,0,0,-1.416,-28.21,1,1239
2026-08-28T13:01:40.936+02:00,anomaly,1,0,-1.6367,-14.62,1,1238
2026-08-28T13:02:10.935+02:00,nominal,0,0,-1.4268,-19.4,1,1265
2026-08-28T13:02:40.940+02:00,anomaly,1,0,-1.8387,-18.03,1,1239
2026-08-28T13:03:10.978+02:00,anomaly,2,0,-1.8885,-15.17,1,1238
2026-08-28T13:03:40.940+02:00,anomaly,3,1,-1.523,-17.26,1,1258
2026-08-28T13:04:10.982+02:00,anomaly,4,0,-1.4907,-17.13,1,1232
2026-08-28T13:04:40.949+02:00,anomaly,5,0,-1.661,-13.87,1,1236
2026-08-28T13:05:10.944+02:00,anomaly,6,0,-1.7055,-17.01,1,1221
2026-08-28T13:05:40.940+02:00,anomaly,7,0,-1.563,-16.0,1,1317
2026-08-28T13:06:10.940+02:00,anomaly,8,0,-2.0176,-18.16,1,1309
2026-08-28T13:06:40.939+02:00,anomaly,9,0,-2.3086,-25.31,1,1273
2026-08-28T13:07:10.940+02:00,anomaly,10,0,-1.4756,-29.58,1,1235
2026-08-28T13:07:40.940+02:00,anomaly,11,0,-1.8614,-25.41,1,1236
2026-08-28T13:08:10.942+02:00,anomaly,12,0,-1.7623,-21.7,1,1237
2026-08-28T13:08:40.943+02:00,anomaly,13,0,-1.8871,-20.12,1,1119
2026-08-28T13:09:10.941+02:00,anomaly,14,0,-2.0465,-31.35,1,1238
2026-08-28T13:09:40.944+02:00,anomaly,15,0,-1.6546,-26.56,1,1240
2026-08-28T13:10:10.944+02:00,anomaly,16,0,-1.7563,-22.24,1,1226
2026-08-28T13:10:40.952+02:00,anomaly,17,0,-1.5548,-26.32,1,1253
2026-08-28T13:11:10.944+02:00,nominal,0,0,-1.4161,-30.95,1,1238
2026-08-28T13:11:40.942+02:00,anomaly,1,0,-1.7488,-24.03,1,1260
2026-08-28T13:12:10.944+02:00,anomaly,2,0,-1.6837,-21.29,1,1230
2026-08-28T13:12:40.946+02:00,anomaly,3,1,-2.0102,-22.7,1,1239
2026-08-28T13:13:10.945+02:00,anomaly,4,0,-1.7433,-27.93,1,1267
2026-08-28T13:13:40.947+02:00,anomaly,5,0,-2.4748,-25.09,1,1273
2026-08-28T13:14:10.946+02:00,anomaly,6,0,-1.7491,-28.26,1,1246
2026-08-28T13:14:40.945+02:00,anomaly,7,0,-1.7733,-22.43,1,1260
2026-08-28T13:15:10.948+02:00,anomaly,8,0,-1.8203,-20.98,1,1230
2026-08-28T13:15:40.946+02:00,anomaly,9,0,-2.2647,-26.61,1,1261
2026-08-28T13:16:10.946+02:00,anomaly,10,0,-1.9684,-22.61,1,1268
2026-08-28T13:16:40.947+02:00,anomaly,11,0,-2.0948,-21.55,1,1273
2026-08-28T13:17:10.948+02:00,anomaly,12,0,-1.8733,-24.25,1,1241
2026-08-28T13:17:40.949+02:00,anomaly,13,0,-1.8629,-22.42,1,1295
2026-08-28T13:18:10.948+02:00,anomaly,14,0,-1.8612,-26.88,1,1257
2026-08-28T13:18:40.952+02:00,anomaly,15,0,-1.8557,-26.58,1,1239
2026-08-28T13:19:10.957+02:00,anomaly,16,0,-1.8954,-26.22,1,1238
2026-08-28T13:19:40.951+02:00,anomaly,17,0,-2.2919,-27.89,1,1330
2026-08-28T13:20:10.955+02:00,anomaly,18,0,-1.9843,-24.75,1,1229
2026-08-28T13:20:40.951+02:00,anomaly,19,0,-2.0509,-23.73,1,1221
2026-08-28T13:21:10.951+02:00,anomaly,20,0,-1.9927,-29.21,1,1288
2026-08-28T13:21:40.952+02:00,anomaly,21,0,-2.0227,-26.45,1,1232
2026-08-28T13:22:10.951+02:00,anomaly,22,0,-2.6965,-38.35,1,1238
2026-08-28T13:22:40.951+02:00,anomaly,23,0,-1.9478,-32.76,1,1273
2026-08-28T13:23:10.952+02:00,anomaly,24,0,-2.1169,-27.55,1,1135
2026-08-28T13:23:40.954+02:00,anomaly,25,0,-1.7759,-30.56,1,1223
2026-08-28T13:24:10.955+02:00,anomaly,26,0,-1.8309,-31.88,1,1262
2026-08-28T13:24:40.954+02:00,anomaly,27,0,-1.9962,-40.93,1,1225
2026-08-28T13:25:10.954+02:00,anomaly,28,0,-2.1854,-19.58,1,1243
2026-08-28T13:25:40.954+02:00,anomaly,29,0,-2.2102,-26.46,1,1267
2026-08-28T13:26:10.956+02:00,anomaly,30,0,-1.9584,-21.69,1,1230
2026-08-28T13:26:40.955+02:00,anomaly,31,0,-1.9375,-23.4,1,1247
2026-08-28T13:27:10.956+02:00,anomaly,32,0,-1.9243,-24.28,1,1231
2026-08-28T13:27:40.955+02:00,anomaly,33,0,-2.2687,-22.65,1,1255
2026-08-28T13:28:10.955+02:00,anomaly,34,0,-2.1866,-19.2,1,1269
2026-08-28T13:28:40.960+02:00,anomaly,35,0,-2.1411,-27.13,1,1261
2026-08-28T13:29:10.959+02:00,anomaly,36,0,-1.8673,-28.0,1,1241
2026-08-28T13:29:40.966+02:00,anomaly,37,0,-2.0223,-21.28,1,1249
2026-08-28T13:30:10.962+02:00,anomaly,38,0,-2.1767,-20.1,1,1247
2026-08-28T13:30:40.959+02:00,anomaly,39,0,-2.0864,-20.91,1,1373
2026-08-28T13:31:10.958+02:00,anomaly,40,0,-1.9949,-24.28,1,1264
2026-08-28T13:31:40.960+02:00,anomaly,41,0,-2.0704,-24.8,1,1235
2026-08-28T13:32:10.960+02:00,anomaly,42,0,-2.2039,-21.45,1,1240
2026-08-28T13:32:40.961+02:00,anomaly,43,0,-1.9971,-26.65,1,1250
2026-08-28T13:33:10.959+02:00,anomaly,44,0,-1.8298,-22.66,1,1274
2026-08-28T13:33:40.962+02:00,anomaly,45,0,-2.0687,-22.7,1,1260
2026-08-28T13:34:10.967+02:00,anomaly,46,0,-2.206,-24.74,1,1244
2026-08-28T13:34:40.963+02:00,anomaly,47,0,-1.9921,-31.58,1,1274
2026-08-28T13:35:10.968+02:00,anomaly,48,0,-1.8605,-25.83,1,1238
2026-08-28T13:35:40.961+02:00,anomaly,49,0,-1.9846,-20.56,1,1270
2026-08-28T13:36:10.963+02:00,anomaly,50,0,-2.1521,-26.84,1,1235
2026-08-28T13:36:40.963+02:00,anomaly,51,0,-1.921,-31.9,1,1251
2026-08-28T13:37:10.962+02:00,anomaly,52,0,-1.8409,-22.37,1,1260
2026-08-28T13:37:40.964+02:00,anomaly,53,0,-2.2112,-32.45,1,1227
2026-08-28T13:38:10.964+02:00,anomaly,54,0,-2.5295,-34.35,1,1261
2026-08-28T13:38:40.972+02:00,anomaly,55,0,-2.1941,-25.85,1,1241
2026-08-28T13:39:10.964+02:00,anomaly,56,0,-2.2909,-27.57,1,1327
2026-08-28T13:39:40.965+02:00,anomaly,57,0,-1.9857,-25.21,1,1283
2026-08-28T13:40:10.965+02:00,anomaly,58,0,-1.9621,-32.18,1,1271
2026-08-28T13:40:40.965+02:00,anomaly,59,0,-1.7656,-34.95,1,1282
2026-08-28T13:41:10.966+02:00,anomaly,60,0,-2.1472,-34.13,1,1271
2026-08-28T13:41:40.968+02:00,anomaly,61,0,-1.8838,-29.21,1,1242
2026-08-28T13:42:10.970+02:00,not_evaluable,61,0,0.0,0.0,0,12
2026-08-28T13:42:40.967+02:00,not_evaluable,61,0,0.0,0.0,0,10
2026-08-28T13:43:10.967+02:00,not_evaluable,61,0,0.0,0.0,0,13
2026-08-28T13:43:40.967+02:00,not_evaluable,61,0,0.0,0.0,0,10
2026-08-28T13:44:10.968+02:00,not_evaluable,61,0,0.0,0.0,0,13
2026-08-28T13:44:40.970+02:00,not_evaluable,61,0,0.0,0.0,0,14
2026-08-28T13:45:10.972+02:00,not_evaluable,61,0,0.0,0.0,0,14
2026-08-28T13:45:40.971+02:00,not_evaluable,61,0,0.0,0.0,0,14
2026-08-28T13:46:10.974+02:00,not_evaluable,61,0,0.0,0.0,0,14
2026-08-28T13:46:40.971+02:00,not_evaluable,61,0,0.0,0.0,0,13
2026-08-28T13:47:10.970+02:00,not_evaluable,61,0,0.0,0.0,0,12
2026-08-28T13:47:40.971+02:00,not_evaluable,61,0,0.0,0.0,0,14
2026-08-28T13:48:10.974+02:00,not_evaluable,61,0,0.0,0.0,0,14
2026-08-28T13:48:40.973+02:00,not_evaluable,61,0,0.0,0.0,0,14
2026-08-28T13:49:10.977+02:00,not_evaluable,61,0,0.0,0.0,0,14
2026-08-28T13:49:40.980+02:00,not_evaluable,61,0,0.0,0.0,0,13
2026-08-28T13:50:10.973+02:00,not_evaluable,61,0,0.0,0.0,0,14
2026-08-28T13:50:40.975+02:00,not_evaluable,61,0,0.0,0.0,0,14
2026-08-28T13:51:10.973+02:00,not_evaluable,61,0,0.0,0.0,0,14
2026-08-28T13:51:40.975+02:00,not_evaluable,61,0,0.0,0.0,0,14
2026-08-28T13:52:10.976+02:00,not_evaluable,61,0,0.0,0.0,0,14
2026-08-28T13:52:40.974+02:00,not_evaluable,61,0,0.0,0.0,0,13
2026-08-28T13:53:10.976+02:00,not_evaluable,61,0,0.0,0.0,0,13
2026-08-28T13:53:40.975+02:00,not_evaluable,61,0,0.0,0.0,0,14
2026-08-28T13:54:10.977+02:00,not_evaluable,61,0,0.0,0.0,0,13
2026-08-28T13:54:40.979+02:00,not_evaluable,61,0,0.0,0.0,0,13
2026-08-28T13:55:10.977+02:00,not_evaluable,61,0,0.0,0.0,0,14
2026-08-28T13:55:40.977+02:00,not_evaluable,61,0,0.0,0.0,0,14
2026-08-28T13:56:10.979+02:00,not_evaluable,61,0,0.0,0.0,0,14
2026-08-28T13:56:40.979+02:00,not_evaluable,61,0,0.0,0.0,0,14
2026-08-28T13:57:10.978+02:00,not_evaluable,61,0,0.0,0.0,0,15
2026-08-28T13:57:40.978+02:00,not_evaluable,61,0,0.0,0.0,0,11
2026-08-28T13:58:10.980+02:00,not_evaluable,61,0,0.0,0.0,0,14
2026-08-28T13:58:40.980+02:00,not_evaluable,61,0,0.0,0.0,0,14
2026-08-28T13:59:10.981+02:00,not_evaluable,61,0,0.0,0.0,0,11
2026-08-28T13:59:40.982+02:00,not_evaluable,61,0,0.0,0.0,0,14
2026-08-28T14:00:10.980+02:00,not_evaluable,61,0,0.0,0.0,0,14
2026-08-28T14:00:40.982+02:00,not_evaluable,61,0,0.0,0.0,0,13
2026-08-28T14:01:10.984+02:00,not_evaluable,61,0,0.0,0.0,0,11
2026-08-28T14:01:40.998+02:00,not_evaluable,61,0,0.0,0.0,0,14
2026-08-28T14:02:10.985+02:00,not_evaluable,61,0,0.0,0.0,0,15
2026-08-28T14:02:40.989+02:00,not_evaluable,61,0,0.0,0.0,0,14
2026-08-28T14:03:10.984+02:00,not_evaluable,61,0,0.0,0.0,0,14
2026-08-28T14:03:40.989+02:00,not_evaluable,61,0,0.0,0.0,0,14
2026-08-28T14:04:10.987+02:00,not_evaluable,61,0,0.0,0.0,0,14
2026-08-28T14:04:40.994+02:00,not_evaluable,61,0,0.0,0.0,0,13
2026-08-28T14:05:10.987+02:00,not_evaluable,61,0,0.0,0.0,0,14
2026-08-28T14:05:40.985+02:00,not_evaluable,61,0,0.0,0.0,0,11
2026-08-28T14:06:10.985+02:00,not_evaluable,61,0,0.0,0.0,0,14
2026-08-28T14:06:40.987+02:00,not_evaluable,61,0,0.0,0.0,0,9
2026-08-28T14:07:10.986+02:00,not_evaluable,61,0,0.0,0.0,0,14
2026-08-28T14:07:40.988+02:00,not_evaluable,61,0,0.0,0.0,0,14
2026-08-28T14:08:10.988+02:00,not_evaluable,61,0,0.0,0.0,0,14
2026-08-28T14:08:40.987+02:00,not_evaluable,61,0,0.0,0.0,0,11
2026-08-28T14:09:10.988+02:00,not_evaluable,61,0,0.0,0.0,0,11
2026-08-28T14:09:40.989+02:00,not_evaluable,61,0,0.0,0.0,0,14
2026-08-28T14:10:10.990+02:00,not_evaluable,61,0,0.0,0.0,0,14
2026-08-28T14:10:40.989+02:00,not_evaluable,61,0,0.0,0.0,0,14
2026-08-28T14:11:10.990+02:00,not_evaluable,61,0,0.0,0.0,0,11
2026-08-28T14:11:40.991+02:00,not_evaluable,61,0,0.0,0.0,0,9
2026-08-28T14:12:10.990+02:00,not_evaluable,61,0,0.0,0.0,0,12
2026-08-28T14:12:40.990+02:00,not_evaluable,61,0,0.0,0.0,0,13
2026-08-28T14:13:10.990+02:00,not_evaluable,61,0,0.0,0.0,0,12
2026-08-28T14:13:40.992+02:00,not_evaluable,61,0,0.0,0.0,0,14
2026-08-28T14:14:10.991+02:00,not_evaluable,61,0,0.0,0.0,0,11
2026-08-28T14:14:40.992+02:00,not_evaluable,61,0,0.0,0.0,0,14
2026-08-28T14:15:10.992+02:00,not_evaluable,61,0,0.0,0.0,0,13
2026-08-28T14:15:40.996+02:00,not_evaluable,61,0,0.0,0.0,0,14
2026-08-28T14:16:10.996+02:00,not_evaluable,61,0,0.0,0.0,0,14
2026-08-28T14:16:40.997+02:00,not_evaluable,61,0,0.0,0.0,0,14
2026-08-28T14:17:10.996+02:00,not_evaluable,61,0,0.0,0.0,0,14
2026-08-28T14:17:41.000+02:00,not_evaluable,61,0,0.0,0.0,0,11
2026-08-28T14:18:10.998+02:00,not_evaluable,61,0,0.0,0.0,0,13
2026-08-28T14:18:41.000+02:00,not_evaluable,61,0,0.0,0.0,0,14
2026-08-28T14:19:10.998+02:00,not_evaluable,61,0,0.0,0.0,0,14
2026-08-28T14:19:41.001+02:00,not_evaluable,61,0,0.0,0.0,0,14
2026-08-28T14:20:10.997+02:00,not_evaluable,61,0,0.0,0.0,0,13
2026-08-28T14:20:40.997+02:00,not_evaluable,61,0,0.0,0.0,0,14
2026-08-28T14:21:10.999+02:00,anomaly,62,0,-1.8554,-27.75,1,1373
2026-08-28T14:21:41.000+02:00,anomaly,63,0,-1.6221,-17.3,1,1148
2026-08-28T14:22:10.999+02:00,nominal,0,0,-1.3762,-47.51,1,1283
2026-08-28T14:22:41.001+02:00,nominal,0,0,-1.2417,-7297.93,1,1201
2026-08-28T14:23:10.998+02:00,anomaly,1,0,-8.3601,-2483.65,1,1205
2026-08-28T14:23:40.999+02:00,nominal,0,0,-0.992,-4.84,1,1259
2026-08-28T14:24:11.000+02:00,nominal,0,0,-0.9969,-7.52,1,1200
2026-08-28T14:24:41.002+02:00,nominal,0,0,-1.1111,-5.38,1,1215
2026-08-28T14:25:11.000+02:00,nominal,0,0,-0.9919,-6.4,1,1243
2026-08-28T14:25:41.001+02:00,nominal,0,0,-1.0007,-9.03,1,1210
2026-08-28T14:26:11.001+02:00,nominal,0,0,-1.1307,-11.04,1,1230
2026-08-28T14:26:41.002+02:00,nominal,0,0,-0.9991,-38.83,1,1216
