ts,vib_fs,vib_n,ms_capture,ms_total,failed_bursts,bad_frames,retries,total_retries,cont_rejects,total_cont_rejects,unpublished_bursts,rms_x,rms_y,rms_z,peak_x,peak_y,peak_z,kurt_x,kurt_y,kurt_z,fdom_x,fdom_y,fdom_z,adom_x,adom_y,adom_z,f2_x,f2_y,f2_z,a2_x,a2_y,a2_z,f3_x,f3_y,f3_z,a3_x,a3_y,a3_z,aud_fs,aud_n,aud_rms,aud_b0,aud_b1,aud_b2,aud_b3
2026-08-28T00:00:10.320+02:00,1000,1024,1024,1056,44,336,2,2916,0,244,0,1.1208,0.2248,0.045,1.7303,0.3838,0.1443,1.54,1.559,2.861,49.36,49.37,99.45,1.5745,0.314,0.027,54.82,148.18,49.33,0.0464,0.0379,0.027,44.43,100.55,147.99,0.0425,0.0125,0.0187,16000,1024,365.48,0.6893,0.2807,0.0239,0.0061
2026-08-28T00:00:40.320+02:00,1000,1024,1024,1056,44,336,0,2916,0,244,0,1.1332,0.2411,0.3671,1.7035,0.3985,1.7387,1.534,1.487,4.561,49.43,49.44,475.24,1.6483,0.3404,0.124,148.24,148.43,49.12,0.041,0.0488,0.1184,99.04,99.2,88.85,0.039,0.0291,0.1051,16000,1024,556.81,0.8256,0.1573,0.0133,0.0038
2026-08-28T00:01:10.319+02:00,1000,1024,1024,1056,44,336,0,2916,0,244,0,1.1011,0.229,0.0535,1.6443,0.3874,0.6957,1.535,1.528,57.873,49.38,49.38,49.19,1.6056,0.3292,0.0339,148.16,148.28,98.58,0.0427,0.0391,0.0245,98.85,99.64,198.01,0.0339,0.0174,0.0173,16000,1024,740.44,0.9212,0.0715,0.0063,0.0011
2026-08-28T00:01:40.321+02:00,1000,1024,1024,1056,44,336,0,2916,0,244,0,1.1056,0.2272,0.0483,1.6695,0.3927,0.1533,1.54,1.523,2.754,49.38,49.38,49.51,1.6113,0.3306,0.041,148.19,147.99,148.12,0.0476,0.0384,0.0244,98.8,99.62,98.55,0.0326,0.022,0.0224,16000,1024,526.45,0.8676,0.1076,0.0193,0.0055
2026-08-28T00:02:10.320+02:00,1000,1024,1024,1056,44,336,1,2917,0,244,0,1.1353,0.2286,0.2948,1.7266,0.4036,1.5608,1.541,1.516,8.273,49.36,49.36,12.28,1.6082,0.321,0.1632,44.77,147.93,350.93,0.0564,0.036,0.1039,39.68,99.13,305.38,0.0523,0.0189,0.0959,16000,1024,928.61,0.9474,0.0475,0.0039,0.0011
2026-08-28T00:02:40.320+02:00,1000,1024,1024,1056,44,337,0,2917,0,244,0,1.1934,0.218,0.049,1.8196,0.372,0.1657,1.545,1.506,2.841,49.32,49.32,49.38,1.7506,0.318,0.0476,148.04,147.93,99.0,0.0502,0.0323,0.0281,98.42,100.23,148.12,0.0285,0.0159,0.0189,16000,1024,767.81,0.8826,0.1035,0.0109,0.0031
2026-08-28T00:03:10.325+02:00,1000,1024,1024,1056,44,337,0,2917,0,244,0,1.2203,0.2156,0.1121,1.8681,0.3537,1.3627,1.54,1.489,59.987,49.33,49.32,4.46,1.7914,0.3138,0.0528,147.99,147.93,49.32,0.0513,0.0337,0.0536,98.57,100.18,280.62,0.0366,0.0175,0.0361,16000,1024,540.28,0.6251,0.3534,0.0176,0.0039
2026-08-28T00:03:40.322+02:00,1000,1024,1024,1056,44,337,0,2917,0,244,0,1.2439,0.2155,0.1516,1.8925,0.3714,0.6766,1.541,1.476,13.181,49.32,49.31,49.5,1.83,0.3094,0.0421,147.97,148.01,1.46,0.0563,0.0357,0.0415,98.56,99.27,495.51,0.0368,0.0148,0.0343,16000,1024,640.44,0.8881,0.1016,0.0077,0.0026
2026-08-28T00:04:10.325+02:00,1000,1024,1024,1056,44,337,0,2917,0,244,0,1.2616,0.2151,0.1722,1.9129,0.3757,0.6767,1.544,1.47,9.681,49.2,49.2,20.06,1.8081,0.304,0.0578,147.52,147.38,152.46,0.0502,0.0305,0.0516,53.43,99.33,132.49,0.043,0.0222,0.049,16000,1024,520.3,0.6745,0.299,0.0218,0.0047
2026-08-28T00:04:40.322+02:00,1000,1024,1024,1056,44,337,0,2917,0,244,0,1.2737,0.2179,0.2462,1.901,0.408,1.3489,1.542,1.469,11.943,49.29,49.29,8.49,1.8736,0.3191,0.1163,147.86,147.74,15.14,0.0582,0.0377,0.1085,98.59,99.26,77.05,0.038,0.0246,0.0779,16000,1024,660.84,0.865,0.1237,0.008,0.0033
2026-08-28T00:05:10.322+02:00,1000,1024,1024,1056,44,337,0,2917,0,244,0,1.3028,0.206,0.1913,2.5768,0.3678,1.6849,1.558,1.48,36.394,49.28,49.28,49.4,1.8993,0.2993,0.0623,147.83,147.83,98.69,0.0633,0.0327,0.0394,98.42,99.06,43.11,0.0386,0.0186,0.0304,16000,1024,512.53,0.7993,0.1763,0.0191,0.0053
2026-08-28T00:05:40.324+02:00,1000,1024,1024,1056,44,337,0,2917,0,244,0,1.3258,0.2101,0.0579,1.999,0.3703,0.1699,1.536,1.459,2.8,49.27,49.27,49.29,1.929,0.3021,0.0637,147.8,147.94,99.0,0.064,0.0369,0.0353,98.51,100.12,147.75,0.038,0.0171,0.0175,16000,1024,493.23,0.7009,0.2782,0.0147,0.0061
2026-08-28T00:06:10.324+02:00,1000,1024,1024,1056,44,337,0,2917,0,244,0,1.2992,0.2091,0.1316,2.2285,0.3449,1.5389,1.549,1.464,46.132,49.19,49.19,49.13,1.8792,0.299,0.0745,147.56,147.77,3.85,0.0619,0.0351,0.0528,98.32,99.97,98.87,0.034,0.0185,0.0468,16000,1024,620.26,0.7952,0.1829,0.0168,0.0051
2026-08-28T00:06:40.323+02:00,1000,1024,1024,1056,44,337,0,2917,0,244,0,1.3033,0.2105,0.1448,1.9307,0.3722,0.7183,1.535,1.462,14.199,49.23,49.23,69.37,1.8916,0.3009,0.0422,147.62,147.55,49.04,0.064,0.0374,0.0412,98.38,99.51,123.5,0.0383,0.0187,0.0482,16000,1024,521.94,0.6883,0.2965,0.0108,0.0044
2026-08-28T00:07:10.324+02:00,1000,1024,1024,1056,44,337,0,2917,0,244,0,1.3224,0.2225,0.3318,1.9733,0.4066,1.5629,1.532,1.437,4.931,49.22,49.2,142.44,1.9191,0.3123,0.1239,147.61,147.67,392.49,0.0632,0.0386,0.1061,98.51,98.8,151.58,0.0406,0.0276,0.1077,16000,1024,456.24,0.6116,0.3633,0.0198,0.0053
2026-08-28T00:07:40.327+02:00,1000,1024,1024,1056,44,337,0,2917,0,244,0,1.3328,0.2068,0.0593,2.025,0.3577,0.207,1.539,1.446,2.77,49.22,49.22,49.24,1.94,0.2973,0.066,147.61,147.6,147.5,0.0661,0.0355,0.0241,98.63,99.67,98.27,0.0375,0.0218,0.0256,16000,1024,495.51,0.7188,0.2608,0.0158,0.0046
2026-08-28T00:08:10.326+02:00,1000,1024,1024,1056,44,337,0,2917,0,244,0,1.3561,0.2051,0.0924,2.029,0.3449,0.7073,1.54,1.444,25.901,49.2,49.21,49.29,1.9675,0.2959,0.0625,147.61,147.53,147.82,0.0691,0.0348,0.0291,98.4,99.96,100.56,0.0397,0.0166,0.021,16000,1024,501.42,0.8553,0.124,0.0169,0.0039
2026-08-28T00:08:40.326+02:00,1000,1024,1024,1056,44,337,0,2917,0,244,0,1.3638,0.215,0.3164,2.0607,0.3927,1.5774,1.536,1.475,7.86,49.19,49.2,5.44,1.9649,0.3046,0.1275,147.57,147.66,446.45,0.067,0.0434,0.0946,98.37,99.22,376.07,0.0401,0.0226,0.0923,16000,1024,795.72,0.8919,0.099,0.0062,0.0029
2026-08-28T00:09:10.325+02:00,1000,1024,1024,1056,44,337,0,2917,0,244,0,1.3583,0.2053,0.0582,2.0255,0.3528,0.1769,1.537,1.436,2.764,49.18,49.19,49.2,1.9609,0.2919,0.0607,147.55,147.46,98.37,0.0675,0.0428,0.0242,98.26,99.89,147.47,0.0378,0.0154,0.0204,16000,1024,1697.27,0.9294,0.0606,0.0074,0.0025
2026-08-28T00:09:40.325+02:00,1000,1024,1024,1056,44,337,0,2917,0,244,0,1.3675,0.2092,0.2139,2.0707,0.3613,1.3268,1.54,1.441,12.772,49.17,49.19,10.37,1.9812,0.2978,0.0791,147.47,147.5,5.19,0.0688,0.0378,0.0724,98.39,99.71,475.36,0.0446,0.0214,0.0705,16000,1024,461.69,0.6616,0.3084,0.0227,0.0073
2026-08-28T00:10:40.326+02:00,1000,1024,1024,1056,45,337,0,2918,0,244,0,1.4243,0.2029,0.0655,2.1742,0.3468,0.2137,1.537,1.451,2.675,49.19,49.2,49.23,2.0575,0.2885,0.0759,147.53,147.46,98.57,0.0738,0.0439,0.0267,98.31,99.95,147.73,0.0387,0.0181,0.019,16000,1024,683.21,0.8972,0.0933,0.0077,0.0018
2026-08-28T00:11:10.329+02:00,1000,1024,1024,1056,45,337,0,2918,0,244,0,1.4272,0.2041,0.0606,2.1803,0.3495,0.2069,1.542,1.45,2.78,49.17,49.18,49.19,2.0516,0.2886,0.0695,147.51,147.58,98.52,0.0739,0.0458,0.0286,98.28,100.13,147.61,0.0424,0.0199,0.0232,16000,1024,501.43,0.7951,0.1859,0.0129,0.0062
2026-08-28T00:11:40.328+02:00,1000,1024,1024,1056,45,337,0,2918,0,244,0,1.4634,0.2036,0.1043,2.2637,0.3353,1.0454,1.536,1.47,34.878,49.08,49.08,49.14,2.0669,0.2838,0.0694,147.23,147.23,98.05,0.0735,0.0446,0.0281,43.46,100.01,110.83,0.0338,0.0242,0.0231,16000,1024,1210.52,0.8994,0.0937,0.0057,0.0012
2026-08-28T00:12:10.327+02:00,1000,1024,1024,1056,45,337,1,2919,0,244,0,1.4668,0.2171,0.3466,2.2169,0.3884,1.2869,1.539,1.46,4.272,49.15,49.15,341.4,2.0014,0.2882,0.1258,35.55,147.34,391.13,0.134,0.0471,0.1371,29.79,99.12,453.0,0.1259,0.0321,0.1133,16000,1024,448.97,0.8609,0.1143,0.0197,0.0051
2026-08-28T00:12:40.329+02:00,1000,1024,1024,1056,45,337,0,2919,0,244,0,1.4759,0.2235,0.3864,2.2047,0.4024,1.5158,1.539,1.435,4.54,49.17,49.16,156.32,2.1309,0.312,0.1339,147.49,147.44,90.66,0.0818,0.0496,0.1294,98.26,196.56,5.0,0.0427,0.0213,0.1235,16000,1024,681.0,0.6937,0.2787,0.0206,0.007
2026-08-28T00:13:10.330+02:00,1000,1024,1024,1056,45,337,0,2919,0,244,0,1.5267,0.204,0.0687,2.293,0.3454,0.1913,1.534,1.44,2.461,49.14,49.14,49.15,2.1906,0.2894,0.0831,147.38,147.47,98.01,0.0811,0.0482,0.03,98.22,99.86,147.43,0.0457,0.0162,0.0197,16000,1024,651.36,0.7848,0.1912,0.019,0.0051
2026-08-28T00:13:40.329+02:00,1000,1024,1024,1056,45,337,0,2919,0,244,0,1.518,0.2049,0.0664,2.2851,0.3397,0.1859,1.536,1.436,2.49,49.09,49.09,49.11,2.1695,0.2866,0.0784,147.27,147.28,147.17,0.0823,0.0438,0.0242,98.16,99.51,98.27,0.0498,0.018,0.0224,16000,1024,457.92,0.7955,0.1758,0.0225,0.0063
2026-08-28T00:14:10.330+02:00,1000,1024,1024,1056,45,337,0,2919,0,244,0,1.5315,0.2075,0.0664,2.2725,0.3469,0.173,1.532,1.432,2.394,49.17,49.17,49.15,2.2046,0.2937,0.0788,147.45,147.53,147.43,0.0832,0.0476,0.0265,98.41,99.97,98.71,0.0448,0.0199,0.0238,16000,1024,725.29,0.9404,0.0483,0.0085,0.0028
2026-08-28T00:14:40.332+02:00,1000,1024,1024,1056,45,337,0,2919,0,244,0,1.5549,0.205,0.1777,2.3754,0.3528,0.7827,1.539,1.471,9.063,49.16,49.15,138.46,2.2449,0.2909,0.0685,147.46,147.57,339.4,0.0829,0.0476,0.0705,98.36,99.62,497.85,0.0463,0.022,0.066,16000,1024,442.0,0.7781,0.1791,0.0304,0.0123
2026-08-28T00:15:10.330+02:00,1000,1024,1024,1056,45,337,0,2919,0,244,0,1.5873,0.202,0.1788,2.9151,0.3349,1.6105,1.545,1.455,34.536,49.07,49.08,49.05,2.2501,0.2833,0.1095,147.27,147.26,2.33,0.0826,0.0444,0.0721,54.2,99.89,13.25,0.0333,0.0137,0.0559,16000,1024,762.04,0.8278,0.1527,0.0165,0.003
2026-08-28T00:15:40.331+02:00,1000,1024,1024,1056,45,337,0,2919,0,244,0,1.6109,0.2047,0.0741,2.4067,0.3563,0.2091,1.533,1.468,2.397,49.17,49.17,49.16,2.3232,0.2905,0.09,147.47,147.44,98.63,0.088,0.0487,0.029,98.24,100.11,147.49,0.0472,0.0204,0.02,16000,1024,736.48,0.9305,0.0609,0.0076,0.0011
2026-08-28T00:16:10.332+02:00,1000,1024,1024,1056,45,337,0,2919,0,244,0,1.6452,0.2133,0.2699,2.4803,0.3745,1.3018,1.544,1.475,6.693,49.17,49.19,6.53,2.37,0.301,0.0874,147.49,147.49,49.05,0.0925,0.0507,0.0816,98.23,100.03,284.08,0.0523,0.0185,0.0763,16000,1024,599.0,0.7716,0.2027,0.0211,0.0047
2026-08-28T00:16:40.332+02:00,1000,1024,1024,1056,45,337,0,2919,0,244,0,1.6387,0.2133,0.2869,2.4625,0.3856,1.6325,1.54,1.478,9.775,49.16,49.17,291.82,2.3738,0.2998,0.0782,147.42,147.34,429.79,0.0882,0.0464,0.0729,98.38,99.59,337.13,0.0505,0.0241,0.071,16000,1024,734.77,0.8323,0.1472,0.0168,0.0038
2026-08-28T00:17:10.331+02:00,1000,1024,1024,1056,45,337,0,2919,0,244,0,1.6689,0.2027,0.1784,3.0081,0.3591,1.7478,1.546,1.477,39.177,49.15,49.14,49.15,2.409,0.2868,0.1075,147.44,147.46,2.98,0.1008,0.0515,0.0525,98.1,100.11,98.88,0.0357,0.0245,0.0503,16000,1024,652.46,0.8133,0.1667,0.0159,0.0041
2026-08-28T00:17:40.332+02:00,1000,1024,1024,1056,45,337,0,2919,0,244,0,1.6748,0.2039,0.0831,2.4756,0.343,0.5523,1.532,1.472,5.701,49.16,49.16,49.17,2.4143,0.2888,0.1002,147.42,147.48,147.28,0.0944,0.0512,0.035,98.16,100.1,98.54,0.0509,0.0177,0.0258,16000,1024,420.87,0.7383,0.227,0.0283,0.0064
2026-08-28T00:18:10.335+02:00,1000,1024,1024,1056,45,337,0,2919,0,244,0,1.7008,0.2073,0.1791,2.5478,0.3727,0.7505,1.534,1.478,8.853,49.06,49.04,169.67,2.4112,0.2876,0.0724,147.08,147.15,48.9,0.0975,0.0463,0.0624,53.5,99.29,333.23,0.0602,0.0171,0.0552,16000,1024,646.47,0.8785,0.1071,0.0123,0.0021
2026-08-28T00:18:40.334+02:00,1000,1024,1024,1056,45,337,0,2919,0,244,0,1.7163,0.2039,0.0944,2.5646,0.3463,0.8094,1.534,1.461,16.604,49.18,49.17,49.18,2.4827,0.2913,0.0954,147.49,147.45,147.53,0.0934,0.053,0.0316,98.46,99.84,98.47,0.0494,0.0189,0.0225,16000,1024,625.33,0.7368,0.2377,0.0221,0.0033
2026-08-28T00:19:10.335+02:00,1000,1024,1024,1056,45,337,0,2919,0,244,0,1.7471,0.2006,0.192,3.0292,0.3636,2.0362,1.531,1.462,35.29,49.07,49.08,49.1,2.4736,0.2802,0.1209,147.14,147.14,3.9,0.101,0.05,0.0631,54.67,99.62,8.47,0.0493,0.0198,0.0488,16000,1024,570.75,0.8264,0.1504,0.0193,0.0038
2026-08-28T00:19:40.333+02:00,1000,1024,1024,1056,45,337,0,2919,0,244,0,1.7192,0.2208,0.3762,2.5588,0.4078,1.8127,1.539,1.482,4.956,49.15,49.17,49.54,2.4811,0.3133,0.1457,147.4,147.35,468.02,0.097,0.0535,0.133,98.32,99.08,57.06,0.0463,0.0292,0.1345,16000,1024,718.7,0.8238,0.1599,0.014,0.0023
2026-08-28T00:20:10.343+02:00,1000,1024,1024,1056,45,337,0,2919,0,244,0,1.7837,0.216,0.3351,2.6722,0.3836,1.5855,1.531,1.472,6.409,49.17,49.16,10.22,2.5721,0.3044,0.1381,147.44,147.41,364.48,0.099,0.0603,0.1176,98.38,99.68,354.2,0.0484,0.0178,0.1081,16000,1024,608.64,0.8745,0.1082,0.0147,0.0026
2026-08-28T00:20:40.338+02:00,1000,1024,1024,1056,45,337,0,2919,0,244,0,1.7838,0.2033,0.0838,2.6633,0.3424,0.2171,1.532,1.483,2.31,49.16,49.15,49.13,2.579,0.2885,0.1064,147.42,147.44,98.49,0.0989,0.0536,0.0311,98.39,99.9,147.63,0.051,0.0233,0.0307,16000,1024,683.11,0.8515,0.1292,0.0155,0.0037
2026-08-28T00:21:10.335+02:00,1000,1024,1024,1056,45,337,0,2919,0,244,0,1.8414,0.2096,0.1842,2.7377,0.3751,0.7636,1.529,1.489,7.979,49.2,49.18,49.16,2.6693,0.297,0.071,147.57,147.7,162.02,0.1024,0.0595,0.0659,98.28,100.32,32.22,0.0511,0.0205,0.0554,16000,1024,629.68,0.7873,0.1892,0.0212,0.0022
2026-08-28T00:21:40.336+02:00,1000,1024,1024,1056,45,337,0,2919,0,244,0,1.8366,0.2061,0.0929,2.7458,0.3609,0.7458,1.531,1.48,9.651,49.17,49.17,49.17,2.6511,0.2945,0.1103,147.47,147.47,98.31,0.0976,0.0567,0.0252,98.39,99.82,147.5,0.0529,0.0182,0.0216,16000,1024,725.36,0.7535,0.2198,0.0229,0.0038
2026-08-28T00:22:10.335+02:00,1000,1024,1024,1056,45,337,1,2920,0,244,0,1.8363,0.2122,0.2963,2.7285,0.4105,1.566,1.529,1.52,9.658,49.12,49.12,10.7,2.5972,0.2923,0.1125,147.39,147.38,20.18,0.0985,0.0526,0.091,43.05,99.79,59.73,0.0593,0.0247,0.0865,16000,1024,908.47,0.8197,0.1611,0.0169,0.0023
2026-08-28T00:22:40.345+02:00,1000,1024,1024,1056,45,337,1,2921,1,245,0,1.8781,0.2048,0.0931,2.8129,0.3731,0.2357,1.524,1.467,2.226,49.18,49.17,49.21,2.7048,0.2899,0.1187,147.46,147.58,98.39,0.0995,0.0582,0.0315,98.35,99.99,147.66,0.0519,0.0211,0.031,16000,1024,519.55,0.5936,0.354,0.046,0.0063
2026-08-28T00:23:10.336+02:00,1000,1024,1024,1056,45,337,0,2921,0,245,0,1.8524,0.2038,0.087,2.7529,0.3465,0.2451,1.533,1.447,2.185,49.07,49.06,49.08,2.6458,0.2844,0.1106,147.16,147.07,97.96,0.0928,0.0541,0.0338,98.31,99.78,147.05,0.0577,0.022,0.0298,16000,1024,596.86,0.7865,0.1696,0.04,0.004
2026-08-28T00:23:40.342+02:00,1000,1024,1024,1056,45,337,3,2924,0,245,0,1.879,0.2043,0.096,2.7812,0.3518,0.7888,1.523,1.5,10.535,49.21,49.2,49.2,2.3589,0.2529,0.1005,23.02,147.57,147.64,0.3434,0.0488,0.0357,44.43,23.66,98.45,0.2837,0.0354,0.0327,16000,1024,567.02,0.5681,0.3542,0.0717,0.006
2026-08-28T00:24:10.338+02:00,1000,1024,1024,1056,45,337,0,2924,0,245,0,1.8929,0.2046,0.0893,2.7887,0.349,0.2254,1.524,1.484,2.17,49.18,49.18,49.19,2.7278,0.2936,0.1168,147.49,147.45,147.47,0.0989,0.0532,0.0303,98.41,99.9,98.11,0.0533,0.0232,0.0287,16000,1024,706.77,0.8298,0.1318,0.0351,0.0032
2026-08-28T00:24:40.338+02:00,1000,1024,1024,1056,45,337,0,2924,0,245,0,1.8926,0.2074,0.0915,2.7881,0.3499,0.2197,1.522,1.477,2.072,49.16,49.16,49.17,2.7279,0.2976,0.1198,147.44,147.36,147.4,0.0975,0.0554,0.0287,98.29,100.17,98.26,0.0537,0.0191,0.0258,16000,1024,633.93,0.7698,0.1845,0.0427,0.003
2026-08-28T00:25:10.338+02:00,1000,1024,1024,1056,45,337,0,2924,0,245,0,1.88,0.2049,0.0881,2.7905,0.3516,0.2084,1.527,1.478,2.166,49.14,49.15,49.11,2.7045,0.2901,0.1143,147.42,147.44,147.28,0.0988,0.0555,0.0306,98.16,100.07,98.6,0.0648,0.0157,0.0289,16000,1024,539.16,0.7585,0.1864,0.0519,0.0033
2026-08-28T00:25:40.339+02:00,1000,1024,1024,1056,45,337,0,2924,0,245,0,1.9426,0.2081,0.1332,2.8868,0.3462,1.9739,1.527,1.482,77.47,49.17,49.17,49.15,2.8135,0.2942,0.12,147.45,147.52,98.68,0.0978,0.0574,0.0316,98.32,100.08,147.68,0.058,0.0242,0.029,16000,1024,635.55,0.7539,0.1912,0.0511,0.0038
2026-08-28T00:26:10.340+02:00,1000,1024,1024,1056,45,337,0,2924,0,245,0,1.952,0.2228,0.3666,2.8878,0.4157,1.5567,1.522,1.479,4.759,49.16,49.16,196.89,2.8133,0.3134,0.1417,147.4,147.57,325.52,0.096,0.0555,0.1204,98.28,295.06,126.93,0.0563,0.0228,0.1108,16000,1024,669.02,0.7321,0.2243,0.0409,0.0026
2026-08-28T00:26:40.340+02:00,1000,1024,1024,1056,45,337,0,2924,0,245,0,1.9407,0.2229,0.3817,2.8827,0.415,1.5614,1.52,1.512,4.712,49.15,49.15,48.62,2.7899,0.3151,0.1627,147.37,147.58,342.3,0.1,0.0562,0.1301,98.26,100.44,131.58,0.0518,0.0235,0.1199,16000,1024,1320.22,0.8444,0.1211,0.0325,0.0019
2026-08-28T00:27:10.340+02:00,1000,1024,1024,1056,45,337,1,2925,0,245,0,1.9581,0.2089,0.0976,2.9251,0.3647,0.2371,1.52,1.487,1.992,49.03,49.03,49.01,2.7513,0.2899,0.1219,147.04,147.11,98.09,0.1034,0.055,0.0341,53.51,99.74,147.07,0.0757,0.0206,0.0306,16000,1024,612.36,0.6741,0.2612,0.0605,0.0041
2026-08-28T00:27:40.341+02:00,1000,1024,1024,1056,45,337,0,2925,0,245,0,1.9653,0.2251,0.3872,2.9209,0.4305,1.808,1.528,1.478,4.653,49.15,49.15,163.15,2.8383,0.3188,0.1465,147.38,147.56,3.0,0.097,0.0598,0.1243,98.3,99.92,72.52,0.0564,0.0209,0.1121,16000,1024,704.13,0.786,0.1672,0.0435,0.0033
2026-08-28T00:28:10.340+02:00,1000,1024,1024,1056,45,337,0,2925,0,245,0,2.0173,0.2112,0.0991,2.9592,0.3452,0.2263,1.512,1.466,1.933,49.15,49.15,49.14,2.9003,0.2974,0.1289,147.41,147.46,147.41,0.0985,0.0559,0.0302,98.31,99.93,98.33,0.0543,0.0225,0.0294,16000,1024,568.66,0.6108,0.3133,0.0704,0.0055
2026-08-28T00:28:40.340+02:00,1000,1024,1024,1056,45,337,0,2925,0,245,0,2.0403,0.2126,0.1516,3.0102,0.3838,0.7763,1.522,1.491,10.547,49.18,49.18,49.19,2.9582,0.3009,0.1322,147.49,147.59,245.13,0.096,0.0573,0.0432,98.29,100.15,420.76,0.0596,0.0207,0.0423,16000,1024,680.18,0.6128,0.3303,0.0539,0.003
2026-08-28T00:29:10.342+02:00,1000,1024,1024,1056,45,338,0,2925,0,245,0,2.0404,0.21,0.0989,3.0044,0.37,0.2528,1.52,1.517,1.954,49.16,49.17,49.14,2.9469,0.2989,0.127,147.48,147.38,147.51,0.0978,0.0613,0.0324,98.27,100.06,98.32,0.0583,0.0176,0.0299,16000,1024,560.06,0.4327,0.4934,0.0707,0.0031
2026-08-28T00:29:40.341+02:00,1000,1024,1024,1056,45,339,2,2927,0,245,0,2.0623,0.2152,0.2183,3.0229,0.3897,1.3582,1.515,1.512,8.928,49.17,49.18,49.22,2.9509,0.3035,0.1117,147.48,147.44,12.23,0.094,0.0581,0.0795,98.45,99.83,208.23,0.0587,0.0188,0.0716,16000,1024,771.35,0.8053,0.1684,0.0251,0.0012
2026-08-28T00:30:10.342+02:00,1000,1024,1024,1056,45,339,0,2927,0,245,0,2.0581,0.2144,0.1022,2.9912,0.3612,0.2377,1.509,1.487,1.84,49.17,49.18,49.15,2.9722,0.3036,0.1341,147.48,147.45,147.42,0.0988,0.0589,0.0301,98.38,100.09,98.36,0.0538,0.0203,0.0245,16000,1024,1054.32,0.856,0.1259,0.0172,0.0009
2026-08-28T00:30:40.343+02:00,1000,1024,1024,1056,45,339,0,2927,0,245,0,0.0239,0.0214,0.0302,0.1148,0.0859,0.0945,3.898,2.88,2.617,58.68,67.73,29.73,0.0071,0.0082,0.012,8.65,3.37,81.81,0.0071,0.0081,0.0101,4.25,58.19,240.25,0.0076,0.0062,0.0085,16000,1024,283.41,0.7635,0.1771,0.0525,0.0069
2026-08-28T00:31:10.344+02:00,1000,1024,1024,1056,45,339,0,2927,0,245,0,0.0253,0.0442,0.4262,0.104,0.1397,1.4833,3.564,2.713,3.068,39.88,151.6,151.53,0.0077,0.0178,0.1628,111.46,459.21,459.15,0.0076,0.0141,0.1594,64.76,412.14,103.35,0.0077,0.0126,0.1453,16000,1024,294.09,0.8045,0.1569,0.0353,0.0033
2026-08-28T00:31:40.343+02:00,1000,1024,1024,1056,45,339,0,2927,0,245,0,0.0245,0.0399,0.3867,0.0884,0.1704,1.7714,3.087,3.316,3.736,96.34,219.68,306.11,0.0078,0.0135,0.1422,77.44,452.97,219.54,0.0073,0.0122,0.1209,28.96,291.27,452.72,0.0069,0.0125,0.1233,16000,1024,579.68,0.9791,0.0138,0.0062,0.0008
2026-08-28T00:32:10.343+02:00,1000,1024,1024,1056,45,339,0,2927,0,245,0,0.0235,0.0224,0.0312,0.0678,0.0705,0.1171,2.844,2.902,3.265,166.25,106.54,111.19,0.009,0.0063,0.0098,97.72,15.59,53.34,0.0069,0.0062,0.0097,216.58,42.86,93.19,0.007,0.0058,0.0091,16000,1024,467.79,0.9197,0.0581,0.0207,0.0015
2026-08-28T00:32:40.343+02:00,1000,1024,1024,1056,45,339,2,2929,0,245,0,0.0245,0.0431,0.4104,0.1035,0.1412,1.5116,3.177,2.921,3.448,13.51,150.31,150.28,0.0094,0.013,0.1332,123.58,54.83,177.99,0.0085,0.0124,0.1267,59.84,108.3,54.72,0.0082,0.0123,0.1213,16000,1024,448.86,0.9403,0.0397,0.018,0.0021
2026-08-28T00:33:10.345+02:00,1000,1024,1024,1056,45,339,0,2929,0,245,0,0.0225,0.02,0.0316,0.0719,0.0783,0.1126,2.739,3.437,3.064,128.14,30.43,93.34,0.0087,0.0067,0.0096,165.06,176.6,31.61,0.0069,0.0055,0.0094,183.42,132.47,4.05,0.0065,0.0055,0.0087,16000,1024,373.33,0.9228,0.0566,0.0186,0.0019
2026-08-28T00:33:40.345+02:00,1000,1024,1024,1056,45,340,0,2929,0,245,0,0.0242,0.0373,0.3256,0.0791,0.1603,1.6277,2.816,4.219,6.811,78.89,1.93,5.19,0.008,0.0148,0.1281,151.39,45.38,299.1,0.0073,0.0105,0.1164,34.84,127.92,9.52,0.0067,0.0097,0.0975,16000,1024,604.67,0.9724,0.0196,0.007,0.0009
2026-08-28T00:34:10.346+02:00,1000,1024,1024,1056,45,340,0,2929,0,245,0,0.0235,0.0218,0.0595,0.0696,0.0756,0.734,2.649,3.137,88.385,120.76,77.15,78.98,0.0071,0.0064,0.0159,51.6,95.37,7.52,0.0068,0.0063,0.0152,41.77,69.92,12.41,0.0068,0.0065,0.0154,16000,1024,503.32,0.9286,0.0531,0.0168,0.0014
2026-08-28T00:34:40.350+02:00,1000,1024,1024,1056,45,340,0,2929,0,245,0,0.0237,0.0218,0.0323,0.0739,0.0632,0.1175,2.81,2.731,3.084,100.5,85.15,48.99,0.0079,0.008,0.0112,68.95,12.21,160.03,0.0079,0.0091,0.0099,61.19,103.01,201.41,0.007,0.0067,0.01,16000,1024,923.01,0.9694,0.022,0.0075,0.0011
2026-08-28T00:35:10.348+02:00,1000,1024,1024,1056,45,340,0,2929,0,245,0,0.0228,0.0222,0.0575,0.0765,0.0906,0.7199,2.878,3.403,92.527,107.7,49.79,84.58,0.0071,0.0062,0.0158,147.65,18.73,33.12,0.0068,0.0061,0.0114,24.01,150.35,224.8,0.0066,0.0057,0.0112,16000,1024,298.02,0.9049,0.0516,0.0409,0.0026
2026-08-28T00:35:40.347+02:00,1000,1024,1024,1056,45,340,0,2929,0,245,0,0.0228,0.0222,0.0588,0.0754,0.1132,0.7269,2.747,4.362,90.378,120.87,33.64,95.11,0.0063,0.009,0.0166,131.03,91.22,31.2,0.0058,0.0076,0.0152,12.92,110.03,80.13,0.0057,0.0073,0.015,16000,1024,445.93,0.9677,0.0177,0.013,0.0016
2026-08-28T00:36:10.346+02:00,1000,1024,1024,1056,45,340,0,2929,0,245,0,0.0238,0.0214,0.0661,0.0809,0.0751,0.7264,3.133,3.043,75.321,177.03,154.23,78.93,0.0073,0.0071,0.0254,122.2,60.6,158.19,0.0068,0.0063,0.0228,197.47,120.73,420.9,0.0066,0.0064,0.0214,16000,1024,312.57,0.796,0.1463,0.0533,0.0045
2026-08-28T00:36:40.348+02:00,1000,1024,1024,1056,45,340,0,2929,0,245,0,0.0237,0.0206,0.0331,0.0841,0.0695,0.1356,3.002,3.063,3.117,89.87,73.62,178.85,0.0076,0.0063,0.0102,234.42,121.9,150.66,0.0069,0.0057,0.0087,72.77,96.88,14.64,0.0069,0.0056,0.0085,16000,1024,764.87,0.9651,0.026,0.008,0.0009
2026-08-28T00:37:10.347+02:00,1000,1024,1024,1056,45,340,0,2929,0,245,0,0.025,0.0203,0.031,0.0857,0.0617,0.1226,3.122,3.145,3.161,33.23,97.73,100.57,0.0077,0.0061,0.0095,3.44,134.53,73.8,0.0082,0.0057,0.0101,131.02,119.19,82.33,0.0072,0.0054,0.0099,16000,1024,406.81,0.9483,0.0398,0.0106,0.0012
2026-08-28T00:37:40.348+02:00,1000,1024,1024,1056,45,340,1,2930,0,245,0,0.0236,0.0324,0.2658,0.0756,0.1585,1.6528,3.027,4.871,9.142,152.82,10.65,10.88,0.0088,0.0115,0.1047,35.24,4.44,194.08,0.0074,0.0133,0.1026,94.79,194.1,481.64,0.006,0.0108,0.0818,16000,1024,619.84,0.9541,0.0356,0.009,0.0013
2026-08-28T00:38:10.349+02:00,1000,1024,1024,1056,45,340,1,2931,0,245,0,0.025,0.0234,0.092,0.11,0.0975,1.009,3.51,3.669,52.298,13.19,8.09,3.62,0.0078,0.0078,0.0472,231.23,29.65,8.3,0.0063,0.0066,0.0385,44.66,133.92,499.34,0.0061,0.0064,0.0335,16000,1024,522.4,0.9021,0.0686,0.0268,0.0025
2026-08-28T00:38:40.348+02:00,1000,1024,1024,1056,45,340,1,2932,0,245,0,0.0233,0.0409,0.3675,0.0732,0.1422,1.4894,2.889,3.117,3.631,55.69,45.16,167.07,0.0061,0.0159,0.1294,12.11,166.83,435.65,0.0064,0.0126,0.1281,87.96,354.17,354.22,0.0058,0.012,0.1168,16000,1024,3152.79,0.9656,0.0264,0.0065,0.0015
2026-08-28T00:39:10.349+02:00,1000,1024,1024,1056,45,340,1,2933,0,245,0,0.0235,0.0194,0.0457,0.0714,0.0874,0.6335,2.968,3.557,75.86,98.32,183.39,23.26,0.0079,0.0068,0.015,168.04,233.48,52.48,0.0068,0.0063,0.0144,53.39,141.03,221.75,0.0069,0.007,0.0138,16000,1024,2403.81,0.9937,0.0052,0.001,0.0002
2026-08-28T00:39:40.351+02:00,1000,1024,1024,1056,45,340,0,2933,0,245,0,0.023,0.0216,0.0671,0.0768,0.0829,0.7369,2.978,2.968,78.356,90.45,37.05,288.89,0.0084,0.007,0.0161,5.7,91.09,78.54,0.0068,0.0067,0.016,48.96,7.87,226.53,0.0064,0.0059,0.0149,16000,1024,596.1,0.9606,0.0288,0.0097,0.0009
2026-08-28T00:40:10.349+02:00,1000,1024,1024,1056,45,340,0,2933,0,245,0,0.0239,0.0206,0.1271,0.079,0.0826,1.4076,2.892,3.172,40.612,126.14,21.61,5.12,0.0067,0.0073,0.0715,113.59,58.29,10.18,0.0071,0.0068,0.0578,70.14,172.05,213.55,0.0061,0.0065,0.051,16000,1024,610.79,0.976,0.0179,0.0055,0.0007
2026-08-28T00:40:40.350+02:00,1000,1024,1024,1056,45,340,0,2933,0,245,0,0.024,0.0337,0.2809,0.0812,0.138,1.3309,2.99,4.433,7.361,135.53,9.74,7.78,0.0088,0.0114,0.1021,53.91,1.75,1.92,0.0075,0.0105,0.0852,122.93,74.81,81.1,0.0072,0.0096,0.0841,16000,1024,480.73,0.964,0.0272,0.008,0.0008
2026-08-28T00:41:10.352+02:00,1000,1024,1024,1056,45,340,0,2933,0,245,0,0.0224,0.0217,0.0323,0.0689,0.0681,0.1141,3.09,2.943,3.151,102.34,33.35,224.36,0.0076,0.0096,0.009,53.04,3.95,73.86,0.0078,0.0076,0.0092,38.61,56.43,159.52,0.0075,0.0058,0.0088,16000,1024,473.87,0.9618,0.0309,0.0066,0.0007
2026-08-28T00:41:40.350+02:00,1000,1024,1024,1056,45,340,1,2934,0,245,0,0.0224,0.0214,0.044,0.0674,0.069,0.6198,2.812,2.901,74.508,92.82,24.75,19.68,0.0066,0.0074,0.0127,126.26,59.54,7.06,0.0066,0.0066,0.0127,121.45,68.43,132.81,0.0072,0.006,0.011,16000,1024,482.05,0.8541,0.1104,0.0331,0.0024
2026-08-28T00:42:10.352+02:00,1000,1024,1024,1056,45,340,0,2934,0,245,0,0.0219,0.0195,0.0472,0.0676,0.0859,0.7341,2.794,3.602,113.574,150.95,95.69,47.13,0.0082,0.0064,0.0171,133.85,27.11,105.78,0.0067,0.006,0.0153,207.19,235.56,156.22,0.0059,0.006,0.0146,16000,1024,1606.33,0.987,0.0083,0.0044,0.0003
2026-08-28T00:42:40.351+02:00,1000,1024,1024,1056,45,341,0,2934,0,245,0,0.0237,0.0439,0.3941,0.0777,0.1785,1.8149,2.98,3.322,4.19,83.07,127.7,237.08,0.0073,0.0175,0.168,76.52,237.26,495.19,0.0071,0.0171,0.1648,43.19,495.12,267.79,0.0068,0.0163,0.1256,16000,1024,898.16,0.9647,0.0255,0.0088,0.001
2026-08-28T00:43:10.352+02:00,1000,1024,1024,1056,45,341,0,2934,0,245,0,0.0241,0.0202,0.0319,0.0822,0.0643,0.1119,3.001,2.944,2.819,73.02,174.82,282.09,0.0091,0.0066,0.0087,85.38,218.06,119.57,0.0071,0.0064,0.009,60.03,6.95,85.87,0.006,0.006,0.0083,16000,1024,263.05,0.8814,0.0934,0.0224,0.0028
2026-08-28T00:43:40.354+02:00,1000,1024,1024,1056,45,341,0,2934,0,245,0,0.0237,0.0216,0.0307,0.0831,0.0702,0.0961,3.173,2.816,2.713,22.82,19.4,20.73,0.0085,0.0082,0.013,119.2,67.9,99.71,0.0078,0.0062,0.0088,37.8,201.16,165.47,0.0069,0.0056,0.0087,16000,1024,413.7,0.9324,0.0424,0.0235,0.0018
2026-08-28T00:44:10.352+02:00,1000,1024,1024,1056,45,341,0,2934,0,245,0,0.0226,0.0205,0.0334,0.0879,0.0698,0.1117,3.281,3.248,2.934,90.8,1.64,98.09,0.0069,0.0074,0.0114,103.72,337.76,26.61,0.0066,0.0066,0.0109,13.1,253.81,83.39,0.0071,0.0053,0.0113,16000,1024,393.42,0.9217,0.0546,0.0214,0.0023
2026-08-28T00:44:40.353+02:00,1000,1024,1024,1056,45,341,0,2934,0,245,0,0.024,0.0204,0.0314,0.0829,0.0592,0.1119,3.16,2.927,2.961,5.3,41.76,151.28,0.0094,0.0081,0.0081,92.83,121.31,58.63,0.0086,0.0076,0.008,30.75,209.83,51.78,0.0073,0.006,0.0077,16000,1024,386.34,0.8842,0.0956,0.018,0.0022
2026-08-28T00:45:10.355+02:00,1000,1024,1024,1056,45,341,1,2935,1,246,0,0.0228,0.0202,0.0325,0.0777,0.0711,0.1253,2.923,2.914,3.229,30.15,42.13,23.2,0.0085,0.0066,0.0118,44.01,168.6,64.06,0.0076,0.0062,0.0102,101.03,124.81,5.77,0.0081,0.0057,0.0097,16000,1024,2482.2,0.9965,0.0025,0.0008,0.0001
2026-08-28T00:45:40.355+02:00,1000,1024,1024,1056,45,342,0,2935,0,246,0,0.0237,0.0373,0.3172,0.0691,0.1427,1.2847,2.736,4.296,6.841,148.54,4.77,4.51,0.0075,0.0153,0.1556,65.77,336.23,15.53,0.0076,0.0123,0.1131,75.75,160.55,9.88,0.0073,0.0123,0.1088,16000,1024,502.37,0.9607,0.0257,0.0122,0.0015
2026-08-28T00:46:10.356+02:00,1000,1024,1024,1056,45,342,0,2935,0,246,0,0.0227,0.021,0.0311,0.0857,0.0745,0.1034,3.274,3.149,2.941,51.61,52.62,27.43,0.0092,0.0062,0.0103,90.2,2.34,74.34,0.007,0.0061,0.0096,63.34,231.38,147.84,0.0064,0.0058,0.0093,16000,1024,519.82,0.9816,0.0087,0.0088,0.0009
2026-08-28T00:46:40.356+02:00,1000,1024,1024,1056,45,342,0,2935,0,246,0,0.0233,0.0471,0.4198,0.0744,0.1729,1.6918,3.052,3.35,4.001,15.59,158.21,158.23,0.0081,0.0166,0.1325,91.6,313.37,54.45,0.008,0.0163,0.1338,7.75,24.17,461.88,0.0075,0.0139,0.1224,16000,1024,575.29,0.9599,0.0322,0.0071,0.0009
2026-08-28T00:47:10.356+02:00,1000,1024,1024,1056,45,342,0,2935,0,246,0,0.023,0.0215,0.0762,0.078,0.0679,0.8615,2.862,3.126,61.616,28.62,101.47,1.46,0.0087,0.0067,0.0225,175.93,111.23,155.55,0.0071,0.0067,0.0216,77.02,156.83,8.59,0.0065,0.0065,0.02,16000,1024,494.43,0.9672,0.0226,0.0092,0.001
2026-08-28T00:47:40.356+02:00,1000,1024,1024,1056,45,343,8,2943,0,246,0,0.025,0.0238,0.1373,0.0904,0.0959,0.7163,3.225,3.484,17.479,233.92,120.15,141.63,0.0082,0.0073,0.0431,137.72,56.92,285.35,0.0074,0.0076,0.0426,80.25,28.38,429.48,0.0073,0.0068,0.0421,16000,1024,363.81,0.8611,0.1093,0.027,0.0026
2026-08-28T00:48:10.357+02:00,1000,1024,1024,1056,45,343,1,2944,0,246,0,0.0227,0.021,0.0444,0.0902,0.0582,0.697,3.107,2.592,112.543,154.8,10.75,55.46,0.0073,0.0066,0.0152,237.93,19.5,236.92,0.0073,0.0063,0.0149,44.28,189.14,24.96,0.0068,0.0057,0.0145,16000,1024,358.53,0.9499,0.032,0.0166,0.0015
2026-08-28T00:48:40.361+02:00,1000,1024,1024,1056,45,343,0,2944,0,246,0,0.0233,0.0204,0.0296,0.082,0.0705,0.1007,3.214,3.002,2.819,25.56,51.99,119.73,0.0073,0.0063,0.0131,150.29,148.51,20.91,0.0069,0.0062,0.0114,113.71,176.91,144.24,0.0066,0.0054,0.0098,16000,1024,1876.27,0.9777,0.0172,0.0042,0.0009
2026-08-28T00:49:10.356+02:00,1000,1024,1024,1056,45,343,0,2944,0,246,0,0.0221,0.043,0.3946,0.0723,0.1363,1.4058,2.863,2.668,2.95,149.5,255.11,255.04,0.0065,0.0189,0.158,18.16,459.72,420.37,0.0062,0.0139,0.1503,48.28,216.58,459.78,0.0069,0.0124,0.1283,16000,1024,1091.24,0.9854,0.0115,0.0027,0.0004
2026-08-28T00:49:40.363+02:00,1000,1024,1024,1056,45,343,1,2945,0,246,0,0.0235,0.0189,0.0308,0.0868,0.0673,0.1054,3.232,2.956,3.166,105.99,61.84,131.28,0.0085,0.0065,0.0098,87.83,109.75,47.91,0.0072,0.0055,0.0088,63.4,13.85,40.26,0.007,0.0051,0.0087,16000,1024,424.34,0.9778,0.0146,0.0066,0.001
2026-08-28T00:50:10.366+02:00,1000,1024,1024,1056,45,343,0,2945,0,246,0,0.0225,0.0443,0.409,0.0892,0.1488,1.468,3.251,3.28,3.603,39.84,185.82,288.89,0.009,0.0143,0.1636,106.77,33.78,219.97,0.0085,0.0152,0.1425,63.42,336.72,270.53,0.007,0.0142,0.1303,16000,1024,425.58,0.9665,0.0249,0.0077,0.0009
2026-08-28T00:50:40.357+02:00,1000,1024,1024,1056,45,343,0,2945,0,246,0,0.0242,0.0212,0.032,0.082,0.0684,0.1275,2.845,2.929,3.196,194.2,22.57,17.81,0.0063,0.0084,0.0104,90.97,79.69,96.95,0.0062,0.0075,0.0104,122.45,200.64,200.37,0.0063,0.0064,0.0097,16000,1024,911.01,0.98,0.015,0.0045,0.0005
2026-08-28T00:51:10.360+02:00,1000,1024,1024,1056,45,343,0,2945,0,246,0,0.0235,0.0425,0.3632,0.068,0.194,1.8594,2.844,4.54,6.292,107.62,10.79,10.7,0.0088,0.0181,0.1809,7.84,208.94,402.46,0.0075,0.0127,0.0947,205.99,402.71,208.61,0.0075,0.0112,0.0886,16000,1024,447.0,0.8885,0.0941,0.0155,0.0019
2026-08-28T00:51:40.358+02:00,1000,1024,1024,1056,45,343,2,2947,0,246,0,0.0227,0.0218,0.0347,0.0948,0.0771,0.1192,3.247,2.996,3.166,234.44,114.0,157.16,0.0075,0.0072,0.0116,156.11,52.35,77.18,0.0071,0.0072,0.0098,85.43,15.58,128.69,0.0074,0.006,0.0092,16000,1024,430.89,0.9217,0.063,0.0134,0.0019
2026-08-28T00:52:10.358+02:00,1000,1024,1024,1056,45,343,0,2947,0,246,0,0.0232,0.0378,0.2947,0.0722,0.1698,1.5956,3.275,4.2,6.865,121.84,9.74,9.43,0.0072,0.0156,0.0972,248.19,172.79,262.51,0.0062,0.0103,0.0941,9.44,94.97,253.11,0.0064,0.0099,0.0882,16000,1024,586.72,0.9731,0.0221,0.0042,0.0006
2026-08-28T00:52:40.359+02:00,1000,1024,1024,1056,45,343,0,2947,0,246,0,0.0222,0.0213,0.0316,0.0698,0.071,0.0948,2.811,2.861,2.714,81.94,50.39,114.59,0.0084,0.0067,0.0126,11.14,97.42,155.73,0.0074,0.0061,0.0091,59.32,6.61,216.0,0.0068,0.006,0.0082,16000,1024,557.29,0.9564,0.0332,0.0091,0.0013
2026-08-28T00:53:10.361+02:00,1000,1024,1024,1056,45,343,0,2947,0,246,0,0.0227,0.0211,0.031,0.0818,0.0631,0.0951,3.213,2.871,2.811,59.53,168.61,24.46,0.0076,0.0066,0.0089,141.91,112.28,5.22,0.0074,0.006,0.0091,17.41,66.62,83.69,0.0071,0.0056,0.0088,16000,1024,748.81,0.9747,0.0211,0.0033,0.0009
2026-08-28T00:53:40.361+02:00,1000,1024,1024,1056,45,343,4,2951,0,246,0,0.0229,0.0229,0.1613,0.1153,0.0748,0.7151,3.486,3.237,11.219,13.74,41.39,428.67,0.008,0.0093,0.0792,72.97,162.52,290.02,0.0069,0.0077,0.075,54.93,214.0,1.62,0.0065,0.0072,0.0765,16000,1024,452.58,0.9628,0.0258,0.0102,0.0012
2026-08-28T00:54:10.360+02:00,1000,1024,1024,1056,45,343,0,2951,0,246,0,0.0216,0.0216,0.0305,0.0711,0.0758,0.0905,2.644,3.308,2.798,72.29,138.43,150.56,0.0066,0.007,0.0104,206.12,249.18,17.59,0.0063,0.0065,0.0093,14.73,46.41,45.98,0.0057,0.0095,0.0092,16000,1024,413.76,0.9264,0.0537,0.0187,0.0012
2026-08-28T00:54:40.361+02:00,1000,1024,1024,1056,45,343,0,2951,0,246,0,0.023,0.0407,0.3264,0.0765,0.1931,1.834,2.995,5.621,9.134,6.78,3.67,3.83,0.0069,0.0163,0.1267,93.6,30.31,30.2,0.0067,0.013,0.1033,53.45,9.66,187.17,0.0068,0.0119,0.0935,16000,1024,814.26,0.9677,0.0222,0.0086,0.0016
2026-08-28T00:55:10.362+02:00,1000,1024,1024,1056,45,343,0,2951,0,246,0,0.0241,0.0434,0.3948,0.0998,0.1771,1.6999,3.373,3.384,3.773,81.88,174.03,234.36,0.007,0.0152,0.1264,120.78,234.22,266.61,0.0069,0.0146,0.1235,28.56,467.97,196.35,0.0062,0.0141,0.1233,16000,1024,447.52,0.9649,0.0226,0.0115,0.001
2026-08-28T00:55:40.361+02:00,1000,1024,1024,1056,45,343,1,2952,0,246,0,0.0218,0.0202,0.032,0.0652,0.0811,0.0943,2.873,3.279,2.779,60.1,120.31,127.03,0.0079,0.0066,0.01,135.84,150.26,11.87,0.006,0.0056,0.01,116.12,11.4,170.17,0.006,0.0054,0.0098,16000,1024,689.96,0.9847,0.0119,0.003,0.0004
2026-08-28T00:56:10.362+02:00,1000,1024,1024,1056,45,343,0,2952,0,246,0,0.0235,0.0199,0.0303,0.081,0.0636,0.1261,3.071,2.724,3.421,121.05,36.7,196.44,0.0074,0.0075,0.0099,112.52,191.6,166.95,0.0071,0.0064,0.0085,44.63,9.44,125.78,0.0074,0.0063,0.0082,16000,1024,359.83,0.9415,0.0463,0.0109,0.0013
2026-08-28T00:56:40.363+02:00,1000,1024,1024,1056,45,343,0,2952,0,246,0,0.0229,0.0207,0.032,0.0768,0.0701,0.0978,2.803,2.753,2.663,33.26,29.9,115.9,0.0079,0.0061,0.0107,133.78,9.29,160.44,0.007,0.0081,0.0093,23.39,115.2,27.57,0.0069,0.0056,0.0092,16000,1024,299.93,0.9175,0.0624,0.0176,0.0026
2026-08-28T00:57:10.362+02:00,1000,1024,1024,1056,45,343,0,2952,0,246,0,0.0231,0.0341,0.2762,0.0758,0.1666,1.6147,2.978,5.038,9.256,12.29,12.71,12.66,0.0076,0.0157,0.1258,129.7,445.72,7.86,0.0068,0.012,0.1059,86.69,56.07,93.42,0.0067,0.0118,0.0901,16000,1024,330.61,0.9351,0.0524,0.0108,0.0017
2026-08-28T00:57:40.364+02:00,1000,1024,1024,1056,45,343,1,2953,0,246,0,0.0224,0.0209,0.0316,0.0801,0.0615,0.0956,3.088,2.944,2.844,35.21,23.37,144.49,0.0066,0.0064,0.0091,73.32,279.04,66.23,0.0066,0.0057,0.009,135.83,61.08,45.27,0.0058,0.0058,0.009,16000,1024,238.29,0.8236,0.1325,0.0393,0.0045
2026-08-28T00:58:10.364+02:00,1000,1024,1024,1056,45,343,0,2953,0,246,0,0.0235,0.0218,0.0332,0.0787,0.0682,0.1084,2.831,2.917,2.947,64.53,43.91,67.2,0.0082,0.0078,0.0118,59.0,165.69,144.65,0.0073,0.0076,0.0107,116.62,83.7,22.4,0.0067,0.0066,0.0095,16000,1024,385.46,0.9504,0.0401,0.0084,0.0011
2026-08-28T00:58:40.363+02:00,1000,1024,1024,1056,45,343,1,2954,0,246,0,0.0236,0.0199,0.0478,0.0622,0.0781,0.7114,2.6,3.195,99.231,107.59,54.95,113.6,0.0065,0.0072,0.0178,97.57,128.32,42.0,0.0064,0.0068,0.0163,77.1,26.94,21.52,0.0061,0.0062,0.016,16000,1024,269.1,0.9097,0.0719,0.0157,0.0027
2026-08-28T00:59:10.365+02:00,1000,1024,1024,1056,45,343,0,2954,0,246,0,0.0239,0.0209,0.0314,0.0878,0.0691,0.1148,3.209,3.038,3.284,45.99,8.98,48.81,0.0081,0.0065,0.0106,125.33,53.16,40.42,0.0076,0.0068,0.0098,93.26,22.71,108.73,0.0066,0.0064,0.0089,16000,1024,311.61,0.8878,0.0832,0.0263,0.0026
2026-08-28T00:59:40.364+02:00,1000,1024,1024,1056,45,343,0,2954,0,246,0,0.0234,0.0201,0.033,0.0853,0.066,0.0969,3.154,3.107,3.126,61.5,55.66,45.05,0.0077,0.0076,0.0108,5.93,125.77,49.67,0.0076,0.0064,0.0104,69.74,93.02,29.32,0.0069,0.0064,0.0097,16000,1024,686.34,0.9415,0.051,0.0066,0.0009
2026-08-28T01:00:10.366+02:00,1000,1024,1024,1056,45,343,0,2954,0,246,0,0.0232,0.021,0.0311,0.0709,0.0635,0.164,2.751,2.88,3.838,10.87,69.5,171.63,0.007,0.0059,0.0102,71.26,86.56,113.3,0.0068,0.0057,0.009,137.19,81.54,216.11,0.0066,0.0059,0.0093,16000,1024,359.32,0.9663,0.0181,0.0139,0.0017
2026-08-28T01:00:40.367+02:00,1000,1024,1024,1056,45,343,0,2954,0,246,0,0.0221,0.0254,0.1547,0.0764,0.0946,0.7016,2.737,4.173,14.138,160.66,126.65,161.58,0.0073,0.008,0.0509,89.08,139.74,97.52,0.0061,0.007,0.0423,45.21,90.08,241.17,0.0058,0.0068,0.0403,16000,1024,4040.32,0.9721,0.0214,0.0052,0.0013
2026-08-28T01:01:10.367+02:00,1000,1024,1024,1056,45,343,0,2954,0,246,0,0.0236,0.0206,0.0302,0.0754,0.0729,0.1228,2.921,3.299,3.352,75.15,144.87,23.57,0.0076,0.0086,0.01,68.09,71.06,44.83,0.0067,0.0064,0.0095,19.55,160.22,121.42,0.006,0.0059,0.0091,16000,1024,564.66,0.9746,0.0188,0.0061,0.0006
2026-08-28T01:01:40.367+02:00,1000,1024,1024,1056,45,343,0,2954,0,246,0,0.023,0.0209,0.0438,0.0721,0.067,0.5975,2.837,2.859,72.084,99.46,117.89,55.42,0.0069,0.0078,0.0113,259.66,110.08,212.13,0.0065,0.0075,0.0106,148.53,135.14,25.64,0.0064,0.007,0.0104,16000,1024,1100.22,0.9864,0.0106,0.0026,0.0004
2026-08-28T01:02:10.367+02:00,1000,1024,1024,1056,45,343,0,2954,0,246,0,0.0243,0.0209,0.0322,0.0868,0.0719,0.1114,2.907,2.822,2.972,210.74,167.24,256.84,0.0081,0.0081,0.0092,54.3,18.93,54.94,0.0072,0.0073,0.009,135.75,44.87,16.52,0.0069,0.0061,0.0086,16000,1024,519.13,0.958,0.0313,0.0098,0.0009
2026-08-28T01:02:40.367+02:00,1000,1024,1024,1056,45,343,0,2954,0,246,0,0.0228,0.0213,0.1069,0.0655,0.0729,1.2175,2.789,3.026,58.11,98.71,1.48,293.75,0.0078,0.0067,0.0241,9.46,17.41,3.17,0.0071,0.0065,0.0221,31.87,190.06,12.95,0.0068,0.0064,0.0217,16000,1024,7998.81,0.9741,0.0194,0.0052,0.0013
2026-08-28T01:03:10.369+02:00,1000,1024,1024,1056,45,344,0,2954,0,246,0,0.0247,0.021,0.0486,0.0758,0.0897,0.7684,2.852,3.114,114.805,15.41,171.94,2.18,0.0087,0.0067,0.0176,52.17,56.57,162.89,0.0076,0.0066,0.0166,240.22,90.14,130.64,0.0061,0.0068,0.0155,16000,1024,1009.12,0.9876,0.0085,0.0035,0.0004
2026-08-28T01:03:40.372+02:00,1000,1024,1024,1056,45,344,0,2954,0,246,0,0.0222,0.02,0.0302,0.0795,0.0764,0.1074,3.051,3.008,2.989,89.85,42.08,12.38,0.0096,0.0072,0.0099,169.5,172.9,157.65,0.007,0.006,0.0094,47.76,187.42,29.6,0.0063,0.0059,0.0088,16000,1024,320.46,0.9304,0.046,0.0204,0.0031
2026-08-28T01:04:10.369+02:00,1000,1024,1024,1056,45,344,0,2954,0,246,0,0.0225,0.0284,0.1935,0.0761,0.0999,0.6538,2.893,3.591,7.909,30.63,45.69,339.6,0.0075,0.0109,0.0951,97.58,339.67,165.19,0.007,0.0104,0.0718,76.92,20.33,219.61,0.0071,0.01,0.069,16000,1024,470.81,0.9472,0.037,0.0142,0.0016
2026-08-28T01:04:40.373+02:00,1000,1024,1024,1056,45,344,0,2954,0,246,0,0.0221,0.0204,0.0313,0.0703,0.0709,0.1476,2.954,2.848,3.673,79.99,33.85,137.49,0.0063,0.007,0.0113,125.15,170.87,83.78,0.0059,0.0061,0.0091,144.38,56.12,97.01,0.0058,0.0063,0.0091,16000,1024,644.0,0.9654,0.0258,0.0074,0.0014
2026-08-28T01:05:10.369+02:00,1000,1024,1024,1056,45,344,0,2954,0,246,0,0.0233,0.0361,0.2816,0.0693,0.1714,1.5598,2.816,5.616,8.206,15.69,3.6,3.71,0.009,0.0154,0.1287,43.95,13.33,13.21,0.0066,0.0123,0.1166,57.45,121.37,372.98,0.0065,0.0113,0.0917,16000,1024,434.49,0.9717,0.0176,0.0098,0.0009
2026-08-28T01:05:40.369+02:00,1000,1024,1024,1056,45,344,0,2954,0,246,0,0.0231,0.0322,0.2447,0.0805,0.1497,1.3077,2.955,5.378,9.404,56.54,193.31,10.61,0.008,0.0092,0.0808,2.67,75.83,494.69,0.0072,0.0093,0.084,160.47,87.21,253.83,0.0069,0.0091,0.062,16000,1024,519.22,0.9435,0.044,0.0111,0.0014
2026-08-28T01:06:10.369+02:00,1000,1024,1024,1056,45,344,0,2954,0,246,0,0.0233,0.022,0.0461,0.077,0.0784,0.7198,2.9,3.289,114.146,68.77,12.01,76.38,0.0071,0.0068,0.0141,20.81,73.52,21.63,0.0066,0.0062,0.0132,43.7,119.2,27.0,0.0066,0.0059,0.0137,16000,1024,493.2,0.9775,0.0127,0.0088,0.0009
2026-08-28T01:06:40.370+02:00,1000,1024,1024,1056,45,344,0,2954,0,246,0,0.0232,0.0203,0.0834,0.0787,0.0609,0.8272,3.042,2.984,53.423,158.36,144.29,376.19,0.0078,0.0067,0.0261,50.56,106.82,5.43,0.0068,0.0062,0.0266,30.25,65.1,426.8,0.0065,0.0061,0.0233,16000,1024,845.96,0.9677,0.0269,0.0047,0.0007
2026-08-28T01:07:10.371+02:00,1000,1024,1024,1056,45,344,0,2954,0,246,0,0.0222,0.0456,0.3952,0.0629,0.1647,1.4875,2.849,3.49,4.046,55.04,29.1,321.66,0.0076,0.0158,0.1429,79.31,74.54,29.36,0.007,0.0145,0.1289,10.84,321.81,55.48,0.0065,0.0147,0.1206,16000,1024,355.56,0.9505,0.0377,0.0106,0.0012
2026-08-28T01:07:40.371+02:00,1000,1024,1024,1056,45,344,0,2954,0,246,0,0.0242,0.02,0.0316,0.0807,0.0619,0.1083,3.072,2.877,2.948,88.71,63.01,68.53,0.0082,0.0065,0.0107,185.92,31.18,148.19,0.0066,0.0061,0.0094,28.96,141.01,41.05,0.0066,0.0056,0.0087,16000,1024,327.34,0.9648,0.0244,0.009,0.0018
2026-08-28T01:08:10.372+02:00,1000,1024,1024,1056,45,344,0,2954,0,246,0,0.0232,0.0207,0.0302,0.0917,0.065,0.1004,3.74,2.948,2.922,105.7,56.34,163.14,0.0077,0.0055,0.0103,71.61,165.7,107.33,0.0072,0.0052,0.0097,27.52,41.29,27.3,0.0066,0.0052,0.008,16000,1024,685.42,0.9775,0.0181,0.0038,0.0006
2026-08-28T01:08:40.388+02:00,1000,1024,1024,1056,45,345,0,2954,0,246,0,0.0229,0.021,0.0306,0.0686,0.0816,0.0915,2.739,3.287,2.888,158.93,20.19,195.45,0.0072,0.0071,0.0119,47.97,54.59,137.5,0.0068,0.0057,0.0098,42.73,6.87,41.76,0.0068,0.0054,0.0093,16000,1024,257.81,0.8335,0.1335,0.0293,0.0037
2026-08-28T01:09:10.374+02:00,1000,1024,1024,1056,45,345,1,2955,0,246,0,0.0233,0.0259,0.1349,0.0802,0.1003,0.7199,2.897,3.955,19.278,146.97,346.61,346.1,0.009,0.0075,0.0621,43.85,95.81,364.27,0.0066,0.0073,0.0541,120.93,50.56,397.23,0.0065,0.0073,0.0519,16000,1024,971.93,0.9793,0.0168,0.0035,0.0004
2026-08-28T01:09:40.373+02:00,1000,1024,1024,1056,45,345,0,2955,0,246,0,0.0215,0.0216,0.0311,0.0802,0.0869,0.1173,3.401,2.866,2.994,95.13,163.65,50.66,0.0072,0.0075,0.0095,31.45,5.65,75.18,0.0059,0.0067,0.0089,213.23,139.88,139.43,0.0057,0.0062,0.0089,16000,1024,519.97,0.9638,0.0306,0.0049,0.0007
2026-08-28T01:10:10.373+02:00,1000,1024,1024,1056,45,345,0,2955,0,246,0,0.0234,0.0214,0.032,0.087,0.0617,0.1305,3.148,2.766,3.38,105.79,41.7,105.24,0.0079,0.0065,0.012,118.3,71.08,22.7,0.0071,0.0058,0.0092,76.76,33.04,115.98,0.0072,0.0058,0.009,16000,1024,264.1,0.9005,0.0645,0.0317,0.0034
2026-08-28T01:10:40.376+02:00,1000,1024,1026,1058,45,345,1,2956,0,246,0,0.0228,0.0206,0.0321,0.076,0.0651,0.1136,2.913,2.812,3.241,4.94,2.99,58.58,0.0069,0.0062,0.0098,39.27,82.27,8.67,0.0066,0.0056,0.0094,100.21,18.96,29.66,0.0068,0.0056,0.0095,16000,1024,749.77,0.9062,0.0802,0.0112,0.0024
2026-08-28T01:11:10.375+02:00,1000,1024,1024,1056,45,345,0,2956,0,246,0,0.0227,0.0219,0.0467,0.0672,0.0799,0.7063,2.787,3.108,106.602,109.56,24.94,106.34,0.0076,0.0101,0.0113,8.0,132.02,42.22,0.0066,0.0059,0.0107,89.57,48.47,270.12,0.0064,0.006,0.0106,16000,1024,303.37,0.9067,0.0785,0.0132,0.0016
2026-08-28T01:11:40.375+02:00,1000,1024,1024,1056,45,345,0,2956,0,246,0,0.0235,0.0444,0.3721,0.0724,0.1537,1.2135,2.805,2.885,3.309,15.92,214.03,214.0,0.0073,0.0184,0.1529,192.95,295.38,298.73,0.0077,0.0167,0.1324,8.89,56.56,142.29,0.0065,0.0149,0.1251,16000,1024,534.57,0.9762,0.0144,0.0083,0.001
2026-08-28T01:12:10.376+02:00,1000,1024,1024,1056,45,345,1,2957,0,246,0,0.0227,0.0205,0.0612,0.0644,0.0752,0.7977,2.495,3.113,95.92,15.49,79.24,54.8,0.0076,0.0066,0.0175,126.76,182.64,15.56,0.007,0.0055,0.0147,40.76,189.82,96.41,0.007,0.0059,0.0144,16000,1024,7663.49,0.9994,0.0005,0.0001,0.0
2026-08-28T01:12:40.374+02:00,1000,1024,1024,1056,45,345,0,2957,0,246,0,0.0228,0.0206,0.0431,0.0754,0.0751,0.6143,2.84,3.365,76.086,9.94,109.39,125.07,0.0072,0.0076,0.0106,126.78,56.14,176.89,0.0067,0.0074,0.01,50.75,138.39,3.32,0.0065,0.0064,0.0108,16000,1024,1600.18,0.9837,0.0122,0.0034,0.0008
2026-08-28T01:13:10.374+02:00,1000,1024,1024,1056,45,345,0,2957,0,246,0,0.0224,0.028,0.1636,0.0744,0.1006,0.6797,2.926,4.125,11.965,98.54,108.54,170.08,0.0076,0.0087,0.0646,27.08,68.88,409.87,0.0071,0.0083,0.062,109.28,96.7,495.14,0.0062,0.008,0.0535,16000,1024,502.97,0.9534,0.0353,0.0101,0.0012
2026-08-28T01:14:10.376+02:00,1000,1024,1024,1056,46,345,0,2972,0,246,0,0.0233,0.0204,0.0522,0.0664,0.103,0.6657,2.711,3.7,74.732,4.25,56.37,87.04,0.0085,0.0069,0.0177,50.07,66.78,203.42,0.008,0.0067,0.0179,58.06,146.43,359.36,0.01,0.0058,0.0168,16000,1024,408.3,0.9367,0.0476,0.0144,0.0013
2026-08-28T01:14:40.385+02:00,1000,1024,1024,1056,46,345,0,2972,0,246,0,0.0241,0.0209,0.0281,0.069,0.0753,0.0951,2.737,3.607,3.265,14.68,89.77,230.42,0.0073,0.0062,0.0084,26.16,44.36,116.41,0.0074,0.0063,0.0083,126.02,15.37,207.01,0.0068,0.0055,0.0081,16000,1024,1166.09,0.9793,0.0162,0.0036,0.0008
2026-08-28T01:15:10.376+02:00,1000,1024,1024,1056,46,345,0,2972,0,246,0,0.025,0.0207,0.0304,0.0976,0.0695,0.091,3.157,3.168,2.953,47.04,75.25,167.6,0.0091,0.009,0.0089,52.88,14.7,223.99,0.0068,0.007,0.0083,216.6,27.14,56.73,0.0065,0.006,0.0077,16000,1024,395.77,0.9072,0.0735,0.0165,0.0028
2026-08-28T01:15:40.378+02:00,1000,1024,1024,1056,46,345,0,2972,0,246,0,0.022,0.02,0.0329,0.0753,0.0629,0.1113,3.165,2.823,2.842,62.3,58.11,5.04,0.007,0.0078,0.0117,39.67,27.46,51.84,0.007,0.0059,0.0109,175.47,14.71,22.37,0.0071,0.0054,0.0091,16000,1024,538.2,0.9699,0.0231,0.0059,0.0011
2026-08-28T01:16:10.379+02:00,1000,1024,1024,1056,46,345,7,2979,0,246,0,0.0255,0.0232,0.1703,0.0925,0.0965,0.9646,3.355,4.067,10.357,28.79,26.67,137.93,0.0106,0.007,0.0729,145.28,89.35,278.92,0.0076,0.0096,0.067,75.56,81.56,413.58,0.0081,0.0063,0.0561,16000,1024,532.1,0.9652,0.0275,0.0066,0.0007
2026-08-28T01:16:40.378+02:00,1000,1024,1024,1056,46,345,0,2979,0,246,0,0.024,0.0338,0.2486,0.0842,0.1415,1.2852,3.242,4.722,8.357,30.89,122.22,266.51,0.0081,0.0097,0.0701,53.15,266.44,11.07,0.0076,0.0096,0.0712,44.9,297.03,425.46,0.0059,0.0091,0.0639,16000,1024,643.09,0.9761,0.019,0.0042,0.0007
2026-08-28T01:17:10.380+02:00,1000,1024,1024,1056,46,345,0,2979,0,246,0,0.022,0.0197,0.0447,0.0835,0.0809,0.6867,3.185,3.435,109.52,45.14,82.52,79.03,0.0078,0.0066,0.0094,17.32,165.96,22.16,0.0074,0.0061,0.0095,29.26,143.95,231.18,0.0063,0.0064,0.0092,16000,1024,476.47,0.9639,0.0286,0.0066,0.0009
2026-08-28T01:17:40.380+02:00,1000,1024,1024,1056,46,345,0,2979,0,246,0,0.0241,0.0221,0.032,0.08,0.0692,0.1186,2.942,2.916,3.168,200.14,25.56,59.26,0.0081,0.0079,0.0114,66.45,76.99,126.95,0.0073,0.0071,0.0091,142.44,198.37,230.47,0.0072,0.0067,0.0084,16000,1024,768.93,0.9876,0.0076,0.0043,0.0006
2026-08-28T01:18:10.380+02:00,1000,1024,1024,1056,46,345,0,2979,0,246,0,0.0235,0.0192,0.0468,0.0753,0.0618,0.7202,2.88,2.939,114.209,129.49,96.72,157.36,0.0073,0.0078,0.0098,16.52,197.44,7.62,0.0068,0.0056,0.009,209.99,130.05,119.1,0.0061,0.005,0.0087,16000,1024,646.71,0.9482,0.0409,0.0099,0.001
2026-08-28T01:18:40.383+02:00,1000,1024,1024,1056,46,345,0,2979,0,246,0,0.0229,0.0201,0.032,0.083,0.0622,0.1002,2.991,3.015,2.848,51.58,43.75,125.23,0.0081,0.0058,0.0108,83.88,181.72,63.33,0.007,0.0057,0.0099,74.98,207.07,187.45,0.0067,0.0056,0.0095,16000,1024,567.14,0.9326,0.0583,0.0078,0.0013
2026-08-28T01:19:10.387+02:00,1000,1024,1024,1056,46,345,0,2979,0,246,0,0.0225,0.02,0.0323,0.0809,0.0673,0.1618,3.335,2.881,4.046,155.86,49.15,119.99,0.0079,0.0053,0.0096,64.76,242.39,124.62,0.0072,0.0052,0.0095,59.77,99.69,35.99,0.007,0.005,0.0083,16000,1024,911.5,0.9894,0.0069,0.0032,0.0005
2026-08-28T01:19:40.391+02:00,1000,1024,1024,1056,46,345,0,2979,0,246,0,0.0216,0.0191,0.0323,0.0734,0.0695,0.1087,2.904,2.931,2.927,64.69,108.23,68.64,0.0071,0.0079,0.0104,88.0,18.32,86.47,0.0068,0.0071,0.0106,20.05,79.92,35.32,0.0075,0.0055,0.0093,16000,1024,473.6,0.9475,0.042,0.009,0.0016
2026-08-28T01:20:10.385+02:00,1000,1024,1024,1056,46,345,0,2979,0,246,0,0.0237,0.0212,0.0312,0.0727,0.0721,0.0957,3.014,2.701,2.823,14.27,17.9,33.13,0.0072,0.0081,0.0099,112.43,130.85,100.17,0.0063,0.0055,0.0108,9.76,164.96,19.57,0.0061,0.0053,0.0081,16000,1024,1145.46,0.9903,0.0064,0.003,0.0003
2026-08-28T01:20:40.381+02:00,1000,1024,1024,1056,46,345,0,2979,0,246,0,0.0226,0.0208,0.0325,0.0765,0.0794,0.1323,2.948,3.106,3.194,179.47,108.54,43.75,0.0089,0.0068,0.0135,146.17,98.54,34.81,0.0069,0.0064,0.0114,21.72,75.3,242.86,0.0059,0.0058,0.0098,16000,1024,361.48,0.9027,0.0756,0.0196,0.0021
2026-08-28T01:21:10.381+02:00,1000,1024,1024,1056,46,345,0,2979,0,246,0,0.0223,0.0199,0.097,0.0931,0.0838,1.1335,3.308,3.27,56.442,91.24,105.65,5.45,0.0071,0.0058,0.0219,189.3,302.51,117.39,0.0063,0.0058,0.0201,25.58,237.39,159.1,0.0062,0.0057,0.0172,16000,1024,1073.78,0.9902,0.0076,0.002,0.0003
2026-08-28T01:21:40.383+02:00,1000,1024,1024,1056,46,345,18,2997,0,246,0,0.0241,0.0227,0.0581,0.0827,0.0704,0.6943,3.099,2.94,80.442,24.4,159.41,15.66,0.0089,0.0066,0.0121,49.06,35.63,101.77,0.009,0.0068,0.0121,38.83,121.53,21.44,0.0074,0.0066,0.0107,16000,1024,549.64,0.9533,0.039,0.0067,0.001
2026-08-28T01:22:10.383+02:00,1000,1024,1024,1056,46,345,0,2997,0,246,0,0.0224,0.0397,0.2988,0.0697,0.1898,1.2927,3.097,5.186,6.679,31.6,8.22,8.32,0.0075,0.0171,0.1468,105.56,107.45,304.41,0.0065,0.0111,0.0871,138.27,3.39,104.38,0.0065,0.0115,0.082,16000,1024,842.01,0.9903,0.0068,0.0026,0.0003
2026-08-28T01:22:40.399+02:00,1000,1024,1024,1056,46,345,1,2998,0,246,0,0.0222,0.0195,0.0866,0.0654,0.06,1.1398,2.752,2.973,63.404,4.35,99.17,4.94,0.0101,0.0067,0.0342,227.87,53.98,146.64,0.0067,0.0057,0.0321,190.55,149.72,9.28,0.006,0.0055,0.0307,16000,1024,1469.79,0.9763,0.0174,0.0054,0.0009
2026-08-28T01:23:10.384+02:00,1000,1024,1024,1056,46,345,0,2998,0,246,0,0.0231,0.0206,0.0312,0.071,0.0713,0.1036,2.614,3.044,3.001,23.15,177.69,58.68,0.0091,0.0068,0.0107,79.87,102.4,228.43,0.008,0.0062,0.009,30.89,149.22,110.71,0.0058,0.0063,0.0091,16000,1024,381.74,0.9665,0.0245,0.0079,0.001
2026-08-28T01:23:40.385+02:00,1000,1024,1024,1056,46,345,0,2998,0,246,0,0.024,0.0186,0.044,0.0865,0.0646,0.6838,2.904,3.04,118.754,33.99,11.26,83.2,0.0073,0.0077,0.0097,52.83,173.73,142.02,0.0067,0.007,0.0097,115.41,71.74,4.86,0.0068,0.0059,0.0083,16000,1024,443.27,0.9343,0.0517,0.0124,0.0015
2026-08-28T01:24:10.383+02:00,1000,1024,1024,1056,46,345,0,2998,0,246,0,0.0236,0.0202,0.0328,0.0809,0.0735,0.1102,3.0,3.116,2.858,15.23,152.63,107.12,0.0072,0.0066,0.0107,178.84,128.02,93.1,0.0062,0.006,0.0094,122.05,15.14,143.62,0.0059,0.0068,0.0085,16000,1024,392.36,0.9713,0.0188,0.0087,0.0012
2026-08-28T01:24:40.386+02:00,1000,1024,1024,1056,46,345,1,2999,0,246,0,0.0229,0.0449,0.3755,0.0664,0.1579,1.4543,2.841,3.238,3.768,7.96,176.37,176.47,0.0079,0.0159,0.1433,118.17,484.35,484.35,0.0067,0.014,0.1264,249.94,100.07,62.92,0.0064,0.015,0.1245,16000,1024,1567.36,0.9617,0.0314,0.0056,0.0014
2026-08-28T01:25:10.385+02:00,1000,1024,1024,1056,46,345,0,2999,0,246,0,0.0218,0.0323,0.2299,0.0734,0.1485,1.3075,3.174,5.307,11.285,10.5,96.85,9.67,0.0076,0.0087,0.072,32.23,7.38,215.94,0.0072,0.009,0.0641,160.15,232.08,195.48,0.0065,0.0081,0.0547,16000,1024,584.09,0.9728,0.0167,0.0095,0.0009
2026-08-28T01:25:40.386+02:00,1000,1024,1024,1056,46,345,0,2999,0,246,0,0.0218,0.021,0.0316,0.0652,0.0673,0.1062,2.811,2.867,3.008,36.27,176.77,227.34,0.0074,0.006,0.0102,15.55,62.82,27.11,0.0071,0.0061,0.0084,49.85,148.52,54.39,0.0062,0.0055,0.0083,16000,1024,640.41,0.9839,0.0139,0.0018,0.0003
2026-08-28T01:26:10.385+02:00,1000,1024,1024,1056,46,345,0,2999,0,246,0,0.0233,0.0226,0.0326,0.0872,0.0757,0.128,3.269,3.107,3.369,99.31,81.12,4.45,0.008,0.0094,0.012,17.5,16.71,46.82,0.0072,0.006,0.0099,88.78,138.16,51.87,0.007,0.0062,0.0092,16000,1024,585.57,0.9504,0.0406,0.0079,0.0011
2026-08-28T01:26:40.386+02:00,1000,1024,1024,1056,46,346,1,3000,1,247,0,1.2742,0.2197,0.0602,1.9129,0.3572,0.1629,1.526,1.45,2.414,49.13,49.12,49.13,1.8365,0.3131,0.0674,147.31,147.37,98.29,0.0415,0.0548,0.0236,98.27,99.75,196.6,0.0273,0.0133,0.018,16000,1024,419.09,0.7746,0.2104,0.009,0.006
2026-08-28T01:27:10.386+02:00,1000,1024,1024,1056,46,346,0,3000,0,247,0,1.1454,0.2257,0.0496,1.6943,0.3707,0.1977,1.532,1.486,3.256,49.27,49.26,49.33,1.6738,0.3229,0.0506,147.76,147.82,98.39,0.0501,0.0493,0.0234,98.67,99.55,197.17,0.0265,0.0187,0.0186,16000,1024,514.36,0.7953,0.1827,0.0121,0.0099
2026-08-28T01:27:40.389+02:00,1000,1024,1024,1056,46,346,0,3000,0,247,0,1.1287,0.2297,0.0438,1.6861,0.3944,0.1546,1.524,1.534,2.924,49.4,49.4,49.49,1.6407,0.3302,0.0349,148.22,148.28,148.43,0.0395,0.047,0.019,98.9,99.64,98.6,0.0327,0.0238,0.0165,16000,1024,747.87,0.8381,0.1461,0.0131,0.0027
2026-08-28T01:28:10.386+02:00,1000,1024,1024,1056,46,347,0,3000,0,247,0,1.1312,0.2329,0.0417,1.6949,0.4105,0.1502,1.523,1.543,3.062,49.38,49.37,49.49,1.6424,0.3337,0.0308,148.15,148.15,98.72,0.0368,0.039,0.0156,98.85,99.35,197.15,0.0307,0.0282,0.0127,16000,1024,949.58,0.9195,0.07,0.0088,0.0016
2026-08-28T01:28:40.388+02:00,1000,1024,1024,1056,46,347,0,3000,0,247,0,1.1483,0.2306,0.0435,1.7071,0.3925,0.1464,1.524,1.559,2.975,49.35,49.35,98.88,1.6799,0.3347,0.0296,148.12,148.02,49.4,0.0396,0.0398,0.0316,98.48,100.17,147.92,0.0255,0.0151,0.0189,16000,1024,1239.37,0.9049,0.0828,0.0089,0.0034
2026-08-28T01:29:10.388+02:00,1000,1024,1024,1056,46,347,2,3002,0,247,0,1.1057,0.232,0.0444,1.6469,0.3804,0.1434,1.526,1.512,3.062,49.36,49.37,49.3,1.6208,0.3336,0.0316,148.06,148.13,98.44,0.0434,0.0383,0.022,98.98,99.56,148.32,0.0274,0.0257,0.0147,16000,1024,425.97,0.8229,0.1599,0.013,0.0041
2026-08-28T01:29:40.388+02:00,1000,1024,1024,1056,46,347,0,3002,0,247,0,1.1082,0.2305,0.1463,1.6944,0.39,0.691,1.537,1.498,14.294,49.25,49.25,48.62,1.6023,0.329,0.0572,147.63,147.7,339.34,0.0412,0.0367,0.0644,98.53,99.12,174.57,0.0349,0.0202,0.0532,16000,1024,532.34,0.8446,0.144,0.0075,0.0039
2026-08-28T01:30:10.389+02:00,1000,1024,1024,1056,46,347,0,3002,0,247,0,1.1419,0.2272,0.0448,1.7368,0.3873,0.1445,1.533,1.501,2.749,49.33,49.34,49.36,1.6684,0.3297,0.0359,147.99,147.95,98.79,0.047,0.0322,0.0295,98.52,100.29,197.54,0.0214,0.0151,0.0184,16000,1024,546.97,0.8986,0.0844,0.013,0.004
2026-08-28T01:30:40.390+02:00,1000,1024,1024,1056,46,347,0,3002,0,247,0,1.1525,0.2237,0.0449,1.7074,0.3976,0.1546,1.536,1.504,3.108,49.3,49.29,49.3,1.6911,0.322,0.0382,147.88,147.91,99.1,0.0476,0.031,0.0313,98.34,100.11,197.17,0.0257,0.0167,0.0177,16000,1024,565.86,0.901,0.0854,0.0102,0.0035
2026-08-28T01:31:10.390+02:00,1000,1024,1024,1056,46,347,1,3003,1,248,0,1.1846,0.2218,0.1297,2.1301,0.3485,1.2426,1.546,1.459,34.516,49.27,49.26,49.19,1.7452,0.3181,0.0605,147.7,147.78,5.18,0.0525,0.0344,0.0565,53.34,99.5,10.19,0.0355,0.018,0.0483,16000,1024,465.03,0.7573,0.2229,0.0155,0.0043
2026-08-28T01:31:40.389+02:00,1000,1024,1024,1056,46,347,1,3004,0,248,0,1.2434,0.2187,0.0498,1.8999,0.3632,0.1476,1.539,1.476,2.727,49.32,49.32,49.45,1.7295,0.3025,0.0476,34.29,148.03,98.95,0.0905,0.0359,0.03,42.75,40.04,197.03,0.0876,0.0166,0.0155,16000,1024,827.2,0.922,0.0677,0.008,0.0023
2026-08-28T01:32:10.391+02:00,1000,1024,1024,1056,46,347,0,3004,0,248,0,1.267,0.2175,0.0542,1.8955,0.3709,0.1709,1.533,1.447,2.838,49.3,49.3,49.31,1.8652,0.3155,0.055,147.94,147.78,98.62,0.0514,0.0351,0.0222,98.7,99.65,197.07,0.0304,0.0181,0.0176,16000,1024,1165.24,0.9594,0.0356,0.0038,0.0012
2026-08-28T01:32:40.391+02:00,1000,1024,1024,1056,46,348,0,3004,0,248,0,1.2851,0.2172,0.0599,1.9253,0.3444,0.5672,1.536,1.448,17.074,49.3,49.3,49.18,1.8856,0.3169,0.053,147.91,147.83,147.7,0.0543,0.0336,0.0228,98.58,100.0,98.55,0.0337,0.0179,0.022,16000,1024,863.48,0.9143,0.0789,0.0052,0.0016
2026-08-28T01:33:10.392+02:00,1000,1024,1024,1056,46,348,0,3004,0,248,0,1.2939,0.2252,0.3164,1.9607,0.4233,1.8088,1.534,1.457,7.028,49.28,49.29,292.45,1.8981,0.3271,0.1085,147.86,147.9,301.38,0.0539,0.0412,0.1049,98.6,99.24,383.32,0.0362,0.0257,0.0989,16000,1024,614.0,0.8795,0.1121,0.0059,0.0025
2026-08-28T01:33:40.393+02:00,1000,1024,1024,1056,46,348,0,3004,0,248,0,1.3165,0.2139,0.0547,1.9723,0.365,0.1709,1.53,1.469,2.821,49.29,49.27,49.27,1.9286,0.3078,0.0517,147.84,147.93,98.94,0.0553,0.0378,0.0275,98.6,100.17,147.8,0.0334,0.0202,0.0255,16000,1024,584.52,0.8962,0.0962,0.0057,0.0019
2026-08-28T01:34:10.390+02:00,1000,1024,1024,1056,46,348,1,3005,0,248,0,1.3216,0.2124,0.0548,1.9692,0.3576,0.1814,1.539,1.47,2.92,49.25,49.24,49.24,1.832,0.2913,0.054,32.69,147.79,98.83,0.1074,0.0367,0.0267,43.8,37.15,147.93,0.1041,0.0197,0.0188,16000,1024,582.41,0.8164,0.1709,0.0097,0.003
2026-08-28T01:34:40.393+02:00,1000,1024,1024,1056,46,348,0,3005,0,248,0,1.3381,0.214,0.0542,2.014,0.368,0.1896,1.536,1.459,3.08,49.25,49.26,49.27,1.9517,0.3108,0.0529,147.73,147.62,98.77,0.0566,0.0348,0.0289,98.34,100.25,147.63,0.0358,0.0178,0.022,16000,1024,558.14,0.8138,0.1766,0.0069,0.0028
2026-08-28T01:35:10.396+02:00,1000,1024,1024,1056,46,348,0,3005,0,248,0,1.3551,0.2147,0.0582,2.0535,0.3455,0.1697,1.538,1.453,2.807,49.23,49.24,49.24,1.9641,0.3098,0.0648,147.66,147.7,98.78,0.0616,0.0372,0.028,98.34,100.17,147.63,0.034,0.0183,0.0192,16000,1024,880.07,0.8362,0.1526,0.0085,0.0027
2026-08-28T01:35:40.394+02:00,1000,1024,1024,1056,46,348,0,3005,0,248,0,1.365,0.2243,0.3023,2.046,0.3906,1.3003,1.531,1.46,5.679,49.23,49.22,24.17,1.9832,0.3209,0.119,147.63,147.72,288.01,0.0628,0.0399,0.1072,98.33,98.39,239.3,0.0376,0.0174,0.1007,16000,1024,1423.92,0.9526,0.0443,0.0019,0.0012
2026-08-28T01:36:10.398+02:00,1000,1024,1024,1056,46,348,1,3006,1,249,0,1.3788,0.2129,0.0622,2.0813,0.3614,0.5751,1.528,1.443,14.669,49.22,49.23,49.24,1.9998,0.305,0.0557,147.63,147.59,147.48,0.0615,0.0339,0.0291,98.49,99.6,98.46,0.0401,0.0173,0.0194,16000,1024,3789.92,0.9822,0.0169,0.0007,0.0003
2026-08-28T01:36:40.393+02:00,1000,1024,1024,1056,46,348,2,3008,0,249,0,1.385,0.209,0.0661,2.2107,0.3501,0.6958,1.55,1.466,25.064,49.08,49.09,48.92,1.9073,0.284,0.0597,54.6,147.41,98.36,0.102,0.0352,0.0244,42.39,99.42,147.45,0.0871,0.0153,0.0218,16000,1024,529.17,0.7286,0.2547,0.0122,0.0044
2026-08-28T01:37:10.395+02:00,1000,1024,1024,1056,46,348,0,3008,0,249,0,1.3894,0.2112,0.0684,2.0779,0.3498,0.6834,1.534,1.431,20.854,49.21,49.21,49.21,2.0228,0.3025,0.0597,147.58,147.45,98.31,0.0635,0.0358,0.0266,98.5,99.66,147.13,0.0387,0.0192,0.0207,16000,1024,618.99,0.8406,0.1504,0.0073,0.0017
2026-08-28T01:37:40.394+02:00,1000,1024,1024,1056,46,348,0,3008,0,249,0,1.4128,0.2133,0.1402,2.1065,0.371,0.7239,1.534,1.471,15.307,49.21,49.21,339.84,2.0458,0.3058,0.0535,147.66,147.56,210.83,0.068,0.0351,0.0441,98.25,100.22,48.82,0.0443,0.0165,0.0437,16000,1024,1249.25,0.9331,0.0611,0.0045,0.0013
2026-08-28T01:38:10.394+02:00,1000,1024,1024,1056,46,348,0,3008,0,249,0,1.4214,0.2129,0.0595,2.1272,0.348,0.1823,1.528,1.434,2.591,49.21,49.21,49.2,2.0591,0.3029,0.0673,147.63,147.66,98.63,0.0678,0.0392,0.0216,98.42,100.13,147.49,0.0385,0.0182,0.017,16000,1024,798.5,0.895,0.0972,0.0059,0.0019
2026-08-28T01:38:40.394+02:00,1000,1024,1024,1056,46,348,0,3008,0,249,0,1.4529,0.2158,0.2549,2.2127,0.3932,1.6367,1.533,1.441,10.831,49.21,49.21,245.99,2.0998,0.308,0.0935,147.61,147.59,15.69,0.0741,0.0444,0.0816,98.24,100.57,467.17,0.0492,0.0169,0.0789,16000,1024,520.41,0.6636,0.3185,0.0133,0.0046
2026-08-28T01:39:10.396+02:00,1000,1024,1024,1056,46,348,0,3008,0,249,0,1.4484,0.2145,0.1528,2.3488,0.3775,1.3298,1.532,1.429,18.594,49.19,49.2,49.0,2.0963,0.3073,0.0534,147.53,147.53,66.31,0.0734,0.0409,0.0516,98.38,99.58,11.47,0.0451,0.0212,0.0495,16000,1024,637.02,0.863,0.1244,0.0097,0.003
2026-08-28T01:39:40.395+02:00,1000,1024,1024,1056,46,348,0,3008,0,249,0,1.4314,0.2132,0.0593,2.1841,0.37,0.1686,1.528,1.457,2.664,49.2,49.2,49.2,2.0818,0.3063,0.0652,147.53,147.66,98.65,0.0664,0.0402,0.0279,98.28,100.1,147.71,0.0452,0.0188,0.025,16000,1024,872.35,0.8822,0.1089,0.0071,0.0019
2026-08-28T01:40:10.397+02:00,1000,1024,1024,1056,46,348,0,3008,0,249,0,1.4492,0.2139,0.0631,2.1391,0.3413,0.198,1.527,1.44,2.697,49.2,49.2,49.2,2.0961,0.3052,0.072,147.55,147.74,98.74,0.076,0.0404,0.0279,98.32,100.22,147.71,0.0378,0.0158,0.025,16000,1024,728.02,0.7899,0.1949,0.0122,0.003
2026-08-28T01:40:40.398+02:00,1000,1024,1024,1056,46,348,0,3008,0,249,0,1.472,0.2113,0.0589,2.2282,0.3393,0.1806,1.533,1.439,2.732,49.21,49.2,49.24,2.1426,0.305,0.0661,147.57,147.62,147.51,0.0774,0.0419,0.0258,98.42,99.75,98.78,0.0468,0.0183,0.0254,16000,1024,925.52,0.8979,0.0854,0.0111,0.0056
2026-08-28T01:41:10.397+02:00,1000,1024,1024,1056,46,348,0,3008,0,249,0,1.501,0.2133,0.0725,2.2417,0.3574,0.5974,1.53,1.443,15.427,49.2,49.19,49.23,2.1788,0.3055,0.0752,147.58,147.63,147.43,0.0768,0.041,0.0216,98.47,99.8,98.35,0.0451,0.0231,0.0206,16000,1024,619.28,0.8261,0.1606,0.0094,0.0039
2026-08-28T01:41:40.398+02:00,1000,1024,1024,1056,46,348,1,3009,0,249,0,1.4952,0.2125,0.062,2.2443,0.3523,0.1667,1.531,1.431,2.588,49.21,49.2,49.22,2.1287,0.2946,0.0642,38.79,147.67,98.97,0.0917,0.0426,0.028,54.7,17.92,147.67,0.087,0.017,0.0214,16000,1024,617.84,0.9378,0.0513,0.0085,0.0024
2026-08-28T01:42:10.400+02:00,1000,1024,1024,1056,46,348,0,3009,0,249,0,1.4881,0.2189,0.2449,2.2232,0.3755,1.2984,1.531,1.445,6.327,49.18,49.17,8.55,2.1512,0.3104,0.088,147.47,147.49,41.04,0.0726,0.0435,0.0816,98.38,99.87,169.9,0.0421,0.0186,0.0655,16000,1024,484.23,0.8517,0.1273,0.0165,0.0045
2026-08-28T01:42:40.398+02:00,1000,1024,1024,1056,46,348,0,3009,0,249,0,1.5182,0.2116,0.0651,2.2678,0.3422,0.2131,1.532,1.453,2.593,49.2,49.19,49.23,2.2027,0.3021,0.0762,147.51,147.67,98.68,0.0801,0.0445,0.0274,98.34,100.07,147.55,0.0432,0.0182,0.0242,16000,1024,569.92,0.9056,0.0777,0.0135,0.0032
2026-08-28T01:43:10.400+02:00,1000,1024,1024,1056,46,348,0,3009,0,249,0,1.5321,0.2161,0.1888,2.308,0.3646,1.2963,1.534,1.45,12.602,49.14,49.16,99.46,2.2053,0.3059,0.0595,147.39,147.49,380.75,0.0821,0.0452,0.0583,98.22,100.1,169.22,0.0443,0.0222,0.0561,16000,1024,549.12,0.7773,0.1977,0.0192,0.0058
2026-08-28T01:43:40.400+02:00,1000,1024,1024,1056,46,348,0,3009,0,249,0,1.5286,0.2101,0.0662,2.2969,0.3509,0.2033,1.533,1.443,2.725,49.19,49.19,49.24,2.2111,0.299,0.0769,147.51,147.45,98.33,0.0766,0.0452,0.0289,98.4,100.0,147.44,0.0439,0.0184,0.0228,16000,1024,768.65,0.8678,0.1178,0.0125,0.0019
2026-08-28T01:44:10.399+02:00,1000,1024,1024,1056,46,348,0,3009,0,249,0,1.5435,0.2086,0.069,2.3317,0.362,0.2133,1.541,1.44,2.618,49.16,49.17,49.17,2.2321,0.3008,0.0807,147.45,147.41,147.65,0.081,0.0443,0.0268,98.33,100.08,98.39,0.0446,0.0188,0.0241,16000,1024,1022.46,0.9458,0.0466,0.0058,0.0017
2026-08-28T01:44:40.401+02:00,1000,1024,1024,1056,46,348,0,3009,0,249,0,1.5825,0.2109,0.0822,2.3488,0.3525,0.5471,1.54,1.443,8.15,49.17,49.18,49.17,2.2897,0.301,0.0859,147.47,147.46,98.23,0.0846,0.0483,0.0344,98.3,99.88,147.47,0.0445,0.0177,0.0278,16000,1024,1286.56,0.9051,0.0883,0.0054,0.0012
2026-08-28T01:45:10.400+02:00,1000,1024,1024,1056,46,348,1,3010,1,250,0,1.6221,0.2097,0.0811,2.4331,0.3553,0.6492,1.541,1.425,9.372,49.17,49.17,49.14,2.351,0.3002,0.0864,147.48,147.45,98.24,0.0877,0.0509,0.0363,98.43,99.96,147.4,0.0526,0.0198,0.0243,16000,1024,1152.11,0.914,0.0733,0.0087,0.004
2026-08-28T01:45:40.401+02:00,1000,1024,1024,1056,46,348,0,3010,0,250,0,1.6392,0.2204,0.3093,2.457,0.3829,1.2797,1.534,1.427,4.95,49.18,49.17,100.24,2.3604,0.3105,0.1233,147.5,147.56,17.99,0.0844,0.058,0.1127,98.26,100.1,176.9,0.0418,0.0233,0.1043,16000,1024,653.5,0.9044,0.079,0.0144,0.0022
2026-08-28T01:46:10.400+02:00,1000,1024,1024,1056,46,348,0,3010,0,250,0,1.6583,0.2081,0.0749,2.4369,0.3563,0.2156,1.529,1.433,2.471,49.16,49.17,49.17,2.3894,0.2959,0.0932,147.44,147.37,98.32,0.085,0.05,0.029,98.3,100.19,147.27,0.0442,0.0192,0.0206,16000,1024,455.25,0.7091,0.2643,0.0237,0.0029
2026-08-28T01:46:40.403+02:00,1000,1024,1024,1056,46,348,1,3011,0,250,0,1.681,0.21,0.075,2.5031,0.3587,0.2188,1.536,1.445,2.615,49.17,49.17,49.18,2.4318,0.2986,0.0893,147.49,147.55,98.55,0.0858,0.0547,0.032,98.29,99.87,147.63,0.0443,0.022,0.0272,16000,1024,969.24,0.9393,0.0499,0.0089,0.0019
2026-08-28T01:47:10.405+02:00,1000,1024,1024,1056,46,348,1,3012,0,250,0,1.7255,0.2093,0.0801,2.6447,0.3489,0.2055,1.533,1.444,2.336,49.09,49.1,49.08,2.4421,0.292,0.0941,147.13,147.24,97.95,0.0784,0.0511,0.0277,54.61,99.69,147.19,0.0566,0.0218,0.0244,16000,1024,713.92,0.9175,0.0731,0.0076,0.0018
2026-08-28T01:47:40.401+02:00,1000,1024,1024,1056,46,348,0,3012,0,250,0,1.7301,0.208,0.0827,2.5715,0.3516,0.254,1.536,1.447,2.568,49.15,49.15,49.14,2.4964,0.2952,0.1082,147.36,147.32,98.35,0.0886,0.0522,0.0254,98.29,100.01,147.43,0.0462,0.0226,0.0215,16000,1024,606.99,0.8902,0.0959,0.0116,0.0023
2026-08-28T01:48:10.402+02:00,1000,1024,1024,1056,46,348,0,3012,0,250,0,1.7563,0.208,0.0874,2.6066,0.3646,0.6688,1.529,1.446,8.416,49.17,49.17,49.15,2.5241,0.2944,0.0928,147.46,147.46,98.81,0.0914,0.0487,0.0295,98.24,100.05,147.64,0.0492,0.0253,0.0296,16000,1024,745.23,0.7978,0.1866,0.0114,0.0042
2026-08-28T01:48:40.404+02:00,1000,1024,1024,1056,46,348,0,3012,0,250,0,1.7949,0.2081,0.0952,2.6803,0.337,0.7617,1.528,1.437,8.981,49.12,49.13,49.14,2.5729,0.2941,0.1139,147.33,147.32,98.51,0.0858,0.0511,0.0308,98.18,100.04,147.72,0.0503,0.0206,0.025,16000,1024,3089.71,0.9604,0.0319,0.0063,0.0014
2026-08-28T01:49:10.403+02:00,1000,1024,1024,1056,46,348,0,3012,0,250,0,1.8036,0.2061,0.0909,2.6729,0.36,0.6503,1.527,1.45,6.907,49.15,49.15,49.15,2.5944,0.2913,0.1086,147.41,147.4,98.38,0.0868,0.0494,0.0318,98.17,100.1,147.5,0.0582,0.0228,0.0248,16000,1024,922.53,0.8241,0.1616,0.011,0.0034
2026-08-28T01:49:40.404+02:00,1000,1024,1024,1056,46,348,0,3012,0,250,0,1.858,0.2069,0.127,3.3596,0.3472,0.8224,1.528,1.458,14.843,49.07,49.08,49.09,2.6327,0.2878,0.1181,147.2,147.15,98.32,0.0895,0.0528,0.0431,43.46,100.02,147.32,0.0436,0.0235,0.0372,16000,1024,773.28,0.8297,0.1589,0.0097,0.0017
2026-08-28T01:50:10.407+02:00,1000,1024,1024,1056,46,348,2,3014,0,250,0,1.8726,0.2078,0.0927,2.8067,0.3658,0.2681,1.53,1.444,2.115,49.11,49.12,49.1,2.4863,0.2746,0.1083,36.4,147.41,147.36,0.2629,0.0476,0.0262,40.69,40.88,98.47,0.262,0.0287,0.0207,16000,1024,876.85,0.7781,0.2018,0.0169,0.0031
2026-08-28T01:50:40.404+02:00,1000,1024,1024,1056,46,349,0,3014,0,250,0,1.8719,0.2078,0.1116,2.76,0.3629,0.6657,1.521,1.435,8.725,49.16,49.16,49.14,2.696,0.2952,0.1084,147.41,147.39,98.33,0.0938,0.0512,0.0396,98.38,99.66,147.41,0.0504,0.0191,0.0176,16000,1024,1692.35,0.9352,0.0573,0.0065,0.0011
2026-08-28T01:51:10.404+02:00,1000,1024,1024,1056,46,350,0,3014,0,250,0,1.9084,0.2076,0.094,2.8427,0.3383,0.2499,1.529,1.432,2.274,49.17,49.16,49.15,2.765,0.2965,0.1193,147.44,147.43,147.48,0.0972,0.0592,0.0285,98.46,100.08,98.14,0.0467,0.0217,0.0293,16000,1024,3527.76,0.9766,0.0219,0.0012,0.0003
2026-08-28T01:51:40.405+02:00,1000,1024,1024,1056,46,350,0,3014,0,250,0,1.9485,0.2081,0.0945,2.8893,0.3771,0.2175,1.524,1.456,2.095,49.19,49.19,49.14,2.8237,0.2964,0.1222,147.54,147.61,98.64,0.098,0.0539,0.0353,98.25,99.97,147.51,0.0574,0.0255,0.0275,16000,1024,706.43,0.818,0.1667,0.0131,0.0022
2026-08-28T01:52:10.407+02:00,1000,1024,1024,1056,46,350,0,3014,0,250,0,1.9462,0.2082,0.0949,2.8911,0.3825,0.2278,1.528,1.45,2.039,49.14,49.13,49.18,2.8092,0.2958,0.1231,147.46,147.37,98.47,0.0945,0.0561,0.0312,98.24,100.22,147.49,0.0533,0.0202,0.0259,16000,1024,819.11,0.7442,0.2364,0.0166,0.0029
2026-08-28T01:52:40.405+02:00,1000,1024,1024,1056,46,350,0,3014,0,250,0,1.9622,0.2062,0.0965,2.9261,0.3575,0.2428,1.52,1.43,2.129,49.18,49.18,49.17,2.8307,0.2911,0.1233,147.47,147.51,147.69,0.0961,0.0549,0.0298,98.45,100.03,98.27,0.0561,0.0235,0.0297,16000,1024,3503.82,0.9676,0.0276,0.004,0.0009
2026-08-28T01:53:10.411+02:00,1000,1024,1024,1056,46,350,0,3014,0,250,0,1.9819,0.2134,0.2219,2.9121,0.3632,1.4055,1.523,1.431,12.081,49.2,49.2,49.29,2.8683,0.3015,0.1316,147.56,147.63,10.24,0.0963,0.0574,0.095,98.37,100.15,36.49,0.0532,0.0235,0.0567,16000,1024,935.03,0.8117,0.1721,0.0141,0.0021
2026-08-28T01:53:40.413+02:00,1000,1024,1029,1061,46,351,1,3015,0,250,0,1.9922,0.2101,0.0987,2.9099,0.3804,0.23,1.519,1.442,2.071,49.18,49.18,49.2,2.8732,0.2986,0.1271,147.56,147.49,98.31,0.0988,0.0557,0.0386,98.32,100.21,147.47,0.056,0.0182,0.0288,16000,1024,776.02,0.8166,0.1691,0.0123,0.002
2026-08-28T01:54:10.406+02:00,1000,1024,1024,1056,46,352,0,3015,0,250,0,2.0347,0.2106,0.1047,3.0043,0.3543,0.2562,1.517,1.46,1.903,49.21,49.21,49.18,2.9474,0.3006,0.1391,147.6,147.56,98.28,0.1,0.0586,0.0322,98.41,100.1,147.67,0.0504,0.026,0.0245,16000,1024,747.5,0.6688,0.309,0.0189,0.0033
2026-08-28T01:54:40.406+02:00,1000,1024,1024,1056,46,352,0,3015,0,250,0,2.0209,0.2097,0.1043,3.0038,0.3452,0.2502,1.522,1.423,1.93,49.18,49.18,49.22,2.9249,0.2966,0.138,147.48,147.51,98.59,0.0959,0.0619,0.0321,98.31,100.12,147.4,0.0547,0.0226,0.0244,16000,1024,461.12,0.5131,0.44,0.0376,0.0093
2026-08-28T01:55:10.408+02:00,1000,1024,1024,1056,46,352,0,3015,0,250,0,2.013,0.2128,0.1408,3.5503,0.3552,0.8268,1.527,1.437,11.048,49.18,49.19,49.15,2.9131,0.3015,0.1387,147.51,147.49,147.49,0.1013,0.0584,0.034,98.31,100.08,4.23,0.059,0.025,0.0344,16000,1024,663.2,0.6496,0.326,0.0212,0.0032
2026-08-28T01:55:40.409+02:00,1000,1024,1024,1056,46,352,0,3015,0,250,0,2.0366,0.2235,0.3209,2.9861,0.4013,1.5952,1.517,1.446,5.068,49.19,49.19,475.94,2.9451,0.3136,0.1219,147.51,147.47,48.73,0.0981,0.0608,0.1037,98.49,99.56,328.86,0.055,0.0258,0.1022,16000,1024,820.56,0.7055,0.272,0.0195,0.003
2026-08-28T01:56:10.410+02:00,1000,1024,1024,1056,46,352,0,3015,0,250,0,2.0081,0.2123,0.1016,2.9783,0.3713,0.256,1.518,1.427,1.944,49.09,49.09,49.06,2.8612,0.296,0.1319,147.29,147.34,98.64,0.0912,0.0597,0.0321,98.1,99.85,147.23,0.0614,0.0199,0.0281,16000,1024,1964.82,0.9055,0.0858,0.0077,0.0011
2026-08-28T01:56:40.409+02:00,1000,1024,1024,1056,46,352,0,3015,0,250,0,2.0296,0.211,0.1431,3.7431,0.3666,1.576,1.519,1.438,34.775,49.16,49.17,49.17,2.9338,0.3006,0.1585,147.44,147.49,98.04,0.0996,0.0569,0.041,98.24,100.07,2.44,0.0529,0.0234,0.0403,16000,1024,1377.09,0.8362,0.1525,0.0099,0.0014
2026-08-28T01:57:10.409+02:00,1000,1024,1024,1056,46,352,0,3015,0,250,0,2.0279,0.2121,0.1021,3.0021,0.3689,0.2436,1.512,1.438,1.905,49.16,49.17,49.18,2.9209,0.303,0.1336,147.41,147.32,147.32,0.0969,0.0599,0.031,98.35,100.12,98.13,0.0568,0.0232,0.0331,16000,1024,646.71,0.4845,0.481,0.0285,0.006
2026-08-28T01:57:40.410+02:00,1000,1024,1024,1056,46,352,0,3015,0,250,0,2.0025,0.211,0.0994,2.9501,0.3584,0.2281,1.515,1.416,1.979,49.15,49.14,49.12,2.8858,0.2986,0.1298,147.33,147.41,147.49,0.0983,0.0609,0.0306,98.23,100.04,98.28,0.0579,0.0208,0.0318,16000,1024,601.76,0.69,0.2776,0.0269,0.0055
2026-08-28T01:58:10.410+02:00,1000,1024,1024,1056,46,353,0,3015,0,250,0,2.0201,0.213,0.162,2.9704,0.3513,0.7939,1.516,1.436,9.813,49.16,49.16,49.13,2.9151,0.3012,0.1171,147.45,147.42,212.13,0.0982,0.0638,0.053,98.2,100.06,69.04,0.0552,0.023,0.0486,16000,1024,1456.59,0.7994,0.1885,0.0105,0.0016
2026-08-28T01:58:40.412+02:00,1000,1024,1024,1056,46,353,0,3015,0,250,0,0.0241,0.0212,0.092,0.0672,0.0644,1.3747,2.767,2.792,98.753,93.06,128.47,63.46,0.007,0.0073,0.0128,88.02,21.9,22.3,0.0067,0.0066,0.0113,21.35,10.33,136.01,0.0065,0.007,0.0114,16000,1024,468.82,0.9333,0.0515,0.0131,0.0021
2026-08-28T01:59:10.410+02:00,1000,1024,1024,1056,46,353,0,3015,0,250,0,0.0243,0.0221,0.1074,0.076,0.0723,1.2986,2.942,2.72,63.719,76.34,122.63,8.78,0.0084,0.0071,0.0491,66.34,249.71,2.39,0.0079,0.0066,0.05,131.56,98.98,226.03,0.0064,0.0062,0.0464,16000,1024,350.99,0.9171,0.0632,0.0175,0.0023
2026-08-28T01:59:40.411+02:00,1000,1024,1024,1056,46,353,0,3015,0,250,0,0.0238,0.0212,0.1112,0.0897,0.0709,1.1789,3.178,2.902,37.788,89.96,133.86,4.65,0.0078,0.007,0.0521,118.07,9.59,9.28,0.0069,0.0065,0.0446,136.31,218.86,271.38,0.0063,0.0059,0.0373,16000,1024,434.26,0.9634,0.0267,0.0089,0.001
2026-08-28T02:00:10.411+02:00,1000,1024,1024,1056,46,353,0,3015,0,250,0,0.0238,0.0211,0.1505,0.0782,0.0766,1.699,3.004,3.089,57.062,4.33,10.21,87.97,0.0091,0.0079,0.0156,25.1,30.17,34.3,0.0073,0.0064,0.0147,109.55,58.38,6.21,0.0068,0.0062,0.0159,16000,1024,322.02,0.9442,0.0402,0.0142,0.0014
2026-08-28T02:00:40.412+02:00,1000,1024,1024,1056,46,353,0,3015,0,250,0,0.0234,0.0207,0.0316,0.0784,0.0748,0.0973,3.193,3.215,2.88,45.06,110.15,158.11,0.0078,0.0063,0.012,195.58,96.25,44.9,0.0075,0.0065,0.0098,272.21,35.75,29.66,0.0069,0.0057,0.0104,16000,1024,1418.03,0.9602,0.0309,0.0072,0.0016
2026-08-28T02:01:10.414+02:00,1000,1024,1024,1056,46,353,0,3015,0,250,0,0.0214,0.0217,0.1133,0.0732,0.0784,0.983,2.958,3.396,33.399,116.45,28.56,3.56,0.0066,0.0064,0.0288,39.33,43.65,392.78,0.0062,0.0066,0.0224,86.3,101.12,11.06,0.006,0.0064,0.0213,16000,1024,878.11,0.9793,0.0141,0.0057,0.0009
2026-08-28T02:01:40.412+02:00,1000,1024,1024,1056,46,353,0,3015,0,250,0,0.0241,0.0355,0.2951,0.0672,0.1365,1.3093,2.706,4.587,7.299,5.14,5.51,5.53,0.0078,0.0171,0.1422,176.87,14.94,14.8,0.0075,0.0109,0.1022,110.67,411.47,411.35,0.0078,0.0102,0.096,16000,1024,3121.02,0.9965,0.0027,0.0007,0.0001
2026-08-28T02:02:10.414+02:00,1000,1024,1024,1056,46,353,0,3015,0,250,0,0.0227,0.0198,0.0466,0.0677,0.0742,0.6965,2.739,3.256,99.476,94.74,42.07,36.24,0.007,0.0067,0.0115,186.62,159.32,1.5,0.0065,0.0061,0.014,11.21,108.99,24.21,0.007,0.0063,0.0105,16000,1024,793.87,0.9752,0.0205,0.0036,0.0006
2026-08-28T02:02:40.413+02:00,1000,1024,1024,1056,46,353,0,3015,0,250,0,0.0237,0.0236,0.1495,0.0793,0.087,0.7288,2.866,3.958,16.432,135.37,333.74,333.86,0.0074,0.0073,0.0573,150.55,428.61,94.72,0.0071,0.0068,0.0438,96.56,92.72,430.79,0.0067,0.0067,0.0432,16000,1024,2250.42,0.9843,0.0116,0.0033,0.0008
2026-08-28T02:03:10.414+02:00,1000,1024,1024,1056,46,353,0,3015,0,250,0,0.0235,0.0199,0.0307,0.0757,0.066,0.1041,2.763,3.233,3.29,133.66,2.27,54.58,0.0074,0.0067,0.0104,51.45,72.94,161.1,0.0077,0.0062,0.0103,18.57,18.45,188.75,0.0071,0.0057,0.01,16000,1024,351.96,0.9397,0.0466,0.0119,0.0018
2026-08-28T02:03:40.414+02:00,1000,1024,1024,1056,46,354,0,3015,0,250,0,0.0222,0.0358,0.3076,0.0713,0.1822,1.8842,2.993,5.384,9.381,71.28,257.82,12.17,0.0074,0.0111,0.1612,105.75,346.25,104.82,0.007,0.0116,0.0986,149.98,128.76,390.16,0.0072,0.0107,0.1051,16000,1024,717.57,0.9629,0.0333,0.0033,0.0005
2026-08-28T02:04:10.419+02:00,1000,1024,1024,1056,46,354,14,3029,0,250,0,0.0239,0.0225,0.0481,0.0783,0.0913,0.7196,2.93,3.248,95.701,32.46,22.86,53.03,0.0084,0.0085,0.0169,66.69,54.78,21.06,0.0071,0.007,0.0168,48.82,30.97,14.97,0.0064,0.0072,0.0145,16000,1024,1233.27,0.9793,0.0176,0.0028,0.0003
2026-08-28T02:04:40.415+02:00,1000,1024,1024,1056,46,354,0,3029,0,250,0,0.0237,0.0333,0.2703,0.0773,0.1654,1.6619,3.177,5.618,11.113,107.4,408.21,408.1,0.0066,0.0106,0.0882,39.99,92.58,141.17,0.0065,0.0095,0.08,125.05,6.86,3.31,0.0059,0.0093,0.0778,16000,1024,974.52,0.9513,0.0381,0.0089,0.0017
2026-08-28T02:05:10.417+02:00,1000,1024,1024,1056,46,354,0,3029,0,250,0,0.025,0.0211,0.0312,0.092,0.0776,0.1146,3.284,3.281,3.222,103.41,7.55,75.33,0.0083,0.0056,0.0133,6.37,104.89,4.04,0.0087,0.0059,0.0097,59.3,76.01,149.47,0.0069,0.0053,0.0083,16000,1024,508.02,0.9641,0.029,0.0061,0.0008
2026-08-28T02:05:40.415+02:00,1000,1024,1024,1056,46,354,0,3029,0,250,0,0.0225,0.0217,0.1417,0.0787,0.0928,1.2937,2.916,3.23,30.602,4.88,93.11,3.65,0.0081,0.0071,0.0532,91.05,30.18,137.04,0.0071,0.0067,0.0463,259.89,191.9,11.78,0.0063,0.0066,0.0449,16000,1024,664.11,0.9631,0.0224,0.0126,0.0019
2026-08-28T02:06:10.416+02:00,1000,1024,1024,1056,46,354,0,3029,0,250,0,0.0228,0.0202,0.0713,0.0774,0.0635,0.745,3.237,2.996,61.755,130.89,74.25,26.36,0.0087,0.0074,0.0174,101.84,62.28,207.61,0.0074,0.0075,0.0188,76.78,199.03,289.75,0.0069,0.0071,0.0174,16000,1024,1624.82,0.9918,0.0058,0.0021,0.0003
2026-08-28T02:06:40.416+02:00,1000,1024,1024,1056,46,354,0,3029,0,250,0,0.0234,0.0204,0.0325,0.0854,0.0696,0.1078,3.298,2.848,2.954,193.51,8.02,78.34,0.0074,0.0069,0.0105,131.09,29.87,144.19,0.0074,0.0071,0.009,74.52,70.96,110.41,0.0072,0.0068,0.0084,16000,1024,1049.97,0.9716,0.0218,0.0055,0.0011
2026-08-28T02:07:10.417+02:00,1000,1024,1024,1056,46,354,0,3029,0,250,0,0.0238,0.0224,0.125,0.0854,0.0682,1.2834,2.925,2.75,42.092,51.09,96.74,9.95,0.0117,0.0072,0.05,81.66,13.54,1.58,0.0074,0.0072,0.0482,30.61,43.98,423.43,0.0068,0.0059,0.0429,16000,1024,423.15,0.966,0.0266,0.0067,0.0008
2026-08-28T02:07:40.417+02:00,1000,1024,1024,1056,46,354,0,3029,0,250,0,0.0237,0.0214,0.0315,0.0801,0.0631,0.0974,3.06,2.813,2.944,113.02,79.69,78.21,0.007,0.0077,0.0122,40.0,10.42,118.55,0.0066,0.0071,0.0107,149.7,50.49,111.85,0.0063,0.0061,0.0096,16000,1024,613.52,0.9757,0.0198,0.0038,0.0006
2026-08-28T02:08:10.419+02:00,1000,1024,1024,1056,46,354,0,3029,0,250,0,0.0244,0.0263,0.171,0.0918,0.0915,0.7021,3.063,3.692,11.433,62.73,202.11,359.2,0.0069,0.0082,0.0707,96.71,338.86,338.76,0.0065,0.0078,0.0676,87.71,419.84,319.98,0.0067,0.0074,0.0669,16000,1024,1030.55,0.9711,0.0229,0.0053,0.0007
2026-08-28T02:08:40.418+02:00,1000,1024,1024,1056,46,354,0,3029,0,250,0,0.0253,0.0214,0.0453,0.0756,0.0781,0.7084,2.705,2.994,117.619,148.49,152.38,42.09,0.0074,0.0063,0.0109,118.13,236.45,28.35,0.0068,0.0062,0.0088,92.4,184.83,20.44,0.0076,0.0057,0.0084,16000,1024,4292.8,0.9728,0.0209,0.0051,0.0013
2026-08-28T02:09:10.420+02:00,1000,1024,1024,1056,46,354,0,3029,0,250,0,0.0243,0.021,0.0329,0.0842,0.0755,0.1142,2.887,2.77,3.204,91.95,78.79,4.65,0.0078,0.0058,0.0116,26.77,69.06,139.67,0.0073,0.0056,0.0107,56.22,187.86,11.41,0.0076,0.0057,0.0105,16000,1024,430.71,0.9637,0.0272,0.0081,0.001
2026-08-28T02:09:40.420+02:00,1000,1024,1024,1056,46,354,0,3029,0,250,0,0.0222,0.0211,0.0309,0.0699,0.0719,0.1082,3.049,3.276,3.242,95.73,64.51,7.03,0.008,0.0085,0.0106,104.25,259.96,106.06,0.0078,0.006,0.0104,9.56,113.17,29.54,0.0063,0.0059,0.0091,16000,1024,1327.71,0.9657,0.0298,0.0038,0.0007
2026-08-28T02:10:10.419+02:00,1000,1024,1024,1056,46,354,1,3030,0,250,0,0.0239,0.0427,0.3787,0.0867,0.144,1.4353,2.974,2.734,3.04,50.01,326.47,326.52,0.0095,0.0162,0.1742,98.42,58.32,445.49,0.0082,0.0151,0.1524,6.94,353.28,58.3,0.0068,0.0142,0.1446,16000,1024,627.03,0.9292,0.0568,0.0126,0.0014
2026-08-28T02:10:40.421+02:00,1000,1024,1024,1056,46,354,0,3030,0,250,0,0.023,0.0214,0.0745,0.077,0.075,0.7148,3.06,3.428,50.609,56.67,16.73,22.45,0.0078,0.0067,0.0274,126.36,158.78,5.04,0.0078,0.0062,0.0237,68.39,62.63,44.7,0.0063,0.006,0.0228,16000,1024,3524.88,0.9965,0.0026,0.0008,0.0002
2026-08-28T02:11:10.422+02:00,1000,1024,1024,1056,46,354,1,3031,0,250,0,0.0237,0.0298,0.2338,0.0828,0.1469,1.3336,3.203,5.915,11.59,61.92,189.72,10.3,0.009,0.0106,0.1004,204.94,166.07,3.82,0.0067,0.0096,0.0718,102.61,10.5,165.95,0.0063,0.0095,0.0692,16000,1024,1099.58,0.9867,0.01,0.0029,0.0004
2026-08-28T02:11:40.425+02:00,1000,1024,1024,1056,46,354,0,3031,0,250,0,0.0241,0.0218,0.0334,0.0845,0.0752,0.116,2.994,3.076,2.903,99.35,23.72,11.54,0.0098,0.0088,0.0113,75.51,9.65,304.17,0.0082,0.006,0.0112,21.88,40.75,72.13,0.0079,0.0057,0.0087,16000,1024,394.4,0.974,0.0166,0.0083,0.0011
2026-08-28T02:12:10.422+02:00,1000,1024,1024,1056,46,354,0,3031,0,250,0,0.0248,0.0267,0.1635,0.08,0.0882,0.7097,2.871,3.636,12.851,108.55,62.74,339.09,0.0122,0.0087,0.0526,65.13,182.71,142.2,0.0088,0.0081,0.0545,133.18,166.81,157.29,0.0084,0.008,0.0493,16000,1024,1059.4,0.9538,0.0386,0.007,0.0006
2026-08-28T02:12:40.421+02:00,1000,1024,1024,1056,46,354,0,3031,0,250,0,0.0241,0.0243,0.1375,0.0767,0.0948,0.7248,2.908,4.218,19.289,6.78,184.86,107.45,0.0077,0.0092,0.044,101.41,30.41,261.34,0.0072,0.0073,0.0498,46.83,59.31,77.03,0.0066,0.0072,0.0435,16000,1024,794.0,0.9692,0.0241,0.0057,0.0011
2026-08-28T02:13:10.422+02:00,1000,1024,1024,1056,46,354,0,3031,0,250,0,0.0229,0.0442,0.3927,0.0837,0.1447,1.4563,3.144,2.858,3.495,11.89,308.98,275.68,0.0073,0.0152,0.1524,6.5,275.81,415.36,0.007,0.0149,0.1471,99.23,385.67,308.92,0.0075,0.0139,0.1405,16000,1024,1076.04,0.9893,0.0075,0.0029,0.0004
2026-08-28T02:13:40.422+02:00,1000,1024,1024,1056,46,354,1,3032,0,250,0,0.0229,0.0204,0.0314,0.0775,0.0779,0.0905,3.265,3.076,2.541,15.61,19.52,20.31,0.0084,0.0071,0.0109,161.93,5.11,84.23,0.007,0.0072,0.0104,88.25,37.0,127.45,0.0072,0.0061,0.0104,16000,1024,305.46,0.8572,0.1028,0.035,0.005
2026-08-28T02:14:10.424+02:00,1000,1024,1024,1056,46,354,0,3032,0,250,0,0.0233,0.0432,0.3936,0.0649,0.1528,1.481,2.642,2.963,3.474,67.36,152.39,275.91,0.0082,0.0153,0.1549,53.48,275.86,342.69,0.0082,0.0145,0.1242,1.74,342.62,252.28,0.0072,0.0141,0.1277,16000,1024,345.78,0.855,0.1088,0.0323,0.0038
2026-08-28T02:14:40.423+02:00,1000,1024,1024,1056,46,354,0,3032,0,250,0,0.0226,0.0355,0.2817,0.0787,0.1439,1.3246,2.918,4.146,6.543,38.71,7.24,7.07,0.0078,0.0121,0.1198,117.61,370.33,399.83,0.0073,0.0105,0.0917,194.0,135.86,200.04,0.0065,0.0094,0.083,16000,1024,297.54,0.831,0.1331,0.0317,0.0042
2026-08-28T02:15:10.424+02:00,1000,1024,1024,1056,46,354,0,3032,0,250,0,0.0229,0.021,0.0298,0.0757,0.0818,0.0925,2.83,3.067,2.839,127.87,16.0,87.96,0.0071,0.007,0.0101,121.56,38.75,168.3,0.0076,0.006,0.0096,115.84,116.48,17.06,0.0073,0.0055,0.0098,16000,1024,1164.52,0.9918,0.0061,0.0018,0.0003
2026-08-28T02:15:40.425+02:00,1000,1024,1024,1056,46,354,2,3034,0,250,0,0.026,0.0213,0.0974,0.2151,0.1068,1.9287,10.329,3.711,247.708,2.86,37.37,18.29,0.0077,0.0064,0.0122,62.8,144.89,77.71,0.0074,0.0065,0.0117,34.16,74.76,71.14,0.0068,0.0063,0.0105,16000,1024,718.73,0.981,0.0149,0.0036,0.0005
2026-08-28T02:16:10.423+02:00,1000,1024,1024,1056,46,354,1,3035,0,250,0,0.0237,0.021,0.0861,0.0844,0.0733,1.1356,3.057,2.958,68.191,23.47,110.22,4.06,0.0077,0.0071,0.0375,47.75,62.88,178.99,0.0075,0.0065,0.0333,32.35,45.65,174.32,0.0069,0.0061,0.0331,16000,1024,932.23,0.9829,0.012,0.0046,0.0005
2026-08-28T02:16:40.424+02:00,1000,1024,1024,1056,46,354,1,3036,0,250,0,0.0231,0.0433,0.3917,0.082,0.1798,1.7709,3.313,3.781,4.713,27.53,22.5,257.02,0.0084,0.0146,0.1268,68.06,325.17,206.95,0.0065,0.0145,0.1227,84.35,256.77,325.02,0.0071,0.0138,0.1226,16000,1024,417.65,0.9491,0.0424,0.0071,0.0013
2026-08-28T02:17:10.426+02:00,1000,1024,1024,1056,46,354,0,3036,0,250,0,0.0232,0.0337,0.28,0.0822,0.174,1.6308,3.179,5.598,10.207,93.56,7.99,8.15,0.0079,0.0144,0.1369,17.29,79.5,307.8,0.007,0.011,0.0935,112.92,304.61,79.46,0.0064,0.0096,0.0804,16000,1024,1025.82,0.9867,0.0088,0.004,0.0005
2026-08-28T02:17:40.435+02:00,1000,1024,1024,1056,46,354,0,3036,0,250,0,0.0231,0.0212,0.0658,0.0731,0.1031,0.724,2.755,3.662,73.105,12.49,12.07,64.26,0.0079,0.0081,0.0155,54.64,55.91,184.51,0.0076,0.006,0.0146,2.84,191.72,12.86,0.0068,0.0061,0.0146,16000,1024,456.3,0.9574,0.0347,0.0068,0.0011
2026-08-28T02:18:10.427+02:00,1000,1024,1024,1056,46,354,0,3036,0,250,0,0.0226,0.0209,0.0502,0.0931,0.0636,0.8294,3.362,2.937,146.181,110.48,209.08,140.28,0.0076,0.0065,0.0157,33.55,143.33,165.03,0.0073,0.0059,0.0129,57.68,264.09,129.14,0.0067,0.0061,0.013,16000,1024,475.06,0.9694,0.021,0.0086,0.001
2026-08-28T02:18:40.426+02:00,1000,1024,1024,1056,46,354,0,3036,0,250,0,0.0249,0.0203,0.0419,0.0843,0.0702,0.5796,2.971,3.047,73.091,11.51,69.31,64.62,0.0085,0.0058,0.0114,30.92,18.96,95.66,0.0079,0.0059,0.0097,80.69,109.64,154.73,0.0073,0.0056,0.01,16000,1024,619.03,0.9744,0.0205,0.0045,0.0006
2026-08-28T02:19:10.428+02:00,1000,1024,1024,1056,46,354,0,3036,0,250,0,0.0228,0.0351,0.2792,0.0715,0.1438,1.2924,2.77,5.026,8.163,11.98,5.96,5.92,0.0086,0.0128,0.1143,103.15,25.39,10.69,0.0063,0.0121,0.0888,6.29,133.63,16.71,0.006,0.01,0.0883,16000,1024,824.93,0.9931,0.0047,0.002,0.0002
2026-08-28T02:19:40.426+02:00,1000,1024,1024,1056,46,354,0,3036,0,250,0,0.0226,0.0207,0.0286,0.0916,0.0655,0.0891,3.038,2.942,2.771,44.14,87.88,252.14,0.0075,0.0071,0.0091,4.32,100.63,78.21,0.0079,0.0067,0.0086,193.36,48.46,43.18,0.0071,0.0061,0.0085,16000,1024,453.51,0.9751,0.0193,0.0047,0.0009
2026-08-28T02:20:10.428+02:00,1000,1024,1024,1056,46,354,0,3036,0,250,0,0.0224,0.0344,0.2691,0.0695,0.1726,1.6201,2.792,5.063,8.918,46.84,9.09,9.05,0.0068,0.0181,0.1462,106.73,74.02,315.36,0.0066,0.0124,0.1062,78.94,315.17,73.89,0.0064,0.0106,0.0928,16000,1024,487.79,0.9325,0.0404,0.0246,0.0026
2026-08-28T02:20:40.427+02:00,1000,1024,1024,1056,46,354,0,3036,0,250,0,0.0235,0.0199,0.0317,0.0733,0.0682,0.1104,2.767,3.144,3.037,76.34,38.24,116.9,0.0068,0.006,0.0101,124.26,150.5,66.91,0.0068,0.0058,0.0105,66.83,62.24,57.76,0.0069,0.006,0.0098,16000,1024,1577.76,0.9771,0.0183,0.0038,0.0008
2026-08-28T02:21:10.429+02:00,1000,1024,1024,1056,46,354,0,3036,0,250,0,0.0236,0.0334,0.2399,0.0696,0.1802,1.6314,2.783,5.38,11.505,3.69,8.75,8.59,0.008,0.0142,0.1037,105.48,81.96,419.99,0.0061,0.01,0.0721,121.44,131.73,4.21,0.0062,0.0099,0.0718,16000,1024,220.39,0.903,0.0787,0.0155,0.0028
2026-08-28T02:21:40.429+02:00,1000,1024,1024,1056,46,354,0,3036,0,250,0,0.0223,0.02,0.059,0.0674,0.0649,0.6988,2.804,2.86,67.91,131.64,29.88,118.35,0.0082,0.0077,0.0115,180.35,177.9,138.11,0.0082,0.0068,0.01,136.72,62.98,157.77,0.0072,0.0076,0.0114,16000,1024,688.68,0.9859,0.0103,0.0034,0.0005
2026-08-28T02:22:10.428+02:00,1000,1024,1024,1056,46,354,0,3036,0,250,0,0.0223,0.0419,0.3621,0.077,0.1546,1.524,3.018,3.312,4.05,65.35,313.74,42.6,0.0071,0.0116,0.1189,108.69,227.3,313.67,0.0071,0.0114,0.1095,47.04,184.52,37.98,0.0065,0.011,0.1022,16000,1024,2629.17,0.9948,0.0044,0.0007,0.0001
2026-08-28T02:22:40.429+02:00,1000,1024,1024,1056,46,354,0,3036,0,250,0,0.0233,0.0198,0.032,0.0829,0.0578,0.1175,2.976,2.808,3.237,17.38,81.05,80.37,0.0077,0.0053,0.0111,89.57,75.8,12.12,0.0075,0.0054,0.0108,211.85,205.17,110.39,0.0068,0.0049,0.0097,16000,1024,347.8,0.9039,0.066,0.0271,0.0031
2026-08-28T02:23:10.431+02:00,1000,1024,1024,1056,46,354,0,3036,0,250,0,0.0229,0.0208,0.0323,0.0752,0.0727,0.1059,3.089,3.204,2.972,56.38,102.33,41.1,0.0071,0.0068,0.0103,107.44,159.13,67.11,0.0063,0.0064,0.0101,16.58,44.38,89.32,0.0058,0.0064,0.0091,16000,1024,448.81,0.9395,0.0461,0.0128,0.0016
2026-08-28T02:23:40.430+02:00,1000,1024,1024,1056,46,354,0,3036,0,250,0,0.0233,0.0232,0.078,0.0766,0.2024,1.61,3.025,11.626,284.646,199.03,125.68,75.46,0.0074,0.007,0.0103,237.22,167.0,35.46,0.0071,0.0058,0.0093,2.19,41.85,20.15,0.0068,0.0058,0.0093,16000,1024,559.5,0.9745,0.0196,0.0052,0.0006
2026-08-28T02:24:10.431+02:00,1000,1024,1024,1056,46,354,1,3037,0,250,0,0.0219,0.0437,0.3954,0.0728,0.1843,1.8003,2.729,3.834,4.619,204.78,123.88,77.14,0.0073,0.0137,0.1282,115.22,325.07,430.0,0.0064,0.0133,0.1231,278.01,220.12,325.19,0.0064,0.0134,0.113,16000,1024,1320.09,0.988,0.0095,0.0023,0.0003
2026-08-28T02:24:40.430+02:00,1000,1024,1024,1056,46,354,0,3037,0,250,0,0.0224,0.0198,0.0437,0.0707,0.0788,0.6733,2.917,3.367,108.021,129.08,81.63,109.15,0.0072,0.0075,0.0157,196.92,14.62,70.9,0.0075,0.006,0.0142,83.34,54.23,162.4,0.0061,0.006,0.0137,16000,1024,509.85,0.9358,0.0471,0.0156,0.0015
2026-08-28T02:25:10.432+02:00,1000,1024,1024,1056,46,354,0,3037,0,250,0,0.0217,0.038,0.3174,0.0692,0.186,1.775,2.7,5.916,8.321,12.82,9.46,12.6,0.0076,0.0151,0.1256,232.55,266.87,266.7,0.006,0.0129,0.1081,125.55,121.08,317.47,0.0067,0.012,0.1034,16000,1024,576.2,0.9695,0.0226,0.0069,0.0011
2026-08-28T02:25:40.437+02:00,1000,1024,1024,1056,46,354,0,3037,0,250,0,0.0241,0.0414,0.3499,0.089,0.1555,1.5305,3.032,3.748,4.96,66.06,1.46,1.46,0.0076,0.0232,0.1565,90.85,47.13,321.7,0.0071,0.0123,0.1136,52.08,321.66,378.26,0.0074,0.0119,0.0905,16000,1024,695.3,0.937,0.0509,0.0109,0.0011
2026-08-28T02:26:10.431+02:00,1000,1024,1024,1056,46,354,0,3037,0,250,0,0.0234,0.0205,0.0325,0.0767,0.0648,0.1045,2.872,2.971,2.931,26.01,103.72,40.05,0.0092,0.0066,0.0103,204.17,215.9,29.44,0.0058,0.0061,0.0102,111.84,112.78,21.45,0.0061,0.0072,0.0098,16000,1024,553.96,0.9626,0.0329,0.0038,0.0008
2026-08-28T02:26:40.433+02:00,1000,1024,1024,1056,46,354,0,3037,0,250,0,0.0228,0.0202,0.0339,0.08,0.0679,0.1285,3.263,2.963,2.904,31.56,53.93,48.06,0.0077,0.0062,0.0111,80.63,11.66,31.1,0.0077,0.0059,0.0103,21.5,284.34,72.53,0.0062,0.0047,0.0103,16000,1024,1615.59,0.9494,0.0388,0.0097,0.002
2026-08-28T02:27:10.432+02:00,1000,1024,1024,1056,46,354,0,3037,0,250,0,0.0234,0.0264,0.1629,0.0765,0.0965,0.7122,2.957,4.325,12.358,25.5,128.06,340.12,0.0081,0.0095,0.0695,200.73,154.24,170.6,0.0081,0.0087,0.0668,67.06,169.29,323.84,0.007,0.0086,0.0561,16000,1024,676.83,0.9865,0.0109,0.0022,0.0003
2026-08-28T02:27:40.434+02:00,1000,1024,1024,1056,46,354,0,3037,0,250,0,0.0228,0.0199,0.0333,0.0751,0.071,0.1001,3.304,2.962,2.913,94.18,23.34,60.87,0.0071,0.0061,0.0102,277.01,7.79,77.51,0.0064,0.0059,0.0103,33.26,34.75,31.62,0.006,0.0061,0.0097,16000,1024,336.57,0.8944,0.0793,0.0243,0.0019
2026-08-28T02:28:10.434+02:00,1000,1024,1024,1056,46,355,0,3037,0,250,0,0.024,0.0219,0.0322,0.0815,0.0644,0.1134,2.96,2.712,3.036,51.97,105.65,79.33,0.008,0.0069,0.0088,101.72,123.21,183.82,0.0078,0.0067,0.0084,84.04,87.73,25.5,0.0076,0.0063,0.0079,16000,1024,336.5,0.9197,0.07,0.0092,0.0011
2026-08-28T02:28:40.434+02:00,1000,1024,1024,1056,46,355,1,3038,0,250,0,0.0236,0.0388,0.3272,0.0733,0.1347,1.2239,2.738,3.503,4.399,278.42,448.14,125.69,0.0072,0.0137,0.1199,40.0,125.77,448.11,0.007,0.0127,0.1146,79.7,131.64,409.58,0.007,0.0119,0.1134,16000,1024,872.0,0.9679,0.0257,0.0057,0.0007
2026-08-28T02:29:10.436+02:00,1000,1024,1024,1056,46,356,2,3040,1,251,0,0.0253,0.0201,0.0322,0.0758,0.0749,0.1109,2.966,3.192,2.876,45.65,147.62,91.91,0.0088,0.0068,0.0092,77.09,59.41,27.97,0.0082,0.0064,0.0096,102.73,96.73,168.9,0.0073,0.0062,0.0091,16000,1024,432.55,0.9674,0.0222,0.0092,0.0011
2026-08-28T02:29:40.434+02:00,1000,1024,1024,1056,46,356,0,3040,0,251,0,0.0241,0.0194,0.0614,0.0937,0.0744,0.817,3.565,3.686,91.85,84.89,192.09,176.7,0.0076,0.0067,0.0212,43.35,103.17,111.12,0.006,0.0055,0.0184,190.48,14.9,238.0,0.0056,0.0054,0.0179,16000,1024,711.12,0.9708,0.0213,0.0072,0.0006
2026-08-28T02:30:10.436+02:00,1000,1024,1024,1056,46,357,1,3041,0,251,0,0.0228,0.0391,0.3228,0.0782,0.1433,1.2606,3.009,3.464,4.041,98.71,192.58,437.64,0.0074,0.013,0.1137,4.83,153.27,20.56,0.0072,0.0125,0.1118,61.65,128.97,64.64,0.0071,0.0122,0.1103,16000,1024,1431.11,0.9854,0.0124,0.0019,0.0003
2026-08-28T02:30:40.435+02:00,1000,1024,1024,1056,46,357,0,3041,0,251,0,0.0232,0.0205,0.0508,0.0732,0.0727,0.8151,2.64,3.005,134.551,36.44,43.72,116.95,0.0073,0.0076,0.0161,18.66,29.46,239.31,0.0065,0.007,0.0154,47.09,72.46,63.08,0.0062,0.0058,0.0147,16000,1024,377.01,0.9248,0.0601,0.0133,0.0018
2026-08-28T02:31:10.437+02:00,1000,1024,1024,1056,46,357,0,3041,0,251,0,0.0224,0.021,0.034,0.0828,0.0765,0.1273,3.32,2.995,3.399,8.19,141.6,90.01,0.0099,0.0063,0.0099,124.55,13.14,17.26,0.0069,0.0061,0.01,61.36,84.34,73.96,0.0068,0.006,0.0094,16000,1024,387.32,0.9465,0.0452,0.0069,0.0013
2026-08-28T02:31:40.437+02:00,1000,1024,1024,1056,46,357,0,3041,0,251,0,0.0226,0.0208,0.0305,0.0807,0.0621,0.0923,3.034,2.744,2.602,8.51,16.21,98.3,0.0088,0.0077,0.0113,193.16,137.88,36.89,0.0075,0.0065,0.0098,49.65,53.6,137.26,0.007,0.0062,0.0097,16000,1024,703.13,0.9727,0.0217,0.0051,0.0004
2026-08-28T02:32:10.437+02:00,1000,1024,1024,1056,46,357,0,3041,0,251,0,0.0229,0.0232,0.1287,0.0695,0.1055,0.6883,2.927,4.657,20.493,84.56,325.15,331.31,0.0084,0.0073,0.0585,2.66,337.3,6.14,0.0071,0.0078,0.0573,91.67,154.43,337.42,0.0064,0.0071,0.0528,16000,1024,334.37,0.8154,0.157,0.0243,0.0033
2026-08-28T02:32:40.436+02:00,1000,1024,1024,1056,46,357,10,3051,1,252,0,0.0237,0.0266,0.1514,0.0756,0.1499,1.3298,2.951,4.88,20.286,168.61,30.18,144.73,0.0077,0.0096,0.0577,2.72,1.63,287.28,0.007,0.0074,0.0521,33.07,11.65,432.48,0.0068,0.0062,0.0428,16000,1024,1300.4,0.9802,0.0147,0.0043,0.0007
2026-08-28T02:33:10.438+02:00,1000,1024,1024,1056,46,357,0,3051,0,252,0,0.0243,0.0195,0.0309,0.0773,0.0636,0.1341,2.804,2.816,3.23,38.12,72.93,130.01,0.0077,0.0058,0.0107,160.41,20.93,214.72,0.0074,0.0069,0.0106,86.45,15.64,86.97,0.009,0.0055,0.0083,16000,1024,166.68,0.7463,0.2034,0.0433,0.0069
2026-08-28T02:33:40.437+02:00,1000,1024,1024,1056,46,357,1,3052,0,252,0,0.023,0.0386,0.297,0.0774,0.1427,1.2475,2.95,3.356,4.722,9.93,25.2,103.85,0.0078,0.0126,0.0992,61.78,5.52,496.59,0.0068,0.0123,0.0996,134.98,103.77,438.22,0.0066,0.0115,0.0902,16000,1024,398.77,0.9614,0.0283,0.0092,0.0011
2026-08-28T02:34:10.440+02:00,1000,1024,1024,1056,46,357,0,3052,0,252,0,0.0217,0.0214,0.0443,0.0688,0.0956,0.6879,2.725,3.033,113.505,100.75,16.73,15.74,0.0073,0.0068,0.0088,229.55,122.75,82.08,0.0064,0.007,0.0086,117.64,218.93,161.38,0.007,0.0065,0.0091,16000,1024,582.19,0.9593,0.0351,0.005,0.0006
2026-08-28T02:34:40.438+02:00,1000,1024,1024,1056,46,357,0,3052,0,252,0,0.0213,0.0211,0.0969,0.0764,0.0694,0.8153,3.077,2.944,32.842,177.88,103.32,120.93,0.0062,0.0075,0.0237,74.95,53.12,236.36,0.0061,0.0071,0.0183,111.4,44.46,116.18,0.0056,0.0065,0.0167,16000,1024,843.03,0.9656,0.022,0.0111,0.0012
2026-08-28T02:35:10.438+02:00,1000,1024,1024,1056,46,357,0,3052,0,252,0,0.0227,0.0188,0.0312,0.0775,0.0587,0.09,3.279,2.803,2.89,146.84,55.81,96.81,0.0081,0.0063,0.0118,130.42,170.13,49.55,0.0077,0.0051,0.0115,124.76,177.05,55.66,0.0063,0.0054,0.0104,16000,1024,342.46,0.9181,0.0659,0.0137,0.0023
2026-08-28T02:35:40.442+02:00,1000,1024,1024,1056,46,357,0,3052,0,252,0,0.0226,0.0201,0.0306,0.068,0.0621,0.0995,2.767,2.969,2.918,54.57,91.6,237.5,0.007,0.007,0.0107,100.59,20.63,61.44,0.0063,0.0063,0.0097,65.31,53.53,37.21,0.0056,0.0062,0.0094,16000,1024,671.39,0.9723,0.0216,0.0055,0.0006
2026-08-28T02:36:10.441+02:00,1000,1024,1024,1056,46,357,0,3052,0,252,0,0.0237,0.0321,0.2243,0.098,0.1491,1.303,3.258,5.327,11.698,25.77,71.29,180.47,0.0086,0.0107,0.0773,82.92,244.31,175.19,0.0076,0.0094,0.0751,166.25,175.93,108.81,0.0075,0.0088,0.0742,16000,1024,651.68,0.9736,0.0214,0.0043,0.0007
2026-08-28T02:36:40.440+02:00,1000,1024,1024,1056,46,357,0,3052,0,252,0,0.0214,0.0201,0.0322,0.0694,0.0627,0.1107,2.927,2.834,3.101,178.49,14.54,39.89,0.008,0.0062,0.0105,64.84,167.17,87.51,0.0073,0.0062,0.0108,188.34,123.27,45.31,0.0068,0.0061,0.0101,16000,1024,1609.97,0.9596,0.0302,0.0084,0.0017
2026-08-28T02:37:10.441+02:00,1000,1024,1024,1056,46,357,0,3052,0,252,0,0.0216,0.021,0.1245,0.0699,0.0767,1.1191,2.931,2.896,27.092,9.38,43.73,7.67,0.0069,0.0061,0.0358,129.31,248.56,424.94,0.007,0.0063,0.034,155.64,92.97,13.13,0.0066,0.0055,0.0333,16000,1024,2017.19,0.9963,0.0026,0.0009,0.0002
2026-08-28T02:37:40.441+02:00,1000,1024,1024,1056,46,357,0,3052,0,252,0,0.0229,0.0309,0.2116,0.0799,0.1522,1.3166,3.284,5.819,13.052,24.16,83.87,8.01,0.0078,0.0091,0.0602,143.6,9.48,47.93,0.0068,0.009,0.0589,51.09,63.1,411.17,0.0061,0.0088,0.0543,16000,1024,473.47,0.9387,0.0535,0.0068,0.001
2026-08-28T02:38:10.444+02:00,1000,1024,1025,1058,46,357,1,3053,0,252,0,0.0228,0.0217,0.0802,0.0704,0.0702,0.8458,2.945,2.837,54.57,189.31,175.12,142.72,0.0072,0.0071,0.0207,110.99,64.45,236.12,0.0069,0.0059,0.02,66.62,159.4,37.04,0.0058,0.0058,0.0191,16000,1024,500.53,0.9608,0.0309,0.007,0.0012
2026-08-28T02:38:40.441+02:00,1000,1024,1024,1056,46,357,0,3053,0,252,0,0.0238,0.0262,0.1548,0.0949,0.1101,0.6926,3.34,4.462,13.515,60.65,55.49,168.26,0.0072,0.009,0.0545,284.94,169.28,333.98,0.0067,0.0074,0.0489,13.07,67.39,441.63,0.0065,0.007,0.0456,16000,1024,446.73,0.9778,0.0177,0.0038,0.0007
2026-08-28T02:39:10.442+02:00,1000,1024,1024,1056,46,358,0,3053,0,252,0,0.0238,0.0201,0.0459,0.0811,0.067,0.7038,2.997,3.049,111.332,95.37,179.91,27.91,0.0082,0.0069,0.0117,65.5,25.43,36.07,0.0067,0.0057,0.0102,112.79,69.46,65.66,0.0077,0.0053,0.0099,16000,1024,694.29,0.9639,0.0306,0.0048,0.0007
2026-08-28T02:39:40.442+02:00,1000,1024,1024,1056,46,358,0,3053,0,252,0,0.0222,0.0216,0.0305,0.0694,0.0803,0.0928,2.84,2.97,2.912,10.75,49.24,144.19,0.0071,0.0075,0.0105,27.85,92.47,67.9,0.0076,0.0062,0.0102,168.52,33.83,9.27,0.0059,0.0061,0.0082,16000,1024,504.97,0.9705,0.0207,0.0079,0.0008
2026-08-28T02:40:10.442+02:00,1000,1024,1024,1056,46,358,0,3053,0,252,0,0.0225,0.0264,0.1519,0.0797,0.0995,0.6842,2.776,4.47,14.187,45.18,113.37,157.19,0.0089,0.0084,0.0567,131.83,190.64,190.49,0.0065,0.0082,0.0519,192.62,159.21,337.18,0.0062,0.0075,0.0461,16000,1024,748.02,0.978,0.0165,0.005,0.0005
2026-08-28T02:40:40.446+02:00,1000,1024,1024,1056,46,358,1,3054,0,252,0,0.0229,0.0209,0.031,0.0813,0.0674,0.1042,2.942,2.82,3.089,20.32,29.89,60.22,0.0076,0.0063,0.012,81.98,48.48,36.85,0.0067,0.006,0.0094,62.15,9.84,25.32,0.0058,0.0058,0.0089,16000,1024,761.74,0.9456,0.0462,0.0068,0.0014
2026-08-28T02:41:10.443+02:00,1000,1024,1024,1056,46,358,0,3054,0,252,0,0.0234,0.0219,0.0687,0.0742,0.0972,0.7195,2.762,3.075,56.583,56.63,17.22,261.76,0.007,0.0079,0.0246,165.87,126.6,72.87,0.007,0.0067,0.0253,182.4,157.23,6.26,0.0068,0.0063,0.0247,16000,1024,422.92,0.9626,0.0304,0.0062,0.0008
2026-08-28T02:41:40.448+02:00,1000,1024,1024,1056,46,358,1,3055,0,252,0,0.023,0.0209,0.039,0.0778,0.0703,0.5382,2.986,3.15,67.634,138.79,141.21,60.14,0.0073,0.0062,0.0098,76.77,11.76,31.63,0.0078,0.0054,0.0096,43.84,92.76,44.2,0.0069,0.005,0.0084,16000,1024,436.12,0.9189,0.073,0.0072,0.0009
2026-08-28T02:42:10.444+02:00,1000,1024,1024,1056,46,358,1,3056,0,252,0,0.023,0.0219,0.0347,0.0758,0.0707,0.1051,2.869,2.853,2.907,47.04,74.4,173.77,0.0076,0.0071,0.0118,192.35,46.52,28.0,0.0072,0.0071,0.012,30.4,52.89,106.64,0.0061,0.0062,0.0096,16000,1024,590.1,0.968,0.0259,0.0054,0.0007
2026-08-28T02:42:40.446+02:00,1000,1024,1024,1056,46,358,1,3057,0,252,0,0.0217,0.0218,0.1248,0.065,0.08,1.0258,2.876,3.031,25.811,86.95,15.93,2.21,0.007,0.0088,0.0584,26.52,33.99,75.49,0.0071,0.0073,0.0423,44.02,83.48,387.25,0.0065,0.0074,0.0401,16000,1024,1287.01,0.9682,0.0244,0.006,0.0014
2026-08-28T02:43:10.446+02:00,1000,1024,1024,1056,46,358,0,3057,0,252,0,0.0225,0.0219,0.0323,0.0757,0.0684,0.0994,2.872,2.939,2.818,38.27,101.25,135.0,0.007,0.0063,0.0112,129.1,10.35,89.56,0.0069,0.0064,0.0095,199.47,138.76,95.49,0.0064,0.0057,0.0092,16000,1024,548.59,0.9577,0.0331,0.0081,0.0011
2026-08-28T02:43:40.445+02:00,1000,1024,1024,1056,46,358,0,3057,0,252,0,0.0228,0.0217,0.0518,0.0796,0.0959,0.6541,3.293,3.505,79.803,143.73,28.96,83.76,0.0071,0.0069,0.0146,131.66,19.27,117.46,0.0071,0.0066,0.0122,50.78,146.13,250.15,0.0067,0.0064,0.0117,16000,1024,844.37,0.9415,0.0505,0.0071,0.0009
2026-08-28T02:44:10.447+02:00,1000,1024,1024,1056,46,358,0,3057,0,252,0,0.0223,0.0192,0.0329,0.0732,0.0721,0.1322,2.86,3.338,3.4,4.62,45.42,87.89,0.0091,0.0064,0.0113,52.63,127.78,22.85,0.0063,0.0052,0.0087,230.1,241.36,272.7,0.0066,0.0046,0.0083,16000,1024,485.47,0.9467,0.0458,0.0068,0.0007
2026-08-28T02:44:40.446+02:00,1000,1024,1024,1056,46,358,1,3058,0,252,0,0.0236,0.0377,0.2927,0.0711,0.1429,1.2878,2.717,4.431,6.947,109.49,9.02,8.88,0.007,0.0154,0.1182,38.16,19.5,84.6,0.0069,0.0108,0.0962,97.95,402.69,61.0,0.0067,0.0111,0.0914,16000,1024,1972.09,0.9598,0.0305,0.0079,0.0018
2026-08-28T02:45:10.447+02:00,1000,1024,1024,1056,46,358,1,3059,0,252,0,0.0227,0.0213,0.0322,0.0714,0.0757,0.1112,2.839,2.929,3.126,114.06,150.45,14.41,0.0088,0.007,0.0138,236.32,58.29,4.57,0.0068,0.0072,0.0108,63.58,30.08,134.46,0.0068,0.0062,0.0104,16000,1024,407.8,0.9492,0.0351,0.0142,0.0015
2026-08-28T02:45:40.447+02:00,1000,1024,1024,1056,46,358,0,3059,0,252,0,0.0234,0.0215,0.1329,0.0794,0.0808,1.3831,2.749,2.974,48.782,18.5,45.52,3.03,0.0074,0.0074,0.0411,162.53,92.04,144.71,0.0068,0.0065,0.038,74.35,28.39,112.35,0.0063,0.0062,0.0367,16000,1024,797.65,0.9843,0.0133,0.002,0.0003
2026-08-28T02:46:10.448+02:00,1000,1024,1024,1056,46,358,0,3059,0,252,0,0.0231,0.0209,0.0328,0.0717,0.0721,0.1197,2.859,2.982,3.347,104.35,24.57,2.56,0.0075,0.0074,0.012,150.76,134.57,111.49,0.0079,0.007,0.01,57.62,70.05,176.16,0.0066,0.007,0.0097,16000,1024,4100.95,0.9976,0.002,0.0004,0.0
2026-08-28T02:46:40.449+02:00,1000,1024,1024,1056,46,358,5,3064,0,252,0,0.0228,0.0225,0.1456,0.0686,0.1545,1.3518,2.958,6.668,21.818,52.65,23.98,1.46,0.007,0.0067,0.0346,198.91,118.43,139.97,0.0065,0.0062,0.0278,100.3,78.91,177.49,0.0062,0.0059,0.0236,16000,1024,2215.46,0.9933,0.0052,0.0013,0.0002
2026-08-28T02:47:10.449+02:00,1000,1024,1024,1056,46,358,0,3064,0,252,0,0.0229,0.0357,0.2598,0.0729,0.1828,1.5778,2.935,4.964,8.274,57.19,9.91,10.08,0.0075,0.0129,0.0986,37.03,68.83,32.58,0.0063,0.0127,0.0904,179.61,32.54,355.44,0.0062,0.0115,0.0761,16000,1024,346.94,0.8996,0.0791,0.0195,0.0018
2026-08-28T02:47:40.448+02:00,1000,1024,1024,1056,46,358,0,3064,0,252,0,0.0231,0.0217,0.0294,0.0634,0.0689,0.0968,2.535,2.971,2.665,153.6,145.47,32.26,0.0077,0.0072,0.0099,24.13,58.99,67.07,0.0078,0.0073,0.0101,106.04,70.37,114.53,0.0062,0.0066,0.0097,16000,1024,1331.91,0.9766,0.0194,0.0036,0.0004
2026-08-28T02:48:10.450+02:00,1000,1024,1024,1056,46,358,0,3064,0,252,0,0.0236,0.042,0.3324,0.0822,0.1607,1.5261,2.885,3.306,4.34,137.42,231.13,231.11,0.0092,0.0157,0.1124,47.8,414.82,414.8,0.0086,0.0129,0.1094,215.03,128.39,398.31,0.0072,0.0137,0.0979,16000,1024,416.51,0.9541,0.0363,0.0088,0.0008
2026-08-28T02:48:40.450+02:00,1000,1024,1024,1056,46,359,0,3064,0,252,0,0.023,0.0209,0.0305,0.0749,0.0752,0.1001,2.911,3.442,3.046,65.02,69.22,143.56,0.0075,0.0064,0.0097,139.51,24.3,94.08,0.0069,0.0061,0.0092,87.14,185.51,22.69,0.0067,0.0059,0.0083,16000,1024,381.09,0.9317,0.0538,0.0125,0.002
2026-08-28T02:49:10.451+02:00,1000,1024,1024,1056,46,359,0,3064,0,252,0,0.0218,0.0339,0.2291,0.0743,0.1613,1.2964,3.113,5.487,10.488,63.06,3.66,177.49,0.0073,0.0107,0.0745,37.0,26.32,203.08,0.0055,0.0104,0.0638,56.09,39.86,10.1,0.0058,0.0094,0.0683,16000,1024,1453.58,0.9874,0.0096,0.0028,0.0003
2026-08-28T02:49:40.454+02:00,1000,1024,1024,1056,46,359,0,3064,0,252,0,0.0236,0.0221,0.0426,0.0874,0.0913,0.5625,3.062,3.252,61.732,112.27,37.98,34.01,0.0084,0.0068,0.0112,47.86,71.46,200.59,0.0076,0.0064,0.0129,96.19,27.13,62.47,0.0075,0.0065,0.0102,16000,1024,634.62,0.9833,0.0133,0.003,0.0005
2026-08-28T02:50:10.451+02:00,1000,1024,1024,1056,46,359,0,3064,0,252,0,0.0232,0.0222,0.0296,0.0864,0.0688,0.0983,3.029,2.685,3.038,52.39,5.7,134.8,0.0077,0.0071,0.0101,181.42,86.68,20.34,0.0065,0.007,0.0084,115.2,117.74,119.95,0.0062,0.0069,0.0078,16000,1024,999.54,0.9816,0.0126,0.0052,0.0006
2026-08-28T02:50:40.454+02:00,1000,1024,1024,1056,46,359,0,3064,0,252,0,0.0241,0.0216,0.032,0.075,0.0725,0.1098,2.956,2.821,3.0,103.3,20.75,53.33,0.0077,0.0067,0.0104,80.54,78.4,15.49,0.0085,0.0064,0.0099,92.13,117.9,70.43,0.008,0.0054,0.0096,16000,1024,669.41,0.9828,0.0141,0.0027,0.0004
2026-08-28T02:51:10.453+02:00,1000,1024,1024,1056,46,359,0,3064,0,252,0,0.0242,0.0201,0.0302,0.0748,0.0597,0.1023,2.862,2.802,2.896,109.46,104.29,112.2,0.0085,0.0065,0.0103,144.41,145.36,149.28,0.0066,0.0064,0.0077,6.88,37.27,226.33,0.0064,0.0063,0.0075,16000,1024,310.04,0.9222,0.0601,0.016,0.0017
2026-08-28T02:51:40.451+02:00,1000,1024,1024,1056,46,359,0,3064,0,252,0,0.023,0.0205,0.0442,0.0881,0.0685,0.6015,3.363,3.06,66.337,103.37,72.69,143.88,0.0083,0.0077,0.0115,14.55,79.69,57.5,0.0075,0.006,0.0098,93.61,145.44,113.56,0.0073,0.0053,0.0096,16000,1024,562.76,0.9619,0.0284,0.0087,0.0011
2026-08-28T02:52:10.452+02:00,1000,1024,1024,1056,46,359,0,3064,0,252,0,0.024,0.04,0.3143,0.0846,0.1967,1.7761,3.092,6.227,9.549,140.65,12.24,12.06,0.0063,0.019,0.1558,98.35,2.28,1.82,0.0066,0.0133,0.1141,66.78,171.19,98.93,0.0059,0.0115,0.0878,16000,1024,721.65,0.9501,0.0451,0.0041,0.0007
2026-08-28T02:52:40.452+02:00,1000,1024,1024,1056,46,359,1,3065,0,252,0,0.0222,0.0207,0.0304,0.0668,0.0647,0.0872,2.952,2.768,2.59,5.99,7.66,101.22,0.0076,0.007,0.0112,87.93,240.27,245.26,0.0073,0.0058,0.0086,50.42,192.77,7.28,0.0072,0.006,0.0082,16000,1024,2554.3,0.9916,0.0063,0.0017,0.0004
2026-08-28T02:53:10.452+02:00,1000,1024,1024,1056,46,359,0,3065,0,252,0,0.0228,0.0375,0.2806,0.0634,0.1815,1.5646,2.59,4.889,7.804,44.16,103.24,10.94,0.0099,0.0132,0.0966,18.9,10.72,103.25,0.0078,0.0115,0.0877,32.13,230.74,1.52,0.0068,0.0111,0.0947,16000,1024,456.97,0.9748,0.0195,0.0051,0.0006
2026-08-28T02:53:40.453+02:00,1000,1024,1024,1056,46,359,0,3065,0,252,0,0.0237,0.022,0.0312,0.0781,0.0774,0.1143,3.113,3.153,2.946,99.11,39.69,21.6,0.008,0.0084,0.0103,68.26,27.19,104.71,0.0063,0.0069,0.0103,27.1,139.13,48.93,0.0064,0.0068,0.0097,16000,1024,582.36,0.9705,0.024,0.0046,0.0008
2026-08-28T02:54:10.455+02:00,1000,1024,1024,1056,46,359,0,3065,0,252,0,0.0228,0.021,0.0329,0.0711,0.0688,0.1148,3.047,2.806,3.039,225.46,4.17,80.98,0.0077,0.0077,0.0095,131.65,19.43,52.31,0.0074,0.0071,0.0094,54.82,156.51,108.02,0.0064,0.0056,0.0092,16000,1024,817.15,0.9927,0.0049,0.0021,0.0003
2026-08-28T02:54:40.454+02:00,1000,1024,1024,1056,46,359,0,3065,0,252,0,0.0221,0.043,0.3539,0.0744,0.1628,1.4948,3.156,3.875,4.803,4.97,402.61,402.44,0.0067,0.0147,0.1148,162.83,89.24,48.12,0.0066,0.0139,0.1211,311.61,479.86,448.72,0.0062,0.0133,0.1172,16000,1024,2382.21,0.9678,0.0243,0.0063,0.0015
2026-08-28T02:55:10.458+02:00,1000,1024,1024,1056,46,359,0,3065,0,252,0,1.2056,0.2214,0.1028,1.7931,0.3869,1.0255,1.517,1.446,44.971,49.16,49.15,49.11,1.7358,0.3147,0.0706,147.34,147.46,98.1,0.0377,0.0561,0.0333,98.43,100.08,196.2,0.0272,0.0165,0.0159,16000,1024,749.4,0.9184,0.0672,0.0061,0.0083
2026-08-28T02:55:40.456+02:00,1000,1024,1024,1056,46,359,0,3065,0,252,0,1.0817,0.2443,0.3483,1.6361,0.5842,1.4917,1.546,1.524,4.252,49.36,49.37,80.05,1.581,0.3459,0.1148,148.07,148.03,452.29,0.0487,0.0419,0.1055,98.91,99.43,117.02,0.0231,0.0283,0.1017,16000,1024,686.36,0.8606,0.1281,0.0085,0.0027
2026-08-28T02:56:10.455+02:00,1000,1024,1024,1056,46,359,0,3065,0,252,0,1.0602,0.2338,0.0439,1.6007,0.4138,0.1275,1.534,1.546,2.829,49.42,49.43,49.38,1.5339,0.3376,0.0348,148.29,148.48,99.08,0.0424,0.0425,0.0278,98.96,99.84,197.73,0.0311,0.0174,0.015,16000,1024,558.9,0.8189,0.1627,0.0158,0.0025
2026-08-28T02:56:40.456+02:00,1000,1024,1024,1056,46,359,0,3065,0,252,0,1.0988,0.2317,0.1051,1.6386,0.3776,0.9998,1.532,1.531,36.481,49.43,49.43,49.34,1.5934,0.3301,0.038,148.32,148.51,98.98,0.0393,0.0341,0.0279,99.18,99.66,13.12,0.0331,0.0239,0.0205,16000,1024,1223.26,0.895,0.0932,0.0093,0.0025
2026-08-28T02:57:10.459+02:00,1000,1024,1024,1056,46,359,0,3065,0,252,0,1.077,0.2297,0.0429,1.6235,0.3919,0.1281,1.534,1.521,2.623,49.35,49.35,49.37,1.5629,0.3292,0.0309,148.09,148.15,98.61,0.0378,0.0341,0.016,98.89,99.39,148.07,0.0266,0.0194,0.017,16000,1024,975.48,0.9141,0.0742,0.0099,0.0019
2026-08-28T02:57:40.456+02:00,1000,1024,1024,1056,46,359,0,3065,0,252,0,1.0519,0.2303,0.0439,1.618,0.3789,0.1402,1.536,1.535,2.793,49.36,49.37,99.08,1.538,0.3336,0.0325,148.16,148.36,49.35,0.0378,0.0341,0.0316,98.95,100.0,148.37,0.0285,0.0148,0.0156,16000,1024,1123.77,0.9265,0.068,0.0045,0.001
2026-08-28T02:58:10.456+02:00,1000,1024,1024,1056,46,359,0,3065,0,252,0,1.0817,0.2294,0.0453,1.6426,0.412,0.1451,1.54,1.525,2.9,49.35,49.35,49.33,1.5853,0.3335,0.0405,148.1,148.34,98.95,0.0498,0.029,0.023,98.93,99.66,148.05,0.0238,0.0211,0.0197,16000,1024,897.4,0.8709,0.1196,0.007,0.0025
2026-08-28T02:58:40.459+02:00,1000,1024,1024,1056,46,359,0,3065,0,252,0,1.1005,0.2262,0.0451,1.675,0.371,0.1424,1.535,1.476,2.898,49.35,49.35,49.32,1.6112,0.3279,0.0388,148.12,148.1,98.93,0.0373,0.0292,0.0215,98.79,99.39,148.13,0.0276,0.0114,0.0155,16000,1024,1327.32,0.9083,0.082,0.0073,0.0024
2026-08-28T02:59:10.457+02:00,1000,1024,1024,1056,46,359,0,3065,0,252,0,1.1311,0.2248,0.0481,1.7139,0.3616,0.1412,1.536,1.477,2.734,49.33,49.33,49.29,1.6597,0.3285,0.0438,148.01,148.06,99.01,0.043,0.027,0.0292,98.43,100.24,148.2,0.0314,0.0164,0.0164,16000,1024,651.13,0.8079,0.1811,0.0079,0.0032
2026-08-28T02:59:40.457+02:00,1000,1024,1024,1056,46,359,1,3066,0,252,0,1.1641,0.2231,0.0512,1.79,0.3726,0.1736,1.541,1.465,3.493,49.29,49.28,49.37,1.7101,0.3217,0.047,98.87,99.61,147.72,0.0411,0.0258,0.0168,147.96,147.85,98.42,0.037,0.0288,0.0161,16000,1024,672.2,0.8899,0.1001,0.0073,0.0028
2026-08-28T03:00:40.458+02:00,1000,1024,1024,1056,47,359,0,3067,0,253,0,1.2859,0.2181,0.1182,1.9101,0.3692,0.7101,1.53,1.462,20.288,49.31,49.31,18.27,1.8842,0.3189,0.044,147.96,148.04,337.81,0.0492,0.0294,0.0414,98.59,100.15,49.19,0.0309,0.019,0.0432,16000,1024,599.34,0.8749,0.1162,0.0075,0.0014
2026-08-28T03:01:10.460+02:00,1000,1024,1024,1056,47,359,0,3067,0,253,0,1.2915,0.216,0.0549,1.9653,0.3671,0.1595,1.535,1.44,2.678,49.2,49.2,49.19,1.8663,0.3092,0.0592,147.39,147.67,98.61,0.0477,0.0293,0.0194,98.45,99.38,147.44,0.0435,0.0222,0.0173,16000,1024,710.1,0.8173,0.1749,0.0057,0.0021
2026-08-28T03:01:40.459+02:00,1000,1024,1024,1056,47,359,0,3067,0,253,0,1.2883,0.2185,0.1105,1.9592,0.3464,0.7059,1.534,1.437,22.598,49.15,49.15,49.39,1.8476,0.3097,0.0579,147.33,147.45,466.6,0.0487,0.0282,0.0339,53.24,99.23,489.01,0.0474,0.0207,0.0332,16000,1024,656.95,0.8288,0.1588,0.0084,0.0041
2026-08-28T03:02:10.460+02:00,1000,1024,1024,1056,47,359,7,3074,0,253,0,1.3255,0.2119,0.1764,2.2023,0.3635,0.9368,1.565,1.498,12.964,49.25,49.26,136.89,1.7404,0.2725,0.0784,31.58,41.22,48.92,0.2292,0.0406,0.0755,41.52,31.63,429.44,0.1949,0.0335,0.0665,16000,1024,1331.38,0.8786,0.1124,0.0071,0.002
2026-08-28T03:02:40.460+02:00,1000,1024,1024,1056,47,359,0,3074,0,253,0,1.3171,0.2169,0.1937,1.9779,0.3626,1.3663,1.536,1.467,14.353,49.26,49.27,301.12,1.921,0.3138,0.0602,147.76,147.86,263.51,0.0545,0.0314,0.0571,98.39,100.32,11.36,0.0383,0.018,0.0587,16000,1024,654.58,0.749,0.2372,0.0109,0.0029
2026-08-28T03:03:10.462+02:00,1000,1024,1024,1056,47,359,2,3076,1,254,0,1.3358,0.2144,0.0687,2.0002,0.3418,0.7696,1.537,1.442,32.162,49.26,49.26,49.21,1.902,0.3036,0.0623,147.73,147.81,98.13,0.0529,0.0302,0.0258,38.3,100.24,147.8,0.0485,0.0169,0.0211,16000,1024,486.12,0.7348,0.2502,0.0111,0.004
2026-08-28T03:03:40.462+02:00,1000,1024,1024,1056,47,359,0,3076,0,254,0,1.3325,0.2241,0.3246,2.0309,0.3993,1.2496,1.533,1.453,4.426,49.22,49.23,270.59,1.9283,0.3172,0.1081,147.62,147.83,285.9,0.0574,0.0403,0.1067,98.49,196.94,480.13,0.0328,0.0202,0.0991,16000,1024,1720.75,0.9517,0.0454,0.0021,0.0007
2026-08-28T03:04:10.462+02:00,1000,1024,1024,1056,47,359,1,3077,0,254,0,1.3439,0.2128,0.0621,2.0036,0.3485,0.1783,1.536,1.431,2.688,49.23,49.23,49.16,1.9444,0.3043,0.0703,147.64,147.52,98.3,0.0618,0.0302,0.0246,98.5,99.77,147.67,0.0372,0.0199,0.0214,16000,1024,560.89,0.6992,0.2846,0.013,0.0032
2026-08-28T03:04:40.475+02:00,1000,1024,1024,1056,47,359,0,3077,0,254,0,1.3718,0.2085,0.0647,2.0673,0.3429,0.5617,1.532,1.452,11.097,49.22,49.21,49.18,1.9923,0.2999,0.0633,147.6,147.67,98.67,0.0574,0.0326,0.0306,98.56,99.99,147.6,0.039,0.0188,0.0191,16000,1024,477.71,0.6349,0.3463,0.0134,0.0054
2026-08-28T03:05:10.462+02:00,1000,1024,1024,1056,47,359,0,3077,0,254,0,1.3641,0.2097,0.0594,2.0623,0.3396,0.192,1.53,1.434,2.909,49.2,49.2,49.25,1.9782,0.3015,0.0664,147.55,147.45,98.24,0.0552,0.0322,0.0242,98.33,100.17,147.52,0.0354,0.0182,0.0157,16000,1024,567.38,0.8362,0.1535,0.0075,0.0028
2026-08-28T03:05:40.464+02:00,1000,1024,1024,1056,47,359,0,3077,0,254,0,1.4005,0.2098,0.1532,2.8255,0.3554,1.4831,1.536,1.436,30.832,49.2,49.2,49.2,2.0174,0.3009,0.0723,147.44,147.45,22.53,0.0584,0.034,0.0424,98.48,100.11,27.51,0.0362,0.0186,0.04,16000,1024,508.36,0.6687,0.3175,0.0095,0.0044
2026-08-28T03:06:10.470+02:00,1000,1024,1024,1056,47,359,0,3077,0,254,0,1.3891,0.2174,0.2848,2.0899,0.4002,1.6112,1.536,1.466,10.85,49.17,49.17,11.22,2.0111,0.3123,0.1588,147.48,147.61,37.84,0.0667,0.0369,0.1094,98.13,99.9,54.94,0.0407,0.0223,0.0874,16000,1024,734.31,0.7943,0.1925,0.0096,0.0036
2026-08-28T03:06:40.464+02:00,1000,1024,1024,1056,47,359,0,3077,0,254,0,1.3996,0.2088,0.1031,2.2287,0.386,0.7326,1.54,1.448,22.394,49.19,49.18,49.21,2.0281,0.3008,0.0733,147.55,147.42,8.41,0.0618,0.0339,0.0349,98.37,100.03,286.08,0.0365,0.0206,0.0313,16000,1024,735.42,0.8969,0.0935,0.0063,0.0034
2026-08-28T03:07:10.463+02:00,1000,1024,1024,1056,47,359,0,3077,0,254,0,1.4083,0.2128,0.1588,2.1235,0.3637,0.979,1.54,1.438,15.148,49.19,49.2,48.77,2.0428,0.3042,0.0484,147.54,147.54,190.92,0.0691,0.0378,0.043,98.33,100.02,426.02,0.0358,0.0185,0.0409,16000,1024,486.77,0.7656,0.2208,0.0101,0.0035
2026-08-28T03:07:40.464+02:00,1000,1024,1024,1056,47,359,0,3077,0,254,0,1.4318,0.2081,0.079,2.2657,0.3341,0.7108,1.533,1.421,21.103,49.18,49.17,49.23,2.0666,0.2988,0.0708,147.46,147.39,147.28,0.0678,0.036,0.0248,98.46,99.76,98.29,0.0419,0.0188,0.0218,16000,1024,537.53,0.7116,0.2668,0.0155,0.0061
2026-08-28T03:08:10.464+02:00,1000,1024,1024,1056,47,359,0,3077,0,254,0,1.4582,0.2119,0.1548,2.1686,0.3599,0.7043,1.533,1.434,12.15,49.08,49.08,48.54,2.0742,0.2948,0.0597,147.27,147.27,117.48,0.0671,0.0418,0.0475,98.25,99.75,35.31,0.0374,0.018,0.0427,16000,1024,1251.75,0.954,0.0409,0.0038,0.0012
2026-08-28T03:08:40.465+02:00,1000,1024,1024,1056,47,359,0,3077,0,254,0,1.473,0.2086,0.0999,2.2259,0.3441,0.6849,1.53,1.43,22.313,49.19,49.2,49.26,2.1287,0.2987,0.0656,147.55,147.65,147.17,0.0659,0.0362,0.0426,98.27,100.29,101.9,0.0448,0.014,0.0312,16000,1024,825.12,0.8928,0.1007,0.005,0.0015
2026-08-28T03:09:10.467+02:00,1000,1024,1024,1056,47,359,0,3077,0,254,0,1.4849,0.2099,0.0639,2.2161,0.3443,0.1899,1.53,1.418,2.69,49.19,49.19,49.16,2.1525,0.3019,0.0734,147.52,147.57,147.59,0.0704,0.04,0.0225,98.48,99.92,99.4,0.039,0.0223,0.0158,16000,1024,1411.71,0.9856,0.0122,0.0015,0.0007
2026-08-28T03:09:40.466+02:00,1000,1024,1024,1056,47,359,0,3077,0,254,0,1.5094,0.2089,0.1281,2.2709,0.3558,0.7268,1.534,1.441,17.059,49.19,49.2,49.17,2.1959,0.2967,0.0845,147.52,147.6,214.0,0.0701,0.0401,0.033,98.46,100.09,99.31,0.0422,0.0199,0.0306,16000,1024,484.64,0.8385,0.1427,0.0116,0.0072
2026-08-28T03:10:10.466+02:00,1000,1024,1024,1056,47,359,1,3078,1,255,0,1.5429,0.2085,0.1042,2.6771,0.354,0.7872,1.537,1.404,24.014,49.18,49.17,49.27,2.2372,0.2962,0.0906,147.53,147.59,189.84,0.082,0.0464,0.0397,98.42,99.54,1.65,0.034,0.0175,0.0394,16000,1024,1202.67,0.9266,0.0615,0.009,0.0029
2026-08-28T03:10:40.466+02:00,1000,1024,1024,1056,47,359,0,3078,0,255,0,1.5306,0.2092,0.0691,2.3106,0.3561,0.2032,1.541,1.423,2.487,49.16,49.16,49.15,2.2174,0.299,0.0832,147.43,147.32,98.24,0.0758,0.0443,0.0335,98.36,100.0,147.39,0.044,0.0186,0.0165,16000,1024,1476.86,0.9419,0.0516,0.0054,0.0012
2026-08-28T03:11:10.468+02:00,1000,1024,1024,1056,47,359,0,3078,0,255,0,1.5654,0.2088,0.0807,2.3497,0.3619,0.8427,1.527,1.438,23.288,49.06,49.07,49.07,2.2061,0.2943,0.0825,147.13,147.2,98.14,0.074,0.0435,0.0247,44.43,99.77,146.95,0.0479,0.0222,0.0188,16000,1024,1338.57,0.9368,0.058,0.004,0.0012
2026-08-28T03:11:40.466+02:00,1000,1024,1024,1056,47,359,1,3079,0,255,0,1.5702,0.2149,0.289,2.3567,0.3685,1.2697,1.538,1.429,5.263,49.09,49.07,392.43,2.164,0.2865,0.1062,42.72,147.13,11.42,0.1273,0.0525,0.0916,29.93,99.48,248.4,0.1236,0.0232,0.0861,16000,1024,1531.87,0.9513,0.0395,0.0065,0.0026
2026-08-28T03:12:10.467+02:00,1000,1024,1024,1056,47,359,1,3080,0,255,0,1.6176,0.2077,0.1347,2.7219,0.3354,1.4032,1.543,1.437,27.754,49.18,49.18,49.25,2.2488,0.2876,0.0969,31.99,147.47,98.24,0.1139,0.0439,0.0358,41.06,36.57,147.78,0.111,0.0221,0.0203,16000,1024,2835.59,0.9473,0.0434,0.0075,0.0018
2026-08-28T03:12:40.469+02:00,1000,1024,1024,1056,47,359,0,3080,0,255,0,1.6364,0.2068,0.1407,2.4618,0.3345,0.7538,1.534,1.428,14.607,49.19,49.19,49.18,2.3691,0.2954,0.0952,147.55,147.44,157.54,0.0804,0.0438,0.0442,98.34,100.18,494.28,0.0517,0.0162,0.0432,16000,1024,848.83,0.8585,0.1247,0.0139,0.0029
2026-08-28T03:13:10.469+02:00,1000,1024,1024,1056,47,359,0,3080,0,255,0,1.6652,0.2139,0.2081,2.4577,0.3712,1.315,1.528,1.417,9.742,49.2,49.2,242.17,2.412,0.3046,0.0743,147.57,147.46,248.26,0.0812,0.0489,0.0753,98.4,100.12,451.99,0.0475,0.0184,0.0683,16000,1024,921.77,0.9263,0.0664,0.0055,0.0017
2026-08-28T03:13:40.468+02:00,1000,1024,1024,1056,47,359,0,3080,0,255,0,1.6629,0.2136,0.2245,2.4848,0.3628,1.3442,1.53,1.436,11.978,49.17,49.16,8.82,2.4047,0.302,0.1056,147.44,147.41,229.16,0.0881,0.0465,0.0696,98.49,99.62,330.36,0.0483,0.0233,0.0699,16000,1024,483.86,0.8145,0.1459,0.0249,0.0148
2026-08-28T03:14:10.470+02:00,1000,1024,1024,1056,47,359,0,3080,0,255,0,1.6698,0.2141,0.2508,2.4729,0.4037,1.6632,1.532,1.47,13.221,49.17,49.17,475.68,2.4088,0.3057,0.1078,147.45,147.58,90.58,0.0849,0.0509,0.0963,98.26,100.12,483.61,0.0509,0.0192,0.0893,16000,1024,3078.73,0.9687,0.0239,0.0057,0.0017
2026-08-28T03:14:40.470+02:00,1000,1024,1024,1056,47,359,0,3080,0,255,0,1.7085,0.206,0.0785,2.5285,0.3602,0.1993,1.527,1.435,2.388,49.18,49.18,49.17,2.4675,0.2938,0.0982,147.54,147.58,98.79,0.0825,0.0532,0.0288,98.31,100.07,147.21,0.0538,0.0203,0.0217,16000,1024,620.43,0.8422,0.1399,0.0149,0.003
2026-08-28T03:15:10.470+02:00,1000,1024,1024,1056,47,359,0,3080,0,255,0,1.7129,0.2108,0.2097,2.5577,0.3491,1.6823,1.534,1.417,16.99,49.17,49.16,8.04,2.4841,0.2996,0.0687,147.43,147.41,353.17,0.0859,0.0523,0.0704,98.41,99.62,36.72,0.0472,0.0197,0.0659,16000,1024,996.03,0.9182,0.0665,0.0119,0.0034
2026-08-28T03:15:40.471+02:00,1000,1024,1024,1056,47,359,0,3080,0,255,0,1.7618,0.2087,0.0905,2.6363,0.3651,0.7142,1.53,1.439,9.389,49.18,49.18,49.17,2.5483,0.2967,0.1075,147.5,147.5,98.38,0.0937,0.0518,0.0278,98.31,100.24,147.46,0.0515,0.0182,0.0253,16000,1024,719.21,0.8669,0.1201,0.0101,0.0028
2026-08-28T03:16:10.470+02:00,1000,1024,1024,1056,47,359,0,3080,0,255,0,1.762,0.2076,0.0809,2.6389,0.357,0.2118,1.531,1.425,2.255,49.18,49.17,49.19,2.5529,0.2953,0.1041,147.45,147.57,98.38,0.0906,0.0536,0.0238,98.32,99.84,147.39,0.0457,0.0217,0.0215,16000,1024,1511.9,0.9109,0.0759,0.0108,0.0024
2026-08-28T03:16:40.471+02:00,1000,1024,1024,1056,47,359,0,3080,0,255,0,1.7316,0.2092,0.0851,2.5694,0.3558,0.2382,1.536,1.434,2.345,49.15,49.14,49.15,2.5002,0.2961,0.1136,147.39,147.41,147.41,0.0865,0.0518,0.0268,98.38,99.94,98.16,0.0462,0.0208,0.0267,16000,1024,1313.2,0.9225,0.0691,0.0068,0.0016
2026-08-28T03:17:10.471+02:00,1000,1024,1024,1056,47,359,0,3080,0,255,0,1.7823,0.21,0.1633,2.67,0.3656,0.7161,1.526,1.413,10.039,49.16,49.17,49.0,2.5647,0.2947,0.086,147.45,147.49,147.75,0.0847,0.0546,0.0453,98.47,99.68,99.72,0.0502,0.0217,0.042,16000,1024,1540.29,0.9298,0.0624,0.0066,0.0011
2026-08-28T03:17:40.472+02:00,1000,1024,1024,1056,47,359,6,3086,0,255,0,1.8209,0.204,0.1808,3.2742,0.3564,0.9123,1.553,1.471,11.523,49.14,49.12,49.15,2.429,0.2663,0.1256,27.44,147.52,140.95,0.1995,0.0505,0.0721,33.1,25.37,2.1,0.1523,0.022,0.0692,16000,1024,739.13,0.8548,0.1236,0.0181,0.0035
2026-08-28T03:18:10.473+02:00,1000,1024,1024,1056,47,360,1,3087,1,256,0,1.7924,0.2072,0.0833,2.6651,0.3647,0.2111,1.525,1.445,2.116,49.14,49.15,49.13,2.569,0.2953,0.1077,147.39,147.48,98.49,0.0903,0.0525,0.0246,98.2,99.99,147.69,0.0533,0.0205,0.0244,16000,1024,813.89,0.8463,0.1353,0.0152,0.0032
2026-08-28T03:18:40.472+02:00,1000,1024,1024,1056,47,360,1,3088,1,257,0,1.7987,0.2084,0.088,2.6584,0.3626,0.5683,1.521,1.436,5.096,49.14,49.16,49.13,2.5774,0.2963,0.1096,147.38,147.39,98.62,0.0898,0.0559,0.0276,98.19,100.09,147.36,0.0595,0.0273,0.0264,16000,1024,605.99,0.7549,0.227,0.0155,0.0026
2026-08-28T03:19:10.472+02:00,1000,1024,1024,1056,47,360,0,3088,0,257,0,1.8126,0.2037,0.0918,2.7196,0.3536,0.7594,1.526,1.438,9.786,49.15,49.15,49.13,2.6107,0.2872,0.1099,147.43,147.3,98.42,0.0913,0.0577,0.0347,98.23,100.04,147.46,0.0465,0.0226,0.0237,16000,1024,585.88,0.6639,0.3129,0.0197,0.0035
2026-08-28T03:19:40.478+02:00,1000,1024,1024,1056,47,360,1,3089,0,257,0,1.8322,0.2198,0.3198,2.7288,0.4019,1.6077,1.526,1.454,7.067,49.14,49.15,15.17,2.6102,0.3118,0.1284,147.35,147.38,48.95,0.0961,0.0584,0.1084,98.1,99.57,383.17,0.0582,0.0254,0.1073,16000,1024,679.09,0.8461,0.1383,0.0131,0.0025
2026-08-28T03:20:10.474+02:00,1000,1024,1024,1056,47,360,0,3089,0,257,0,1.85,0.2083,0.0905,2.7599,0.3478,0.1926,1.526,1.412,2.056,49.07,49.06,49.05,2.6345,0.2879,0.1111,147.22,147.3,98.31,0.0888,0.0522,0.0303,54.2,99.77,147.22,0.0462,0.0242,0.0259,16000,1024,1040.57,0.7885,0.1856,0.0208,0.0051
2026-08-28T03:20:40.475+02:00,1000,1024,1024,1056,47,360,1,3090,0,257,0,1.8928,0.2065,0.092,2.787,0.3529,0.2474,1.53,1.417,2.145,49.17,49.17,49.19,2.6355,0.2843,0.1154,40.9,147.39,98.38,0.1724,0.0559,0.0259,35.4,56.76,147.41,0.1634,0.0179,0.0224,16000,1024,746.09,0.8101,0.1717,0.0158,0.0025
2026-08-28T03:21:10.481+02:00,1000,1024,1024,1056,47,360,1,3091,0,257,0,1.906,0.2065,0.1438,3.6693,0.3518,1.4018,1.533,1.411,23.53,49.14,49.14,49.16,2.7119,0.2851,0.1348,147.36,147.47,98.56,0.0918,0.0588,0.0326,98.43,100.08,197.07,0.0545,0.0231,0.0308,16000,1024,620.0,0.7652,0.2094,0.0215,0.0038
2026-08-28T03:21:40.474+02:00,1000,1024,1024,1056,47,360,0,3091,0,257,0,1.9254,0.2066,0.0987,2.874,0.3448,0.5813,1.529,1.424,3.704,49.14,49.13,49.09,2.7796,0.2916,0.1196,147.4,147.39,98.65,0.0923,0.0583,0.0243,98.19,100.09,147.49,0.0529,0.021,0.0196,16000,1024,830.53,0.7471,0.2346,0.0157,0.0025
2026-08-28T03:22:10.475+02:00,1000,1024,1024,1056,47,360,0,3091,0,257,0,1.9363,0.2071,0.0955,2.8435,0.3465,0.2407,1.52,1.411,2.127,49.15,49.15,49.19,2.7915,0.2933,0.1232,147.41,147.36,147.41,0.0973,0.0612,0.0225,98.3,100.1,98.09,0.051,0.0184,0.0256,16000,1024,714.13,0.7572,0.2122,0.0245,0.0061
2026-08-28T03:22:40.475+02:00,1000,1024,1024,1056,47,360,0,3091,0,257,0,1.9276,0.2078,0.0944,2.8774,0.3588,0.2446,1.524,1.418,2.19,49.15,49.16,49.16,2.7762,0.293,0.1216,147.41,147.51,98.37,0.0996,0.0576,0.032,98.2,100.09,147.45,0.0568,0.0208,0.0292,16000,1024,637.98,0.7158,0.2597,0.0214,0.0031
2026-08-28T03:23:10.475+02:00,1000,1024,1024,1056,47,360,0,3091,0,257,0,1.9535,0.2109,0.1702,2.9141,0.3648,0.7998,1.522,1.424,9.286,49.16,49.17,49.26,2.8224,0.2991,0.1303,147.46,147.41,291.29,0.097,0.0638,0.0523,98.23,100.02,245.96,0.0516,0.0211,0.0485,16000,1024,671.83,0.6405,0.3358,0.0196,0.004
2026-08-28T03:23:40.477+02:00,1000,1024,1024,1056,47,360,0,3091,0,257,0,1.9309,0.2072,0.0941,2.8935,0.3527,0.2233,1.522,1.424,2.065,49.07,49.07,49.06,2.7558,0.2877,0.12,147.11,147.1,98.06,0.0917,0.0587,0.0322,98.22,99.77,147.27,0.0578,0.0233,0.0273,16000,1024,873.72,0.8257,0.1575,0.0148,0.002
2026-08-28T03:24:10.477+02:00,1000,1024,1024,1056,47,360,0,3091,0,257,0,1.9522,0.2154,0.228,2.9183,0.3939,1.3201,1.523,1.44,9.84,49.13,49.1,48.95,2.8092,0.3026,0.0949,147.34,147.43,6.39,0.0969,0.059,0.0957,98.23,99.9,486.04,0.0515,0.0172,0.0699,16000,1024,651.85,0.7337,0.2431,0.02,0.0032
2026-08-28T03:24:40.477+02:00,1000,1024,1024,1056,47,360,0,3091,0,257,0,1.9853,0.2239,0.3198,2.9804,0.4156,1.6185,1.516,1.43,4.839,49.17,49.18,98.58,2.8611,0.3119,0.1101,147.46,147.44,49.58,0.095,0.0698,0.1082,98.35,99.94,246.1,0.0592,0.0242,0.0971,16000,1024,731.08,0.6087,0.3651,0.0227,0.0036
2026-08-28T03:25:10.477+02:00,1000,1024,1024,1056,47,360,0,3091,0,257,0,1.9893,0.209,0.0998,2.9525,0.3674,0.2375,1.516,1.431,2.006,49.15,49.15,49.16,2.8717,0.2965,0.1294,147.38,147.35,147.3,0.0967,0.0558,0.0293,98.44,100.06,98.24,0.056,0.0224,0.0304,16000,1024,611.36,0.6566,0.3142,0.0249,0.0043
2026-08-28T03:25:40.479+02:00,1000,1024,1024,1056,47,360,0,3091,0,257,0,1.9831,0.2095,0.0979,2.9161,0.3489,0.2284,1.519,1.437,1.956,49.13,49.12,49.14,2.866,0.2962,0.1288,147.36,147.39,147.36,0.0936,0.06,0.0266,98.13,99.75,98.73,0.0635,0.0203,0.0261,16000,1024,908.71,0.8723,0.1188,0.0073,0.0016
2026-08-28T03:26:10.478+02:00,1000,1024,1024,1056,47,360,0,3091,0,257,0,2.0193,0.2227,0.323,3.0028,0.4055,1.5999,1.513,1.438,6.311,49.15,49.15,309.7,2.9122,0.3116,0.1291,147.41,147.29,182.92,0.0988,0.0642,0.1163,98.3,99.96,271.51,0.0554,0.023,0.1054,16000,1024,2005.16,0.898,0.0918,0.0088,0.0014
2026-08-28T03:26:40.479+02:00,1000,1024,1024,1056,47,360,0,3091,0,257,0,2.026,0.2105,0.1159,3.0117,0.352,0.8276,1.518,1.42,9.931,49.14,49.14,49.12,2.9174,0.2953,0.1279,147.39,147.45,147.63,0.0962,0.0623,0.0224,98.22,99.9,98.48,0.0571,0.0212,0.0207,16000,1024,619.77,0.4649,0.4994,0.029,0.0068
2026-08-28T03:27:10.480+02:00,1000,1024,1024,1056,47,360,0,3091,0,257,0,0.0248,0.0208,0.0477,0.0881,0.0681,0.7349,3.048,2.615,112.189,92.56,86.6,36.02,0.009,0.0076,0.0147,152.61,22.81,118.99,0.0079,0.0061,0.0136,4.71,75.25,160.36,0.0069,0.0053,0.0134,16000,1024,402.83,0.952,0.0366,0.0098,0.0016
2026-08-28T03:27:40.481+02:00,1000,1024,1024,1056,47,360,0,3091,0,257,0,0.0241,0.0216,0.0316,0.0772,0.0746,0.114,3.016,2.996,3.239,102.51,51.46,17.88,0.0074,0.0074,0.0097,156.0,60.83,109.79,0.0073,0.0073,0.0094,39.27,88.62,37.68,0.007,0.0071,0.0095,16000,1024,1311.93,0.9836,0.013,0.003,0.0004
2026-08-28T03:28:10.481+02:00,1000,1024,1024,1056,47,360,0,3091,0,257,0,0.0222,0.0213,0.0306,0.0714,0.092,0.1067,2.767,3.3,2.697,117.98,121.8,162.46,0.0069,0.0073,0.0098,125.85,139.71,104.45,0.0067,0.0066,0.009,17.5,91.84,118.03,0.006,0.0061,0.009,16000,1024,1865.47,0.9819,0.0141,0.0033,0.0007
2026-08-28T03:28:40.480+02:00,1000,1024,1024,1056,47,361,1,3092,0,257,0,0.0221,0.0213,0.07,0.0692,0.0963,0.9776,2.62,3.722,97.326,6.58,18.93,27.0,0.0083,0.0069,0.0245,78.04,7.79,489.21,0.0076,0.0058,0.0225,50.74,71.8,76.68,0.0074,0.007,0.0227,16000,1024,722.01,0.9862,0.0095,0.0036,0.0007
2026-08-28T03:29:10.480+02:00,1000,1024,1024,1056,47,361,0,3092,0,257,0,0.0242,0.022,0.0569,0.081,0.0821,0.6941,2.772,3.148,86.666,77.97,53.46,240.27,0.0064,0.0073,0.0156,3.46,6.78,118.94,0.007,0.0066,0.0154,65.12,23.25,198.34,0.006,0.0061,0.0151,16000,1024,342.14,0.9249,0.063,0.0106,0.0016
2026-08-28T03:29:40.483+02:00,1000,1024,1024,1056,47,361,0,3092,0,257,0,0.0233,0.0219,0.0569,0.0738,0.0886,0.7149,2.879,3.586,93.983,57.07,39.72,145.42,0.0072,0.0066,0.0166,44.13,93.36,41.49,0.0064,0.007,0.0168,186.86,123.47,122.31,0.0068,0.0067,0.0153,16000,1024,398.66,0.9684,0.023,0.0074,0.0013
2026-08-28T03:30:10.482+02:00,1000,1024,1024,1056,47,361,0,3092,0,257,0,0.0249,0.0261,0.1585,0.0744,0.0987,0.7094,2.958,3.958,14.18,63.54,113.92,270.6,0.009,0.0076,0.0607,57.51,97.68,132.9,0.0081,0.007,0.0476,157.29,74.15,458.71,0.0074,0.007,0.0496,16000,1024,654.51,0.9258,0.0539,0.0173,0.0031
2026-08-28T03:30:40.481+02:00,1000,1024,1024,1056,47,361,0,3092,0,257,0,0.0245,0.0304,0.2464,0.0892,0.1709,1.7015,3.293,7.066,15.146,62.22,78.23,9.19,0.0075,0.0081,0.1062,206.8,107.02,13.37,0.0072,0.0078,0.077,29.8,66.99,81.01,0.0072,0.0093,0.065,16000,1024,494.59,0.9676,0.0281,0.0035,0.0008
2026-08-28T03:31:10.484+02:00,1000,1024,1024,1056,47,361,0,3092,0,257,0,0.0234,0.0224,0.1153,0.0746,0.0819,1.1841,2.877,3.097,51.829,114.44,63.67,2.92,0.007,0.0076,0.04,205.11,82.27,288.18,0.0068,0.0069,0.0344,177.71,45.77,106.58,0.0067,0.0068,0.034,16000,1024,270.37,0.9135,0.0608,0.0225,0.0032
2026-08-28T03:31:40.483+02:00,1000,1024,1024,1056,47,361,0,3092,0,257,0,0.024,0.0204,0.0788,0.0773,0.0662,1.3097,2.897,2.678,124.986,48.99,62.75,141.8,0.0071,0.0076,0.0092,158.77,177.04,157.95,0.0075,0.0062,0.009,151.91,31.06,58.47,0.0074,0.0057,0.0087,16000,1024,382.49,0.9454,0.0446,0.0086,0.0014
2026-08-28T03:32:10.484+02:00,1000,1024,1024,1056,47,361,0,3092,0,257,0,0.0246,0.0202,0.0319,0.0815,0.0658,0.1113,2.892,2.808,3.372,44.26,218.9,58.87,0.0078,0.006,0.0102,24.39,133.94,30.34,0.0072,0.0059,0.0094,82.88,65.96,91.16,0.0065,0.0056,0.0096,16000,1024,332.48,0.8817,0.0877,0.0287,0.0019
2026-08-28T03:32:40.483+02:00,1000,1024,1024,1056,47,361,0,3092,0,257,0,0.0243,0.032,0.2649,0.0783,0.1631,1.6639,3.031,5.775,11.122,50.97,11.01,11.05,0.0081,0.0151,0.1068,33.72,83.86,286.23,0.0078,0.0092,0.0685,67.71,129.26,150.38,0.007,0.0095,0.0667,16000,1024,470.68,0.9821,0.0133,0.0038,0.0008
2026-08-28T03:33:10.486+02:00,1000,1024,1024,1056,47,361,0,3092,0,257,0,0.0223,0.0214,0.0315,0.0713,0.0687,0.107,2.888,2.846,3.013,201.44,12.75,115.29,0.0073,0.0068,0.01,77.53,78.94,34.12,0.0077,0.0061,0.0097,126.6,61.45,8.12,0.0062,0.0057,0.0096,16000,1024,347.77,0.9297,0.0564,0.0123,0.0016
2026-08-28T03:33:40.484+02:00,1000,1024,1024,1056,47,361,0,3092,0,257,0,0.0218,0.0411,0.3833,0.0726,0.1486,1.5337,2.906,3.467,4.127,58.02,429.79,429.8,0.0065,0.0161,0.1461,151.12,384.88,384.8,0.0064,0.0155,0.142,13.43,337.33,43.92,0.0063,0.0134,0.1268,16000,1024,1157.65,0.9865,0.0101,0.0029,0.0004
2026-08-28T03:34:10.484+02:00,1000,1024,1024,1056,47,361,1,3093,0,257,0,0.0234,0.0205,0.0325,0.0758,0.0752,0.0984,2.976,3.146,2.833,47.91,83.21,174.25,0.0063,0.0071,0.0119,43.24,16.0,109.56,0.0064,0.0072,0.0094,128.07,63.61,52.52,0.0062,0.0064,0.009,16000,1024,874.61,0.9292,0.0515,0.0161,0.0032
2026-08-28T03:34:40.487+02:00,1000,1024,1024,1056,47,361,0,3093,0,257,0,0.0227,0.042,0.3851,0.0755,0.1714,1.7592,2.932,3.581,4.287,76.05,25.51,25.49,0.0084,0.0178,0.1512,114.1,277.61,162.43,0.0081,0.0149,0.1508,184.66,286.31,277.8,0.0063,0.0129,0.1408,16000,1024,482.58,0.9619,0.0288,0.0083,0.0011
2026-08-28T03:35:10.499+02:00,1000,1024,1024,1056,47,361,1,3094,1,258,0,0.0222,0.0204,0.0343,0.0808,0.0699,0.1149,3.128,2.941,3.242,7.78,91.43,55.44,0.0071,0.0066,0.0103,96.4,101.69,6.85,0.0071,0.0057,0.0092,3.2,220.65,45.86,0.0068,0.0054,0.009,16000,1024,397.46,0.9409,0.0502,0.0077,0.0012
2026-08-28T03:35:40.486+02:00,1000,1024,1024,1056,47,361,0,3094,0,258,0,0.0216,0.021,0.0336,0.0646,0.0864,0.1209,2.604,3.273,3.416,46.57,118.97,113.73,0.0075,0.007,0.0153,155.99,75.31,50.92,0.0075,0.0066,0.0098,177.82,51.08,34.33,0.0063,0.0068,0.0096,16000,1024,527.26,0.9747,0.0201,0.0045,0.0007
2026-08-28T03:36:10.492+02:00,1000,1024,1024,1056,47,361,0,3094,0,258,0,0.0238,0.0204,0.0318,0.0679,0.062,0.0952,2.805,2.827,2.762,36.09,87.03,88.03,0.0079,0.0065,0.0112,182.8,4.95,183.24,0.0073,0.0061,0.009,14.02,171.86,70.33,0.0075,0.006,0.0087,16000,1024,517.7,0.9737,0.0216,0.0043,0.0005
2026-08-28T03:36:40.486+02:00,1000,1024,1024,1056,47,361,0,3094,0,258,0,0.0229,0.021,0.0421,0.0785,0.0714,0.6048,3.35,2.876,76.969,74.17,30.75,72.04,0.0079,0.009,0.0106,37.12,39.98,196.96,0.0071,0.0066,0.0097,50.35,139.77,29.17,0.0076,0.0063,0.0093,16000,1024,428.43,0.9641,0.027,0.0076,0.0013
2026-08-28T03:37:10.488+02:00,1000,1024,1024,1056,47,361,0,3094,0,258,0,0.0246,0.0207,0.0318,0.0859,0.0625,0.1121,3.147,2.769,3.005,170.89,33.7,8.14,0.0075,0.0066,0.0114,145.49,48.72,80.43,0.0072,0.0055,0.0111,64.36,95.64,159.04,0.0065,0.0053,0.0098,16000,1024,688.43,0.9695,0.0247,0.005,0.0007
2026-08-28T03:37:40.488+02:00,1000,1024,1024,1056,47,361,0,3094,0,258,0,0.0224,0.026,0.1735,0.0758,0.1038,0.718,2.857,4.04,11.369,52.91,338.58,169.25,0.0081,0.0103,0.1051,2.98,169.26,338.48,0.0074,0.0102,0.0987,9.2,492.19,492.2,0.0079,0.0075,0.0723,16000,1024,555.05,0.98,0.0157,0.0036,0.0007
2026-08-28T03:38:10.487+02:00,1000,1024,1024,1056,47,361,0,3094,0,258,0,0.0226,0.021,0.0307,0.0789,0.0888,0.1102,3.025,3.255,3.011,142.75,116.98,106.47,0.0087,0.0071,0.0095,17.48,176.05,60.39,0.0073,0.0062,0.0094,161.85,49.12,195.52,0.007,0.0061,0.0093,16000,1024,364.51,0.9618,0.0243,0.0124,0.0015
2026-08-28T03:38:40.488+02:00,1000,1024,1024,1056,47,362,0,3094,0,258,0,0.0232,0.0205,0.0314,0.066,0.0713,0.1337,2.618,3.205,3.228,62.09,104.81,84.79,0.0068,0.0062,0.0099,142.38,173.62,25.75,0.0061,0.0054,0.0098,109.89,74.14,110.81,0.0061,0.0052,0.0092,16000,1024,352.79,0.9404,0.0365,0.0206,0.0025
2026-08-28T03:39:10.488+02:00,1000,1024,1024,1056,47,362,0,3094,0,258,0,0.0239,0.0206,0.0328,0.0832,0.0705,0.1017,2.861,2.847,2.571,9.95,79.19,91.44,0.007,0.0062,0.011,3.06,74.09,21.19,0.0066,0.006,0.0102,79.5,37.38,65.11,0.0078,0.006,0.0094,16000,1024,501.31,0.9683,0.0238,0.0071,0.0009
2026-08-28T03:39:40.488+02:00,1000,1024,1024,1056,47,362,0,3094,0,258,0,0.0232,0.0212,0.0457,0.0651,0.067,0.7175,2.788,3.083,117.175,33.38,46.82,216.43,0.0071,0.0069,0.0107,90.23,11.01,128.78,0.0071,0.006,0.0095,52.0,38.29,155.12,0.0061,0.0059,0.009,16000,1024,420.59,0.9338,0.051,0.0133,0.0019
2026-08-28T03:40:10.490+02:00,1000,1024,1024,1056,47,362,0,3094,0,258,0,0.022,0.0203,0.0324,0.081,0.0684,0.1032,3.376,3.041,2.877,28.61,224.63,28.1,0.0074,0.0067,0.0101,42.85,66.18,87.78,0.0059,0.0063,0.0094,16.53,106.04,13.38,0.0055,0.0065,0.0093,16000,1024,339.34,0.9603,0.0313,0.0073,0.001
2026-08-28T03:40:40.491+02:00,1000,1024,1024,1056,47,362,0,3094,0,258,0,0.0238,0.0215,0.0336,0.0678,0.0645,0.109,2.776,2.749,2.966,78.79,60.51,19.29,0.0075,0.0066,0.0104,120.16,111.12,57.63,0.0066,0.006,0.0096,72.67,211.21,74.94,0.0072,0.006,0.0093,16000,1024,516.27,0.9584,0.0312,0.0092,0.0012
2026-08-28T03:41:10.490+02:00,1000,1024,1024,1056,47,362,1,3095,0,258,0,0.0233,0.0206,0.0475,0.0749,0.0666,0.7055,2.859,3.116,97.482,19.29,10.64,90.25,0.008,0.0063,0.0139,119.96,46.54,26.65,0.0078,0.006,0.0122,41.17,53.76,184.67,0.0071,0.0057,0.0114,16000,1024,266.28,0.9163,0.0677,0.0132,0.0028
2026-08-28T03:41:40.492+02:00,1000,1024,1024,1056,47,362,0,3095,0,258,0,0.0224,0.027,0.1592,0.0627,0.1025,0.7244,2.662,4.544,13.578,114.33,340.14,339.92,0.0071,0.0096,0.0716,63.51,113.55,167.02,0.007,0.0085,0.0586,145.52,172.36,113.09,0.0067,0.0094,0.0568,16000,1024,557.71,0.9633,0.0293,0.0065,0.0009
2026-08-28T03:42:10.490+02:00,1000,1024,1024,1056,47,362,0,3095,0,258,0,0.0248,0.0213,0.029,0.0816,0.0667,0.0961,2.969,2.662,3.027,43.2,166.11,22.51,0.009,0.0062,0.0101,122.6,66.76,209.78,0.0077,0.0063,0.0092,37.16,182.24,121.03,0.0066,0.0065,0.0085,16000,1024,469.64,0.9662,0.0285,0.0045,0.0009
2026-08-28T03:42:40.493+02:00,1000,1024,1024,1056,47,362,1,3096,0,258,0,0.022,0.021,0.0287,0.0625,0.0682,0.089,2.799,2.896,2.82,174.69,11.45,10.18,0.0078,0.0079,0.0089,56.46,60.54,56.41,0.0067,0.0067,0.0081,204.78,141.31,273.28,0.0065,0.0053,0.0077,16000,1024,458.26,0.9427,0.0464,0.0099,0.001
2026-08-28T03:43:10.491+02:00,1000,1024,1024,1056,47,363,0,3096,0,258,0,0.0232,0.0215,0.0313,0.0836,0.0652,0.1107,3.212,2.858,3.225,116.14,51.88,100.86,0.0079,0.0075,0.0124,147.27,20.23,48.96,0.0073,0.0061,0.0096,34.58,140.79,26.54,0.0073,0.0058,0.0085,16000,1024,561.06,0.9774,0.0164,0.0055,0.0007
2026-08-28T03:43:40.493+02:00,1000,1024,1024,1056,47,363,0,3096,0,258,0,0.023,0.021,0.0682,0.0756,0.0659,0.7553,2.91,2.814,69.906,18.39,15.8,20.22,0.0081,0.0085,0.0223,68.74,235.03,60.14,0.0064,0.007,0.0234,237.21,43.9,235.86,0.0061,0.0066,0.0215,16000,1024,422.41,0.9605,0.0329,0.0057,0.001
2026-08-28T03:44:10.493+02:00,1000,1024,1024,1056,47,363,0,3096,0,258,0,0.0238,0.0208,0.0318,0.0742,0.062,0.0978,2.773,2.707,3.159,96.91,24.34,89.61,0.0078,0.0076,0.011,84.11,42.58,42.9,0.007,0.0069,0.0085,90.01,101.37,70.55,0.0069,0.0058,0.0082,16000,1024,977.04,0.9766,0.0182,0.0044,0.0009
2026-08-28T03:44:40.493+02:00,1000,1024,1024,1056,47,363,0,3096,0,258,0,0.0227,0.0238,0.1351,0.0948,0.09,0.6995,3.24,4.129,19.643,3.05,42.58,136.27,0.0083,0.0078,0.0487,99.53,191.04,378.95,0.0073,0.0066,0.0442,133.41,251.28,294.06,0.0067,0.0065,0.0432,16000,1024,558.04,0.9687,0.0247,0.0059,0.0007
2026-08-28T03:45:10.493+02:00,1000,1024,1024,1056,47,363,0,3096,0,258,0,0.023,0.0215,0.1197,0.076,0.0733,1.1553,3.086,3.114,38.569,53.47,87.71,496.23,0.0069,0.0064,0.0347,171.01,183.31,6.65,0.0067,0.0062,0.0328,61.12,129.28,364.97,0.0075,0.0057,0.0324,16000,1024,754.08,0.9597,0.0314,0.0078,0.0011
2026-08-28T03:45:40.494+02:00,1000,1024,1024,1056,47,363,0,3096,0,258,0,0.022,0.0235,0.127,0.0868,0.0995,0.7207,3.614,4.185,22.047,9.19,31.64,119.0,0.007,0.0077,0.0326,71.97,216.68,97.78,0.0065,0.0066,0.0307,181.65,191.06,435.51,0.006,0.0067,0.0302,16000,1024,674.56,0.9731,0.0192,0.007,0.0007
2026-08-28T03:46:10.503+02:00,1000,1024,1024,1056,47,363,0,3096,0,258,0,0.0224,0.0199,0.0304,0.1038,0.0661,0.0894,3.458,2.944,2.689,71.34,225.82,59.3,0.0066,0.0069,0.011,40.95,95.13,213.13,0.0061,0.0067,0.0097,184.75,203.33,235.31,0.0061,0.0059,0.0093,16000,1024,384.01,0.909,0.0747,0.0145,0.0018
2026-08-28T03:46:40.500+02:00,1000,1024,1024,1056,47,363,0,3096,0,258,0,0.0237,0.0203,0.0336,0.0693,0.0673,0.1289,2.835,2.942,3.194,53.19,28.56,28.49,0.0093,0.0075,0.0112,78.16,104.15,7.16,0.0076,0.0068,0.0098,67.14,5.96,14.65,0.0074,0.0059,0.0091,16000,1024,503.75,0.9673,0.0251,0.0062,0.0015
2026-08-28T03:47:10.495+02:00,1000,1024,1024,1056,47,363,0,3096,0,258,0,0.024,0.0208,0.0321,0.077,0.068,0.1065,2.85,3.024,2.865,108.32,127.81,10.3,0.0065,0.0076,0.0125,11.94,177.56,89.91,0.0062,0.0062,0.0094,75.06,36.36,176.08,0.0061,0.0062,0.0097,16000,1024,456.22,0.9576,0.0317,0.0097,0.0011
2026-08-28T03:47:40.494+02:00,1000,1024,1024,1056,47,363,0,3096,0,258,0,0.0227,0.0218,0.1026,0.083,0.1028,0.6997,3.319,4.162,28.009,64.65,249.22,350.66,0.0092,0.0084,0.0485,114.18,88.77,2.2,0.0067,0.0081,0.0484,71.91,79.13,337.63,0.0069,0.0066,0.0434,16000,1024,533.46,0.9793,0.0169,0.0032,0.0006
2026-08-28T03:48:10.495+02:00,1000,1024,1024,1056,47,363,0,3096,0,258,0,0.0242,0.0191,0.0337,0.0773,0.0655,0.1208,3.106,3.061,3.328,19.66,97.97,41.47,0.0088,0.0077,0.0116,2.12,20.87,92.12,0.008,0.0076,0.0109,74.1,42.0,144.22,0.0067,0.0056,0.0105,16000,1024,395.49,0.9642,0.0282,0.0066,0.001
2026-08-28T03:48:40.497+02:00,1000,1024,1024,1056,47,365,0,3096,0,258,0,0.0226,0.0224,0.0299,0.066,0.0784,0.1018,2.652,2.841,3.044,24.5,169.32,38.24,0.0065,0.0072,0.0125,42.53,30.21,22.93,0.0068,0.0064,0.0109,167.0,48.05,138.28,0.0062,0.0063,0.0112,16000,1024,686.56,0.9571,0.0373,0.005,0.0006
2026-08-28T03:49:10.497+02:00,1000,1024,1024,1056,47,365,0,3096,0,258,0,0.0238,0.0199,0.1219,0.0896,0.0738,1.2658,3.065,3.016,42.761,44.46,73.92,4.25,0.0067,0.0071,0.0558,138.28,86.07,8.41,0.0063,0.0059,0.0538,99.42,170.15,281.83,0.0061,0.0057,0.0435,16000,1024,383.95,0.8702,0.0984,0.0286,0.0028
2026-08-28T03:49:40.498+02:00,1000,1024,1024,1056,47,365,1,3097,0,258,0,0.0241,0.0215,0.0556,0.0737,0.0777,0.6898,3.011,2.863,88.43,178.49,58.99,96.02,0.007,0.0074,0.0119,23.64,122.37,27.41,0.0069,0.0071,0.0107,61.47,20.59,52.82,0.0064,0.0068,0.0091,16000,1024,519.85,0.9571,0.0348,0.0069,0.0012
2026-08-28T03:50:10.497+02:00,1000,1024,1024,1056,47,365,0,3097,0,258,0,0.0228,0.0215,0.0332,0.0901,0.0745,0.1031,3.075,2.898,2.893,69.53,9.46,6.56,0.0067,0.0075,0.0112,51.17,57.02,26.38,0.0068,0.007,0.0103,223.16,33.09,100.32,0.0064,0.0054,0.0093,16000,1024,1889.63,0.9848,0.0108,0.0036,0.0007
2026-08-28T03:50:40.499+02:00,1000,1024,1024,1056,47,366,1,3098,0,258,0,0.0229,0.0234,0.1247,0.0879,0.0962,0.6968,3.293,4.625,22.133,29.84,40.02,307.58,0.0077,0.0065,0.0308,42.89,19.72,450.05,0.0069,0.0064,0.0269,74.3,257.71,50.01,0.0067,0.0063,0.0269,16000,1024,475.61,0.965,0.0289,0.0052,0.0009
2026-08-28T03:51:10.499+02:00,1000,1024,1024,1056,47,366,1,3099,0,258,0,0.0234,0.02,0.0331,0.0741,0.0764,0.102,2.942,3.068,3.057,22.38,58.19,10.91,0.0087,0.0071,0.0106,9.28,130.98,120.48,0.0087,0.0063,0.0107,30.75,105.53,150.02,0.0071,0.0053,0.0096,16000,1024,383.83,0.9441,0.0436,0.0107,0.0017
2026-08-28T03:51:40.498+02:00,1000,1024,1024,1056,47,366,0,3099,0,258,0,0.0235,0.0438,0.3848,0.0605,0.1781,1.7218,2.502,3.132,3.676,116.86,83.72,406.21,0.0087,0.0136,0.1291,248.61,419.22,419.39,0.0078,0.0135,0.1325,3.97,403.49,438.11,0.0065,0.0129,0.1247,16000,1024,690.15,0.9902,0.0058,0.0034,0.0006
2026-08-28T03:52:10.498+02:00,1000,1024,1024,1056,47,366,2,3101,1,259,0,0.0223,0.0224,0.0469,0.0868,0.081,0.7229,3.304,3.386,108.883,27.45,132.2,152.97,0.0067,0.0059,0.0115,164.23,115.28,83.88,0.0066,0.0054,0.0095,46.1,46.93,177.68,0.0062,0.0053,0.0089,16000,1024,441.05,0.964,0.0239,0.0107,0.0013
2026-08-28T03:52:40.499+02:00,1000,1024,1024,1056,47,366,0,3101,0,259,0,0.023,0.0206,0.0326,0.0715,0.0682,0.1087,3.08,2.923,2.818,176.59,33.3,92.14,0.0069,0.0068,0.0107,2.84,45.11,66.4,0.0066,0.0061,0.0096,19.77,106.15,113.31,0.0062,0.006,0.0096,16000,1024,508.25,0.9527,0.0398,0.0066,0.0008
2026-08-28T03:53:10.499+02:00,1000,1024,1024,1056,47,366,0,3101,0,259,0,0.0238,0.0196,0.0417,0.0864,0.0633,0.5787,2.953,2.903,73.095,123.45,68.09,23.8,0.0084,0.0061,0.0142,117.49,79.29,153.2,0.0077,0.0059,0.0124,1.84,29.84,204.43,0.0065,0.0061,0.0127,16000,1024,883.64,0.9808,0.0126,0.0061,0.0005
2026-08-28T03:53:40.504+02:00,1000,1024,1024,1056,47,366,1,3102,0,259,0,0.0236,0.0199,0.0428,0.0753,0.0679,0.62,2.973,3.145,83.089,149.28,141.85,46.79,0.0085,0.0066,0.0152,67.64,75.95,34.02,0.007,0.0063,0.0136,137.78,189.56,80.58,0.0068,0.0058,0.0134,16000,1024,377.66,0.9652,0.0299,0.0043,0.0006
2026-08-28T03:54:10.500+02:00,1000,1024,1024,1056,47,366,0,3102,0,259,0,0.0231,0.0211,0.1283,0.0801,0.0689,1.3522,3.135,3.036,46.078,257.68,66.14,5.15,0.0071,0.0081,0.0596,143.02,139.39,10.38,0.0075,0.0069,0.0568,39.82,12.15,15.14,0.0069,0.0058,0.0428,16000,1024,631.55,0.9432,0.0424,0.0131,0.0013
2026-08-28T03:54:40.500+02:00,1000,1024,1024,1056,47,366,0,3102,0,259,0,0.0222,0.0217,0.0314,0.0673,0.0648,0.1144,2.837,2.887,3.147,69.21,14.22,32.1,0.007,0.0084,0.0101,52.08,20.33,119.22,0.0073,0.0062,0.0099,60.34,82.36,192.76,0.0065,0.0065,0.0103,16000,1024,337.72,0.928,0.0527,0.0171,0.0021
2026-08-28T03:55:10.501+02:00,1000,1024,1024,1056,47,367,0,3102,0,259,0,0.0229,0.0205,0.0302,0.076,0.0714,0.107,2.942,3.166,2.937,171.04,60.72,35.75,0.0071,0.0062,0.0103,112.91,53.47,51.83,0.0071,0.0059,0.0084,62.95,11.29,132.66,0.007,0.006,0.0083,16000,1024,549.93,0.9761,0.0176,0.0059,0.0005
2026-08-28T03:55:40.501+02:00,1000,1024,1024,1056,47,367,1,3103,0,259,0,0.0248,0.0196,0.0305,0.0918,0.0632,0.0952,3.131,2.944,3.087,82.21,2.11,35.46,0.0081,0.0076,0.0102,5.24,19.9,50.84,0.008,0.0068,0.0088,9.46,82.68,75.68,0.007,0.0063,0.009,16000,1024,410.15,0.9685,0.0246,0.0059,0.0009
2026-08-28T03:56:10.501+02:00,1000,1024,1024,1056,47,367,0,3103,0,259,0,0.0237,0.0218,0.0564,0.0719,0.1016,0.6887,2.712,3.919,80.561,125.71,56.58,68.1,0.0078,0.006,0.0143,150.66,170.4,32.08,0.0076,0.0051,0.0135,95.95,51.41,92.88,0.0074,0.0052,0.012,16000,1024,1496.78,0.9786,0.0157,0.0048,0.001
2026-08-28T03:56:40.503+02:00,1000,1024,1024,1056,47,367,0,3103,0,259,0,0.0226,0.0334,0.2469,0.0745,0.1711,1.6324,2.88,6.508,13.528,79.02,5.99,6.57,0.0058,0.0105,0.0866,54.33,33.88,32.75,0.0062,0.0103,0.0675,160.82,38.91,12.34,0.006,0.0093,0.0685,16000,1024,309.5,0.9366,0.0416,0.0202,0.0016
2026-08-28T03:57:10.507+02:00,1000,1024,1024,1056,47,367,1,3104,0,259,0,0.024,0.0405,0.3491,0.0655,0.1549,1.4162,2.628,3.574,4.11,44.55,284.11,283.88,0.0073,0.0129,0.1205,296.19,82.52,82.07,0.0069,0.0122,0.1097,38.81,240.96,273.19,0.0066,0.0113,0.1043,16000,1024,364.1,0.9274,0.0594,0.0111,0.0022
2026-08-28T03:57:40.503+02:00,1000,1024,1024,1056,47,367,0,3104,0,259,0,0.0233,0.0209,0.046,0.0747,0.0772,0.7082,2.767,3.026,109.612,55.89,79.91,57.73,0.0082,0.0061,0.01,103.58,62.23,131.97,0.0078,0.0057,0.0092,93.03,4.72,113.67,0.0076,0.0055,0.0098,16000,1024,550.97,0.9687,0.0241,0.0064,0.0008
2026-08-28T03:58:10.508+02:00,1000,1024,1024,1056,47,367,0,3104,0,259,0,0.0227,0.0208,0.0553,0.0784,0.0718,0.6966,3.197,3.093,87.953,181.32,92.13,102.39,0.0092,0.006,0.0144,50.6,124.75,188.58,0.0072,0.0059,0.014,22.78,60.68,118.41,0.0066,0.0056,0.0145,16000,1024,495.35,0.9731,0.0215,0.0045,0.0009
2026-08-28T03:58:40.504+02:00,1000,1024,1024,1056,47,367,0,3104,0,259,0,0.0225,0.0197,0.0331,0.0617,0.0665,0.1092,2.574,2.909,2.839,46.92,15.41,49.76,0.0076,0.0069,0.0094,27.04,156.52,38.04,0.0077,0.0064,0.0093,149.8,131.35,68.14,0.0071,0.0063,0.0095,16000,1024,857.35,0.9841,0.0116,0.0038,0.0005
2026-08-28T03:59:10.505+02:00,1000,1024,1024,1056,47,367,0,3104,0,259,0,0.0245,0.0207,0.032,0.0854,0.0704,0.0916,2.846,2.894,2.835,123.99,1.76,88.1,0.0068,0.0073,0.0106,58.68,130.85,111.61,0.0066,0.0068,0.0094,53.42,139.34,22.58,0.0067,0.0065,0.0088,16000,1024,419.97,0.9639,0.0296,0.0054,0.0011
2026-08-28T03:59:40.506+02:00,1000,1024,1024,1056,47,367,0,3104,0,259,0,0.0237,0.0201,0.0429,0.0716,0.0766,0.6688,2.826,3.208,110.404,5.09,92.36,67.34,0.0077,0.0071,0.0095,51.55,41.1,210.93,0.0064,0.0063,0.0095,20.51,203.5,160.27,0.0063,0.0062,0.0089,16000,1024,343.39,0.8629,0.1175,0.0172,0.0025
2026-08-28T04:00:10.505+02:00,1000,1024,1024,1056,47,367,0,3104,0,259,0,0.0237,0.0199,0.0321,0.0751,0.0576,0.1191,3.001,2.534,3.19,88.66,198.1,86.67,0.007,0.007,0.01,11.9,153.45,57.4,0.0064,0.0059,0.0092,190.44,95.45,9.96,0.0062,0.006,0.009,16000,1024,326.12,0.9318,0.0506,0.0155,0.0021
2026-08-28T04:00:40.506+02:00,1000,1024,1024,1056,47,367,0,3104,0,259,0,0.024,0.0246,0.1288,0.0746,0.0925,0.701,3.224,3.775,20.794,75.97,17.75,174.2,0.0069,0.0091,0.044,86.12,157.86,499.51,0.0067,0.0087,0.0506,14.39,7.71,482.22,0.0069,0.0077,0.0416,16000,1024,558.47,0.9645,0.0307,0.0041,0.0007
2026-08-28T04:01:10.505+02:00,1000,1024,1024,1056,47,367,0,3104,0,259,0,0.0243,0.0206,0.0446,0.081,0.0793,0.6844,3.051,3.175,111.921,48.04,101.97,29.64,0.0075,0.0073,0.0083,148.21,75.98,8.69,0.0076,0.006,0.0081,98.53,83.01,97.87,0.0072,0.0058,0.0079,16000,1024,606.27,0.9553,0.0387,0.0053,0.0007
2026-08-28T04:01:40.506+02:00,1000,1024,1024,1056,47,367,0,3104,0,259,0,0.0223,0.0317,0.2395,0.0747,0.1544,1.2985,2.903,5.741,10.98,44.85,28.5,11.39,0.0076,0.0127,0.1109,166.23,11.37,7.32,0.0068,0.0126,0.0996,90.6,168.29,419.6,0.0062,0.0107,0.0893,16000,1024,1438.0,0.99,0.0081,0.0017,0.0002
2026-08-28T04:02:10.512+02:00,1000,1024,1024,1056,47,367,0,3104,0,259,0,0.0227,0.0213,0.0299,0.0939,0.0643,0.1059,3.471,2.721,2.772,14.04,4.77,65.93,0.0086,0.0069,0.011,46.86,30.11,203.86,0.0069,0.0063,0.0094,125.83,41.72,33.93,0.0064,0.0059,0.0088,16000,1024,560.81,0.9311,0.0535,0.0126,0.0028
2026-08-28T04:02:40.509+02:00,1000,1024,1024,1056,47,367,0,3104,0,259,0,0.0218,0.0205,0.0312,0.0631,0.0763,0.0957,2.715,3.051,3.08,88.66,32.9,47.8,0.0063,0.0073,0.0101,109.14,189.35,67.35,0.0063,0.0063,0.009,202.81,15.06,101.33,0.0065,0.0064,0.0085,16000,1024,936.36,0.9855,0.0113,0.0028,0.0004
2026-08-28T04:03:10.508+02:00,1000,1024,1024,1056,47,367,0,3104,0,259,0,0.0229,0.0325,0.2285,0.0843,0.1587,1.3253,3.281,6.194,13.841,221.44,9.96,9.35,0.0079,0.0091,0.0694,67.0,5.35,440.07,0.008,0.0094,0.0624,74.8,88.48,27.32,0.0081,0.0096,0.0543,16000,1024,445.19,0.9266,0.0617,0.0106,0.0011
2026-08-28T04:03:40.507+02:00,1000,1024,1024,1056,47,367,0,3104,0,259,0,0.0222,0.0202,0.0312,0.0755,0.0683,0.111,2.959,2.95,3.195,166.56,198.29,242.34,0.007,0.0068,0.0085,209.19,19.91,52.68,0.0061,0.0064,0.0081,123.99,141.11,40.34,0.0058,0.0064,0.0085,16000,1024,548.91,0.96,0.0335,0.0056,0.001
2026-08-28T04:04:10.507+02:00,1000,1024,1024,1056,47,367,0,3104,0,259,0,0.0212,0.041,0.3285,0.0714,0.1966,1.7887,3.065,4.435,5.337,40.2,57.98,68.4,0.0071,0.0158,0.1,182.7,171.16,264.23,0.0069,0.012,0.1,54.81,68.61,388.94,0.006,0.0111,0.0964,16000,1024,442.18,0.9212,0.0639,0.0133,0.0016
2026-08-28T04:04:40.508+02:00,1000,1024,1024,1056,47,367,0,3104,0,259,0,0.0227,0.022,0.033,0.07,0.068,0.105,2.856,3.051,2.98,85.29,140.26,133.32,0.0092,0.0075,0.0113,139.51,27.24,49.42,0.007,0.0066,0.0109,121.65,62.36,85.09,0.0067,0.0062,0.0091,16000,1024,396.39,0.9764,0.015,0.0077,0.001
2026-08-28T04:05:10.508+02:00,1000,1024,1024,1056,47,367,9,3113,0,259,0,0.026,0.0207,0.0531,0.1151,0.0718,0.6929,3.893,3.12,74.867,53.0,104.79,254.08,0.0091,0.0086,0.0155,70.38,13.81,18.55,0.0078,0.0072,0.0139,33.02,97.31,44.83,0.0078,0.0065,0.0135,16000,1024,1271.58,0.9867,0.0092,0.0037,0.0004
2026-08-28T04:05:40.510+02:00,1000,1024,1024,1056,47,367,2,3115,0,259,0,0.0234,0.0217,0.0456,0.079,0.0775,0.6785,3.073,2.997,92.913,8.9,13.87,68.93,0.0089,0.0063,0.0179,15.07,35.35,126.14,0.0077,0.0062,0.0156,52.09,99.1,28.03,0.0076,0.0065,0.0146,16000,1024,408.54,0.9364,0.0563,0.0061,0.0011
2026-08-28T04:06:10.509+02:00,1000,1024,1024,1056,47,367,0,3115,0,259,0,0.0226,0.0198,0.0426,0.0859,0.0767,0.5758,3.184,3.481,68.431,95.92,45.16,167.32,0.0068,0.0073,0.0129,103.64,149.26,114.48,0.0062,0.0063,0.0122,341.71,40.53,62.48,0.006,0.006,0.0117,16000,1024,445.59,0.9639,0.0266,0.0085,0.001
2026-08-28T04:06:40.510+02:00,1000,1024,1024,1056,47,367,11,3126,0,259,0,0.0245,0.0207,0.0314,0.0748,0.088,0.0939,2.806,3.616,2.921,109.33,13.18,117.98,0.0078,0.009,0.011,62.57,43.34,123.39,0.0068,0.0075,0.0091,77.11,58.29,42.88,0.0065,0.0061,0.0084,16000,1024,1949.49,0.994,0.0047,0.0011,0.0002
2026-08-28T04:07:10.510+02:00,1000,1024,1024,1056,47,367,0,3126,0,259,0,0.0235,0.021,0.0319,0.0914,0.065,0.0998,3.225,2.801,2.996,7.15,113.94,8.23,0.0069,0.0067,0.0115,171.15,81.91,124.19,0.0068,0.0057,0.0105,54.58,14.56,152.2,0.0063,0.0056,0.0096,16000,1024,723.31,0.9857,0.0116,0.0023,0.0004
2026-08-28T04:07:40.510+02:00,1000,1024,1024,1056,47,368,0,3126,0,259,0,0.0237,0.0193,0.0318,0.0727,0.0754,0.1191,2.667,3.409,3.293,101.03,62.33,144.62,0.0087,0.0057,0.0103,60.64,82.94,199.28,0.0071,0.0055,0.0095,4.87,188.11,20.67,0.007,0.0053,0.0094,16000,1024,1012.55,0.9914,0.0063,0.002,0.0002
2026-08-28T04:08:10.514+02:00,1000,1024,1024,1056,47,368,1,3127,0,259,0,0.0234,0.0218,0.0319,0.0765,0.0827,0.1161,2.799,2.899,3.201,239.51,58.42,163.85,0.0073,0.0071,0.0097,111.02,12.81,120.56,0.0069,0.006,0.0101,209.85,29.2,61.95,0.006,0.0057,0.0085,16000,1024,4465.66,0.9896,0.008,0.0019,0.0005
2026-08-28T04:08:40.513+02:00,1000,1024,1024,1056,47,368,12,3139,0,259,0,0.0246,0.0229,0.0519,0.0786,0.0698,0.5886,2.95,2.929,58.645,64.15,79.33,69.85,0.0078,0.0075,0.014,38.07,67.84,112.08,0.0075,0.0078,0.0114,31.81,20.5,31.75,0.0082,0.0068,0.0122,16000,1024,650.45,0.9558,0.0331,0.01,0.0011
2026-08-28T04:09:10.514+02:00,1000,1024,1024,1056,47,368,0,3139,0,259,0,0.0228,0.0216,0.0448,0.08,0.0868,0.6713,2.931,3.109,101.315,62.53,94.5,34.79,0.007,0.0065,0.0106,237.97,43.68,49.74,0.0071,0.0064,0.0089,86.05,38.64,20.89,0.0061,0.0061,0.0092,16000,1024,395.55,0.9512,0.0346,0.0127,0.0015
2026-08-28T04:09:40.513+02:00,1000,1024,1024,1056,47,368,0,3139,0,259,0,0.024,0.0221,0.0463,0.0728,0.0836,0.6926,3.007,3.174,94.125,114.57,77.87,45.93,0.0083,0.0076,0.0165,57.47,47.67,100.5,0.007,0.0072,0.0161,17.56,88.68,40.45,0.0068,0.0071,0.0162,16000,1024,407.6,0.9734,0.0214,0.0042,0.001
2026-08-28T04:10:10.514+02:00,1000,1024,1024,1056,47,369,0,3139,0,259,0,0.0224,0.0197,0.0324,0.0841,0.0646,0.106,3.253,2.906,2.843,186.06,129.02,1.77,0.0073,0.0065,0.0093,67.35,180.11,20.55,0.0059,0.0057,0.0086,14.84,120.38,90.11,0.0057,0.0053,0.0088,16000,1024,401.3,0.9673,0.025,0.0064,0.0013
2026-08-28T04:10:40.516+02:00,1000,1024,1025,1057,47,369,1,3140,0,259,0,0.023,0.0226,0.0332,0.0747,0.0755,0.1142,2.991,3.207,3.101,154.7,22.08,78.11,0.0091,0.0084,0.0099,52.58,68.46,218.59,0.0073,0.0075,0.0097,6.16,109.55,65.79,0.0069,0.006,0.0101,16000,1024,1891.18,0.9942,0.0048,0.0009,0.0002
2026-08-28T04:11:10.514+02:00,1000,1024,1024,1056,47,369,0,3140,0,259,0,0.0237,0.0192,0.033,0.0669,0.0606,0.12,2.675,2.73,3.305,29.99,166.26,62.28,0.0072,0.0073,0.0101,38.49,37.45,77.78,0.0073,0.0062,0.0099,157.87,220.9,96.57,0.0068,0.0059,0.0081,16000,1024,916.0,0.9852,0.0098,0.0041,0.001
2026-08-28T04:11:40.515+02:00,1000,1024,1024,1056,47,369,0,3140,0,259,0,0.0223,0.0425,0.3461,0.0675,0.1733,1.4745,2.843,3.526,4.21,109.09,374.65,263.02,0.008,0.0142,0.1199,3.67,82.24,374.41,0.0069,0.0139,0.1092,33.44,263.05,248.04,0.0068,0.0139,0.1039,16000,1024,628.73,0.9862,0.0093,0.0039,0.0006
2026-08-28T04:12:10.519+02:00,1000,1024,1024,1056,47,369,0,3140,0,259,0,0.0233,0.0326,0.242,0.0675,0.1516,1.3381,2.804,5.235,9.745,108.91,10.35,489.88,0.0096,0.0113,0.0831,22.06,26.76,10.5,0.0071,0.0103,0.0799,69.57,21.22,38.32,0.0061,0.0095,0.0708,16000,1024,763.56,0.9838,0.0129,0.0028,0.0005
2026-08-28T04:12:40.515+02:00,1000,1024,1024,1056,47,369,0,3140,0,259,0,0.0234,0.0217,0.0316,0.0758,0.0761,0.0948,3.052,2.73,2.847,168.61,72.33,13.78,0.0082,0.0071,0.0104,92.99,31.68,239.09,0.0077,0.0077,0.0102,151.3,66.72,27.28,0.0071,0.0069,0.0085,16000,1024,555.49,0.959,0.0323,0.0078,0.0008
2026-08-28T04:13:10.516+02:00,1000,1024,1024,1056,47,369,0,3140,0,259,0,0.0231,0.0207,0.0464,0.0946,0.064,0.7151,3.143,2.973,112.779,92.33,20.69,58.06,0.007,0.0066,0.0112,187.06,72.23,124.83,0.007,0.0059,0.0083,56.43,36.48,160.06,0.0065,0.0058,0.0079,16000,1024,378.07,0.9588,0.0323,0.0075,0.0015
2026-08-28T04:13:40.516+02:00,1000,1024,1024,1056,47,371,0,3140,0,259,0,0.0231,0.0226,0.0575,0.0736,0.0888,0.727,3.06,2.895,95.821,113.56,38.69,35.24,0.0085,0.0079,0.0161,45.76,58.89,15.33,0.0076,0.0073,0.0163,54.86,24.73,140.68,0.0073,0.007,0.0151,16000,1024,596.24,0.9742,0.0164,0.0085,0.0009
2026-08-28T04:14:10.517+02:00,1000,1024,1024,1056,47,371,0,3140,0,259,0,0.0235,0.0208,0.0444,0.0845,0.0722,0.7018,3.13,3.221,120.668,22.51,231.16,129.37,0.0088,0.0077,0.0146,78.37,52.48,49.7,0.0066,0.0073,0.0103,115.09,32.05,179.64,0.0065,0.0062,0.0098,16000,1024,543.16,0.9636,0.0255,0.0094,0.0015
2026-08-28T04:14:40.516+02:00,1000,1024,1024,1056,47,371,0,3140,0,259,0,0.0232,0.0204,0.0466,0.1154,0.0586,0.689,3.816,2.675,93.284,8.23,61.43,16.41,0.0087,0.0073,0.0114,68.33,51.8,70.84,0.0073,0.007,0.0126,279.6,84.71,200.33,0.0067,0.0067,0.0099,16000,1024,383.4,0.9015,0.0844,0.0125,0.0016
2026-08-28T04:15:10.516+02:00,1000,1024,1024,1056,47,371,1,3141,0,259,0,0.0245,0.0206,0.0327,0.0859,0.058,0.1489,3.02,2.667,3.837,15.51,32.12,183.55,0.0068,0.007,0.0096,28.52,211.76,12.03,0.0068,0.0066,0.0098,178.57,6.8,93.54,0.0063,0.0058,0.0092,16000,1024,485.33,0.9762,0.0176,0.0055,0.0007
2026-08-28T04:15:40.516+02:00,1000,1024,1024,1056,47,371,0,3141,0,259,0,0.0233,0.02,0.0595,0.0715,0.0825,0.9578,2.802,3.49,131.353,59.22,193.65,46.2,0.0095,0.006,0.0125,145.0,101.86,25.5,0.0068,0.0055,0.0092,9.2,56.48,126.05,0.0064,0.0054,0.0089,16000,1024,553.59,0.9678,0.0264,0.0048,0.001
2026-08-28T04:16:10.519+02:00,1000,1024,1024,1056,47,371,1,3142,0,259,0,0.0236,0.0225,0.071,0.0713,0.107,1.0022,3.006,3.755,105.993,156.11,129.18,74.85,0.0092,0.0069,0.0184,68.32,66.2,57.23,0.0076,0.0067,0.0167,50.42,56.17,11.32,0.0082,0.0073,0.0162,16000,1024,433.15,0.9231,0.0635,0.0116,0.0017
2026-08-28T04:16:40.518+02:00,1000,1024,1024,1056,47,372,0,3142,0,259,0,0.0232,0.0206,0.0453,0.0816,0.0656,0.6686,3.361,2.822,91.114,127.1,24.06,37.83,0.0072,0.0073,0.0115,102.59,73.5,91.34,0.007,0.0066,0.0108,35.74,113.86,67.84,0.007,0.0068,0.0108,16000,1024,575.89,0.9843,0.0122,0.0031,0.0005
2026-08-28T04:17:10.518+02:00,1000,1024,1024,1056,47,372,0,3142,0,259,0,0.0221,0.021,0.0335,0.087,0.0704,0.1047,3.347,2.777,2.966,116.94,19.58,75.97,0.0068,0.0068,0.0128,71.47,39.87,113.21,0.0064,0.0066,0.0112,145.58,30.05,60.17,0.006,0.0058,0.0095,16000,1024,415.74,0.9453,0.0481,0.0056,0.001
2026-08-28T04:17:40.518+02:00,1000,1024,1024,1056,47,372,1,3143,0,259,0,0.0229,0.0419,0.3587,0.0953,0.1671,1.4975,3.364,3.393,3.936,52.58,294.75,124.27,0.008,0.0138,0.119,157.94,456.31,493.79,0.0075,0.0134,0.1169,129.16,269.89,294.89,0.0066,0.0133,0.108,16000,1024,533.7,0.9609,0.0303,0.0076,0.0012
2026-08-28T04:18:10.519+02:00,1000,1024,1024,1056,47,373,0,3143,0,259,0,0.0237,0.021,0.0434,0.0758,0.086,0.5822,3.105,3.087,66.894,102.25,175.44,39.44,0.0077,0.0071,0.0138,113.82,183.41,19.7,0.0067,0.0068,0.013,182.77,24.6,47.83,0.0065,0.0058,0.0123,16000,1024,405.69,0.9251,0.0532,0.0187,0.003
2026-08-28T04:18:40.520+02:00,1000,1024,1024,1056,47,373,1,3144,0,259,0,0.0222,0.0202,0.031,0.0728,0.0663,0.0922,2.917,2.97,2.646,141.22,78.83,58.15,0.0085,0.0086,0.0124,107.84,2.6,34.51,0.0076,0.0062,0.0102,221.9,57.2,25.54,0.006,0.0063,0.009,16000,1024,2280.65,0.9954,0.004,0.0005,0.0001
2026-08-28T04:19:10.519+02:00,1000,1024,1024,1056,47,373,0,3144,0,259,0,0.0224,0.0209,0.0299,0.0921,0.0689,0.1009,3.058,2.883,2.79,109.76,30.04,46.95,0.0071,0.0073,0.011,61.32,225.68,103.74,0.0066,0.007,0.01,67.14,187.53,151.52,0.0064,0.0062,0.0085,16000,1024,415.99,0.9532,0.0365,0.0089,0.0014
2026-08-28T04:19:40.520+02:00,1000,1024,1024,1056,47,373,0,3144,0,259,0,0.0221,0.0207,0.0571,0.0743,0.0727,0.6946,3.105,3.116,81.398,179.5,103.79,67.36,0.0067,0.0064,0.0151,47.31,81.33,19.35,0.0076,0.006,0.0154,53.19,22.95,173.79,0.0067,0.006,0.0117,16000,1024,269.15,0.9108,0.0685,0.0179,0.0028
2026-08-28T04:20:10.520+02:00,1000,1024,1024,1056,47,373,0,3144,0,259,0,0.0249,0.042,0.3613,0.0732,0.1575,1.4399,2.662,3.003,3.355,49.39,460.95,296.52,0.0116,0.0158,0.1432,41.04,303.92,460.89,0.0078,0.0156,0.1229,28.08,296.35,109.27,0.0069,0.0141,0.1182,16000,1024,646.8,0.979,0.0154,0.0048,0.0008
2026-08-28T04:20:40.522+02:00,1000,1024,1024,1056,47,373,0,3144,0,259,0,0.0248,0.0339,0.2516,0.0887,0.1773,1.5727,2.867,7.082,12.275,32.46,94.52,7.57,0.0078,0.0098,0.0955,120.71,174.11,169.81,0.0079,0.0094,0.0776,93.84,69.23,12.66,0.007,0.0086,0.0656,16000,1024,1288.22,0.9885,0.0095,0.0018,0.0002
2026-08-28T04:21:10.522+02:00,1000,1024,1024,1056,47,373,3,3147,1,260,0,0.0234,0.0205,0.0437,0.0718,0.0931,0.6655,2.85,3.795,104.805,105.36,132.66,81.36,0.0094,0.006,0.0127,188.72,116.42,25.28,0.0071,0.0054,0.0123,116.05,111.59,51.38,0.007,0.0053,0.0128,16000,1024,286.62,0.9377,0.0432,0.0172,0.0019
2026-08-28T04:21:40.523+02:00,1000,1024,1024,1056,47,373,0,3147,0,260,0,0.022,0.0204,0.0315,0.0893,0.0752,0.1006,3.078,2.974,2.888,125.37,173.06,16.96,0.0077,0.0064,0.0119,133.76,10.91,24.98,0.0069,0.0063,0.0114,29.13,256.1,209.79,0.0069,0.0055,0.0096,16000,1024,543.32,0.9762,0.0197,0.0035,0.0005
2026-08-28T04:22:10.521+02:00,1000,1024,1024,1056,47,373,0,3147,0,260,0,0.0223,0.0279,0.1678,0.0644,0.0948,0.6571,2.698,4.064,10.701,98.42,81.84,370.98,0.0063,0.0093,0.0722,42.72,168.16,168.52,0.0063,0.0092,0.0697,73.5,110.3,329.1,0.0062,0.0086,0.058,16000,1024,471.99,0.928,0.0489,0.0203,0.0028
2026-08-28T04:22:40.525+02:00,1000,1024,1024,1056,47,373,0,3147,0,260,0,0.022,0.0195,0.0322,0.0846,0.0635,0.099,3.333,2.825,2.799,213.69,28.26,114.11,0.0074,0.0073,0.0106,181.86,112.51,28.47,0.0059,0.0067,0.0105,50.8,47.98,95.74,0.0056,0.0058,0.0091,16000,1024,440.12,0.9527,0.0354,0.0104,0.0014
2026-08-28T04:23:10.524+02:00,1000,1024,1024,1056,47,375,0,3147,0,260,0,0.0229,0.0218,0.0494,0.0955,0.089,0.8056,3.213,2.811,142.468,69.26,194.06,7.8,0.0073,0.0059,0.0106,122.99,151.42,90.55,0.0062,0.0057,0.0103,14.15,56.39,42.83,0.0075,0.0058,0.0081,16000,1024,377.61,0.9497,0.0404,0.0088,0.0011
2026-08-28T04:23:40.524+02:00,1000,1024,1024,1056,47,375,0,3147,0,260,0,0.0244,0.0419,0.333,0.0732,0.1683,1.5064,2.928,4.498,6.087,100.08,7.65,7.35,0.0076,0.0189,0.1289,40.25,296.45,374.97,0.0072,0.0118,0.0885,58.85,472.89,12.21,0.0069,0.0103,0.0978,16000,1024,596.73,0.9818,0.0155,0.0024,0.0004
2026-08-28T04:24:10.524+02:00,1000,1024,1024,1056,47,375,0,3147,0,260,0,1.1884,0.2299,0.3367,1.7972,0.4044,1.7674,1.518,1.435,6.057,49.12,49.13,108.52,1.6985,0.3237,0.1165,147.43,147.37,371.17,0.0381,0.0607,0.1108,98.14,196.22,455.08,0.031,0.0226,0.1054,16000,1024,1958.17,0.9503,0.0438,0.0043,0.0016
2026-08-28T04:24:40.526+02:00,1000,1024,1024,1056,47,375,0,3147,0,260,0,1.0875,0.2248,0.0503,1.6502,0.3799,0.1545,1.538,1.496,2.762,49.28,49.28,49.21,1.5945,0.3253,0.0441,147.85,147.75,147.42,0.0504,0.0409,0.0169,98.53,99.79,98.64,0.0265,0.016,0.0157,16000,1024,460.51,0.7618,0.2193,0.0122,0.0067
2026-08-28T04:25:10.525+02:00,1000,1024,1024,1056,47,375,0,3147,0,260,0,1.098,0.2297,0.045,1.6725,0.4139,0.2014,1.531,1.532,3.393,49.38,49.38,49.38,1.605,0.3318,0.0377,148.15,148.31,98.51,0.0366,0.0343,0.0178,98.99,99.51,197.13,0.0361,0.0201,0.0159,16000,1024,521.18,0.8689,0.1151,0.0124,0.0036
2026-08-28T04:25:40.524+02:00,1000,1024,1024,1056,47,375,0,3147,0,260,0,1.1781,0.2281,0.043,1.7602,0.3817,0.1769,1.52,1.538,3.398,49.41,49.41,49.48,1.7116,0.3302,0.0287,148.32,148.09,98.86,0.0399,0.0299,0.0208,98.58,100.16,148.4,0.0321,0.0167,0.0197,16000,1024,701.24,0.8949,0.0903,0.011,0.0037
2026-08-28T04:26:10.525+02:00,1000,1024,1024,1056,47,375,0,3147,0,260,0,1.1384,0.228,0.0431,1.7447,0.3804,0.1572,1.529,1.513,3.256,49.38,49.37,49.41,1.6662,0.328,0.0314,148.07,148.29,98.67,0.039,0.026,0.0181,98.9,99.45,148.07,0.032,0.0226,0.0145,16000,1024,657.09,0.858,0.1291,0.0097,0.0031
2026-08-28T04:26:40.525+02:00,1000,1024,1024,1056,47,376,0,3147,0,260,0,1.1317,0.2352,0.3068,1.7069,0.4046,1.5488,1.531,1.508,7.904,49.39,49.39,7.24,1.6473,0.3378,0.1156,148.14,148.36,31.41,0.042,0.0331,0.1055,99.02,99.38,49.21,0.0296,0.0278,0.1152,16000,1024,477.09,0.7152,0.2633,0.0159,0.0057
2026-08-28T04:27:10.527+02:00,1000,1024,1024,1056,47,376,0,3147,0,260,0,1.1619,0.2225,0.0456,1.7315,0.358,0.1527,1.534,1.475,3.144,49.35,49.35,49.28,1.7008,0.3234,0.0413,148.05,147.88,98.48,0.0478,0.0252,0.0234,98.74,99.92,147.88,0.03,0.0155,0.0125,16000,1024,601.47,0.7816,0.2103,0.006,0.002
2026-08-28T04:27:40.526+02:00,1000,1024,1024,1056,47,376,1,3148,0,260,0,1.1801,0.2228,0.0565,1.7805,0.3779,0.7049,1.533,1.466,46.142,49.36,49.36,49.31,1.7238,0.3235,0.0394,148.06,148.09,98.61,0.044,0.027,0.0207,98.85,99.65,197.51,0.0283,0.0164,0.0171,16000,1024,706.34,0.8434,0.1508,0.0048,0.001
2026-08-28T04:28:10.527+02:00,1000,1024,1024,1056,47,376,0,3148,0,260,0,1.2063,0.2194,0.0477,1.8158,0.3643,0.1604,1.531,1.456,2.736,49.32,49.32,49.3,1.7706,0.32,0.0458,147.94,148.07,99.28,0.0466,0.0268,0.0198,98.52,100.33,197.4,0.0307,0.0166,0.0189,16000,1024,1081.99,0.9067,0.0876,0.0043,0.0014
2026-08-28T04:28:40.526+02:00,1000,1024,1024,1056,47,376,0,3148,0,260,0,1.2486,0.2212,0.0502,1.8561,0.3748,0.1479,1.53,1.459,2.905,49.33,49.33,49.35,1.8356,0.3215,0.0475,147.97,148.18,98.96,0.0471,0.0259,0.0298,98.63,99.71,148.08,0.0336,0.0179,0.0184,16000,1024,560.53,0.783,0.1983,0.0115,0.0072
2026-08-28T04:29:10.527+02:00,1000,1024,1024,1056,47,376,0,3148,0,260,0,1.2596,0.2166,0.0512,1.8744,0.35,0.1638,1.529,1.442,2.977,49.25,49.25,49.26,1.836,0.3136,0.0467,147.63,147.44,98.23,0.0502,0.0246,0.0254,98.64,99.5,147.84,0.0337,0.0211,0.0162,16000,1024,408.79,0.5593,0.4094,0.0242,0.0071
2026-08-28T04:29:40.528+02:00,1000,1024,1024,1056,47,376,5,3153,0,260,0,1.2738,0.2256,0.3097,1.9298,0.3885,1.259,1.542,1.439,4.751,49.28,49.28,3.59,1.7882,0.315,0.1243,38.26,147.98,177.0,0.0746,0.033,0.1207,43.09,26.16,226.56,0.0692,0.0184,0.109,16000,1024,716.39,0.7784,0.2128,0.0062,0.0026
2026-08-28T04:30:10.528+02:00,1000,1024,1024,1056,47,376,0,3153,0,260,0,1.292,0.2141,0.0549,1.961,0.3577,0.1774,1.535,1.452,2.825,49.27,49.27,49.28,1.8798,0.3095,0.0608,147.83,147.91,98.94,0.0516,0.0328,0.0277,98.53,99.56,197.01,0.0383,0.0202,0.0123,16000,1024,698.62,0.8556,0.1354,0.0069,0.0021
2026-08-28T04:30:40.528+02:00,1000,1024,1024,1056,47,376,0,3153,0,260,0,1.2889,0.219,0.2276,1.936,0.3833,1.2637,1.532,1.45,8.074,49.27,49.28,8.0,1.8866,0.3162,0.1062,147.85,147.93,197.08,0.0517,0.0325,0.0788,98.45,197.17,184.07,0.0327,0.0189,0.0826,16000,1024,556.06,0.8071,0.1805,0.0081,0.0042
2026-08-28T04:31:10.528+02:00,1000,1024,1024,1056,47,376,0,3153,0,260,0,1.3056,0.2267,0.3592,1.9477,0.4163,1.77,1.532,1.455,5.623,49.28,49.28,196.89,1.9076,0.3276,0.1381,147.79,98.75,48.89,0.0523,0.0355,0.1131,98.79,147.81,72.48,0.0364,0.0265,0.1055,16000,1024,480.72,0.7455,0.2396,0.0099,0.005
2026-08-28T04:31:40.529+02:00,1000,1024,1024,1056,47,376,1,3154,1,261,0,1.3154,0.2141,0.057,1.9681,0.3523,0.1766,1.535,1.437,3.01,49.25,49.25,49.21,1.9266,0.3081,0.0618,147.73,147.65,98.45,0.0529,0.0317,0.0241,98.41,100.11,147.62,0.0355,0.0176,0.0151,16000,1024,851.83,0.7597,0.2322,0.0058,0.0023
2026-08-28T04:32:10.530+02:00,1000,1024,1024,1056,47,376,0,3154,0,261,0,1.3009,0.213,0.054,1.9486,0.3441,0.1871,1.535,1.436,2.85,49.23,49.24,49.19,1.8824,0.3057,0.0573,147.68,147.88,98.74,0.057,0.0305,0.0258,98.4,100.2,147.53,0.041,0.0198,0.0157,16000,1024,844.29,0.6824,0.3053,0.0096,0.0028
2026-08-28T04:32:40.531+02:00,1000,1024,1024,1056,47,376,2,3156,0,261,0,1.3064,0.2118,0.1285,2.0599,0.3415,0.6926,1.541,1.45,17.122,49.26,49.26,23.58,1.8045,0.2916,0.0455,43.2,42.92,491.88,0.2164,0.0361,0.0458,53.22,53.22,147.52,0.198,0.0323,0.0408,16000,1024,600.72,0.7034,0.2856,0.008,0.003
2026-08-28T04:33:10.530+02:00,1000,1024,1024,1056,47,376,0,3156,0,261,0,1.3287,0.2129,0.081,2.0096,0.3567,0.7247,1.538,1.444,31.188,49.24,49.24,49.26,1.9355,0.3069,0.0647,147.73,147.92,98.91,0.0569,0.0323,0.0296,98.43,100.13,197.23,0.0322,0.0199,0.0188,16000,1024,563.27,0.6793,0.3093,0.0085,0.003
2026-08-28T04:33:40.530+02:00,1000,1024,1024,1056,47,376,0,3156,0,261,0,1.3316,0.216,0.0556,1.9716,0.3495,0.1876,1.523,1.435,3.007,49.26,49.26,49.26,1.947,0.313,0.0542,147.8,147.87,98.83,0.0583,0.0374,0.0294,98.48,100.15,147.91,0.0388,0.0215,0.0219,16000,1024,1580.09,0.897,0.0975,0.0041,0.0013
2026-08-28T04:34:10.532+02:00,1000,1024,1024,1056,47,377,0,3156,0,261,0,1.3304,0.2115,0.0552,1.9815,0.3531,0.1672,1.531,1.43,2.723,49.23,49.23,49.17,1.9353,0.3049,0.0629,147.68,147.61,98.22,0.0579,0.0339,0.0272,98.55,99.79,147.61,0.0371,0.0176,0.0195,16000,1024,584.81,0.6275,0.3528,0.0143,0.0054
2026-08-28T04:34:40.531+02:00,1000,1024,1024,1056,47,378,0,3156,0,261,0,1.3291,0.2121,0.1462,1.9937,0.3513,0.6831,1.535,1.434,13.768,49.19,49.2,338.01,1.9186,0.3051,0.0581,147.58,147.53,489.94,0.057,0.0388,0.0489,98.29,100.04,498.74,0.0385,0.018,0.0474,16000,1024,538.95,0.7175,0.2675,0.0116,0.0034
2026-08-28T04:35:10.536+02:00,1000,1024,1024,1056,47,378,0,3156,0,261,0,1.3334,0.2105,0.0636,1.9804,0.337,0.5311,1.531,1.431,11.322,49.09,49.09,49.05,1.8944,0.2962,0.0665,147.2,147.08,98.07,0.057,0.0404,0.027,44.17,99.95,147.08,0.0405,0.0218,0.0195,16000,1024,589.5,0.6764,0.3116,0.0085,0.0035
2026-08-28T04:35:40.534+02:00,1000,1024,1024,1056,47,378,0,3156,0,261,0,1.3485,0.2125,0.0649,2.0037,0.3486,0.6062,1.529,1.43,16.629,49.07,49.07,49.11,1.9072,0.2972,0.063,147.19,147.28,98.45,0.0616,0.0394,0.0271,53.32,99.85,146.97,0.0489,0.0181,0.0172,16000,1024,591.1,0.8096,0.1786,0.0089,0.0029
2026-08-28T04:36:10.532+02:00,1000,1024,1024,1056,47,378,0,3156,0,261,0,1.3207,0.2102,0.1285,2.1981,0.3485,1.4267,1.538,1.44,38.946,49.16,49.16,2.89,1.9034,0.2976,0.042,147.42,147.45,196.84,0.0671,0.038,0.0403,98.49,99.49,49.22,0.0319,0.02,0.0448,16000,1024,906.73,0.8811,0.1082,0.0077,0.0031
2026-08-28T04:36:40.532+02:00,1000,1024,1024,1056,47,378,0,3156,0,261,0,1.3473,0.2123,0.143,2.0331,0.3484,0.6841,1.537,1.414,14.012,49.18,49.19,340.04,1.9488,0.3056,0.06,147.53,147.41,121.92,0.068,0.0419,0.0592,98.41,99.7,441.45,0.0388,0.0187,0.0572,16000,1024,631.19,0.9131,0.0788,0.0068,0.0013
2026-08-28T04:37:10.535+02:00,1000,1024,1024,1056,47,378,0,3156,0,261,0,1.368,0.2231,0.3442,2.0694,0.3784,1.5365,1.534,1.428,4.347,49.19,49.19,367.34,1.9701,0.3173,0.1591,147.51,147.48,402.23,0.0651,0.0407,0.1141,98.23,98.53,354.37,0.0477,0.0142,0.1128,16000,1024,612.99,0.7695,0.2208,0.0075,0.0023
2026-08-28T04:37:40.535+02:00,1000,1024,1025,1057,47,378,3,3159,0,261,0,1.3665,0.2098,0.0591,2.1324,0.3457,0.1999,1.541,1.434,2.944,49.17,49.17,49.17,1.9571,0.2979,0.0626,147.53,147.54,98.71,0.0645,0.039,0.0288,98.32,99.89,147.61,0.0435,0.0178,0.0217,16000,1024,662.35,0.6618,0.3227,0.0113,0.0042
2026-08-28T04:38:10.534+02:00,1000,1024,1024,1056,47,378,0,3159,0,261,0,1.3796,0.2217,0.3564,2.0871,0.4179,1.5261,1.534,1.432,4.133,49.12,49.14,149.59,1.9743,0.3157,0.1361,147.39,147.52,48.8,0.0659,0.0472,0.1183,98.09,196.2,438.4,0.0482,0.0186,0.1155,16000,1024,935.09,0.8206,0.1683,0.0087,0.0023
2026-08-28T04:38:40.534+02:00,1000,1024,1024,1056,47,378,0,3159,0,261,0,1.4122,0.2134,0.2205,2.1248,0.3803,1.329,1.535,1.451,12.295,49.12,49.14,8.02,2.0292,0.3049,0.1045,147.39,147.22,199.26,0.0664,0.0389,0.0865,98.14,99.62,190.59,0.0452,0.0178,0.0755,16000,1024,513.05,0.8884,0.0982,0.0105,0.0029
2026-08-28T04:39:10.535+02:00,1000,1024,1024,1056,47,378,0,3159,0,261,0,1.4364,0.2085,0.0631,2.1658,0.3513,0.1793,1.54,1.406,2.686,49.17,49.17,49.21,2.0776,0.2988,0.0724,147.39,147.36,98.28,0.0723,0.0426,0.0236,98.38,99.83,147.65,0.0427,0.0169,0.0172,16000,1024,538.44,0.8126,0.1737,0.0093,0.0044
2026-08-28T04:39:40.536+02:00,1000,1024,1024,1056,47,378,0,3159,0,261,0,1.4767,0.2102,0.061,2.1898,0.3629,0.1777,1.535,1.426,2.783,49.21,49.21,49.18,2.1442,0.3047,0.0676,147.64,147.49,98.25,0.0741,0.0428,0.0342,98.42,99.81,147.61,0.0434,0.0174,0.0237,16000,1024,561.59,0.8469,0.1374,0.0107,0.005
2026-08-28T04:40:10.537+02:00,1000,1024,1024,1056,47,378,1,3160,0,261,0,1.5025,0.2125,0.1839,2.2514,0.3487,0.7297,1.537,1.418,8.557,49.19,49.19,338.98,2.1168,0.2941,0.074,38.73,147.53,292.31,0.1111,0.0422,0.061,55.64,38.24,169.34,0.1066,0.02,0.0654,16000,1024,507.2,0.8267,0.1492,0.0196,0.0045
2026-08-28T04:40:40.536+02:00,1000,1024,1024,1056,47,378,0,3160,0,261,0,1.492,0.209,0.0734,2.2585,0.3607,0.7041,1.531,1.426,17.845,49.18,49.18,49.17,2.151,0.2951,0.0714,147.54,147.58,98.42,0.0775,0.0441,0.0322,98.37,99.84,147.55,0.0451,0.018,0.0238,16000,1024,702.29,0.8404,0.1427,0.0126,0.0043
2026-08-28T04:41:10.536+02:00,1000,1024,1024,1056,47,378,0,3160,0,261,0,1.53,0.2158,0.3011,2.2981,0.4254,1.6292,1.536,1.452,9.63,49.19,49.19,7.8,2.2182,0.3062,0.1036,147.55,147.56,444.16,0.0789,0.0491,0.0853,98.28,100.14,292.29,0.0458,0.0212,0.0821,16000,1024,511.81,0.7323,0.2422,0.0197,0.0058
2026-08-28T04:41:40.536+02:00,1000,1024,1024,1056,47,378,1,3161,0,261,0,1.546,0.2085,0.1705,2.3064,0.3564,0.7572,1.535,1.434,10.393,49.2,49.21,457.14,2.2372,0.2969,0.0561,147.59,147.59,147.68,0.084,0.0451,0.0563,98.45,99.97,48.84,0.0443,0.0204,0.0506,16000,1024,511.49,0.7477,0.2253,0.023,0.004
2026-08-28T04:42:10.538+02:00,1000,1024,1024,1056,47,378,0,3161,0,261,0,1.554,0.2104,0.0694,2.306,0.3423,0.2132,1.535,1.416,2.58,49.18,49.18,49.19,2.2526,0.3007,0.0828,147.49,147.43,98.25,0.081,0.0453,0.0245,98.4,100.03,147.59,0.0462,0.0176,0.0207,16000,1024,973.35,0.8969,0.085,0.014,0.0041
2026-08-28T04:42:40.543+02:00,1000,1024,1024,1056,47,378,0,3161,0,261,0,1.6188,0.2102,0.1375,2.7117,0.3563,1.31,1.532,1.431,26.685,49.21,49.21,49.15,2.3508,0.2969,0.0768,147.57,147.55,3.51,0.0881,0.049,0.0491,98.5,99.99,10.53,0.0386,0.0213,0.0429,16000,1024,546.04,0.8456,0.1309,0.0175,0.006
2026-08-28T04:43:10.538+02:00,1000,1024,1024,1056,47,378,0,3161,0,261,0,1.609,0.2066,0.0783,2.3799,0.3386,0.5622,1.528,1.426,7.18,49.2,49.18,49.22,2.3282,0.2944,0.0928,147.55,147.53,147.51,0.0876,0.0467,0.0249,98.44,99.81,98.25,0.0428,0.0215,0.0248,16000,1024,581.27,0.7334,0.2454,0.0136,0.0076
2026-08-28T04:43:40.541+02:00,1000,1024,1024,1056,47,378,0,3161,0,261,0,1.6331,0.2271,0.3893,2.4259,0.3828,1.5028,1.53,1.412,4.178,49.19,49.2,49.57,2.3541,0.3188,0.1281,147.56,147.52,156.41,0.0844,0.0597,0.1252,98.37,98.96,323.1,0.0485,0.0202,0.1246,16000,1024,436.25,0.8021,0.1654,0.0245,0.0079
2026-08-28T04:44:10.538+02:00,1000,1024,1024,1056,47,378,0,3161,0,261,0,1.6596,0.227,0.387,2.465,0.418,1.5148,1.533,1.433,3.999,49.14,49.16,72.81,2.3862,0.3215,0.1536,147.36,147.48,49.31,0.0837,0.0559,0.1541,98.25,196.51,444.63,0.053,0.0204,0.1341,16000,1024,1231.71,0.9385,0.0547,0.0058,0.0011
2026-08-28T04:44:40.540+02:00,1000,1024,1024,1056,47,378,0,3161,0,261,0,1.6621,0.2115,0.1617,2.4622,0.3627,0.7145,1.532,1.433,10.514,49.19,49.2,49.09,2.4085,0.3025,0.0735,147.55,147.41,292.85,0.0883,0.0519,0.0516,98.37,99.77,484.7,0.046,0.0206,0.0555,16000,1024,624.08,0.8292,0.1531,0.0148,0.0029
2026-08-28T04:45:10.541+02:00,1000,1024,1024,1056,47,378,0,3161,0,261,0,1.7022,0.208,0.0791,2.5189,0.3381,0.2093,1.527,1.427,2.235,49.2,49.21,49.24,2.4713,0.2986,0.103,147.54,147.64,147.57,0.0902,0.0527,0.026,98.5,99.96,98.41,0.0495,0.0233,0.0259,16000,1024,492.51,0.7027,0.2718,0.0204,0.0051
2026-08-28T04:45:40.540+02:00,1000,1024,1024,1056,47,378,0,3161,0,261,0,1.7322,0.211,0.084,2.588,0.3712,0.6692,1.528,1.416,9.634,49.2,49.21,49.19,2.5026,0.2992,0.0951,147.55,147.68,98.73,0.0924,0.0547,0.034,98.28,100.12,147.72,0.0509,0.0211,0.0273,16000,1024,650.31,0.7896,0.1899,0.0155,0.005
2026-08-28T04:46:10.540+02:00,1000,1024,1024,1056,47,378,0,3161,0,261,0,1.7341,0.2059,0.0804,2.5872,0.3509,0.2173,1.53,1.418,2.282,49.2,49.2,49.2,2.5139,0.2926,0.103,147.55,147.54,98.37,0.0894,0.0536,0.028,98.43,100.1,147.46,0.0514,0.0192,0.0213,16000,1024,689.44,0.8522,0.1338,0.0097,0.0043
2026-08-28T04:46:40.540+02:00,1000,1024,1024,1056,47,378,0,3161,0,261,0,1.7648,0.2093,0.1327,2.6457,0.3425,0.7524,1.531,1.4,13.8,49.18,49.19,49.16,2.5527,0.297,0.0822,147.5,147.57,407.99,0.0868,0.0597,0.0607,98.3,100.14,183.94,0.0486,0.0166,0.0493,16000,1024,2259.46,0.9908,0.008,0.0009,0.0003
2026-08-28T04:47:40.542+02:00,1000,1024,1024,1056,48,378,1,3163,0,262,0,1.7791,0.2076,0.0891,2.6582,0.358,0.6969,1.533,1.418,8.708,49.05,49.05,49.1,2.5168,0.2881,0.1027,147.14,147.11,98.41,0.0902,0.0589,0.0243,53.97,100.05,147.17,0.0618,0.022,0.0211,16000,1024,608.94,0.7449,0.2349,0.0172,0.003
2026-08-28T04:48:10.542+02:00,1000,1024,1024,1056,48,378,0,3163,0,262,0,1.8041,0.2088,0.0867,2.7009,0.3453,0.2082,1.524,1.417,2.113,49.18,49.18,49.17,2.607,0.2959,0.1122,147.45,147.55,98.69,0.0945,0.0552,0.0302,98.31,100.1,147.52,0.0519,0.0242,0.0203,16000,1024,693.18,0.8247,0.1595,0.0136,0.0023
2026-08-28T04:48:40.543+02:00,1000,1024,1024,1056,48,378,0,3163,0,262,0,1.8293,0.2069,0.0945,2.7257,0.352,0.7161,1.531,1.43,8.261,49.2,49.2,49.2,2.6591,0.2983,0.113,147.55,147.51,98.19,0.0927,0.0529,0.0296,98.42,99.79,147.36,0.0512,0.023,0.0233,16000,1024,905.78,0.7945,0.1886,0.0147,0.0022
2026-08-28T04:49:10.542+02:00,1000,1024,1024,1056,48,378,0,3163,0,262,0,1.8449,0.2059,0.0896,2.7141,0.3618,0.2255,1.522,1.4,2.15,49.18,49.18,49.2,2.663,0.2937,0.1186,147.45,147.51,147.51,0.0924,0.0553,0.0265,98.39,100.0,98.52,0.0494,0.0205,0.0258,16000,1024,796.33,0.7178,0.2406,0.0344,0.0072
2026-08-28T04:49:40.543+02:00,1000,1024,1024,1056,48,378,1,3164,0,262,0,1.8386,0.2093,0.0949,2.7398,0.3457,0.6981,1.526,1.409,6.95,49.19,49.18,49.22,2.61,0.2905,0.115,147.41,147.49,98.34,0.097,0.0572,0.0316,98.46,100.02,147.47,0.0627,0.019,0.0253,16000,1024,600.75,0.6449,0.3335,0.0173,0.0043
2026-08-28T04:50:10.543+02:00,1000,1024,1024,1056,48,378,0,3164,0,262,0,1.8548,0.209,0.1242,2.7356,0.354,1.2828,1.522,1.417,29.448,49.16,49.17,49.16,2.6711,0.2972,0.1124,147.42,147.39,147.45,0.0942,0.0551,0.0207,98.47,99.88,98.35,0.051,0.0268,0.0206,16000,1024,518.11,0.422,0.5367,0.036,0.0053
2026-08-28T04:50:40.545+02:00,1000,1024,1024,1056,48,378,0,3164,0,262,0,1.8692,0.2176,0.3003,2.7668,0.429,1.9603,1.522,1.434,11.109,49.04,49.07,13.0,2.6378,0.3036,0.1287,147.12,147.1,20.68,0.0893,0.0544,0.1139,98.08,99.44,7.41,0.0575,0.0215,0.1114,16000,1024,555.35,0.607,0.365,0.0232,0.0048
2026-08-28T04:51:10.547+02:00,1000,1024,1024,1056,48,378,0,3164,0,262,0,1.8587,0.2082,0.095,2.7775,0.3396,0.6641,1.528,1.395,5.918,49.13,49.13,49.13,2.6787,0.2933,0.1151,147.32,147.29,98.31,0.0964,0.0606,0.0279,98.35,100.06,147.39,0.0525,0.0207,0.0186,16000,1024,616.11,0.7353,0.241,0.0202,0.0034
2026-08-28T04:51:40.552+02:00,1000,1024,1024,1056,48,378,0,3164,0,262,0,1.8598,0.2083,0.0996,2.7771,0.3463,0.6573,1.529,1.414,6.677,49.14,49.13,49.12,2.6801,0.2936,0.1088,147.34,147.44,98.22,0.093,0.0583,0.0336,98.24,100.0,128.08,0.0575,0.024,0.0205,16000,1024,2425.31,0.9333,0.0547,0.0097,0.0023
2026-08-28T04:52:10.545+02:00,1000,1024,1024,1056,48,378,0,3164,0,262,0,1.9016,0.2084,0.0956,2.8243,0.3521,0.2428,1.528,1.403,2.125,49.15,49.15,49.15,2.7474,0.2965,0.1217,147.41,147.44,98.55,0.0938,0.0584,0.0336,98.21,100.06,147.27,0.0522,0.0185,0.0259,16000,1024,1035.35,0.7182,0.2628,0.0155,0.0035
2026-08-28T04:52:40.546+02:00,1000,1024,1024,1056,48,378,0,3164,0,262,0,1.903,0.2116,0.1879,2.8564,0.3703,0.784,1.533,1.402,7.994,49.15,49.15,340.32,2.7529,0.2989,0.0804,147.37,147.34,196.35,0.0967,0.0581,0.0767,98.38,99.83,172.79,0.0541,0.0251,0.074,16000,1024,582.3,0.6876,0.2859,0.0211,0.0054
2026-08-28T04:53:10.546+02:00,1000,1024,1024,1056,48,378,0,3164,0,262,0,1.9557,0.2056,0.0958,2.8829,0.3266,0.2366,1.519,1.419,2.109,49.16,49.16,49.16,2.8077,0.2906,0.122,147.41,147.57,98.4,0.0962,0.0595,0.0328,98.26,99.98,147.6,0.0564,0.0204,0.029,16000,1024,615.89,0.6637,0.3046,0.0257,0.0061
2026-08-28T04:53:40.546+02:00,1000,1024,1024,1056,48,378,0,3164,0,262,0,1.9618,0.2048,0.2147,3.4544,0.3378,1.4788,1.543,1.428,18.269,49.15,49.16,49.17,2.848,0.2863,0.184,147.49,147.45,1.95,0.0959,0.0627,0.1299,1.88,100.06,251.07,0.0576,0.0244,0.085,16000,1024,871.46,0.6351,0.3484,0.0136,0.0029
2026-08-28T04:54:10.548+02:00,1000,1024,1024,1056,48,378,1,3165,0,262,0,1.9327,0.2066,0.1035,2.8719,0.3464,0.6349,1.524,1.428,5.903,49.08,49.08,49.11,2.6982,0.2855,0.119,147.1,147.14,97.89,0.1004,0.0572,0.0353,53.27,99.84,147.12,0.0951,0.0197,0.0251,16000,1024,675.62,0.6293,0.3469,0.0203,0.0034
2026-08-28T04:54:40.546+02:00,1000,1024,1024,1056,48,379,0,3165,0,262,0,1.9355,0.2113,0.0952,2.8812,0.3648,0.241,1.526,1.398,2.09,49.13,49.13,49.13,2.7879,0.2993,0.1243,147.29,147.36,98.27,0.0927,0.0613,0.0355,98.28,99.95,147.34,0.0627,0.0225,0.0287,16000,1024,592.4,0.6396,0.3312,0.0251,0.0041
2026-08-28T04:55:10.548+02:00,1000,1024,1024,1056,48,379,0,3165,0,262,0,1.9732,0.2103,0.1015,2.9528,0.3845,0.2512,1.527,1.436,2.093,49.15,49.15,49.17,2.8496,0.2979,0.1338,147.43,147.51,98.67,0.0966,0.0613,0.0342,98.21,100.09,147.44,0.0629,0.0247,0.0288,16000,1024,966.32,0.6535,0.3206,0.0224,0.0035
2026-08-28T04:55:40.549+02:00,1000,1024,1024,1056,48,380,0,3165,0,262,0,0.0243,0.0211,0.035,0.0712,0.0697,0.122,2.948,2.892,2.985,27.63,23.33,5.53,0.0135,0.0068,0.0121,5.7,95.85,122.36,0.0099,0.0066,0.0108,176.41,233.45,63.14,0.0075,0.0061,0.0107,16000,1024,438.03,0.9232,0.0619,0.0133,0.0016
2026-08-28T04:56:10.548+02:00,1000,1024,1024,1056,48,380,0,3165,0,262,0,0.0229,0.0264,0.1729,0.0718,0.0962,0.7117,2.811,3.587,11.471,164.02,299.85,164.26,0.0071,0.0074,0.0641,82.77,119.35,341.93,0.007,0.0072,0.0615,33.38,37.57,336.33,0.0065,0.0073,0.0617,16000,1024,538.47,0.9706,0.0223,0.0064,0.0007
2026-08-28T04:56:40.550+02:00,1000,1024,1024,1056,48,380,0,3165,0,262,0,0.0228,0.0232,0.0317,0.078,0.0718,0.1041,2.851,2.947,2.837,33.27,89.91,79.33,0.0077,0.0085,0.0103,44.56,157.81,142.65,0.0079,0.008,0.0093,134.54,23.36,41.3,0.0066,0.007,0.0093,16000,1024,431.43,0.9739,0.0212,0.004,0.0009
2026-08-28T04:57:10.549+02:00,1000,1024,1024,1056,48,380,0,3165,0,262,0,0.0241,0.0206,0.0301,0.0661,0.0658,0.0968,2.712,3.008,3.148,48.88,46.45,73.53,0.0075,0.0064,0.0112,60.5,129.39,87.86,0.007,0.0061,0.0088,4.03,194.5,2.78,0.0066,0.0057,0.0081,16000,1024,2630.44,0.9976,0.0018,0.0005,0.0001
2026-08-28T04:57:40.552+02:00,1000,1024,1024,1056,48,380,1,3166,0,262,0,0.0249,0.0279,0.2013,0.0895,0.1,0.6966,3.124,3.537,8.05,47.93,141.54,491.92,0.0078,0.0089,0.0906,40.92,37.14,335.64,0.0071,0.0084,0.0912,28.91,156.12,172.29,0.0074,0.0084,0.0809,16000,1024,702.1,0.9545,0.0361,0.0078,0.0016
2026-08-28T04:58:10.551+02:00,1000,1024,1024,1056,48,380,0,3166,0,262,0,0.0223,0.0428,0.386,0.0688,0.1724,1.7604,2.825,3.89,5.246,14.83,10.07,3.85,0.006,0.0157,0.1649,105.46,3.73,10.09,0.0058,0.0151,0.1382,279.43,108.28,466.95,0.0057,0.0148,0.1288,16000,1024,440.32,0.9527,0.0406,0.0059,0.0008
2026-08-28T04:58:40.552+02:00,1000,1024,1024,1056,48,380,0,3166,0,262,0,0.0267,0.0462,0.454,0.099,0.1428,1.4277,3.383,2.74,2.962,49.6,173.88,174.02,0.0145,0.016,0.175,36.06,287.03,125.1,0.0089,0.0143,0.1374,102.65,147.52,347.83,0.0072,0.0142,0.138,16000,1024,782.86,0.9586,0.036,0.0048,0.0006
2026-08-28T04:59:10.556+02:00,1000,1024,1024,1056,48,380,1,3167,0,262,0,0.0247,0.0209,0.0312,0.0775,0.0688,0.1219,2.704,3.105,3.301,8.7,38.97,142.59,0.0079,0.006,0.0098,40.61,146.48,200.07,0.0068,0.0058,0.0092,105.1,104.78,155.56,0.0073,0.0059,0.0095,16000,1024,1247.74,0.9871,0.0099,0.0026,0.0004
2026-08-28T04:59:40.553+02:00,1000,1024,1024,1056,48,381,0,3167,0,262,0,0.0232,0.022,0.0321,0.0733,0.0706,0.0923,2.739,2.991,2.523,50.2,97.01,102.9,0.0098,0.0077,0.0092,162.78,61.63,199.31,0.0072,0.0066,0.0089,189.61,168.21,54.32,0.0064,0.0067,0.0091,16000,1024,384.16,0.9551,0.0314,0.0125,0.001
2026-08-28T05:00:10.551+02:00,1000,1024,1024,1056,48,381,1,3168,0,262,0,0.0234,0.0212,0.0322,0.0828,0.0763,0.136,2.773,3.161,3.19,152.09,102.27,78.33,0.007,0.0067,0.013,81.48,141.32,135.88,0.008,0.0064,0.0106,102.39,235.09,123.09,0.0067,0.0062,0.0091,16000,1024,598.76,0.9852,0.0114,0.003,0.0005
2026-08-28T05:00:40.552+02:00,1000,1024,1024,1056,48,382,0,3168,0,262,0,0.0243,0.0423,0.41,0.0844,0.1187,1.1894,3.178,2.717,2.764,109.09,241.75,263.02,0.0084,0.0151,0.129,55.77,153.61,282.08,0.007,0.0132,0.1254,14.73,260.7,251.11,0.0066,0.0118,0.1243,16000,1024,404.45,0.943,0.0451,0.0107,0.0013
2026-08-28T05:01:10.552+02:00,1000,1024,1024,1056,48,382,0,3168,0,262,0,0.0228,0.0233,0.0929,0.0752,0.0907,0.7118,2.945,3.503,41.531,11.96,48.11,404.5,0.007,0.0072,0.0341,39.41,211.94,226.38,0.0066,0.0066,0.0297,2.21,226.72,191.42,0.0065,0.0067,0.0284,16000,1024,450.11,0.9545,0.0386,0.006,0.0009
2026-08-28T05:01:40.552+02:00,1000,1024,1024,1056,48,382,0,3168,0,262,0,0.0221,0.0376,0.3113,0.069,0.1678,1.6305,2.816,4.745,7.417,43.16,9.92,10.14,0.0085,0.0154,0.1947,228.4,4.73,5.37,0.0073,0.0134,0.1019,92.17,47.68,144.5,0.0061,0.0097,0.0909,16000,1024,2541.78,0.9699,0.0226,0.006,0.0015
2026-08-28T05:02:10.553+02:00,1000,1024,1024,1056,48,382,0,3168,0,262,0,0.0226,0.0203,0.0329,0.0798,0.0686,0.0985,2.949,3.474,2.774,137.88,5.68,92.54,0.0072,0.0076,0.011,91.95,131.88,14.38,0.0069,0.0064,0.0106,78.41,368.32,179.33,0.0067,0.006,0.0107,16000,1024,2292.34,0.9953,0.0036,0.0009,0.0002
2026-08-28T05:02:40.553+02:00,1000,1024,1024,1056,48,382,0,3168,0,262,0,0.0226,0.0217,0.031,0.0729,0.0707,0.1098,2.911,2.932,3.239,95.85,46.29,83.35,0.0075,0.0063,0.0098,172.64,6.43,11.75,0.0069,0.0064,0.0094,70.43,95.67,122.0,0.0067,0.0054,0.0088,16000,1024,401.2,0.8401,0.1154,0.0426,0.0019
2026-08-28T05:03:10.554+02:00,1000,1024,1024,1056,48,382,0,3168,0,262,0,0.0235,0.0199,0.0304,0.0814,0.0707,0.1207,2.844,2.984,3.212,55.59,320.36,54.85,0.0065,0.0056,0.0096,17.01,12.01,32.37,0.0072,0.0057,0.0085,69.6,35.18,144.38,0.0063,0.0055,0.0083,16000,1024,485.34,0.9536,0.0356,0.0097,0.0011
2026-08-28T05:03:40.554+02:00,1000,1024,1024,1056,48,382,0,3168,0,262,0,0.0215,0.0367,0.2995,0.0772,0.1704,1.6377,3.28,4.768,8.098,179.79,7.95,7.99,0.0068,0.0126,0.1104,170.68,119.36,118.58,0.0062,0.0121,0.0818,69.61,164.11,25.49,0.0063,0.0112,0.0763,16000,1024,574.21,0.9592,0.0334,0.0064,0.001
2026-08-28T05:04:10.556+02:00,1000,1024,1024,1056,48,382,0,3168,0,262,0,0.0226,0.0205,0.181,0.0697,0.0699,1.6846,2.855,3.094,38.656,48.57,51.84,2.29,0.0087,0.0069,0.0793,67.16,93.42,498.06,0.0073,0.0069,0.0721,143.16,28.3,8.12,0.0072,0.0063,0.0653,16000,1024,740.06,0.9912,0.0061,0.0024,0.0003
2026-08-28T05:04:40.555+02:00,1000,1024,1024,1056,48,382,1,3169,0,262,0,0.0246,0.0217,0.0728,0.0722,0.079,0.6989,2.63,2.791,50.661,73.35,134.56,1.46,0.0072,0.0067,0.0155,20.41,26.67,15.38,0.007,0.0067,0.0138,136.92,71.56,7.09,0.0069,0.0066,0.0125,16000,1024,1315.25,0.9895,0.0084,0.0018,0.0003
2026-08-28T05:05:10.556+02:00,1000,1024,1024,1056,48,382,0,3169,0,262,0,0.0224,0.0208,0.0324,0.0852,0.0686,0.1297,3.168,2.86,3.104,154.84,58.82,96.52,0.0068,0.0067,0.01,75.16,72.52,14.47,0.0061,0.0067,0.0095,221.47,32.04,174.5,0.0063,0.006,0.0103,16000,1024,567.76,0.9424,0.0458,0.0108,0.001
2026-08-28T05:05:40.555+02:00,1000,1024,1024,1056,48,382,0,3169,0,262,0,0.0225,0.0198,0.0302,0.072,0.0719,0.093,2.832,3.118,2.791,98.43,65.06,162.36,0.0077,0.0069,0.0085,59.74,50.88,208.9,0.0067,0.0058,0.008,16.66,179.59,15.47,0.0062,0.0056,0.008,16000,1024,2229.44,0.9606,0.0311,0.0067,0.0017
2026-08-28T05:06:10.556+02:00,1000,1024,1024,1056,48,382,0,3169,0,262,0,0.0224,0.0214,0.0314,0.0802,0.0719,0.102,2.817,3.309,2.916,109.79,25.03,34.86,0.0081,0.0076,0.01,68.8,94.43,5.47,0.0072,0.007,0.0095,230.39,223.7,161.02,0.0061,0.0062,0.0083,16000,1024,404.82,0.9671,0.0273,0.0047,0.0009
2026-08-28T05:06:40.557+02:00,1000,1024,1024,1056,48,382,0,3169,0,262,0,0.0236,0.0343,0.2763,0.0684,0.1482,1.3574,2.861,4.685,7.895,87.08,10.43,10.44,0.0075,0.0146,0.1594,156.2,358.36,358.51,0.0067,0.0139,0.1128,114.43,239.52,370.04,0.0064,0.0118,0.0978,16000,1024,745.24,0.9087,0.0819,0.0082,0.0012
2026-08-28T05:07:10.561+02:00,1000,1024,1024,1056,48,382,1,3170,0,262,0,0.0241,0.0209,0.0322,0.0837,0.0773,0.1089,2.833,3.186,3.021,13.95,109.46,134.59,0.0068,0.0065,0.0107,65.7,47.65,4.85,0.0065,0.0057,0.0097,44.17,144.59,173.69,0.0059,0.0054,0.0095,16000,1024,2423.67,0.9961,0.0033,0.0005,0.0001
2026-08-28T05:07:40.557+02:00,1000,1024,1024,1056,48,382,0,3170,0,262,0,0.0233,0.0195,0.0457,0.0762,0.0848,0.6398,2.834,3.547,77.012,117.8,179.9,8.11,0.009,0.0066,0.0101,87.83,72.05,191.82,0.0073,0.0055,0.0091,113.45,82.03,69.84,0.0057,0.0054,0.0097,16000,1024,505.49,0.9782,0.0171,0.0041,0.0006
2026-08-28T05:08:10.558+02:00,1000,1024,1024,1056,48,382,0,3170,0,262,0,0.023,0.0235,0.128,0.0931,0.0902,1.3412,2.886,3.379,41.889,152.45,50.92,2.44,0.0072,0.0068,0.0189,185.13,6.01,34.84,0.0072,0.0059,0.0221,18.75,30.75,168.93,0.0062,0.0064,0.0179,16000,1024,497.63,0.9511,0.0361,0.0113,0.0015
2026-08-28T05:08:40.558+02:00,1000,1024,1024,1056,48,382,0,3170,0,262,0,0.0237,0.038,0.3245,0.0784,0.1642,1.6111,2.853,5.004,7.433,161.92,7.91,7.98,0.0072,0.016,0.1504,120.88,123.78,322.1,0.0067,0.011,0.0881,32.14,322.19,99.24,0.0065,0.0101,0.0917,16000,1024,612.29,0.9745,0.0207,0.004,0.0007
2026-08-28T05:09:10.558+02:00,1000,1024,1024,1056,48,383,0,3170,0,262,0,0.0231,0.0209,0.0323,0.0766,0.0665,0.0923,3.172,2.983,2.625,29.18,36.2,143.61,0.0075,0.0062,0.0106,4.46,97.25,167.77,0.0078,0.0067,0.0101,74.76,58.02,8.96,0.0067,0.0062,0.0099,16000,1024,1021.85,0.9774,0.018,0.0041,0.0005
2026-08-28T05:09:40.559+02:00,1000,1024,1024,1056,48,383,0,3170,0,262,0,0.023,0.0218,0.0463,0.0832,0.0824,0.7113,2.911,3.081,112.661,141.61,58.86,20.48,0.0077,0.0073,0.0153,80.97,145.68,183.96,0.0068,0.0063,0.0142,93.95,64.72,178.97,0.0067,0.0066,0.0137,16000,1024,2796.0,0.9832,0.0129,0.0031,0.0007
2026-08-28T05:10:10.559+02:00,1000,1024,1024,1056,48,383,1,3171,0,262,0,0.0241,0.0217,0.032,0.0924,0.0609,0.1055,3.023,2.783,3.112,98.5,4.75,55.34,0.0075,0.0081,0.0106,17.06,67.25,19.4,0.0085,0.0062,0.0099,218.9,83.99,42.53,0.0071,0.006,0.0101,16000,1024,327.18,0.9383,0.0548,0.0057,0.0013
2026-08-28T05:10:40.559+02:00,1000,1024,1024,1056,48,383,1,3172,0,262,0,0.0227,0.0249,0.1645,0.0734,0.0838,0.7161,2.762,3.892,12.234,110.33,165.72,165.92,0.0071,0.0096,0.0791,36.17,215.15,497.96,0.0068,0.0084,0.057,282.55,308.5,335.89,0.0067,0.0081,0.0543,16000,1024,614.37,0.9788,0.0167,0.004,0.0005
2026-08-28T05:11:10.559+02:00,1000,1024,1024,1056,48,383,0,3172,0,262,0,0.0227,0.0243,0.1496,0.1047,0.0989,0.7061,3.382,3.977,15.765,24.66,155.32,246.1,0.0074,0.0086,0.0499,39.74,120.43,363.97,0.0059,0.0081,0.0509,363.45,104.3,117.75,0.0058,0.0071,0.0555,16000,1024,627.95,0.9845,0.0107,0.0041,0.0008
2026-08-28T05:11:40.561+02:00,1000,1024,1024,1056,48,383,0,3172,0,262,0,0.0249,0.0192,0.0325,0.0992,0.0656,0.1008,3.265,3.076,2.865,8.8,63.35,76.13,0.0099,0.0058,0.0088,131.02,186.35,187.5,0.0074,0.0057,0.0088,60.34,134.93,101.65,0.007,0.0052,0.0087,16000,1024,972.36,0.9683,0.027,0.0039,0.0008
2026-08-28T05:12:10.560+02:00,1000,1024,1024,1056,48,383,0,3172,0,262,0,0.0238,0.0367,0.2986,0.0661,0.1907,1.8644,2.585,6.772,11.825,75.54,15.09,4.94,0.0071,0.0148,0.1122,116.99,10.25,10.41,0.0066,0.0144,0.1136,43.86,4.84,353.29,0.0064,0.0122,0.0927,16000,1024,1096.09,0.9935,0.0035,0.0026,0.0003
2026-08-28T05:12:40.564+02:00,1000,1024,1024,1056,48,384,1,3173,0,262,0,0.0238,0.0217,0.0307,0.0776,0.063,0.104,3.263,2.719,2.996,29.71,75.84,154.93,0.0103,0.007,0.0091,13.5,187.52,5.35,0.0072,0.0057,0.0086,103.15,152.44,104.43,0.0069,0.0056,0.008,16000,1024,1481.86,0.9918,0.0069,0.0011,0.0002
2026-08-28T05:13:10.562+02:00,1000,1024,1024,1056,48,384,0,3173,0,262,0,0.0226,0.0213,0.0774,0.064,0.0709,1.2814,2.72,3.031,124.489,94.15,46.72,4.74,0.0107,0.0069,0.0206,10.13,52.68,15.98,0.0071,0.0066,0.0217,130.36,59.89,44.52,0.0071,0.0065,0.0203,16000,1024,1460.0,0.9856,0.0119,0.0022,0.0003
2026-08-28T05:13:40.562+02:00,1000,1024,1024,1056,48,384,0,3173,0,262,0,0.023,0.0272,0.1732,0.0767,0.0933,0.6927,2.719,3.738,10.993,43.05,160.21,160.41,0.0069,0.0081,0.0731,160.08,280.02,335.61,0.0068,0.0082,0.0559,27.94,48.68,175.44,0.0068,0.0079,0.0526,16000,1024,391.71,0.9625,0.0244,0.0114,0.0018
2026-08-28T05:14:10.562+02:00,1000,1024,1024,1056,48,384,0,3173,0,262,0,0.0239,0.0207,0.0324,0.0806,0.0682,0.121,3.458,3.065,2.93,143.76,172.07,74.85,0.0079,0.0071,0.0109,96.31,130.72,63.67,0.0085,0.0066,0.0097,161.06,5.45,88.64,0.0069,0.0081,0.0092,16000,1024,409.96,0.9636,0.0306,0.0047,0.0011
2026-08-28T05:14:40.562+02:00,1000,1024,1024,1056,48,384,0,3173,0,262,0,0.0251,0.0208,0.0324,0.0962,0.0681,0.111,2.954,3.002,3.206,4.15,155.59,121.16,0.0077,0.008,0.0114,177.58,198.26,112.8,0.0073,0.0065,0.0092,166.24,4.04,26.83,0.0071,0.006,0.0099,16000,1024,620.76,0.9711,0.0221,0.0059,0.0009
2026-08-28T05:15:10.563+02:00,1000,1024,1024,1056,48,384,0,3173,0,262,0,0.0233,0.0366,0.3097,0.0808,0.1348,1.2656,3.245,4.158,6.146,46.71,13.32,13.46,0.008,0.0127,0.1332,9.27,300.7,85.81,0.0068,0.0111,0.1053,216.9,68.28,68.24,0.0065,0.0108,0.0917,16000,1024,655.67,0.9544,0.0387,0.0058,0.0011
2026-08-28T05:15:40.564+02:00,1000,1024,1024,1056,48,384,2,3175,0,262,0,0.0242,0.0213,0.0331,0.0719,0.0631,0.1111,3.011,2.685,2.793,81.84,87.93,134.92,0.0078,0.0067,0.0103,37.76,12.88,177.5,0.0081,0.006,0.0095,97.58,44.89,125.12,0.0073,0.0055,0.0092,16000,1024,2894.02,0.9795,0.0161,0.0036,0.0008
2026-08-28T05:16:10.565+02:00,1000,1024,1024,1056,48,384,0,3175,0,262,0,0.0223,0.0206,0.0794,0.0693,0.0616,1.3916,2.859,2.945,153.547,52.15,181.59,66.52,0.0078,0.0075,0.0132,138.57,9.41,105.51,0.0067,0.0072,0.0098,33.54,24.85,114.73,0.0061,0.0066,0.0112,16000,1024,652.11,0.977,0.0193,0.0032,0.0005
2026-08-28T05:16:40.564+02:00,1000,1024,1024,1056,48,384,0,3175,0,262,0,0.0234,0.0193,0.0319,0.078,0.0588,0.1119,2.86,2.786,3.021,42.08,106.54,30.84,0.0088,0.0061,0.0117,208.09,211.21,188.9,0.0071,0.0056,0.01,180.39,181.32,67.02,0.0071,0.0053,0.0086,16000,1024,938.83,0.9893,0.0089,0.0015,0.0003
2026-08-28T05:17:10.566+02:00,1000,1024,1024,1056,48,384,0,3175,0,262,0,0.0232,0.0204,0.0335,0.069,0.0754,0.1139,2.694,3.019,2.936,52.5,16.79,101.56,0.0075,0.0057,0.0116,146.49,166.21,75.92,0.0072,0.0055,0.0115,12.54,200.46,157.95,0.0069,0.0055,0.0097,16000,1024,524.39,0.9754,0.0148,0.0088,0.0011
2026-08-28T05:17:40.566+02:00,1000,1024,1024,1056,48,384,0,3175,0,262,0,0.0223,0.0192,0.0471,0.0729,0.0703,0.7321,2.913,3.408,111.78,87.44,85.79,3.44,0.0092,0.0067,0.0226,43.25,145.37,43.16,0.008,0.0061,0.0154,101.38,79.07,86.1,0.0062,0.006,0.0147,16000,1024,665.67,0.9639,0.0254,0.0093,0.0014
2026-08-28T05:18:10.565+02:00,1000,1024,1024,1056,48,384,0,3175,0,262,0,0.0236,0.0209,0.0322,0.0823,0.0781,0.1081,3.264,3.204,2.992,183.12,55.99,21.48,0.0077,0.0074,0.0128,255.71,9.07,62.19,0.0066,0.0068,0.0107,43.77,60.06,207.1,0.0063,0.0068,0.0093,16000,1024,373.87,0.871,0.1049,0.0217,0.0024
2026-08-28T05:18:40.566+02:00,1000,1024,1024,1056,48,384,0,3175,0,262,0,0.0239,0.0382,0.3117,0.0869,0.1703,1.5888,3.376,5.294,8.82,32.52,8.13,8.02,0.0085,0.0124,0.1024,182.7,78.58,79.16,0.0075,0.0111,0.0865,5.51,21.65,52.5,0.0071,0.0104,0.0842,16000,1024,478.35,0.9556,0.0385,0.0051,0.0008
2026-08-28T05:19:10.569+02:00,1000,1024,1024,1056,48,384,0,3175,0,262,0,0.0228,0.0367,0.2917,0.0664,0.1896,1.793,2.827,5.159,8.233,128.7,7.59,7.4,0.0072,0.0136,0.1005,122.21,96.95,376.82,0.0068,0.011,0.0957,112.73,12.21,12.68,0.007,0.0103,0.086,16000,1024,418.37,0.9574,0.0347,0.0069,0.001
2026-08-28T05:19:40.568+02:00,1000,1024,1024,1056,48,384,0,3175,0,262,0,0.025,0.0206,0.04,0.0804,0.0828,0.5598,2.902,3.189,77.637,80.85,34.82,106.35,0.0089,0.0062,0.0142,36.81,12.79,36.36,0.0069,0.0057,0.0121,142.63,224.63,159.97,0.0065,0.0056,0.0111,16000,1024,2000.49,0.9703,0.0227,0.0057,0.0014
2026-08-28T05:20:10.567+02:00,1000,1024,1024,1056,48,384,0,3175,0,262,0,0.023,0.0187,0.0305,0.097,0.0717,0.0958,3.492,3.064,2.925,164.22,174.54,59.3,0.0075,0.006,0.0123,1.7,56.7,35.22,0.007,0.0053,0.0091,62.97,83.8,54.34,0.0074,0.0052,0.0094,16000,1024,1019.01,0.9929,0.0046,0.0021,0.0003
2026-08-28T05:20:40.566+02:00,1000,1024,1024,1056,48,384,0,3175,0,262,0,0.0233,0.0206,0.0296,0.0739,0.0829,0.0923,3.07,3.186,2.889,72.69,3.78,24.11,0.0085,0.0067,0.0102,7.06,78.42,191.25,0.0074,0.0055,0.0095,43.93,137.47,153.53,0.0064,0.0051,0.008,16000,1024,433.8,0.9377,0.0499,0.0112,0.0012
2026-08-28T05:21:10.567+02:00,1000,1024,1024,1056,48,384,0,3175,0,262,0,0.023,0.0213,0.0314,0.0997,0.0784,0.0925,3.413,3.392,2.826,46.26,41.43,126.88,0.0089,0.0071,0.0095,14.55,102.77,100.46,0.0078,0.0064,0.0092,208.42,130.09,216.96,0.0081,0.0062,0.008,16000,1024,361.7,0.9497,0.0415,0.0076,0.0011
2026-08-28T05:21:40.568+02:00,1000,1024,1024,1056,48,384,0,3175,0,262,0,0.0232,0.0212,0.0722,0.0736,0.0897,0.6844,2.876,3.567,59.494,14.01,166.91,74.13,0.0082,0.0066,0.0214,99.33,17.84,6.14,0.0072,0.0057,0.0219,7.73,177.76,131.71,0.0068,0.0055,0.0203,16000,1024,1690.6,0.9824,0.014,0.0029,0.0006
2026-08-28T05:22:10.569+02:00,1000,1024,1024,1056,48,384,0,3175,0,262,0,0.0222,0.0376,0.2771,0.0783,0.1726,1.6053,3.008,4.935,9.897,131.18,11.05,10.94,0.0078,0.0127,0.1115,79.01,54.38,116.63,0.0068,0.0109,0.1023,23.88,30.03,251.68,0.0064,0.0105,0.0787,16000,1024,430.4,0.9386,0.0447,0.0146,0.0021
2026-08-28T05:22:40.571+02:00,1000,1024,1024,1056,48,384,0,3175,0,262,0,0.024,0.0377,0.3023,0.0845,0.1718,1.5791,3.094,5.307,8.583,203.41,1.78,1.6,0.0085,0.0148,0.1257,58.49,132.72,9.3,0.0071,0.0126,0.1258,38.2,15.34,207.05,0.0067,0.0121,0.0996,16000,1024,416.71,0.9628,0.0283,0.008,0.001
2026-08-28T05:23:10.570+02:00,1000,1024,1024,1056,48,384,9,3184,0,262,0,0.0244,0.0264,0.2153,0.0809,0.1855,1.6311,2.799,9.457,12.605,81.57,120.27,428.43,0.0078,0.0064,0.0934,59.69,143.21,142.76,0.0072,0.0062,0.0892,181.33,155.17,290.55,0.0072,0.0059,0.0811,16000,1024,2133.59,0.9967,0.0024,0.0008,0.0001
2026-08-28T05:23:40.573+02:00,1000,1024,1024,1056,48,384,1,3185,0,262,0,0.023,0.0207,0.0316,0.0821,0.0684,0.1117,3.378,2.991,3.048,87.96,95.0,187.39,0.0077,0.0074,0.0094,35.73,112.17,50.78,0.0087,0.0073,0.0087,125.86,131.05,80.7,0.0068,0.0065,0.0088,16000,1024,570.36,0.9664,0.028,0.0048,0.0008
2026-08-28T05:24:10.574+02:00,1000,1024,1024,1056,48,385,0,3185,0,262,0,0.0242,0.021,0.0319,0.0812,0.0689,0.1277,2.957,3.071,3.228,160.07,163.27,117.63,0.0071,0.0059,0.011,46.96,136.79,137.93,0.007,0.0058,0.0097,142.43,44.91,18.0,0.0065,0.0056,0.0107,16000,1024,1404.0,0.9899,0.0086,0.0013,0.0002
2026-08-28T05:24:40.572+02:00,1000,1024,1024,1056,48,385,0,3185,0,262,0,0.0241,0.0215,0.0316,0.0769,0.0723,0.0937,2.669,2.884,2.829,15.3,2.75,6.95,0.0084,0.0087,0.0114,10.73,115.0,121.09,0.0078,0.0062,0.0096,48.7,58.05,84.89,0.0074,0.0072,0.0094,16000,1024,426.92,0.9712,0.0184,0.0091,0.0012
2026-08-28T05:25:10.571+02:00,1000,1024,1024,1056,48,385,8,3193,0,262,0,0.023,0.0277,0.2033,0.0647,0.1762,1.6041,2.804,7.595,14.908,136.84,8.07,1.46,0.0071,0.0104,0.0746,17.98,2.03,431.54,0.0074,0.0086,0.0679,90.63,19.97,280.41,0.0057,0.0084,0.062,16000,1024,1315.02,0.9869,0.0095,0.0032,0.0004
2026-08-28T05:25:40.571+02:00,1000,1024,1024,1056,48,385,0,3193,0,262,0,0.023,0.0362,0.2835,0.0714,0.1774,1.6034,2.919,6.168,10.523,45.48,9.68,9.8,0.0094,0.021,0.194,37.34,156.99,478.6,0.007,0.0133,0.0997,297.15,144.14,157.3,0.006,0.0104,0.0824,16000,1024,469.35,0.9358,0.0524,0.0103,0.0015
2026-08-28T05:26:10.572+02:00,1000,1024,1024,1056,48,385,0,3193,0,262,0,0.0238,0.0195,0.0298,0.0792,0.057,0.0883,2.895,2.596,2.694,29.77,134.69,12.33,0.0071,0.008,0.0117,94.18,143.43,164.13,0.0076,0.007,0.0104,88.41,42.23,72.03,0.0069,0.0055,0.0091,16000,1024,745.95,0.9543,0.0389,0.0059,0.0009
2026-08-28T05:26:40.573+02:00,1000,1024,1024,1056,48,385,0,3193,0,262,0,0.0223,0.0463,0.4043,0.0785,0.1768,1.678,3.133,3.032,3.423,75.28,79.81,79.83,0.0076,0.0164,0.1614,37.86,275.92,297.51,0.0065,0.016,0.1471,12.96,188.3,275.75,0.0068,0.0156,0.1464,16000,1024,350.5,0.9653,0.0229,0.0099,0.0018
2026-08-28T05:27:10.573+02:00,1000,1024,1024,1056,48,385,0,3193,0,262,0,0.0239,0.021,0.0346,0.081,0.0648,0.1128,3.141,2.855,2.799,102.75,66.13,28.45,0.0092,0.0075,0.0101,133.87,21.8,157.72,0.0076,0.0069,0.0104,146.1,205.33,55.83,0.0069,0.0065,0.0098,16000,1024,1330.25,0.968,0.0277,0.0038,0.0006
2026-08-28T05:27:40.574+02:00,1000,1024,1024,1056,48,386,1,3194,1,263,0,0.0226,0.0453,0.3925,0.0698,0.154,1.4444,2.877,3.073,3.23,134.5,88.18,463.65,0.0073,0.0161,0.1314,68.98,419.44,112.08,0.0072,0.0146,0.1283,46.94,463.56,88.25,0.0064,0.0132,0.1321,16000,1024,386.75,0.9336,0.0545,0.0106,0.0013
2026-08-28T05:28:10.573+02:00,1000,1024,1024,1056,48,386,0,3194,0,263,0,0.0237,0.0269,0.1709,0.0785,0.1,0.7117,3.047,3.842,10.945,55.96,64.86,242.33,0.0085,0.0086,0.0652,50.9,77.08,81.93,0.0072,0.0079,0.0592,139.1,94.69,159.74,0.007,0.0076,0.0593,16000,1024,860.74,0.98,0.0166,0.0026,0.0007
2026-08-28T05:28:40.573+02:00,1000,1024,1024,1056,48,386,0,3194,0,263,0,0.0242,0.0216,0.0309,0.0934,0.063,0.0928,3.128,2.838,3.093,97.2,46.03,190.66,0.008,0.0058,0.01,88.88,64.37,66.22,0.0073,0.0058,0.0094,70.45,6.07,160.15,0.0072,0.0057,0.0083,16000,1024,581.57,0.9648,0.0262,0.0082,0.0008
2026-08-28T05:29:10.578+02:00,1000,1024,1024,1056,48,386,0,3194,0,263,0,0.0241,0.02,0.0304,0.0818,0.0677,0.1041,3.116,3.127,2.791,64.08,4.57,23.8,0.007,0.0071,0.011,2.14,23.88,226.21,0.0065,0.007,0.0091,22.67,78.16,170.82,0.0063,0.0061,0.0082,16000,1024,351.35,0.9259,0.0617,0.0102,0.0022
2026-08-28T05:29:40.574+02:00,1000,1024,1024,1056,48,386,0,3194,0,263,0,0.0231,0.0283,0.1718,0.0843,0.0978,0.6787,3.193,3.893,10.665,166.28,47.55,336.9,0.008,0.0099,0.0615,5.91,58.92,174.22,0.0066,0.0093,0.0616,181.98,336.84,100.64,0.007,0.0075,0.0526,16000,1024,1473.84,0.9742,0.0241,0.0015,0.0002
2026-08-28T05:30:10.574+02:00,1000,1024,1024,1056,48,386,1,3195,0,263,0,0.022,0.0223,0.1134,0.0679,0.0701,1.3881,2.732,3.064,77.378,73.75,8.57,15.72,0.0091,0.0092,0.0459,101.99,151.94,10.86,0.007,0.0088,0.0458,126.57,66.84,2.18,0.0067,0.0075,0.046,16000,1024,540.39,0.9783,0.0161,0.0048,0.0007
2026-08-28T05:30:40.575+02:00,1000,1024,1024,1056,48,386,0,3195,0,263,0,0.0234,0.0203,0.0302,0.0731,0.0584,0.1147,2.743,2.731,3.262,2.97,130.66,15.49,0.009,0.0066,0.0105,25.26,20.48,92.45,0.0072,0.0063,0.0095,14.78,195.49,107.41,0.0071,0.0058,0.0089,16000,1024,631.94,0.9704,0.0208,0.0079,0.0009
2026-08-28T05:31:10.575+02:00,1000,1024,1024,1056,48,386,0,3195,0,263,0,0.0209,0.0355,0.2739,0.0631,0.1413,1.2687,2.905,4.542,7.358,160.9,230.3,230.0,0.0055,0.0113,0.0948,72.16,218.02,7.88,0.0055,0.0111,0.0818,92.92,381.72,58.69,0.0054,0.0106,0.0811,16000,1024,856.91,0.9843,0.0119,0.0032,0.0006
2026-08-28T05:31:40.577+02:00,1000,1024,1024,1056,48,386,0,3195,0,263,0,0.0234,0.0214,0.0328,0.0813,0.0823,0.1607,2.784,3.419,3.691,19.37,37.86,22.94,0.0091,0.008,0.0137,194.01,74.23,107.42,0.0071,0.0061,0.0096,179.68,122.96,112.21,0.0066,0.0059,0.0092,16000,1024,1691.1,0.9779,0.0163,0.0048,0.001
2026-08-28T05:32:10.576+02:00,1000,1024,1024,1056,48,386,1,3196,0,263,0,0.0228,0.021,0.069,0.079,0.0791,0.6046,2.971,3.35,44.687,4.36,46.66,67.14,0.0069,0.0064,0.0117,49.85,185.39,9.76,0.006,0.0061,0.0098,123.13,12.48,16.78,0.006,0.006,0.0092,16000,1024,1057.3,0.9783,0.0183,0.0028,0.0006
2026-08-28T05:32:40.576+02:00,1000,1024,1024,1056,48,386,1,3197,0,263,0,0.0236,0.0209,0.0317,0.076,0.076,0.105,2.783,3.28,3.043,50.98,104.69,196.94,0.0089,0.0087,0.0109,117.28,190.64,45.76,0.008,0.0061,0.009,26.28,18.82,14.1,0.0073,0.006,0.0093,16000,1024,1399.85,0.9907,0.0075,0.0016,0.0003
2026-08-28T05:33:10.576+02:00,1000,1024,1024,1056,48,386,1,3198,0,263,0,0.0227,0.0205,0.0305,0.0826,0.0675,0.135,2.977,2.919,3.203,120.35,3.41,83.06,0.0077,0.0069,0.01,35.76,168.02,56.68,0.0071,0.0058,0.0097,141.29,12.99,24.91,0.0064,0.006,0.0112,16000,1024,683.54,0.9573,0.0338,0.0079,0.001
2026-08-28T05:33:40.578+02:00,1000,1024,1024,1056,48,386,0,3198,0,263,0,0.0226,0.0255,0.1502,0.0692,0.0977,0.7014,2.831,4.105,14.949,16.24,463.76,488.2,0.0098,0.007,0.055,81.42,135.48,48.18,0.0068,0.007,0.0578,44.73,208.71,129.85,0.0063,0.0072,0.0457,16000,1024,654.1,0.9268,0.0553,0.0154,0.0025
2026-08-28T05:34:10.576+02:00,1000,1024,1024,1056,48,386,1,3199,0,263,0,0.0239,0.0232,0.0319,0.0881,0.0778,0.1124,2.925,2.84,3.353,85.56,47.76,117.34,0.0078,0.0096,0.0108,43.77,103.44,161.6,0.0072,0.0068,0.0095,48.67,37.74,1.46,0.0072,0.0071,0.0089,16000,1024,726.68,0.9811,0.0159,0.0026,0.0004
2026-08-28T05:34:40.580+02:00,1000,1024,1024,1056,48,386,0,3199,0,263,0,0.0237,0.0257,0.1458,0.085,0.1049,0.7113,3.288,4.389,16.131,10.7,112.52,246.73,0.0079,0.008,0.0497,41.37,31.24,418.24,0.0077,0.0067,0.0494,68.52,264.73,78.14,0.0066,0.0066,0.0427,16000,1024,1125.31,0.9935,0.0047,0.0016,0.0001
2026-08-28T05:35:10.580+02:00,1000,1024,1024,1056,48,386,0,3199,0,263,0,0.0231,0.0212,0.0418,0.0795,0.0688,0.6033,3.428,2.873,84.539,98.33,35.82,46.83,0.0093,0.0071,0.0097,132.11,97.8,6.04,0.0073,0.0065,0.009,83.34,63.27,134.57,0.0073,0.0063,0.0085,16000,1024,2516.77,0.9965,0.0027,0.0007,0.0001
2026-08-28T05:35:40.578+02:00,1000,1024,1024,1056,48,386,0,3199,0,263,0,0.0236,0.0219,0.1001,0.0805,0.0872,0.7059,3.123,3.952,32.664,27.73,89.03,140.42,0.0094,0.0063,0.0333,65.36,219.85,474.53,0.0078,0.0063,0.0319,221.13,146.14,426.57,0.0071,0.0065,0.0314,16000,1024,523.19,0.9791,0.0154,0.005,0.0006
2026-08-28T05:36:10.580+02:00,1000,1024,1024,1056,48,386,0,3199,0,263,0,0.0221,0.0204,0.0972,0.0684,0.0605,0.7082,3.021,2.926,29.943,106.18,193.31,2.49,0.0077,0.0058,0.0406,44.13,62.6,11.07,0.0065,0.0055,0.0374,117.32,8.14,237.03,0.006,0.0055,0.0351,16000,1024,625.62,0.9656,0.0282,0.0053,0.0009
2026-08-28T05:36:40.579+02:00,1000,1024,1024,1056,48,386,0,3199,0,263,0,0.0238,0.0224,0.0335,0.0746,0.0763,0.1429,2.587,2.929,3.523,44.69,124.76,130.87,0.0093,0.0084,0.0097,34.15,231.24,168.87,0.009,0.0071,0.0093,143.9,222.64,74.22,0.0075,0.0061,0.0089,16000,1024,430.17,0.9316,0.0608,0.0064,0.0012
2026-08-28T05:37:10.580+02:00,1000,1024,1024,1056,48,386,0,3199,0,263,0,0.0245,0.0217,0.121,0.0891,0.0742,1.5155,3.374,2.951,68.939,81.98,64.78,135.75,0.0069,0.008,0.0258,47.83,85.63,4.21,0.0067,0.0068,0.0208,14.97,96.95,72.51,0.0066,0.0058,0.0181,16000,1024,1525.35,0.9945,0.0037,0.0017,0.0001
2026-08-28T05:37:40.582+02:00,1000,1024,1024,1056,48,386,1,3200,0,263,0,0.0239,0.0424,0.3496,0.0903,0.1372,1.2288,3.169,3.25,3.466,63.09,163.92,164.16,0.0096,0.0131,0.1207,12.46,423.29,260.32,0.0083,0.0142,0.1144,68.29,338.86,105.53,0.0077,0.0128,0.1074,16000,1024,664.01,0.9556,0.0363,0.0069,0.0012
2026-08-28T05:38:10.581+02:00,1000,1024,1024,1056,48,386,0,3200,0,263,0,0.0233,0.0225,0.0309,0.0722,0.1017,0.1001,2.835,3.55,2.987,28.09,117.34,20.05,0.008,0.007,0.0118,122.54,26.4,220.19,0.0081,0.0068,0.01,43.36,16.69,163.59,0.008,0.0066,0.0086,16000,1024,916.41,0.984,0.0111,0.0044,0.0006
2026-08-28T05:38:40.582+02:00,1000,1024,1024,1056,48,386,0,3200,0,263,0,0.0232,0.0207,0.0313,0.0833,0.0841,0.1277,3.07,3.407,3.297,53.88,220.77,13.89,0.0072,0.0054,0.013,82.71,45.72,117.67,0.007,0.0055,0.0107,71.84,79.41,43.97,0.0075,0.0057,0.0095,16000,1024,409.96,0.9596,0.0308,0.0081,0.0015
2026-08-28T05:39:10.582+02:00,1000,1024,1024,1056,48,386,0,3200,0,263,0,0.023,0.0208,0.0457,0.0849,0.0901,0.6914,3.133,3.468,100.575,71.71,40.06,118.19,0.0084,0.0067,0.0158,30.38,6.82,45.64,0.0072,0.0063,0.014,170.72,121.3,11.93,0.0065,0.0062,0.0121,16000,1024,779.15,0.9509,0.042,0.0063,0.0008
2026-08-28T05:39:40.582+02:00,1000,1024,1024,1056,48,386,0,3200,0,263,0,0.0233,0.041,0.3228,0.0766,0.1892,1.5447,3.125,4.452,5.197,37.95,38.81,299.4,0.0084,0.0168,0.1379,44.02,138.69,468.67,0.0073,0.0148,0.105,29.37,299.4,205.0,0.0068,0.0149,0.103,16000,1024,617.69,0.8898,0.0956,0.0122,0.0024
2026-08-28T05:40:10.583+02:00,1000,1024,1024,1056,48,386,0,3200,0,263,0,0.0246,0.0339,0.2613,0.0841,0.1505,1.2762,3.129,5.262,8.702,100.74,51.49,7.55,0.0097,0.0121,0.0921,36.89,10.6,116.1,0.0091,0.0108,0.0799,126.51,116.54,51.39,0.0084,0.0104,0.0822,16000,1024,967.84,0.9763,0.0209,0.0025,0.0003
2026-08-28T05:40:40.582+02:00,1000,1024,1024,1056,48,386,0,3200,0,263,0,0.0231,0.0203,0.0451,0.0656,0.0726,0.6677,2.734,3.092,96.109,55.87,138.87,111.99,0.0072,0.0081,0.0143,196.79,6.86,11.58,0.0076,0.007,0.0137,60.23,112.27,6.2,0.0066,0.0069,0.0139,16000,1024,404.83,0.9728,0.019,0.007,0.0011
2026-08-28T05:41:10.583+02:00,1000,1024,1024,1056,48,386,2,3202,0,263,0,0.0228,0.0429,0.343,0.0873,0.16,1.4559,3.155,3.221,4.18,16.83,226.18,226.37,0.0081,0.0158,0.1351,88.8,2.92,383.87,0.0067,0.0134,0.1277,80.62,283.6,82.99,0.0064,0.0138,0.1166,16000,1024,803.65,0.974,0.021,0.0044,0.0006
2026-08-28T05:41:40.583+02:00,1000,1024,1024,1056,48,386,0,3202,0,263,0,0.0249,0.0192,0.0546,0.0705,0.0822,0.6804,2.846,3.844,89.526,13.66,53.69,2.08,0.0076,0.0066,0.0175,31.27,119.42,85.33,0.0072,0.0067,0.0151,83.47,229.89,49.01,0.0077,0.0064,0.0147,16000,1024,12617.68,0.9753,0.0189,0.0047,0.0012
2026-08-28T05:42:10.586+02:00,1000,1024,1024,1056,48,386,0,3202,0,263,0,0.0237,0.0206,0.0329,0.0832,0.0615,0.103,3.028,2.763,3.265,63.18,100.34,65.68,0.0072,0.0088,0.0126,127.99,87.3,28.62,0.0065,0.0073,0.0126,35.9,131.02,8.12,0.0066,0.0056,0.0103,16000,1024,474.75,0.9662,0.023,0.0097,0.0011
2026-08-28T05:42:40.585+02:00,1000,1024,1024,1056,48,386,0,3202,0,263,0,0.0218,0.0213,0.0301,0.0714,0.0804,0.1056,2.995,3.457,2.975,44.38,120.43,88.5,0.007,0.0068,0.0116,13.83,17.03,210.13,0.0063,0.0065,0.0092,167.13,138.35,195.27,0.006,0.0063,0.009,16000,1024,757.49,0.9382,0.0546,0.0062,0.001
2026-08-28T05:43:10.589+02:00,1000,1024,1024,1056,48,386,0,3202,0,263,0,0.0238,0.0205,0.0305,0.0956,0.067,0.0853,3.221,3.193,2.735,158.15,94.51,165.01,0.0066,0.0064,0.0115,63.63,6.47,19.56,0.0062,0.0065,0.0098,24.64,39.71,58.46,0.0062,0.0059,0.0085,16000,1024,983.55,0.9703,0.0226,0.0064,0.0008
2026-08-28T05:43:40.586+02:00,1000,1024,1024,1056,48,387,0,3202,0,263,0,0.0232,0.0207,0.0338,0.0712,0.0649,0.111,2.927,3.068,2.957,9.66,119.53,170.57,0.0081,0.0065,0.0104,125.96,184.06,128.52,0.0076,0.0063,0.0106,140.4,30.88,6.9,0.0076,0.006,0.0097,16000,1024,2772.34,0.9867,0.0101,0.0026,0.0006
2026-08-28T05:44:10.589+02:00,1000,1024,1024,1056,48,387,0,3202,0,263,0,0.023,0.0364,0.2651,0.0761,0.1775,1.5821,2.638,5.155,8.05,52.72,110.34,11.92,0.0072,0.0108,0.0934,8.32,11.98,77.98,0.0078,0.0112,0.0779,27.97,164.61,39.21,0.0065,0.0104,0.0744,16000,1024,539.42,0.9826,0.0139,0.003,0.0005
2026-08-28T05:44:40.587+02:00,1000,1024,1024,1056,48,387,0,3202,0,263,0,0.0224,0.0212,0.0314,0.0685,0.0657,0.1037,2.894,2.613,2.985,59.23,36.91,85.73,0.0072,0.0068,0.0117,145.57,190.19,146.5,0.0067,0.0062,0.0083,109.93,101.38,77.06,0.007,0.0057,0.0083,16000,1024,657.05,0.9811,0.0135,0.0047,0.0007
2026-08-28T05:45:10.587+02:00,1000,1024,1024,1056,48,387,0,3202,0,263,0,0.0243,0.0377,0.2924,0.0772,0.1719,1.5688,3.137,5.502,8.729,71.38,11.48,11.62,0.0086,0.0147,0.1356,21.6,494.43,494.67,0.0082,0.0115,0.1075,61.81,34.96,5.8,0.0082,0.0103,0.0845,16000,1024,896.62,0.984,0.0134,0.0023,0.0004
2026-08-28T05:45:40.587+02:00,1000,1024,1024,1056,48,387,0,3202,0,263,0,0.0221,0.0204,0.0319,0.0764,0.0652,0.0992,3.131,2.656,2.952,102.07,109.36,47.8,0.009,0.0068,0.0133,75.13,49.24,69.57,0.0062,0.0071,0.0101,153.13,32.15,165.23,0.0061,0.0059,0.0095,16000,1024,679.99,0.9456,0.0442,0.0088,0.0014
2026-08-28T05:46:10.586+02:00,1000,1024,1024,1056,48,387,0,3202,0,263,0,0.0222,0.0208,0.0323,0.0654,0.0656,0.1071,2.634,2.938,2.98,32.77,184.43,168.77,0.007,0.0067,0.0099,157.2,118.3,158.5,0.0063,0.0062,0.0099,17.02,132.78,57.76,0.0073,0.0058,0.0086,16000,1024,1493.22,0.9939,0.0045,0.0013,0.0002
2026-08-28T05:46:40.588+02:00,1000,1024,1024,1056,48,387,0,3202,0,263,0,0.0209,0.0194,0.0321,0.0698,0.0623,0.1019,3.17,3.278,2.832,27.44,14.3,48.0,0.0066,0.0076,0.0112,222.43,218.75,25.24,0.0063,0.0057,0.0103,120.84,48.74,90.85,0.006,0.0057,0.009,16000,1024,1094.23,0.9791,0.0179,0.0026,0.0004
2026-08-28T05:47:10.588+02:00,1000,1024,1024,1056,48,387,0,3202,0,263,0,0.0232,0.0185,0.0299,0.0793,0.0576,0.0937,3.378,2.839,2.777,65.33,1.95,171.42,0.0089,0.0065,0.0091,94.76,232.38,7.9,0.0068,0.0056,0.0081,80.78,173.06,50.5,0.0062,0.0053,0.0082,16000,1024,2778.63,0.9964,0.003,0.0005,0.0001
2026-08-28T05:47:40.589+02:00,1000,1024,1024,1056,48,387,0,3202,0,263,0,0.0221,0.049,0.4203,0.067,0.1785,1.6241,2.681,2.866,3.224,244.98,5.94,5.74,0.007,0.0176,0.1554,13.79,296.22,41.35,0.007,0.017,0.1469,125.84,264.88,296.92,0.0065,0.0158,0.1307,16000,1024,2386.54,0.9678,0.0257,0.0053,0.0012
2026-08-28T05:48:10.589+02:00,1000,1024,1024,1056,48,387,0,3202,0,263,0,0.0229,0.0195,0.0313,0.0717,0.0676,0.1115,2.944,2.848,2.897,232.94,147.77,156.38,0.0087,0.0058,0.0109,1.99,35.23,26.46,0.0071,0.0052,0.0107,11.12,187.1,66.02,0.0073,0.0056,0.0096,16000,1024,745.79,0.9481,0.0473,0.0039,0.0007
2026-08-28T05:48:40.589+02:00,1000,1024,1024,1056,48,387,1,3203,0,263,0,0.0235,0.0211,0.0312,0.0779,0.0735,0.1045,2.928,3.074,3.377,42.07,37.86,189.56,0.0083,0.0069,0.0105,142.47,105.55,12.67,0.0074,0.0062,0.0091,75.6,99.07,221.72,0.0079,0.0063,0.0084,16000,1024,452.68,0.9403,0.0398,0.0185,0.0014
2026-08-28T05:49:10.590+02:00,1000,1024,1024,1056,48,387,0,3203,0,263,0,0.0225,0.0217,0.0323,0.0842,0.0812,0.1153,2.83,3.065,3.176,184.61,65.11,104.17,0.0086,0.0076,0.0116,4.25,12.32,160.75,0.0072,0.0077,0.0119,34.86,112.91,116.39,0.007,0.0068,0.0097,16000,1024,679.2,0.9809,0.0158,0.0029,0.0003
2026-08-28T05:49:40.589+02:00,1000,1024,1024,1056,48,387,0,3203,0,263,0,0.0222,0.0196,0.0334,0.0904,0.0592,0.0944,3.301,2.767,2.67,135.76,36.31,130.5,0.0091,0.0067,0.0117,141.85,88.17,75.46,0.0072,0.0051,0.0105,20.8,310.29,103.26,0.0062,0.0051,0.0094,16000,1024,4466.32,0.9726,0.021,0.0052,0.0012
2026-08-28T05:50:10.594+02:00,1000,1024,1024,1056,48,387,0,3203,0,263,0,0.0222,0.0484,0.4135,0.0802,0.1894,1.6946,3.075,3.462,3.634,206.15,22.24,21.86,0.0063,0.0161,0.1227,27.92,131.7,131.9,0.0062,0.0156,0.1195,162.07,78.88,203.34,0.006,0.0149,0.1214,16000,1024,2904.7,0.9972,0.0021,0.0006,0.0001
2026-08-28T05:50:40.592+02:00,1000,1024,1024,1056,48,387,0,3203,0,263,0,0.0224,0.0208,0.0314,0.0698,0.0683,0.1087,3.004,2.704,2.956,189.71,173.79,4.88,0.0071,0.0059,0.0124,103.75,97.7,65.86,0.0067,0.0058,0.0111,153.57,8.9,104.38,0.0061,0.0059,0.01,16000,1024,507.01,0.9745,0.0209,0.0041,0.0005
2026-08-28T05:51:10.592+02:00,1000,1024,1024,1056,48,387,0,3203,0,263,0,0.0224,0.0495,0.4152,0.0614,0.2171,1.5339,2.699,3.572,3.273,223.12,240.51,240.52,0.0073,0.0164,0.1667,71.86,56.72,218.73,0.0073,0.0148,0.127,174.78,438.33,350.28,0.0067,0.0145,0.1307,16000,1024,1100.67,0.9833,0.014,0.0024,0.0003
2026-08-28T05:51:40.592+02:00,1000,1024,1024,1056,48,387,0,3203,0,263,0,0.0247,0.0207,0.1134,0.0849,0.0659,1.4634,3.08,3.02,67.756,165.67,63.68,3.89,0.0101,0.0071,0.0213,70.81,119.89,210.77,0.0079,0.0073,0.0183,14.1,40.93,43.35,0.0074,0.0053,0.0196,16000,1024,1453.06,0.9933,0.0055,0.001,0.0002
2026-08-28T05:52:10.591+02:00,1000,1024,1024,1056,48,387,0,3203,0,263,0,0.0216,0.0201,0.0332,0.0836,0.0732,0.103,3.226,3.225,2.922,24.37,5.97,85.89,0.007,0.0079,0.0092,113.82,192.5,70.56,0.0082,0.0063,0.009,141.57,173.94,24.47,0.0063,0.0062,0.0086,16000,1024,2230.58,0.9933,0.0053,0.0012,0.0002
2026-08-28T05:52:40.592+02:00,1000,1024,1024,1056,48,387,1,3204,0,263,0,0.0234,0.0213,0.0466,0.0733,0.0862,0.6805,2.678,3.334,89.362,8.83,60.1,72.29,0.0066,0.0077,0.0134,139.92,48.03,42.81,0.0065,0.0062,0.0131,79.14,118.38,216.37,0.006,0.0062,0.0132,16000,1024,809.02,0.9725,0.0217,0.0053,0.0006
2026-08-28T05:53:10.593+02:00,1000,1024,1024,1056,48,387,0,3204,0,263,0,1.219,0.2205,0.055,1.8161,0.3819,0.15,1.518,1.463,2.616,49.15,49.16,49.17,1.7488,0.3133,0.0589,147.44,147.46,98.72,0.043,0.0498,0.026,98.26,100.12,196.34,0.0376,0.0148,0.0182,16000,1024,1273.4,0.9121,0.0803,0.0043,0.0033
2026-08-28T05:53:40.592+02:00,1000,1024,1024,1056,48,387,0,3204,0,263,0,1.0711,0.2325,0.2261,1.6301,0.4034,1.5962,1.536,1.516,16.244,49.38,49.38,8.91,1.5635,0.3347,0.0738,148.09,148.12,244.47,0.0474,0.0415,0.0721,98.79,99.51,250.26,0.0264,0.0199,0.0692,16000,1024,679.69,0.9008,0.0884,0.0087,0.0021
2026-08-28T05:54:10.594+02:00,1000,1024,1024,1056,48,387,0,3204,0,263,0,1.0499,0.2399,0.2848,1.5817,0.4038,1.2875,1.533,1.518,4.582,49.42,49.44,49.66,1.5142,0.3412,0.1004,148.42,148.33,280.57,0.0422,0.0262,0.0872,98.56,98.41,362.61,0.0257,0.017,0.0901,16000,1024,676.51,0.9182,0.0712,0.0085,0.002
2026-08-28T05:54:40.593+02:00,1000,1024,1024,1056,48,387,0,3204,0,263,0,1.051,0.2358,0.1877,1.5998,0.4132,1.2984,1.534,1.522,13.34,49.43,49.43,9.13,1.533,0.339,0.0732,148.3,148.47,29.34,0.0342,0.0325,0.0623,98.99,99.55,475.45,0.0362,0.0286,0.0544,16000,1024,443.68,0.8597,0.1173,0.0181,0.0048
2026-08-28T05:55:10.594+02:00,1000,1024,1024,1056,48,387,0,3204,0,263,0,1.0696,0.2322,0.052,1.6085,0.3861,0.5541,1.535,1.517,24.589,49.42,49.43,49.48,1.5535,0.3335,0.0346,148.3,148.18,98.82,0.0447,0.0249,0.0242,98.92,99.72,148.53,0.0246,0.0209,0.0127,16000,1024,1680.77,0.9427,0.0538,0.0024,0.001
2026-08-28T05:55:40.598+02:00,1000,1024,1024,1056,48,387,1,3205,0,263,0,1.0677,0.2299,0.0438,1.6238,0.3886,0.156,1.54,1.483,3.105,49.4,49.39,49.38,1.5207,0.3267,0.0332,4.69,148.37,98.93,0.0463,0.0276,0.0168,25.02,99.67,197.73,0.0465,0.0201,0.0169,16000,1024,1102.75,0.9743,0.021,0.0035,0.0013
2026-08-28T05:56:10.594+02:00,1000,1024,1024,1056,48,387,0,3205,0,263,0,1.0424,0.2289,0.0512,1.6003,0.3699,0.5788,1.544,1.477,30.837,49.36,49.37,49.36,1.5235,0.3325,0.0395,148.11,148.0,98.96,0.0449,0.0218,0.0221,98.71,100.04,198.04,0.0205,0.0146,0.0138,16000,1024,570.39,0.7934,0.1971,0.0074,0.0021
2026-08-28T05:56:40.595+02:00,1000,1024,1024,1056,48,387,0,3205,0,263,0,1.059,0.2302,0.0476,1.6184,0.3823,0.1486,1.543,1.477,3.108,49.38,49.37,49.41,1.5471,0.3351,0.0421,148.17,99.65,98.88,0.0433,0.0279,0.0196,98.94,148.23,197.51,0.0309,0.0254,0.014,16000,1024,568.05,0.518,0.4603,0.0151,0.0066
2026-08-28T05:57:10.595+02:00,1000,1024,1024,1056,48,387,0,3205,0,263,0,1.1027,0.2266,0.0649,1.7989,0.3803,0.6967,1.545,1.468,48.255,49.36,49.38,49.28,1.6068,0.3276,0.0401,148.12,148.34,99.25,0.0445,0.0267,0.0281,98.9,100.13,148.09,0.0269,0.0193,0.0166,16000,1024,1722.12,0.941,0.0548,0.0029,0.0013
2026-08-28T05:57:40.595+02:00,1000,1024,1024,1056,48,387,1,3206,0,263,0,1.1339,0.2246,0.0598,1.774,0.3678,0.6933,1.548,1.472,35.912,49.35,49.36,49.53,1.6351,0.3224,0.0445,148.1,148.3,98.79,0.0443,0.0276,0.0243,98.73,99.64,147.99,0.0294,0.0187,0.02,16000,1024,576.69,0.8105,0.1779,0.008,0.0036
2026-08-28T05:58:10.600+02:00,1000,1024,1024,1056,48,387,1,3207,0,263,0,1.1867,0.2179,0.1909,2.0715,0.3539,0.8015,1.554,1.497,9.892,49.34,49.35,134.64,1.6905,0.3097,0.0588,44.47,147.92,49.03,0.0516,0.0263,0.0496,148.08,100.21,440.18,0.0453,0.0158,0.0509,16000,1024,910.05,0.8955,0.0996,0.0036,0.0013
2026-08-28T05:58:40.596+02:00,1000,1024,1024,1056,48,387,0,3207,0,263,0,1.2143,0.2183,0.0623,1.8451,0.3468,0.749,1.535,1.456,40.827,49.33,49.32,49.34,1.7805,0.3197,0.0551,147.99,148.12,99.08,0.0518,0.028,0.0256,98.68,99.93,147.51,0.0313,0.0152,0.0142,16000,1024,2277.75,0.9741,0.0241,0.0014,0.0005
2026-08-28T05:59:10.599+02:00,1000,1024,1024,1056,48,387,0,3207,0,263,0,1.2351,0.2225,0.2262,1.8638,0.3659,1.2735,1.537,1.442,7.661,49.31,49.32,372.18,1.8231,0.3234,0.0595,147.91,148.07,404.46,0.0467,0.0287,0.0597,98.68,99.41,482.68,0.0356,0.0218,0.061,16000,1024,501.15,0.7365,0.2422,0.0136,0.0076
2026-08-28T05:59:40.597+02:00,1000,1024,1024,1056,48,387,0,3207,0,263,0,1.2323,0.2194,0.1139,1.8696,0.3706,0.7035,1.541,1.44,22.301,49.3,49.29,49.97,1.8205,0.3199,0.0473,147.85,147.85,197.41,0.0499,0.0292,0.0355,98.64,99.62,375.93,0.0345,0.0149,0.0336,16000,1024,4296.29,0.9695,0.0243,0.0049,0.0012
2026-08-28T06:00:10.597+02:00,1000,1024,1024,1056,48,387,0,3207,0,263,0,1.2566,0.2192,0.1455,1.8994,0.3539,0.958,1.542,1.447,14.86,49.27,49.28,1.92,1.8318,0.319,0.067,147.77,148.16,243.17,0.0535,0.0323,0.0614,98.46,197.11,249.35,0.0341,0.0142,0.0498,16000,1024,1668.45,0.933,0.0633,0.0029,0.0008
2026-08-28T06:00:40.599+02:00,1000,1024,1024,1056,48,387,0,3207,0,263,0,1.2862,0.2163,0.0536,1.9489,0.3586,0.1725,1.539,1.446,2.72,49.28,49.27,49.21,1.8758,0.3144,0.0531,147.86,147.92,98.92,0.0551,0.0313,0.0284,98.37,100.27,147.75,0.0373,0.0179,0.0155,16000,1024,564.84,0.7604,0.2259,0.01,0.0037
2026-08-28T06:01:10.598+02:00,1000,1024,1024,1056,48,387,0,3207,0,263,0,1.2888,0.2181,0.213,1.9305,0.3515,1.3542,1.538,1.418,10.002,49.27,49.27,37.8,1.8891,0.3141,0.0828,147.81,147.69,467.32,0.0551,0.0345,0.0833,98.54,99.67,447.94,0.0365,0.0161,0.069,16000,1024,773.29,0.814,0.1816,0.0034,0.001
2026-08-28T06:01:40.598+02:00,1000,1024,1024,1056,48,387,1,3208,0,263,0,1.2952,0.217,0.1638,1.9674,0.3516,1.3345,1.536,1.437,21.43,49.27,49.27,446.96,1.8262,0.3055,0.047,33.92,147.85,83.62,0.1229,0.0333,0.0498,29.02,37.0,49.89,0.122,0.0273,0.0423,16000,1024,815.79,0.7697,0.2203,0.0082,0.0017
2026-08-28T06:02:10.599+02:00,1000,1024,1024,1056,48,387,0,3208,0,263,0,1.3212,0.2152,0.056,1.9834,0.3714,0.1918,1.53,1.443,2.891,49.27,49.28,49.25,1.921,0.3117,0.0568,147.79,147.9,98.89,0.0525,0.0311,0.0326,98.46,100.08,147.5,0.0383,0.0161,0.0168,16000,1024,649.16,0.7898,0.1973,0.0103,0.0026
2026-08-28T06:02:40.600+02:00,1000,1024,1024,1056,48,387,1,3209,1,264,0,1.3754,0.2133,0.0604,2.0709,0.3509,0.2047,1.534,1.425,2.737,49.26,49.27,49.29,2.0174,0.3097,0.073,147.72,147.68,98.32,0.0615,0.0315,0.027,98.53,99.68,147.69,0.041,0.0212,0.015,16000,1024,670.07,0.8256,0.1608,0.0096,0.0039
2026-08-28T06:03:10.601+02:00,1000,1024,1024,1056,48,387,0,3209,0,264,0,1.3897,0.2116,0.0585,2.0967,0.3555,0.1915,1.531,1.431,2.876,49.27,49.26,49.23,2.0354,0.3063,0.0601,147.82,147.75,98.47,0.0583,0.0317,0.0245,98.63,100.01,147.64,0.0384,0.0163,0.0165,16000,1024,1539.93,0.9238,0.0737,0.0018,0.0008
2026-08-28T06:03:40.602+02:00,1000,1024,1024,1056,48,387,0,3209,0,264,0,1.4284,0.2105,0.0808,2.3103,0.3564,0.7088,1.529,1.446,27.193,49.26,49.26,49.3,2.0794,0.304,0.0678,147.75,147.9,98.75,0.0602,0.032,0.0315,98.36,100.19,147.71,0.0422,0.0206,0.0166,16000,1024,3160.67,0.9464,0.0465,0.0056,0.0015
2026-08-28T06:04:10.601+02:00,1000,1024,1024,1056,48,387,0,3209,0,264,0,1.4277,0.2127,0.0594,2.1337,0.3363,0.1764,1.531,1.432,2.56,49.26,49.26,49.21,2.0753,0.306,0.068,147.76,147.87,98.87,0.0612,0.0326,0.0282,98.51,100.18,147.92,0.039,0.0217,0.0145,16000,1024,856.93,0.8253,0.1674,0.006,0.0013
2026-08-28T06:04:40.604+02:00,1000,1024,1024,1056,48,387,0,3209,0,264,0,1.4325,0.2145,0.191,2.1415,0.376,1.3408,1.53,1.429,11.087,49.24,49.24,482.23,2.0813,0.3074,0.0612,147.75,147.67,198.28,0.0664,0.0355,0.06,98.59,99.87,24.84,0.0392,0.0192,0.0615,16000,1024,3875.07,0.9844,0.0147,0.0007,0.0002
2026-08-28T06:05:10.603+02:00,1000,1024,1024,1056,48,387,0,3209,0,264,0,1.4285,0.2113,0.0614,2.1541,0.3595,0.1845,1.533,1.438,2.757,49.22,49.21,49.18,2.0768,0.3029,0.0699,147.62,147.57,98.67,0.0675,0.0316,0.0257,98.31,100.0,147.64,0.0421,0.0228,0.0213,16000,1024,878.52,0.8186,0.1712,0.0071,0.0031
2026-08-28T06:05:40.603+02:00,1000,1024,1024,1056,48,387,0,3209,0,264,0,1.4345,0.2102,0.0673,2.1451,0.3475,0.2151,1.532,1.436,2.701,49.21,49.21,49.18,2.0708,0.3011,0.0773,147.62,147.68,98.64,0.0693,0.0381,0.0382,98.27,100.22,147.6,0.0425,0.0216,0.0199,16000,1024,835.77,0.8491,0.1432,0.006,0.0017
2026-08-28T06:06:10.604+02:00,1000,1024,1024,1056,48,387,0,3209,0,264,0,1.4024,0.2104,0.0663,2.118,0.3505,0.5284,1.53,1.415,9.235,49.18,49.17,49.08,2.0252,0.2997,0.0601,147.48,147.51,98.45,0.0635,0.0331,0.0294,98.52,99.68,147.33,0.042,0.0136,0.0205,16000,1024,652.59,0.8551,0.1268,0.0144,0.0036
2026-08-28T06:06:40.602+02:00,1000,1024,1024,1056,48,387,0,3209,0,264,0,1.4005,0.2086,0.059,2.1094,0.3251,0.2054,1.534,1.399,2.984,49.14,49.12,49.16,2.0183,0.2954,0.0648,147.35,147.47,98.39,0.0683,0.0383,0.023,98.24,99.73,147.3,0.0384,0.0178,0.0188,16000,1024,653.98,0.8411,0.1423,0.0134,0.0032
2026-08-28T06:07:10.604+02:00,1000,1024,1024,1056,48,387,0,3209,0,264,0,1.4219,0.2094,0.0624,2.1498,0.3382,0.175,1.531,1.413,2.651,49.15,49.16,49.16,2.0453,0.2979,0.0663,147.34,147.24,98.34,0.0653,0.0375,0.0229,98.25,99.67,147.48,0.0432,0.0166,0.0183,16000,1024,556.35,0.8304,0.1484,0.0142,0.007
2026-08-28T06:07:40.604+02:00,1000,1024,1024,1056,48,387,0,3209,0,264,0,1.4195,0.2079,0.0609,2.1461,0.3333,0.1935,1.541,1.419,2.727,49.15,49.14,49.22,2.053,0.2954,0.068,147.33,147.42,147.19,0.0728,0.0371,0.0241,98.42,99.72,98.23,0.0387,0.0172,0.0249,16000,1024,692.64,0.8852,0.1033,0.0089,0.0025
2026-08-28T06:08:10.605+02:00,1000,1024,1024,1056,48,387,0,3209,0,264,0,1.4479,0.2139,0.1937,2.2032,0.3657,0.997,1.535,1.436,8.6,49.16,49.15,260.6,2.0802,0.3044,0.0883,147.42,147.44,51.98,0.0727,0.0424,0.0711,98.36,99.9,312.25,0.0437,0.0199,0.0685,16000,1024,2566.97,0.9812,0.0165,0.0016,0.0008
2026-08-28T06:08:40.604+02:00,1000,1024,1024,1056,48,387,0,3209,0,264,0,1.4448,0.2105,0.0667,2.1794,0.3353,0.2167,1.537,1.417,2.746,49.15,49.14,49.15,2.0868,0.2991,0.08,147.32,147.57,98.55,0.0708,0.0435,0.0303,98.28,100.1,147.23,0.0434,0.0237,0.0183,16000,1024,2236.52,0.9667,0.0302,0.0024,0.0006
2026-08-28T06:09:10.606+02:00,1000,1024,1024,1056,48,387,0,3209,0,264,0,1.466,0.2084,0.0667,2.1941,0.3376,0.1988,1.536,1.412,2.804,49.13,49.13,49.16,2.118,0.2955,0.0794,147.38,147.29,147.24,0.0751,0.0388,0.0227,98.36,99.78,98.13,0.0422,0.019,0.0283,16000,1024,564.31,0.8372,0.1506,0.0096,0.0025
2026-08-28T06:09:40.606+02:00,1000,1024,1024,1056,48,387,0,3209,0,264,0,1.4841,0.2107,0.0739,2.2284,0.3506,0.6163,1.538,1.412,10.798,49.15,49.15,49.13,2.1394,0.2986,0.0786,147.41,147.35,98.17,0.0735,0.0431,0.0265,98.25,99.97,147.4,0.0443,0.0186,0.0224,16000,1024,3750.51,0.9597,0.0326,0.0063,0.0014
2026-08-28T06:10:10.606+02:00,1000,1024,1024,1056,48,387,0,3209,0,264,0,1.5228,0.2085,0.0681,2.299,0.3443,0.2116,1.54,1.433,2.721,49.15,49.16,49.17,2.1994,0.299,0.0819,147.35,147.3,98.13,0.0777,0.0417,0.0267,98.22,100.02,147.27,0.0495,0.0166,0.0219,16000,1024,1001.58,0.8948,0.0951,0.0084,0.0017
2026-08-28T06:10:40.606+02:00,1000,1024,1024,1056,48,387,3,3212,0,264,0,1.5371,0.21,0.0715,2.2863,0.3472,0.1897,1.533,1.413,2.64,49.09,49.1,49.04,2.1864,0.2955,0.08,147.2,147.15,98.03,0.0736,0.0425,0.0313,53.22,99.78,147.39,0.0589,0.021,0.0227,16000,1024,1297.7,0.9333,0.0615,0.0044,0.0008
2026-08-28T06:11:10.606+02:00,1000,1024,1024,1056,48,387,1,3213,0,264,0,1.5603,0.2103,0.1532,2.367,0.3379,1.3698,1.543,1.409,19.259,49.17,49.17,49.11,2.2198,0.2925,0.0763,43.22,147.43,11.44,0.0694,0.0441,0.0485,28.41,99.94,147.05,0.0672,0.0197,0.0396,16000,1024,2309.22,0.9716,0.0249,0.0028,0.0007
2026-08-28T06:11:40.609+02:00,1000,1024,1024,1056,48,387,1,3214,0,264,0,1.5899,0.2075,0.0757,2.3905,0.3582,0.5649,1.534,1.427,7.982,49.18,49.17,49.15,2.2336,0.2864,0.0837,37.93,147.46,98.57,0.1222,0.0467,0.0257,44.0,38.29,147.57,0.1216,0.0203,0.0205,16000,1024,529.87,0.759,0.2193,0.0184,0.0034
2026-08-28T06:12:10.608+02:00,1000,1024,1024,1056,48,387,0,3214,0,264,0,1.6047,0.2085,0.171,2.3698,0.3615,1.3533,1.531,1.422,19.029,49.16,49.16,49.2,2.3128,0.2957,0.069,147.43,147.36,147.26,0.0825,0.0487,0.0464,98.35,100.06,342.58,0.0432,0.0201,0.0453,16000,1024,557.25,0.8115,0.1718,0.0143,0.0024
2026-08-28T06:12:40.608+02:00,1000,1024,1024,1056,48,388,0,3214,0,264,0,1.6383,0.2114,0.216,2.4237,0.3538,0.9345,1.526,1.411,6.623,49.16,49.17,429.76,2.3545,0.2989,0.0709,147.4,147.37,96.51,0.0803,0.0488,0.0666,98.3,196.49,395.65,0.05,0.0157,0.0647,16000,1024,642.41,0.7436,0.2341,0.0191,0.0033
2026-08-28T06:13:10.609+02:00,1000,1024,1024,1056,48,388,0,3214,0,264,0,1.6457,0.2073,0.0743,2.4609,0.3497,0.2176,1.53,1.415,2.622,49.15,49.15,49.2,2.3656,0.2962,0.0945,147.35,147.32,147.44,0.0863,0.0488,0.0256,98.31,99.93,98.22,0.048,0.0209,0.0237,16000,1024,1671.28,0.9391,0.0552,0.0049,0.0008
2026-08-28T06:13:40.608+02:00,1000,1024,1024,1056,48,388,0,3214,0,264,0,1.691,0.2074,0.0778,2.4915,0.3518,0.2181,1.528,1.427,2.36,49.18,49.19,49.2,2.4388,0.2956,0.094,147.54,147.48,98.31,0.0792,0.05,0.033,98.25,100.14,147.63,0.0537,0.0241,0.0224,16000,1024,2150.61,0.9175,0.0712,0.0092,0.0021
2026-08-28T06:14:10.609+02:00,1000,1024,1024,1056,48,388,0,3214,0,264,0,1.7323,0.209,0.1275,2.5798,0.3608,0.7417,1.525,1.429,13.933,49.19,49.19,49.22,2.4979,0.2996,0.0824,147.54,147.61,100.59,0.0858,0.0486,0.038,98.26,100.22,437.76,0.0513,0.0178,0.0352,16000,1024,1101.98,0.9372,0.0575,0.0043,0.0009
2026-08-28T06:14:40.614+02:00,1000,1024,1024,1056,48,388,0,3214,0,264,0,1.7391,0.2072,0.0789,2.5852,0.3447,0.1984,1.529,1.42,2.174,49.09,49.09,49.11,2.4796,0.2876,0.0972,147.22,147.34,98.66,0.083,0.0537,0.0221,43.46,99.6,147.32,0.0403,0.0227,0.0167,16000,1024,1351.1,0.898,0.0941,0.0065,0.0015
2026-08-28T06:15:10.610+02:00,1000,1024,1024,1056,48,388,0,3214,0,264,0,1.744,0.2066,0.0872,2.627,0.3352,0.7007,1.526,1.419,8.835,49.17,49.16,49.22,2.5164,0.2928,0.1019,147.48,147.55,98.86,0.0854,0.0519,0.0266,98.31,99.93,147.12,0.05,0.0186,0.0215,16000,1024,1226.3,0.9067,0.0858,0.006,0.0015
2026-08-28T06:15:40.609+02:00,1000,1024,1024,1056,48,388,0,3214,0,264,0,1.7508,0.2082,0.1969,3.0599,0.361,0.788,1.53,1.409,7.318,49.16,49.15,48.96,2.5142,0.2934,0.0816,147.47,147.4,360.46,0.0917,0.0534,0.065,98.22,100.17,340.53,0.0461,0.0193,0.0618,16000,1024,1527.1,0.9066,0.083,0.0086,0.0018
2026-08-28T06:16:10.611+02:00,1000,1024,1024,1056,48,388,0,3214,0,264,0,1.7728,0.2078,0.1055,2.6409,0.3349,0.9886,1.53,1.405,21.155,49.18,49.17,49.2,2.5648,0.293,0.1047,147.49,147.45,98.3,0.0868,0.055,0.0252,98.38,100.09,147.55,0.0495,0.0205,0.0228,16000,1024,699.55,0.8394,0.1415,0.0165,0.0026
2026-08-28T06:16:40.611+02:00,1000,1024,1024,1056,48,388,0,3214,0,264,0,1.7986,0.2081,0.1408,2.659,0.3671,0.7916,1.524,1.415,13.135,49.16,49.17,49.13,2.5954,0.2966,0.0987,147.48,147.48,97.95,0.0901,0.0568,0.0286,98.36,100.11,8.59,0.045,0.0191,0.0254,16000,1024,1039.91,0.8806,0.1116,0.0068,0.001
2026-08-28T06:17:10.611+02:00,1000,1024,1024,1056,48,389,0,3214,0,264,0,1.8038,0.208,0.0836,2.7148,0.3426,0.2056,1.531,1.405,2.231,49.17,49.18,49.22,2.6181,0.3007,0.106,147.46,147.38,98.34,0.0875,0.0505,0.0314,98.26,100.07,147.45,0.0559,0.0214,0.0206,16000,1024,3094.06,0.9653,0.0315,0.0027,0.0004
2026-08-28T06:17:40.611+02:00,1000,1024,1024,1056,48,389,0,3214,0,264,0,1.8133,0.2096,0.0868,2.747,0.332,0.2358,1.525,1.395,2.227,49.18,49.19,49.19,2.627,0.2983,0.1102,147.48,147.57,147.55,0.0922,0.0558,0.0299,98.4,100.16,98.41,0.053,0.0164,0.0269,16000,1024,1388.28,0.8558,0.1258,0.015,0.0034
2026-08-28T06:18:10.611+02:00,1000,1024,1024,1056,48,389,0,3214,0,264,0,1.8196,0.2085,0.0917,2.707,0.3525,0.6779,1.528,1.407,7.226,49.15,49.15,49.13,2.6206,0.2944,0.111,147.44,147.45,98.58,0.0899,0.0541,0.0278,98.22,100.06,147.3,0.0534,0.0177,0.0245,16000,1024,2605.65,0.9636,0.0334,0.0025,0.0005
2026-08-28T06:18:40.613+02:00,1000,1024,1024,1056,48,389,0,3214,0,264,0,1.8328,0.2091,0.0896,2.8147,0.3421,0.2409,1.524,1.398,2.168,49.06,49.06,49.03,2.5993,0.292,0.1136,147.12,147.08,97.9,0.0875,0.0574,0.0255,98.25,99.74,147.06,0.0533,0.0225,0.0205,16000,1024,2930.7,0.9677,0.0299,0.002,0.0004
2026-08-28T06:19:10.613+02:00,1000,1024,1024,1056,48,389,0,3214,0,264,0,1.8571,0.2104,0.0891,2.7573,0.3396,0.2126,1.527,1.399,2.052,49.17,49.17,49.13,2.6744,0.2986,0.1102,147.5,147.58,98.46,0.0976,0.0582,0.0325,98.24,100.16,147.66,0.0551,0.0198,0.0271,16000,1024,5629.45,0.991,0.008,0.0009,0.0001
2026-08-28T06:19:40.614+02:00,1000,1024,1024,1056,48,389,0,3214,0,264,0,1.8938,0.2086,0.096,2.7926,0.3389,0.2318,1.524,1.398,2.033,49.17,49.17,49.18,2.7466,0.2976,0.1308,147.42,147.5,98.51,0.0879,0.0627,0.0277,98.36,99.88,147.6,0.0523,0.0222,0.0239,16000,1024,1490.79,0.8603,0.1274,0.0102,0.0022
2026-08-28T06:20:10.614+02:00,1000,1024,1024,1056,48,389,1,3215,0,264,0,1.9113,0.2076,0.0918,2.8163,0.3362,0.2311,1.526,1.402,2.061,49.17,49.18,49.2,2.7281,0.2912,0.119,147.56,147.54,98.44,0.0922,0.056,0.0321,98.3,100.15,147.61,0.0596,0.022,0.0174,16000,1024,637.8,0.5459,0.4324,0.0177,0.004
2026-08-28T06:20:40.615+02:00,1000,1024,1024,1056,48,389,0,3215,0,264,0,1.9142,0.2106,0.0935,2.862,0.3588,0.2875,1.522,1.405,2.069,49.17,49.17,49.21,2.7615,0.297,0.1224,147.5,147.55,98.4,0.0943,0.056,0.0316,98.32,99.95,147.53,0.0577,0.0214,0.018,16000,1024,4078.24,0.9739,0.024,0.0017,0.0003
2026-08-28T06:21:10.614+02:00,1000,1024,1024,1056,48,389,0,3215,0,264,0,1.8726,0.2074,0.087,2.7815,0.3326,0.23,1.523,1.394,2.299,49.12,49.12,49.11,2.688,0.294,0.1083,147.32,147.31,98.37,0.0974,0.0535,0.0289,98.23,99.83,147.36,0.0532,0.0195,0.0266,16000,1024,2774.46,0.938,0.0571,0.0041,0.0008
2026-08-28T06:21:40.616+02:00,1000,1024,1024,1056,48,389,0,3215,0,264,0,1.8673,0.207,0.1275,2.7909,0.3445,0.7599,1.523,1.403,13.103,49.11,49.11,49.24,2.6785,0.2947,0.1098,147.28,147.21,115.99,0.0909,0.0512,0.0323,98.26,99.7,167.21,0.0558,0.0218,0.0314,16000,1024,656.08,0.7562,0.2262,0.0149,0.0026
2026-08-28T06:22:10.614+02:00,1000,1024,1024,1056,48,389,1,3216,0,264,0,1.8964,0.2056,0.1209,2.9073,0.3342,0.7591,1.53,1.416,13.017,49.11,49.13,49.2,2.7167,0.2897,0.1125,147.32,147.18,89.95,0.0926,0.0548,0.0277,98.2,99.77,196.75,0.0578,0.021,0.0337,16000,1024,1064.03,0.7703,0.2143,0.0134,0.0021
2026-08-28T06:22:40.616+02:00,1000,1024,1024,1056,48,389,0,3216,0,264,0,1.9455,0.2079,0.0944,2.9195,0.3456,0.2531,1.524,1.405,2.145,49.01,49.01,49.01,2.7499,0.2871,0.1218,146.99,147.03,98.14,0.0985,0.0576,0.0267,53.35,99.88,147.02,0.0719,0.0185,0.0273,16000,1024,901.0,0.6695,0.3133,0.0139,0.0033
2026-08-28T06:23:10.614+02:00,1000,1024,1024,1056,48,389,0,3216,0,264,0,1.9472,0.2117,0.1655,2.8948,0.3493,1.0277,1.518,1.406,12.284,49.14,49.16,49.21,2.7948,0.3022,0.093,147.39,147.46,55.54,0.0956,0.0635,0.0523,98.22,99.95,7.53,0.0588,0.0229,0.047,16000,1024,4029.99,0.9765,0.0222,0.0011,0.0002
2026-08-28T06:23:40.615+02:00,1000,1024,1024,1056,48,389,0,3216,0,264,0,1.9457,0.2144,0.2298,2.8914,0.3663,1.2791,1.526,1.407,6.316,49.12,49.11,232.62,2.803,0.3032,0.0723,147.37,147.35,412.77,0.09,0.061,0.0716,98.19,99.95,16.73,0.0504,0.0184,0.0662,16000,1024,880.38,0.7231,0.2521,0.0204,0.0045
2026-08-28T06:24:10.617+02:00,1000,1024,1024,1056,48,389,0,3216,0,264,0,1.9609,0.2123,0.247,2.9259,0.3785,1.338,1.526,1.434,7.655,49.14,49.15,48.71,2.8215,0.2986,0.0794,147.37,147.38,60.66,0.0938,0.059,0.0697,98.17,100.15,451.17,0.06,0.0176,0.0686,16000,1024,902.17,0.7868,0.2021,0.0092,0.0019
2026-08-28T06:24:40.618+02:00,1000,1024,1024,1056,48,389,0,3216,0,264,0,1.9758,0.2097,0.0984,2.9239,0.3468,0.2599,1.526,1.401,2.047,49.14,49.14,49.12,2.8471,0.297,0.1262,147.4,147.34,98.3,0.0955,0.0603,0.0341,98.22,100.05,147.46,0.0586,0.0251,0.0251,16000,1024,1251.14,0.882,0.1106,0.0065,0.0009
2026-08-28T06:25:10.618+02:00,1000,1024,1024,1056,48,389,0,3216,0,264,0,0.023,0.0203,0.0315,0.0701,0.0772,0.0935,2.806,3.242,2.783,131.11,19.14,52.76,0.0082,0.0071,0.0106,74.08,86.53,31.47,0.0071,0.0067,0.0103,20.93,127.13,64.37,0.0069,0.0063,0.01,16000,1024,1694.52,0.9917,0.0073,0.0009,0.0001
2026-08-28T06:25:40.618+02:00,1000,1024,1024,1056,48,389,0,3216,0,264,0,0.0246,0.0244,0.1121,0.0855,0.1025,0.7379,3.059,4.0,29.905,173.38,98.47,110.1,0.0071,0.0086,0.04,69.17,14.01,98.52,0.0065,0.009,0.0357,145.98,63.48,208.25,0.0071,0.0075,0.034,16000,1024,668.09,0.9877,0.0088,0.003,0.0005
2026-08-28T06:26:10.619+02:00,1000,1024,1024,1056,48,389,0,3216,0,264,0,0.0238,0.0205,0.0459,0.0696,0.0732,0.7283,2.865,2.939,116.073,70.5,17.6,168.67,0.0105,0.0068,0.0154,134.49,61.05,47.73,0.0077,0.0072,0.0136,223.58,119.06,8.05,0.0066,0.0059,0.0137,16000,1024,474.91,0.9612,0.029,0.0088,0.001
2026-08-28T06:26:40.619+02:00,1000,1024,1024,1056,48,389,0,3216,0,264,0,0.0234,0.0203,0.0335,0.0791,0.0673,0.1067,2.864,2.919,2.579,32.56,45.24,31.4,0.0097,0.0061,0.009,68.47,30.45,71.83,0.0071,0.0058,0.0094,140.75,91.91,108.38,0.0063,0.0055,0.0079,16000,1024,1365.24,0.9929,0.0053,0.0016,0.0002
2026-08-28T06:27:10.618+02:00,1000,1024,1024,1056,48,389,0,3216,0,264,0,0.0229,0.0202,0.0488,0.0902,0.0773,0.7317,3.224,3.516,91.616,11.59,65.48,62.17,0.0074,0.0071,0.0118,27.43,15.54,98.15,0.0072,0.0064,0.012,4.74,159.2,78.46,0.0065,0.0055,0.01,16000,1024,5324.18,0.9991,0.0006,0.0003,0.0
2026-08-28T06:27:40.620+02:00,1000,1024,1024,1056,48,389,0,3216,0,264,0,0.0224,0.0244,0.1435,0.0726,0.1442,1.3917,2.924,5.2,27.056,70.37,222.63,128.54,0.0066,0.0077,0.0465,128.79,45.92,18.59,0.0059,0.0072,0.0403,163.05,110.21,116.31,0.0059,0.0065,0.0381,16000,1024,706.1,0.9767,0.018,0.0046,0.0007
2026-08-28T06:28:10.622+02:00,1000,1024,1024,1056,48,389,1,3217,0,264,0,0.0234,0.0219,0.0699,0.0795,0.0846,0.695,2.909,3.436,56.879,53.19,129.82,117.74,0.0073,0.0068,0.0195,224.36,34.85,60.81,0.0064,0.0068,0.016,40.15,40.62,76.11,0.0061,0.0065,0.0155,16000,1024,871.42,0.9848,0.0115,0.0032,0.0004
2026-08-28T06:28:40.629+02:00,1000,1024,1024,1056,48,389,1,3218,0,264,0,0.0241,0.0215,0.0486,0.0967,0.0696,0.738,3.53,2.803,100.325,154.97,69.14,202.99,0.0065,0.0074,0.0142,10.99,85.02,27.97,0.0063,0.0067,0.0154,310.41,27.45,48.93,0.0059,0.0062,0.0129,16000,1024,6546.99,0.9992,0.0007,0.0001,0.0
2026-08-28T06:29:10.622+02:00,1000,1024,1024,1056,48,389,0,3218,0,264,0,0.0252,0.0195,0.0337,0.0823,0.0596,0.11,2.957,2.971,2.997,10.46,29.19,122.07,0.0086,0.0071,0.0092,112.99,47.97,137.7,0.0079,0.0059,0.0087,172.54,135.92,159.18,0.0074,0.0059,0.0083,16000,1024,1682.88,0.992,0.0069,0.0009,0.0001
2026-08-28T06:29:40.624+02:00,1000,1024,1024,1056,48,389,0,3218,0,264,0,0.023,0.0203,0.0439,0.0847,0.061,0.6227,3.253,2.808,81.092,179.56,53.65,26.24,0.0065,0.0072,0.0125,206.51,246.89,83.49,0.0069,0.0054,0.0159,1.79,47.91,46.67,0.0061,0.0052,0.0125,16000,1024,1632.24,0.9935,0.0051,0.0012,0.0002
2026-08-28T06:30:10.621+02:00,1000,1024,1024,1056,48,389,0,3218,0,264,0,0.023,0.0242,0.1203,0.0911,0.1422,1.4063,3.367,4.875,45.872,34.52,112.5,79.35,0.0076,0.0071,0.0334,177.21,9.04,34.36,0.0077,0.0071,0.0325,5.78,43.88,64.95,0.0063,0.0069,0.0313,16000,1024,1430.91,0.9866,0.0109,0.0021,0.0004
2026-08-28T06:30:40.621+02:00,1000,1024,1024,1056,48,389,0,3218,0,264,0,0.0239,0.0211,0.0594,0.0783,0.0838,0.7386,2.994,3.327,86.474,78.98,11.65,77.03,0.0076,0.0067,0.0206,47.05,49.7,27.18,0.0074,0.0062,0.019,21.48,127.52,8.69,0.0069,0.0065,0.017,16000,1024,1078.79,0.9932,0.0039,0.0026,0.0003
2026-08-28T06:31:10.623+02:00,1000,1024,1024,1056,48,389,0,3218,0,264,0,0.0234,0.0206,0.047,0.0675,0.0708,0.7494,2.993,2.834,120.81,69.38,169.63,14.4,0.0077,0.0064,0.0162,168.44,139.44,48.65,0.0074,0.0059,0.0155,142.06,59.1,32.36,0.0064,0.0066,0.0145,16000,1024,548.69,0.9754,0.0201,0.0037,0.0008
2026-08-28T06:31:40.622+02:00,1000,1024,1024,1056,48,390,0,3218,0,264,0,0.0236,0.022,0.0596,0.0781,0.0881,0.7491,3.014,3.345,95.19,67.61,33.15,97.37,0.0071,0.0091,0.0194,11.07,43.7,7.61,0.007,0.0069,0.018,27.4,119.25,33.44,0.0063,0.006,0.018,16000,1024,2116.15,0.9832,0.0123,0.0037,0.0008
2026-08-28T06:32:10.623+02:00,1000,1024,1024,1056,48,390,0,3218,0,264,0,0.0222,0.0222,0.0332,0.0798,0.0773,0.0939,3.227,2.862,2.625,252.99,45.56,76.97,0.0068,0.0074,0.0111,9.46,83.76,47.29,0.0066,0.0068,0.0111,106.15,32.91,209.89,0.0064,0.0069,0.0103,16000,1024,1639.08,0.9928,0.0058,0.0012,0.0002
2026-08-28T06:32:40.624+02:00,1000,1024,1024,1056,48,390,0,3218,0,264,0,0.0223,0.0206,0.0748,0.0616,0.0887,0.7404,2.725,3.425,65.302,119.15,255.94,104.54,0.0062,0.0071,0.018,42.26,1.96,144.41,0.0064,0.0063,0.0179,154.49,153.31,13.45,0.0059,0.0062,0.0175,16000,1024,1105.64,0.9539,0.0393,0.0061,0.0008
2026-08-28T06:33:10.624+02:00,1000,1024,1024,1056,48,391,0,3218,0,264,0,0.0219,0.0207,0.0326,0.0708,0.0707,0.104,2.786,2.806,2.826,104.01,52.83,15.49,0.0081,0.0061,0.0105,178.75,8.06,27.42,0.0065,0.0054,0.0101,160.54,144.86,134.4,0.006,0.0054,0.01,16000,1024,701.05,0.9812,0.0152,0.0031,0.0006
2026-08-28T06:33:40.626+02:00,1000,1024,1024,1056,48,391,0,3218,0,264,0,0.0246,0.0209,0.0318,0.0901,0.0594,0.1062,3.0,2.745,3.01,19.09,34.27,35.61,0.0083,0.0062,0.0101,169.33,177.38,50.89,0.0076,0.006,0.0089,73.55,95.89,91.47,0.0072,0.0056,0.0093,16000,1024,1852.55,0.9759,0.0181,0.0049,0.0011
2026-08-28T06:34:10.624+02:00,1000,1024,1024,1056,48,391,0,3218,0,264,0,0.0234,0.0228,0.1376,0.0637,0.0975,1.0449,2.656,4.357,23.148,34.32,62.88,356.37,0.0063,0.0078,0.035,109.72,75.97,14.94,0.006,0.0076,0.0378,44.19,100.26,425.8,0.0059,0.0061,0.0341,16000,1024,416.79,0.9461,0.0449,0.008,0.001
2026-08-28T06:34:40.624+02:00,1000,1024,1024,1056,48,391,0,3218,0,264,0,0.0236,0.0218,0.0315,0.0843,0.0748,0.1056,3.07,2.953,2.893,50.11,90.73,100.81,0.0071,0.0077,0.0093,82.32,26.47,27.24,0.0069,0.0067,0.0092,68.98,59.55,13.23,0.0059,0.0057,0.0103,16000,1024,648.89,0.9765,0.0192,0.0037,0.0006
2026-08-28T06:35:10.625+02:00,1000,1024,1024,1056,48,391,0,3218,0,264,0,0.0236,0.0214,0.0323,0.0847,0.0697,0.1159,2.995,3.059,2.899,3.52,125.0,65.49,0.0087,0.0056,0.0104,32.0,6.56,139.67,0.0079,0.0057,0.0095,123.09,187.33,291.79,0.0075,0.0056,0.0093,16000,1024,264.43,0.9312,0.0502,0.0165,0.0021
2026-08-28T06:35:40.625+02:00,1000,1024,1024,1056,48,391,0,3218,0,264,0,0.0248,0.021,0.0341,0.097,0.0683,0.117,3.286,3.111,2.963,20.59,11.61,39.03,0.0076,0.0066,0.0103,115.23,161.32,84.07,0.0075,0.0063,0.0096,4.13,178.95,157.95,0.0073,0.0059,0.0094,16000,1024,1226.95,0.9801,0.0147,0.0043,0.0009
2026-08-28T06:36:10.627+02:00,1000,1024,1024,1056,48,391,0,3218,0,264,0,0.024,0.0209,0.0327,0.0924,0.0636,0.1191,3.323,2.959,3.156,95.39,112.49,97.0,0.0087,0.0066,0.0103,70.7,214.06,175.57,0.0083,0.0063,0.0098,35.66,220.91,62.78,0.008,0.0058,0.0092,16000,1024,454.18,0.9482,0.0433,0.0074,0.0012
2026-08-28T06:36:40.627+02:00,1000,1024,1024,1056,48,391,0,3218,0,264,0,0.0231,0.0229,0.0575,0.0717,0.1091,0.705,2.932,4.004,88.312,13.7,34.19,86.27,0.0075,0.0073,0.0178,46.06,28.58,93.51,0.0066,0.0066,0.0173,132.85,63.95,14.7,0.0064,0.007,0.015,16000,1024,646.75,0.9743,0.0207,0.0043,0.0007
2026-08-28T06:37:10.628+02:00,1000,1024,1024,1056,48,391,0,3218,0,264,0,0.0243,0.0223,0.0808,0.0966,0.0824,0.7061,3.142,3.404,52.848,79.19,21.48,156.01,0.0097,0.0092,0.0182,44.07,185.72,225.52,0.0059,0.0063,0.0175,138.92,104.4,21.3,0.006,0.0062,0.017,16000,1024,363.17,0.96,0.0284,0.0102,0.0015
2026-08-28T06:37:40.627+02:00,1000,1024,1024,1056,48,391,1,3219,0,264,0,0.0234,0.021,0.0314,0.0761,0.0683,0.1143,2.853,2.839,2.95,83.17,103.85,124.59,0.0069,0.0078,0.0108,26.52,115.17,215.6,0.0068,0.0053,0.0099,7.47,58.32,138.06,0.0066,0.0054,0.0095,16000,1024,283.92,0.883,0.0894,0.0242,0.0035
2026-08-28T06:38:10.627+02:00,1000,1024,1024,1056,48,391,0,3219,0,264,0,0.0223,0.0213,0.0322,0.0733,0.0797,0.1161,3.007,3.213,3.004,38.89,72.41,7.87,0.0077,0.0068,0.0111,78.31,10.16,36.15,0.0072,0.0066,0.0095,102.37,194.22,76.17,0.0071,0.006,0.0093,16000,1024,1232.73,0.9861,0.0114,0.0022,0.0003
2026-08-28T06:38:40.627+02:00,1000,1024,1024,1056,48,391,0,3219,0,264,0,0.025,0.0222,0.0332,0.0792,0.0676,0.0981,2.885,2.676,2.585,47.96,49.03,115.18,0.01,0.0085,0.0121,105.3,14.96,24.22,0.0081,0.0065,0.0104,93.63,85.49,48.29,0.0071,0.0067,0.0108,16000,1024,374.37,0.8906,0.0936,0.0144,0.0014
2026-08-28T06:39:10.628+02:00,1000,1024,1024,1056,48,391,0,3219,0,264,0,0.0234,0.0212,0.0315,0.0781,0.0672,0.1232,3.148,3.046,3.294,22.76,57.03,70.47,0.0078,0.0057,0.0135,174.04,198.09,47.95,0.0069,0.0054,0.0127,158.84,49.66,7.32,0.0065,0.0052,0.0093,16000,1024,2637.16,0.9986,0.0009,0.0004,0.0001
2026-08-28T06:39:40.628+02:00,1000,1024,1024,1056,48,391,0,3219,0,264,0,0.0221,0.0214,0.0753,0.0708,0.096,0.7638,3.006,3.37,64.324,90.89,23.53,78.13,0.0089,0.0069,0.0245,49.89,34.87,33.15,0.0074,0.0063,0.023,60.08,140.57,408.44,0.007,0.0057,0.0221,16000,1024,2091.55,0.9859,0.0107,0.0029,0.0006
2026-08-28T06:40:10.629+02:00,1000,1024,1024,1056,48,391,0,3219,0,264,0,0.0233,0.0218,0.0708,0.0807,0.0999,0.8096,3.305,3.72,68.179,87.57,34.23,39.53,0.0079,0.007,0.0168,13.57,29.01,116.06,0.0067,0.0061,0.0141,105.79,42.84,1.58,0.0065,0.0058,0.0145,16000,1024,935.99,0.9856,0.012,0.0021,0.0004
2026-08-28T06:40:40.630+02:00,1000,1024,1024,1056,48,391,0,3219,0,264,0,0.0237,0.0201,0.0288,0.082,0.0592,0.1007,2.717,2.841,2.823,181.88,18.98,70.12,0.0071,0.0081,0.0112,44.31,158.84,95.65,0.0072,0.006,0.0105,17.93,130.61,278.42,0.0063,0.0057,0.0086,16000,1024,8662.75,0.9997,0.0003,0.0001,0.0
2026-08-28T06:41:10.630+02:00,1000,1024,1024,1056,48,391,0,3219,0,264,0,0.0232,0.0203,0.0329,0.0772,0.0756,0.1194,2.543,3.061,3.523,39.73,5.65,72.66,0.0072,0.0077,0.01,83.93,24.65,79.86,0.0063,0.0063,0.0092,23.68,119.61,140.75,0.0065,0.0065,0.009,16000,1024,4226.13,0.9939,0.0057,0.0003,0.0
2026-08-28T06:41:40.630+02:00,1000,1024,1024,1056,48,391,0,3219,0,264,0,0.0242,0.0209,0.0333,0.0782,0.067,0.1004,3.09,3.154,2.981,47.56,58.06,97.38,0.0073,0.0072,0.0104,8.35,36.72,89.97,0.0075,0.0069,0.0099,26.67,4.2,114.71,0.0066,0.0056,0.0098,16000,1024,3437.89,0.9844,0.0116,0.0032,0.0007
2026-08-28T06:42:10.630+02:00,1000,1024,1024,1056,48,391,0,3219,0,264,0,0.0247,0.0207,0.0319,0.0727,0.0647,0.0914,2.779,2.765,2.769,165.54,22.28,46.66,0.0079,0.0073,0.01,89.9,162.17,34.92,0.0075,0.007,0.0096,28.14,189.38,227.68,0.0076,0.0064,0.0095,16000,1024,796.72,0.9876,0.0095,0.0025,0.0005
2026-08-28T06:42:40.634+02:00,1000,1024,1024,1056,48,391,0,3219,0,264,0,0.022,0.02,0.0337,0.0715,0.0697,0.1115,3.049,2.947,3.007,273.07,161.7,96.37,0.0071,0.0072,0.0109,88.8,17.54,133.99,0.0064,0.0057,0.0105,10.34,268.97,57.22,0.0067,0.0063,0.0099,16000,1024,1409.38,0.9927,0.0058,0.0013,0.0002
2026-08-28T06:43:10.631+02:00,1000,1024,1024,1056,48,391,0,3219,0,264,0,0.0231,0.0202,0.0314,0.0725,0.0625,0.1174,2.821,2.69,2.921,122.57,96.95,49.73,0.0086,0.0065,0.0128,84.36,172.31,185.71,0.0065,0.0064,0.0104,3.91,113.09,12.96,0.0062,0.0061,0.0104,16000,1024,530.34,0.9847,0.011,0.0038,0.0005
2026-08-28T06:43:40.634+02:00,1000,1024,1024,1056,48,391,0,3219,0,264,0,0.0239,0.021,0.0316,0.08,0.0707,0.1268,2.912,2.906,3.325,85.82,106.16,18.69,0.0084,0.0066,0.0104,5.79,73.6,147.23,0.0082,0.0063,0.01,158.95,12.27,52.92,0.0069,0.0067,0.0098,16000,1024,1138.6,0.9552,0.0337,0.0091,0.002
2026-08-28T06:44:10.633+02:00,1000,1024,1024,1056,48,391,0,3219,0,264,0,0.0234,0.0192,0.0306,0.0745,0.0684,0.0924,2.849,3.081,2.88,178.82,156.31,3.58,0.0075,0.0058,0.0112,16.39,54.74,43.81,0.0072,0.0057,0.0093,136.16,194.14,82.76,0.0069,0.0058,0.0093,16000,1024,335.7,0.9484,0.0438,0.0065,0.0013
2026-08-28T06:44:40.638+02:00,1000,1024,1024,1056,48,391,0,3219,0,264,0,0.024,0.0213,0.0331,0.087,0.0727,0.1101,3.065,2.922,3.114,13.4,4.35,217.81,0.0075,0.0086,0.0095,68.01,10.42,34.51,0.007,0.0073,0.0096,61.31,138.37,17.25,0.0067,0.0063,0.0093,16000,1024,5296.15,0.9986,0.0012,0.0001,0.0
2026-08-28T06:45:10.632+02:00,1000,1024,1024,1056,48,391,0,3219,0,264,0,0.0228,0.0194,0.0319,0.0746,0.0662,0.0921,3.095,3.095,2.722,106.16,31.95,46.26,0.008,0.0061,0.0124,39.37,288.17,59.61,0.0063,0.0054,0.011,48.37,226.56,110.97,0.0069,0.0052,0.0104,16000,1024,1709.9,0.9878,0.0106,0.0014,0.0002
2026-08-28T06:45:40.633+02:00,1000,1024,1024,1056,48,391,0,3219,0,264,0,0.0248,0.0201,0.0321,0.0783,0.0703,0.0996,2.828,3.013,2.579,115.22,29.7,51.84,0.0076,0.0081,0.0111,74.5,88.28,46.46,0.0071,0.0062,0.0122,17.41,44.81,96.45,0.0066,0.0053,0.0092,16000,1024,3838.6,0.9992,0.0006,0.0002,0.0
2026-08-28T06:46:10.635+02:00,1000,1024,1024,1056,48,391,4,3223,0,264,0,0.0227,0.0215,0.1844,0.0747,0.0898,0.7146,2.939,3.635,7.706,52.74,193.11,280.35,0.0077,0.007,0.1146,48.33,24.73,137.82,0.008,0.0072,0.0995,57.56,132.56,418.13,0.0068,0.0068,0.0929,16000,1024,4113.67,0.9988,0.001,0.0002,0.0
2026-08-28T06:46:40.634+02:00,1000,1024,1024,1056,48,391,0,3223,0,264,0,0.0242,0.0204,0.0321,0.0812,0.0673,0.123,2.678,2.854,3.122,66.46,85.23,164.83,0.0082,0.0061,0.0098,264.7,52.11,9.98,0.0066,0.0061,0.0095,74.4,125.73,112.44,0.0063,0.0057,0.0093,16000,1024,356.43,0.9459,0.0438,0.0088,0.0016
2026-08-28T06:47:10.634+02:00,1000,1024,1024,1056,48,391,0,3223,0,264,0,0.0245,0.0199,0.0403,0.0847,0.0673,0.548,3.035,3.149,68.72,143.08,33.82,68.9,0.0092,0.0069,0.0174,82.06,102.65,208.21,0.0078,0.0062,0.0152,59.97,172.56,226.49,0.0083,0.0062,0.0132,16000,1024,1103.98,0.9951,0.0028,0.0019,0.0002
2026-08-28T06:47:40.635+02:00,1000,1024,1024,1056,48,391,0,3223,0,264,0,0.0233,0.0231,0.0891,0.0746,0.0808,0.7319,3.109,3.578,45.846,18.19,49.74,171.91,0.0075,0.0082,0.0236,173.98,31.18,248.48,0.0069,0.0077,0.0251,57.23,156.13,71.77,0.0072,0.0073,0.0248,16000,1024,1117.26,0.9663,0.026,0.0061,0.0016
2026-08-28T06:48:10.635+02:00,1000,1024,1024,1056,48,391,0,3223,0,264,0,0.0235,0.021,0.03,0.0766,0.0644,0.0994,2.977,2.921,2.798,32.84,70.99,125.67,0.0069,0.0075,0.0111,38.34,26.41,191.5,0.0064,0.0055,0.0091,94.07,159.25,17.89,0.0066,0.0052,0.0087,16000,1024,519.07,0.9248,0.0661,0.0078,0.0012
2026-08-28T06:48:40.639+02:00,1000,1024,1024,1056,48,391,0,3223,0,264,0,0.0228,0.0225,0.0971,0.0727,0.0861,0.7048,2.645,4.107,36.932,16.34,55.24,18.23,0.0084,0.0071,0.0287,52.0,102.7,30.36,0.008,0.0063,0.0242,152.02,50.83,138.03,0.0082,0.0058,0.0257,16000,1024,674.12,0.9699,0.0272,0.0023,0.0006
2026-08-28T06:49:10.636+02:00,1000,1024,1024,1056,48,391,0,3223,0,264,0,0.023,0.0215,0.0328,0.077,0.0696,0.0997,3.131,3.09,2.86,120.14,24.45,103.8,0.007,0.0077,0.0103,28.09,136.72,98.31,0.0064,0.0074,0.0089,97.47,58.76,63.67,0.0064,0.0066,0.0084,16000,1024,379.5,0.9501,0.0405,0.0081,0.0012
2026-08-28T06:49:40.637+02:00,1000,1024,1024,1056,48,391,0,3223,0,264,0,0.0231,0.0219,0.0467,0.0763,0.0892,0.7078,2.947,3.257,97.244,81.47,147.58,113.22,0.0088,0.0088,0.0162,24.63,165.16,35.85,0.007,0.0074,0.0162,30.18,55.43,156.16,0.0058,0.0067,0.0156,16000,1024,391.3,0.9766,0.0173,0.005,0.0011
2026-08-28T06:50:10.637+02:00,1000,1024,1024,1056,48,391,0,3223,0,264,0,0.0223,0.0216,0.0334,0.0729,0.0815,0.118,3.103,3.261,3.261,45.43,47.67,126.56,0.0077,0.0066,0.0108,104.37,19.6,41.15,0.0069,0.0061,0.0091,192.09,107.9,63.63,0.0069,0.0062,0.0092,16000,1024,500.53,0.9893,0.0066,0.0034,0.0007
2026-08-28T06:50:40.638+02:00,1000,1024,1024,1056,48,391,1,3224,0,264,0,0.0234,0.0215,0.082,0.0936,0.0799,0.7254,3.352,3.044,51.284,36.69,85.72,151.39,0.0065,0.0077,0.02,62.13,137.83,64.84,0.0077,0.0067,0.0212,83.46,49.94,36.98,0.0064,0.0062,0.0189,16000,1024,548.9,0.9764,0.0191,0.0038,0.0006
2026-08-28T06:51:10.639+02:00,1000,1024,1024,1056,48,391,1,3225,0,264,0,0.023,0.0211,0.0459,0.0873,0.0792,0.6868,3.275,3.111,94.772,35.01,25.4,122.41,0.0094,0.0063,0.0171,190.29,181.67,181.01,0.0076,0.0061,0.0167,129.43,16.37,86.46,0.007,0.0063,0.0167,16000,1024,552.79,0.9815,0.0143,0.0036,0.0007
2026-08-28T06:51:40.639+02:00,1000,1024,1024,1056,48,391,0,3225,0,264,0,0.0229,0.0204,0.0687,0.0849,0.0834,0.6823,3.027,3.394,57.887,177.64,33.13,57.51,0.0078,0.0084,0.0146,44.68,79.06,9.45,0.0072,0.0061,0.0139,33.11,110.55,37.97,0.0064,0.0054,0.0124,16000,1024,663.51,0.9886,0.0083,0.0026,0.0005
2026-08-28T06:52:10.639+02:00,1000,1024,1024,1056,48,391,0,3225,0,264,0,0.0238,0.0213,0.0304,0.0751,0.0654,0.093,3.026,2.854,2.858,25.26,135.19,40.39,0.0075,0.0073,0.01,12.38,69.67,71.02,0.007,0.0068,0.0093,91.94,121.67,169.25,0.0067,0.0066,0.0094,16000,1024,750.88,0.98,0.0154,0.0041,0.0005
2026-08-28T06:52:40.641+02:00,1000,1024,1024,1056,48,391,0,3225,0,264,0,0.0229,0.0211,0.0333,0.0834,0.0658,0.1116,3.078,2.72,2.811,7.09,166.19,29.95,0.0079,0.0064,0.0111,61.75,63.77,64.38,0.0075,0.0062,0.0104,83.36,96.89,91.97,0.0076,0.0055,0.0104,16000,1024,1131.31,0.9858,0.0104,0.0033,0.0005
2026-08-28T06:53:10.639+02:00,1000,1024,1024,1056,48,391,0,3225,0,264,0,0.0223,0.0211,0.0296,0.0683,0.0628,0.0973,2.839,2.768,2.769,113.07,171.81,201.78,0.0067,0.0063,0.0088,71.44,160.68,20.21,0.006,0.0068,0.0087,90.96,81.93,119.41,0.0059,0.006,0.0084,16000,1024,434.62,0.9696,0.023,0.0065,0.0009
2026-08-28T06:53:40.639+02:00,1000,1024,1024,1056,48,391,0,3225,0,264,0,0.0241,0.0205,0.0314,0.0731,0.0632,0.1105,3.138,2.954,3.02,30.58,34.86,100.39,0.0081,0.0063,0.014,200.8,145.28,163.48,0.0079,0.006,0.0099,169.32,179.29,136.72,0.0069,0.006,0.0089,16000,1024,1116.16,0.9868,0.0098,0.0028,0.0006
2026-08-28T06:54:10.639+02:00,1000,1024,1024,1056,48,391,0,3225,0,264,0,0.023,0.0218,0.1618,0.0668,0.0907,0.6834,2.872,3.989,10.465,22.18,1.65,141.51,0.0098,0.0082,0.0871,166.92,69.0,1.94,0.0077,0.0072,0.0773,157.57,61.06,416.93,0.0069,0.0076,0.0612,16000,1024,842.06,0.9894,0.007,0.0031,0.0004
2026-08-28T06:54:40.642+02:00,1000,1024,1024,1056,48,391,0,3225,0,264,0,0.0239,0.0203,0.0308,0.0712,0.0755,0.1118,2.933,2.939,2.979,39.97,106.51,13.93,0.0075,0.0064,0.0108,74.46,48.15,179.89,0.0069,0.0066,0.0089,210.55,124.54,20.27,0.0067,0.0068,0.0085,16000,1024,1159.48,0.9882,0.0093,0.0023,0.0002
2026-08-28T06:55:10.640+02:00,1000,1024,1024,1056,48,391,0,3225,0,264,0,0.0227,0.0235,0.0882,0.0915,0.1184,0.7247,3.067,4.914,43.932,229.62,30.49,124.7,0.0066,0.0092,0.0319,49.6,95.84,473.54,0.0066,0.0071,0.0308,38.98,72.65,174.44,0.0062,0.0072,0.0313,16000,1024,8254.6,0.9997,0.0002,0.0001,0.0
2026-08-28T06:55:40.642+02:00,1000,1024,1024,1056,48,391,0,3225,0,264,0,0.0228,0.0201,0.0337,0.0763,0.0661,0.1344,3.197,2.887,3.352,157.52,56.28,38.51,0.0075,0.0078,0.0143,71.12,93.94,94.26,0.0068,0.0054,0.0104,93.99,154.6,60.84,0.0067,0.0053,0.0092,16000,1024,1321.21,0.956,0.0346,0.0078,0.0017
2026-08-28T06:56:10.643+02:00,1000,1024,1024,1056,48,391,0,3225,0,264,0,0.0228,0.0208,0.0294,0.0739,0.0824,0.0923,2.943,3.36,2.742,199.13,54.69,36.93,0.0066,0.0063,0.0106,121.17,32.47,181.27,0.0065,0.0061,0.0094,71.84,153.92,162.85,0.0079,0.006,0.0079,16000,1024,977.01,0.9829,0.0146,0.0022,0.0003
2026-08-28T06:56:40.641+02:00,1000,1024,1024,1056,48,391,0,3225,0,264,0,0.0258,0.0203,0.0306,0.0754,0.0697,0.1143,2.652,2.946,3.435,8.14,107.27,15.78,0.0099,0.0073,0.0113,30.8,145.63,92.56,0.0088,0.0058,0.0095,49.03,11.95,86.8,0.0064,0.0057,0.0085,16000,1024,1004.07,0.9891,0.0072,0.0033,0.0004
2026-08-28T06:57:10.643+02:00,1000,1024,1024,1056,48,391,0,3225,0,264,0,0.0226,0.0197,0.0319,0.0726,0.056,0.1159,3.114,2.66,2.942,2.94,86.97,165.89,0.0083,0.0078,0.0101,210.69,232.06,66.78,0.0056,0.0054,0.0105,44.06,243.07,227.54,0.0055,0.0051,0.0092,16000,1024,1566.15,0.9796,0.0171,0.0029,0.0004
2026-08-28T06:57:40.650+02:00,1000,1024,1024,1056,48,391,0,3225,0,264,0,0.0233,0.0203,0.0306,0.0943,0.0668,0.1094,3.006,2.825,2.908,15.97,141.59,86.92,0.0096,0.0067,0.0133,127.0,45.98,151.13,0.0078,0.0066,0.0098,45.07,84.06,188.2,0.0074,0.0057,0.0091,16000,1024,4807.22,0.9642,0.0277,0.0065,0.0016
2026-08-28T06:58:10.644+02:00,1000,1024,1024,1056,48,391,0,3225,0,264,0,0.0242,0.0214,0.0644,0.0788,0.0682,0.7103,2.968,3.04,69.605,99.98,23.2,48.24,0.0075,0.0074,0.0172,94.25,197.36,190.55,0.0069,0.0048,0.0127,162.2,7.96,94.63,0.0063,0.0049,0.0125,16000,1024,878.42,0.9894,0.0078,0.0024,0.0004
2026-08-28T06:58:40.645+02:00,1000,1024,1024,1056,48,391,0,3225,0,264,0,0.0227,0.0216,0.0533,0.0705,0.0611,0.7,3.061,2.907,85.332,35.99,86.01,205.89,0.0082,0.007,0.0151,13.32,208.72,231.51,0.0078,0.0056,0.0129,19.4,9.81,43.33,0.0069,0.0054,0.0126,16000,1024,897.47,0.9869,0.0089,0.0039,0.0004
2026-08-28T06:59:10.644+02:00,1000,1024,1024,1056,48,391,0,3225,0,264,0,0.024,0.0194,0.0308,0.0783,0.0608,0.0974,2.916,2.802,3.052,15.55,73.18,195.61,0.0088,0.0068,0.0115,160.72,168.48,16.46,0.0085,0.0072,0.0094,87.85,87.29,158.32,0.0077,0.0064,0.0091,16000,1024,537.95,0.9666,0.0269,0.0057,0.0009
2026-08-28T06:59:40.645+02:00,1000,1024,1024,1056,48,391,0,3225,0,264,0,0.0226,0.0206,0.0323,0.0775,0.0967,0.0974,3.073,3.79,2.953,144.37,19.52,42.98,0.0068,0.0072,0.0097,137.91,149.18,48.89,0.0064,0.0065,0.009,245.84,114.66,96.93,0.0064,0.0068,0.0093,16000,1024,601.31,0.956,0.0277,0.0147,0.0017
2026-08-28T07:00:10.648+02:00,1000,1024,1024,1056,48,391,0,3225,0,264,0,0.0236,0.0211,0.0575,0.0982,0.0918,0.6965,3.312,3.611,83.204,40.13,31.39,13.42,0.0083,0.0068,0.0205,57.54,108.93,142.65,0.0068,0.0067,0.0199,149.07,81.9,111.19,0.0067,0.0058,0.02,16000,1024,2928.69,0.9971,0.0022,0.0006,0.0001
2026-08-28T07:00:40.654+02:00,1000,1024,1024,1056,48,391,0,3225,0,264,0,0.023,0.0202,0.0347,0.0901,0.0698,0.1322,3.153,3.004,3.521,102.5,39.26,145.26,0.007,0.009,0.0117,4.17,145.54,48.95,0.007,0.006,0.0102,85.43,207.52,136.92,0.0067,0.007,0.0101,16000,1024,1040.57,0.9831,0.0141,0.0024,0.0004
2026-08-28T07:01:10.646+02:00,1000,1024,1024,1056,48,391,0,3225,0,264,0,0.0244,0.0228,0.0795,0.0899,0.1072,0.6945,3.033,4.064,53.221,69.67,140.25,221.81,0.0072,0.0072,0.011,85.71,179.43,66.33,0.0067,0.0066,0.0109,38.37,28.22,183.59,0.0068,0.0061,0.0099,16000,1024,663.23,0.9537,0.0417,0.0039,0.0007
2026-08-28T07:01:40.647+02:00,1000,1024,1024,1056,48,391,0,3225,0,264,0,0.0224,0.021,0.0434,0.068,0.0693,0.6102,2.844,2.89,73.285,146.25,11.54,48.67,0.0089,0.0097,0.0115,108.24,58.8,54.72,0.0083,0.0062,0.0113,46.51,202.18,43.32,0.0068,0.0057,0.011,16000,1024,5711.69,0.9773,0.0173,0.0044,0.0011
2026-08-28T07:02:10.646+02:00,1000,1024,1024,1056,48,391,0,3225,0,264,0,0.0235,0.0211,0.0577,0.0695,0.0842,0.7237,2.727,3.429,88.805,34.95,89.08,14.51,0.0076,0.0068,0.0169,136.85,9.13,23.19,0.0071,0.0068,0.0164,258.21,93.39,50.85,0.0064,0.0063,0.015,16000,1024,3252.06,0.9988,0.0009,0.0002,0.0
2026-08-28T07:02:40.646+02:00,1000,1024,1024,1056,48,391,1,3226,0,264,0,0.0225,0.0209,0.0606,0.0731,0.0908,0.7932,3.182,3.085,91.599,100.01,98.58,15.33,0.007,0.0071,0.016,11.04,104.43,67.51,0.0066,0.0067,0.0144,118.39,28.77,129.12,0.0056,0.0074,0.0148,16000,1024,647.62,0.9847,0.0112,0.0035,0.0006
2026-08-28T07:03:10.650+02:00,1000,1024,1024,1056,48,391,0,3226,0,264,0,0.0214,0.0213,0.0309,0.0836,0.0735,0.1138,3.036,2.945,3.047,57.88,16.6,76.77,0.0086,0.0064,0.0106,161.91,172.91,4.91,0.0073,0.0059,0.0088,173.43,71.08,150.38,0.0067,0.0058,0.0083,16000,1024,392.25,0.9437,0.0432,0.0112,0.002
2026-08-28T07:03:40.647+02:00,1000,1024,1024,1056,48,391,0,3226,0,264,0,0.0241,0.0206,0.0304,0.0768,0.0595,0.0986,2.792,2.836,2.759,126.84,151.39,59.85,0.0067,0.007,0.0089,50.43,130.39,97.84,0.0068,0.0113,0.0087,79.93,113.41,170.96,0.0063,0.0055,0.0082,16000,1024,3379.09,0.9704,0.0222,0.006,0.0014
2026-08-28T07:04:10.649+02:00,1000,1024,1024,1056,48,391,0,3226,0,264,0,0.0225,0.0213,0.0319,0.0746,0.0776,0.0966,2.898,3.278,2.66,54.16,12.28,2.51,0.0084,0.0074,0.0102,249.62,138.06,23.54,0.0077,0.0063,0.0092,106.88,164.41,170.81,0.0074,0.0062,0.0085,16000,1024,618.04,0.9782,0.0179,0.0034,0.0004
2026-08-28T07:04:40.648+02:00,1000,1024,1024,1056,48,391,0,3226,0,264,0,0.0224,0.0222,0.0719,0.0743,0.1005,0.6929,2.815,3.839,62.662,51.94,14.12,11.44,0.0068,0.0084,0.029,34.4,57.53,59.55,0.0067,0.0076,0.0268,63.88,79.0,252.67,0.0062,0.0069,0.0258,16000,1024,1766.63,0.9934,0.0055,0.001,0.0001
2026-08-28T07:05:10.648+02:00,1000,1024,1024,1056,48,391,0,3226,0,264,0,0.0233,0.0205,0.0308,0.0705,0.0574,0.097,2.836,2.897,2.873,30.63,90.19,7.95,0.0084,0.0069,0.0106,238.26,228.9,81.14,0.0068,0.0067,0.0105,93.5,210.99,27.29,0.0069,0.0056,0.0094,16000,1024,502.69,0.9595,0.028,0.0116,0.0009
2026-08-28T07:05:40.650+02:00,1000,1024,1024,1056,48,391,0,3226,0,264,0,0.0235,0.0193,0.0314,0.0834,0.0697,0.0989,2.869,3.202,2.943,40.94,43.93,88.82,0.0078,0.0066,0.0086,93.57,154.45,133.0,0.0075,0.0061,0.0086,27.79,7.82,184.38,0.0081,0.0061,0.0081,16000,1024,1778.94,0.9712,0.0228,0.0049,0.0011
2026-08-28T07:06:10.649+02:00,1000,1024,1024,1056,48,391,0,3226,0,264,0,0.0228,0.0238,0.1136,0.0691,0.099,0.7033,2.774,4.108,26.808,59.92,70.25,211.19,0.0066,0.0076,0.0449,161.9,7.49,108.58,0.0064,0.0078,0.0438,49.21,13.67,119.94,0.0068,0.0073,0.0403,16000,1024,562.2,0.9668,0.0262,0.0063,0.0006
2026-08-28T07:06:40.650+02:00,1000,1024,1024,1056,48,391,0,3226,0,264,0,0.022,0.0194,0.0305,0.0827,0.0988,0.0886,2.863,3.839,2.965,81.75,26.56,35.12,0.0073,0.0059,0.0106,132.63,108.49,265.47,0.007,0.0056,0.0092,20.43,98.2,76.53,0.0064,0.0063,0.0082,16000,1024,1726.0,0.9945,0.0044,0.0009,0.0002
2026-08-28T07:07:10.651+02:00,1000,1024,1024,1056,48,391,1,3227,0,264,0,0.0237,0.0211,0.0305,0.0857,0.069,0.1107,2.865,3.242,2.887,70.24,39.28,142.49,0.0076,0.0079,0.0098,226.37,130.0,53.71,0.0074,0.0067,0.0092,141.51,96.36,122.47,0.0063,0.0065,0.0085,16000,1024,670.94,0.9816,0.0127,0.0051,0.0006
2026-08-28T07:07:40.651+02:00,1000,1024,1024,1056,48,391,1,3228,0,264,0,0.0226,0.0198,0.0288,0.0798,0.077,0.0911,3.059,3.155,2.92,4.93,4.85,66.38,0.0069,0.006,0.0101,61.32,89.86,46.79,0.0067,0.006,0.0095,32.68,143.78,171.12,0.0072,0.006,0.0084,16000,1024,716.31,0.9537,0.0389,0.0062,0.0013
2026-08-28T07:08:10.651+02:00,1000,1024,1024,1056,48,391,0,3228,0,264,0,0.0232,0.0211,0.0325,0.0747,0.0642,0.104,2.803,2.558,2.787,96.06,4.94,86.28,0.009,0.0078,0.0104,128.84,14.42,101.99,0.0063,0.0072,0.0108,172.38,133.66,120.55,0.0069,0.0059,0.0105,16000,1024,1282.61,0.9922,0.0055,0.0019,0.0003
2026-08-28T07:08:40.652+02:00,1000,1024,1024,1056,48,391,0,3228,0,264,0,0.0235,0.02,0.0321,0.0799,0.0927,0.1183,2.966,3.683,2.995,137.37,117.2,91.07,0.0081,0.0062,0.0109,98.09,126.68,170.16,0.0096,0.006,0.0106,118.42,11.07,47.93,0.0072,0.006,0.0095,16000,1024,416.28,0.9582,0.0306,0.01,0.0011
2026-08-28T07:09:10.653+02:00,1000,1024,1024,1056,48,391,0,3228,0,264,0,0.0225,0.0192,0.0315,0.0811,0.0732,0.101,3.121,3.191,3.029,36.86,66.97,61.98,0.0078,0.007,0.0112,214.28,10.87,140.33,0.0077,0.0059,0.01,197.54,286.02,131.67,0.0072,0.0057,0.0086,16000,1024,736.84,0.979,0.0142,0.0061,0.0007
2026-08-28T07:09:40.652+02:00,1000,1024,1024,1056,48,391,0,3228,0,264,0,0.0227,0.0205,0.0301,0.0854,0.0689,0.1031,3.256,3.183,2.893,153.58,34.21,159.06,0.0073,0.0059,0.0096,2.89,116.85,49.93,0.007,0.0059,0.0086,36.26,90.02,40.63,0.0058,0.0056,0.0095,16000,1024,4631.27,0.9762,0.0181,0.0045,0.0011
2026-08-28T07:10:10.652+02:00,1000,1024,1024,1056,48,391,0,3228,0,264,0,0.0233,0.021,0.0291,0.0756,0.0757,0.1071,2.731,2.993,3.353,129.96,18.96,55.45,0.0072,0.0061,0.0108,108.64,146.37,2.98,0.0071,0.0057,0.0086,70.44,226.68,137.42,0.0068,0.0056,0.009,16000,1024,873.16,0.9812,0.0134,0.0045,0.0009
2026-08-28T07:10:40.653+02:00,1000,1024,1024,1056,48,391,0,3228,0,264,0,0.0226,0.0209,0.0306,0.075,0.0747,0.0981,3.05,3.079,2.981,175.32,48.61,196.12,0.0075,0.007,0.0089,44.65,73.32,80.5,0.0065,0.0068,0.0094,30.91,34.45,45.68,0.0063,0.0061,0.0083,16000,1024,1435.74,0.9892,0.0091,0.0013,0.0003
2026-08-28T07:11:10.652+02:00,1000,1024,1024,1056,48,391,0,3228,0,264,0,0.0229,0.0204,0.0316,0.0741,0.0638,0.1079,2.91,2.876,3.038,100.56,14.18,58.27,0.0078,0.0079,0.0122,22.75,90.0,74.86,0.0079,0.0072,0.0099,145.19,37.74,82.31,0.0078,0.0074,0.0094,16000,1024,1101.51,0.9853,0.0099,0.0043,0.0006
2026-08-28T07:11:40.655+02:00,1000,1024,1024,1056,48,391,0,3228,0,264,0,0.0218,0.0209,0.0309,0.0713,0.0672,0.1133,2.888,2.965,2.795,67.11,3.12,102.64,0.0066,0.0067,0.012,137.0,179.35,136.92,0.0064,0.0067,0.0085,86.82,160.39,39.11,0.006,0.0057,0.0083,16000,1024,1123.13,0.9743,0.0195,0.0053,0.0009
2026-08-28T07:12:10.659+02:00,1000,1024,1024,1056,48,391,0,3228,0,264,0,0.0244,0.0202,0.0315,0.0875,0.0829,0.105,3.128,2.972,3.045,139.86,145.97,131.09,0.0081,0.0078,0.0108,185.6,59.04,22.31,0.0071,0.0058,0.0094,210.57,118.93,8.01,0.0069,0.0056,0.0088,16000,1024,481.49,0.9801,0.0108,0.008,0.001
2026-08-28T07:12:40.655+02:00,1000,1024,1024,1056,48,391,0,3228,0,264,0,0.0234,0.0199,0.032,0.0782,0.0572,0.1286,3.137,2.712,3.003,20.12,173.59,29.21,0.0074,0.0063,0.0113,209.95,138.74,45.98,0.0061,0.0058,0.0096,90.92,100.56,146.87,0.0061,0.0055,0.01,16000,1024,1452.98,0.9905,0.0053,0.0038,0.0003
2026-08-28T07:13:10.655+02:00,1000,1024,1024,1056,48,391,0,3228,0,264,0,0.023,0.0208,0.0294,0.0739,0.0687,0.1061,3.089,2.962,2.98,104.69,191.45,124.13,0.0069,0.0061,0.0117,64.79,42.07,41.46,0.007,0.006,0.0107,55.91,3.37,92.02,0.0066,0.007,0.0091,16000,1024,677.19,0.9408,0.0455,0.0114,0.0022
2026-08-28T07:13:40.657+02:00,1000,1024,1024,1056,48,391,0,3228,0,264,0,0.0228,0.0202,0.0325,0.0793,0.068,0.1071,3.072,3.155,2.714,140.28,4.65,2.55,0.0083,0.0064,0.0097,100.67,35.42,8.61,0.0062,0.0059,0.0085,83.08,107.71,92.31,0.0062,0.0053,0.0098,16000,1024,1412.29,0.9614,0.0287,0.0082,0.0017
2026-08-28T07:14:10.656+02:00,1000,1024,1024,1056,48,391,0,3228,0,264,0,0.0222,0.0207,0.0337,0.063,0.062,0.1141,2.737,2.856,3.097,139.36,99.84,21.43,0.0087,0.0083,0.0116,128.32,44.08,39.55,0.007,0.0068,0.0121,4.22,255.82,109.79,0.0067,0.0063,0.0097,16000,1024,1010.94,0.9837,0.0099,0.0052,0.0011
2026-08-28T07:14:40.655+02:00,1000,1024,1024,1056,48,391,0,3228,0,264,0,0.0236,0.0188,0.0323,0.1024,0.0539,0.1211,3.289,2.687,3.182,169.79,153.4,48.33,0.0074,0.0053,0.0121,107.76,87.17,116.38,0.0074,0.0052,0.0101,75.12,57.78,103.02,0.0066,0.0052,0.0106,16000,1024,502.76,0.9631,0.0274,0.0088,0.0007
2026-08-28T07:15:10.660+02:00,1000,1024,1024,1056,48,391,1,3229,0,264,0,0.0238,0.0232,0.1011,0.0686,0.0969,0.7168,2.629,4.105,33.587,3.81,30.41,49.35,0.009,0.0063,0.0286,63.27,37.99,310.63,0.0082,0.0061,0.0236,85.77,127.68,114.37,0.0063,0.0062,0.0237,16000,1024,574.12,0.9621,0.0269,0.0099,0.0011
2026-08-28T07:15:40.656+02:00,1000,1024,1024,1056,48,391,0,3229,0,264,0,0.0226,0.0205,0.0308,0.0873,0.0813,0.1045,3.078,3.271,2.957,34.86,100.68,140.28,0.0066,0.0064,0.0104,2.17,142.42,8.29,0.0062,0.006,0.0098,190.08,122.83,86.92,0.0067,0.0054,0.0076,16000,1024,366.76,0.9478,0.0377,0.0118,0.0026
2026-08-28T07:16:10.656+02:00,1000,1024,1024,1056,48,391,0,3229,0,264,0,0.0229,0.0212,0.046,0.0713,0.0715,0.6789,2.973,3.146,94.002,85.06,131.49,89.01,0.0069,0.0077,0.0141,59.75,239.54,34.19,0.0067,0.007,0.0138,13.52,13.52,151.67,0.0063,0.0065,0.0131,16000,1024,474.23,0.9505,0.0331,0.0143,0.0022
2026-08-28T07:16:40.660+02:00,1000,1024,1024,1056,48,391,0,3229,0,264,0,0.0224,0.021,0.0345,0.0698,0.0806,0.1151,2.992,3.076,2.869,95.31,82.93,22.74,0.007,0.0061,0.0112,140.09,101.9,86.05,0.0072,0.0064,0.0101,6.83,9.94,74.13,0.0059,0.0054,0.0096,16000,1024,455.34,0.971,0.0208,0.007,0.0012
2026-08-28T07:17:10.658+02:00,1000,1024,1024,1056,48,391,0,3229,0,264,0,0.0239,0.0202,0.032,0.0832,0.064,0.0992,3.229,3.057,3.278,109.6,247.95,69.31,0.0067,0.0074,0.0099,74.35,101.13,93.37,0.0065,0.0066,0.0098,40.85,30.94,57.62,0.0064,0.0063,0.009,16000,1024,1647.55,0.9913,0.005,0.0032,0.0004
2026-08-28T07:17:40.657+02:00,1000,1024,1024,1056,48,391,2,3231,0,264,0,0.0239,0.0202,0.0451,0.0801,0.0616,0.6866,3.062,2.695,97.856,21.92,138.79,104.42,0.0077,0.0066,0.011,36.64,112.14,67.82,0.007,0.0061,0.0094,150.15,289.53,137.62,0.0066,0.0058,0.0074,16000,1024,520.88,0.9419,0.0437,0.0125,0.0018
2026-08-28T07:18:10.660+02:00,1000,1024,1024,1056,48,391,0,3231,0,264,0,0.0241,0.0218,0.0429,0.0932,0.0695,0.6122,3.05,2.869,75.756,68.18,106.67,86.81,0.0081,0.0078,0.0137,20.16,58.71,94.72,0.0068,0.0069,0.0135,47.63,69.17,2.06,0.0063,0.0068,0.0122,16000,1024,666.39,0.9423,0.0432,0.0131,0.0014
2026-08-28T07:18:40.658+02:00,1000,1024,1024,1056,48,391,0,3231,0,264,0,0.0243,0.0213,0.0312,0.0864,0.0768,0.1039,3.032,3.363,2.779,14.32,169.65,177.67,0.0087,0.0069,0.0093,29.89,15.56,88.95,0.009,0.006,0.0092,157.85,22.88,32.11,0.0072,0.0066,0.0092,16000,1024,656.48,0.9851,0.0084,0.0058,0.0007
2026-08-28T07:19:10.659+02:00,1000,1024,1024,1056,48,391,0,3231,0,264,0,0.0219,0.0213,0.0446,0.0808,0.0957,0.6969,2.974,3.651,115.657,221.88,121.1,110.35,0.0063,0.0094,0.011,124.15,18.52,68.58,0.0061,0.0078,0.0096,73.56,235.57,89.1,0.0059,0.0057,0.0087,16000,1024,360.74,0.9682,0.0188,0.0116,0.0014
2026-08-28T07:19:40.661+02:00,1000,1024,1024,1056,48,391,0,3231,0,264,0,0.0236,0.0197,0.0316,0.083,0.0683,0.0977,3.078,2.956,2.901,49.23,93.2,21.6,0.0088,0.007,0.0104,149.37,116.93,228.54,0.0069,0.006,0.009,31.27,18.5,52.26,0.0061,0.0057,0.0089,16000,1024,5129.53,0.9761,0.0181,0.0047,0.0011
2026-08-28T07:20:10.662+02:00,1000,1024,1024,1056,48,391,0,3231,0,264,0,0.0227,0.0203,0.0303,0.0652,0.0689,0.0998,2.799,3.019,2.927,33.29,137.82,160.71,0.0075,0.007,0.0109,10.56,55.45,91.85,0.0073,0.0054,0.009,54.53,219.18,123.55,0.007,0.0055,0.009,16000,1024,1025.66,0.9923,0.0048,0.0027,0.0003
2026-08-28T07:20:40.662+02:00,1000,1024,1024,1056,48,391,1,3232,0,264,0,0.023,0.0217,0.0308,0.0729,0.0873,0.0989,2.909,3.005,2.709,53.7,15.3,39.89,0.0076,0.0077,0.011,32.16,33.21,126.35,0.0073,0.0069,0.01,236.5,145.08,119.07,0.0071,0.0061,0.0089,16000,1024,1933.0,0.9885,0.0088,0.0024,0.0003
2026-08-28T07:21:10.660+02:00,1000,1024,1024,1056,48,391,0,3232,0,264,0,0.0208,0.0216,0.0325,0.0783,0.0696,0.1191,2.931,3.117,3.251,116.71,22.75,6.58,0.0078,0.0074,0.0099,93.91,94.65,140.08,0.0075,0.0066,0.0107,71.79,175.13,82.69,0.0064,0.0066,0.0092,16000,1024,1311.48,0.9825,0.0117,0.0052,0.0006
2026-08-28T07:21:40.661+02:00,1000,1024,1024,1056,48,391,0,3232,0,264,0,0.0241,0.0218,0.0655,0.0865,0.0998,0.7099,3.167,3.759,74.587,178.59,38.99,41.98,0.007,0.0076,0.0222,54.93,110.84,209.58,0.0066,0.0076,0.0188,104.44,133.47,108.34,0.0063,0.0067,0.0183,16000,1024,1337.08,0.9688,0.0251,0.0052,0.0009
2026-08-28T07:22:10.662+02:00,1000,1024,1024,1056,48,391,0,3232,0,264,0,1.3789,0.2161,0.064,2.055,0.3446,0.155,1.507,1.415,2.229,49.12,49.11,49.12,1.9744,0.3069,0.075,147.36,147.36,5.95,0.0428,0.0478,0.021,54.87,100.02,98.61,0.0358,0.0165,0.0174,16000,1024,668.56,0.931,0.0596,0.0063,0.0031
2026-08-28T07:22:40.663+02:00,1000,1024,1024,1056,48,391,0,3232,0,264,0,1.1547,0.2264,0.0543,1.7194,0.3808,0.1739,1.528,1.533,2.743,49.27,49.28,49.28,1.6845,0.3273,0.061,147.85,147.68,98.44,0.0506,0.042,0.0214,98.41,100.05,172.99,0.0327,0.0156,0.0115,16000,1024,1188.92,0.9124,0.0817,0.0042,0.0017
2026-08-28T07:23:10.662+02:00,1000,1024,1024,1056,48,391,0,3232,0,264,0,1.0915,0.2292,0.0715,1.6604,0.3915,0.6984,1.535,1.556,43.494,49.36,49.37,49.3,1.5925,0.3326,0.0406,148.16,147.98,197.54,0.0456,0.0284,0.0271,98.56,100.32,98.95,0.0292,0.0144,0.0225,16000,1024,1848.99,0.8489,0.1447,0.0057,0.0008
2026-08-28T07:23:40.662+02:00,1000,1024,1024,1056,48,391,0,3232,0,264,0,1.1351,0.2338,0.0411,1.7239,0.4099,0.1497,1.526,1.529,3.167,49.43,49.42,99.08,1.6436,0.3374,0.0309,148.36,148.47,49.47,0.0433,0.0304,0.0262,98.96,99.43,148.56,0.0345,0.0165,0.0176,16000,1024,3198.46,0.9705,0.0246,0.004,0.001
2026-08-28T07:24:10.666+02:00,1000,1024,1024,1056,48,391,1,3233,0,264,0,1.1147,0.2294,0.0449,1.6965,0.3779,0.1547,1.54,1.493,2.934,49.39,49.39,49.53,1.5902,0.323,0.0335,44.6,99.69,98.55,0.0433,0.0232,0.0218,35.27,148.1,197.49,0.0419,0.0242,0.0142,16000,1024,2134.73,0.9745,0.0227,0.002,0.0008
2026-08-28T07:24:40.663+02:00,1000,1024,1024,1056,48,391,0,3233,0,264,0,1.0889,0.228,0.0436,1.6516,0.4025,0.1357,1.534,1.501,2.645,49.4,49.41,49.34,1.5829,0.3294,0.0341,148.3,148.47,99.35,0.0387,0.0252,0.025,98.76,98.9,148.3,0.0306,0.0115,0.0169,16000,1024,1158.13,0.9125,0.0778,0.0073,0.0024
2026-08-28T07:25:10.663+02:00,1000,1024,1024,1056,48,391,0,3233,0,264,0,1.0727,0.2304,0.0456,1.607,0.3809,0.1353,1.536,1.474,2.968,49.37,49.37,49.34,1.5675,0.3361,0.0382,148.1,99.54,98.75,0.0407,0.0215,0.0222,98.9,147.98,148.17,0.0292,0.0236,0.0161,16000,1024,1269.59,0.8991,0.0922,0.0064,0.0022
2026-08-28T07:25:40.664+02:00,1000,1024,1024,1056,48,391,0,3233,0,264,0,1.0971,0.2261,0.0915,1.6702,0.3683,0.7034,1.537,1.485,32.562,49.34,49.35,59.51,1.6073,0.3279,0.0262,148.03,148.08,98.65,0.0415,0.0207,0.026,98.47,100.16,212.15,0.0298,0.0179,0.0245,16000,1024,2008.96,0.9667,0.0318,0.0011,0.0004
2026-08-28T07:26:10.665+02:00,1000,1024,1024,1056,48,391,0,3233,0,264,0,1.1345,0.2253,0.0485,1.722,0.3921,0.1451,1.537,1.473,2.856,49.34,49.34,49.32,1.663,0.3276,0.0383,148.05,147.96,98.75,0.0425,0.0314,0.0213,98.57,100.14,147.66,0.0305,0.0169,0.0188,16000,1024,1432.57,0.9419,0.0536,0.0034,0.0011
2026-08-28T07:26:40.671+02:00,1000,1024,1024,1056,48,391,1,3234,0,264,0,1.1825,0.2191,0.05,1.8252,0.3623,0.1679,1.537,1.456,2.846,49.31,49.31,49.43,1.6601,0.3053,0.0421,36.68,148.01,98.58,0.0803,0.0255,0.023,29.78,99.31,197.41,0.0798,0.0188,0.0149,16000,1024,1077.48,0.9003,0.0911,0.0057,0.0029
2026-08-28T07:27:10.665+02:00,1000,1024,1024,1056,48,391,0,3234,0,264,0,1.2195,0.219,0.061,1.842,0.3493,0.6593,1.536,1.442,28.235,49.33,49.32,49.28,1.7998,0.3183,0.048,147.98,147.89,98.4,0.0483,0.0259,0.0271,98.79,99.48,197.12,0.0374,0.0211,0.0145,16000,1024,852.58,0.7487,0.2337,0.0156,0.0019
2026-08-28T07:27:40.665+02:00,1000,1024,1024,1056,48,391,0,3234,0,264,0,1.2502,0.2191,0.0546,1.8759,0.3513,0.1911,1.53,1.449,2.905,49.33,49.32,49.3,1.8361,0.3194,0.0575,98.8,148.08,98.78,0.0399,0.0272,0.0296,147.99,99.62,147.97,0.0459,0.0212,0.0145,16000,1024,1777.03,0.9003,0.0852,0.0117,0.0028
2026-08-28T07:28:10.666+02:00,1000,1024,1024,1056,48,391,0,3234,0,264,0,1.3081,0.2163,0.0756,1.9747,0.3471,0.7585,1.535,1.453,27.927,49.31,49.31,49.29,1.9208,0.3165,0.064,147.96,147.86,98.66,0.0508,0.0296,0.0236,98.57,100.35,197.16,0.0349,0.0166,0.0173,16000,1024,1527.93,0.9246,0.0722,0.0026,0.0006
2026-08-28T07:28:40.667+02:00,1000,1024,1024,1056,48,391,0,3234,0,264,0,1.3313,0.2178,0.0591,2.0081,0.3682,0.1611,1.535,1.461,2.549,49.29,49.3,49.22,1.9523,0.3187,0.0557,147.84,147.84,98.69,0.0538,0.024,0.026,98.47,100.03,197.27,0.0407,0.017,0.0139,16000,1024,1170.36,0.8714,0.1227,0.0047,0.0012
2026-08-28T07:29:10.672+02:00,1000,1024,1024,1056,48,391,0,3234,0,264,0,1.3733,0.2154,0.0573,2.0762,0.3604,0.1935,1.532,1.447,2.957,49.27,49.26,49.26,2.0033,0.3121,0.0614,147.79,147.93,98.59,0.0561,0.0285,0.0314,98.75,99.85,197.17,0.0418,0.0176,0.014,16000,1024,526.12,0.79,0.1831,0.0192,0.0077
2026-08-28T07:29:40.667+02:00,1000,1024,1024,1056,48,391,0,3234,0,264,0,1.3923,0.2114,0.0637,2.0985,0.3463,0.2206,1.526,1.456,2.742,49.24,49.25,49.23,2.0238,0.3055,0.0751,147.82,147.8,98.74,0.0514,0.0308,0.0322,98.35,100.28,147.6,0.0423,0.0198,0.022,16000,1024,5060.23,0.9921,0.0071,0.0006,0.0002
2026-08-28T07:30:10.671+02:00,1000,1024,1024,1056,48,391,0,3234,0,264,0,1.4012,0.2127,0.061,2.1067,0.3323,0.1894,1.531,1.434,2.766,49.28,49.28,49.28,2.0508,0.3117,0.0701,147.8,147.71,98.25,0.0527,0.0264,0.0302,98.63,99.94,196.9,0.0414,0.0218,0.0122,16000,1024,1157.55,0.9014,0.0876,0.0077,0.0034
2026-08-28T07:30:40.668+02:00,1000,1024,1024,1056,48,391,0,3234,0,264,0,1.4249,0.2138,0.0619,2.1436,0.3581,0.1824,1.53,1.419,2.697,49.27,49.27,49.26,2.0853,0.3091,0.0693,147.74,147.89,98.69,0.0602,0.0313,0.0328,98.58,100.2,147.6,0.0427,0.0188,0.016,16000,1024,774.71,0.8945,0.0973,0.0063,0.002
2026-08-28T07:31:10.668+02:00,1000,1024,1024,1056,48,391,0,3234,0,264,0,1.4135,0.2133,0.0647,2.138,0.3595,0.181,1.532,1.449,2.608,49.25,49.25,49.23,2.061,0.3097,0.0729,147.77,147.66,98.46,0.0615,0.0271,0.0304,98.44,100.16,197.05,0.045,0.0151,0.0187,16000,1024,1631.06,0.881,0.0826,0.0226,0.0138
2026-08-28T07:31:40.668+02:00,1000,1024,1024,1056,48,391,0,3234,0,264,0,1.4484,0.2134,0.0635,2.1509,0.3361,0.1857,1.528,1.431,2.463,49.21,49.21,49.18,2.0883,0.3039,0.0707,147.69,147.85,98.76,0.0576,0.0322,0.0287,98.23,99.86,147.37,0.0409,0.0129,0.0148,16000,1024,1962.08,0.8573,0.0813,0.0503,0.0112
2026-08-28T07:32:10.670+02:00,1000,1024,1024,1056,48,391,0,3234,0,264,0,1.4796,0.2097,0.0669,2.1911,0.3545,0.1842,1.528,1.432,2.493,49.25,49.24,49.28,2.1538,0.3016,0.0804,147.77,147.89,98.74,0.0655,0.0354,0.0314,98.42,100.05,197.13,0.0419,0.0191,0.0128,16000,1024,943.72,0.8543,0.1399,0.0044,0.0015
2026-08-28T07:32:40.671+02:00,1000,1024,1024,1056,48,391,0,3234,0,264,0,1.4836,0.2105,0.0642,2.2312,0.3414,0.1812,1.529,1.425,2.495,49.15,49.15,49.23,2.123,0.2982,0.074,147.23,147.47,98.37,0.0672,0.0323,0.0237,98.49,99.46,147.03,0.0472,0.0197,0.0147,16000,1024,677.59,0.6662,0.3125,0.0159,0.0054
2026-08-28T07:33:10.670+02:00,1000,1024,1024,1056,48,391,0,3234,0,264,0,1.5093,0.2084,0.0664,2.2759,0.3369,0.2225,1.529,1.427,2.724,49.25,49.24,49.23,2.2049,0.2991,0.0818,147.76,147.83,98.78,0.0624,0.0403,0.0289,98.54,99.82,147.76,0.0435,0.0188,0.0165,16000,1024,679.37,0.8623,0.1255,0.0082,0.0039
2026-08-28T07:33:40.671+02:00,1000,1024,1024,1056,48,391,0,3234,0,264,0,1.5048,0.2121,0.0674,2.269,0.3536,0.1934,1.533,1.428,2.393,49.13,49.14,49.15,2.1376,0.3008,0.0719,147.37,147.3,98.2,0.063,0.0347,0.0258,53.22,99.63,196.21,0.0542,0.0186,0.019,16000,1024,2421.81,0.9381,0.052,0.0078,0.002
2026-08-28T07:34:10.670+02:00,1000,1024,1024,1056,48,391,0,3234,0,264,0,1.5234,0.2087,0.0679,2.2737,0.3498,0.1785,1.534,1.448,2.325,49.23,49.23,49.22,2.2197,0.3023,0.0825,147.69,147.8,98.74,0.0658,0.0351,0.0254,98.28,100.19,147.61,0.0494,0.0159,0.0159,16000,1024,561.07,0.7299,0.2552,0.0109,0.004
2026-08-28T07:34:40.671+02:00,1000,1024,1024,1056,48,391,0,3234,0,264,0,1.5628,0.2074,0.0697,2.328,0.3546,0.2225,1.523,1.431,2.498,49.21,49.21,49.14,2.2577,0.2977,0.0808,147.67,147.81,98.75,0.0666,0.0377,0.0306,98.31,100.1,147.24,0.0464,0.0199,0.017,16000,1024,848.31,0.8353,0.1549,0.0078,0.002
2026-08-28T07:35:10.672+02:00,1000,1024,1024,1056,48,391,0,3234,0,264,0,1.5663,0.2103,0.0719,2.3436,0.3339,0.2125,1.53,1.425,2.467,49.22,49.22,49.26,2.2829,0.2999,0.0897,147.64,147.5,98.41,0.0708,0.0322,0.0268,98.44,99.78,147.81,0.0463,0.0172,0.0185,16000,1024,977.29,0.314,0.6282,0.0474,0.0104
2026-08-28T07:35:40.672+02:00,1000,1024,1024,1056,48,391,1,3235,0,264,0,1.5724,0.2086,0.0702,2.3155,0.3386,0.1818,1.532,1.422,2.459,49.25,49.24,49.16,2.2402,0.2912,0.0808,147.56,147.6,98.38,0.0716,0.0372,0.0242,44.43,99.93,147.77,0.0654,0.0159,0.0195,16000,1024,2175.01,0.9484,0.0456,0.0045,0.0014
2026-08-28T07:36:10.673+02:00,1000,1024,1024,1056,48,391,0,3235,0,264,0,1.5487,0.2074,0.0716,2.3112,0.3311,0.197,1.53,1.424,2.415,49.19,49.19,49.2,2.2447,0.2964,0.088,147.45,147.58,98.49,0.0673,0.0329,0.0251,98.37,99.77,147.33,0.0459,0.0209,0.0206,16000,1024,685.49,0.787,0.1995,0.0089,0.0046
2026-08-28T07:36:40.673+02:00,1000,1024,1024,1056,48,391,0,3235,0,264,0,1.5899,0.2077,0.0732,2.3658,0.3479,0.1952,1.527,1.43,2.33,49.2,49.2,49.19,2.3025,0.2986,0.0903,147.58,147.57,98.76,0.0681,0.0381,0.0271,98.29,100.11,147.5,0.0507,0.0188,0.0172,16000,1024,881.31,0.8733,0.1175,0.0068,0.0024
2026-08-28T07:37:10.674+02:00,1000,1024,1024,1056,48,391,1,3236,0,264,0,1.5755,0.2075,0.0713,2.4043,0.3415,0.1843,1.528,1.436,2.368,49.15,49.13,49.15,2.1813,0.2823,0.0834,35.06,147.57,98.59,0.1014,0.0371,0.026,29.39,99.76,147.46,0.0915,0.0202,0.0176,16000,1024,1981.53,0.9285,0.0665,0.0034,0.0016
2026-08-28T07:37:40.673+02:00,1000,1024,1024,1056,48,391,0,3236,0,264,0,1.5942,0.2053,0.0737,2.3985,0.3633,0.1891,1.531,1.416,2.224,49.16,49.16,49.14,2.3086,0.2949,0.0921,147.46,147.45,98.24,0.0706,0.0391,0.0238,98.46,99.86,196.92,0.0469,0.0211,0.0126,16000,1024,4381.01,0.9709,0.0245,0.0036,0.0011
2026-08-28T07:38:10.674+02:00,1000,1024,1024,1056,48,391,0,3236,0,264,0,1.6093,0.2064,0.0755,2.4012,0.3264,0.2183,1.532,1.416,2.29,49.18,49.18,49.15,2.3233,0.2936,0.0903,147.5,147.62,98.48,0.073,0.0433,0.027,98.33,99.86,196.63,0.0447,0.0166,0.0132,16000,1024,1091.77,0.8906,0.0983,0.0094,0.0018
2026-08-28T07:38:40.674+02:00,1000,1024,1024,1056,48,391,0,3236,0,264,0,1.6338,0.206,0.0861,2.4478,0.3431,0.7764,1.532,1.438,14.83,49.18,49.18,49.22,2.3621,0.2953,0.0997,147.46,147.69,98.73,0.0739,0.0411,0.0306,98.31,99.91,196.7,0.0451,0.0202,0.0175,16000,1024,849.09,0.8033,0.1867,0.008,0.002
2026-08-28T07:39:10.674+02:00,1000,1024,1024,1056,48,391,0,3236,0,264,0,1.6355,0.2069,0.0738,2.4661,0.3481,0.227,1.529,1.418,2.526,49.05,49.06,49.06,2.3206,0.2879,0.0886,147.15,147.16,98.28,0.0714,0.0382,0.027,53.38,99.96,147.3,0.0537,0.0202,0.0125,16000,1024,1132.16,0.7835,0.208,0.0065,0.002
2026-08-28T07:39:40.678+02:00,1000,1024,1024,1056,48,391,0,3236,0,264,0,1.6287,0.2076,0.0745,2.4154,0.3345,0.2025,1.524,1.4,2.456,49.18,49.17,49.2,2.3475,0.2963,0.0937,147.47,147.44,98.23,0.0741,0.0409,0.0286,98.49,99.82,147.56,0.0457,0.0211,0.0162,16000,1024,711.78,0.8153,0.1743,0.0076,0.0028
2026-08-28T07:40:10.677+02:00,1000,1024,1024,1056,48,391,0,3236,0,264,0,1.636,0.2094,0.0739,2.412,0.3498,0.202,1.528,1.429,2.382,49.15,49.15,49.18,2.3595,0.2985,0.0879,147.44,147.55,98.71,0.0729,0.0427,0.0316,53.22,99.83,147.65,0.0384,0.0204,0.02,16000,1024,672.78,0.8145,0.1676,0.0149,0.003
2026-08-28T07:40:40.677+02:00,1000,1024,1024,1056,48,391,0,3236,0,264,0,1.6708,0.2077,0.0799,2.4618,0.3386,0.2088,1.53,1.412,2.247,49.19,49.2,49.21,2.4205,0.2976,0.1024,147.53,147.56,98.17,0.0752,0.0445,0.0234,98.29,100.18,147.6,0.0435,0.0209,0.0164,16000,1024,961.78,0.7415,0.2436,0.0119,0.0029
2026-08-28T07:41:10.682+02:00,1000,1024,1024,1056,48,391,0,3236,0,264,0,1.6838,0.2062,0.0785,2.5087,0.3332,0.213,1.518,1.421,2.126,49.17,49.16,49.13,2.4315,0.2946,0.1024,147.44,147.58,98.51,0.067,0.0444,0.0265,98.22,99.99,196.56,0.0441,0.021,0.0134,16000,1024,4805.83,0.9846,0.0146,0.0006,0.0002
2026-08-28T07:41:40.676+02:00,1000,1024,1024,1056,48,391,0,3236,0,264,0,1.68,0.2075,0.0778,2.4912,0.364,0.2077,1.529,1.418,2.265,49.19,49.19,49.17,2.4331,0.2976,0.1008,147.55,147.6,98.59,0.072,0.0472,0.0322,98.37,100.12,147.5,0.0433,0.0217,0.014,16000,1024,1696.51,0.9559,0.0378,0.0046,0.0017
2026-08-28T07:42:10.677+02:00,1000,1024,1024,1056,48,391,0,3236,0,264,0,1.7028,0.2059,0.0796,2.54,0.3451,0.2283,1.525,1.404,2.192,49.19,49.18,49.17,2.467,0.2935,0.099,147.56,147.56,98.64,0.0765,0.0429,0.0219,98.42,99.75,196.75,0.0415,0.0173,0.0169,16000,1024,3678.06,0.9733,0.0251,0.0013,0.0003
2026-08-28T07:42:40.679+02:00,1000,1024,1024,1056,48,391,0,3236,0,264,0,1.7232,0.2084,0.0826,2.5665,0.3445,0.206,1.52,1.406,2.227,49.19,49.19,49.17,2.489,0.2964,0.1028,147.56,147.62,98.61,0.0744,0.0474,0.0334,98.46,99.86,196.47,0.0432,0.0197,0.016,16000,1024,1222.46,0.8965,0.0973,0.0045,0.0016
2026-08-28T07:43:10.678+02:00,1000,1024,1024,1056,48,391,1,3237,0,264,0,1.7337,0.2074,0.0842,2.6063,0.3403,0.2158,1.526,1.394,2.159,49.2,49.2,49.18,2.5111,0.2962,0.1106,147.56,147.57,98.45,0.0776,0.0539,0.0266,98.42,99.88,196.47,0.045,0.0185,0.0191,16000,1024,2346.58,0.9529,0.0442,0.0021,0.0009
2026-08-28T07:43:40.679+02:00,1000,1024,1024,1056,48,391,0,3237,0,264,0,1.7531,0.2069,0.0844,2.605,0.3383,0.2122,1.518,1.4,2.098,49.2,49.2,49.21,2.5405,0.296,0.1072,147.56,147.5,98.16,0.0772,0.0484,0.0311,98.46,99.96,147.65,0.0411,0.022,0.0177,16000,1024,3204.19,0.9454,0.0491,0.0043,0.0012
2026-08-28T07:44:10.682+02:00,1000,1024,1024,1056,48,391,0,3237,0,264,0,1.7619,0.2065,0.0923,2.6288,0.3526,0.7107,1.526,1.419,8.117,49.2,49.21,49.19,2.5564,0.2928,0.1115,147.56,147.42,98.33,0.0784,0.0486,0.0287,98.44,100.03,147.31,0.0461,0.0173,0.0141,16000,1024,613.32,0.5624,0.4159,0.0177,0.0039
2026-08-28T07:44:40.679+02:00,1000,1024,1024,1056,48,391,0,3237,0,264,0,1.7814,0.2075,0.0856,2.6794,0.3529,0.2103,1.527,1.403,2.291,49.16,49.16,49.17,2.5773,0.2939,0.1064,147.43,147.42,98.21,0.08,0.0518,0.0269,98.31,100.06,147.26,0.0502,0.0247,0.0166,16000,1024,733.47,0.7047,0.279,0.0135,0.0028
2026-08-28T07:45:10.680+02:00,1000,1024,1024,1056,48,391,0,3237,0,264,0,1.7803,0.2071,0.0876,2.6628,0.361,0.2379,1.524,1.409,2.03,49.19,49.2,49.18,2.5793,0.2954,0.1131,147.55,147.42,98.27,0.0804,0.047,0.0235,98.37,99.99,147.54,0.0455,0.0226,0.0169,16000,1024,1132.9,0.6027,0.3794,0.0147,0.0031
2026-08-28T07:45:40.680+02:00,1000,1024,1024,1056,48,391,1,3238,0,264,0,1.7934,0.2043,0.0863,2.6107,0.3283,0.2476,1.517,1.39,2.095,49.19,49.18,49.2,2.5452,0.286,0.1104,147.52,147.59,98.55,0.0747,0.0507,0.0293,31.27,100.04,147.43,0.0463,0.0176,0.0238,16000,1024,730.25,0.7237,0.2536,0.0175,0.0052
2026-08-28T07:46:10.680+02:00,1000,1024,1024,1056,48,391,1,3239,1,265,0,1.8053,0.2064,0.0923,2.6956,0.3437,0.6932,1.518,1.399,7.734,49.13,49.11,49.2,2.5893,0.2905,0.1146,147.29,147.23,97.83,0.0734,0.0462,0.0232,98.27,99.89,147.29,0.052,0.0186,0.0195,16000,1024,1263.42,0.7455,0.2408,0.0116,0.0021
2026-08-28T07:46:40.681+02:00,1000,1024,1024,1056,48,391,0,3239,0,265,0,1.7952,0.2053,0.0847,2.6417,0.3533,0.2186,1.521,1.409,2.17,49.18,49.18,49.21,2.5917,0.2937,0.11,147.49,147.52,98.45,0.0787,0.0496,0.0317,98.28,100.03,147.37,0.0479,0.0171,0.0162,16000,1024,884.06,0.7779,0.2141,0.0068,0.0012
2026-08-28T07:47:10.681+02:00,1000,1024,1024,1056,48,391,0,3239,0,265,0,1.8404,0.2054,0.086,2.7063,0.3474,0.2399,1.515,1.416,2.254,49.2,49.21,49.19,2.6598,0.2937,0.1089,147.55,147.44,98.31,0.0764,0.0546,0.023,98.46,99.94,147.57,0.0471,0.0203,0.0187,16000,1024,888.38,0.7492,0.2364,0.0124,0.002
2026-08-28T07:47:40.682+02:00,1000,1024,1024,1056,48,391,0,3239,0,265,0,1.8501,0.2087,0.088,2.7172,0.3549,0.241,1.512,1.396,2.153,49.19,49.18,49.19,2.6652,0.2968,0.1098,147.57,147.58,98.28,0.0791,0.0525,0.03,98.39,99.95,147.72,0.0483,0.0201,0.0172,16000,1024,943.33,0.841,0.1474,0.0088,0.0028
2026-08-28T07:48:10.684+02:00,1000,1024,1024,1056,48,391,0,3239,0,265,0,1.8898,0.2022,0.0939,2.8013,0.3427,0.2501,1.518,1.396,2.008,49.15,49.15,49.18,2.7213,0.2885,0.1234,147.39,147.32,98.4,0.0829,0.0504,0.0236,98.25,100.02,147.44,0.0475,0.0246,0.0128,16000,1024,888.1,0.7489,0.2421,0.0069,0.0021
2026-08-28T07:48:40.684+02:00,1000,1024,1024,1056,48,391,0,3239,0,265,0,1.9001,0.206,0.0935,2.8262,0.3739,0.2119,1.518,1.407,1.975,49.12,49.12,49.1,2.7118,0.2893,0.123,147.41,147.44,98.37,0.0765,0.0536,0.0303,54.2,100.02,147.61,0.0412,0.0193,0.0199,16000,1024,1395.74,0.8168,0.1737,0.0069,0.0027
2026-08-28T07:49:10.682+02:00,1000,1024,1024,1056,48,391,0,3239,0,265,0,1.8983,0.204,0.0961,2.8221,0.3358,0.2194,1.512,1.401,1.894,49.19,49.21,49.16,2.7447,0.2907,0.1247,147.5,147.43,98.35,0.0769,0.0535,0.0225,98.5,100.16,147.32,0.0474,0.0209,0.0194,16000,1024,1825.45,0.9215,0.0725,0.0048,0.0012
2026-08-28T07:49:40.682+02:00,1000,1024,1024,1056,48,391,0,3239,0,265,0,1.9193,0.2079,0.0953,2.8419,0.335,0.2184,1.512,1.39,1.891,49.2,49.2,49.17,2.7751,0.2954,0.1242,147.53,147.59,98.35,0.0802,0.0528,0.0336,98.44,100.07,147.65,0.0556,0.0218,0.0192,16000,1024,2662.48,0.9511,0.0408,0.0065,0.0016
2026-08-28T07:50:10.684+02:00,1000,1024,1024,1056,48,391,0,3239,0,265,0,1.9225,0.207,0.096,2.8453,0.3309,0.2369,1.514,1.383,1.917,49.2,49.2,49.2,2.7852,0.2961,0.1248,147.56,147.55,98.43,0.078,0.0571,0.0335,98.32,100.17,147.65,0.0525,0.018,0.0188,16000,1024,1133.44,0.8163,0.1747,0.007,0.002
2026-08-28T07:50:40.685+02:00,1000,1024,1024,1056,48,391,1,3240,0,265,0,1.9242,0.207,0.0958,2.817,0.3323,0.2324,1.51,1.386,1.937,49.12,49.13,49.07,2.6653,0.2794,0.1208,42.5,147.21,98.08,0.1438,0.052,0.0243,38.57,39.39,147.34,0.133,0.0229,0.0176,16000,1024,4098.75,0.9773,0.0208,0.0015,0.0003
2026-08-28T07:51:10.685+02:00,1000,1024,1024,1056,48,391,0,3240,0,265,0,1.921,0.2073,0.0978,2.858,0.3297,0.2169,1.512,1.374,1.937,49.16,49.16,49.15,2.7763,0.2929,0.1298,147.35,147.39,98.21,0.0782,0.0555,0.0314,98.33,99.79,147.4,0.0512,0.0228,0.0184,16000,1024,1930.21,0.9025,0.0911,0.0053,0.0011
2026-08-28T07:51:40.684+02:00,1000,1024,1024,1056,48,391,1,3241,0,265,0,1.9167,0.2053,0.0969,2.8611,0.3276,0.267,1.52,1.382,2.028,49.09,49.1,49.08,2.6832,0.28,0.1198,53.85,147.23,98.14,0.1047,0.0569,0.0326,38.95,99.89,147.28,0.0988,0.0211,0.0183,16000,1024,1603.19,0.8596,0.1261,0.0116,0.0026
2026-08-28T07:52:10.685+02:00,1000,1024,1024,1056,48,391,0,3241,0,265,0,1.9251,0.2028,0.0946,2.8439,0.3212,0.2323,1.519,1.383,1.918,49.04,49.03,49.04,2.731,0.2798,0.1237,147.04,147.13,98.73,0.0793,0.0522,0.0238,54.2,99.79,195.99,0.0515,0.0192,0.0198,16000,1024,2340.66,0.9407,0.056,0.0026,0.0008
2026-08-28T07:52:40.685+02:00,1000,1024,1024,1056,48,391,0,3241,0,265,0,1.9552,0.2043,0.0986,2.876,0.3263,0.2399,1.51,1.376,1.895,49.09,49.08,49.12,2.7901,0.2867,0.1303,147.25,147.3,98.43,0.0748,0.0539,0.0287,44.43,99.66,147.17,0.0508,0.022,0.0169,16000,1024,1517.59,0.8481,0.1393,0.0097,0.0029
2026-08-28T07:53:10.688+02:00,1000,1024,1024,1056,48,391,0,3241,0,265,0,1.9927,0.2048,0.1117,2.9354,0.321,0.7565,1.509,1.383,7.653,49.06,49.05,49.07,2.8194,0.2845,0.1326,147.14,147.2,98.37,0.0741,0.0571,0.0301,54.2,99.69,147.32,0.0477,0.0236,0.0227,16000,1024,1500.1,0.8696,0.1186,0.0093,0.0025
2026-08-28T07:53:40.687+02:00,1000,1024,1024,1056,48,391,0,3241,0,265,0,2.0147,0.2065,0.1038,2.9807,0.3251,0.2397,1.511,1.385,1.855,49.19,49.18,49.19,2.9199,0.2932,0.1398,147.52,147.59,98.65,0.0769,0.0594,0.0251,98.22,100.05,147.34,0.0556,0.0202,0.0169,16000,1024,1026.31,0.8352,0.1535,0.0094,0.002
2026-08-28T07:54:10.686+02:00,1000,1024,1024,1056,48,391,0,3241,0,265,0,0.0225,0.0214,0.1107,0.0676,0.0693,0.7283,2.767,2.677,24.18,187.95,53.35,140.7,0.0081,0.007,0.0526,61.43,205.56,2.92,0.0067,0.0067,0.0464,99.57,58.23,279.99,0.0062,0.0067,0.0464,16000,1024,436.71,0.8659,0.1205,0.0109,0.0026
2026-08-28T07:54:40.687+02:00,1000,1024,1024,1056,48,391,0,3241,0,265,0,0.0236,0.0198,0.0304,0.0789,0.0664,0.1081,3.045,2.891,3.009,62.96,56.23,127.87,0.0088,0.0079,0.0102,8.74,94.9,92.94,0.0073,0.0074,0.009,126.11,41.14,67.09,0.0068,0.0058,0.0084,16000,1024,498.71,0.9686,0.0239,0.0064,0.0011
2026-08-28T07:55:10.689+02:00,1000,1024,1024,1056,48,391,0,3241,0,265,0,0.0241,0.0203,0.0307,0.0809,0.0676,0.0995,3.005,2.959,2.801,40.54,75.14,59.66,0.0109,0.007,0.0094,45.66,1.6,140.31,0.0074,0.007,0.0093,20.89,124.96,161.46,0.0079,0.0063,0.0092,16000,1024,1171.84,0.9929,0.0046,0.0021,0.0003
2026-08-28T07:55:40.689+02:00,1000,1024,1024,1056,48,391,0,3241,0,265,0,0.0225,0.0194,0.033,0.073,0.0609,0.0932,2.823,2.971,2.844,96.93,12.66,149.88,0.0077,0.0067,0.011,56.7,220.07,87.08,0.0061,0.0065,0.0105,197.34,128.45,225.25,0.006,0.0061,0.0086,16000,1024,2330.01,0.9951,0.0035,0.0012,0.0002
2026-08-28T07:56:10.688+02:00,1000,1024,1024,1056,48,391,0,3241,0,265,0,0.0225,0.021,0.0326,0.0774,0.0726,0.0924,2.903,3.02,2.976,96.03,80.83,101.85,0.0081,0.0082,0.0104,53.83,53.91,156.15,0.0078,0.0063,0.0099,41.25,37.15,30.54,0.0072,0.0055,0.0094,16000,1024,1155.72,0.9727,0.0234,0.0033,0.0006
2026-08-28T07:56:40.689+02:00,1000,1024,1024,1056,48,391,0,3241,0,265,0,0.0226,0.0191,0.0305,0.0751,0.0645,0.0975,3.112,3.101,2.75,71.04,166.19,136.82,0.0075,0.006,0.011,114.9,63.45,37.21,0.0071,0.0057,0.0108,26.45,140.61,190.61,0.006,0.0056,0.0094,16000,1024,1807.48,0.9945,0.0043,0.001,0.0001
2026-08-28T07:57:10.689+02:00,1000,1024,1024,1056,48,391,1,3242,0,265,0,0.0246,0.0207,0.0323,0.0788,0.067,0.0964,3.057,2.808,2.979,50.49,56.86,4.15,0.007,0.0085,0.0095,27.02,96.78,173.2,0.0068,0.0072,0.0093,71.54,112.76,116.86,0.0068,0.0068,0.0091,16000,1024,912.76,0.981,0.0151,0.0034,0.0005
2026-08-28T07:57:40.690+02:00,1000,1024,1024,1056,48,391,1,3243,0,265,0,0.0225,0.0212,0.0311,0.0651,0.0666,0.0965,2.91,2.817,2.897,153.28,119.55,64.75,0.007,0.0068,0.0103,16.63,42.29,5.15,0.0065,0.0068,0.0098,2.68,140.5,57.47,0.0062,0.0063,0.0091,16000,1024,861.13,0.9685,0.028,0.0031,0.0005
2026-08-28T07:58:10.690+02:00,1000,1024,1024,1056,48,391,0,3243,0,265,0,0.0237,0.0212,0.031,0.086,0.0739,0.0945,3.082,2.873,2.761,184.52,38.9,128.21,0.0089,0.0082,0.0111,24.81,8.94,84.63,0.0074,0.0067,0.0102,257.89,18.28,167.29,0.0065,0.0065,0.0089,16000,1024,888.4,0.9741,0.0195,0.0058,0.0006
2026-08-28T07:58:40.690+02:00,1000,1024,1024,1056,48,391,1,3244,0,265,0,0.0246,0.0211,0.0325,0.0897,0.0619,0.1266,3.269,2.853,3.38,46.71,49.67,78.14,0.0079,0.0063,0.0111,74.41,67.56,98.09,0.0072,0.0058,0.0119,66.46,173.2,85.08,0.0068,0.0059,0.0092,16000,1024,931.72,0.9637,0.0214,0.0144,0.0005
2026-08-28T07:59:10.692+02:00,1000,1024,1024,1056,48,391,0,3244,0,265,0,0.0241,0.0214,0.0325,0.0776,0.0653,0.1047,2.921,3.082,3.095,25.48,130.62,42.78,0.0083,0.0072,0.011,112.38,43.54,66.55,0.0076,0.0067,0.0106,10.36,104.67,192.97,0.0071,0.0061,0.0096,16000,1024,343.3,0.9614,0.0308,0.0067,0.001
2026-08-28T07:59:40.696+02:00,1000,1024,1024,1056,48,391,0,3244,0,265,0,0.0231,0.0203,0.0315,0.07,0.0666,0.1093,2.733,2.964,3.264,129.11,37.62,124.94,0.0084,0.008,0.01,163.1,8.59,44.63,0.0078,0.0059,0.0088,42.98,89.56,148.05,0.0068,0.0055,0.0083,16000,1024,1484.96,0.9788,0.0158,0.0045,0.0009
2026-08-28T08:00:10.691+02:00,1000,1024,1024,1056,48,391,0,3244,0,265,0,0.0222,0.0199,0.0484,0.0731,0.0884,0.7213,2.946,3.184,93.508,173.38,10.4,70.12,0.009,0.0069,0.0158,63.16,114.82,126.04,0.0067,0.0072,0.0139,106.58,128.18,6.86,0.0064,0.0057,0.0138,16000,1024,577.95,0.9693,0.0215,0.0084,0.0009
2026-08-28T08:00:40.697+02:00,1000,1024,1024,1056,48,391,0,3244,0,265,0,0.0219,0.0206,0.0466,0.0758,0.0752,0.7194,3.627,3.131,110.67,54.43,198.16,41.4,0.0077,0.0059,0.0127,84.67,58.88,215.37,0.0066,0.0057,0.011,25.14,186.06,8.4,0.0064,0.0058,0.0104,16000,1024,1263.92,0.9852,0.0127,0.0019,0.0003
2026-08-28T08:01:10.692+02:00,1000,1024,1024,1056,48,391,0,3244,0,265,0,0.0228,0.0204,0.0474,0.079,0.0749,0.704,2.912,3.492,95.924,98.39,178.43,23.6,0.0072,0.0068,0.0159,103.92,69.21,137.44,0.0072,0.0067,0.0153,2.96,19.69,87.2,0.0064,0.0066,0.0147,16000,1024,1474.88,0.9751,0.0231,0.0015,0.0003
2026-08-28T08:01:40.692+02:00,1000,1024,1024,1056,48,391,0,3244,0,265,0,0.0235,0.021,0.0299,0.0733,0.0712,0.1072,2.687,2.909,3.014,25.26,123.65,85.8,0.0088,0.0084,0.009,104.51,58.45,74.11,0.007,0.0078,0.0075,151.75,82.23,104.22,0.0075,0.0068,0.0074,16000,1024,4969.1,0.9898,0.0078,0.0019,0.0004
2026-08-28T08:02:10.693+02:00,1000,1024,1024,1056,48,391,0,3244,0,265,0,0.0226,0.0217,0.0311,0.0829,0.0809,0.0963,2.896,2.8,2.85,144.59,148.18,139.86,0.0067,0.0077,0.0102,1.46,126.27,166.69,0.0069,0.0061,0.0097,54.53,67.39,52.36,0.0062,0.0059,0.0096,16000,1024,600.69,0.4426,0.2374,0.3085,0.0116
2026-08-28T08:02:40.694+02:00,1000,1024,1024,1056,48,391,0,3244,0,265,0,0.0253,0.0204,0.0316,0.0802,0.0738,0.0903,3.146,2.975,2.54,26.17,176.15,107.03,0.0074,0.008,0.0123,41.15,165.31,20.95,0.0071,0.0077,0.0109,59.59,246.07,49.25,0.0068,0.0065,0.0087,16000,1024,3200.01,0.9977,0.0018,0.0004,0.0001
2026-08-28T08:03:10.695+02:00,1000,1024,1024,1056,48,391,1,3245,0,265,0,0.0224,0.0212,0.0448,0.0746,0.0767,0.6898,2.803,3.042,111.273,128.96,132.5,94.45,0.0066,0.0068,0.0149,123.51,27.04,231.21,0.0069,0.0062,0.0124,93.62,37.75,221.82,0.0065,0.0059,0.0121,16000,1024,3828.95,0.998,0.0017,0.0003,0.0
2026-08-28T08:03:40.695+02:00,1000,1024,1024,1056,48,391,0,3245,0,265,0,0.0246,0.0223,0.0681,0.0875,0.099,0.7473,3.373,4.071,71.241,5.97,55.76,34.1,0.0081,0.0079,0.0231,149.25,7.59,109.14,0.0075,0.0068,0.0232,194.42,128.85,94.01,0.0074,0.0066,0.0192,16000,1024,1510.68,0.978,0.0161,0.0048,0.0011
2026-08-28T08:04:10.694+02:00,1000,1024,1024,1056,48,391,0,3245,0,265,0,0.0235,0.0212,0.0313,0.0779,0.0699,0.0992,2.927,3.051,2.992,90.09,80.38,67.81,0.007,0.0062,0.0099,32.52,33.87,164.84,0.0067,0.0059,0.0089,146.31,19.72,103.28,0.0064,0.0055,0.0088,16000,1024,627.23,0.9269,0.0604,0.0112,0.0016
2026-08-28T08:04:40.696+02:00,1000,1024,1024,1056,48,391,0,3245,0,265,0,0.0248,0.0206,0.0321,0.086,0.0682,0.1045,3.12,3.026,2.937,143.67,124.82,5.62,0.0066,0.0067,0.0099,182.65,21.63,31.5,0.0065,0.0066,0.009,112.37,151.5,55.52,0.0064,0.0055,0.0087,16000,1024,702.56,0.9873,0.0092,0.003,0.0005
2026-08-28T08:05:10.699+02:00,1000,1024,1024,1056,48,392,0,3245,0,265,0,0.0241,0.022,0.0607,0.0775,0.0918,0.7366,2.897,3.661,80.848,49.88,6.76,70.97,0.0074,0.0062,0.0141,218.33,117.69,36.59,0.0077,0.0076,0.0143,38.32,74.01,66.49,0.0059,0.0061,0.0111,16000,1024,502.7,0.9579,0.0345,0.0067,0.001
2026-08-28T08:05:40.696+02:00,1000,1024,1024,1056,48,392,0,3245,0,265,0,0.0233,0.0192,0.0314,0.0757,0.0643,0.1105,2.963,2.896,3.097,137.79,117.7,167.99,0.0075,0.0076,0.0102,151.58,5.56,66.72,0.0073,0.0065,0.0094,14.7,37.68,154.04,0.0067,0.0065,0.0086,16000,1024,1361.51,0.978,0.017,0.0044,0.0006
2026-08-28T08:06:10.697+02:00,1000,1024,1024,1056,48,392,1,3246,1,266,0,0.0238,0.0195,0.0329,0.0904,0.0793,0.112,2.983,2.979,2.866,89.02,34.97,109.04,0.0075,0.0065,0.012,234.3,77.84,35.2,0.0065,0.0058,0.0113,30.33,63.18,4.68,0.0065,0.0054,0.0095,16000,1024,397.51,0.8072,0.0964,0.0554,0.041
2026-08-28T08:06:40.696+02:00,1000,1024,1024,1056,48,392,0,3246,0,266,0,0.0233,0.0218,0.0328,0.0881,0.0726,0.1144,2.802,3.156,3.021,166.15,35.12,49.84,0.0072,0.0091,0.0103,289.69,15.46,56.42,0.0076,0.007,0.0089,13.67,3.87,153.48,0.0067,0.0065,0.0087,16000,1024,352.2,0.9431,0.0487,0.0067,0.0014
2026-08-28T08:07:10.697+02:00,1000,1024,1024,1056,48,392,0,3246,0,266,0,0.0218,0.0205,0.0459,0.0789,0.0732,0.6988,3.09,3.515,99.992,1.46,197.03,76.38,0.0063,0.0062,0.0159,119.96,132.37,94.87,0.006,0.0062,0.0147,21.29,117.19,114.52,0.0057,0.0057,0.0143,16000,1024,890.99,0.9638,0.0246,0.011,0.0006
2026-08-28T08:07:40.697+02:00,1000,1024,1024,1056,48,392,0,3246,0,266,0,0.0225,0.0206,0.0321,0.0853,0.0717,0.1173,3.508,3.153,3.139,84.62,124.15,157.33,0.0065,0.0075,0.0127,53.12,76.73,12.64,0.0064,0.0071,0.0104,3.52,213.7,57.81,0.0061,0.0067,0.0099,16000,1024,944.27,0.9449,0.0447,0.0088,0.0017
2026-08-28T08:08:10.697+02:00,1000,1024,1024,1056,48,392,0,3246,0,266,0,0.0228,0.0213,0.0331,0.0802,0.0767,0.1003,2.938,3.094,2.867,16.77,3.67,21.78,0.0078,0.0067,0.0115,189.19,33.46,116.11,0.0059,0.0065,0.0095,64.63,130.7,81.69,0.0057,0.0064,0.0098,16000,1024,869.12,0.9796,0.0155,0.0045,0.0004
2026-08-28T08:08:40.699+02:00,1000,1024,1024,1056,48,392,1,3247,0,266,0,0.0243,0.0197,0.0313,0.0763,0.0668,0.1004,2.809,3.035,3.04,81.15,114.01,157.16,0.0075,0.0061,0.0096,128.87,252.12,84.94,0.0072,0.0057,0.0092,318.45,195.92,4.31,0.0063,0.0064,0.0092,16000,1024,522.22,0.9763,0.0188,0.0043,0.0006
2026-08-28T08:09:10.699+02:00,1000,1024,1024,1056,48,392,0,3247,0,266,0,0.0232,0.0199,0.0328,0.0865,0.0697,0.092,3.342,3.271,2.571,32.95,28.02,31.53,0.0072,0.0065,0.0121,90.82,5.55,153.13,0.0068,0.0059,0.0113,131.99,223.33,2.22,0.0068,0.0058,0.0094,16000,1024,635.7,0.9609,0.0322,0.0058,0.0011
2026-08-28T08:09:40.699+02:00,1000,1024,1024,1056,48,392,1,3248,0,266,0,0.0231,0.0197,0.0314,0.0816,0.0531,0.1089,3.165,2.611,2.703,98.64,94.48,42.57,0.0072,0.0078,0.0106,45.75,13.59,22.94,0.0065,0.0067,0.01,205.45,70.9,123.57,0.0071,0.0059,0.0105,16000,1024,1668.57,0.9719,0.0226,0.0044,0.001
2026-08-28T08:10:10.699+02:00,1000,1024,1024,1056,48,392,0,3248,0,266,0,0.0237,0.0222,0.0731,0.0725,0.0954,0.7156,3.048,3.11,60.725,186.19,178.9,127.3,0.0084,0.0081,0.0143,8.8,49.83,29.03,0.0068,0.0073,0.012,221.82,108.76,66.43,0.0069,0.0071,0.0102,16000,1024,720.05,0.9732,0.0208,0.0054,0.0006
2026-08-28T08:10:40.701+02:00,1000,1024,1024,1056,48,392,0,3248,0,266,0,0.0235,0.0224,0.0311,0.0935,0.0614,0.1285,3.265,2.564,3.263,50.38,92.12,51.89,0.0083,0.0069,0.0092,12.6,113.92,81.37,0.0074,0.0067,0.0092,44.77,57.79,243.4,0.0073,0.0065,0.0088,16000,1024,769.13,0.9726,0.0226,0.0042,0.0007
2026-08-28T08:11:10.700+02:00,1000,1024,1024,1056,48,392,0,3248,0,266,0,0.0245,0.0223,0.0307,0.088,0.082,0.0943,2.994,2.789,2.893,94.51,33.14,200.98,0.0076,0.0092,0.0109,120.26,27.15,16.96,0.0072,0.0083,0.0105,147.61,21.97,121.43,0.0064,0.0086,0.0099,16000,1024,457.86,0.9354,0.05,0.0129,0.0017
2026-08-28T08:11:40.700+02:00,1000,1024,1024,1056,48,392,0,3248,0,266,0,0.0228,0.0212,0.0311,0.0796,0.0626,0.0965,3.126,2.957,2.666,99.15,27.83,72.81,0.0069,0.0071,0.0103,61.56,226.39,26.89,0.0061,0.0061,0.0102,67.09,89.77,45.82,0.0061,0.0058,0.0092,16000,1024,2153.82,0.9637,0.0292,0.0057,0.0014
2026-08-28T08:12:10.702+02:00,1000,1024,1024,1056,48,392,0,3248,0,266,0,0.0225,0.0206,0.0325,0.0764,0.0736,0.1243,2.898,3.103,2.936,88.8,114.22,3.52,0.0079,0.0066,0.0103,234.12,271.71,59.81,0.0075,0.0063,0.0102,102.86,79.49,127.76,0.0064,0.0064,0.0095,16000,1024,1353.67,0.9895,0.0084,0.0018,0.0002
2026-08-28T08:12:40.701+02:00,1000,1024,1024,1056,48,392,0,3248,0,266,0,0.0226,0.0214,0.0338,0.0805,0.0699,0.1032,2.799,2.977,2.808,187.17,96.44,89.88,0.0077,0.0083,0.0122,13.67,24.43,3.63,0.0069,0.0075,0.0107,83.63,52.49,43.13,0.0066,0.0071,0.0101,16000,1024,325.2,0.9214,0.063,0.0138,0.0018
2026-08-28T08:13:10.702+02:00,1000,1024,1024,1056,48,392,0,3248,0,266,0,0.0228,0.0207,0.0407,0.0765,0.0843,0.5732,2.93,3.458,80.41,78.35,4.58,193.53,0.0074,0.0075,0.0136,4.7,37.09,138.35,0.0063,0.006,0.01,100.44,164.6,184.1,0.0061,0.006,0.0101,16000,1024,1487.46,0.9923,0.0062,0.0014,0.0002
2026-08-28T08:13:40.703+02:00,1000,1024,1024,1056,48,392,0,3248,0,266,0,0.0231,0.0197,0.0581,0.084,0.0827,0.7217,3.004,3.811,85.07,49.54,125.4,95.81,0.0094,0.0071,0.0167,57.92,42.78,28.17,0.006,0.0066,0.0166,143.01,90.35,78.25,0.0061,0.0073,0.0166,16000,1024,1403.51,0.9964,0.0025,0.001,0.0001
2026-08-28T08:14:10.703+02:00,1000,1024,1024,1056,48,392,1,3249,0,266,0,0.0233,0.0211,0.0555,0.0805,0.0807,0.7062,3.046,2.945,93.546,38.96,72.47,35.8,0.0082,0.0075,0.0161,29.04,34.67,83.93,0.0067,0.0079,0.0138,113.09,120.35,122.01,0.0066,0.0068,0.0135,16000,1024,475.19,0.9753,0.0205,0.0033,0.0008
2026-08-28T08:14:40.703+02:00,1000,1024,1024,1056,48,392,0,3249,0,266,0,0.0216,0.0203,0.0323,0.0742,0.0655,0.118,2.924,3.019,3.232,79.17,45.51,41.77,0.0079,0.0081,0.009,240.28,33.77,49.32,0.0057,0.007,0.01,114.19,67.68,14.39,0.0056,0.0064,0.0087,16000,1024,693.78,0.9807,0.0141,0.0048,0.0004
2026-08-28T08:15:10.705+02:00,1000,1024,1024,1056,48,392,0,3249,0,266,0,0.0231,0.0218,0.0666,0.0718,0.0829,0.704,2.624,3.267,66.342,88.21,22.42,249.26,0.0086,0.0082,0.0193,53.51,65.86,126.43,0.0076,0.0082,0.0207,158.25,150.57,50.82,0.0069,0.0069,0.0175,16000,1024,694.49,0.9255,0.0649,0.0087,0.0009
2026-08-28T08:15:40.706+02:00,1000,1024,1024,1056,48,392,1,3250,1,267,0,0.0229,0.0203,0.0335,0.0748,0.0634,0.0967,3.056,2.823,2.684,70.56,5.71,64.61,0.008,0.0077,0.0112,224.03,35.57,59.63,0.008,0.0081,0.0104,43.82,95.65,160.87,0.0062,0.0063,0.0097,16000,1024,456.25,0.9481,0.0412,0.0096,0.0011
2026-08-28T08:16:10.711+02:00,1000,1024,1024,1056,48,392,0,3250,0,267,0,0.024,0.0204,0.0292,0.0825,0.0606,0.0865,2.901,2.83,2.732,99.94,8.84,76.8,0.0065,0.006,0.0103,121.46,22.68,69.42,0.007,0.0058,0.0084,131.1,83.96,139.94,0.0061,0.0049,0.0081,16000,1024,525.89,0.9532,0.0355,0.01,0.0012
2026-08-28T08:16:40.706+02:00,1000,1024,1024,1056,48,392,0,3250,0,267,0,0.0251,0.0213,0.0316,0.0907,0.077,0.0905,3.162,3.119,2.602,8.83,75.69,148.79,0.0086,0.0079,0.0123,90.12,94.38,99.52,0.007,0.0067,0.01,122.11,84.6,19.12,0.0067,0.0056,0.0096,16000,1024,750.9,0.9738,0.0203,0.0052,0.0007
2026-08-28T08:17:10.706+02:00,1000,1024,1024,1056,48,392,0,3250,0,267,0,0.0235,0.0206,0.0448,0.0757,0.07,0.6808,2.844,3.129,106.015,8.79,11.59,128.61,0.0076,0.0063,0.0135,68.5,171.87,21.56,0.0072,0.0061,0.0127,44.77,208.96,27.19,0.0062,0.006,0.0117,16000,1024,630.73,0.9853,0.0107,0.0035,0.0004
2026-08-28T08:17:40.707+02:00,1000,1024,1024,1056,48,392,0,3250,0,267,0,0.0244,0.0225,0.0894,0.0946,0.0864,0.7144,3.16,3.332,42.178,148.41,43.7,362.43,0.0086,0.0084,0.0173,102.14,152.44,124.15,0.0082,0.0073,0.0163,210.42,27.23,143.48,0.0078,0.0069,0.0156,16000,1024,716.14,0.9784,0.0175,0.0035,0.0006
2026-08-28T08:18:10.706+02:00,1000,1024,1024,1056,48,392,0,3250,0,267,0,0.021,0.0204,0.0445,0.0713,0.071,0.6816,2.912,3.177,107.604,12.74,118.45,89.83,0.0065,0.0061,0.0112,8.1,34.33,37.31,0.0056,0.006,0.011,254.6,48.13,75.5,0.0057,0.0055,0.0108,16000,1024,1565.01,0.9809,0.0161,0.0027,0.0002
2026-08-28T08:18:40.706+02:00,1000,1024,1024,1056,48,392,0,3250,0,267,0,0.0225,0.0202,0.0307,0.0717,0.065,0.112,2.794,2.87,3.288,147.29,40.98,38.12,0.0081,0.0062,0.0117,64.59,160.88,2.3,0.0075,0.006,0.0101,72.49,174.07,190.75,0.0067,0.0057,0.0092,16000,1024,2232.01,0.9951,0.0039,0.0009,0.0001
2026-08-28T08:19:10.706+02:00,1000,1024,1024,1056,48,392,0,3250,0,267,0,0.0227,0.0212,0.0811,0.09,0.0796,0.694,3.378,3.38,48.888,77.84,200.19,19.57,0.0071,0.0067,0.0192,39.29,128.67,261.77,0.0068,0.0063,0.0192,57.95,45.33,297.91,0.0062,0.0067,0.0185,16000,1024,751.46,0.9648,0.0288,0.0057,0.0006
2026-08-28T08:19:40.706+02:00,1000,1024,1024,1056,48,392,0,3250,0,267,0,0.0225,0.0213,0.032,0.0716,0.0805,0.0955,2.869,3.149,2.764,146.28,104.53,91.76,0.007,0.0065,0.0106,212.69,1.65,200.45,0.0069,0.0064,0.0096,16.81,59.48,31.66,0.0065,0.0059,0.0094,16000,1024,800.71,0.9744,0.0198,0.005,0.0007
2026-08-28T08:20:10.707+02:00,1000,1024,1024,1056,48,392,0,3250,0,267,0,0.0232,0.021,0.0309,0.0888,0.0697,0.096,3.16,3.236,2.794,25.21,177.21,86.37,0.0066,0.0073,0.0099,63.33,132.48,115.27,0.0064,0.0061,0.0089,220.14,73.25,26.08,0.0064,0.0058,0.0091,16000,1024,1045.03,0.9885,0.0102,0.0012,0.0002
2026-08-28T08:20:40.708+02:00,1000,1024,1024,1056,48,392,0,3250,0,267,0,0.0251,0.0213,0.0738,0.0802,0.0932,0.7191,2.948,3.862,58.712,73.76,103.9,142.25,0.0097,0.0064,0.0129,55.01,43.24,150.5,0.0086,0.0055,0.0102,82.14,70.28,183.0,0.0078,0.0053,0.0108,16000,1024,687.53,0.9905,0.0062,0.0029,0.0004
2026-08-28T08:21:10.708+02:00,1000,1024,1024,1056,48,392,0,3250,0,267,0,0.0223,0.021,0.0316,0.0621,0.0726,0.0996,2.634,2.982,2.764,62.74,65.3,77.8,0.0083,0.0072,0.0126,159.54,30.58,31.44,0.0077,0.0063,0.0114,88.73,133.45,171.15,0.0073,0.0065,0.0115,16000,1024,2241.67,0.9922,0.0066,0.0011,0.0001
2026-08-28T08:21:40.708+02:00,1000,1024,1024,1056,48,392,0,3250,0,267,0,0.0235,0.0198,0.0309,0.0882,0.0602,0.112,3.029,2.595,3.032,90.95,39.75,95.04,0.0079,0.0065,0.0101,76.87,176.13,165.89,0.0065,0.0063,0.0092,146.82,81.79,59.66,0.0062,0.0053,0.0084,16000,1024,1371.15,0.9804,0.014,0.0048,0.0008
2026-08-28T08:22:10.710+02:00,1000,1024,1024,1056,48,392,0,3250,0,267,0,0.0228,0.0226,0.0295,0.0746,0.0891,0.1063,3.067,3.296,3.12,80.15,57.42,198.02,0.0075,0.0086,0.0096,57.96,77.91,4.87,0.0064,0.0067,0.009,69.19,72.0,15.27,0.0059,0.0068,0.0092,16000,1024,1538.43,0.9927,0.0057,0.0014,0.0002
2026-08-28T08:22:40.709+02:00,1000,1024,1024,1056,48,392,0,3250,0,267,0,0.023,0.0203,0.031,0.0828,0.0611,0.1116,3.212,2.762,2.915,69.55,197.59,136.99,0.0083,0.0066,0.0128,145.25,64.81,150.72,0.0078,0.0061,0.0092,9.13,90.15,163.32,0.0067,0.0059,0.0086,16000,1024,427.69,0.9078,0.077,0.012,0.0032
2026-08-28T08:23:10.710+02:00,1000,1024,1024,1056,48,392,0,3250,0,267,0,0.0227,0.0202,0.0579,0.0856,0.078,0.7301,3.336,3.163,86.524,304.01,39.7,74.08,0.0067,0.0075,0.0174,99.9,66.43,46.92,0.0068,0.006,0.0155,112.93,77.36,89.09,0.0067,0.006,0.0156,16000,1024,1269.51,0.9928,0.0057,0.0013,0.0002
2026-08-28T08:23:40.712+02:00,1000,1024,1024,1056,48,392,0,3250,0,267,0,0.0236,0.02,0.0315,0.0931,0.0613,0.1126,2.881,2.814,3.007,59.28,40.13,67.83,0.007,0.0067,0.0103,45.26,67.35,42.19,0.0069,0.0059,0.009,15.9,6.98,158.65,0.0065,0.0052,0.0102,16000,1024,1675.85,0.9875,0.0093,0.0027,0.0005
2026-08-28T08:24:10.710+02:00,1000,1024,1024,1056,48,392,1,3251,0,267,0,0.0219,0.022,0.0333,0.0734,0.0853,0.1027,3.103,3.151,2.829,41.23,124.26,129.14,0.0089,0.0074,0.0129,9.75,62.85,63.72,0.0071,0.0073,0.0105,1.75,176.56,157.97,0.0061,0.0059,0.0099,16000,1024,1751.78,0.9916,0.0068,0.0014,0.0002
2026-08-28T08:24:40.712+02:00,1000,1024,1024,1056,48,392,0,3251,0,267,0,0.0235,0.0207,0.0317,0.0812,0.0752,0.105,3.037,3.021,2.893,109.23,44.35,68.05,0.0091,0.0062,0.0116,176.53,89.42,116.27,0.0072,0.0059,0.0109,193.9,68.54,202.3,0.0079,0.0055,0.0087,16000,1024,2240.03,0.9916,0.0074,0.0008,0.0001
2026-08-28T08:25:10.711+02:00,1000,1024,1024,1056,48,392,0,3251,0,267,0,0.0221,0.0202,0.0323,0.0797,0.0574,0.1015,2.97,2.915,2.74,148.88,61.56,79.56,0.0094,0.0064,0.0121,119.03,169.22,56.25,0.007,0.0066,0.0102,194.17,120.04,32.6,0.0067,0.0057,0.0095,16000,1024,474.35,0.9584,0.0322,0.0084,0.001
2026-08-28T08:25:40.711+02:00,1000,1024,1024,1056,48,392,0,3251,0,267,0,0.0233,0.0231,0.0945,0.0745,0.0904,0.7053,2.912,3.993,36.878,94.59,66.15,30.83,0.0059,0.0083,0.0322,108.12,107.29,87.0,0.0058,0.0062,0.0268,65.92,102.56,471.66,0.006,0.0057,0.0256,16000,1024,1130.18,0.9822,0.013,0.0041,0.0008
2026-08-28T08:26:10.713+02:00,1000,1024,1024,1056,48,392,0,3251,0,267,0,0.0228,0.0194,0.0305,0.07,0.0588,0.0888,2.808,2.765,2.832,77.58,87.01,153.32,0.0076,0.0068,0.0117,164.58,56.81,59.55,0.0064,0.0062,0.0096,196.01,178.06,253.33,0.006,0.0064,0.0093,16000,1024,871.84,0.9847,0.0113,0.0036,0.0004
2026-08-28T08:26:40.714+02:00,1000,1024,1024,1056,48,392,0,3251,0,267,0,0.0227,0.0225,0.0305,0.0699,0.0838,0.1123,2.855,3.518,2.978,38.36,69.34,36.28,0.0071,0.0084,0.0107,211.83,57.75,134.91,0.0059,0.007,0.0103,217.9,23.93,29.33,0.0059,0.007,0.0092,16000,1024,404.84,0.9378,0.0498,0.0112,0.0013
2026-08-28T08:27:10.713+02:00,1000,1024,1024,1056,48,392,0,3251,0,267,0,0.0235,0.0208,0.0699,0.0755,0.0762,0.6974,2.758,3.142,64.119,43.93,22.59,81.48,0.0086,0.0065,0.0149,5.42,215.57,33.34,0.0092,0.0058,0.0144,26.49,178.75,263.66,0.0077,0.0054,0.0137,16000,1024,547.47,0.9712,0.0234,0.0047,0.0008
2026-08-28T08:27:40.714+02:00,1000,1024,1024,1056,48,392,0,3251,0,267,0,0.023,0.0212,0.0311,0.0837,0.0632,0.1051,3.144,2.852,3.093,6.69,39.26,84.68,0.0079,0.0073,0.0083,115.52,4.65,14.76,0.0075,0.0066,0.0081,157.1,95.21,73.95,0.0065,0.0068,0.008,16000,1024,1783.42,0.9669,0.0264,0.0055,0.0012
2026-08-28T08:28:10.715+02:00,1000,1024,1024,1056,48,392,0,3251,0,267,0,0.0224,0.0205,0.032,0.0771,0.0701,0.1232,3.133,2.887,2.961,55.82,39.06,12.57,0.0071,0.0077,0.0114,84.68,136.76,171.64,0.0072,0.0064,0.0086,10.68,148.17,154.27,0.0062,0.005,0.0084,16000,1024,405.09,0.9704,0.0217,0.0069,0.001
2026-08-28T08:28:40.715+02:00,1000,1024,1024,1056,48,392,0,3251,0,267,0,0.0224,0.0207,0.0311,0.0949,0.0758,0.1369,3.75,3.195,3.418,57.35,47.95,13.67,0.0071,0.0069,0.0119,86.81,61.82,19.38,0.0066,0.0062,0.0081,2.32,86.01,101.15,0.0067,0.0055,0.0088,16000,1024,951.82,0.9888,0.008,0.0028,0.0004
2026-08-28T08:29:10.714+02:00,1000,1024,1024,1056,48,392,1,3252,0,267,0,0.0227,0.0206,0.0299,0.0803,0.0777,0.0953,2.893,3.26,2.985,5.95,13.86,63.49,0.0116,0.0068,0.0106,49.57,85.8,5.15,0.0074,0.0068,0.0099,59.03,32.89,35.85,0.0064,0.0061,0.0091,16000,1024,1541.22,0.9353,0.0549,0.0074,0.0023
2026-08-28T08:29:40.718+02:00,1000,1024,1024,1056,48,392,2,3254,0,267,0,0.025,0.0207,0.0323,0.1034,0.0673,0.1049,3.434,3.098,3.107,23.02,30.74,50.32,0.0101,0.0071,0.0109,52.49,70.19,87.38,0.0092,0.0062,0.0111,214.54,77.44,8.59,0.0068,0.0059,0.0097,16000,1024,501.09,0.8704,0.1131,0.0143,0.0022
2026-08-28T08:30:10.716+02:00,1000,1024,1024,1056,48,392,0,3254,0,267,0,0.0228,0.0227,0.0482,0.0844,0.0699,0.6986,3.054,2.833,86.72,86.34,26.45,112.8,0.0066,0.0077,0.0133,48.22,138.91,82.96,0.0057,0.006,0.0108,157.52,3.85,93.59,0.0057,0.0056,0.0107,16000,1024,1204.99,0.9862,0.0119,0.0016,0.0003
2026-08-28T08:30:40.720+02:00,1000,1024,1024,1056,48,392,0,3254,0,267,0,0.0236,0.0209,0.0454,0.069,0.0674,0.6809,2.849,3.103,101.835,6.87,83.96,19.76,0.0079,0.0071,0.0105,71.87,47.74,2.28,0.0083,0.0068,0.0112,18.64,236.55,196.21,0.0076,0.0064,0.0088,16000,1024,778.99,0.9785,0.013,0.0077,0.0008
2026-08-28T08:31:10.716+02:00,1000,1024,1024,1056,48,392,0,3254,0,267,0,0.0219,0.0199,0.0571,0.071,0.0656,0.5919,3.078,3.293,57.383,82.37,35.39,11.74,0.0071,0.0063,0.0148,242.43,95.92,115.16,0.0066,0.0055,0.0146,23.51,152.89,96.79,0.0063,0.0059,0.0138,16000,1024,669.78,0.9664,0.0295,0.0035,0.0006
2026-08-28T08:31:40.717+02:00,1000,1024,1024,1056,48,392,0,3254,0,267,0,0.023,0.021,0.0298,0.0858,0.0639,0.0902,2.937,2.798,3.126,56.14,150.24,2.58,0.0081,0.0063,0.01,61.73,29.5,65.83,0.007,0.006,0.0099,130.44,42.5,115.94,0.0067,0.0061,0.0089,16000,1024,659.05,0.9647,0.0276,0.0069,0.0009
2026-08-28T08:32:10.717+02:00,1000,1024,1024,1056,48,392,0,3254,0,267,0,0.0237,0.0206,0.0438,0.0873,0.0749,0.6694,3.343,3.177,109.102,157.43,35.0,56.79,0.0075,0.0063,0.0159,97.69,25.9,137.42,0.0059,0.0066,0.014,11.85,16.97,10.75,0.0059,0.0065,0.0131,16000,1024,969.7,0.9898,0.0079,0.0019,0.0004
2026-08-28T08:32:40.718+02:00,1000,1024,1024,1056,48,392,0,3254,0,267,0,0.0211,0.0218,0.0318,0.0716,0.0686,0.0986,3.375,2.964,2.706,103.21,127.74,67.04,0.0068,0.0073,0.0104,113.6,90.83,4.01,0.0068,0.0069,0.0097,254.14,60.25,161.56,0.0066,0.0063,0.0098,16000,1024,1130.26,0.9925,0.005,0.0021,0.0003
2026-08-28T08:33:10.718+02:00,1000,1024,1024,1056,48,392,0,3254,0,267,0,0.0247,0.0211,0.0295,0.0772,0.0747,0.0993,2.869,2.956,3.079,119.93,53.42,40.16,0.0086,0.0067,0.0095,62.83,121.06,193.19,0.0081,0.0059,0.0088,82.01,197.55,136.38,0.0068,0.0063,0.009,16000,1024,715.57,0.9741,0.0189,0.0063,0.0006
2026-08-28T08:33:40.718+02:00,1000,1024,1024,1056,48,392,0,3254,0,267,0,0.0219,0.0222,0.0325,0.0663,0.071,0.1248,2.911,2.901,3.072,49.65,110.95,34.04,0.0071,0.0066,0.012,43.13,16.94,111.35,0.0063,0.0065,0.0097,132.69,50.86,65.11,0.006,0.0059,0.01,16000,1024,5859.45,0.9709,0.0221,0.0056,0.0014
2026-08-28T08:34:10.718+02:00,1000,1024,1024,1056,48,392,0,3254,0,267,0,0.0234,0.0203,0.0422,0.078,0.0724,0.5794,3.11,3.081,69.027,61.63,111.58,74.54,0.0088,0.0059,0.0149,17.52,147.68,193.61,0.0079,0.0056,0.0128,50.07,15.94,88.84,0.008,0.0056,0.0116,16000,1024,377.3,0.9214,0.0623,0.0151,0.0012
2026-08-28T08:34:40.720+02:00,1000,1024,1024,1056,48,392,0,3254,0,267,0,0.0222,0.0238,0.1098,0.0784,0.102,0.7098,3.0,4.552,29.357,25.37,4.75,190.31,0.0068,0.0088,0.0378,77.09,178.49,99.88,0.0068,0.0075,0.0369,44.15,99.95,312.6,0.0066,0.0079,0.0358,16000,1024,367.32,0.9555,0.0315,0.0112,0.0018
2026-08-28T08:35:10.720+02:00,1000,1024,1024,1056,48,392,0,3254,0,267,0,0.0231,0.0276,0.167,0.0783,0.1486,1.3124,3.015,5.201,16.2,60.41,112.34,370.22,0.0078,0.0088,0.0614,82.29,8.05,417.96,0.0072,0.0087,0.0608,153.05,149.03,7.17,0.0068,0.0084,0.0561,16000,1024,626.26,0.9798,0.0172,0.0027,0.0003
2026-08-28T08:35:40.719+02:00,1000,1024,1024,1056,48,393,0,3254,0,267,0,0.023,0.0214,0.05,0.0743,0.095,0.8006,2.935,3.389,132.125,153.15,14.98,11.74,0.0077,0.0087,0.0184,114.13,45.17,124.14,0.0062,0.0074,0.0161,36.79,145.37,59.23,0.0056,0.0072,0.0152,16000,1024,874.35,0.9757,0.0165,0.0068,0.0009
2026-08-28T08:36:10.722+02:00,1000,1024,1024,1056,48,393,0,3254,0,267,0,0.0233,0.0208,0.0303,0.0751,0.0736,0.0859,2.663,2.884,2.731,88.05,127.63,95.77,0.0076,0.0076,0.0084,134.11,76.5,147.76,0.0077,0.0073,0.0083,58.13,45.95,88.65,0.0068,0.0066,0.0081,16000,1024,1074.44,0.9836,0.0141,0.002,0.0003
2026-08-28T08:36:40.720+02:00,1000,1024,1024,1056,48,393,0,3254,0,267,0,0.0219,0.0214,0.0413,0.077,0.0625,0.5806,2.836,2.703,71.171,18.83,38.01,114.23,0.0075,0.0071,0.0131,29.15,18.34,108.04,0.0063,0.0069,0.0131,276.46,10.27,164.27,0.0061,0.0072,0.0125,16000,1024,1093.94,0.8823,0.116,0.0015,0.0002
2026-08-28T08:37:10.721+02:00,1000,1024,1024,1056,48,393,0,3254,0,267,0,0.023,0.02,0.0294,0.0797,0.058,0.1007,3.155,2.731,3.129,68.35,157.9,96.74,0.0059,0.0059,0.0101,165.79,88.7,54.34,0.006,0.0056,0.0107,5.68,79.1,71.24,0.0055,0.0054,0.0094,16000,1024,2989.25,0.9967,0.0028,0.0004,0.0001
2026-08-28T08:37:40.721+02:00,1000,1024,1024,1056,48,393,0,3254,0,267,0,0.023,0.0202,0.0448,0.0655,0.0864,0.645,2.777,3.265,87.431,86.9,3.45,28.22,0.0071,0.0066,0.0159,44.37,76.31,66.81,0.0074,0.0063,0.0147,8.33,117.4,145.63,0.0067,0.0057,0.0132,16000,1024,2100.78,0.976,0.0176,0.0052,0.0011
2026-08-28T08:38:10.721+02:00,1000,1024,1024,1056,48,394,0,3254,0,267,0,0.0224,0.0278,0.1851,0.0922,0.1138,0.9545,3.3,4.739,11.729,40.86,9.8,438.79,0.0067,0.0082,0.0642,20.89,86.92,478.49,0.0063,0.0082,0.0602,160.76,478.42,23.8,0.0064,0.008,0.0598,16000,1024,689.97,0.9932,0.0047,0.0019,0.0003
2026-08-28T08:38:40.722+02:00,1000,1024,1024,1056,48,394,0,3254,0,267,0,0.0228,0.0207,0.0495,0.0789,0.0718,0.8038,2.833,3.181,139.683,8.92,71.34,10.52,0.0078,0.0071,0.0102,137.07,120.26,71.25,0.0075,0.0069,0.0096,200.81,258.76,156.2,0.0073,0.0067,0.0092,16000,1024,544.76,0.9676,0.0251,0.0066,0.0007
2026-08-28T08:39:10.724+02:00,1000,1024,1024,1056,48,394,0,3254,0,267,0,0.0271,0.0216,0.0344,0.0999,0.0717,0.1111,3.047,2.99,2.724,46.47,62.61,4.13,0.0092,0.0081,0.0121,118.07,33.54,43.09,0.0069,0.0069,0.0093,53.98,152.84,17.68,0.0066,0.0068,0.0082,16000,1024,2479.66,0.9274,0.0553,0.0146,0.0028
2026-08-28T08:39:40.724+02:00,1000,1024,1024,1056,48,394,0,3254,0,267,0,0.0225,0.0197,0.0323,0.074,0.0686,0.1098,3.126,2.777,2.918,115.87,96.6,122.17,0.0072,0.0065,0.0105,76.16,111.25,208.25,0.0065,0.0058,0.0106,111.73,210.94,195.35,0.007,0.0046,0.0103,16000,1024,1653.17,0.9548,0.0158,0.0251,0.0043
2026-08-28T08:40:10.724+02:00,1000,1024,1024,1056,48,394,0,3254,0,267,0,0.0235,0.0347,0.2364,0.0815,0.1478,1.2728,2.789,5.27,10.66,102.58,46.03,28.23,0.0067,0.0124,0.0803,37.76,35.0,73.95,0.0068,0.011,0.075,171.72,5.98,6.46,0.0063,0.0103,0.0793,16000,1024,438.32,0.9719,0.0219,0.0054,0.0007
2026-08-28T08:40:40.724+02:00,1000,1024,1024,1056,48,394,0,3254,0,267,0,0.023,0.0195,0.0306,0.0877,0.0662,0.1086,3.338,3.018,3.501,12.86,192.14,29.59,0.008,0.0064,0.0099,17.84,136.79,163.46,0.0076,0.0057,0.0098,124.12,54.48,171.75,0.007,0.0056,0.0075,16000,1024,1123.04,0.9919,0.0066,0.0013,0.0002
2026-08-28T08:41:10.723+02:00,1000,1024,1024,1056,48,394,0,3254,0,267,0,0.0214,0.021,0.0309,0.0707,0.0791,0.0913,3.084,3.332,2.867,128.47,14.95,146.43,0.0072,0.0068,0.0098,100.22,200.17,20.79,0.0071,0.0064,0.0081,223.99,108.88,170.19,0.0067,0.0064,0.0082,16000,1024,617.78,0.9642,0.0309,0.0043,0.0006
2026-08-28T08:41:40.726+02:00,1000,1024,1024,1056,48,394,0,3254,0,267,0,0.0237,0.0207,0.0316,0.0823,0.0766,0.1311,2.777,3.157,3.342,67.03,14.45,91.63,0.0072,0.0075,0.0107,48.19,73.08,83.49,0.0068,0.0062,0.011,6.51,213.04,5.65,0.0072,0.0061,0.0098,16000,1024,783.43,0.9801,0.013,0.0063,0.0006
2026-08-28T08:42:10.724+02:00,1000,1024,1024,1056,48,394,0,3254,0,267,0,0.0224,0.0199,0.054,0.0748,0.0716,0.6539,2.743,3.069,79.218,11.88,77.51,84.75,0.0072,0.0062,0.0151,35.06,164.98,172.17,0.0065,0.0055,0.0147,76.95,156.48,103.78,0.0065,0.0057,0.0133,16000,1024,728.37,0.9804,0.0148,0.0042,0.0006
2026-08-28T08:42:40.725+02:00,1000,1024,1024,1056,48,394,0,3254,0,267,0,0.0227,0.0402,0.3039,0.0686,0.1552,1.2646,2.572,3.782,4.601,95.35,416.29,416.22,0.0078,0.0148,0.1268,33.13,45.05,378.5,0.0069,0.0144,0.1102,173.55,84.73,491.39,0.007,0.0131,0.1028,16000,1024,792.8,0.9826,0.0144,0.0027,0.0003
2026-08-28T08:43:10.728+02:00,1000,1024,1024,1056,48,394,0,3254,0,267,0,0.0222,0.0202,0.0455,0.0683,0.0747,0.6943,2.921,2.976,109.398,27.28,53.7,41.83,0.0073,0.007,0.0113,62.4,11.7,154.28,0.0072,0.0061,0.0081,155.82,37.92,49.5,0.0073,0.0054,0.0079,16000,1024,755.04,0.9363,0.0534,0.0091,0.0012
2026-08-28T08:43:40.727+02:00,1000,1024,1024,1056,48,394,0,3254,0,267,0,0.0225,0.034,0.2611,0.0648,0.1418,1.2444,2.509,3.788,6.196,16.2,61.75,61.35,0.0072,0.0117,0.0847,57.11,244.34,298.74,0.0078,0.0112,0.0774,4.31,191.47,252.79,0.0067,0.0106,0.0766,16000,1024,972.71,0.9724,0.02,0.0064,0.0011
2026-08-28T08:44:10.726+02:00,1000,1024,1024,1056,48,395,0,3254,0,267,0,0.0233,0.0203,0.0326,0.0782,0.0673,0.1105,3.036,3.295,2.915,170.7,4.56,75.95,0.008,0.0056,0.0109,4.57,52.29,159.32,0.0071,0.0056,0.009,80.79,227.7,115.53,0.0068,0.0052,0.0091,16000,1024,392.53,0.9487,0.0382,0.0113,0.0017
2026-08-28T08:44:40.729+02:00,1000,1024,1024,1056,48,395,0,3254,0,267,0,0.022,0.0217,0.0312,0.069,0.0651,0.1064,2.886,2.658,3.015,71.4,43.85,5.99,0.007,0.0083,0.0098,56.42,65.69,281.64,0.0059,0.0071,0.0092,241.88,33.4,48.1,0.0059,0.0068,0.0086,16000,1024,1984.82,0.995,0.0041,0.0008,0.0001
2026-08-28T08:45:10.728+02:00,1000,1024,1024,1056,48,395,0,3254,0,267,0,0.0235,0.0224,0.0317,0.0796,0.0698,0.1175,2.906,2.794,3.031,117.76,128.97,154.64,0.0087,0.0078,0.0122,9.22,78.94,80.73,0.0076,0.0075,0.0105,19.77,1.54,98.46,0.007,0.0084,0.0085,16000,1024,366.33,0.9616,0.022,0.0148,0.0017
2026-08-28T08:45:40.728+02:00,1000,1024,1024,1056,48,395,0,3254,0,267,0,0.0235,0.0239,0.102,0.0755,0.1059,0.698,2.831,4.564,32.444,107.94,53.37,273.45,0.0074,0.0078,0.0316,196.26,26.61,339.98,0.0063,0.0071,0.0318,26.54,6.53,46.33,0.0063,0.0069,0.0314,16000,1024,624.93,0.9585,0.033,0.0075,0.001
2026-08-28T08:46:10.728+02:00,1000,1024,1024,1056,48,395,0,3254,0,267,0,0.0241,0.0218,0.0323,0.0785,0.0754,0.1099,2.734,3.06,3.113,50.16,4.49,210.95,0.007,0.0071,0.01,165.79,61.71,59.59,0.0069,0.0071,0.0094,105.6,154.82,85.25,0.0066,0.0057,0.009,16000,1024,498.83,0.977,0.0157,0.0064,0.0009
2026-08-28T08:46:40.728+02:00,1000,1024,1024,1056,48,395,0,3254,0,267,0,0.0221,0.0199,0.0314,0.0676,0.0568,0.0995,2.736,2.756,2.825,26.61,59.66,138.58,0.0072,0.0075,0.0124,183.71,119.13,7.17,0.0064,0.006,0.0111,16.52,33.31,59.22,0.0062,0.006,0.0092,16000,1024,1532.18,0.9856,0.0129,0.0013,0.0002
2026-08-28T08:47:10.729+02:00,1000,1024,1024,1056,48,395,0,3254,0,267,0,0.0224,0.0316,0.2147,0.0765,0.1545,1.2722,2.661,4.908,10.628,27.15,11.05,10.74,0.0079,0.0147,0.0848,53.12,5.44,5.52,0.0072,0.0122,0.0843,83.04,461.0,207.91,0.0062,0.0092,0.0741,16000,1024,964.53,0.99,0.0083,0.0015,0.0002
2026-08-28T08:47:40.729+02:00,1000,1024,1024,1056,48,395,1,3255,0,267,0,0.0235,0.0218,0.0317,0.0795,0.0782,0.1,3.044,3.134,3.154,123.03,65.34,135.87,0.0095,0.007,0.0102,56.57,16.43,184.59,0.007,0.0067,0.0086,70.27,154.29,157.29,0.0069,0.0062,0.0083,16000,1024,1429.01,0.9934,0.0053,0.0012,0.0002
2026-08-28T08:48:10.729+02:00,1000,1024,1024,1056,48,395,1,3256,0,267,0,1.3178,0.2131,0.07,1.9504,0.3596,0.2035,1.518,1.455,2.328,49.17,49.16,49.14,1.9018,0.3026,0.0867,147.45,147.54,98.59,0.0401,0.0503,0.0204,98.18,99.86,245.9,0.0233,0.0174,0.0129,16000,1024,1581.96,0.9862,0.0104,0.0022,0.0013
2026-08-28T08:48:40.730+02:00,1000,1024,1024,1056,48,395,0,3256,0,267,0,1.196,0.219,0.0566,1.8061,0.3751,0.1612,1.529,1.523,2.717,49.38,49.38,49.43,1.7436,0.3143,0.0628,148.1,148.27,98.56,0.0468,0.0347,0.0256,98.86,99.55,197.67,0.0226,0.0219,0.0148,16000,1024,689.24,0.8277,0.1535,0.016,0.0027
2026-08-28T08:49:10.730+02:00,1000,1024,1024,1056,48,395,0,3256,0,267,0,1.2229,0.2375,0.3155,1.8199,0.4043,1.4801,1.527,1.463,4.933,49.4,49.39,431.61,1.7629,0.3377,0.1035,148.21,148.31,457.74,0.045,0.0288,0.1011,98.87,99.13,253.12,0.0309,0.025,0.0951,16000,1024,550.14,0.7455,0.2288,0.0189,0.0069
2026-08-28T08:49:40.732+02:00,1000,1024,1024,1056,48,395,0,3256,0,267,0,1.2229,0.2253,0.0589,1.8356,0.3724,0.6712,1.525,1.486,32.728,49.45,49.45,49.63,1.7721,0.3235,0.04,148.38,99.48,148.63,0.045,0.0247,0.0239,99.09,148.39,98.44,0.0294,0.023,0.0217,16000,1024,865.08,0.9084,0.0787,0.0103,0.0026
2026-08-28T08:50:10.731+02:00,1000,1024,1024,1056,48,395,0,3256,0,267,0,1.2188,0.2236,0.0497,1.8148,0.3836,0.1538,1.531,1.496,2.756,49.41,49.41,49.43,1.7722,0.3221,0.0459,148.22,148.19,99.14,0.0446,0.0202,0.0239,98.7,100.4,148.28,0.0241,0.0154,0.0107,16000,1024,1531.49,0.9579,0.037,0.0039,0.0012
2026-08-28T08:50:40.731+02:00,1000,1024,1024,1056,48,395,0,3256,0,267,0,1.2319,0.223,0.0499,1.8799,0.3808,0.1609,1.534,1.476,2.87,49.42,49.41,49.37,1.7943,0.3204,0.0462,148.26,148.09,98.69,0.0442,0.021,0.0185,98.83,99.65,197.9,0.0319,0.0153,0.0143,16000,1024,577.83,0.7809,0.1942,0.0179,0.007
2026-08-28T08:51:10.733+02:00,1000,1024,1024,1056,48,395,0,3256,0,267,0,1.219,0.2223,0.0635,1.8423,0.3744,0.8188,1.531,1.477,51.261,49.28,49.26,49.3,1.76,0.3176,0.0541,147.84,148.06,99.15,0.0418,0.0241,0.0306,54.36,99.98,95.21,0.0299,0.0177,0.0157,16000,1024,1509.79,0.9145,0.0805,0.0036,0.0014
2026-08-28T08:51:40.732+02:00,1000,1024,1024,1056,48,395,0,3256,0,267,0,1.2252,0.2162,0.0946,1.8508,0.368,1.0157,1.534,1.473,47.08,49.34,49.33,49.34,1.8008,0.3145,0.0612,148.06,99.49,2.2,0.0442,0.0217,0.0302,98.88,147.8,197.29,0.0282,0.0176,0.0296,16000,1024,1328.21,0.8983,0.0911,0.0077,0.003
2026-08-28T08:52:10.734+02:00,1000,1024,1024,1056,48,395,0,3256,0,267,0,1.2564,0.2172,0.0546,1.8769,0.3583,0.188,1.538,1.431,2.774,49.31,49.31,49.31,1.8519,0.3171,0.0565,147.86,147.76,98.53,0.0535,0.0269,0.0223,98.74,99.89,197.21,0.0313,0.0214,0.0147,16000,1024,1053.72,0.9597,0.0355,0.0027,0.0021
2026-08-28T08:52:40.733+02:00,1000,1024,1024,1056,48,395,0,3256,0,267,0,1.2781,0.2222,0.2725,1.9453,0.3884,1.5841,1.539,1.447,8.426,49.32,49.31,78.34,1.8814,0.3214,0.0912,147.94,99.01,83.12,0.0551,0.0229,0.0878,98.73,147.84,194.36,0.0293,0.0249,0.0848,16000,1024,1269.79,0.9608,0.0346,0.0033,0.0013
2026-08-28T08:53:10.734+02:00,1000,1024,1024,1056,48,395,0,3256,0,267,0,1.3033,0.2112,0.06,1.9731,0.3378,0.1811,1.534,1.46,2.718,49.27,49.28,49.26,1.9125,0.3071,0.0686,147.78,147.66,98.26,0.0542,0.0218,0.0293,98.61,99.7,147.82,0.0326,0.0192,0.0164,16000,1024,1725.63,0.9395,0.0548,0.0042,0.0015
2026-08-28T08:53:40.735+02:00,1000,1024,1024,1056,48,395,0,3256,0,267,0,1.3316,0.2111,0.0677,2.0077,0.3544,0.6994,1.535,1.449,24.506,49.28,49.27,49.27,1.9556,0.3066,0.0737,147.82,147.84,98.97,0.06,0.0231,0.0269,98.67,99.73,115.34,0.03,0.0199,0.0163,16000,1024,1881.71,0.9286,0.0638,0.0059,0.0017
2026-08-28T08:54:10.734+02:00,1000,1024,1024,1056,48,395,3,3259,0,267,0,1.3264,0.2074,0.062,1.9883,0.3434,0.1674,1.548,1.463,2.498,49.24,49.25,49.26,1.9007,0.2936,0.067,31.43,147.94,98.93,0.0792,0.0256,0.0289,23.75,21.49,147.69,0.0782,0.016,0.0149,16000,1024,726.77,0.911,0.0771,0.0076,0.0043
2026-08-28T08:54:40.736+02:00,1000,1024,1024,1056,48,395,1,3260,0,267,0,1.3557,0.2097,0.0726,2.0612,0.3444,0.672,1.538,1.447,15.628,49.25,49.25,49.29,1.9555,0.3035,0.0784,147.68,147.65,98.28,0.0517,0.0229,0.025,36.89,99.95,197.02,0.0283,0.0153,0.0171,16000,1024,774.1,0.9357,0.0586,0.0041,0.0016
2026-08-28T08:55:10.735+02:00,1000,1024,1024,1056,48,395,0,3260,0,267,0,1.3855,0.2095,0.0853,2.0819,0.3528,0.7118,1.534,1.478,20.498,49.25,49.25,49.25,2.0214,0.3033,0.0817,147.71,147.47,104.28,0.0602,0.0222,0.0179,98.61,99.96,98.29,0.0239,0.0173,0.0172,16000,1024,611.56,0.8539,0.1369,0.0068,0.0024
2026-08-28T08:55:40.737+02:00,1000,1024,1024,1056,48,395,0,3260,0,267,0,1.4055,0.2072,0.0617,2.0827,0.3443,0.1608,1.533,1.443,2.446,49.23,49.23,49.25,2.0382,0.2982,0.0704,147.64,147.86,98.58,0.0629,0.0314,0.0235,98.22,99.95,196.88,0.0327,0.0151,0.013,16000,1024,808.25,0.9074,0.0828,0.0075,0.0023
2026-08-28T08:56:10.737+02:00,1000,1024,1024,1056,48,395,1,3261,1,268,0,1.3987,0.2179,0.2468,2.1156,0.3571,1.2805,1.533,1.436,6.785,49.24,49.24,386.82,2.0309,0.3123,0.0882,147.68,147.83,33.13,0.0609,0.036,0.086,98.38,196.99,350.83,0.031,0.0176,0.0887,16000,1024,572.18,0.8332,0.1581,0.0061,0.0026
2026-08-28T08:56:40.736+02:00,1000,1024,1024,1056,48,395,0,3261,0,268,0,1.4284,0.2048,0.0729,2.1709,0.3531,0.2024,1.536,1.447,2.444,49.2,49.2,49.23,2.0801,0.2947,0.0886,147.6,147.39,98.26,0.0592,0.0277,0.0239,98.41,99.91,196.63,0.0276,0.0177,0.0193,16000,1024,655.02,0.9306,0.0614,0.0063,0.0018
2026-08-28T08:57:10.738+02:00,1000,1024,1024,1056,48,395,0,3261,0,268,0,1.4171,0.2094,0.07,2.1198,0.3395,0.2256,1.539,1.439,2.65,49.25,49.24,49.22,2.0756,0.3014,0.0872,147.74,147.49,98.35,0.0608,0.0254,0.0215,98.56,99.88,147.74,0.0297,0.0159,0.016,16000,1024,924.17,0.7642,0.2246,0.0085,0.0027
2026-08-28T08:57:40.739+02:00,1000,1024,1024,1056,48,395,0,3261,0,268,0,1.4471,0.2092,0.118,2.1633,0.362,0.7058,1.532,1.448,17.627,49.24,49.24,49.21,2.1134,0.3018,0.0695,147.75,147.63,115.79,0.0586,0.0245,0.0395,98.74,99.72,491.17,0.0288,0.0215,0.0358,16000,1024,3404.24,0.9562,0.0364,0.0059,0.0015
2026-08-28T08:58:10.737+02:00,1000,1024,1024,1056,48,395,1,3262,0,268,0,1.4589,0.2064,0.0739,2.2292,0.339,0.2375,1.538,1.449,2.325,49.19,49.19,49.19,2.0272,0.2838,0.0872,43.66,147.66,98.7,0.0938,0.0252,0.0232,33.09,16.46,147.53,0.093,0.0183,0.0186,16000,1024,492.66,0.7561,0.2255,0.0121,0.0063
2026-08-28T08:58:40.737+02:00,1000,1024,1024,1056,48,395,1,3263,0,268,0,1.5033,0.2062,0.0744,2.2588,0.3247,0.2042,1.53,1.441,2.418,49.23,49.23,49.21,2.1792,0.2966,0.0948,147.67,147.66,98.66,0.0666,0.023,0.0223,98.3,100.16,147.69,0.0266,0.0174,0.0147,16000,1024,880.94,0.9067,0.0882,0.0037,0.0013
2026-08-28T08:59:10.740+02:00,1000,1024,1024,1056,48,395,0,3263,0,268,0,1.5176,0.2037,0.0771,2.2767,0.3157,0.2193,1.533,1.428,2.411,49.2,49.19,49.24,2.2062,0.2904,0.1003,147.52,147.6,98.27,0.0646,0.0249,0.0225,98.5,100.03,147.35,0.0274,0.0171,0.0147,16000,1024,716.76,0.8972,0.0907,0.0076,0.0045
2026-08-28T08:59:40.740+02:00,1000,1024,1024,1056,48,395,0,3263,0,268,0,1.5401,0.2043,0.0789,2.2912,0.3479,0.207,1.529,1.448,2.219,49.21,49.21,49.24,2.2464,0.2955,0.0998,147.59,147.51,98.28,0.0609,0.0248,0.0251,98.5,100.1,196.88,0.0283,0.0151,0.015,16000,1024,6476.85,0.9752,0.0189,0.0047,0.0012
2026-08-28T09:00:10.738+02:00,1000,1024,1024,1056,48,395,0,3263,0,268,0,1.5394,0.2087,0.252,2.3091,0.3485,1.2836,1.526,1.479,5.232,49.21,49.2,206.85,2.2271,0.2969,0.09,147.56,147.71,380.55,0.0633,0.0267,0.0864,98.24,100.34,314.5,0.0293,0.0163,0.0843,16000,1024,1516.48,0.9626,0.0344,0.0024,0.0006
2026-08-28T09:00:40.740+02:00,1000,1024,1024,1056,48,395,0,3263,0,268,0,1.5376,0.2058,0.0775,2.2761,0.3408,0.2552,1.531,1.449,2.389,49.2,49.18,49.18,2.2318,0.293,0.0948,147.55,147.38,98.14,0.0587,0.0258,0.0236,98.51,100.04,147.18,0.0273,0.0215,0.0156,16000,1024,633.69,0.8982,0.0925,0.007,0.0023
2026-08-28T09:01:10.744+02:00,1000,1024,1024,1056,48,395,0,3263,0,268,0,1.5725,0.203,0.0776,2.4234,0.3362,0.2303,1.527,1.451,2.433,49.17,49.18,49.16,2.268,0.2909,0.0966,147.56,147.32,147.39,0.0599,0.027,0.0185,53.22,99.97,98.12,0.0351,0.0184,0.022,16000,1024,618.1,0.8266,0.1557,0.0131,0.0046
2026-08-28T09:01:40.741+02:00,1000,1024,1024,1056,48,395,0,3263,0,268,0,1.5799,0.2045,0.0777,2.3753,0.3396,0.2251,1.525,1.449,2.334,49.18,49.18,49.25,2.3016,0.2941,0.1007,147.49,147.48,98.13,0.0616,0.0286,0.0199,98.42,99.67,196.67,0.0276,0.0169,0.0167,16000,1024,1218.01,0.9593,0.033,0.006,0.0018
2026-08-28T09:02:10.741+02:00,1000,1024,1024,1056,48,395,0,3263,0,268,0,1.5959,0.2091,0.176,2.3758,0.356,0.6678,1.524,1.446,7.764,49.15,49.15,2.8,2.3058,0.2954,0.0778,147.48,147.56,49.43,0.0613,0.0274,0.0728,53.35,99.29,257.17,0.0367,0.0229,0.0625,16000,1024,496.52,0.7087,0.2731,0.0122,0.006
2026-08-28T09:02:40.741+02:00,1000,1024,1024,1056,48,395,0,3263,0,268,0,1.6397,0.204,0.0798,2.4395,0.3456,0.2121,1.52,1.451,2.187,49.21,49.21,49.22,2.3763,0.2925,0.1035,147.6,147.72,98.7,0.0605,0.0335,0.0287,98.22,99.97,147.58,0.0284,0.0213,0.0207,16000,1024,585.69,0.8134,0.171,0.0117,0.0039
2026-08-28T09:03:10.742+02:00,1000,1024,1024,1056,48,395,0,3263,0,268,0,1.6682,0.2039,0.1498,2.4708,0.3531,0.7333,1.52,1.457,11.42,49.2,49.21,49.29,2.4151,0.2919,0.119,147.6,147.76,340.69,0.0633,0.0318,0.0391,98.44,100.06,29.39,0.026,0.0258,0.038,16000,1024,755.01,0.8616,0.1282,0.0072,0.0031
2026-08-28T09:03:40.741+02:00,1000,1024,1024,1056,48,395,0,3263,0,268,0,1.6821,0.2033,0.0928,2.5107,0.3432,0.6913,1.521,1.431,7.669,49.07,49.07,49.06,2.3842,0.2834,0.1098,53.38,147.24,98.01,0.0599,0.0349,0.025,147.19,99.52,147.23,0.061,0.017,0.0179,16000,1024,786.69,0.2652,0.1681,0.4661,0.1006
2026-08-28T09:04:10.743+02:00,1000,1024,1024,1056,48,395,0,3263,0,268,0,0.5612,0.2099,0.1236,0.9087,0.3535,0.6546,1.579,1.404,3.013,49.23,49.22,49.23,0.8337,0.2999,0.1649,147.55,147.45,98.71,0.0496,0.0367,0.0218,44.24,100.16,161.99,0.0237,0.0159,0.0155,16000,1024,582.44,0.7876,0.1968,0.0119,0.0037
2026-08-28T09:04:40.743+02:00,1000,1024,1024,1056,48,395,0,3263,0,268,0,1.9959,0.2201,0.2292,2.8619,0.3783,1.3751,1.489,1.449,10.68,49.26,49.26,49.38,2.9135,0.3186,0.1184,147.71,147.67,12.17,0.0567,0.0414,0.0907,98.79,99.41,475.47,0.023,0.0265,0.0727,16000,1024,847.76,0.9191,0.0747,0.0047,0.0015
2026-08-28T09:05:10.743+02:00,1000,1024,1024,1056,48,395,0,3263,0,268,0,1.9948,0.2108,0.1151,2.8666,0.3427,0.6504,1.493,1.452,3.253,49.22,49.23,49.18,2.8982,0.3008,0.1491,147.75,147.72,98.48,0.0588,0.0392,0.0266,196.98,100.19,147.67,0.0171,0.0207,0.021,16000,1024,742.98,0.9031,0.087,0.0075,0.0023
2026-08-28T09:05:40.744+02:00,1000,1024,1024,1056,48,395,0,3263,0,268,0,0.8214,0.2243,0.1448,1.5345,0.434,0.8813,1.838,1.501,6.916,49.23,49.27,49.23,1.1678,0.3264,0.1729,44.43,147.8,98.86,0.1286,0.0374,0.0281,147.76,44.43,147.78,0.0466,0.0216,0.025,16000,1024,1748.52,0.7,0.2852,0.0088,0.0061
2026-08-28T09:06:10.743+02:00,1000,1024,1024,1056,48,395,0,3263,0,268,0,2.1159,0.2172,0.1185,3.0327,0.3667,0.2429,1.485,1.478,1.662,49.3,49.3,49.31,3.1063,0.3166,0.1676,147.95,148.12,99.12,0.0539,0.041,0.0291,98.37,100.02,197.32,0.0171,0.021,0.0127,16000,1024,1037.11,0.9568,0.0341,0.0076,0.0015
2026-08-28T09:06:40.745+02:00,1000,1024,1024,1056,48,395,0,3263,0,268,0,2.0055,0.2131,0.1088,2.9399,0.3471,0.2382,1.494,1.456,1.693,49.26,49.26,49.26,2.9361,0.3107,0.1499,147.74,147.72,98.71,0.0578,0.0399,0.0262,98.6,100.41,147.76,0.0148,0.016,0.0197,16000,1024,597.79,0.8171,0.1732,0.0079,0.0018
2026-08-28T09:07:10.744+02:00,1000,1024,1024,1056,48,395,0,3263,0,268,0,2.0156,0.2067,0.109,2.921,0.3406,0.246,1.496,1.451,1.776,49.21,49.21,49.23,2.9283,0.2973,0.1468,147.61,147.46,147.67,0.0603,0.0372,0.0216,98.58,99.86,100.34,0.0192,0.0212,0.02,16000,1024,1320.52,0.9227,0.0718,0.0042,0.0013
2026-08-28T09:07:40.747+02:00,1000,1024,1024,1056,48,395,0,3263,0,268,0,2.0582,0.2064,0.1113,2.9872,0.3493,0.2834,1.495,1.45,1.807,49.19,49.19,49.15,2.9814,0.2957,0.1475,147.49,147.49,98.19,0.0602,0.0376,0.0287,98.59,99.8,147.52,0.0188,0.0205,0.0202,16000,1024,879.64,0.8305,0.1613,0.0055,0.0027
2026-08-28T09:08:10.745+02:00,1000,1024,1024,1056,48,395,0,3263,0,268,0,2.0808,0.209,0.204,3.1958,0.3761,1.3379,1.498,1.454,11.334,49.14,49.16,48.63,3.0018,0.2984,0.1128,147.35,147.4,398.35,0.0463,0.0373,0.0676,54.36,99.78,446.99,0.0301,0.0144,0.0596,16000,1024,713.76,0.8462,0.1446,0.0075,0.0016
2026-08-28T09:08:40.747+02:00,1000,1024,1025,1057,48,395,1,3264,0,268,0,2.112,0.206,0.1169,3.0937,0.3435,0.277,1.502,1.458,1.679,49.19,49.2,49.21,3.0629,0.2947,0.1628,147.55,147.65,98.89,0.0586,0.0396,0.0283,98.21,100.01,147.51,0.0224,0.0171,0.0254,16000,1024,703.05,0.8032,0.1879,0.0057,0.0032
2026-08-28T09:09:10.747+02:00,1000,1024,1024,1056,48,395,1,3265,0,268,0,2.0873,0.2042,0.1191,3.0606,0.3265,0.2685,1.501,1.448,1.709,49.16,49.16,49.18,2.9927,0.2885,0.1637,147.45,147.43,98.59,0.0614,0.0372,0.0264,54.2,100.11,147.44,0.0198,0.0203,0.0244,16000,1024,9308.19,0.9807,0.0183,0.0009,0.0
2026-08-28T09:09:40.746+02:00,1000,1024,1024,1056,48,395,0,3265,0,268,0,2.1006,0.2043,0.1172,3.0498,0.329,0.2485,1.5,1.414,1.684,49.16,49.16,49.15,3.0386,0.2912,0.1597,147.5,147.43,98.65,0.0631,0.0444,0.0253,98.57,99.84,147.42,0.0147,0.0178,0.0221,16000,1024,2715.98,0.9359,0.0566,0.006,0.0015
2026-08-28T09:10:10.746+02:00,1000,1024,1024,1056,48,395,0,3265,0,268,0,2.1275,0.2021,0.118,3.1014,0.3503,0.2307,1.496,1.43,1.667,49.18,49.17,49.19,3.0864,0.2878,0.1621,147.43,147.39,147.37,0.0618,0.0444,0.0211,98.73,100.04,98.14,0.0199,0.0209,0.0228,16000,1024,1776.98,0.9712,0.0268,0.0015,0.0005
2026-08-28T09:10:40.747+02:00,1000,1024,1024,1056,48,395,1,3266,0,268,0,2.1038,0.204,0.1284,3.1045,0.3597,0.8096,1.504,1.456,6.195,49.15,49.15,49.19,2.9907,0.2861,0.1599,43.52,147.29,147.67,0.0648,0.044,0.028,36.87,99.94,100.54,0.0616,0.0195,0.0178,16000,1024,1219.97,0.9224,0.0745,0.0023,0.0008
2026-08-28T09:11:10.749+02:00,1000,1024,1024,1056,48,395,0,3266,0,268,0,2.1187,0.2085,0.2488,3.0803,0.3766,1.3344,1.494,1.458,5.915,49.13,49.14,49.25,3.0529,0.2917,0.1492,147.34,147.35,393.21,0.0606,0.0365,0.0698,53.82,99.65,13.22,0.0367,0.0195,0.0681,16000,1024,961.75,0.9031,0.0905,0.005,0.0014
2026-08-28T09:11:40.750+02:00,1000,1024,1024,1056,48,395,0,3266,0,268,0,2.1265,0.2062,0.1201,3.092,0.3318,0.2466,1.501,1.433,1.7,49.17,49.16,49.19,3.0812,0.2931,0.162,147.42,147.44,147.71,0.0646,0.0423,0.0223,98.35,100.02,98.43,0.0204,0.0184,0.0195,16000,1024,966.71,0.918,0.0727,0.0065,0.0027
2026-08-28T09:12:10.748+02:00,1000,1024,1024,1056,48,395,0,3266,0,268,0,2.169,0.2059,0.1687,3.124,0.3639,1.0354,1.491,1.448,8.571,49.18,49.18,49.25,3.1343,0.2929,0.1718,147.48,147.53,196.58,0.0649,0.0412,0.0308,98.46,100.1,251.86,0.0198,0.0238,0.0274,16000,1024,9191.5,0.9979,0.0018,0.0002,0.0001
2026-08-28T09:12:40.750+02:00,1000,1024,1024,1056,48,395,0,3266,0,268,0,2.1627,0.206,0.1794,3.1333,0.3424,1.708,1.49,1.435,20.061,49.18,49.18,49.14,3.1286,0.2923,0.15,147.5,147.37,81.18,0.0717,0.0452,0.0312,99.32,99.81,147.12,0.0202,0.0184,0.0319,16000,1024,633.78,0.8697,0.1193,0.0074,0.0036
2026-08-28T09:13:10.749+02:00,1000,1024,1024,1056,48,395,0,3266,0,268,0,2.1948,0.2056,0.1475,3.1462,0.3523,0.7861,1.49,1.425,5.913,49.18,49.19,49.17,3.1719,0.2926,0.16,147.54,147.37,196.06,0.0606,0.0423,0.0294,98.64,100.07,98.41,0.0189,0.0218,0.027,16000,1024,976.43,0.9216,0.0723,0.0046,0.0015
2026-08-28T09:13:40.749+02:00,1000,1024,1024,1056,48,395,0,3266,0,268,0,2.2118,0.208,0.1277,3.1819,0.3478,0.2841,1.491,1.445,1.67,49.2,49.2,49.22,3.2049,0.2957,0.1769,147.55,147.67,98.86,0.0685,0.041,0.0262,98.3,100.0,147.65,0.026,0.0179,0.0224,16000,1024,688.77,0.8273,0.1567,0.0095,0.0065
2026-08-28T09:14:10.751+02:00,1000,1024,1024,1056,48,395,2,3268,0,268,0,2.2423,0.2039,0.126,3.2291,0.3442,0.2612,1.49,1.449,1.626,49.18,49.19,49.18,3.2183,0.287,0.1705,147.47,147.73,98.55,0.066,0.0385,0.0273,32.51,99.78,147.53,0.0457,0.0202,0.0216,16000,1024,1311.76,0.9364,0.0579,0.0031,0.0025
2026-08-28T09:14:40.751+02:00,1000,1024,1024,1056,48,395,0,3268,0,268,0,2.2327,0.2052,0.1264,3.2104,0.3603,0.2753,1.496,1.459,1.652,49.17,49.18,49.15,3.2334,0.2933,0.1725,147.42,147.53,98.55,0.0627,0.0428,0.0276,97.98,99.94,147.38,0.0201,0.0199,0.0174,16000,1024,852.96,0.8584,0.1299,0.0092,0.0025
2026-08-28T09:15:10.755+02:00,1000,1024,1024,1056,48,395,0,3268,0,268,0,2.2319,0.2069,0.1296,3.2137,0.3338,0.6237,1.487,1.431,2.384,49.13,49.14,49.15,3.204,0.294,0.1785,147.31,147.24,147.37,0.0679,0.0435,0.0266,53.41,99.96,97.85,0.0437,0.0187,0.0216,16000,1024,797.64,0.8314,0.1561,0.0087,0.0038
2026-08-28T09:15:40.753+02:00,1000,1024,1024,1056,48,395,0,3268,0,268,0,2.254,0.2069,0.1307,3.2523,0.3358,0.2553,1.487,1.429,1.606,49.18,49.17,49.19,3.257,0.2948,0.1821,147.53,147.46,98.33,0.0627,0.0421,0.0258,98.56,99.83,147.5,0.0249,0.0234,0.0237,16000,1024,2450.76,0.9531,0.0417,0.0041,0.0012
2026-08-28T09:16:10.754+02:00,1000,1024,1024,1056,48,395,0,3268,0,268,0,2.2576,0.2071,0.1457,3.2477,0.3485,0.7104,1.497,1.446,4.915,49.18,49.19,49.23,3.2736,0.2946,0.1659,147.44,147.51,55.45,0.0625,0.0454,0.0283,98.49,100.01,98.1,0.0216,0.0238,0.0275,16000,1024,886.08,0.9129,0.0811,0.0044,0.0016
2026-08-28T09:16:40.752+02:00,1000,1024,1024,1056,48,395,0,3268,0,268,0,2.2914,0.2049,0.1357,3.3034,0.331,0.2838,1.49,1.428,1.595,49.19,49.2,49.17,3.3123,0.2942,0.1889,147.54,147.61,98.53,0.0631,0.0461,0.0271,97.96,100.14,147.53,0.0202,0.0206,0.0256,16000,1024,1337.44,0.9104,0.0831,0.0046,0.0019
2026-08-28T09:17:10.752+02:00,1000,1024,1024,1056,48,395,0,3268,0,268,0,2.2982,0.2057,0.1644,4.5115,0.3425,1.6599,1.506,1.427,25.05,49.19,49.19,49.19,3.3167,0.2927,0.1831,147.54,147.7,98.67,0.0677,0.0447,0.0252,98.17,99.96,147.57,0.0171,0.0133,0.0233,16000,1024,905.24,0.9072,0.0864,0.0047,0.0017
2026-08-28T09:17:40.754+02:00,1000,1024,1024,1056,48,395,0,3268,0,268,0,2.3229,0.2082,0.1409,3.3567,0.344,0.6017,1.491,1.446,2.102,49.2,49.21,49.22,3.3647,0.2971,0.1855,147.59,147.61,98.84,0.0672,0.0478,0.0308,98.28,100.04,147.38,0.0199,0.0197,0.0223,16000,1024,3505.08,0.9596,0.0343,0.0048,0.0013
2026-08-28T09:18:10.754+02:00,1000,1024,1024,1056,48,395,0,3268,0,268,0,2.3268,0.2086,0.1446,3.3913,0.3686,0.797,1.491,1.444,3.347,49.1,49.08,49.11,3.3069,0.2912,0.1872,147.23,147.37,98.57,0.0723,0.0448,0.0338,54.2,99.69,147.22,0.0564,0.0228,0.0273,16000,1024,838.06,0.8481,0.1422,0.0076,0.0021
2026-08-28T09:18:40.755+02:00,1000,1024,1024,1056,48,395,0,3268,0,268,0,2.3403,0.2049,0.135,3.3766,0.3522,0.2734,1.486,1.456,1.578,49.19,49.19,49.19,3.3837,0.2921,0.1885,147.51,147.51,98.46,0.065,0.0454,0.0257,98.78,99.8,147.3,0.0145,0.0234,0.0248,16000,1024,587.36,0.8334,0.1569,0.0065,0.0032
2026-08-28T09:19:10.755+02:00,1000,1024,1024,1056,48,395,0,3268,0,268,0,2.3337,0.2048,0.1595,3.3734,0.3404,0.7621,1.491,1.452,5.365,49.1,49.09,49.14,3.3347,0.289,0.1822,147.21,147.13,147.35,0.0672,0.047,0.0273,54.2,100.05,25.53,0.0452,0.0216,0.0211,16000,1024,624.47,0.7723,0.2167,0.0076,0.0033
2026-08-28T09:19:40.754+02:00,1000,1024,1024,1056,48,395,1,3269,0,268,0,2.3735,0.2063,0.1535,3.4372,0.3365,0.7532,1.487,1.46,3.464,49.2,49.2,49.2,3.4399,0.294,0.1948,147.59,147.44,100.37,0.0705,0.0412,0.0277,98.71,100.25,147.78,0.0196,0.02,0.0191,16000,1024,1716.76,0.9328,0.0575,0.0082,0.0014
2026-08-28T09:20:10.755+02:00,1000,1024,1024,1056,48,395,0,3269,0,268,0,2.37,0.2062,0.1446,3.3947,0.3472,0.6674,1.483,1.436,2.362,49.13,49.13,49.15,3.405,0.2936,0.1962,147.28,147.28,147.27,0.0746,0.0455,0.02,53.32,99.88,98.03,0.0551,0.0236,0.0211,16000,1024,1276.23,0.8862,0.1093,0.0034,0.0012
2026-08-28T09:20:40.756+02:00,1000,1024,1024,1056,48,395,0,3269,0,268,0,2.4011,0.2087,0.1948,3.4466,0.3563,0.8124,1.488,1.437,5.51,49.19,49.19,49.25,3.4702,0.2957,0.1768,147.51,147.42,242.17,0.0682,0.0427,0.0471,98.82,100.06,392.05,0.0184,0.0232,0.0537,16000,1024,1663.65,0.9308,0.0662,0.0023,0.0008
2026-08-28T09:21:10.755+02:00,1000,1024,1024,1056,48,395,0,3269,0,268,0,2.3766,0.2067,0.1494,3.3873,0.3715,0.7881,1.486,1.447,4.79,49.17,49.17,49.19,3.4296,0.2929,0.1905,147.47,147.38,147.38,0.0722,0.0432,0.023,98.76,100.12,98.17,0.0202,0.0263,0.0258,16000,1024,2496.75,0.9551,0.0432,0.0012,0.0004
2026-08-28T09:21:40.757+02:00,1000,1024,1024,1056,48,395,0,3269,0,268,0,2.3769,0.2059,0.1414,3.3982,0.3464,0.2966,1.489,1.429,1.603,49.17,49.18,49.16,3.4348,0.2934,0.1955,147.47,147.36,147.54,0.0712,0.0488,0.0239,98.68,100.15,98.22,0.0209,0.0215,0.0217,16000,1024,5765.45,0.9678,0.0267,0.0044,0.0011
2026-08-28T09:22:10.758+02:00,1000,1024,1024,1056,48,395,0,3269,0,268,0,2.3813,0.2061,0.141,3.4025,0.3494,0.2791,1.486,1.426,1.631,49.16,49.15,49.16,3.4287,0.2935,0.1951,147.37,147.29,147.37,0.0707,0.0433,0.0265,98.6,99.97,98.09,0.0194,0.0218,0.0157,16000,1024,742.42,0.749,0.2396,0.0079,0.0035
2026-08-28T09:22:40.756+02:00,1000,1024,1024,1056,48,395,0,3269,0,268,0,2.3739,0.2065,0.1406,3.4377,0.3662,0.2765,1.49,1.424,1.591,49.02,49.0,49.02,3.3526,0.2872,0.1922,53.22,147.06,147.05,0.0845,0.0436,0.0253,44.43,99.62,98.34,0.0675,0.0209,0.0159,16000,1024,802.98,0.8097,0.1786,0.0078,0.0039
2026-08-28T09:23:10.757+02:00,1000,1024,1024,1056,48,395,0,3269,0,268,0,2.3935,0.2065,0.1456,3.4514,0.3606,0.5088,1.497,1.438,1.812,49.15,49.15,49.17,3.4406,0.2927,0.1946,147.32,147.47,98.71,0.0761,0.0445,0.0287,100.78,100.01,147.34,0.0288,0.0216,0.0276,16000,1024,894.18,0.8282,0.1626,0.0074,0.0018
2026-08-28T09:23:40.758+02:00,1000,1024,1024,1056,48,395,1,3270,0,268,0,2.4255,0.2061,0.1498,3.5678,0.3478,0.9043,1.486,1.432,3.848,49.14,49.14,49.15,3.485,0.2945,0.1977,147.35,147.33,98.22,0.0697,0.0433,0.0242,98.38,99.7,147.16,0.0205,0.0196,0.0215,16000,1024,4907.09,0.9675,0.0259,0.0053,0.0013
2026-08-28T09:24:10.759+02:00,1000,1024,1024,1056,48,395,0,3270,0,268,0,2.4405,0.2047,0.1478,3.5339,0.3473,0.2743,1.49,1.44,1.567,49.08,49.09,49.09,3.4932,0.2886,0.2064,147.15,147.1,147.12,0.075,0.0468,0.0237,53.22,100.0,98.14,0.0544,0.0223,0.0236,16000,1024,687.14,0.809,0.1831,0.006,0.0019
2026-08-28T09:24:40.758+02:00,1000,1024,1024,1056,48,395,0,3270,0,268,0,2.4872,0.2093,0.1466,3.5736,0.3569,0.2953,1.482,1.439,1.559,49.17,49.17,49.16,3.5853,0.2989,0.2053,147.48,147.54,98.59,0.0727,0.0503,0.0259,98.12,100.08,147.56,0.0169,0.0205,0.0241,16000,1024,1047.33,0.8517,0.1438,0.0035,0.001
2026-08-28T09:25:10.759+02:00,1000,1024,1024,1056,48,395,0,3270,0,268,0,2.4613,0.2083,0.1769,5.2688,0.3437,1.2601,1.503,1.433,7.196,49.13,49.12,49.1,3.5487,0.2968,0.2224,147.37,147.46,98.31,0.0681,0.0472,0.0263,29.69,100.01,75.3,0.0341,0.0229,0.0227,16000,1024,846.95,0.7345,0.26,0.004,0.0014
2026-08-28T09:25:40.761+02:00,1000,1024,1024,1056,48,395,0,3270,0,268,0,2.4961,0.2075,0.1519,3.5702,0.3509,0.2859,1.491,1.442,1.56,49.16,49.16,49.18,3.6056,0.2963,0.2132,147.43,147.45,98.42,0.0734,0.0487,0.0299,98.23,100.01,147.59,0.0226,0.0217,0.024,16000,1024,1268.1,0.8878,0.1063,0.0047,0.0012
2026-08-28T09:26:10.760+02:00,1000,1024,1024,1056,48,395,0,3270,0,268,0,2.5139,0.2077,0.153,3.6174,0.3582,0.2824,1.488,1.459,1.51,49.16,49.16,49.15,3.6273,0.295,0.2097,147.47,147.52,147.39,0.0759,0.0474,0.0308,98.22,100.03,98.7,0.0199,0.0212,0.0238,16000,1024,1293.95,0.8155,0.1787,0.0039,0.0019
2026-08-28T09:26:40.762+02:00,1000,1024,1024,1056,48,395,0,3270,0,268,0,2.5283,0.2107,0.1523,3.6438,0.346,0.2799,1.492,1.451,1.539,49.17,49.17,49.17,3.6621,0.3022,0.2152,147.45,147.33,147.41,0.0735,0.0475,0.0301,98.76,100.17,98.11,0.0196,0.0195,0.0269,16000,1024,1717.78,0.9684,0.0305,0.0009,0.0002
2026-08-28T09:27:40.761+02:00,1000,1024,1024,1056,49,395,0,3271,0,268,0,2.5418,0.2108,0.1577,3.624,0.3563,0.2928,1.487,1.442,1.538,49.08,49.09,49.09,3.6112,0.2959,0.2157,147.36,147.31,98.59,0.0699,0.0474,0.0323,54.2,99.84,147.24,0.0605,0.0222,0.0278,16000,1024,3326.7,0.9708,0.028,0.001,0.0002
2026-08-28T09:28:10.763+02:00,1000,1024,1024,1056,49,395,0,3271,0,268,0,2.5675,0.213,0.1798,3.6786,0.3735,0.7911,1.484,1.435,3.699,49.17,49.16,49.18,3.7065,0.3017,0.2176,147.41,147.44,26.94,0.0778,0.0473,0.0278,98.5,99.85,147.26,0.0177,0.0229,0.0238,16000,1024,761.48,0.8265,0.165,0.0066,0.0019
2026-08-28T09:28:40.763+02:00,1000,1024,1024,1056,49,395,1,3272,0,268,0,2.573,0.2141,0.214,3.6864,0.3482,0.9423,1.482,1.432,5.097,49.15,49.13,49.01,3.5248,0.2897,0.1849,35.77,147.44,79.08,0.1969,0.0502,0.0692,42.64,100.05,493.41,0.1972,0.0245,0.0678,16000,1024,1425.66,0.9314,0.0649,0.0028,0.0009
2026-08-28T09:29:10.764+02:00,1000,1024,1024,1056,49,395,0,3272,0,268,0,2.5616,0.2064,0.1567,3.694,0.3497,0.2866,1.486,1.43,1.528,49.15,49.16,49.16,3.6922,0.2916,0.2198,147.4,147.31,147.52,0.0762,0.0472,0.0258,98.45,99.79,98.02,0.0199,0.0216,0.0221,16000,1024,2295.23,0.9789,0.02,0.0008,0.0003
2026-08-28T09:29:40.764+02:00,1000,1024,1024,1056,49,395,0,3272,0,268,0,2.5765,0.2082,0.1578,3.6843,0.3541,0.2919,1.481,1.431,1.547,49.14,49.15,49.16,3.7037,0.2972,0.219,147.34,147.29,147.3,0.0789,0.0515,0.0259,98.58,99.92,98.32,0.015,0.0235,0.0231,16000,1024,909.88,0.8105,0.1834,0.0047,0.0014
2026-08-28T09:30:10.767+02:00,1000,1024,1024,1056,49,395,0,3272,0,268,0,2.5712,0.2094,0.1582,3.6979,0.3361,0.3288,1.487,1.435,1.553,49.15,49.15,49.14,3.7029,0.2969,0.2193,147.35,147.26,147.5,0.0746,0.05,0.0258,98.47,99.99,98.28,0.0183,0.0223,0.0183,16000,1024,2098.38,0.9592,0.0385,0.0017,0.0007
2026-08-28T09:30:40.763+02:00,1000,1024,1024,1056,49,395,0,3272,0,268,0,2.5951,0.2123,0.2185,3.6996,0.3539,1.0535,1.482,1.445,5.035,49.16,49.16,49.19,3.7346,0.2992,0.2013,147.4,147.45,33.52,0.0714,0.0526,0.0589,98.43,99.84,147.37,0.0213,0.0231,0.0504,16000,1024,974.83,0.8716,0.1222,0.0049,0.0014
2026-08-28T09:31:10.766+02:00,1000,1024,1024,1056,49,395,0,3272,0,268,0,2.609,0.2086,0.1602,3.7593,0.3567,0.3058,1.481,1.445,1.524,49.09,49.09,49.07,3.718,0.2944,0.2208,147.21,147.35,147.2,0.0737,0.0441,0.0278,44.43,99.8,98.11,0.0649,0.0222,0.0297,16000,1024,2043.75,0.9406,0.0573,0.0016,0.0005
2026-08-28T09:31:40.765+02:00,1000,1024,1024,1056,49,395,0,3272,0,268,0,2.6202,0.2124,0.1903,3.7946,0.3794,0.9779,1.487,1.453,5.041,49.16,49.15,49.23,3.7767,0.2992,0.2373,147.46,147.56,59.64,0.0721,0.052,0.0364,98.2,100.09,452.52,0.0199,0.0275,0.0363,16000,1024,1998.87,0.898,0.0946,0.0057,0.0017
2026-08-28T09:32:10.764+02:00,1000,1024,1024,1056,49,395,0,3272,0,268,0,2.6347,0.2101,0.1691,3.7826,0.3455,0.8177,1.487,1.43,2.454,49.09,49.09,49.1,3.7679,0.295,0.2277,147.22,147.32,147.36,0.0756,0.0417,0.0247,54.2,99.96,98.1,0.0579,0.0272,0.0227,16000,1024,2017.44,0.9483,0.0496,0.0017,0.0004
2026-08-28T09:32:40.765+02:00,1000,1024,1024,1056,49,395,0,3272,0,268,0,2.6603,0.2086,0.1685,3.7872,0.3372,0.3429,1.482,1.429,1.527,49.18,49.17,49.17,3.8465,0.2971,0.2342,147.51,147.39,147.36,0.0767,0.0507,0.0286,98.59,100.05,98.27,0.0223,0.0229,0.0255,16000,1024,3382.65,0.9794,0.0197,0.0007,0.0003
2026-08-28T09:33:10.765+02:00,1000,1024,1024,1056,49,395,0,3272,0,268,0,2.6353,0.2099,0.1663,3.7589,0.3511,0.3026,1.483,1.458,1.513,49.16,49.17,49.17,3.8028,0.2986,0.2347,147.46,147.37,147.32,0.0761,0.0501,0.0263,98.52,100.09,98.21,0.0213,0.0248,0.0186,16000,1024,1400.36,0.779,0.2145,0.0057,0.0008
2026-08-28T09:33:40.766+02:00,1000,1024,1024,1056,49,395,0,3272,0,268,0,2.6683,0.2092,0.1763,4.7177,0.3702,0.7644,1.483,1.471,2.54,49.16,49.16,49.18,3.8422,0.2972,0.2297,147.54,147.33,147.52,0.0795,0.0497,0.0316,99.29,100.04,98.11,0.0201,0.0263,0.0306,16000,1024,1463.41,0.8687,0.1263,0.004,0.001
2026-08-28T09:34:10.766+02:00,1000,1024,1024,1056,49,395,0,3272,0,268,0,2.6849,0.211,0.1696,3.8387,0.3574,0.3108,1.479,1.443,1.524,49.16,49.17,49.16,3.8605,0.3016,0.2399,147.43,147.38,98.24,0.0791,0.0522,0.0307,98.45,100.23,147.36,0.0205,0.0253,0.0275,16000,1024,1538.94,0.8992,0.0948,0.0032,0.0028
2026-08-28T09:34:40.767+02:00,1000,1024,1024,1056,49,395,0,3272,0,268,0,2.6921,0.2103,0.1794,3.852,0.3569,0.9414,1.481,1.444,2.76,49.14,49.15,49.14,3.8886,0.3016,0.2432,147.36,147.31,98.19,0.0818,0.048,0.0262,54.44,100.06,147.26,0.0347,0.0282,0.0204,16000,1024,957.46,0.8236,0.1701,0.0051,0.0012
2026-08-28T09:35:10.767+02:00,1000,1024,1024,1056,49,395,0,3272,0,268,0,2.6867,0.2113,0.1709,3.8007,0.3527,0.4638,1.477,1.449,1.558,49.14,49.13,49.14,3.8759,0.2984,0.2399,147.43,147.5,147.47,0.0815,0.0488,0.0311,98.23,99.93,98.47,0.0251,0.0256,0.0243,16000,1024,1877.81,0.9424,0.055,0.0021,0.0006
2026-08-28T09:35:40.768+02:00,1000,1024,1024,1056,49,395,0,3272,0,268,0,2.7032,0.2109,0.1777,3.8825,0.3396,0.7792,1.481,1.437,2.164,49.16,49.14,49.15,3.8975,0.2983,0.2421,147.41,147.49,147.47,0.0805,0.0518,0.0293,98.15,100.03,98.57,0.0246,0.0213,0.0252,16000,1024,1784.63,0.9293,0.0675,0.0024,0.0008
2026-08-28T09:36:10.768+02:00,1000,1024,1024,1056,49,395,0,3272,0,268,0,2.6975,0.2128,0.1718,3.8521,0.375,0.3267,1.484,1.449,1.499,49.06,49.07,49.07,3.843,0.2975,0.2371,147.14,147.07,147.27,0.0803,0.0554,0.0291,54.2,99.75,98.02,0.0522,0.0197,0.027,16000,1024,2056.65,0.8979,0.0988,0.0026,0.0007
2026-08-28T09:36:40.769+02:00,1000,1024,1024,1056,49,395,0,3272,0,268,0,2.7235,0.2115,0.1765,3.8654,0.3504,0.8741,1.477,1.459,2.621,49.16,49.17,49.15,3.9239,0.2992,0.2468,147.38,147.41,147.72,0.0792,0.0507,0.0292,98.46,100.02,98.5,0.021,0.0283,0.0269,16000,1024,1112.54,0.849,0.1466,0.0034,0.001
2026-08-28T09:37:10.770+02:00,1000,1024,1024,1056,49,395,0,3272,0,268,0,2.7378,0.2116,0.1752,3.8917,0.3602,0.5733,1.48,1.452,1.641,49.16,49.16,49.15,3.939,0.3019,0.2376,147.44,147.56,147.48,0.082,0.0528,0.0356,98.12,100.1,98.82,0.0236,0.021,0.0198,16000,1024,2514.02,0.9656,0.033,0.001,0.0003
2026-08-28T09:37:40.771+02:00,1000,1024,1024,1056,49,395,0,3272,0,268,0,0.0237,0.0245,0.1325,0.0785,0.1355,1.4196,3.032,4.778,36.21,165.09,206.3,312.75,0.0078,0.0066,0.0364,74.15,50.07,204.15,0.0072,0.0066,0.0333,154.39,21.98,265.88,0.0066,0.0076,0.0317,16000,1024,1290.61,0.9842,0.0116,0.0035,0.0007
2026-08-28T09:38:10.769+02:00,1000,1024,1024,1056,49,395,0,3272,0,268,0,0.0245,0.0217,0.0304,0.0974,0.0667,0.1021,3.373,2.913,2.898,52.02,111.21,44.17,0.0081,0.0056,0.0111,110.59,159.03,63.14,0.008,0.0055,0.0113,17.38,5.99,72.57,0.007,0.0054,0.0112,16000,1024,1437.14,0.9927,0.0056,0.0015,0.0002
2026-08-28T09:38:40.771+02:00,1000,1024,1024,1056,49,395,0,3272,0,268,0,0.0255,0.0228,0.1238,0.0805,0.094,0.7692,3.051,3.858,25.549,77.0,199.33,20.14,0.0083,0.0076,0.054,28.04,52.56,277.16,0.008,0.0071,0.0512,157.83,126.62,131.01,0.007,0.0074,0.0495,16000,1024,726.69,0.9425,0.0497,0.0069,0.0009
2026-08-28T09:39:10.770+02:00,1000,1024,1024,1056,49,395,0,3272,0,268,0,0.0254,0.0203,0.0318,0.1116,0.0677,0.1129,3.247,2.807,2.861,78.13,10.48,182.84,0.0095,0.0074,0.0096,23.58,181.8,16.44,0.0073,0.0063,0.0092,38.47,125.05,214.69,0.0077,0.006,0.0092,16000,1024,1283.05,0.9918,0.0059,0.002,0.0003
2026-08-28T09:39:40.770+02:00,1000,1024,1024,1056,49,395,0,3272,0,268,0,0.0224,0.0214,0.1103,0.0918,0.0915,1.0628,3.166,4.084,39.907,170.47,22.43,144.4,0.0084,0.0086,0.0259,113.36,34.54,174.2,0.0068,0.0073,0.0275,117.9,105.18,318.97,0.0063,0.0067,0.0271,16000,1024,792.18,0.9817,0.0143,0.0031,0.0009
2026-08-28T09:40:10.771+02:00,1000,1024,1024,1056,49,395,0,3272,0,268,0,0.0227,0.0195,0.0308,0.087,0.0586,0.083,3.233,2.87,2.563,99.5,72.35,85.15,0.0077,0.0057,0.0139,160.33,294.74,43.63,0.0067,0.0055,0.0107,49.7,44.37,111.12,0.0066,0.0063,0.0085,16000,1024,752.19,0.9085,0.0729,0.0156,0.003
2026-08-28T09:40:40.773+02:00,1000,1024,1024,1056,49,395,0,3272,0,268,0,0.0235,0.0219,0.0325,0.0759,0.0654,0.1212,2.905,2.763,3.099,16.18,20.31,96.74,0.0069,0.0079,0.0117,110.58,106.59,10.58,0.0063,0.0073,0.0083,82.63,4.56,35.77,0.0064,0.0064,0.0085,16000,1024,1053.84,0.9931,0.0046,0.0021,0.0003
2026-08-28T09:41:10.772+02:00,1000,1024,1024,1056,49,395,0,3272,0,268,0,0.023,0.0227,0.0749,0.0818,0.0926,0.7265,3.104,3.577,60.107,108.02,24.3,31.06,0.0079,0.006,0.0135,29.33,117.47,120.13,0.0069,0.0061,0.0127,20.63,298.64,114.06,0.0063,0.0056,0.0119,16000,1024,2148.9,0.9959,0.0032,0.0008,0.0001
2026-08-28T09:41:40.772+02:00,1000,1024,1024,1056,49,395,0,3272,0,268,0,0.0235,0.0223,0.1042,0.0713,0.0957,0.739,2.861,3.864,31.23,117.57,32.37,65.5,0.0075,0.0073,0.0153,156.36,46.06,219.2,0.0063,0.007,0.0168,125.33,102.68,25.4,0.0063,0.0066,0.0128,16000,1024,2485.17,0.8193,0.0114,0.1622,0.0071
2026-08-28T09:42:10.777+02:00,1000,1024,1024,1056,49,395,0,3272,0,268,0,0.0228,0.0197,0.032,0.0845,0.0643,0.1033,2.93,2.983,3.002,58.43,126.73,4.68,0.0092,0.0063,0.0119,15.21,85.88,47.76,0.0078,0.006,0.0104,6.2,59.52,175.83,0.0072,0.0059,0.0084,16000,1024,3432.19,0.9978,0.0017,0.0004,0.0001
2026-08-28T09:42:40.775+02:00,1000,1024,1024,1056,49,395,0,3272,0,268,0,0.0234,0.0206,0.0308,0.0742,0.069,0.1128,2.883,2.882,3.073,131.95,28.51,12.81,0.0085,0.0082,0.0088,146.71,73.94,130.49,0.0072,0.0076,0.0091,111.65,11.31,137.83,0.0064,0.0073,0.0079,16000,1024,2626.82,0.9969,0.0026,0.0005,0.0001
2026-08-28T09:43:10.774+02:00,1000,1024,1024,1056,49,395,0,3272,0,268,0,0.0246,0.0205,0.0466,0.081,0.084,0.6991,2.975,3.459,100.859,23.27,35.28,12.75,0.0067,0.0068,0.0166,85.25,171.91,2.78,0.007,0.0065,0.0156,90.11,26.42,105.4,0.0068,0.0059,0.0155,16000,1024,795.41,0.9816,0.0126,0.0052,0.0007
2026-08-28T09:43:40.775+02:00,1000,1024,1024,1056,49,395,0,3272,0,268,0,0.0245,0.0206,0.0313,0.0729,0.0675,0.0961,2.635,2.974,2.763,100.81,82.29,33.95,0.0084,0.0062,0.0102,135.64,15.82,134.87,0.0081,0.0056,0.0094,24.55,76.58,27.64,0.0078,0.0059,0.0091,16000,1024,1310.93,0.9859,0.0092,0.0038,0.0011
2026-08-28T09:44:10.774+02:00,1000,1024,1024,1056,49,395,0,3272,0,268,0,0.0252,0.0211,0.0328,0.1077,0.0663,0.1055,3.397,2.999,2.685,10.52,4.06,32.23,0.0085,0.0064,0.0112,118.67,83.75,220.04,0.0081,0.0062,0.0113,22.97,10.19,25.67,0.0081,0.0059,0.0109,16000,1024,629.16,0.9616,0.0278,0.0096,0.001
2026-08-28T09:44:40.774+02:00,1000,1024,1024,1056,49,395,0,3272,0,268,0,0.0422,0.0251,0.0434,0.1499,0.1306,0.1635,3.324,4.02,3.76,25.32,66.02,25.58,0.0289,0.0068,0.0262,44.91,58.21,33.87,0.0251,0.0065,0.0122,54.05,32.78,63.42,0.0094,0.0065,0.0107,16000,1024,3182.42,0.98,0.0047,0.014,0.0013
2026-08-28T09:45:10.777+02:00,1000,1024,1024,1056,49,395,0,3272,0,268,0,0.0244,0.0242,0.1534,0.0777,0.1328,1.4048,2.908,5.388,30.35,103.06,198.26,7.27,0.009,0.0086,0.0715,110.09,191.37,244.54,0.0073,0.008,0.0497,28.82,65.71,191.0,0.0076,0.0079,0.051,16000,1024,444.45,0.9145,0.0672,0.0166,0.0016
2026-08-28T09:45:40.776+02:00,1000,1024,1024,1056,49,395,0,3272,0,268,0,0.0231,0.0222,0.1007,0.0765,0.1005,1.0386,3.159,4.517,49.193,104.27,210.03,112.53,0.0087,0.0069,0.0202,31.41,97.76,444.46,0.008,0.0066,0.0193,79.88,49.99,169.98,0.0079,0.0063,0.0175,16000,1024,3752.87,0.9867,0.0102,0.0025,0.0006
2026-08-28T09:46:10.778+02:00,1000,1024,1025,1057,49,395,1,3273,0,268,0,0.0228,0.0214,0.0324,0.0708,0.0644,0.1025,2.934,2.809,2.967,230.48,53.09,129.88,0.0074,0.007,0.0106,59.98,175.02,1.72,0.0073,0.0067,0.0103,53.77,37.97,214.54,0.0062,0.0064,0.009,16000,1024,1689.03,0.9954,0.0036,0.0009,0.0001
2026-08-28T09:46:40.781+02:00,1000,1024,1024,1056,49,395,0,3273,0,268,0,0.0233,0.0202,0.0327,0.0852,0.0726,0.1289,3.147,3.141,3.371,32.28,59.97,99.64,0.0095,0.0061,0.0113,7.08,14.47,13.17,0.0093,0.0057,0.0114,16.67,28.36,48.49,0.0079,0.0056,0.0104,16000,1024,3271.54,0.9983,0.0013,0.0004,0.0
2026-08-28T09:47:10.778+02:00,1000,1024,1024,1056,49,395,0,3273,0,268,0,0.0242,0.0201,0.0448,0.0867,0.0689,0.7054,3.282,3.356,118.813,30.2,224.96,154.44,0.0088,0.007,0.0094,257.61,32.16,130.93,0.0065,0.0055,0.0089,104.82,68.11,67.39,0.0067,0.0055,0.0088,16000,1024,365.9,0.9655,0.0267,0.0064,0.0015
2026-08-28T09:47:40.778+02:00,1000,1024,1024,1056,49,395,0,3273,0,268,0,0.0227,0.0213,0.0311,0.0798,0.0653,0.1141,2.71,2.755,3.056,121.69,41.02,76.51,0.0075,0.0072,0.012,32.79,5.3,30.52,0.0072,0.0079,0.0095,18.79,160.18,97.68,0.0058,0.006,0.0093,16000,1024,1430.16,0.9762,0.0168,0.006,0.001
2026-08-28T09:48:10.777+02:00,1000,1024,1024,1056,49,395,0,3273,0,268,0,0.0224,0.0218,0.0674,0.085,0.0895,0.7378,2.962,3.366,79.247,108.58,17.5,18.35,0.0066,0.007,0.0211,6.99,229.4,40.76,0.0065,0.0059,0.0187,177.02,7.39,91.95,0.0059,0.0064,0.0176,16000,1024,2989.43,0.9964,0.003,0.0005,0.0001
2026-08-28T09:48:40.777+02:00,1000,1024,1024,1056,49,395,0,3273,0,268,0,0.0232,0.0209,0.0317,0.0786,0.083,0.1262,3.063,3.177,3.248,24.84,229.23,4.34,0.0075,0.0065,0.0107,32.98,18.35,61.08,0.0069,0.0063,0.0101,247.87,4.02,77.68,0.0061,0.0061,0.0107,16000,1024,495.07,0.9636,0.028,0.0074,0.001
2026-08-28T09:49:10.780+02:00,1000,1024,1024,1056,49,395,0,3273,0,268,0,0.0229,0.022,0.2274,0.0716,0.0711,0.6522,2.86,3.005,4.468,23.52,91.46,1.46,0.0112,0.007,0.1247,41.17,5.84,141.49,0.0071,0.0056,0.0822,211.63,114.39,281.3,0.0068,0.0053,0.0818,16000,1024,1787.54,0.9942,0.005,0.0008,0.0001
2026-08-28T09:49:40.779+02:00,1000,1024,1024,1056,49,395,0,3273,0,268,0,0.0238,0.0209,0.0593,0.0783,0.0821,0.7438,2.973,3.051,91.549,55.35,86.82,84.92,0.0072,0.0065,0.018,194.6,30.13,61.89,0.0067,0.0065,0.016,31.12,216.93,107.22,0.0066,0.0054,0.0157,16000,1024,449.99,0.8935,0.0806,0.0237,0.0022
2026-08-28T09:50:10.779+02:00,1000,1024,1024,1056,49,395,0,3273,0,268,0,0.0238,0.0219,0.0323,0.086,0.0692,0.1179,3.114,2.696,3.258,72.02,45.76,25.09,0.0085,0.0071,0.0097,80.12,237.41,39.32,0.008,0.0069,0.0094,153.07,51.49,19.45,0.0071,0.0068,0.0088,16000,1024,2649.88,0.996,0.0032,0.0007,0.0001
2026-08-28T09:50:40.779+02:00,1000,1024,1024,1056,49,395,0,3273,0,268,0,0.0232,0.0195,0.0309,0.0699,0.0641,0.1101,2.967,2.918,2.804,22.55,5.2,2.26,0.0075,0.008,0.0108,36.99,223.8,74.89,0.0074,0.0059,0.0105,6.82,122.92,125.73,0.0072,0.0052,0.0085,16000,1024,3597.6,0.9975,0.0022,0.0003,0.0
2026-08-28T09:51:10.779+02:00,1000,1024,1024,1056,49,395,0,3273,0,268,0,0.0236,0.0202,0.0306,0.086,0.0654,0.0898,3.157,2.996,2.737,51.48,181.1,63.84,0.0076,0.0067,0.0108,92.9,30.11,72.28,0.0071,0.006,0.0099,133.62,68.19,169.92,0.007,0.0059,0.0091,16000,1024,1184.76,0.9859,0.0118,0.0021,0.0003
2026-08-28T09:51:40.780+02:00,1000,1024,1024,1056,49,395,0,3273,0,268,0,0.0237,0.0196,0.0307,0.0733,0.0765,0.1052,3.088,3.323,2.719,23.12,155.87,91.71,0.0086,0.0059,0.0098,62.3,20.64,132.42,0.0076,0.0056,0.0097,41.46,96.17,44.01,0.0065,0.0057,0.009,16000,1024,558.83,0.9603,0.0334,0.0054,0.0008
2026-08-28T09:52:10.780+02:00,1000,1024,1024,1056,49,395,0,3273,0,268,0,0.0238,0.0202,0.0305,0.0901,0.0697,0.1018,3.232,3.013,3.167,4.75,10.42,82.76,0.0079,0.0072,0.0109,48.11,206.06,13.21,0.0076,0.0066,0.0085,94.79,64.71,94.39,0.0071,0.0068,0.0079,16000,1024,1091.7,0.9841,0.0121,0.0033,0.0005
2026-08-28T09:52:40.781+02:00,1000,1024,1024,1056,49,395,0,3273,0,268,0,0.0232,0.0227,0.1017,0.081,0.1071,0.7303,2.986,4.894,36.363,67.02,81.28,289.89,0.0079,0.0093,0.0392,87.96,27.65,140.84,0.0071,0.0085,0.0326,73.92,156.85,318.92,0.007,0.0067,0.0321,16000,1024,2098.93,0.9886,0.01,0.0012,0.0002
2026-08-28T09:53:10.781+02:00,1000,1024,1024,1056,49,395,0,3273,0,268,0,0.025,0.021,0.0324,0.0826,0.0594,0.1303,3.126,2.629,2.98,80.94,36.58,6.98,0.0088,0.0081,0.0114,27.21,65.4,128.07,0.0075,0.0056,0.0104,2.64,83.81,60.16,0.0075,0.0054,0.0111,16000,1024,2983.36,0.9975,0.0018,0.0006,0.0001
2026-08-28T09:53:40.783+02:00,1000,1024,1024,1056,49,395,0,3273,0,268,0,0.024,0.0222,0.0914,0.088,0.0855,0.7587,3.056,3.477,46.0,25.42,233.27,159.38,0.0086,0.0068,0.029,106.43,57.16,143.65,0.0064,0.0073,0.0282,36.88,76.17,87.71,0.0064,0.0062,0.0278,16000,1024,727.31,0.9536,0.0381,0.0074,0.0009
2026-08-28T09:54:10.783+02:00,1000,1024,1024,1056,49,395,0,3273,0,268,0,0.0236,0.0229,0.1056,0.0932,0.0886,0.7146,3.412,3.556,32.374,22.59,65.19,91.4,0.0081,0.0074,0.0235,132.52,45.28,56.58,0.0075,0.0065,0.0202,108.31,180.62,214.18,0.0071,0.0059,0.021,16000,1024,1458.46,0.993,0.0053,0.0016,0.0001
2026-08-28T09:54:40.783+02:00,1000,1024,1024,1056,49,395,0,3273,0,268,0,0.025,0.0213,0.0315,0.086,0.0684,0.1218,2.789,2.911,3.071,108.01,34.88,49.82,0.0113,0.0074,0.0114,126.17,134.87,242.39,0.0092,0.0073,0.0083,86.52,67.01,121.62,0.0079,0.0067,0.0083,16000,1024,767.93,0.9787,0.0168,0.004,0.0004
2026-08-28T09:55:10.784+02:00,1000,1024,1024,1056,49,395,0,3273,0,268,0,0.0238,0.0211,0.0321,0.0833,0.0731,0.105,3.46,2.822,2.669,30.13,74.4,137.0,0.0067,0.0066,0.0118,49.44,326.18,50.67,0.0065,0.0062,0.0107,23.64,57.36,86.27,0.0063,0.0062,0.0097,16000,1024,1389.64,0.9883,0.0089,0.0026,0.0003
2026-08-28T09:55:40.785+02:00,1000,1024,1024,1056,49,395,1,3274,0,268,0,0.023,0.0222,0.031,0.0815,0.0804,0.1047,3.101,3.154,2.984,90.76,38.24,36.02,0.0072,0.0068,0.0134,162.1,52.85,89.5,0.0072,0.0059,0.0113,76.58,14.94,138.96,0.0075,0.0058,0.0097,16000,1024,1176.35,0.9826,0.0134,0.0034,0.0006
2026-08-28T09:56:10.785+02:00,1000,1024,1024,1056,49,395,0,3274,0,268,0,0.0234,0.0219,0.0312,0.0637,0.0902,0.0986,2.681,3.489,3.138,82.91,125.93,61.72,0.0082,0.0065,0.0089,56.4,63.86,10.59,0.0068,0.0066,0.0088,161.14,138.7,80.15,0.0064,0.0062,0.0084,16000,1024,5130.0,0.9995,0.0004,0.0002,0.0
2026-08-28T09:56:40.785+02:00,1000,1024,1024,1056,49,395,0,3274,0,268,0,0.0237,0.0201,0.0321,0.064,0.0726,0.1123,2.637,3.069,3.078,20.63,28.25,57.52,0.0072,0.006,0.0107,46.42,151.09,133.01,0.008,0.006,0.0087,133.27,86.45,163.83,0.0071,0.0055,0.0087,16000,1024,1565.18,0.9938,0.0046,0.0014,0.0002
2026-08-28T09:57:10.786+02:00,1000,1024,1024,1056,49,395,0,3274,0,268,0,0.0228,0.0201,0.0321,0.0784,0.0704,0.1123,2.829,3.03,3.142,126.04,225.26,69.33,0.009,0.007,0.0103,99.91,60.03,138.17,0.008,0.0074,0.0103,244.96,125.63,36.92,0.0071,0.0066,0.0098,16000,1024,2567.55,0.9968,0.0025,0.0006,0.0001
2026-08-28T09:57:40.786+02:00,1000,1024,1024,1056,49,395,0,3274,0,268,0,0.0221,0.0198,0.0303,0.0917,0.0771,0.0913,3.217,3.102,2.749,62.75,69.72,149.84,0.0071,0.0072,0.0116,53.9,81.22,55.28,0.0064,0.0056,0.0103,272.57,218.04,184.69,0.006,0.0055,0.0099,16000,1024,597.82,0.9722,0.019,0.0081,0.0007
2026-08-28T09:58:10.791+02:00,1000,1024,1024,1056,49,395,0,3274,0,268,0,0.0233,0.021,0.0315,0.0762,0.078,0.0969,2.833,3.25,2.629,115.43,71.41,141.4,0.0083,0.0071,0.01,36.53,182.49,85.3,0.0072,0.0067,0.01,27.45,10.36,197.26,0.0061,0.0064,0.0089,16000,1024,588.12,0.9796,0.0142,0.0056,0.0006
2026-08-28T09:58:40.785+02:00,1000,1024,1024,1056,49,395,0,3274,0,268,0,0.0222,0.0217,0.0325,0.0665,0.0777,0.0991,2.864,3.114,2.902,209.95,64.38,141.63,0.009,0.0072,0.011,157.12,141.45,3.09,0.0069,0.007,0.0104,100.73,22.24,26.69,0.0059,0.0063,0.0108,16000,1024,1590.99,0.9896,0.0083,0.0019,0.0002
2026-08-28T09:59:10.787+02:00,1000,1024,1024,1056,49,395,0,3274,0,268,0,0.0226,0.0212,0.0473,0.088,0.0738,0.7234,3.126,2.901,110.737,144.46,67.02,254.93,0.0061,0.0071,0.0143,48.06,32.38,65.48,0.0058,0.0064,0.0129,3.91,116.55,12.41,0.0057,0.0069,0.0122,16000,1024,539.97,0.9413,0.0489,0.0086,0.0012
2026-08-28T09:59:40.787+02:00,1000,1024,1024,1056,49,395,0,3274,0,268,0,0.0229,0.02,0.0445,0.0683,0.0823,0.6436,2.81,3.132,82.42,15.03,107.62,183.45,0.0074,0.0066,0.0146,37.26,149.0,83.42,0.007,0.0073,0.0164,201.17,142.15,138.42,0.0063,0.006,0.0124,16000,1024,600.21,0.9776,0.0138,0.0079,0.0007
2026-08-28T10:00:10.787+02:00,1000,1024,1024,1056,49,395,0,3274,0,268,0,0.0234,0.0211,0.0327,0.08,0.0786,0.1212,3.115,3.356,2.97,52.82,77.06,82.75,0.0084,0.0057,0.0119,69.1,27.48,178.75,0.0068,0.0057,0.0094,2.03,46.59,130.84,0.0062,0.0058,0.009,16000,1024,717.1,0.9917,0.0057,0.0023,0.0003
2026-08-28T10:00:40.792+02:00,1000,1024,1024,1056,49,395,3,3277,0,268,0,0.0226,0.0203,0.0308,0.0786,0.067,0.0865,2.972,2.956,2.656,195.32,175.36,115.53,0.0075,0.0074,0.0105,26.52,141.04,54.7,0.0068,0.0062,0.0089,115.61,115.8,109.64,0.006,0.0068,0.0088,16000,1024,956.92,0.9899,0.0072,0.0026,0.0003
2026-08-28T10:01:10.788+02:00,1000,1024,1024,1056,49,395,0,3277,0,268,0,0.0229,0.021,0.0651,0.0743,0.104,0.7062,2.854,3.965,74.186,79.89,77.01,212.64,0.0078,0.0094,0.0197,51.43,138.55,158.11,0.0064,0.007,0.0165,72.3,125.35,39.08,0.0058,0.0063,0.0162,16000,1024,360.08,0.8829,0.1005,0.0146,0.002
2026-08-28T10:01:40.791+02:00,1000,1024,1024,1056,49,395,0,3277,0,268,0,0.022,0.0204,0.0323,0.0703,0.065,0.0935,2.847,3.088,2.823,117.83,6.56,9.27,0.0069,0.0068,0.0112,83.12,62.52,80.91,0.0062,0.0062,0.0093,241.07,76.42,111.51,0.0062,0.0057,0.0092,16000,1024,2372.21,0.9858,0.0109,0.0026,0.0006
2026-08-28T10:02:10.790+02:00,1000,1024,1024,1056,49,395,0,3277,0,268,0,0.0248,0.0216,0.0313,0.0838,0.061,0.098,3.097,2.616,2.896,88.65,27.33,36.73,0.0073,0.0065,0.0106,112.46,93.67,60.29,0.0066,0.0061,0.0087,75.03,16.42,115.87,0.0062,0.0057,0.0089,16000,1024,611.14,0.9831,0.0094,0.007,0.0005
2026-08-28T10:02:40.788+02:00,1000,1024,1024,1056,49,395,1,3278,0,268,0,0.0228,0.02,0.0311,0.0678,0.0635,0.1022,2.756,2.69,2.871,126.48,129.09,109.59,0.0073,0.0061,0.0101,14.58,80.67,43.15,0.0065,0.0064,0.0096,73.32,26.64,93.49,0.0064,0.0057,0.0094,16000,1024,1942.57,0.9974,0.002,0.0006,0.0001
2026-08-28T10:03:10.791+02:00,1000,1024,1024,1056,49,395,0,3278,0,268,0,0.0229,0.0207,0.0473,0.0682,0.0696,0.7142,2.714,3.213,106.828,77.44,85.93,120.98,0.0079,0.0062,0.0131,182.61,218.97,23.28,0.0069,0.0061,0.0104,175.96,200.52,57.6,0.0069,0.0057,0.0098,16000,1024,3046.34,0.9968,0.0027,0.0004,0.0001
2026-08-28T10:03:40.791+02:00,1000,1024,1024,1056,49,395,0,3278,0,268,0,0.0218,0.0217,0.0666,0.0753,0.0933,0.7193,2.999,3.415,70.1,69.94,84.14,33.29,0.0085,0.0074,0.0228,27.19,116.84,200.11,0.006,0.0076,0.0216,156.92,140.88,49.93,0.0061,0.0066,0.0213,16000,1024,2097.87,0.9563,0.0338,0.0081,0.0018
2026-08-28T10:04:10.791+02:00,1000,1024,1024,1056,49,396,0,3278,0,268,0,0.0199,0.0212,0.0807,0.0647,0.0901,0.74,2.954,3.579,53.603,15.62,100.26,45.09,0.0069,0.0076,0.0248,26.82,55.08,23.51,0.0062,0.0071,0.0243,92.4,164.09,135.23,0.0056,0.0066,0.0285,16000,1024,452.5,0.9304,0.0616,0.007,0.0009
2026-08-28T10:04:40.791+02:00,1000,1024,1024,1056,49,397,0,3278,0,268,0,0.0228,0.0225,0.0321,0.0897,0.0833,0.1078,2.959,3.322,3.002,140.78,7.91,109.33,0.0073,0.0083,0.0111,123.33,51.6,121.09,0.0058,0.0082,0.0107,74.72,63.17,3.7,0.0064,0.0068,0.0093,16000,1024,854.18,0.9886,0.0083,0.0027,0.0003
2026-08-28T10:05:10.791+02:00,1000,1024,1024,1056,49,398,0,3278,0,268,0,0.0222,0.0237,0.1202,0.0677,0.1017,0.7806,2.938,4.306,25.076,7.67,309.66,199.08,0.0069,0.0067,0.0424,29.83,11.54,78.13,0.0075,0.0063,0.0415,92.3,333.61,277.86,0.0069,0.0066,0.0392,16000,1024,586.18,0.9523,0.0395,0.0074,0.0008
2026-08-28T10:05:40.792+02:00,1000,1024,1024,1056,49,398,0,3278,0,268,0,0.0241,0.0202,0.0326,0.0759,0.0632,0.1032,2.954,2.724,3.003,89.41,112.93,42.93,0.0079,0.0059,0.0107,211.77,133.31,61.17,0.0077,0.0057,0.0095,180.57,140.94,135.08,0.0077,0.0054,0.0093,16000,1024,305.71,0.8842,0.093,0.0201,0.0027
2026-08-28T10:06:10.791+02:00,1000,1024,1024,1056,49,398,0,3278,0,268,0,0.0234,0.0206,0.0325,0.085,0.07,0.0959,3.014,3.132,2.832,122.05,32.93,199.92,0.0071,0.0071,0.0099,102.72,178.54,126.02,0.0071,0.0068,0.0082,11.45,70.19,41.07,0.0068,0.0065,0.0081,16000,1024,1061.27,0.988,0.0079,0.0036,0.0005
2026-08-28T10:06:40.792+02:00,1000,1024,1024,1056,49,398,0,3278,0,268,0,0.023,0.0204,0.0337,0.0766,0.0762,0.1031,2.814,3.369,2.836,96.51,135.83,82.69,0.0079,0.007,0.0127,4.38,253.36,53.83,0.0073,0.0069,0.0111,60.05,47.8,108.89,0.0065,0.0063,0.0109,16000,1024,387.11,0.9601,0.0325,0.0064,0.0009
2026-08-28T10:07:10.792+02:00,1000,1024,1024,1056,49,398,0,3278,0,268,0,0.0231,0.0214,0.031,0.0849,0.0788,0.095,3.313,3.181,2.867,162.49,2.72,122.32,0.0079,0.0074,0.01,9.61,97.83,77.75,0.0073,0.0071,0.0091,5.37,202.82,242.8,0.0088,0.0065,0.0089,16000,1024,600.97,0.9764,0.0168,0.0061,0.0007
2026-08-28T10:07:40.793+02:00,1000,1024,1024,1056,49,398,0,3278,0,268,0,0.0238,0.0209,0.0306,0.0774,0.0792,0.0997,2.99,3.102,3.001,40.48,146.7,98.8,0.0086,0.0061,0.0099,17.17,14.77,24.23,0.0067,0.0056,0.0087,81.29,152.35,39.22,0.0065,0.0056,0.0081,16000,1024,2201.46,0.9481,0.0393,0.0102,0.0024
2026-08-28T10:08:10.793+02:00,1000,1024,1024,1056,49,398,0,3278,0,268,0,2.2169,0.2219,0.1302,3.1687,0.3725,0.2517,1.486,1.566,1.595,49.03,49.04,49.03,3.1584,0.3122,0.1793,146.99,147.11,97.95,0.0612,0.0378,0.0231,196.03,99.9,195.87,0.0222,0.0152,0.0172,16000,1024,1495.52,0.9151,0.0807,0.0032,0.0009
2026-08-28T10:08:40.793+02:00,1000,1024,1024,1056,49,398,0,3278,0,268,0,2.1902,0.2368,0.1511,3.1347,0.4008,0.7779,1.485,1.537,5.939,49.14,49.15,49.14,3.1569,0.3379,0.179,147.37,147.54,98.28,0.053,0.0337,0.0197,196.58,100.03,147.43,0.0245,0.0192,0.0188,16000,1024,863.88,0.9168,0.0751,0.0054,0.0028
2026-08-28T10:09:10.795+02:00,1000,1024,1024,1056,49,398,0,3278,0,268,0,2.087,0.2326,0.1205,3.0224,0.387,0.2657,1.497,1.546,1.667,49.16,49.16,49.16,3.0203,0.3343,0.1656,147.36,147.29,98.46,0.0467,0.0316,0.0198,196.69,100.03,147.1,0.0201,0.0247,0.013,16000,1024,1097.41,0.9282,0.0653,0.0043,0.0022
2026-08-28T10:09:40.796+02:00,1000,1024,1024,1056,49,398,0,3278,0,268,0,2.077,0.2336,0.129,3.0154,0.3848,0.7791,1.496,1.525,6.482,49.19,49.19,49.23,3.0071,0.3334,0.167,147.51,147.74,147.35,0.0535,0.0322,0.0195,196.86,99.95,97.91,0.0172,0.0228,0.0191,16000,1024,3626.32,0.9702,0.0237,0.0049,0.0012
2026-08-28T10:10:10.794+02:00,1000,1024,1024,1056,49,398,0,3278,0,268,0,2.0435,0.229,0.1164,2.9797,0.3943,0.264,1.494,1.552,1.73,49.18,49.17,49.19,2.9472,0.3286,0.1575,147.47,147.62,98.54,0.0421,0.0308,0.0198,196.53,99.99,196.51,0.0207,0.0158,0.014,16000,1024,536.05,0.9088,0.0764,0.0104,0.0043
2026-08-28T10:10:40.795+02:00,1000,1024,1024,1056,49,398,0,3278,0,268,0,2.0554,0.2302,0.1151,2.9833,0.3921,0.6285,1.504,1.555,3.313,49.16,49.17,49.17,2.9602,0.3301,0.1437,147.48,147.66,99.12,0.0505,0.0289,0.0298,196.63,100.31,56.11,0.0195,0.0185,0.0155,16000,1024,671.03,0.8674,0.1219,0.0067,0.004
2026-08-28T10:11:10.795+02:00,1000,1024,1024,1056,49,398,0,3278,0,268,0,2.0786,0.2272,0.1127,3.0135,0.3896,0.2426,1.502,1.558,1.805,49.11,49.11,49.09,2.9999,0.3252,0.1551,147.28,147.36,98.03,0.0469,0.0259,0.0195,54.71,99.83,196.11,0.0207,0.0228,0.0163,16000,1024,1116.86,0.8897,0.1035,0.005,0.0019
2026-08-28T10:11:40.797+02:00,1000,1024,1024,1056,49,398,0,3278,0,268,0,2.1033,0.228,0.1195,3.0085,0.3845,0.2533,1.493,1.539,1.705,49.16,49.16,49.15,3.035,0.3278,0.1648,147.41,147.29,99.91,0.0514,0.0296,0.0156,196.68,100.01,27.96,0.0209,0.0192,0.0108,16000,1024,1188.27,0.9418,0.0506,0.0059,0.0017
2026-08-28T10:12:10.798+02:00,1000,1024,1024,1056,49,398,0,3278,0,268,0,2.0919,0.2255,0.1179,3.0151,0.3868,0.2532,1.504,1.556,1.724,49.02,49.02,49.03,2.9546,0.3158,0.1624,53.31,147.09,98.56,0.0694,0.0298,0.0212,44.43,99.86,196.29,0.0603,0.0213,0.0153,16000,1024,635.79,0.8223,0.1608,0.0123,0.0046
2026-08-28T10:12:40.797+02:00,1000,1024,1024,1056,49,398,0,3278,0,268,0,2.1075,0.2254,0.1176,3.0537,0.3723,0.2438,1.504,1.546,1.706,49.14,49.15,49.15,3.0424,0.3208,0.1624,147.43,147.46,98.75,0.0527,0.0283,0.017,196.54,100.08,43.82,0.0163,0.0175,0.0112,16000,1024,846.24,0.9481,0.0461,0.0045,0.0013
2026-08-28T10:13:10.797+02:00,1000,1024,1024,1056,49,398,1,3279,1,269,0,2.1076,0.2256,0.1147,3.0483,0.3737,0.2316,1.498,1.535,1.736,49.15,49.15,49.15,3.0306,0.3213,0.1548,147.42,147.54,98.45,0.0556,0.0278,0.0205,196.62,99.88,64.47,0.0211,0.0191,0.011,16000,1024,1173.37,0.934,0.06,0.0045,0.0014
2026-08-28T10:13:40.799+02:00,1000,1024,1024,1056,49,398,0,3279,0,269,0,2.1352,0.2245,0.1177,3.0869,0.3891,0.2351,1.501,1.551,1.713,49.15,49.14,49.16,3.0762,0.3205,0.1602,147.39,147.61,98.98,0.0537,0.0277,0.0169,196.44,100.17,147.42,0.0214,0.0197,0.0148,16000,1024,1240.4,0.9077,0.0859,0.0048,0.0016
2026-08-28T10:14:10.803+02:00,1000,1024,1024,1056,49,398,0,3279,0,269,0,2.1483,0.2235,0.1154,3.0978,0.3867,0.2298,1.498,1.54,1.709,49.14,49.14,49.13,3.0833,0.3184,0.1525,147.39,147.25,98.55,0.0532,0.0288,0.021,196.57,99.9,147.4,0.0192,0.021,0.0107,16000,1024,708.37,0.8382,0.1493,0.0092,0.0033
2026-08-28T10:14:40.799+02:00,1000,1024,1024,1056,49,398,0,3279,0,269,0,2.1453,0.2229,0.1276,3.1473,0.3938,0.8184,1.506,1.543,6.273,49.14,49.14,49.18,3.094,0.3182,0.1584,147.35,147.48,147.5,0.0533,0.0276,0.0195,196.37,99.95,98.43,0.018,0.0173,0.0194,16000,1024,1680.68,0.9364,0.0592,0.0032,0.0012
2026-08-28T10:15:10.798+02:00,1000,1024,1024,1056,49,398,0,3279,0,269,0,2.1743,0.2244,0.1481,3.1425,0.3762,0.7993,1.505,1.541,8.262,49.16,49.16,49.15,3.1378,0.3203,0.167,147.47,147.39,77.26,0.0528,0.0262,0.028,196.6,100.14,120.28,0.0204,0.0212,0.0269,16000,1024,1300.05,0.9366,0.0531,0.0082,0.0021
2026-08-28T10:15:40.804+02:00,1000,1024,1024,1056,49,398,0,3279,0,269,0,2.1908,0.2231,0.121,3.1616,0.384,0.2603,1.506,1.541,1.701,49.13,49.12,49.12,3.1687,0.3179,0.1672,147.39,147.54,99.2,0.0491,0.0255,0.0187,196.47,100.04,147.46,0.0204,0.0213,0.0134,16000,1024,926.89,0.9228,0.0544,0.0191,0.0036
2026-08-28T10:16:10.800+02:00,1000,1024,1024,1056,49,398,0,3279,0,269,0,2.2,0.2244,0.19,3.1882,0.3844,1.4495,1.503,1.548,11.849,49.09,49.1,49.15,3.1557,0.3188,0.1956,53.22,147.36,258.77,0.0496,0.0323,0.0411,147.17,99.96,124.13,0.0457,0.0258,0.04,16000,1024,2004.38,0.9608,0.0352,0.0029,0.0011
2026-08-28T10:16:40.802+02:00,1000,1024,1024,1056,49,398,0,3279,0,269,0,2.2323,0.225,0.183,3.2144,0.3976,1.3348,1.495,1.555,10.647,49.14,49.16,49.13,3.2076,0.3231,0.1904,147.43,147.65,203.99,0.0587,0.0345,0.0575,196.57,100.14,19.58,0.0156,0.0244,0.0502,16000,1024,2609.82,0.9861,0.012,0.0014,0.0005
2026-08-28T10:17:10.800+02:00,1000,1024,1024,1056,49,398,0,3279,0,269,0,2.2324,0.2212,0.125,3.2079,0.3657,0.2405,1.499,1.564,1.711,49.12,49.11,49.15,3.2054,0.3153,0.1751,147.38,147.37,98.89,0.0518,0.0287,0.0216,196.5,100.14,147.48,0.0172,0.0219,0.0163,16000,1024,532.85,0.7246,0.2556,0.014,0.0058
2026-08-28T10:18:10.801+02:00,1000,1024,1024,1056,50,398,0,3280,0,269,0,2.2381,0.2195,0.1227,3.2306,0.3713,0.2341,1.506,1.549,1.683,49.11,49.11,49.1,3.2176,0.3112,0.1643,147.27,147.39,98.44,0.0556,0.033,0.0229,196.33,100.07,147.13,0.0186,0.0227,0.0151,16000,1024,882.93,0.8636,0.123,0.0108,0.0027
2026-08-28T10:18:40.801+02:00,1000,1024,1024,1056,50,398,0,3280,0,269,0,2.2928,0.223,0.1299,3.3164,0.3741,0.2559,1.5,1.556,1.698,49.13,49.13,49.13,3.297,0.3177,0.1769,147.35,147.36,98.71,0.0609,0.0339,0.0215,196.34,100.12,196.26,0.0173,0.0188,0.014,16000,1024,947.52,0.9169,0.0753,0.0063,0.0015
2026-08-28T10:19:10.802+02:00,1000,1024,1024,1056,50,398,0,3280,0,269,0,2.3221,0.2228,0.1351,3.3331,0.3825,0.2525,1.497,1.567,1.61,49.02,49.02,49.03,3.2808,0.3135,0.1862,54.2,147.1,147.17,0.062,0.0323,0.0178,43.46,99.96,245.07,0.0485,0.0225,0.0139,16000,1024,889.31,0.9192,0.0702,0.009,0.0016
2026-08-28T10:19:40.802+02:00,1000,1024,1024,1056,50,398,0,3280,0,269,0,2.3095,0.2268,0.2237,3.326,0.4022,1.3394,1.503,1.561,7.385,49.14,49.13,49.14,3.3252,0.3217,0.1948,147.3,147.41,114.79,0.0542,0.0336,0.0661,196.21,100.1,410.45,0.0145,0.0177,0.0519,16000,1024,2064.95,0.963,0.0311,0.0047,0.0012
2026-08-28T10:20:10.802+02:00,1000,1024,1024,1056,50,398,0,3280,0,269,0,2.3354,0.2248,0.2022,3.3758,0.4128,0.8089,1.506,1.562,6.211,49.0,49.01,49.01,3.3105,0.3163,0.1804,53.22,146.95,392.66,0.0805,0.0299,0.0456,43.46,99.64,28.9,0.0561,0.0201,0.0465,16000,1024,1204.29,0.9078,0.0829,0.0075,0.0017
2026-08-28T10:20:40.803+02:00,1000,1024,1024,1056,50,399,0,3280,0,269,0,2.3447,0.2211,0.1777,3.4012,0.3817,0.787,1.499,1.576,5.942,49.13,49.13,49.18,3.3726,0.3159,0.1636,147.34,147.36,177.91,0.0533,0.0308,0.0435,196.38,100.16,254.31,0.0153,0.0218,0.0433,16000,1024,554.34,0.8232,0.1604,0.0128,0.0036
2026-08-28T10:21:10.805+02:00,1000,1024,1024,1056,50,399,0,3280,0,269,0,2.3772,0.2215,0.1497,3.4286,0.4001,0.7884,1.503,1.56,4.933,49.13,49.13,49.13,3.4168,0.3155,0.1761,147.39,147.46,146.99,0.0584,0.0368,0.0314,196.36,100.13,208.84,0.0137,0.0185,0.0259,16000,1024,714.56,0.8972,0.0847,0.0146,0.0035
2026-08-28T10:21:40.804+02:00,1000,1024,1024,1056,50,399,0,3280,0,269,0,2.3946,0.2241,0.1823,3.4612,0.3828,0.8147,1.5,1.554,5.925,49.14,49.14,49.13,3.4521,0.3199,0.1694,147.34,147.34,147.09,0.0569,0.0321,0.0473,196.39,99.9,248.27,0.0164,0.0221,0.0438,16000,1024,817.58,0.8741,0.1138,0.0096,0.0026
2026-08-28T10:22:10.805+02:00,1000,1024,1024,1056,50,399,0,3280,0,269,0,2.3959,0.2211,0.139,3.4343,0.3991,0.313,1.496,1.579,1.641,49.13,49.15,49.15,3.4486,0.3133,0.1922,147.35,147.19,98.13,0.0565,0.032,0.0228,196.41,99.96,147.53,0.0204,0.0195,0.0178,16000,1024,1165.55,0.9392,0.0533,0.0063,0.0011
2026-08-28T10:22:40.806+02:00,1000,1024,1024,1056,50,399,0,3280,0,269,0,2.4091,0.2244,0.2123,3.5026,0.389,0.8139,1.493,1.565,5.643,49.14,49.13,49.17,3.4673,0.317,0.1841,147.33,147.19,390.02,0.0541,0.0347,0.0575,196.65,100.11,35.36,0.0198,0.0223,0.0463,16000,1024,654.7,0.787,0.1951,0.0148,0.0031
2026-08-28T10:23:10.806+02:00,1000,1024,1024,1056,50,399,0,3280,0,269,0,2.4224,0.2197,0.1414,3.4961,0.379,0.3058,1.503,1.577,1.725,49.12,49.12,49.12,3.5022,0.311,0.1982,147.34,147.25,98.57,0.0513,0.0325,0.0143,44.43,100.04,71.51,0.0203,0.0221,0.0139,16000,1024,1750.48,0.9521,0.0427,0.0042,0.001
2026-08-28T10:23:40.807+02:00,1000,1024,1024,1056,50,399,0,3280,0,269,0,2.4334,0.2228,0.1483,3.5232,0.3877,0.5585,1.504,1.581,2.191,49.13,49.13,49.11,3.5008,0.3167,0.1927,147.38,147.4,99.49,0.0565,0.0362,0.0255,196.68,100.18,94.87,0.0198,0.022,0.0194,16000,1024,998.83,0.9642,0.0322,0.0028,0.0007
2026-08-28T10:24:10.807+02:00,1000,1024,1024,1056,50,399,0,3280,0,269,0,2.4409,0.2211,0.1716,3.4937,0.3846,0.8355,1.495,1.6,5.962,49.05,49.04,49.02,3.4732,0.31,0.1879,54.2,147.4,97.9,0.0509,0.0285,0.0281,43.46,99.93,22.58,0.0502,0.0236,0.0271,16000,1024,1419.95,0.9659,0.0294,0.0041,0.0006
2026-08-28T10:24:40.808+02:00,1000,1024,1024,1056,50,399,0,3280,0,269,0,2.4463,0.2198,0.1418,3.513,0.3859,0.2649,1.499,1.585,1.622,49.11,49.11,49.12,3.5136,0.3133,0.1965,147.29,147.16,97.89,0.0514,0.0338,0.0212,196.48,99.84,147.44,0.0162,0.0183,0.0153,16000,1024,709.6,0.6702,0.2994,0.0248,0.0055
2026-08-28T10:25:10.806+02:00,1000,1024,1024,1056,50,399,0,3280,0,269,0,2.4721,0.2169,0.1442,3.6003,0.3714,0.2922,1.495,1.582,1.667,49.12,49.11,49.1,3.5487,0.3079,0.1984,147.29,147.37,99.02,0.0563,0.0291,0.0152,196.36,100.12,147.31,0.0168,0.022,0.0147,16000,1024,1990.33,0.9309,0.0641,0.0042,0.0008
2026-08-28T10:25:40.810+02:00,1000,1024,1024,1056,50,399,0,3280,0,269,0,2.4681,0.2165,0.1437,3.5356,0.3796,0.2903,1.495,1.607,1.641,49.11,49.11,49.1,3.542,0.3059,0.2,147.29,147.36,98.94,0.0548,0.0335,0.0222,196.43,100.18,147.09,0.0176,0.0222,0.0136,16000,1024,3821.18,0.9677,0.0276,0.0037,0.001
2026-08-28T10:26:10.809+02:00,1000,1024,1024,1056,50,399,0,3280,0,269,0,2.4836,0.2173,0.1419,3.5648,0.3814,0.276,1.498,1.601,1.622,49.02,49.02,49.03,3.5324,0.3081,0.1926,54.2,147.06,97.69,0.0493,0.028,0.0187,43.46,99.94,24.66,0.0476,0.0195,0.0156,16000,1024,1073.65,0.907,0.0841,0.0072,0.0017
2026-08-28T10:26:40.806+02:00,1000,1024,1024,1056,50,399,1,3281,0,269,0,2.4967,0.2168,0.1461,3.6262,0.3673,0.2828,1.497,1.591,1.619,49.11,49.11,49.09,3.4344,0.3017,0.1938,34.33,147.18,24.63,0.2357,0.0343,0.0211,40.79,44.38,31.44,0.2344,0.0205,0.0188,16000,1024,749.21,0.881,0.103,0.0136,0.0024
2026-08-28T10:27:10.808+02:00,1000,1024,1024,1056,50,399,0,3281,0,269,0,2.4982,0.2191,0.2142,3.5844,0.3833,1.3762,1.494,1.596,8.775,48.99,48.99,48.98,3.5204,0.3092,0.1889,54.2,99.74,166.69,0.0631,0.0225,0.0572,43.46,146.94,90.79,0.0593,0.0255,0.0531,16000,1024,893.5,0.916,0.0754,0.0071,0.0015
2026-08-28T10:27:40.810+02:00,1000,1024,1024,1056,50,399,0,3281,0,269,0,2.5305,0.2198,0.1469,3.6753,0.3849,0.2816,1.496,1.597,1.594,49.07,49.07,49.05,3.6186,0.3087,0.2064,147.13,147.17,98.67,0.0506,0.0312,0.0223,54.2,100.02,147.08,0.0394,0.0237,0.0199,16000,1024,1062.2,0.8928,0.0953,0.0095,0.0024
2026-08-28T10:28:10.809+02:00,1000,1024,1024,1056,50,399,0,3281,0,269,0,2.5313,0.2214,0.1496,3.6495,0.3723,0.2976,1.494,1.579,1.607,49.12,49.12,49.1,3.6381,0.3148,0.2061,147.25,147.47,99.05,0.0569,0.0302,0.0222,196.21,100.04,147.19,0.0179,0.018,0.0182,16000,1024,2223.63,0.9658,0.0299,0.0035,0.0008
2026-08-28T10:28:40.811+02:00,1000,1024,1024,1056,50,399,0,3281,0,269,0,2.5555,0.2214,0.1497,3.6789,0.4052,0.2947,1.494,1.574,1.641,49.12,49.11,49.15,3.6673,0.3137,0.2114,147.25,147.4,98.17,0.0569,0.0306,0.0163,196.47,99.94,147.32,0.0164,0.0243,0.0137,16000,1024,728.59,0.8785,0.1066,0.0117,0.0032
2026-08-28T10:29:10.811+02:00,1000,1024,1024,1056,50,399,0,3281,0,269,0,2.5711,0.2254,0.1543,3.6959,0.3891,0.285,1.5,1.571,1.585,49.12,49.12,49.11,3.7021,0.3188,0.2165,147.37,147.49,98.13,0.0529,0.0317,0.0215,196.35,99.78,147.4,0.0168,0.0209,0.0125,16000,1024,1119.77,0.9006,0.0868,0.011,0.0016
2026-08-28T10:29:40.812+02:00,1000,1024,1024,1056,50,399,0,3281,0,269,0,2.5713,0.225,0.1506,3.706,0.3943,0.3061,1.498,1.573,1.611,49.1,49.09,49.1,3.7001,0.3203,0.2106,147.24,147.29,98.59,0.0583,0.0289,0.0186,196.25,99.94,196.32,0.0207,0.0188,0.0163,16000,1024,3235.18,0.9782,0.0177,0.0034,0.0007
2026-08-28T10:30:10.812+02:00,1000,1024,1024,1056,50,399,0,3281,0,269,0,2.5642,0.2235,0.1522,3.6931,0.3787,0.2928,1.498,1.579,1.608,49.1,49.11,49.12,3.6818,0.3182,0.214,147.26,147.28,98.15,0.0537,0.0303,0.017,196.33,99.82,147.38,0.0164,0.0227,0.0145,16000,1024,671.49,0.8897,0.0952,0.0125,0.0026
2026-08-28T10:30:40.816+02:00,1000,1024,1024,1056,50,399,0,3281,0,269,0,2.6,0.2265,0.1564,3.7185,0.3871,0.6201,1.489,1.589,2.162,49.05,49.06,49.07,3.6994,0.3193,0.2002,43.46,147.33,195.93,0.0559,0.025,0.0255,54.2,99.85,100.44,0.0466,0.0201,0.0201,16000,1024,2146.85,0.9688,0.0267,0.004,0.0006
2026-08-28T10:31:40.812+02:00,1000,1024,1024,1056,51,399,0,3282,0,270,0,2.6268,0.2281,0.1589,3.748,0.4056,0.6261,1.494,1.582,1.858,49.14,49.13,49.1,3.7807,0.3227,0.2171,147.37,147.52,98.13,0.0599,0.0288,0.0235,196.41,100.03,196.36,0.0168,0.0224,0.0182,16000,1024,1188.26,0.956,0.0386,0.0045,0.0008
2026-08-28T10:32:10.812+02:00,1000,1024,1024,1056,51,399,0,3282,0,270,0,2.6262,0.2276,0.1602,3.7809,0.3866,0.5985,1.498,1.572,1.855,49.11,49.11,49.11,3.7818,0.3221,0.2221,147.25,147.3,98.46,0.0599,0.0325,0.02,55.66,100.19,196.22,0.0268,0.0227,0.0133,16000,1024,2223.36,0.956,0.0395,0.004,0.0005
2026-08-28T10:32:40.812+02:00,1000,1024,1024,1056,51,399,0,3282,0,270,0,2.6404,0.2239,0.1591,3.7938,0.3962,0.294,1.494,1.602,1.551,49.07,49.07,49.07,3.7863,0.3214,0.2212,147.28,147.03,147.33,0.0582,0.0338,0.0239,53.59,99.93,98.04,0.0442,0.0244,0.0222,16000,1024,1205.16,0.9056,0.0844,0.0067,0.0033
2026-08-28T10:33:10.813+02:00,1000,1024,1024,1056,51,399,0,3282,0,270,0,2.6375,0.2296,0.1768,3.7718,0.3848,0.8134,1.495,1.576,3.504,49.0,49.0,49.01,3.742,0.3206,0.1936,43.3,147.14,245.33,0.0599,0.0261,0.0382,54.2,100.01,215.45,0.0538,0.0226,0.0403,16000,1024,1164.41,0.9441,0.0466,0.0078,0.0015
2026-08-28T10:33:40.813+02:00,1000,1024,1024,1056,51,399,0,3282,0,270,0,2.6431,0.228,0.162,3.8183,0.4218,0.3242,1.49,1.598,1.556,49.11,49.1,49.13,3.7863,0.3242,0.2278,147.28,147.21,147.23,0.0589,0.0343,0.0211,196.38,100.07,98.05,0.0188,0.0222,0.0225,16000,1024,1330.59,0.9364,0.0575,0.0053,0.0008
2026-08-28T10:34:10.814+02:00,1000,1024,1024,1056,51,399,0,3282,0,270,0,2.6686,0.2269,0.1619,3.8055,0.3869,0.3152,1.488,1.576,1.56,49.11,49.11,49.11,3.8228,0.3226,0.2271,147.29,147.21,98.41,0.0563,0.0312,0.019,196.26,99.98,147.33,0.0203,0.0227,0.0127,16000,1024,1306.27,0.9115,0.0763,0.0106,0.0017
2026-08-28T10:34:40.814+02:00,1000,1024,1024,1056,51,399,0,3282,0,270,0,2.657,0.2283,0.1593,3.8005,0.3849,0.2928,1.492,1.587,1.532,49.1,49.1,49.1,3.8143,0.3244,0.2225,147.23,147.3,98.02,0.0601,0.0359,0.022,196.45,100.24,147.29,0.0165,0.0232,0.02,16000,1024,949.4,0.8297,0.1584,0.0102,0.0018
2026-08-28T10:35:10.816+02:00,1000,1024,1024,1056,51,399,1,3283,0,270,0,2.6673,0.2278,0.1732,4.7508,0.3817,0.8133,1.5,1.559,3.748,49.11,49.1,49.1,3.8209,0.3243,0.2273,147.21,147.53,98.59,0.054,0.0309,0.0227,196.24,100.19,147.13,0.0178,0.0212,0.0163,16000,1024,980.97,0.9251,0.0658,0.0078,0.0013
2026-08-28T10:35:40.815+02:00,1000,1024,1024,1056,51,399,0,3283,0,270,0,2.6684,0.2286,0.1633,3.8183,0.3981,0.3001,1.491,1.58,1.548,49.07,49.07,49.07,3.8227,0.3236,0.2292,147.35,147.13,147.37,0.0571,0.034,0.0203,53.51,100.03,98.42,0.0466,0.023,0.0163,16000,1024,798.0,0.8289,0.1548,0.0145,0.0018
2026-08-28T10:36:10.816+02:00,1000,1024,1024,1056,51,399,0,3283,0,270,0,2.6089,0.2315,0.1585,3.742,0.4152,0.2895,1.494,1.585,1.551,49.13,49.13,49.13,3.7571,0.3277,0.2222,147.33,147.36,147.66,0.0608,0.0337,0.0225,196.52,100.08,98.64,0.0172,0.0211,0.0197,16000,1024,1797.36,0.9207,0.0751,0.0034,0.0007
2026-08-28T10:36:40.815+02:00,1000,1024,1024,1056,51,399,1,3284,0,270,0,2.608,0.2294,0.1575,3.779,0.4086,0.3121,1.493,1.611,1.594,49.0,49.01,48.98,3.5975,0.3064,0.2086,54.2,147.02,26.32,0.1772,0.0361,0.0252,31.41,99.89,98.19,0.1516,0.0238,0.02,16000,1024,878.07,0.8515,0.1363,0.0103,0.0019
2026-08-28T10:37:10.817+02:00,1000,1024,1024,1056,51,399,0,3284,0,270,0,2.6003,0.2297,0.1853,4.479,0.3929,1.979,1.491,1.592,23.255,49.14,49.14,49.17,3.7379,0.3275,0.2146,147.27,147.33,223.68,0.0618,0.0362,0.0167,100.2,100.12,5.65,0.0174,0.026,0.0166,16000,1024,965.81,0.8905,0.0976,0.0095,0.0024
2026-08-28T10:37:40.818+02:00,1000,1024,1024,1056,51,399,0,3284,0,270,0,2.6067,0.2272,0.1718,3.725,0.3919,1.4667,1.491,1.59,9.461,49.07,49.06,49.1,3.7269,0.3203,0.2278,53.22,147.27,19.93,0.0563,0.0331,0.0231,147.16,99.97,66.87,0.0527,0.021,0.0223,16000,1024,801.56,0.9076,0.0838,0.0073,0.0014
2026-08-28T10:38:10.817+02:00,1000,1024,1024,1056,51,399,0,3284,0,270,0,2.6114,0.2318,0.2119,3.729,0.406,1.0909,1.487,1.58,6.297,49.12,49.12,49.15,3.7458,0.328,0.2263,147.31,147.47,466.56,0.0562,0.0352,0.0473,196.54,100.24,353.4,0.0155,0.0184,0.0416,16000,1024,876.81,0.8088,0.1663,0.0214,0.0035
2026-08-28T10:38:40.818+02:00,1000,1024,1024,1056,51,399,0,3284,0,270,0,2.5844,0.2334,0.1571,3.6942,0.4085,0.3166,1.487,1.586,1.552,49.11,49.11,49.1,3.7081,0.3299,0.2166,147.36,147.5,98.5,0.0548,0.0334,0.0229,53.22,100.0,147.38,0.0526,0.0259,0.0161,16000,1024,1241.09,0.9317,0.0638,0.0035,0.001
2026-08-28T10:39:10.818+02:00,1000,1024,1024,1056,51,399,0,3284,0,270,0,2.6027,0.2323,0.1587,3.7462,0.3886,0.2856,1.489,1.59,1.551,49.14,49.14,49.12,3.7419,0.3314,0.2203,147.39,147.22,147.53,0.0566,0.0384,0.018,196.39,99.98,98.49,0.0192,0.023,0.0152,16000,1024,1419.46,0.9424,0.0536,0.0032,0.0007
2026-08-28T10:39:40.818+02:00,1000,1024,1024,1056,51,400,2,3286,0,270,0,0.0229,0.0228,0.0466,0.0736,0.0741,0.7275,2.783,2.957,110.447,104.33,66.97,56.75,0.009,0.0068,0.0113,157.94,87.76,34.01,0.0071,0.006,0.0103,202.58,94.37,181.51,0.0069,0.0059,0.0103,16000,1024,1249.59,0.9854,0.0129,0.0015,0.0002
2026-08-28T10:40:10.820+02:00,1000,1024,1024,1056,51,400,0,3286,0,270,0,0.0231,0.0196,0.0309,0.0784,0.0653,0.0966,3.05,3.065,2.756,144.74,174.44,83.98,0.0074,0.0064,0.0121,149.44,129.99,167.79,0.0064,0.0056,0.0106,22.14,38.01,70.67,0.0064,0.0055,0.0096,16000,1024,1131.07,0.9679,0.0262,0.0053,0.0005
2026-08-28T10:40:40.819+02:00,1000,1024,1024,1056,51,400,0,3286,0,270,0,0.0229,0.0234,0.1217,0.0732,0.0868,0.7444,2.964,3.585,25.801,18.54,25.84,167.89,0.0083,0.0082,0.0373,84.1,130.68,107.53,0.0068,0.0072,0.0338,44.63,56.85,316.3,0.0066,0.0072,0.0332,16000,1024,669.82,0.9608,0.0303,0.0079,0.0009
2026-08-28T10:41:10.820+02:00,1000,1024,1024,1056,51,401,0,3286,0,270,0,0.0221,0.0237,0.1346,0.0797,0.0877,0.7368,2.932,3.799,21.187,112.09,88.16,291.05,0.0076,0.0081,0.0539,71.32,137.83,13.33,0.0062,0.0076,0.055,102.34,80.21,230.62,0.0058,0.0072,0.0526,16000,1024,763.22,0.9794,0.0145,0.0054,0.0007
2026-08-28T10:41:40.822+02:00,1000,1024,1024,1056,51,401,0,3286,0,270,0,0.0229,0.0201,0.0326,0.072,0.0675,0.1243,2.932,3.194,2.816,156.02,48.6,64.11,0.0085,0.0094,0.0113,177.17,10.5,45.72,0.0073,0.0071,0.0103,27.25,161.55,134.83,0.0068,0.0059,0.0096,16000,1024,464.63,0.8979,0.0791,0.0204,0.0025
2026-08-28T10:42:10.821+02:00,1000,1024,1024,1056,51,401,0,3286,0,270,0,0.0238,0.0304,0.255,0.0754,0.1298,1.4231,3.103,4.572,9.097,52.71,44.2,454.25,0.0075,0.0098,0.0829,81.86,326.75,302.73,0.007,0.009,0.0757,92.32,454.07,439.35,0.007,0.0083,0.0661,16000,1024,818.35,0.9697,0.0259,0.0037,0.0007
2026-08-28T10:42:40.822+02:00,1000,1024,1024,1056,51,401,1,3287,0,270,0,0.024,0.0213,0.0309,0.0843,0.0713,0.0955,3.194,3.253,2.827,30.31,2.18,35.77,0.0067,0.0063,0.0099,40.24,85.07,175.44,0.0066,0.0057,0.0095,131.41,167.4,8.61,0.007,0.0058,0.0087,16000,1024,519.05,0.9713,0.0227,0.0054,0.0006
2026-08-28T10:43:10.821+02:00,1000,1024,1024,1056,51,401,0,3287,0,270,0,0.0236,0.0192,0.0314,0.0767,0.0629,0.1048,3.036,2.87,2.922,62.29,26.68,188.6,0.008,0.0065,0.0102,31.22,124.46,22.14,0.0075,0.0054,0.0096,39.9,14.29,38.9,0.0071,0.0051,0.0088,16000,1024,2357.04,0.9824,0.0134,0.0033,0.0008
2026-08-28T10:43:40.822+02:00,1000,1024,1024,1056,51,401,0,3287,0,270,0,0.0228,0.0215,0.0897,0.0654,0.0864,0.7449,2.684,3.584,46.78,93.81,151.49,312.46,0.0085,0.0063,0.0254,53.99,39.93,344.61,0.0071,0.0061,0.0239,44.37,112.82,151.42,0.0073,0.0062,0.0238,16000,1024,532.23,0.9718,0.0218,0.0055,0.0009
2026-08-28T10:44:10.822+02:00,1000,1024,1024,1056,51,401,0,3287,0,270,0,0.0236,0.0198,0.0317,0.0763,0.0585,0.1053,3.041,2.842,3.16,82.33,77.18,5.39,0.0068,0.0066,0.0117,103.31,233.37,17.79,0.0066,0.0056,0.0086,24.36,132.02,41.33,0.0063,0.0054,0.0094,16000,1024,417.77,0.8805,0.102,0.0156,0.0019
2026-08-28T10:44:40.824+02:00,1000,1024,1024,1056,51,401,0,3287,0,270,0,0.0225,0.0203,0.0329,0.0814,0.078,0.1175,3.412,3.272,3.181,249.06,96.46,147.93,0.0065,0.0067,0.0102,125.22,60.61,30.82,0.0063,0.0061,0.0097,193.9,37.39,122.87,0.0065,0.0058,0.0093,16000,1024,283.9,0.8963,0.081,0.0191,0.0035
2026-08-28T10:45:10.824+02:00,1000,1024,1024,1056,51,401,1,3288,0,270,0,0.025,0.0212,0.0338,0.0767,0.0693,0.135,2.84,3.069,3.194,49.95,65.48,129.7,0.0127,0.0065,0.0107,86.98,115.27,244.34,0.0084,0.0058,0.0102,102.42,16.92,14.84,0.007,0.0058,0.0098,16000,1024,985.69,0.9724,0.0194,0.0071,0.0012
2026-08-28T10:45:40.827+02:00,1000,1024,1024,1056,51,401,1,3289,0,270,0,0.0232,0.0222,0.0324,0.0738,0.0696,0.0925,2.727,2.739,2.743,95.83,48.98,198.08,0.0076,0.0074,0.0088,81.77,82.97,90.42,0.0075,0.0059,0.0091,89.32,105.41,14.85,0.0062,0.0058,0.0085,16000,1024,628.5,0.9455,0.0451,0.0085,0.0009
2026-08-28T10:46:10.826+02:00,1000,1024,1024,1056,51,401,0,3289,0,270,0,0.0227,0.0321,0.2499,0.0779,0.1386,1.3392,2.965,3.834,7.264,60.96,132.34,249.58,0.0083,0.0131,0.0898,4.44,92.26,11.48,0.0063,0.0106,0.0812,98.1,29.88,88.03,0.0063,0.0099,0.0801,16000,1024,9766.17,0.9997,0.0003,0.0,0.0
2026-08-28T10:46:40.825+02:00,1000,1024,1024,1056,51,401,0,3289,0,270,0,0.0223,0.0216,0.032,0.0815,0.0608,0.0916,3.065,2.551,2.702,31.19,23.78,83.43,0.0061,0.0069,0.0096,130.88,68.23,41.25,0.0059,0.0058,0.0088,54.41,49.21,70.36,0.0058,0.0058,0.0085,16000,1024,415.79,0.9053,0.074,0.0193,0.0013
2026-08-28T10:47:10.832+02:00,1000,1024,1024,1056,51,401,0,3289,0,270,0,0.0237,0.0205,0.0314,0.0795,0.0624,0.0932,3.123,2.716,2.87,50.63,44.59,59.34,0.0076,0.0072,0.012,118.04,100.67,69.45,0.0074,0.006,0.0115,10.07,273.71,174.88,0.0062,0.0057,0.0094,16000,1024,1195.95,0.9777,0.0169,0.0045,0.0009
2026-08-28T10:47:40.826+02:00,1000,1024,1024,1056,51,401,1,3290,0,270,0,0.0254,0.0206,0.0471,0.1038,0.0594,0.72,3.333,2.721,102.05,17.35,56.67,80.1,0.0069,0.006,0.0169,130.65,11.75,8.32,0.0068,0.0059,0.0176,71.09,70.83,88.03,0.0066,0.0062,0.0149,16000,1024,381.11,0.9017,0.0743,0.0222,0.0019
2026-08-28T10:48:10.825+02:00,1000,1024,1024,1056,51,401,0,3290,0,270,0,0.0236,0.0346,0.2816,0.0879,0.1481,1.3752,2.885,4.182,6.177,16.56,114.01,114.19,0.0066,0.0114,0.0974,38.79,217.14,128.88,0.0064,0.0113,0.0903,93.97,307.4,20.8,0.0062,0.0094,0.0837,16000,1024,469.53,0.9453,0.0474,0.0065,0.0008
2026-08-28T10:48:40.826+02:00,1000,1024,1024,1056,51,401,0,3290,0,270,0,0.0248,0.0201,0.047,0.0738,0.0637,0.6852,2.936,2.884,90.085,125.01,68.91,87.23,0.0072,0.0084,0.0132,78.71,254.87,167.87,0.0076,0.0058,0.0122,155.28,189.68,63.46,0.0068,0.0056,0.0116,16000,1024,1373.13,0.9906,0.0074,0.0018,0.0002
2026-08-28T10:49:10.827+02:00,1000,1024,1024,1056,51,401,0,3290,0,270,0,0.0254,0.0197,0.0339,0.0763,0.0702,0.1312,2.895,3.068,3.063,31.28,91.58,113.12,0.0096,0.0067,0.0129,105.22,50.37,186.82,0.0074,0.0061,0.0109,7.98,171.58,107.39,0.0071,0.0052,0.0102,16000,1024,4248.62,0.9697,0.0234,0.0055,0.0014
2026-08-28T10:49:40.826+02:00,1000,1024,1024,1056,51,401,0,3290,0,270,0,0.0234,0.0202,0.0324,0.0759,0.0649,0.1138,3.072,3.04,2.955,216.0,85.33,127.8,0.0085,0.0071,0.0114,73.23,63.37,70.54,0.0079,0.0059,0.0114,60.4,27.67,121.68,0.0076,0.0055,0.0111,16000,1024,1113.67,0.9906,0.008,0.0012,0.0002
2026-08-28T10:50:10.826+02:00,1000,1024,1024,1056,51,401,0,3290,0,270,0,0.0219,0.021,0.0325,0.0728,0.0702,0.1019,2.894,3.02,2.981,111.26,22.45,112.24,0.0079,0.0081,0.0101,171.47,55.52,43.47,0.0085,0.0056,0.0098,24.44,80.34,159.89,0.0072,0.0053,0.0091,16000,1024,445.82,0.9494,0.0376,0.012,0.0009
2026-08-28T10:50:40.827+02:00,1000,1024,1024,1056,51,401,0,3290,0,270,0,0.0245,0.0206,0.0325,0.0709,0.0685,0.1193,2.891,3.016,3.195,38.72,40.22,64.74,0.0098,0.0075,0.0095,74.2,104.61,101.36,0.0069,0.0071,0.0089,27.47,152.16,43.28,0.0067,0.0063,0.0092,16000,1024,527.13,0.953,0.0402,0.0059,0.0009
2026-08-28T10:51:10.829+02:00,1000,1024,1024,1056,51,401,0,3290,0,270,0,0.0234,0.0212,0.0315,0.0849,0.0771,0.1012,3.131,3.061,3.066,182.43,41.53,83.34,0.0074,0.0067,0.0117,13.42,8.24,187.55,0.0074,0.0066,0.0108,56.85,90.31,208.1,0.0068,0.0075,0.0097,16000,1024,670.28,0.9776,0.0182,0.0038,0.0005
2026-08-28T10:51:40.829+02:00,1000,1024,1024,1056,51,401,0,3290,0,270,0,0.0229,0.0257,0.1756,0.0843,0.1283,1.2946,3.175,4.475,15.183,87.39,15.78,7.79,0.008,0.009,0.068,126.32,230.55,394.4,0.0073,0.0087,0.0588,212.1,394.45,420.04,0.0065,0.0077,0.0548,16000,1024,1740.06,0.9925,0.0061,0.0012,0.0002
2026-08-28T10:52:10.829+02:00,1000,1024,1024,1056,51,401,0,3290,0,270,0,0.0235,0.0209,0.0304,0.0855,0.069,0.0924,3.013,2.908,2.772,152.37,61.4,138.12,0.0097,0.0064,0.0104,102.6,139.69,165.45,0.0071,0.006,0.0096,48.67,69.14,187.63,0.0064,0.006,0.008,16000,1024,1399.86,0.9918,0.0064,0.0016,0.0002
2026-08-28T10:52:40.830+02:00,1000,1024,1024,1056,51,401,1,3291,0,270,0,0.0243,0.0216,0.0303,0.0938,0.0929,0.0848,3.161,3.192,2.743,39.38,40.7,203.42,0.0106,0.0069,0.0091,47.34,54.77,80.09,0.0096,0.0065,0.0087,100.39,114.56,130.5,0.0077,0.0066,0.0087,16000,1024,686.67,0.9621,0.0288,0.0084,0.0007
2026-08-28T10:53:10.828+02:00,1000,1024,1024,1056,51,401,0,3291,0,270,0,0.0237,0.0213,0.0472,0.0792,0.0747,0.7041,3.043,3.098,97.835,5.21,108.23,9.1,0.0076,0.0066,0.0194,86.04,96.49,3.07,0.0065,0.0063,0.0171,36.8,65.56,199.15,0.0064,0.0061,0.0139,16000,1024,1085.55,0.9654,0.0244,0.0087,0.0015
2026-08-28T10:53:40.830+02:00,1000,1024,1024,1056,51,401,0,3291,0,270,0,0.0238,0.0209,0.0308,0.0835,0.0629,0.1042,2.889,2.892,2.91,180.45,10.6,32.78,0.0077,0.0098,0.0138,204.97,38.09,135.66,0.0074,0.0062,0.0083,80.63,31.06,58.31,0.007,0.0059,0.0082,16000,1024,1412.47,0.9863,0.01,0.0034,0.0003
2026-08-28T10:54:10.830+02:00,1000,1024,1024,1056,51,401,0,3291,0,270,0,0.0237,0.033,0.2374,0.0739,0.1534,1.4049,2.955,5.091,10.613,21.74,31.3,288.11,0.0075,0.0117,0.0757,208.77,64.52,222.52,0.0074,0.0108,0.0738,90.24,180.59,437.77,0.0075,0.0094,0.0713,16000,1024,1442.4,0.9938,0.0045,0.0014,0.0002
2026-08-28T10:54:40.832+02:00,1000,1024,1024,1056,51,401,5,3296,0,270,0,0.0231,0.0226,0.1283,0.0912,0.088,0.7075,3.09,3.143,20.152,13.72,51.49,279.64,0.0088,0.0082,0.0831,166.79,82.95,2.91,0.0076,0.008,0.0723,35.15,97.71,138.31,0.0072,0.0075,0.0703,16000,1024,756.31,0.981,0.0146,0.004,0.0004
2026-08-28T10:55:10.831+02:00,1000,1024,1024,1056,51,401,1,3297,0,270,0,0.0249,0.0344,0.2817,0.0817,0.1262,1.2929,2.906,3.012,4.293,109.49,324.59,407.32,0.0089,0.0116,0.1089,69.38,371.55,324.76,0.008,0.0113,0.1146,91.3,407.53,13.38,0.0086,0.0107,0.0918,16000,1024,320.97,0.853,0.1188,0.0252,0.003
2026-08-28T10:55:40.835+02:00,1000,1024,1027,1059,51,402,1,3298,0,270,0,0.0232,0.0211,0.0322,0.0758,0.0685,0.1069,3.151,3.028,2.897,17.72,91.48,81.34,0.0084,0.007,0.0101,296.11,134.54,140.38,0.0063,0.0062,0.0095,77.94,173.98,146.75,0.0062,0.0059,0.0094,16000,1024,560.0,0.9481,0.0412,0.0097,0.0011
2026-08-28T10:56:10.831+02:00,1000,1024,1024,1056,51,402,0,3298,0,270,0,0.0232,0.0351,0.277,0.0742,0.1788,1.651,2.823,5.289,8.586,127.98,33.38,355.15,0.0077,0.0116,0.1001,167.11,256.74,163.5,0.007,0.0107,0.0938,79.17,121.19,467.98,0.0068,0.0106,0.081,16000,1024,1616.59,0.9935,0.0053,0.001,0.0001
2026-08-28T10:56:40.832+02:00,1000,1024,1024,1056,51,402,1,3299,0,270,0,0.0226,0.0209,0.0311,0.0646,0.07,0.1146,2.956,3.12,2.946,97.12,128.2,89.78,0.0084,0.0068,0.0102,226.5,53.38,163.35,0.0066,0.0066,0.009,105.7,248.17,14.2,0.0066,0.0058,0.0094,16000,1024,1849.7,0.9916,0.0065,0.0017,0.0002
2026-08-28T10:57:10.832+02:00,1000,1024,1024,1056,51,402,0,3299,0,270,0,0.0239,0.0208,0.0318,0.0807,0.0616,0.1062,3.106,2.831,2.86,88.41,88.89,19.26,0.009,0.0059,0.0129,146.78,132.72,37.05,0.0078,0.0055,0.0089,106.28,69.66,64.13,0.0071,0.0055,0.0096,16000,1024,1670.99,0.9732,0.0215,0.0045,0.0008
2026-08-28T10:57:40.833+02:00,1000,1024,1024,1056,51,402,0,3299,0,270,0,0.0225,0.0203,0.032,0.068,0.0628,0.1013,2.755,2.737,2.732,144.61,31.08,24.63,0.0071,0.0065,0.0101,30.85,136.63,177.37,0.0077,0.0057,0.01,25.47,99.57,89.72,0.0065,0.0056,0.009,16000,1024,704.77,0.96,0.0321,0.0071,0.0008
2026-08-28T10:58:10.834+02:00,1000,1024,1024,1056,51,402,2,3301,0,270,0,0.0228,0.0203,0.0337,0.0662,0.0605,0.0953,2.688,3.02,2.783,40.05,60.26,81.8,0.007,0.0065,0.0112,8.82,5.65,40.04,0.0065,0.0055,0.0107,79.39,26.23,145.26,0.0061,0.0055,0.0105,16000,1024,368.46,0.9086,0.079,0.0108,0.0016
2026-08-28T10:58:40.834+02:00,1000,1024,1024,1056,51,402,0,3301,0,270,0,0.022,0.0349,0.2782,0.0764,0.1458,1.2935,3.128,4.083,6.507,135.55,328.84,401.65,0.0082,0.0119,0.1013,22.24,6.63,227.22,0.0073,0.011,0.1009,149.37,338.27,328.74,0.0071,0.0105,0.1014,16000,1024,393.61,0.9609,0.0227,0.0147,0.0016
2026-08-28T10:59:10.834+02:00,1000,1024,1024,1056,51,402,0,3301,0,270,0,0.022,0.0204,0.0498,0.0987,0.0783,0.8198,3.578,2.915,135.494,145.28,88.74,29.88,0.007,0.0063,0.0172,79.78,104.07,241.45,0.0068,0.0064,0.0156,231.32,82.2,61.79,0.0065,0.0057,0.0148,16000,1024,2619.89,0.9507,0.0384,0.0089,0.002
2026-08-28T10:59:40.834+02:00,1000,1024,1024,1056,51,402,0,3301,0,270,0,0.0222,0.034,0.2692,0.0748,0.1395,1.3401,2.937,4.328,7.597,182.25,42.31,42.34,0.007,0.0119,0.1021,68.21,8.95,427.04,0.0068,0.0106,0.0828,78.84,261.86,81.33,0.0065,0.0103,0.0816,16000,1024,429.88,0.9614,0.0292,0.0085,0.0009
2026-08-28T11:00:10.836+02:00,1000,1024,1024,1056,51,402,0,3301,0,270,0,0.0242,0.0208,0.0313,0.0714,0.0746,0.1154,2.643,3.168,3.124,42.1,212.88,130.75,0.0078,0.0074,0.0108,114.68,115.93,181.83,0.0063,0.0067,0.0092,8.51,52.35,20.48,0.006,0.0061,0.009,16000,1024,1254.61,0.9901,0.0075,0.0021,0.0003
2026-08-28T11:00:40.836+02:00,1000,1024,1024,1056,51,402,0,3301,0,270,0,0.0229,0.0225,0.0327,0.0743,0.0707,0.0962,2.972,2.677,2.77,60.17,68.52,31.03,0.007,0.0076,0.0103,54.88,45.77,92.27,0.0067,0.0062,0.0105,142.94,15.75,20.43,0.0068,0.0061,0.0097,16000,1024,598.23,0.9671,0.0284,0.0039,0.0006
2026-08-28T11:01:10.842+02:00,1000,1024,1024,1056,51,402,0,3301,0,270,0,0.0236,0.0347,0.2824,0.071,0.1463,1.3028,2.834,4.588,6.908,116.26,115.63,301.48,0.0076,0.0127,0.0977,15.59,139.67,49.81,0.0072,0.0109,0.0869,158.0,3.28,162.07,0.0068,0.0108,0.0868,16000,1024,2426.7,0.9854,0.0112,0.0029,0.0005
2026-08-28T11:01:40.837+02:00,1000,1024,1024,1056,51,402,0,3301,0,270,0,0.0216,0.0198,0.0299,0.0848,0.0847,0.1026,3.54,3.331,2.917,24.53,58.79,81.37,0.0082,0.007,0.0092,155.61,124.94,216.67,0.0066,0.0061,0.0073,42.62,63.48,95.2,0.0065,0.0057,0.0083,16000,1024,417.92,0.949,0.0375,0.0118,0.0017
2026-08-28T11:02:10.838+02:00,1000,1024,1024,1056,51,402,1,3302,0,270,0,0.0233,0.0189,0.0436,0.0715,0.0647,0.6105,2.969,2.972,73.277,54.3,6.44,59.05,0.0094,0.0068,0.0159,70.41,261.88,90.28,0.0068,0.0058,0.0116,224.41,82.28,23.58,0.0065,0.0057,0.0109,16000,1024,1531.88,0.9936,0.0045,0.0017,0.0002
2026-08-28T11:02:40.838+02:00,1000,1024,1024,1056,51,402,0,3302,0,270,0,0.024,0.0204,0.0322,0.0907,0.0754,0.1047,3.338,3.152,2.864,27.25,4.29,28.45,0.0087,0.0089,0.0111,46.85,74.89,116.22,0.0076,0.006,0.0095,192.47,28.86,215.84,0.0074,0.0067,0.0093,16000,1024,790.19,0.9881,0.0075,0.0038,0.0006
2026-08-28T11:03:10.838+02:00,1000,1024,1024,1056,51,402,0,3302,0,270,0,0.0228,0.0361,0.2863,0.0683,0.1378,1.297,2.845,3.92,5.924,42.19,24.73,286.95,0.0091,0.0127,0.0983,83.99,487.3,467.8,0.0067,0.0106,0.0922,153.93,403.25,7.1,0.0067,0.0104,0.0936,16000,1024,2207.05,0.9783,0.0169,0.004,0.0009
2026-08-28T11:03:40.837+02:00,1000,1024,1024,1056,51,402,0,3302,0,270,0,0.0238,0.0209,0.0334,0.0775,0.0602,0.1059,3.031,2.734,2.817,25.8,19.75,30.37,0.0089,0.0063,0.013,2.27,74.67,7.05,0.0084,0.0065,0.0107,216.25,101.2,166.78,0.0077,0.0059,0.0103,16000,1024,504.05,0.9784,0.0165,0.0044,0.0007
2026-08-28T11:04:10.838+02:00,1000,1024,1024,1056,51,402,0,3302,0,270,0,0.0235,0.026,0.144,0.0965,0.0969,0.7044,3.092,4.299,16.448,15.67,130.1,171.13,0.009,0.0114,0.0467,37.08,96.01,414.29,0.0085,0.0079,0.0459,166.38,170.61,342.72,0.0079,0.0068,0.0393,16000,1024,981.29,0.9843,0.0116,0.0038,0.0003
2026-08-28T11:04:40.838+02:00,1000,1024,1024,1056,51,402,0,3302,0,270,0,0.021,0.02,0.0317,0.0689,0.068,0.0973,2.974,2.895,2.761,73.4,10.81,99.34,0.0069,0.0075,0.0094,30.2,80.0,69.49,0.0068,0.0059,0.009,4.58,150.75,107.21,0.0066,0.0059,0.0086,16000,1024,1712.18,0.9892,0.0087,0.0018,0.0003
2026-08-28T11:05:10.840+02:00,1000,1024,1024,1056,51,402,0,3302,0,270,0,0.0245,0.027,0.1834,0.0821,0.1602,1.3334,2.901,6.341,16.967,14.54,24.6,69.37,0.0089,0.009,0.0516,104.1,125.05,465.44,0.0083,0.0083,0.0561,32.1,77.99,142.99,0.0076,0.0081,0.0645,16000,1024,810.77,0.9842,0.0096,0.0057,0.0005
2026-08-28T11:05:40.839+02:00,1000,1024,1024,1056,51,402,0,3302,0,270,0,0.0226,0.021,0.0309,0.0835,0.0821,0.1108,3.03,3.12,3.103,82.17,106.1,28.35,0.0072,0.0073,0.0123,12.03,235.82,44.64,0.0065,0.0079,0.0122,20.95,91.68,18.62,0.0075,0.0066,0.0092,16000,1024,689.01,0.9671,0.0255,0.0065,0.0009
2026-08-28T11:06:10.839+02:00,1000,1024,1024,1056,51,402,0,3302,0,270,0,0.0243,0.0204,0.0322,0.0798,0.0586,0.111,3.057,2.713,3.21,47.2,68.93,31.17,0.0101,0.0056,0.0107,83.38,63.89,146.17,0.0088,0.0059,0.0088,166.17,8.0,10.26,0.0072,0.005,0.0096,16000,1024,639.8,0.9436,0.0471,0.0079,0.0014
2026-08-28T11:06:40.840+02:00,1000,1024,1024,1056,51,402,1,3303,1,271,0,0.0244,0.0212,0.0549,0.0757,0.0712,0.6506,2.633,2.873,71.727,116.77,2.99,12.01,0.0079,0.0096,0.0208,231.32,8.4,46.03,0.007,0.0065,0.0181,145.57,61.03,264.23,0.0068,0.0067,0.018,16000,1024,408.65,0.9314,0.0571,0.0099,0.0016
2026-08-28T11:07:10.841+02:00,1000,1024,1024,1056,51,402,0,3303,0,271,0,0.0238,0.0196,0.0314,0.0873,0.0639,0.1152,3.111,2.923,3.417,31.39,152.06,50.52,0.0073,0.0067,0.0097,70.07,176.31,65.13,0.0067,0.0067,0.0097,148.51,90.04,100.69,0.0065,0.0061,0.0088,16000,1024,934.49,0.9424,0.0433,0.0123,0.002
2026-08-28T11:07:40.842+02:00,1000,1024,1024,1056,51,402,0,3303,0,271,0,0.0231,0.0236,0.1162,0.0813,0.0964,0.7033,3.407,3.905,26.224,57.68,2.66,332.15,0.0079,0.0077,0.0355,93.73,28.21,61.03,0.007,0.0072,0.0366,155.1,94.97,405.49,0.0066,0.007,0.0342,16000,1024,354.95,0.9396,0.0451,0.0136,0.0018
2026-08-28T11:08:10.841+02:00,1000,1024,1024,1056,51,402,0,3303,0,271,0,0.0219,0.024,0.1257,0.0619,0.0946,0.7042,2.577,4.221,22.187,34.58,6.26,207.74,0.0071,0.0074,0.0404,57.66,71.27,132.42,0.0062,0.0066,0.0406,137.08,282.26,339.77,0.0063,0.0065,0.0385,16000,1024,546.86,0.979,0.0156,0.0049,0.0005
2026-08-28T11:08:40.841+02:00,1000,1024,1024,1056,51,402,0,3303,0,271,0,0.0229,0.0322,0.2482,0.0747,0.1342,1.2978,3.058,4.134,7.315,26.74,114.2,485.34,0.0082,0.0111,0.0817,65.36,352.51,160.18,0.0073,0.0099,0.079,78.64,160.29,314.43,0.0075,0.0099,0.0739,16000,1024,1767.42,0.9942,0.0048,0.0009,0.0001
2026-08-28T11:09:10.841+02:00,1000,1024,1024,1056,51,402,0,3303,0,271,0,0.0228,0.0207,0.0502,0.0701,0.0817,0.6004,2.748,3.308,74.241,95.77,77.4,52.93,0.0074,0.0061,0.0155,56.29,199.25,150.23,0.0076,0.0059,0.015,102.24,180.3,96.55,0.0069,0.0056,0.014,16000,1024,2034.01,0.9692,0.0233,0.0061,0.0014
2026-08-28T11:09:40.843+02:00,1000,1024,1024,1056,51,402,0,3303,0,271,0,0.0226,0.0206,0.0422,0.0881,0.0875,0.601,3.066,3.145,78.118,5.1,75.62,78.39,0.0073,0.0067,0.0101,55.23,282.03,109.47,0.0073,0.0058,0.0091,89.68,131.85,85.94,0.0066,0.0056,0.0088,16000,1024,369.93,0.9449,0.0435,0.0101,0.0015
2026-08-28T11:10:10.843+02:00,1000,1024,1024,1056,51,402,0,3303,0,271,0,0.0242,0.0211,0.0312,0.0815,0.0787,0.0846,3.168,2.965,2.656,122.77,43.57,89.83,0.0107,0.0074,0.009,30.04,86.56,101.38,0.0074,0.0061,0.009,46.97,127.72,136.75,0.0066,0.0057,0.0088,16000,1024,1920.21,0.9961,0.0027,0.0011,0.0001
2026-08-28T11:10:40.844+02:00,1000,1024,1024,1056,51,402,2,3305,0,271,0,0.0245,0.0205,0.0325,0.0766,0.0653,0.0974,2.942,2.811,2.632,27.57,5.26,23.39,0.0079,0.0075,0.0107,62.44,126.52,60.66,0.0076,0.0063,0.0091,3.82,47.0,146.89,0.0066,0.0061,0.0093,16000,1024,2402.88,0.9954,0.0037,0.0008,0.0001
2026-08-28T11:11:10.844+02:00,1000,1024,1024,1056,51,402,0,3305,0,271,0,0.024,0.0206,0.0302,0.0876,0.0742,0.0948,3.144,3.127,2.983,133.52,17.54,28.26,0.0086,0.0076,0.0091,6.08,3.71,73.29,0.0073,0.0063,0.0088,141.95,43.79,165.65,0.0075,0.0059,0.009,16000,1024,1794.81,0.9918,0.0069,0.0012,0.0001
2026-08-28T11:11:40.843+02:00,1000,1024,1024,1056,51,402,0,3305,0,271,0,0.022,0.0221,0.0494,0.0781,0.0811,0.6038,3.185,2.829,78.202,12.26,113.39,47.63,0.0086,0.0079,0.0105,46.58,69.63,164.09,0.0069,0.0082,0.0092,244.54,12.77,237.33,0.0062,0.0061,0.0084,16000,1024,1071.65,0.9748,0.0206,0.0042,0.0004
2026-08-28T11:12:10.845+02:00,1000,1024,1024,1056,51,402,1,3306,0,271,0,0.0252,0.0256,0.1398,0.0886,0.1562,1.3507,3.061,6.05,28.823,58.23,94.03,437.1,0.0078,0.0088,0.0481,120.17,6.29,218.5,0.0066,0.0083,0.0463,149.59,104.73,230.05,0.0067,0.0083,0.0484,16000,1024,727.59,0.9788,0.0159,0.0049,0.0005
2026-08-28T11:12:40.844+02:00,1000,1024,1024,1056,51,402,0,3306,0,271,0,0.0223,0.02,0.0319,0.0703,0.0765,0.0963,2.836,3.023,2.85,17.5,53.39,70.0,0.0078,0.0062,0.0096,148.29,108.65,123.53,0.0067,0.0061,0.0095,173.85,28.49,41.17,0.006,0.0054,0.0087,16000,1024,1733.96,0.9953,0.0029,0.0016,0.0002
2026-08-28T11:13:10.845+02:00,1000,1024,1024,1056,51,402,0,3306,0,271,0,0.0222,0.0202,0.0316,0.0927,0.057,0.1006,3.177,2.732,2.912,59.79,152.44,2.76,0.0073,0.0066,0.01,46.98,61.86,51.37,0.0065,0.0064,0.0091,203.12,37.99,136.88,0.0061,0.0055,0.0079,16000,1024,583.51,0.9834,0.0117,0.0043,0.0006
2026-08-28T11:13:40.847+02:00,1000,1024,1024,1056,51,402,0,3306,0,271,0,0.0227,0.0326,0.2368,0.07,0.1486,1.3299,2.982,3.897,7.165,74.44,44.0,398.55,0.0085,0.0117,0.0836,118.88,74.61,257.75,0.0069,0.0093,0.0832,80.41,100.03,405.19,0.0067,0.0102,0.0712,16000,1024,551.22,0.9342,0.0517,0.0129,0.0012
2026-08-28T11:14:10.845+02:00,1000,1024,1024,1056,51,402,0,3306,0,271,0,0.024,0.0206,0.0319,0.0758,0.0681,0.1058,2.731,2.736,3.17,62.23,38.37,170.67,0.0071,0.0065,0.0102,189.95,31.48,136.69,0.0075,0.0063,0.0089,155.78,23.44,101.83,0.0071,0.0058,0.0084,16000,1024,692.41,0.9392,0.0445,0.0145,0.0018
2026-08-28T11:14:40.846+02:00,1000,1024,1024,1056,51,402,0,3306,0,271,0,0.0234,0.0215,0.0311,0.0897,0.0959,0.0849,2.994,3.449,2.611,136.63,109.2,58.81,0.0063,0.0081,0.0109,55.96,55.66,99.23,0.0066,0.0071,0.0098,79.28,31.36,87.77,0.0063,0.007,0.0087,16000,1024,1794.75,0.9942,0.0042,0.0014,0.0002
2026-08-28T11:15:10.847+02:00,1000,1024,1024,1056,51,402,0,3306,0,271,0,0.024,0.0197,0.0517,0.0948,0.0657,0.6678,3.183,2.956,85.952,8.24,68.28,15.58,0.01,0.0062,0.0109,13.08,7.57,90.06,0.0066,0.0061,0.0097,70.77,17.17,31.4,0.0069,0.0059,0.0093,16000,1024,952.76,0.9773,0.0193,0.0031,0.0004
2026-08-28T11:15:40.848+02:00,1000,1024,1024,1056,51,402,1,3307,0,271,0,0.0233,0.0217,0.0624,0.0745,0.0723,0.7081,2.807,3.14,70.288,115.03,9.23,263.57,0.0067,0.0088,0.0216,109.39,53.05,168.7,0.0066,0.0074,0.02,7.48,28.2,105.42,0.0066,0.0069,0.0184,16000,1024,582.35,0.964,0.0279,0.0072,0.0008
2026-08-28T11:16:10.850+02:00,1000,1024,1024,1056,51,402,0,3307,0,271,0,0.0217,0.019,0.0324,0.0762,0.066,0.1036,2.981,2.866,2.845,76.77,206.22,70.77,0.0076,0.0067,0.013,156.31,120.51,34.67,0.0068,0.0072,0.0126,270.73,130.2,131.06,0.0062,0.0065,0.0113,16000,1024,757.89,0.9602,0.0328,0.0063,0.0006
2026-08-28T11:16:40.848+02:00,1000,1024,1024,1056,51,402,0,3307,0,271,0,0.0235,0.0333,0.2527,0.0805,0.1435,1.2974,2.79,3.823,6.262,36.17,249.46,284.29,0.0092,0.0117,0.0726,167.44,12.81,249.17,0.0085,0.0087,0.0709,13.51,227.99,5.63,0.0071,0.0092,0.0706,16000,1024,1615.65,0.9904,0.0072,0.0021,0.0003
2026-08-28T11:17:10.850+02:00,1000,1024,1024,1056,51,402,0,3307,0,271,0,0.0227,0.0219,0.0441,0.0643,0.0893,0.6911,2.512,3.549,119.523,16.64,61.76,15.54,0.0083,0.007,0.012,34.88,88.54,99.98,0.0069,0.0068,0.0103,171.83,48.68,275.04,0.0065,0.006,0.0108,16000,1024,901.07,0.9565,0.0307,0.0115,0.0014
2026-08-28T11:17:40.853+02:00,1000,1024,1024,1056,51,402,0,3307,0,271,0,0.024,0.0212,0.0299,0.079,0.0732,0.1012,3.056,3.043,3.022,13.9,91.08,170.12,0.0073,0.0074,0.0102,82.34,98.98,138.49,0.0074,0.0058,0.0102,29.96,155.75,190.17,0.007,0.0064,0.0097,16000,1024,1308.73,0.9703,0.0262,0.0032,0.0004
2026-08-28T11:18:10.849+02:00,1000,1024,1024,1056,51,402,0,3307,0,271,0,0.025,0.0266,0.1527,0.0915,0.0965,0.6769,3.386,4.073,13.74,129.54,172.18,172.24,0.0073,0.0104,0.0704,137.29,111.92,225.6,0.0074,0.0094,0.0604,3.17,280.39,341.85,0.0063,0.0081,0.0563,16000,1024,414.69,0.9369,0.0471,0.0146,0.0014
2026-08-28T11:18:40.849+02:00,1000,1024,1024,1056,51,402,0,3307,0,271,0,0.0228,0.0213,0.0454,0.0735,0.0893,0.6819,2.776,4.053,101.285,10.31,102.35,252.43,0.0084,0.0091,0.016,20.69,28.56,54.21,0.0061,0.0083,0.016,116.17,132.05,4.77,0.0056,0.006,0.0137,16000,1024,1207.22,0.9845,0.0118,0.0033,0.0004
2026-08-28T11:19:10.853+02:00,1000,1024,1024,1056,51,402,0,3307,0,271,0,0.0241,0.02,0.1028,0.0882,0.0626,0.9095,3.423,3.052,35.646,53.87,21.34,277.93,0.0077,0.0067,0.0201,20.93,54.96,225.47,0.0083,0.0058,0.0198,77.41,66.97,3.08,0.007,0.0056,0.0196,16000,1024,3570.4,0.9798,0.0152,0.0041,0.0009
2026-08-28T11:19:40.851+02:00,1000,1024,1024,1056,51,402,0,3307,0,271,0,0.023,0.02,0.0415,0.0825,0.063,0.5721,3.07,2.955,68.402,52.31,162.93,174.93,0.0081,0.0077,0.0115,132.28,27.47,119.58,0.008,0.006,0.0117,88.62,107.55,205.18,0.0069,0.0057,0.0113,16000,1024,736.23,0.9601,0.0351,0.0041,0.0006
2026-08-28T11:20:10.850+02:00,1000,1024,1024,1056,51,403,0,3307,0,271,0,0.0239,0.0216,0.0331,0.0807,0.0841,0.1323,2.836,3.232,3.428,6.27,41.31,46.2,0.0088,0.0061,0.0126,102.08,203.79,96.92,0.0088,0.0057,0.0101,36.56,152.33,17.18,0.0094,0.0055,0.0106,16000,1024,1169.92,0.9675,0.0229,0.0085,0.0011
2026-08-28T11:20:40.852+02:00,1000,1024,1024,1056,51,403,0,3307,0,271,0,0.0222,0.0328,0.252,0.0614,0.1387,1.2908,2.734,3.992,6.481,83.18,42.62,68.3,0.0057,0.0115,0.0836,31.81,212.75,213.05,0.0059,0.0092,0.0791,174.89,115.61,391.61,0.0056,0.0096,0.0777,16000,1024,662.24,0.9758,0.0209,0.0028,0.0005
2026-08-28T11:21:10.852+02:00,1000,1024,1024,1056,51,403,0,3307,0,271,0,0.0229,0.0214,0.0315,0.0678,0.0644,0.098,2.842,2.552,2.858,92.73,30.27,138.33,0.0078,0.0067,0.0124,35.32,23.81,100.83,0.0076,0.0067,0.0104,182.31,202.88,21.82,0.0066,0.0056,0.01,16000,1024,584.87,0.9228,0.0638,0.0118,0.0016
2026-08-28T11:21:40.853+02:00,1000,1024,1024,1056,51,403,0,3307,0,271,0,0.0237,0.0199,0.0323,0.0811,0.0609,0.1135,3.456,3.052,3.096,40.07,210.42,51.83,0.0074,0.0068,0.0102,66.72,202.92,16.1,0.0074,0.0063,0.01,18.93,64.15,165.26,0.0074,0.006,0.0087,16000,1024,1536.1,0.9934,0.0053,0.0011,0.0002
2026-08-28T11:22:10.853+02:00,1000,1024,1024,1056,51,403,0,3307,0,271,0,0.023,0.0206,0.0458,0.0861,0.064,0.6859,3.117,2.773,100.116,3.95,27.18,141.83,0.0077,0.0066,0.0176,26.62,75.9,108.41,0.0077,0.0067,0.0144,141.75,17.66,90.02,0.0068,0.0057,0.014,16000,1024,1480.87,0.9865,0.0116,0.0017,0.0002
2026-08-28T11:22:40.852+02:00,1000,1024,1024,1056,51,403,0,3307,0,271,0,0.0229,0.0195,0.032,0.0776,0.0664,0.1279,3.351,3.116,3.447,81.65,22.17,114.3,0.0088,0.0074,0.0091,87.75,45.19,66.98,0.0064,0.0064,0.0095,126.84,81.74,46.47,0.0064,0.0058,0.0095,16000,1024,1297.38,0.988,0.0089,0.0029,0.0003
2026-08-28T11:23:10.853+02:00,1000,1024,1024,1056,51,403,0,3307,0,271,0,0.0228,0.0203,0.0321,0.0893,0.0664,0.0999,3.106,2.882,2.956,5.95,174.99,62.53,0.0067,0.0068,0.0105,239.13,21.36,33.6,0.0063,0.0068,0.0108,150.95,127.09,96.5,0.0061,0.0064,0.0087,16000,1024,793.52,0.9798,0.0163,0.0034,0.0005
2026-08-28T11:23:40.854+02:00,1000,1024,1024,1056,51,403,0,3307,0,271,0,0.0229,0.0209,0.03,0.0927,0.0766,0.1217,3.43,3.272,3.393,48.62,105.22,72.94,0.0077,0.0083,0.0096,179.29,34.35,133.56,0.0074,0.0079,0.0088,54.79,122.52,168.75,0.0058,0.0065,0.0084,16000,1024,635.03,0.9264,0.062,0.0107,0.0009
2026-08-28T11:24:10.854+02:00,1000,1024,1024,1056,51,403,0,3307,0,271,0,0.0232,0.0189,0.0326,0.0825,0.0673,0.1025,3.166,3.457,2.848,19.41,73.17,49.77,0.008,0.0061,0.009,88.8,57.56,21.76,0.0072,0.0057,0.0094,7.95,109.96,77.66,0.007,0.0062,0.0099,16000,1024,1420.61,0.982,0.0161,0.0016,0.0003
2026-08-28T11:24:40.854+02:00,1000,1024,1024,1056,51,403,0,3307,0,271,0,0.0236,0.0216,0.0304,0.073,0.0733,0.1146,3.038,3.123,2.937,105.29,114.14,39.97,0.0092,0.0058,0.0095,91.64,62.38,124.89,0.0067,0.0057,0.0093,32.87,216.05,29.21,0.0072,0.0059,0.009,16000,1024,751.79,0.9748,0.0202,0.0045,0.0006
2026-08-28T11:25:10.855+02:00,1000,1024,1024,1056,51,403,0,3307,0,271,0,0.0232,0.0235,0.1159,0.0707,0.094,0.6967,3.042,3.785,25.634,56.46,25.42,121.08,0.0082,0.0097,0.0409,46.53,231.05,487.0,0.0072,0.0067,0.0394,28.1,140.13,448.92,0.0066,0.0073,0.0367,16000,1024,2466.2,0.9805,0.0152,0.0034,0.0008
2026-08-28T11:25:40.854+02:00,1000,1024,1024,1056,51,403,0,3307,0,271,0,0.024,0.0196,0.0323,0.0896,0.0629,0.0953,3.243,2.94,2.81,11.89,31.38,8.36,0.009,0.007,0.0116,236.53,18.32,71.08,0.0082,0.0057,0.0096,103.62,148.09,59.63,0.0073,0.0057,0.0089,16000,1024,515.95,0.9456,0.0485,0.005,0.0009
2026-08-28T11:26:10.854+02:00,1000,1024,1024,1056,51,403,0,3307,0,271,0,0.0228,0.0198,0.0317,0.0703,0.0592,0.0988,3.05,2.845,2.772,83.14,205.99,16.96,0.0089,0.0056,0.0096,152.0,170.53,115.45,0.0081,0.0054,0.0091,65.28,80.87,31.78,0.0069,0.0051,0.0097,16000,1024,417.57,0.9489,0.0392,0.0108,0.0011
2026-08-28T11:26:40.854+02:00,1000,1024,1024,1056,51,403,1,3308,0,271,0,0.0244,0.0214,0.0326,0.0783,0.0687,0.1002,2.718,3.035,2.823,188.59,222.77,35.2,0.0078,0.0067,0.0126,30.37,161.51,14.89,0.0072,0.0065,0.0103,65.29,55.91,133.56,0.0071,0.0062,0.0095,16000,1024,1023.72,0.9864,0.0101,0.003,0.0005
2026-08-28T11:27:10.856+02:00,1000,1024,1024,1056,51,404,0,3308,0,271,0,0.0223,0.0325,0.2192,0.0716,0.1879,1.6364,2.982,7.119,15.669,27.84,28.27,9.06,0.0087,0.0104,0.0655,13.2,13.87,14.01,0.0074,0.0103,0.0659,3.58,206.02,47.09,0.0066,0.0099,0.0601,16000,1024,1923.27,0.9455,0.0435,0.0089,0.0022
2026-08-28T11:27:40.857+02:00,1000,1024,1024,1056,51,404,1,3309,1,272,0,0.0226,0.0217,0.0485,0.0692,0.0656,0.7738,2.928,2.646,128.099,118.15,101.12,8.2,0.0068,0.0097,0.0145,31.61,42.31,78.24,0.007,0.007,0.0117,37.03,27.02,32.84,0.0062,0.0066,0.0106,16000,1024,824.16,0.9766,0.0186,0.0041,0.0007
2026-08-28T11:28:10.857+02:00,1000,1024,1024,1056,51,404,0,3309,0,272,0,0.0248,0.0208,0.0327,0.075,0.0849,0.0956,2.872,3.304,2.862,48.75,103.39,120.22,0.0081,0.0068,0.0098,93.03,16.98,69.21,0.0075,0.0067,0.0097,37.29,116.32,165.96,0.0068,0.0059,0.0095,16000,1024,340.69,0.8151,0.1409,0.04,0.004
2026-08-28T11:28:40.858+02:00,1000,1024,1024,1056,51,404,0,3309,0,272,0,0.0233,0.0205,0.0324,0.0817,0.0726,0.1022,3.087,3.31,2.902,165.57,4.86,118.34,0.0075,0.0063,0.0109,246.24,81.5,15.94,0.0069,0.0068,0.0112,45.67,208.75,35.3,0.0063,0.0053,0.0097,16000,1024,748.81,0.9839,0.0129,0.0028,0.0004
2026-08-28T11:29:10.857+02:00,1000,1024,1024,1056,51,404,0,3309,0,272,0,0.0221,0.0205,0.0306,0.0758,0.0622,0.1112,3.215,2.678,3.256,114.12,55.04,88.19,0.0077,0.0067,0.0099,62.84,100.25,112.93,0.0075,0.0067,0.0095,86.58,3.64,34.51,0.0071,0.0057,0.0091,16000,1024,1283.42,0.9814,0.0147,0.0034,0.0005
2026-08-28T11:29:40.858+02:00,1000,1024,1024,1056,51,404,0,3309,0,272,0,0.0211,0.0213,0.0328,0.0684,0.0631,0.115,2.917,2.855,3.019,99.92,33.47,5.87,0.008,0.0065,0.0119,28.96,171.02,55.72,0.0075,0.0055,0.0112,172.33,20.46,129.44,0.0072,0.0053,0.0119,16000,1024,1206.96,0.9878,0.0094,0.0024,0.0003
2026-08-28T11:30:10.858+02:00,1000,1024,1024,1056,51,404,0,3309,0,272,0,0.0239,0.0207,0.072,0.089,0.0721,0.6674,3.004,3.187,50.795,105.18,94.99,3.75,0.0078,0.0067,0.0196,123.48,34.26,77.12,0.0064,0.0063,0.0176,97.41,38.92,262.64,0.0061,0.006,0.017,16000,1024,1446.23,0.9938,0.0049,0.0012,0.0002
2026-08-28T11:30:40.860+02:00,1000,1024,1024,1056,51,404,0,3309,0,272,0,0.0223,0.0409,0.3311,0.0695,0.1549,1.2625,2.697,3.324,4.134,114.17,213.64,213.4,0.0076,0.0139,0.1215,145.23,160.04,286.59,0.0066,0.0125,0.1034,18.57,321.13,321.1,0.0063,0.0118,0.0936,16000,1024,629.28,0.9328,0.052,0.0138,0.0014
2026-08-28T11:31:10.868+02:00,1000,1024,1024,1056,51,404,1,3310,0,272,0,0.0238,0.0212,0.0308,0.0797,0.0747,0.0931,2.797,3.061,3.013,20.21,10.3,99.83,0.008,0.0085,0.0104,97.82,49.8,68.19,0.006,0.0074,0.0096,14.3,90.04,34.67,0.0061,0.0059,0.0092,16000,1024,1867.52,0.975,0.019,0.0049,0.0011
2026-08-28T11:31:40.859+02:00,1000,1024,1024,1056,51,404,0,3310,0,272,0,0.0235,0.022,0.043,0.0847,0.0777,0.5882,3.316,3.223,69.591,146.41,32.03,86.69,0.0072,0.0072,0.0145,111.53,23.86,22.92,0.007,0.006,0.016,84.99,163.11,39.22,0.0068,0.0057,0.0134,16000,1024,365.62,0.9228,0.0576,0.0181,0.0015
2026-08-28T11:32:10.863+02:00,1000,1024,1024,1056,51,404,0,3310,0,272,0,0.0232,0.0203,0.0325,0.08,0.0571,0.1041,2.878,2.609,2.772,105.44,61.78,35.35,0.0076,0.0064,0.0115,8.37,109.3,45.25,0.0067,0.006,0.0093,162.69,77.86,12.22,0.0062,0.0057,0.0092,16000,1024,508.6,0.9329,0.0582,0.0075,0.0013
2026-08-28T11:32:40.861+02:00,1000,1024,1024,1056,51,404,0,3310,0,272,0,1.9138,0.2039,0.1045,2.7888,0.3436,0.2982,1.5,1.536,1.992,49.11,49.09,49.12,2.7522,0.2889,0.1402,147.26,147.18,5.57,0.0455,0.0438,0.0326,5.98,100.06,99.43,0.0252,0.0167,0.0153,16000,1024,458.72,0.8345,0.1244,0.0259,0.0152
2026-08-28T11:33:10.860+02:00,1000,1024,1024,1056,51,404,0,3310,0,272,0,1.5476,0.2098,0.1172,2.2737,0.3824,0.7524,1.526,1.61,17.401,49.23,49.24,49.3,2.2511,0.3015,0.0855,147.68,147.62,63.05,0.0451,0.0326,0.0307,197.0,99.65,233.95,0.015,0.0196,0.0286,16000,1024,823.98,0.9173,0.0685,0.0106,0.0036
2026-08-28T11:33:40.862+02:00,1000,1024,1024,1056,51,404,0,3310,0,272,0,1.4931,0.2212,0.0623,2.2217,0.3861,0.1823,1.523,1.619,2.26,49.34,49.35,49.35,2.188,0.3228,0.0744,148.08,148.09,99.25,0.039,0.0224,0.0204,197.42,99.96,197.14,0.0157,0.0155,0.0128,16000,1024,516.58,0.8472,0.1296,0.0191,0.0041
2026-08-28T11:34:10.863+02:00,1000,1024,1024,1056,51,404,0,3310,0,272,0,1.5361,0.2311,0.0677,2.2724,0.397,0.1747,1.519,1.603,1.966,49.43,49.43,49.42,2.2296,0.3331,0.083,148.32,148.54,99.6,0.0368,0.0219,0.0235,197.7,99.98,197.89,0.0197,0.0171,0.014,16000,1024,3265.16,0.9838,0.0151,0.0009,0.0002
2026-08-28T11:34:40.864+02:00,1000,1024,1024,1056,51,404,0,3310,0,272,0,1.5793,0.2221,0.0711,2.3214,0.374,0.1825,1.52,1.599,2.092,49.32,49.31,49.3,2.3232,0.3269,0.0912,147.94,147.86,98.53,0.0452,0.025,0.0167,197.34,99.85,147.99,0.0141,0.0181,0.0133,16000,1024,1779.42,0.8939,0.1018,0.0032,0.0011
2026-08-28T11:35:10.864+02:00,1000,1024,1024,1056,51,404,0,3310,0,272,0,1.5312,0.2252,0.0679,2.2352,0.3946,0.1606,1.517,1.599,1.971,49.36,49.37,49.36,2.2344,0.3256,0.0853,148.1,100.12,99.16,0.0389,0.0176,0.0227,197.65,148.14,221.97,0.0193,0.013,0.0088,16000,1024,971.55,0.8064,0.1878,0.0045,0.0013
2026-08-28T11:35:40.862+02:00,1000,1024,1024,1056,51,404,1,3311,0,272,0,1.5324,0.2209,0.0819,2.3703,0.373,0.6919,1.53,1.589,18.808,49.33,49.33,49.34,2.2483,0.3209,0.0861,148.01,147.86,99.53,0.0471,0.0194,0.0222,197.62,100.24,147.89,0.0175,0.0181,0.0139,16000,1024,2111.91,0.9746,0.0237,0.0014,0.0003
2026-08-28T11:36:10.864+02:00,1000,1024,1024,1056,51,404,2,3313,0,272,0,1.5588,0.2232,0.1161,2.2926,0.412,1.393,1.523,1.602,61.815,49.34,49.36,49.38,2.2093,0.317,0.0574,45.41,148.4,13.99,0.0617,0.0166,0.0389,55.73,100.42,99.08,0.0507,0.0131,0.0392,16000,1024,1118.13,0.9438,0.0525,0.0026,0.0011
2026-08-28T11:36:40.866+02:00,1000,1024,1025,1057,51,404,2,3315,0,272,0,1.5914,0.2188,0.0708,2.336,0.3634,0.1764,1.526,1.572,2.204,49.33,49.34,49.34,2.3062,0.3126,0.088,36.0,148.18,99.09,0.0412,0.0183,0.0198,14.42,100.19,197.55,0.0386,0.0158,0.0096,16000,1024,1492.04,0.9745,0.022,0.003,0.0005
2026-08-28T11:37:10.865+02:00,1000,1024,1024,1056,51,404,0,3315,0,272,0,1.6289,0.2165,0.1711,2.4016,0.3684,1.2802,1.523,1.559,12.981,49.27,49.27,49.22,2.3889,0.3164,0.0772,53.22,99.67,92.94,0.0399,0.0254,0.0608,147.92,147.54,307.83,0.0472,0.0179,0.0598,16000,1024,1100.22,0.9236,0.0704,0.0045,0.0015
2026-08-28T11:37:40.866+02:00,1000,1024,1024,1056,51,404,0,3315,0,272,0,1.6847,0.2136,0.2166,2.4779,0.3966,1.3443,1.522,1.591,13.992,49.29,49.28,49.0,2.4698,0.3095,0.0763,147.81,99.82,84.07,0.0445,0.0198,0.0592,197.28,147.64,68.31,0.0161,0.0166,0.0589,16000,1024,611.0,0.5846,0.4022,0.0102,0.0029
2026-08-28T11:38:10.866+02:00,1000,1024,1024,1056,51,404,0,3315,0,272,0,1.7185,0.2069,0.152,3.0355,0.3648,1.4084,1.529,1.577,22.736,49.28,49.29,49.21,2.508,0.3015,0.1241,147.58,147.62,100.65,0.0452,0.0169,0.0338,197.62,99.73,1.89,0.0217,0.0153,0.0333,16000,1024,3225.45,0.9808,0.0184,0.0006,0.0003
2026-08-28T11:38:40.866+02:00,1000,1024,1024,1056,51,404,0,3315,0,272,0,1.6942,0.2057,0.0841,2.4937,0.3705,0.2103,1.527,1.598,2.211,49.24,49.24,49.28,2.4615,0.2935,0.1094,147.72,147.58,98.9,0.046,0.0211,0.0232,197.02,99.95,26.16,0.018,0.0128,0.013,16000,1024,1273.02,0.808,0.1719,0.0152,0.0049
2026-08-28T11:39:10.866+02:00,1000,1024,1024,1056,51,404,0,3315,0,272,0,1.6983,0.205,0.0824,2.487,0.3616,0.2055,1.521,1.565,2.179,49.24,49.25,49.23,2.4808,0.2989,0.105,147.67,147.87,98.35,0.0456,0.0274,0.0166,196.85,99.73,147.95,0.0202,0.023,0.0162,16000,1024,961.35,0.7501,0.2364,0.0096,0.0039
2026-08-28T11:39:40.866+02:00,1000,1024,1024,1056,51,404,0,3315,0,272,0,1.6695,0.2086,0.0842,2.4651,0.3705,0.6516,1.523,1.569,8.098,49.23,49.22,49.23,2.4268,0.3022,0.1031,147.64,147.9,98.86,0.0515,0.0303,0.0201,196.83,99.9,125.63,0.0222,0.0177,0.0168,16000,1024,1930.09,0.9325,0.0636,0.0028,0.0011
2026-08-28T11:40:10.867+02:00,1000,1024,1024,1056,51,404,0,3315,0,272,0,1.7008,0.2039,0.0865,2.4824,0.3616,0.6912,1.519,1.572,8.92,49.22,49.22,49.27,2.4749,0.2957,0.1037,147.59,99.54,98.36,0.0445,0.0242,0.0207,196.79,147.64,147.07,0.0227,0.0234,0.015,16000,1024,1687.74,0.9595,0.0351,0.0038,0.0016
2026-08-28T11:40:40.868+02:00,1000,1024,1024,1056,51,404,0,3315,0,272,0,1.7244,0.2178,0.284,2.5245,0.379,1.5806,1.519,1.538,7.279,49.25,49.23,236.3,2.5119,0.3104,0.1004,147.72,147.82,279.11,0.0471,0.0248,0.0978,196.92,99.07,128.17,0.0182,0.0218,0.0934,16000,1024,1972.46,0.8832,0.1088,0.0053,0.0027
2026-08-28T11:41:10.867+02:00,1000,1024,1024,1056,51,404,0,3315,0,272,0,1.7159,0.2048,0.1722,2.5047,0.3635,0.9151,1.519,1.595,10.083,49.19,49.19,49.18,2.4729,0.2904,0.0971,147.53,147.67,293.43,0.0488,0.027,0.0619,196.91,99.99,499.23,0.0208,0.0171,0.0491,16000,1024,1761.41,0.8136,0.1723,0.0112,0.0029
2026-08-28T11:41:40.868+02:00,1000,1024,1024,1056,51,404,0,3315,0,272,0,1.7214,0.2046,0.0875,2.522,0.3755,0.7101,1.519,1.586,9.773,49.22,49.22,49.18,2.4948,0.2949,0.1059,147.69,147.7,99.73,0.0495,0.0245,0.0165,196.82,100.13,161.54,0.0208,0.0169,0.0163,16000,1024,614.63,0.8682,0.1199,0.0097,0.0022
2026-08-28T11:42:10.868+02:00,1000,1024,1024,1056,51,404,0,3315,0,272,0,1.7154,0.2051,0.0831,2.5105,0.3572,0.2164,1.528,1.591,2.253,49.21,49.21,49.18,2.4994,0.2951,0.1032,147.62,147.54,98.22,0.0486,0.0268,0.0197,196.74,99.58,147.33,0.0166,0.0237,0.0124,16000,1024,675.86,0.9194,0.0693,0.0086,0.0026
2026-08-28T11:42:40.870+02:00,1000,1024,1024,1056,51,404,0,3315,0,272,0,1.7429,0.2028,0.0822,2.5552,0.3493,0.2023,1.521,1.55,2.084,49.19,49.19,49.21,2.5181,0.2897,0.107,147.52,147.7,98.65,0.056,0.027,0.0212,196.75,99.9,147.76,0.0198,0.0182,0.0158,16000,1024,877.17,0.7898,0.188,0.0174,0.0048
2026-08-28T11:43:10.868+02:00,1000,1024,1024,1056,51,404,0,3315,0,272,0,1.746,0.2068,0.0799,2.5547,0.3785,0.1995,1.527,1.568,2.141,49.2,49.19,49.21,2.522,0.2944,0.1052,147.58,147.54,99.08,0.0477,0.0286,0.0191,196.74,100.09,147.52,0.021,0.0159,0.0134,16000,1024,722.34,0.8083,0.1792,0.0104,0.0021
2026-08-28T11:43:40.870+02:00,1000,1024,1024,1056,51,404,0,3315,0,272,0,1.8031,0.2106,0.2542,2.6356,0.3699,1.2834,1.517,1.572,6.503,49.21,49.22,442.96,2.6095,0.3007,0.0916,147.54,147.3,335.68,0.0491,0.0263,0.0843,196.72,99.84,275.0,0.024,0.0246,0.0846,16000,1024,1011.72,0.897,0.0698,0.0216,0.0116
2026-08-28T11:44:10.869+02:00,1000,1024,1024,1056,51,404,0,3315,0,272,0,1.8064,0.2054,0.0883,2.6519,0.3656,0.2116,1.524,1.588,2.059,49.19,49.19,49.19,2.6181,0.2926,0.1153,147.48,147.71,98.5,0.049,0.0337,0.0202,196.77,99.84,147.3,0.0219,0.024,0.0132,16000,1024,963.46,0.9534,0.0399,0.0053,0.0013
2026-08-28T11:44:40.870+02:00,1000,1024,1024,1056,51,404,0,3315,0,272,0,1.7936,0.2093,0.1991,2.639,0.386,1.3132,1.525,1.588,12.164,49.2,49.2,48.8,2.6062,0.2992,0.085,147.56,147.48,339.84,0.0516,0.0221,0.0568,196.77,99.16,12.2,0.0229,0.0185,0.0618,16000,1024,1005.66,0.8279,0.1011,0.0424,0.0286
2026-08-28T11:45:10.870+02:00,1000,1024,1024,1056,51,404,0,3315,0,272,0,1.8174,0.2024,0.087,2.6674,0.3373,0.2113,1.52,1.582,1.951,49.15,49.16,49.15,2.6263,0.292,0.1168,147.4,147.16,98.54,0.0517,0.0287,0.0185,54.13,99.77,196.38,0.0213,0.0222,0.0112,16000,1024,1502.51,0.9188,0.0473,0.012,0.0219
2026-08-28T11:45:40.870+02:00,1000,1024,1024,1056,51,404,0,3315,0,272,0,1.8626,0.2045,0.09,2.7219,0.3467,0.207,1.525,1.558,1.9,49.2,49.2,49.21,2.7024,0.2912,0.1211,147.6,147.8,98.94,0.0569,0.0275,0.0162,196.75,100.0,147.55,0.0165,0.0179,0.0119,16000,1024,547.32,0.7611,0.2168,0.0171,0.0051
2026-08-28T11:46:10.873+02:00,1000,1024,1024,1056,51,404,0,3315,0,272,0,1.8878,0.2073,0.0951,2.7908,0.3632,0.2324,1.519,1.56,2.0,49.21,49.22,49.21,2.7404,0.2976,0.128,147.63,147.52,98.18,0.0558,0.0287,0.0193,196.69,99.64,147.79,0.0216,0.0214,0.0144,16000,1024,2029.63,0.9626,0.0343,0.0023,0.0008
2026-08-28T11:46:40.871+02:00,1000,1024,1024,1056,51,404,0,3315,0,272,0,1.9192,0.2072,0.0989,2.7971,0.3771,0.2359,1.519,1.591,1.946,49.23,49.23,49.25,2.7979,0.2991,0.1346,147.7,147.45,99.03,0.05,0.0271,0.0177,196.79,100.18,147.58,0.0175,0.0192,0.0155,16000,1024,672.02,0.8714,0.1036,0.0181,0.0069
2026-08-28T11:47:10.872+02:00,1000,1024,1024,1056,51,405,0,3315,0,272,0,1.9003,0.2061,0.0925,2.7675,0.3678,0.1881,1.518,1.562,1.879,49.19,49.19,49.2,2.7431,0.2941,0.1242,147.51,147.68,98.7,0.0527,0.0287,0.0195,196.77,99.6,147.8,0.0189,0.0172,0.0191,16000,1024,1188.44,0.8728,0.1171,0.0081,0.0019
2026-08-28T11:47:40.876+02:00,1000,1024,1024,1056,51,405,0,3315,0,272,0,1.9408,0.2048,0.0969,2.8282,0.3409,0.2157,1.521,1.542,1.97,49.21,49.21,49.19,2.8197,0.2946,0.1277,147.58,147.65,196.85,0.0551,0.0235,0.0191,196.65,99.94,98.16,0.0218,0.0193,0.0187,16000,1024,759.2,0.9133,0.0752,0.0075,0.004
2026-08-28T11:48:10.874+02:00,1000,1024,1024,1056,51,405,1,3316,1,273,0,1.9182,0.2049,0.0953,2.8221,0.344,0.2423,1.522,1.577,1.997,49.16,49.16,49.17,2.7788,0.296,0.1273,147.43,147.3,147.49,0.0544,0.024,0.018,54.13,99.85,98.25,0.0288,0.0212,0.0158,16000,1024,499.13,0.6992,0.2806,0.0151,0.0051
2026-08-28T11:48:40.874+02:00,1000,1024,1024,1056,51,405,0,3316,0,273,0,1.9391,0.2056,0.0932,2.8217,0.3585,0.1867,1.522,1.585,1.888,49.17,49.18,49.18,2.7934,0.2955,0.1259,147.56,147.41,100.36,0.0584,0.026,0.0173,196.68,100.02,147.76,0.018,0.0215,0.0137,16000,1024,491.12,0.8347,0.1519,0.0095,0.0039
2026-08-28T11:49:10.875+02:00,1000,1024,1024,1056,51,405,0,3316,0,273,0,1.941,0.2076,0.0948,2.8262,0.35,0.2082,1.523,1.594,1.913,49.06,49.06,49.05,2.7476,0.2914,0.1247,53.49,147.08,196.24,0.0657,0.0228,0.0161,147.17,99.63,98.28,0.0563,0.0193,0.0165,16000,1024,755.69,0.8145,0.1673,0.0131,0.0051
2026-08-28T11:49:40.873+02:00,1000,1024,1024,1056,51,405,0,3316,0,273,0,1.9874,0.2102,0.0983,2.8796,0.3607,0.2288,1.518,1.586,1.839,49.19,49.19,49.2,2.8808,0.3002,0.1359,147.46,147.34,100.28,0.0525,0.0261,0.0169,196.73,99.92,196.55,0.0171,0.0182,0.0139,16000,1024,711.51,0.5081,0.151,0.2669,0.074
2026-08-28T11:50:10.875+02:00,1000,1024,1024,1056,51,405,0,3316,0,273,0,1.9987,0.2105,0.103,2.9314,0.3529,0.2378,1.519,1.558,1.893,49.19,49.18,49.18,2.897,0.2999,0.1369,147.5,147.62,98.14,0.0574,0.0252,0.0217,196.65,99.69,147.62,0.0206,0.0234,0.013,16000,1024,650.72,0.837,0.1428,0.0151,0.0051
2026-08-28T11:50:40.874+02:00,1000,1024,1024,1056,51,405,0,3316,0,273,0,2.0127,0.208,0.1059,2.9418,0.3569,0.5187,1.515,1.575,2.77,49.21,49.22,49.21,2.9195,0.3004,0.1324,147.6,147.5,98.22,0.0536,0.0255,0.0247,196.71,100.03,244.95,0.0203,0.0187,0.0146,16000,1024,807.03,0.7359,0.1333,0.1254,0.0054
2026-08-28T11:51:10.875+02:00,1000,1024,1024,1056,51,405,0,3316,0,273,0,2.0525,0.2083,0.106,2.9914,0.3593,0.2231,1.514,1.572,1.773,49.19,49.18,49.18,2.9608,0.2988,0.1411,147.54,147.79,147.66,0.0582,0.0303,0.0189,196.74,100.08,99.36,0.0143,0.0207,0.0153,16000,1024,487.1,0.7975,0.1755,0.0208,0.0062
2026-08-28T11:51:40.876+02:00,1000,1024,1024,1056,51,405,0,3316,0,273,0,2.1586,0.2414,0.2845,3.0979,0.4403,1.6608,1.492,1.533,10.581,49.21,49.21,49.02,3.1489,0.3469,0.1126,147.61,147.67,36.53,0.0522,0.0268,0.0954,54.9,100.17,10.12,0.0197,0.0173,0.0759,16000,1024,699.8,0.8446,0.1335,0.0137,0.0083
2026-08-28T11:52:10.876+02:00,1000,1024,1024,1056,51,405,0,3316,0,273,0,2.203,0.228,0.1272,3.1684,0.3812,0.2337,1.487,1.542,1.627,49.2,49.19,49.2,3.1887,0.3269,0.176,147.52,147.58,147.62,0.0555,0.0265,0.0153,196.81,99.8,98.05,0.0152,0.0186,0.0137,16000,1024,890.34,0.5473,0.0904,0.2574,0.1048
2026-08-28T11:52:40.876+02:00,1000,1024,1024,1056,51,405,0,3316,0,273,0,2.22,0.2495,0.4648,3.1996,0.4143,1.6942,1.495,1.504,3.587,49.2,49.18,49.21,3.216,0.3524,0.2816,147.56,147.57,31.61,0.0577,0.0299,0.1581,196.48,98.4,403.18,0.0169,0.0262,0.1364,16000,1024,1227.63,0.926,0.0684,0.0044,0.0012
2026-08-28T11:53:10.877+02:00,1000,1024,1024,1056,51,405,0,3316,0,273,0,2.232,0.2301,0.1329,3.1903,0.3747,0.5316,1.491,1.55,1.938,49.2,49.21,49.2,3.2463,0.3325,0.1821,147.57,147.53,98.25,0.0503,0.0303,0.0172,54.49,100.02,147.84,0.0199,0.019,0.0155,16000,1024,1141.27,0.8679,0.1186,0.0103,0.0032
2026-08-28T11:53:40.877+02:00,1000,1024,1024,1056,51,405,0,3316,0,273,0,2.242,0.2302,0.1334,3.2156,0.3762,0.2702,1.496,1.541,1.642,49.13,49.14,49.12,3.2242,0.3289,0.1818,147.53,147.39,147.75,0.0552,0.0254,0.0171,53.22,100.11,98.09,0.058,0.0222,0.0185,16000,1024,449.07,0.7004,0.2727,0.02,0.0068
2026-08-28T11:54:10.877+02:00,1000,1024,1024,1056,51,406,0,3316,0,273,0,2.2716,0.239,0.3826,3.2666,0.4301,1.8223,1.495,1.529,6.465,49.17,49.17,48.99,3.2871,0.3398,0.196,147.5,147.45,7.65,0.0559,0.0317,0.1747,196.6,99.62,273.11,0.0187,0.0189,0.11,16000,1024,592.58,0.8887,0.0969,0.0106,0.0037
2026-08-28T11:54:40.879+02:00,1000,1024,1024,1056,51,406,0,3316,0,273,0,2.2703,0.2306,0.2046,3.2691,0.3971,0.7995,1.492,1.555,6.416,49.06,49.08,49.1,3.2105,0.3235,0.1794,54.33,147.28,170.53,0.0592,0.0275,0.0564,43.39,99.93,54.66,0.0479,0.0226,0.0508,16000,1024,804.28,0.9305,0.0615,0.0059,0.0022
2026-08-28T11:55:10.880+02:00,1000,1024,1024,1056,51,406,0,3316,0,273,0,2.3082,0.2262,0.203,3.9761,0.3902,1.4945,1.496,1.568,15.92,49.16,49.17,49.08,3.3261,0.3222,0.1998,147.41,147.48,4.05,0.0572,0.0322,0.0322,196.71,100.02,14.42,0.0224,0.0255,0.0283,16000,1024,1192.05,0.8781,0.1118,0.0078,0.0022
2026-08-28T11:55:40.878+02:00,1000,1024,1024,1056,51,406,0,3316,0,273,0,2.1853,0.2313,0.2028,3.1365,0.4054,0.8045,1.492,1.551,6.539,49.2,49.2,49.26,3.1635,0.3337,0.1863,147.53,147.55,337.89,0.0489,0.0256,0.0692,196.81,100.09,170.94,0.0191,0.0187,0.0669,16000,1024,634.11,0.7789,0.2042,0.0146,0.0024
2026-08-28T11:56:10.878+02:00,1000,1024,1024,1056,51,406,0,3316,0,273,0,2.1692,0.2205,0.1199,3.1584,0.4016,0.255,1.503,1.549,1.705,49.17,49.17,49.16,3.139,0.3167,0.1676,147.42,147.39,98.18,0.0515,0.0335,0.0181,196.47,99.84,147.47,0.0176,0.0223,0.0137,16000,1024,680.39,0.7154,0.2695,0.0121,0.003
2026-08-28T11:56:40.879+02:00,1000,1024,1024,1056,51,406,0,3316,0,273,0,2.2264,0.2215,0.1215,3.2399,0.3734,0.2481,1.499,1.562,1.736,49.16,49.16,49.16,3.2013,0.3144,0.1672,147.43,147.43,99.17,0.0568,0.0286,0.0235,196.47,100.03,147.56,0.0198,0.0187,0.0184,16000,1024,1508.51,0.8949,0.098,0.0057,0.0013
2026-08-28T11:57:10.881+02:00,1000,1024,1024,1056,51,406,0,3316,0,273,0,2.2291,0.2211,0.1967,3.2589,0.3926,0.7745,1.507,1.578,6.523,49.14,49.16,49.14,3.2096,0.3134,0.1738,147.44,147.56,195.93,0.0574,0.0319,0.0598,53.67,99.76,24.54,0.0255,0.0197,0.057,16000,1024,1036.77,0.9191,0.0652,0.0127,0.003
2026-08-28T11:57:40.880+02:00,1000,1024,1024,1056,51,406,0,3316,0,273,0,2.2852,0.2174,0.1331,3.294,0.3868,0.6931,1.501,1.56,2.729,49.15,49.14,49.16,3.2973,0.3113,0.1834,147.4,147.48,98.68,0.0572,0.0296,0.0286,196.58,100.09,147.39,0.0172,0.0217,0.0253,16000,1024,621.74,0.7853,0.1966,0.0145,0.0036
2026-08-28T11:58:10.880+02:00,1000,1024,1024,1056,51,406,1,3317,0,273,0,2.3038,0.2352,0.4427,3.3322,0.4241,1.7777,1.494,1.554,3.528,49.12,49.13,49.01,3.3062,0.3319,0.2881,147.27,147.49,309.2,0.0571,0.0317,0.1621,54.11,196.2,97.99,0.0284,0.0274,0.1397,16000,1024,755.05,0.8988,0.0928,0.0067,0.0016
2026-08-28T11:58:40.882+02:00,1000,1024,1024,1056,51,406,0,3317,0,273,0,2.2897,0.2198,0.2028,3.2976,0.3691,0.801,1.497,1.537,6.359,49.14,49.14,49.12,3.2822,0.3118,0.1927,147.39,147.64,330.84,0.0564,0.0367,0.0565,196.41,100.11,488.71,0.0143,0.0219,0.05,16000,1024,1197.87,0.913,0.0755,0.0095,0.002
2026-08-28T11:59:10.881+02:00,1000,1024,1024,1056,51,406,0,3317,0,273,0,2.3083,0.2246,0.3351,3.3432,0.4199,1.8557,1.505,1.558,7.532,49.15,49.13,49.11,3.3356,0.3202,0.1867,147.39,147.24,5.42,0.0593,0.036,0.1146,196.5,100.14,43.78,0.0192,0.0183,0.099,16000,1024,821.07,0.8496,0.1379,0.011,0.0015
2026-08-28T11:59:40.882+02:00,1000,1024,1024,1056,51,406,2,3319,0,273,0,2.3309,0.219,0.1381,3.4388,0.3871,0.8097,1.502,1.563,3.884,49.12,49.12,49.11,3.2966,0.3097,0.1781,26.18,147.57,98.63,0.0837,0.0366,0.0165,44.17,99.94,147.4,0.0841,0.021,0.0153,16000,1024,856.11,0.8692,0.1188,0.0098,0.0021
2026-08-28T12:00:10.882+02:00,1000,1024,1024,1056,51,406,0,3319,0,273,0,2.3495,0.2173,0.162,3.3824,0.3696,1.9713,1.495,1.567,34.924,49.14,49.14,49.14,3.3804,0.3082,0.1921,147.37,147.51,98.96,0.0541,0.032,0.0232,196.53,100.06,147.53,0.0173,0.0206,0.0159,16000,1024,1118.05,0.862,0.1264,0.0093,0.0023
2026-08-28T12:00:40.883+02:00,1000,1024,1024,1056,51,406,0,3319,0,273,0,2.3578,0.2382,0.4709,3.3857,0.4358,1.7503,1.499,1.569,3.334,49.07,49.05,49.01,3.3615,0.3321,0.249,43.46,147.55,98.35,0.051,0.0336,0.1826,147.19,97.86,374.71,0.052,0.0319,0.17,16000,1024,1670.43,0.9262,0.0659,0.0055,0.0023
2026-08-28T12:01:10.884+02:00,1000,1024,1024,1056,51,406,0,3319,0,273,0,2.3645,0.2233,0.2279,3.4116,0.3876,0.7957,1.497,1.546,5.026,49.15,49.14,49.02,3.4082,0.3181,0.1931,147.48,147.65,490.02,0.0561,0.0325,0.078,196.64,100.1,341.33,0.0162,0.0196,0.0861,16000,1024,1706.04,0.8819,0.1075,0.0089,0.0018
2026-08-28T12:01:40.886+02:00,1000,1024,1024,1056,51,406,0,3319,0,273,0,2.4214,0.2186,0.1459,3.4685,0.3862,0.2723,1.492,1.564,1.6,49.17,49.16,49.13,3.4874,0.3113,0.1986,147.43,147.61,98.53,0.0589,0.0352,0.0191,196.43,99.94,147.59,0.02,0.016,0.0122,16000,1024,2385.86,0.9226,0.0733,0.0037,0.0004
2026-08-28T12:02:10.885+02:00,1000,1024,1024,1056,51,406,0,3319,0,273,0,2.4039,0.2205,0.1376,3.4895,0.3705,0.2677,1.501,1.565,1.646,49.16,49.17,49.17,3.4733,0.3148,0.1914,147.47,147.53,98.72,0.0575,0.0338,0.0268,196.54,100.18,147.6,0.0162,0.0238,0.0179,16000,1024,661.75,0.67,0.3057,0.0209,0.0034
2026-08-28T12:02:40.885+02:00,1000,1024,1024,1056,51,406,0,3319,0,273,0,2.4238,0.2218,0.1409,3.4785,0.3763,0.2824,1.497,1.562,1.63,49.16,49.17,49.17,3.4955,0.318,0.1957,147.47,147.6,98.69,0.0612,0.034,0.0237,196.52,100.03,147.26,0.0188,0.022,0.0181,16000,1024,2224.81,0.6175,0.3786,0.0033,0.0007
2026-08-28T12:03:10.890+02:00,1000,1024,1024,1056,51,411,0,3319,0,273,0,2.0417,0.2266,0.097,3.0429,0.3905,0.2244,1.52,1.522,1.967,49.16,49.16,49.17,2.9474,0.3235,0.1272,147.44,147.5,98.09,0.0583,0.0264,0.0254,98.39,99.87,147.43,0.0179,0.0202,0.0167,16000,1024,870.58,0.8562,0.1346,0.0073,0.0019
2026-08-28T12:03:40.886+02:00,1000,1024,1024,1056,51,411,0,3319,0,273,0,1.9509,0.1921,0.0961,2.8706,0.3403,0.2132,1.523,1.582,1.989,49.16,49.16,49.18,2.81,0.271,0.128,147.48,147.61,98.51,0.0577,0.0293,0.0252,196.53,99.88,147.45,0.0185,0.0213,0.016,16000,1024,974.73,0.8892,0.0992,0.0092,0.0024
2026-08-28T12:04:10.885+02:00,1000,1024,1024,1056,51,411,0,3319,0,273,0,2.2123,0.2294,0.1264,3.2055,0.408,0.2388,1.502,1.57,1.611,49.15,49.14,49.17,3.1885,0.3262,0.1717,147.42,147.7,147.11,0.0512,0.0311,0.0228,53.31,100.04,98.55,0.0443,0.0258,0.0198,16000,1024,1031.31,0.8723,0.12,0.0059,0.0018
2026-08-28T12:04:40.886+02:00,1000,1024,1024,1056,51,411,0,3319,0,273,0,0.5103,0.2134,0.12,0.823,0.3542,0.2603,1.614,1.472,1.719,49.19,49.19,49.23,0.7366,0.3046,0.1674,147.61,147.48,98.89,0.052,0.0255,0.0226,43.93,100.2,147.44,0.0233,0.0199,0.016,16000,1024,1195.06,0.8813,0.1127,0.005,0.0009
2026-08-28T12:05:10.887+02:00,1000,1024,1024,1056,51,411,0,3319,0,273,0,1.9736,0.191,0.1013,2.9049,0.34,0.2228,1.527,1.65,1.956,49.18,49.19,49.16,2.8552,0.2705,0.1331,147.6,147.41,98.32,0.059,0.0318,0.0296,196.73,100.16,196.91,0.0188,0.021,0.0181,16000,1024,5484.0,0.1238,0.8716,0.0044,0.0003
2026-08-28T12:05:40.886+02:00,1000,1024,1024,1056,51,411,0,3319,0,273,0,2.3876,0.2205,0.1402,3.3955,0.3968,0.2686,1.493,1.603,1.601,49.11,49.12,49.11,3.4282,0.313,0.1936,147.28,147.2,98.01,0.0588,0.0353,0.0222,196.37,100.09,196.45,0.0191,0.025,0.0175,16000,1024,790.97,0.884,0.0986,0.0136,0.0038
2026-08-28T12:06:10.887+02:00,1000,1024,1024,1056,51,411,0,3319,0,273,0,2.3967,0.2194,0.1441,3.4656,0.3774,0.2861,1.5,1.585,1.647,49.12,49.12,49.13,3.4517,0.3098,0.2009,147.35,147.22,98.31,0.057,0.0355,0.0221,196.34,100.07,147.38,0.0204,0.022,0.0119,16000,1024,2087.19,0.9653,0.0324,0.002,0.0003
2026-08-28T12:06:40.887+02:00,1000,1024,1024,1056,51,411,0,3319,0,273,0,2.4125,0.2355,0.151,3.4801,0.4127,0.277,1.493,1.577,1.578,49.18,49.18,49.18,3.4931,0.3371,0.2091,147.54,147.29,98.25,0.0604,0.0327,0.0229,196.64,100.27,147.36,0.019,0.018,0.0149,16000,1024,718.19,0.8346,0.1502,0.0108,0.0043
2026-08-28T12:07:10.887+02:00,1000,1024,1024,1056,51,411,0,3319,0,273,0,2.444,0.2321,0.151,3.4949,0.4038,0.2937,1.486,1.612,1.622,49.03,49.03,49.04,3.4485,0.3248,0.2065,53.22,147.09,98.07,0.0895,0.0305,0.0205,44.43,99.81,147.31,0.0679,0.0229,0.0146,16000,1024,3465.72,0.9671,0.0258,0.0059,0.0012
2026-08-28T12:07:40.889+02:00,1000,1024,1024,1056,51,411,0,3319,0,273,0,2.4201,0.2343,0.149,3.4564,0.4111,0.2818,1.491,1.594,1.592,49.16,49.14,49.16,3.4905,0.3315,0.2035,147.38,147.51,98.44,0.0623,0.0373,0.0257,196.4,100.21,147.49,0.0205,0.0238,0.0181,16000,1024,766.99,0.8658,0.1204,0.0118,0.0021
2026-08-28T12:08:10.888+02:00,1000,1024,1024,1056,51,411,0,3319,0,273,0,2.4137,0.2353,0.1494,3.5013,0.4031,0.2982,1.495,1.588,1.612,49.18,49.18,49.19,3.49,0.3359,0.2093,147.48,147.64,98.56,0.0622,0.035,0.0279,196.68,100.17,147.58,0.0205,0.0273,0.0173,16000,1024,986.97,0.8712,0.1102,0.0159,0.0027
2026-08-28T12:08:40.891+02:00,1000,1024,1024,1056,51,411,0,3319,0,273,0,2.402,0.2355,0.144,3.4531,0.431,0.2872,1.495,1.6,1.582,49.16,49.16,49.14,3.4825,0.3358,0.2002,147.45,147.36,98.49,0.0574,0.0344,0.0183,53.22,100.05,147.25,0.0439,0.0224,0.0184,16000,1024,712.13,0.7933,0.1913,0.0134,0.002
2026-08-28T12:09:10.889+02:00,1000,1024,1024,1056,51,411,0,3319,0,273,0,2.428,0.2332,0.1499,3.5044,0.43,0.2957,1.495,1.6,1.626,49.15,49.15,49.15,3.5114,0.3324,0.2077,147.4,147.41,98.3,0.0585,0.0343,0.026,196.49,100.11,147.72,0.0215,0.0212,0.0185,16000,1024,862.56,0.8692,0.1173,0.0116,0.0019
2026-08-28T12:09:40.891+02:00,1000,1024,1024,1056,51,411,0,3319,0,273,0,2.4325,0.2383,0.1525,3.4902,0.4137,0.2772,1.49,1.616,1.572,49.2,49.2,49.22,3.522,0.3415,0.216,147.57,147.54,98.39,0.0603,0.0342,0.02,196.77,100.25,147.35,0.0237,0.023,0.0185,16000,1024,1480.81,0.5005,0.4917,0.0072,0.0006
2026-08-28T12:10:10.890+02:00,1000,1024,1024,1056,51,411,0,3319,0,273,0,2.4129,0.2405,0.1501,3.4748,0.4082,0.3242,1.492,1.587,1.624,49.2,49.21,49.2,3.5003,0.3457,0.2074,147.55,147.52,98.21,0.0608,0.035,0.0236,196.71,100.18,147.25,0.0219,0.0236,0.0152,16000,1024,616.55,0.5,0.4525,0.034,0.0135
2026-08-28T12:10:40.890+02:00,1000,1024,1024,1056,51,411,0,3319,0,273,0,2.4613,0.2372,0.1675,3.5262,0.4045,0.8236,1.488,1.581,4.045,49.17,49.18,49.19,3.5596,0.3422,0.2144,147.42,147.34,98.94,0.0545,0.036,0.0244,44.43,100.32,38.12,0.0245,0.0192,0.0223,16000,1024,1536.08,0.698,0.2585,0.0427,0.0008
2026-08-28T12:11:10.891+02:00,1000,1024,1024,1056,51,411,0,3319,0,273,0,2.425,0.2378,0.1494,3.4813,0.4102,0.3404,1.493,1.596,1.616,49.2,49.2,49.18,3.5226,0.3416,0.2103,147.57,147.61,98.62,0.0593,0.0358,0.0285,196.72,100.25,147.86,0.0244,0.0254,0.0183,16000,1024,617.21,0.78,0.2029,0.0137,0.0034
2026-08-28T12:11:40.887+02:00,1000,1024,1024,1056,51,411,0,3319,0,273,0,2.4147,0.2403,0.1493,3.4725,0.4091,0.3008,1.493,1.568,1.614,49.16,49.15,49.17,3.4932,0.3438,0.2081,147.42,147.57,98.4,0.0551,0.0318,0.0232,53.22,100.05,147.43,0.0486,0.0207,0.022,16000,1024,657.94,0.8359,0.152,0.0097,0.0024
2026-08-28T12:12:10.891+02:00,1000,1024,1024,1056,51,411,0,3319,0,273,0,2.4209,0.2496,0.1607,3.4541,0.432,0.3243,1.488,1.564,1.61,49.07,49.07,49.05,3.4345,0.3519,0.2213,53.22,147.1,98.13,0.0772,0.0283,0.0274,44.43,99.8,196.16,0.0695,0.0216,0.014,16000,1024,673.23,0.7592,0.2289,0.0089,0.003
2026-08-28T12:12:40.893+02:00,1000,1024,1024,1056,51,411,0,3319,0,273,0,2.3967,0.2623,0.1626,3.427,0.4295,0.3254,1.482,1.551,1.595,49.16,49.15,49.15,3.4051,0.3701,0.2252,53.59,147.14,98.62,0.0878,0.0297,0.0186,44.24,100.18,147.55,0.0737,0.0228,0.014,16000,1024,947.09,0.827,0.1583,0.012,0.0027
2026-08-28T12:13:10.892+02:00,1000,1024,1024,1056,51,411,0,3319,0,273,0,2.3335,0.266,0.1615,3.3419,0.4535,0.7208,1.483,1.553,2.174,49.2,49.2,49.19,3.3418,0.3772,0.2234,54.29,147.68,98.96,0.0599,0.033,0.0207,147.54,99.92,147.74,0.0528,0.0217,0.0174,16000,1024,1359.83,0.9237,0.0687,0.0069,0.0008
2026-08-28T12:13:40.894+02:00,1000,1024,1024,1056,51,411,0,3319,0,273,0,2.2916,0.265,0.1544,3.2663,0.4458,0.2985,1.484,1.562,1.607,49.29,49.29,49.29,3.3634,0.3881,0.2186,53.22,147.81,98.42,0.0655,0.0284,0.0226,147.85,100.05,148.03,0.0487,0.0214,0.0162,16000,1024,1127.55,0.9023,0.0924,0.0045,0.0008
2026-08-28T12:14:10.892+02:00,1000,1024,1024,1056,51,411,0,3319,0,273,0,2.2969,0.272,0.1592,3.3135,0.4609,0.3038,1.486,1.552,1.606,49.37,49.36,49.39,3.3614,0.3967,0.2233,148.05,147.95,98.81,0.0478,0.0273,0.0247,197.52,100.18,197.67,0.0218,0.0219,0.0141,16000,1024,1434.37,0.7477,0.249,0.0028,0.0005
2026-08-28T12:14:40.894+02:00,1000,1024,1024,1056,51,411,0,3319,0,273,0,2.2562,0.2716,0.1565,3.2234,0.4655,0.3093,1.484,1.558,1.626,49.38,49.39,49.38,3.2888,0.3918,0.2233,148.15,148.05,100.29,0.0454,0.0268,0.0193,197.49,100.14,197.64,0.0167,0.025,0.0181,16000,1024,891.59,0.8656,0.1297,0.0038,0.0009
2026-08-28T12:15:10.893+02:00,1000,1024,1024,1056,51,411,0,3319,0,273,0,2.2741,0.2721,0.1585,3.2726,0.4558,0.3167,1.486,1.544,1.606,49.38,49.37,49.39,3.2984,0.3929,0.2243,148.09,148.29,99.26,0.045,0.0342,0.0232,197.57,100.2,148.05,0.0282,0.0204,0.0121,16000,1024,2322.66,0.9511,0.0443,0.0037,0.0009
2026-08-28T12:15:40.890+02:00,1000,1024,1024,1056,51,411,0,3319,0,273,0,2.2754,0.2736,0.1603,3.2498,0.4571,0.2981,1.485,1.538,1.577,49.39,49.4,49.39,3.2796,0.3916,0.225,148.13,148.03,197.67,0.0438,0.0255,0.0174,45.41,99.96,99.03,0.0346,0.023,0.0134,16000,1024,1645.36,0.9828,0.0159,0.0011,0.0003
2026-08-28T12:16:10.894+02:00,1000,1024,1024,1056,51,411,0,3319,0,273,0,2.2528,0.2735,0.1599,3.2219,0.4601,0.3246,1.485,1.536,1.599,49.41,49.42,49.42,3.273,0.3948,0.2245,148.29,148.53,98.3,0.0439,0.0246,0.019,197.71,99.9,151.8,0.0183,0.0235,0.0124,16000,1024,832.65,0.738,0.2515,0.0092,0.0013
2026-08-28T12:16:40.896+02:00,1000,1024,1024,1056,51,411,0,3319,0,273,0,2.2481,0.276,0.1609,3.2725,0.4741,0.3553,1.486,1.551,1.579,49.36,49.36,49.37,3.2532,0.3976,0.2246,44.43,148.16,99.37,0.0481,0.0258,0.0219,148.02,100.06,197.57,0.046,0.0204,0.014,16000,1024,730.41,0.8105,0.1776,0.0107,0.0013
2026-08-28T12:17:10.895+02:00,1000,1024,1024,1056,51,411,0,3319,0,273,0,2.2316,0.2748,0.1584,3.2127,0.4611,0.293,1.483,1.548,1.558,49.43,49.42,49.44,3.2245,0.395,0.2258,148.32,148.6,99.45,0.0458,0.0302,0.0244,197.88,100.13,197.69,0.0206,0.0258,0.0191,16000,1024,776.94,0.7975,0.1908,0.0103,0.0014
2026-08-28T12:17:40.897+02:00,1000,1024,1024,1056,51,411,0,3319,0,273,0,2.2259,0.2753,0.1555,3.1982,0.4767,0.3004,1.49,1.525,1.601,49.41,49.41,49.43,3.2023,0.3926,0.2206,148.19,148.29,98.98,0.0395,0.0235,0.0176,54.2,100.18,148.3,0.0386,0.017,0.0105,16000,1024,1592.45,0.8905,0.1024,0.0064,0.0007
2026-08-28T12:18:10.898+02:00,1000,1024,1024,1056,51,411,0,3319,0,273,0,2.2208,0.2751,0.1557,3.1925,0.5086,0.3248,1.485,1.551,1.567,49.43,49.43,49.44,3.2129,0.3949,0.2168,148.27,148.6,99.36,0.0417,0.0343,0.0262,197.8,100.0,197.99,0.0181,0.022,0.0141,16000,1024,719.77,0.8425,0.1448,0.011,0.0017
2026-08-28T12:18:40.894+02:00,1000,1024,1024,1056,51,411,0,3319,0,273,0,2.2452,0.2732,0.1603,3.2439,0.4786,0.3154,1.489,1.549,1.602,49.33,49.34,49.32,3.3379,0.4027,0.2333,54.2,148.02,99.11,0.064,0.0314,0.0309,44.43,100.02,147.78,0.0547,0.0188,0.0144,16000,1024,731.14,0.7607,0.227,0.0107,0.0016
2026-08-28T12:19:10.895+02:00,1000,1024,1024,1056,51,411,0,3319,0,273,0,2.252,0.2743,0.1588,3.2279,0.4552,0.3192,1.484,1.522,1.619,49.44,49.44,49.41,3.2606,0.3962,0.2299,148.36,148.52,99.42,0.047,0.0327,0.0258,197.89,100.19,197.84,0.0181,0.0175,0.0184,16000,1024,1794.8,0.8651,0.1283,0.0052,0.0014
2026-08-28T12:19:40.898+02:00,1000,1024,1024,1056,51,411,0,3319,0,273,0,2.2161,0.2746,0.1573,3.1657,0.4513,0.3049,1.49,1.508,1.575,49.45,49.45,49.46,3.2061,0.3952,0.2202,148.4,148.61,99.06,0.041,0.0274,0.0223,197.95,100.01,125.91,0.0192,0.0215,0.0102,16000,1024,806.87,0.7986,0.1864,0.013,0.002
2026-08-28T12:20:10.897+02:00,1000,1024,1024,1056,51,411,0,3319,0,273,0,2.2422,0.2737,0.1548,3.2224,0.4558,0.3165,1.488,1.536,1.628,49.41,49.4,49.41,3.2255,0.392,0.2138,148.13,148.11,99.6,0.0421,0.0252,0.0144,54.2,99.95,197.35,0.0414,0.0188,0.012,16000,1024,1076.7,0.8592,0.1332,0.0069,0.0008
2026-08-28T12:20:40.900+02:00,1000,1024,1024,1056,51,411,0,3319,0,273,0,2.2386,0.2764,0.1647,3.2129,0.4617,0.3228,1.486,1.524,1.621,49.46,49.45,49.45,3.2343,0.3968,0.2324,148.46,148.68,99.47,0.0393,0.0317,0.028,197.9,99.9,197.84,0.0241,0.0232,0.017,16000,1024,1655.76,0.9012,0.0921,0.0058,0.0009
2026-08-28T12:21:10.900+02:00,1000,1024,1024,1056,51,411,0,3319,0,273,0,2.2411,0.2764,0.1602,3.1931,0.4568,0.3452,1.484,1.536,1.653,49.47,49.48,49.46,3.231,0.3984,0.2264,148.49,148.41,99.06,0.041,0.0236,0.0203,197.93,100.23,198.08,0.0196,0.0234,0.0109,16000,1024,1166.4,0.8898,0.1029,0.0059,0.0014
2026-08-28T12:21:40.899+02:00,1000,1024,1024,1056,51,411,0,3319,0,273,0,2.236,0.2756,0.1617,3.2067,0.443,0.3054,1.483,1.515,1.585,49.37,49.37,49.39,3.3119,0.4069,0.2315,44.22,99.65,148.06,0.059,0.0243,0.0173,55.2,148.1,98.35,0.0519,0.0226,0.0143,16000,1024,739.12,0.8274,0.1582,0.0124,0.002
2026-08-28T12:22:10.899+02:00,1000,1024,1024,1056,51,411,0,3319,0,273,0,2.2247,0.2782,0.1608,3.185,0.4573,0.3125,1.484,1.513,1.587,49.48,49.49,49.48,3.2002,0.3994,0.2262,148.47,148.38,98.46,0.0404,0.0261,0.0146,197.94,99.79,148.07,0.0211,0.024,0.0142,16000,1024,1685.96,0.9613,0.0348,0.0035,0.0005
2026-08-28T12:22:40.901+02:00,1000,1024,1024,1056,51,411,0,3319,0,273,0,2.2228,0.2802,0.1651,3.178,0.467,0.3155,1.491,1.522,1.616,49.5,49.5,49.49,3.206,0.4008,0.2326,148.54,148.32,99.0,0.0392,0.0261,0.0158,198.21,99.89,197.86,0.0156,0.0232,0.0152,16000,1024,651.49,0.8335,0.1459,0.0185,0.0021
2026-08-28T12:23:10.900+02:00,1000,1024,1024,1056,51,411,0,3319,0,273,0,2.224,0.2796,0.1617,3.2085,0.4734,0.3104,1.491,1.517,1.564,49.49,49.49,49.48,3.2068,0.3981,0.2293,148.59,148.75,99.48,0.0384,0.0377,0.0224,198.12,100.1,148.49,0.0218,0.0218,0.0119,16000,1024,1539.59,0.9553,0.0406,0.0035,0.0006
2026-08-28T12:23:40.904+02:00,1000,1024,1024,1056,51,411,0,3319,0,273,0,2.242,0.2768,0.1607,3.2075,0.4741,0.2992,1.491,1.526,1.612,49.47,49.47,49.47,3.22,0.3953,0.2246,148.45,148.2,98.85,0.0375,0.0273,0.0169,44.43,99.98,42.0,0.023,0.0243,0.0113,16000,1024,1311.74,0.8822,0.1064,0.0103,0.0011
2026-08-28T12:24:10.900+02:00,1000,1024,1024,1056,51,411,0,3319,0,273,0,2.2332,0.2807,0.1628,3.1843,0.4523,0.307,1.485,1.507,1.565,49.42,49.42,49.42,3.2272,0.4029,0.2299,44.96,148.58,148.63,0.063,0.0303,0.0181,55.18,99.51,99.09,0.0438,0.0254,0.015,16000,1024,777.55,0.7261,0.2587,0.0134,0.0019
2026-08-28T12:24:40.897+02:00,1000,1024,1024,1056,51,411,0,3319,0,273,0,2.2494,0.2779,0.1781,3.2364,0.4668,0.9164,1.49,1.528,4.163,49.39,49.39,49.41,3.2854,0.4029,0.227,45.41,148.54,99.42,0.0735,0.0354,0.0342,54.36,100.1,198.25,0.068,0.0237,0.014,16000,1024,624.48,0.6643,0.3188,0.0148,0.0021
2026-08-28T12:25:10.898+02:00,1000,1024,1024,1056,51,411,0,3319,0,273,0,2.2583,0.2778,0.1622,3.2545,0.4665,0.308,1.487,1.523,1.601,49.41,49.41,49.39,3.2674,0.4014,0.2301,45.2,148.26,99.15,0.0559,0.0252,0.0221,54.2,99.89,148.3,0.0514,0.016,0.0151,16000,1024,1827.18,0.9062,0.0855,0.0072,0.0011
2026-08-28T12:25:40.898+02:00,1000,1024,1024,1056,51,411,0,3319,0,273,0,2.2712,0.2755,0.1638,3.2474,0.457,0.2949,1.484,1.527,1.577,49.47,49.48,49.49,3.2675,0.3936,0.2289,148.38,148.45,99.44,0.0405,0.0271,0.0189,198.03,100.11,148.54,0.0184,0.0225,0.0148,16000,1024,781.26,0.8278,0.1624,0.0087,0.0011
2026-08-28T12:26:10.904+02:00,1000,1024,1024,1056,51,411,0,3319,0,273,0,2.2668,0.2766,0.1609,3.2436,0.4782,0.3136,1.485,1.523,1.589,49.47,49.47,49.47,3.2711,0.3983,0.2278,148.44,148.4,99.03,0.0367,0.0262,0.0197,197.92,100.13,148.4,0.0155,0.0225,0.0134,16000,1024,1218.96,0.8968,0.0963,0.006,0.0009
2026-08-28T12:26:40.902+02:00,1000,1024,1024,1056,51,411,0,3319,0,273,0,1.9855,0.2741,0.14,2.9997,0.4515,0.395,1.498,1.462,2.561,49.51,49.48,49.51,2.845,0.3921,0.1427,26.71,148.5,26.62,0.0577,0.0344,0.079,148.5,100.15,11.73,0.0404,0.0224,0.0426,16000,1024,817.6,0.8997,0.0884,0.0105,0.0014
2026-08-28T12:27:10.904+02:00,1000,1024,1024,1056,51,411,0,3319,0,273,0,2.4123,0.2624,0.1669,3.4851,0.4748,0.3208,1.492,1.55,1.587,49.47,49.47,49.48,3.5121,0.3707,0.2305,148.54,148.6,99.31,0.0424,0.0336,0.0254,198.11,100.21,6.06,0.0191,0.0234,0.0125,16000,1024,1274.25,0.8555,0.135,0.0081,0.0015
2026-08-28T12:27:40.903+02:00,1000,1024,1024,1056,51,411,0,3319,0,273,0,2.3677,0.2637,0.1677,3.3818,0.4332,0.3177,1.482,1.519,1.586,49.48,49.48,49.49,3.4156,0.3745,0.2361,148.55,148.73,99.26,0.0446,0.0416,0.0185,198.04,99.99,148.37,0.0146,0.0202,0.0112,16000,1024,1192.3,0.8542,0.1387,0.006,0.001
2026-08-28T12:28:10.903+02:00,1000,1024,1024,1056,51,411,0,3319,0,273,0,2.4336,0.2601,0.1727,3.4938,0.4247,0.3447,1.482,1.508,1.592,49.47,49.46,49.47,3.5137,0.3734,0.2436,148.42,148.53,98.62,0.0446,0.033,0.0166,197.94,99.75,197.95,0.0207,0.0275,0.0137,16000,1024,803.83,0.8407,0.1425,0.0146,0.0022
2026-08-28T12:28:40.904+02:00,1000,1024,1024,1056,51,411,0,3319,0,273,0,1.8722,0.2946,0.1757,2.9956,0.6173,0.4879,1.556,1.565,2.613,49.56,49.46,49.46,2.5167,0.4344,0.1767,28.51,99.9,28.5,0.0666,0.0227,0.0775,22.56,55.41,22.21,0.0406,0.0221,0.0504,16000,1024,1322.18,0.9496,0.0347,0.0068,0.0089
2026-08-28T12:29:10.904+02:00,1000,1024,1024,1056,51,413,0,3319,0,273,0,2.3901,0.2595,0.1653,3.4656,0.4621,0.3474,1.486,1.522,1.635,49.53,49.47,49.53,3.4129,0.3705,0.2334,148.43,55.25,99.47,0.0423,0.0313,0.0259,197.96,148.61,198.2,0.0216,0.0266,0.0122,16000,1024,1556.48,0.9151,0.0769,0.0065,0.0015
2026-08-28T12:34:40.910+02:00,1000,1024,1024,1056,61,417,0,3352,0,276,0,2.7603,0.2513,0.194,3.9158,0.4377,0.3654,1.483,1.531,1.535,49.44,49.45,49.43,3.9453,0.3548,0.272,55.18,148.45,98.99,0.0386,0.034,0.0232,148.34,99.83,16.8,0.0396,0.0268,0.0099,16000,1024,827.56,0.8362,0.1509,0.0114,0.0015
2026-08-28T12:35:40.910+02:00,1000,1024,1024,1057,62,417,0,3360,0,276,0,2.7897,0.2539,0.2093,4.1198,0.4304,1.4264,1.485,1.536,5.155,49.48,49.5,49.49,4.0249,0.3647,0.2747,148.48,99.93,98.6,0.0416,0.0293,0.0148,197.94,148.46,148.52,0.0251,0.023,0.0126,16000,1024,2176.95,0.9635,0.0321,0.004,0.0004
2026-08-28T12:36:10.911+02:00,1000,1024,1024,1056,62,417,3,3363,0,276,0,2.7469,0.2596,0.273,5.0305,0.4625,1.8177,1.508,1.553,10.818,49.41,49.44,49.42,3.6243,0.3415,0.2616,15.83,148.49,99.38,0.2958,0.0366,0.0269,44.15,34.1,148.18,0.2985,0.032,0.0247,16000,1024,1602.18,0.912,0.0799,0.0069,0.0012
2026-08-28T12:36:40.910+02:00,1000,1024,1024,1056,62,419,0,3363,0,276,0,2.7222,0.2585,0.1984,3.8961,0.4299,0.732,1.48,1.538,1.783,49.47,49.45,49.46,3.8969,0.3682,0.2749,45.08,148.82,99.56,0.0651,0.0338,0.0195,148.51,99.89,148.7,0.0475,0.0261,0.0159,16000,1024,886.99,0.8414,0.1463,0.0105,0.0018
2026-08-28T12:37:40.913+02:00,1000,1024,1024,1056,63,420,0,3364,0,276,0,2.6938,0.2585,0.1912,3.8426,0.4309,0.3528,1.488,1.517,1.573,49.52,49.52,49.52,3.8807,0.369,0.2711,148.61,148.8,99.66,0.0477,0.0348,0.0215,198.1,100.15,24.39,0.0215,0.0231,0.0147,16000,1024,1587.45,0.9191,0.0747,0.0052,0.001
2026-08-28T12:38:10.913+02:00,1000,1024,1024,1056,63,420,0,3364,0,276,0,2.6896,0.2593,0.1909,3.848,0.4354,0.3337,1.479,1.537,1.54,49.52,49.51,49.52,3.863,0.3679,0.2712,148.62,148.83,99.73,0.0546,0.0421,0.0192,198.4,100.19,148.51,0.0258,0.0263,0.0129,16000,1024,846.45,0.892,0.1002,0.007,0.0008
2026-08-28T12:38:40.912+02:00,1000,1024,1024,1056,63,420,1,3365,0,276,0,2.7137,0.2572,0.1943,3.9287,0.4279,0.8705,1.488,1.536,2.203,49.43,49.42,49.42,3.8361,0.3579,0.2697,43.75,99.71,148.24,0.1558,0.0296,0.0201,54.31,148.18,43.91,0.128,0.0307,0.0187,16000,1024,748.65,0.8347,0.1529,0.0111,0.0013
2026-08-28T12:39:10.917+02:00,1000,1024,1024,1056,63,421,0,3365,0,276,0,2.7527,0.2535,0.1888,3.9203,0.4257,0.3374,1.481,1.529,1.544,49.5,49.5,49.49,3.9559,0.3627,0.2683,148.6,148.68,99.54,0.0473,0.0357,0.0183,198.08,100.27,148.65,0.0237,0.0264,0.0139,16000,1024,1327.18,0.8717,0.1207,0.0063,0.0013
2026-08-28T12:41:10.914+02:00,1000,1024,1024,1056,66,421,0,3368,0,276,0,2.8363,0.2548,0.2009,4.0247,0.4122,0.6111,1.48,1.522,1.682,49.42,49.42,49.42,4.0736,0.3618,0.2771,44.03,148.18,148.13,0.0533,0.0279,0.0208,148.29,99.99,99.63,0.0533,0.0239,0.0183,16000,1024,4012.37,0.9489,0.0458,0.0047,0.0006
2026-08-28T12:41:40.914+02:00,1000,1024,1024,1056,66,421,0,3368,0,276,0,2.8097,0.2552,0.2015,3.9961,0.421,0.3776,1.481,1.516,1.565,49.45,49.45,49.45,4.0099,0.3597,0.2843,148.47,148.59,99.35,0.0459,0.029,0.0229,54.2,99.88,148.2,0.0472,0.0276,0.0178,16000,1024,789.53,0.8172,0.1708,0.0105,0.0015
2026-08-28T12:43:10.917+02:00,1000,1024,1024,1056,68,422,0,3372,0,276,0,2.7791,0.2546,0.201,4.0033,0.4283,0.3726,1.483,1.529,1.583,49.4,49.4,49.39,4.1008,0.3747,0.2926,55.18,99.83,98.63,0.0637,0.0209,0.0197,44.43,148.39,79.26,0.0599,0.0203,0.0101,16000,1024,1303.85,0.9423,0.0487,0.0082,0.0008
2026-08-28T12:44:40.916+02:00,1000,1024,1024,1056,70,422,0,3375,0,276,0,2.816,0.2528,0.2033,4.0133,0.4162,0.3703,1.482,1.523,1.595,49.49,49.5,49.49,4.0545,0.3609,0.2889,148.51,99.94,100.45,0.0492,0.0306,0.0168,198.0,148.53,5.03,0.0247,0.0283,0.0126,16000,1024,989.51,0.925,0.0632,0.0101,0.0017
2026-08-28T12:45:10.918+02:00,1000,1024,1024,1056,70,422,1,3376,0,276,0,2.8638,0.255,0.2703,6.3063,0.4299,1.3846,1.542,1.534,7.037,49.49,49.49,49.51,3.8845,0.3468,0.2885,35.69,148.66,10.48,0.2925,0.0358,0.0704,43.3,56.29,2.23,0.2894,0.0262,0.0699,16000,1024,825.04,0.8335,0.1563,0.009,0.0012
2026-08-28T12:46:10.919+02:00,1000,1024,1024,1056,71,423,0,3377,0,276,0,2.8346,0.249,0.1952,4.0695,0.4123,0.3584,1.491,1.547,1.524,49.5,49.5,49.5,4.0897,0.3522,0.277,148.61,148.73,99.36,0.0442,0.0347,0.027,198.0,100.01,148.65,0.0239,0.0272,0.0229,16000,1024,1521.0,0.6628,0.2999,0.028,0.0093
2026-08-28T12:48:10.923+02:00,1000,1024,1024,1056,74,423,0,3381,0,276,0,3.0902,0.231,0.2046,4.4138,0.4183,0.5504,1.485,1.669,1.586,49.35,49.35,49.35,4.5253,0.3331,0.2905,148.11,147.94,99.34,0.0507,0.0444,0.0234,197.49,100.12,24.32,0.0296,0.024,0.01,16000,1024,944.38,0.6548,0.2063,0.0499,0.0889
2026-08-28T12:48:40.926+02:00,1000,1024,1024,1056,74,423,0,3381,0,276,0,3.0787,0.2318,0.2072,4.4158,0.3937,0.3708,1.489,1.633,1.533,49.35,49.35,49.36,4.5166,0.3372,0.2956,148.03,148.17,98.81,0.0568,0.0378,0.0197,197.45,99.84,148.14,0.0259,0.0227,0.0106,16000,1024,794.9,0.7842,0.2041,0.0104,0.0013
2026-08-28T12:49:10.924+02:00,1000,1024,1024,1056,74,423,0,3381,0,276,0,3.1229,0.2313,0.2057,4.4783,0.3999,0.3748,1.49,1.652,1.551,49.28,49.28,49.28,4.5724,0.3327,0.2959,53.22,147.66,99.01,0.0843,0.0417,0.0309,44.3,100.04,197.09,0.0557,0.026,0.0138,16000,1024,1562.83,0.9054,0.086,0.0074,0.0013
2026-08-28T12:49:40.924+02:00,1000,1024,1024,1056,74,423,0,3381,0,276,0,3.1443,0.2303,0.2062,4.481,0.4086,0.3766,1.485,1.657,1.532,49.23,49.22,49.24,4.4988,0.326,0.2887,54.2,147.51,99.0,0.0936,0.04,0.0222,43.46,99.72,40.74,0.0698,0.0229,0.014,16000,1024,700.25,0.8256,0.1632,0.0091,0.0021
2026-08-28T12:50:10.926+02:00,1000,1024,1024,1056,74,423,1,3382,0,276,0,3.197,0.2223,0.2053,4.6295,0.4151,0.3864,1.489,1.664,1.542,49.27,49.27,49.29,4.5653,0.3152,0.29,43.76,147.76,98.53,0.1186,0.0422,0.0175,38.38,99.93,196.96,0.1178,0.0252,0.0177,16000,1024,1068.78,0.8894,0.1034,0.006,0.0012
2026-08-28T12:50:40.926+02:00,1000,1024,1024,1056,74,423,1,3383,0,276,0,3.184,0.2183,0.2028,4.5773,0.3854,0.3612,1.492,1.661,1.539,49.26,49.26,49.25,4.5315,0.302,0.2864,32.52,147.89,99.12,0.2382,0.0429,0.0256,36.62,24.05,29.33,0.2381,0.0212,0.0184,16000,1024,745.12,0.8909,0.1009,0.0072,0.001
2026-08-28T12:51:10.926+02:00,1000,1024,1024,1056,74,423,0,3383,0,276,0,3.1881,0.2273,0.2053,4.5512,0.3966,0.3687,1.484,1.651,1.529,49.29,49.29,49.29,4.673,0.3313,0.2926,147.88,147.81,98.74,0.0597,0.0444,0.0238,197.14,100.06,147.72,0.0248,0.0286,0.0174,16000,1024,2026.05,0.9613,0.0317,0.0059,0.0012
2026-08-28T12:52:10.935+02:00,1000,1024,1024,1056,75,423,0,3384,0,276,0,3.2001,0.2157,0.2025,4.5811,0.3793,0.3812,1.489,1.653,1.538,49.24,49.23,49.24,4.6618,0.3087,0.2886,147.63,147.74,98.85,0.0585,0.0442,0.0242,196.88,100.06,147.78,0.0245,0.0237,0.0159,16000,1024,1233.91,0.9192,0.0734,0.0064,0.001
2026-08-28T12:52:40.927+02:00,1000,1024,1024,1056,75,423,0,3384,0,276,0,3.2351,0.223,0.3219,4.6192,0.4037,1.4429,1.485,1.656,4.787,49.23,49.24,49.14,4.7049,0.3224,0.3028,147.62,147.7,30.35,0.0592,0.0464,0.0914,196.76,100.14,4.84,0.0227,0.0266,0.0834,16000,1024,1658.29,0.9143,0.079,0.0058,0.0009
2026-08-28T12:53:10.926+02:00,1000,1024,1024,1056,75,423,0,3384,0,276,0,3.2282,0.2187,0.2076,4.6661,0.4193,0.7605,1.485,1.66,1.729,49.24,49.24,49.24,4.6916,0.3144,0.2954,147.72,147.73,98.88,0.0569,0.0452,0.0246,196.98,100.08,147.91,0.0237,0.0277,0.0189,16000,1024,974.5,0.8891,0.101,0.008,0.0019
2026-08-28T12:54:10.931+02:00,1000,1024,1024,1056,76,423,0,3385,0,276,0,3.2419,0.2286,0.4567,4.6307,0.4354,1.8444,1.487,1.663,3.809,49.19,49.17,49.09,4.6936,0.3189,0.3417,147.48,147.76,107.41,0.0645,0.0468,0.1473,196.71,100.03,84.9,0.0264,0.0213,0.125,16000,1024,818.61,0.8798,0.1108,0.008,0.0015
2026-08-28T12:54:40.928+02:00,1000,1024,1024,1056,76,423,0,3385,0,276,0,3.2393,0.2137,0.2165,4.6126,0.3753,0.8286,1.489,1.646,2.299,49.15,49.15,49.11,4.667,0.3011,0.2729,53.22,147.22,330.87,0.0853,0.0425,0.0407,44.43,99.86,321.13,0.0652,0.0206,0.0379,16000,1024,715.04,0.8065,0.1813,0.0108,0.0014
2026-08-28T12:55:40.928+02:00,1000,1024,1024,1056,77,423,0,3386,0,276,0,3.2582,0.2121,0.2106,4.6363,0.3732,0.6934,1.487,1.616,1.652,49.19,49.19,49.18,4.718,0.3013,0.2942,147.49,147.58,98.63,0.0675,0.0432,0.0223,196.71,100.06,147.38,0.0225,0.0227,0.0192,16000,1024,772.01,0.876,0.112,0.0099,0.0021
2026-08-28T12:56:10.931+02:00,1000,1024,1024,1056,77,423,0,3386,0,276,0,3.291,0.2069,0.2074,4.6893,0.3808,0.8316,1.482,1.647,1.924,49.03,49.02,49.01,4.6557,0.2863,0.2835,53.22,147.02,147.12,0.1059,0.0442,0.0238,44.43,99.54,100.0,0.0943,0.0283,0.0216,16000,1024,654.26,0.7274,0.26,0.0103,0.0022
2026-08-28T12:56:40.932+02:00,1000,1024,1024,1056,77,423,0,3386,0,276,0,3.2775,0.2121,0.2053,4.6836,0.3784,0.3474,1.48,1.646,1.505,49.17,49.17,49.17,4.7205,0.3022,0.2921,147.48,147.5,98.54,0.0649,0.0437,0.022,196.59,100.09,147.57,0.0203,0.0311,0.0217,16000,1024,893.01,0.828,0.1606,0.0096,0.0018
2026-08-28T12:57:10.931+02:00,1000,1024,1024,1056,77,423,0,3386,0,276,0,3.278,0.2108,0.2092,4.6686,0.3768,0.3671,1.482,1.612,1.501,49.17,49.16,49.16,4.7269,0.3006,0.2964,147.44,147.54,98.79,0.0607,0.0408,0.023,196.49,100.07,147.63,0.0199,0.0277,0.0212,16000,1024,896.82,0.8422,0.1498,0.0068,0.0012
2026-08-28T12:57:40.931+02:00,1000,1024,1024,1056,77,423,0,3386,0,276,0,3.262,0.2099,0.209,4.6596,0.363,0.8971,1.489,1.619,2.036,49.15,49.15,49.14,4.7108,0.2995,0.2881,147.42,147.46,98.34,0.0622,0.0376,0.0226,196.71,99.93,147.17,0.0193,0.0273,0.0184,16000,1024,797.28,0.76,0.2275,0.0098,0.0027
2026-08-28T12:58:10.930+02:00,1000,1024,1024,1056,77,423,0,3386,0,276,0,3.2765,0.2106,0.2038,4.667,0.3999,0.3408,1.487,1.633,1.496,49.14,49.15,49.15,4.7162,0.2988,0.2862,147.39,147.6,98.77,0.0586,0.0425,0.0249,196.55,100.14,147.4,0.0208,0.0267,0.0196,16000,1024,668.88,0.7223,0.2644,0.011,0.0024
2026-08-28T12:58:40.930+02:00,1000,1024,1024,1056,77,423,0,3386,0,276,0,3.256,0.2077,0.2012,4.6873,0.3865,0.3547,1.488,1.648,1.515,49.13,49.13,49.13,4.6952,0.2959,0.2869,147.33,147.58,98.79,0.0599,0.042,0.0264,44.43,100.03,147.18,0.0234,0.0267,0.0198,16000,1024,986.89,0.8927,0.1022,0.0041,0.0011
2026-08-28T12:59:10.932+02:00,1000,1024,1024,1056,77,423,0,3386,0,276,0,3.2736,0.2085,0.2056,4.653,0.3787,0.362,1.484,1.64,1.511,49.13,49.14,49.13,4.7036,0.2985,0.2919,147.36,147.29,98.05,0.0607,0.0398,0.0233,196.53,99.96,147.4,0.0211,0.0254,0.0211,16000,1024,861.02,0.8511,0.1425,0.0054,0.001
2026-08-28T12:59:40.931+02:00,1000,1024,1024,1056,77,423,0,3386,0,276,0,3.2566,0.2117,0.2053,4.6293,0.3746,0.3494,1.489,1.63,1.504,49.16,49.15,49.18,4.703,0.2991,0.2894,147.38,147.37,98.4,0.0579,0.0406,0.0235,196.53,100.08,147.61,0.0199,0.0242,0.0199,16000,1024,1926.62,0.9474,0.0478,0.0039,0.0009
2026-08-28T13:00:10.933+02:00,1000,1024,1024,1056,77,423,0,3386,0,276,0,3.2562,0.2087,0.2044,4.672,0.4071,0.368,1.492,1.633,1.536,49.02,49.02,49.04,4.6284,0.2936,0.2857,54.2,146.91,97.71,0.0709,0.034,0.0277,43.46,99.65,147.17,0.0631,0.026,0.017,16000,1024,649.84,0.7526,0.2361,0.0088,0.0025
2026-08-28T13:00:40.933+02:00,1000,1024,1024,1056,77,425,0,3386,0,276,0,2.9362,0.2363,0.1912,4.2169,0.441,0.3366,1.477,1.608,1.515,49.14,49.14,49.15,4.2201,0.3375,0.273,147.43,147.31,98.89,0.0582,0.0349,0.0169,196.74,99.91,147.08,0.0196,0.0257,0.0182,16000,1024,847.7,0.9219,0.0737,0.0033,0.0011
2026-08-28T13:01:10.933+02:00,1000,1024,1024,1056,77,425,0,3386,0,276,0,2.9064,0.2378,0.1905,4.1317,0.4098,0.3434,1.489,1.596,1.496,49.09,49.07,49.09,4.1753,0.3357,0.2681,53.42,147.52,147.11,0.0595,0.0343,0.0185,147.33,99.95,99.32,0.054,0.0257,0.0172,16000,1024,734.61,0.79,0.2019,0.0065,0.0015
2026-08-28T13:01:40.934+02:00,1000,1024,1024,1056,77,425,0,3386,0,276,0,2.903,0.2407,0.1936,4.1353,0.4108,0.3399,1.486,1.604,1.522,49.14,49.15,49.15,4.1906,0.3431,0.273,147.38,147.43,147.33,0.0635,0.0346,0.0205,196.55,100.11,98.38,0.0185,0.0294,0.0151,16000,1024,702.28,0.8868,0.1049,0.0069,0.0013
2026-08-28T13:02:10.933+02:00,1000,1024,1024,1056,77,425,0,3386,0,276,0,2.9496,0.2351,0.1949,4.2283,0.4161,0.3606,1.487,1.619,1.525,49.09,49.1,49.1,4.2412,0.3339,0.2709,147.14,147.28,147.33,0.0653,0.0352,0.0223,53.22,99.76,99.73,0.0548,0.026,0.0186,16000,1024,875.6,0.9082,0.0846,0.0061,0.001
2026-08-28T13:02:40.937+02:00,1000,1024,1024,1056,77,425,0,3386,0,276,0,2.9447,0.2359,0.1927,4.2107,0.3979,0.3528,1.486,1.604,1.5,49.14,49.14,49.15,4.2464,0.3373,0.2715,147.43,147.22,147.69,0.0612,0.0364,0.0191,196.4,99.75,196.55,0.0201,0.0295,0.015,16000,1024,957.01,0.815,0.1792,0.0046,0.0012
2026-08-28T13:03:10.935+02:00,1000,1024,1024,1056,77,425,0,3386,0,276,0,2.9534,0.231,0.1917,4.224,0.3905,0.3325,1.486,1.624,1.499,49.13,49.13,49.11,4.2494,0.3281,0.2696,147.31,147.26,147.31,0.0634,0.0338,0.0268,196.32,99.85,196.63,0.017,0.0239,0.019,16000,1024,698.67,0.8011,0.1904,0.0069,0.0016
2026-08-28T13:03:40.936+02:00,1000,1024,1024,1056,77,425,0,3386,0,276,0,2.9271,0.2326,0.1861,4.1946,0.4,0.3367,1.478,1.626,1.483,49.11,49.12,49.12,4.2035,0.333,0.2592,147.25,147.17,147.39,0.065,0.0374,0.0263,54.05,99.88,98.01,0.0346,0.0254,0.0179,16000,1024,1354.4,0.9034,0.09,0.0054,0.0012
2026-08-28T13:04:10.940+02:00,1000,1024,1024,1056,77,425,0,3386,0,276,0,2.9086,0.2329,0.1877,4.1573,0.4122,0.332,1.483,1.595,1.543,49.02,49.02,48.99,4.1195,0.3261,0.2589,54.2,147.07,99.26,0.0796,0.0345,0.0201,43.46,99.81,196.24,0.0636,0.021,0.0138,16000,1024,614.83,0.8635,0.1255,0.0087,0.0023
2026-08-28T13:04:40.945+02:00,1000,1024,1024,1056,77,425,0,3386,0,276,0,2.9073,0.2329,0.1877,4.1304,0.4052,0.3348,1.479,1.613,1.512,49.14,49.13,49.14,4.1787,0.3296,0.2637,147.37,147.58,98.69,0.0636,0.04,0.0245,196.4,100.11,147.42,0.0187,0.0279,0.0214,16000,1024,668.21,0.8885,0.1026,0.0073,0.0015
2026-08-28T13:05:10.937+02:00,1000,1024,1024,1056,77,425,0,3386,0,276,0,2.8825,0.2312,0.1844,4.0986,0.3921,0.3236,1.487,1.602,1.504,49.13,49.12,49.11,4.154,0.3303,0.2613,147.32,147.38,147.5,0.0608,0.0362,0.0209,196.31,100.0,99.51,0.0224,0.0213,0.0173,16000,1024,2362.5,0.9675,0.0293,0.0027,0.0005
2026-08-28T13:05:40.936+02:00,1000,1024,1024,1057,77,425,0,3386,0,276,0,2.8999,0.2336,0.1876,4.1366,0.4299,0.3454,1.48,1.622,1.52,49.14,49.14,49.15,4.1676,0.3323,0.2642,147.29,147.18,147.73,0.0576,0.0376,0.0208,196.43,99.96,97.78,0.0204,0.0305,0.0179,16000,1024,845.15,0.9109,0.0831,0.005,0.0011
2026-08-28T13:06:10.938+02:00,1000,1024,1024,1056,77,425,0,3386,0,276,0,2.8966,0.2374,0.1869,4.1377,0.4102,0.3454,1.48,1.61,1.521,49.14,49.14,49.12,4.1656,0.3381,0.2613,147.36,147.38,98.46,0.062,0.0344,0.0238,196.58,99.98,147.46,0.0199,0.0304,0.0223,16000,1024,663.64,0.8213,0.1687,0.0084,0.0016
2026-08-28T13:06:40.937+02:00,1000,1024,1024,1056,77,425,0,3386,0,276,0,2.8526,0.2371,0.1829,4.0718,0.413,0.3422,1.478,1.587,1.522,49.14,49.14,49.16,4.1102,0.338,0.2631,147.31,147.53,147.29,0.0626,0.035,0.0227,196.62,100.11,99.64,0.0193,0.0262,0.0162,16000,1024,670.24,0.7143,0.2649,0.0153,0.0055
2026-08-28T13:07:10.938+02:00,1000,1024,1024,1056,77,425,0,3386,0,276,0,2.8528,0.2419,0.1902,4.0515,0.415,0.3383,1.483,1.593,1.522,49.16,49.15,49.15,4.1287,0.3441,0.2702,147.39,147.45,98.78,0.065,0.0364,0.0228,41.09,100.18,147.35,0.0185,0.0258,0.0217,16000,1024,750.02,0.8346,0.152,0.0089,0.0044
2026-08-28T13:07:40.938+02:00,1000,1024,1024,1056,77,425,0,3386,0,276,0,2.8433,0.2441,0.1905,4.0334,0.4105,0.3313,1.476,1.598,1.515,49.18,49.19,49.18,4.118,0.3531,0.2682,147.52,147.39,147.5,0.0656,0.0363,0.0226,196.64,100.12,98.25,0.0196,0.0286,0.0236,16000,1024,1173.64,0.854,0.1392,0.0057,0.0011
2026-08-28T13:08:10.940+02:00,1000,1024,1024,1056,77,425,0,3386,0,276,0,2.8526,0.2434,0.1897,4.0539,0.4247,0.3546,1.476,1.593,1.539,49.17,49.17,49.18,4.1187,0.3486,0.2661,147.52,147.55,98.64,0.0665,0.0364,0.0257,196.64,100.14,147.32,0.0207,0.0271,0.017,16000,1024,706.28,0.8911,0.1021,0.0054,0.0014
2026-08-28T13:08:40.940+02:00,1000,1024,1024,1056,77,425,0,3386,0,276,0,2.8546,0.2434,0.1872,4.0632,0.4243,0.3561,1.478,1.599,1.537,49.16,49.16,49.15,4.1157,0.3475,0.2631,147.4,147.42,147.55,0.0641,0.0325,0.0236,196.44,100.13,98.49,0.021,0.03,0.0209,16000,1024,680.85,0.831,0.1576,0.0085,0.0029
2026-08-28T13:09:10.939+02:00,1000,1024,1024,1056,77,425,0,3386,0,276,0,2.8471,0.245,0.1872,4.0532,0.4153,0.3382,1.484,1.592,1.537,49.17,49.17,49.17,4.125,0.3504,0.2659,147.46,147.36,147.47,0.0605,0.0378,0.0187,100.25,100.04,100.36,0.0211,0.03,0.0193,16000,1024,704.04,0.6985,0.2899,0.0091,0.0025
2026-08-28T13:09:40.941+02:00,1000,1024,1024,1056,77,425,0,3386,0,276,0,2.8732,0.2423,0.1909,4.0831,0.4092,0.3456,1.478,1.614,1.518,49.12,49.11,49.14,4.1303,0.3429,0.2683,147.35,147.56,99.27,0.0603,0.0401,0.0237,53.8,100.16,147.12,0.0499,0.0295,0.0164,16000,1024,615.97,0.821,0.1704,0.007,0.0017
2026-08-28T13:10:10.941+02:00,1000,1024,1024,1056,77,425,0,3386,0,276,0,2.8494,0.2412,0.1855,4.051,0.4056,0.3389,1.482,1.581,1.552,49.03,49.03,49.02,4.0379,0.3397,0.2585,53.22,147.18,98.04,0.094,0.0339,0.0226,43.46,99.64,147.05,0.0672,0.0254,0.0202,16000,1024,1288.78,0.9499,0.0457,0.0036,0.0008
2026-08-28T13:10:40.948+02:00,1000,1024,1024,1056,77,425,0,3386,0,276,0,2.8608,0.2399,0.1904,4.0908,0.4133,0.3349,1.476,1.605,1.501,49.03,49.03,49.02,4.0378,0.3362,0.2638,53.22,147.04,146.99,0.0974,0.031,0.0221,43.46,99.7,99.98,0.0672,0.0261,0.0185,16000,1024,682.59,0.842,0.1483,0.0079,0.0018
2026-08-28T13:11:10.942+02:00,1000,1024,1024,1056,77,425,0,3386,0,276,0,2.8581,0.2396,0.1886,4.0753,0.4439,0.3741,1.479,1.579,1.539,49.11,49.1,49.08,4.0957,0.3411,0.261,53.23,147.43,147.22,0.0596,0.0322,0.0262,147.29,100.07,99.52,0.058,0.0264,0.0205,16000,1024,643.77,0.8187,0.1705,0.0091,0.0017
2026-08-28T13:11:40.940+02:00,1000,1024,1024,1056,77,425,0,3386,0,276,0,2.852,0.2435,0.1883,4.064,0.4216,0.3524,1.486,1.596,1.542,49.15,49.16,49.14,4.1237,0.3453,0.265,147.41,147.59,99.02,0.0623,0.0368,0.0256,196.51,100.16,147.37,0.0215,0.0295,0.0176,16000,1024,742.4,0.8338,0.1577,0.0066,0.0019
2026-08-28T13:12:10.942+02:00,1000,1024,1024,1056,77,425,0,3386,0,276,0,2.8656,0.24,0.186,4.0672,0.414,0.344,1.482,1.591,1.527,49.12,49.12,49.12,4.12,0.3421,0.2599,147.28,147.32,98.37,0.0571,0.0336,0.0216,54.46,100.05,147.21,0.0234,0.0274,0.0169,16000,1024,712.72,0.8648,0.1261,0.0072,0.0019
2026-08-28T13:12:40.944+02:00,1000,1024,1024,1056,77,425,0,3386,0,276,0,2.9068,0.2388,0.185,4.1247,0.4271,0.3453,1.476,1.601,1.534,49.14,49.15,49.17,4.1799,0.3401,0.2611,147.32,147.27,98.29,0.0681,0.0396,0.0252,196.47,100.03,147.48,0.0201,0.0244,0.0198,16000,1024,673.3,0.7991,0.1915,0.0077,0.0017
2026-08-28T13:13:10.942+02:00,1000,1024,1024,1056,77,425,0,3386,0,276,0,2.901,0.2392,0.1886,4.2474,0.4192,0.3474,1.487,1.582,1.529,49.0,49.0,49.0,4.1176,0.3326,0.2671,54.2,147.0,147.05,0.0713,0.0377,0.0222,43.46,99.93,98.07,0.0679,0.0291,0.0192,16000,1024,874.66,0.8504,0.1397,0.0085,0.0014
2026-08-28T13:13:40.942+02:00,1000,1024,1024,1056,77,425,0,3386,0,276,0,2.9028,0.2398,0.1862,4.1201,0.4227,0.3302,1.481,1.588,1.497,49.12,49.12,49.13,4.1717,0.3403,0.2618,147.31,147.46,147.36,0.0607,0.0398,0.026,196.41,100.06,98.53,0.0214,0.0278,0.0236,16000,1024,713.3,0.717,0.2703,0.0102,0.0025
2026-08-28T13:14:10.944+02:00,1000,1024,1024,1056,77,425,0,3386,0,276,0,2.8925,0.2398,0.1877,4.1372,0.4048,0.338,1.488,1.581,1.517,49.06,49.06,49.06,4.1368,0.3376,0.2593,53.22,147.25,99.02,0.0709,0.0351,0.0255,44.43,99.78,147.19,0.0609,0.0287,0.0207,16000,1024,730.94,0.8994,0.0945,0.0048,0.0013
2026-08-28T13:14:40.943+02:00,1000,1024,1024,1056,77,425,0,3386,0,276,0,2.8914,0.2415,0.1887,4.1026,0.4176,0.3557,1.485,1.589,1.531,49.12,49.12,49.13,4.1657,0.3451,0.2644,147.31,147.12,97.98,0.0609,0.0406,0.0268,196.44,100.03,147.26,0.0251,0.0304,0.0202,16000,1024,687.1,0.8701,0.1233,0.0055,0.0012
2026-08-28T13:15:10.945+02:00,1000,1024,1024,1056,77,425,0,3386,0,276,0,2.9131,0.2401,0.1888,4.1363,0.408,0.3408,1.478,1.565,1.515,49.11,49.1,49.09,4.1784,0.3409,0.2662,147.22,147.26,147.11,0.0646,0.0367,0.0199,196.42,100.0,100.32,0.0182,0.0187,0.0168,16000,1024,662.71,0.9029,0.0863,0.009,0.0018
2026-08-28T13:15:40.944+02:00,1000,1024,1024,1056,77,425,0,3386,0,276,0,2.8878,0.241,0.1877,4.1114,0.4145,0.3676,1.479,1.565,1.523,49.11,49.1,49.1,4.1463,0.3433,0.261,147.26,147.48,99.15,0.0644,0.0339,0.0213,196.39,100.05,147.06,0.0202,0.0263,0.0204,16000,1024,742.29,0.7495,0.2421,0.0063,0.0021
2026-08-28T13:16:10.944+02:00,1000,1024,1024,1056,77,425,0,3386,0,276,0,2.8899,0.2419,0.1882,4.1261,0.428,0.3619,1.486,1.554,1.545,48.99,48.99,49.0,4.0894,0.3379,0.2586,53.22,146.96,97.98,0.1025,0.0342,0.02,44.43,99.48,25.35,0.0794,0.0269,0.0146,16000,1024,916.48,0.9509,0.0455,0.003,0.0006
2026-08-28T13:16:40.944+02:00,1000,1024,1024,1056,77,425,0,3386,0,276,0,2.9013,0.2434,0.1847,4.1283,0.406,0.3613,1.484,1.539,1.538,49.11,49.11,49.11,4.1731,0.3454,0.2622,147.23,147.39,98.39,0.0628,0.0363,0.0211,196.47,100.1,147.79,0.0194,0.0269,0.0185,16000,1024,678.76,0.8232,0.1643,0.0105,0.0021
2026-08-28T13:17:10.946+02:00,1000,1024,1024,1056,77,425,0,3386,0,276,0,2.9059,0.2435,0.1875,4.1498,0.4077,0.3476,1.477,1.567,1.506,49.12,49.11,49.13,4.1691,0.3459,0.2671,147.27,147.38,147.12,0.0627,0.039,0.0236,196.42,100.09,98.4,0.0226,0.0287,0.0208,16000,1024,732.38,0.9181,0.0748,0.0057,0.0015
2026-08-28T13:17:40.948+02:00,1000,1024,1024,1056,77,425,0,3386,0,276,0,2.9202,0.2435,0.1891,4.1572,0.4139,0.3616,1.479,1.554,1.547,49.11,49.12,49.11,4.1935,0.347,0.2657,147.36,147.13,98.25,0.0597,0.0415,0.0213,196.52,99.83,147.25,0.0219,0.0281,0.0194,16000,1024,852.06,0.9005,0.0947,0.0038,0.001
2026-08-28T13:18:10.946+02:00,1000,1024,1024,1056,77,425,0,3386,0,276,0,2.9082,0.2456,0.1905,4.1345,0.4126,0.3376,1.484,1.543,1.498,49.05,49.04,49.05,4.1403,0.3442,0.2679,54.2,147.46,147.11,0.0603,0.0359,0.0262,44.43,100.02,99.48,0.0616,0.0328,0.0217,16000,1024,643.82,0.8201,0.1665,0.0101,0.0033
2026-08-28T13:18:40.948+02:00,1000,1024,1024,1056,77,425,0,3386,0,276,0,2.9249,0.2445,0.1873,4.1594,0.4363,0.3406,1.48,1.545,1.525,49.02,49.02,49.0,4.1573,0.3439,0.2576,54.45,147.08,99.08,0.0697,0.0343,0.0231,43.46,99.65,147.15,0.0643,0.0253,0.0171,16000,1024,802.44,0.8952,0.1003,0.0035,0.001
2026-08-28T13:19:10.951+02:00,1000,1024,1024,1056,77,425,0,3386,0,276,0,2.942,0.2422,0.1891,4.1787,0.402,0.3284,1.478,1.545,1.5,49.09,49.09,49.07,4.2151,0.3455,0.2652,147.2,147.07,146.99,0.0621,0.0437,0.0233,53.49,99.9,100.38,0.0454,0.026,0.0152,16000,1024,812.3,0.9257,0.0685,0.0048,0.001
2026-08-28T13:19:40.947+02:00,1000,1024,1024,1056,77,425,0,3386,0,276,0,2.9185,0.2454,0.1914,4.1519,0.4139,0.3487,1.483,1.537,1.508,49.11,49.1,49.1,4.2013,0.3479,0.2731,147.22,147.36,147.36,0.067,0.0319,0.025,55.05,100.14,98.0,0.0263,0.0278,0.021,16000,1024,686.73,0.7206,0.2649,0.0112,0.0034
2026-08-28T13:20:10.948+02:00,1000,1024,1024,1056,77,425,0,3386,0,276,0,2.9166,0.2448,0.1895,4.1844,0.3964,0.3499,1.485,1.546,1.51,49.13,49.14,49.12,4.2049,0.3462,0.2673,147.38,147.58,98.79,0.0662,0.0377,0.0276,98.82,100.12,147.25,0.0175,0.0294,0.0244,16000,1024,786.85,0.8146,0.1786,0.0055,0.0014
2026-08-28T13:20:40.948+02:00,1000,1024,1024,1056,77,425,0,3386,0,276,0,2.9301,0.2421,0.1904,4.1569,0.4157,0.3514,1.48,1.56,1.522,49.13,49.14,49.12,4.2033,0.3461,0.2681,147.32,147.36,98.3,0.0646,0.0361,0.0227,196.33,100.01,147.2,0.0177,0.0267,0.0187,16000,1024,604.29,0.8881,0.0972,0.0108,0.0039
2026-08-28T13:21:10.948+02:00,1000,1024,1024,1056,77,425,0,3386,0,276,0,2.929,0.2496,0.1934,4.1744,0.4054,0.3448,1.479,1.53,1.499,49.17,49.17,49.18,4.2294,0.3571,0.2737,147.45,147.3,98.17,0.0653,0.0375,0.0271,196.62,100.06,147.48,0.0242,0.0278,0.0234,16000,1024,631.58,0.8885,0.0992,0.01,0.0023
2026-08-28T13:21:40.950+02:00,1000,1024,1024,1056,77,425,0,3386,0,276,0,2.9508,0.2479,0.1933,4.2022,0.4149,0.3547,1.476,1.539,1.519,49.17,49.16,49.16,4.2579,0.3558,0.2709,147.45,147.42,147.54,0.064,0.0406,0.0275,98.31,100.21,100.25,0.0171,0.0283,0.0225,16000,1024,687.99,0.7817,0.2059,0.0091,0.0033
2026-08-28T13:22:10.950+02:00,1000,1024,1024,1056,77,425,0,3386,0,276,0,2.9321,0.2496,0.1917,4.1725,0.4261,0.3701,1.485,1.553,1.565,49.17,49.17,49.18,4.2399,0.355,0.272,147.39,147.42,98.42,0.0611,0.0352,0.023,196.38,100.18,147.34,0.0182,0.03,0.0203,16000,1024,724.63,0.6876,0.3038,0.0063,0.0023
2026-08-28T13:22:40.949+02:00,1000,1024,1024,1056,77,425,0,3386,0,276,0,2.9584,0.2511,0.1954,4.2139,0.4291,0.3777,1.482,1.537,1.493,49.11,49.1,49.11,4.2373,0.3542,0.2788,53.22,147.51,147.16,0.0765,0.0386,0.0251,44.43,100.06,98.66,0.0639,0.028,0.0216,16000,1024,758.18,0.8153,0.1751,0.0078,0.0017
2026-08-28T13:23:10.951+02:00,1000,1024,1024,1056,77,425,0,3386,0,276,0,2.9698,0.2469,0.1946,4.2517,0.4574,0.3591,1.486,1.553,1.532,49.03,49.02,49.04,4.2047,0.3466,0.2711,53.22,147.12,98.53,0.1059,0.0324,0.0229,44.43,99.82,147.16,0.0857,0.0267,0.0186,16000,1024,903.37,0.7523,0.2409,0.006,0.0008
2026-08-28T13:23:40.952+02:00,1000,1024,1024,1056,77,425,0,3386,0,276,0,3.0001,0.2456,0.1983,4.2852,0.4261,0.3791,1.479,1.556,1.505,49.12,49.1,49.09,4.313,0.3501,0.276,147.2,147.16,97.96,0.0577,0.0375,0.0223,53.79,100.09,147.35,0.0506,0.0294,0.0177,16000,1024,724.25,0.9,0.0925,0.0062,0.0013
2026-08-28T13:24:10.950+02:00,1000,1024,1024,1056,77,425,0,3386,0,276,0,2.9923,0.2449,0.1939,4.3267,0.42,0.3601,1.489,1.577,1.534,49.12,49.12,49.12,4.3168,0.3494,0.2749,147.55,147.57,98.5,0.0618,0.0374,0.0266,54.11,99.89,147.63,0.0391,0.028,0.0158,16000,1024,859.87,0.8852,0.1095,0.0043,0.001
2026-08-28T13:24:40.952+02:00,1000,1024,1024,1056,77,425,0,3386,0,276,0,3.0052,0.2443,0.1999,4.3075,0.4148,0.3418,1.487,1.556,1.489,49.14,49.14,49.13,4.3394,0.3502,0.2838,147.34,147.22,147.28,0.0619,0.0386,0.0276,196.64,99.8,98.35,0.0193,0.0261,0.0182,16000,1024,988.53,0.8902,0.1002,0.0048,0.0048
2026-08-28T13:25:10.953+02:00,1000,1024,1024,1056,77,425,0,3386,0,276,0,3.0404,0.2428,0.199,4.335,0.4152,0.3989,1.479,1.553,1.54,49.13,49.13,49.14,4.3644,0.3442,0.2792,147.35,147.48,98.84,0.0633,0.0376,0.0244,196.39,100.11,147.45,0.0234,0.0281,0.015,16000,1024,704.06,0.8295,0.1612,0.0075,0.0018
2026-08-28T13:25:40.952+02:00,1000,1024,1024,1056,77,425,0,3386,0,276,0,3.0295,0.2438,0.1995,4.3201,0.4063,0.3376,1.484,1.546,1.49,49.15,49.15,49.16,4.3736,0.349,0.285,147.43,147.6,147.5,0.0603,0.0379,0.0268,196.58,100.15,98.83,0.0227,0.0299,0.0238,16000,1024,952.61,0.8344,0.1533,0.0103,0.002
2026-08-28T13:26:10.955+02:00,1000,1024,1024,1056,77,425,0,3386,0,276,0,3.0297,0.2457,0.1983,4.3383,0.4133,0.3726,1.486,1.546,1.531,49.14,49.14,49.14,4.3674,0.3483,0.2765,147.39,147.34,147.56,0.0687,0.0365,0.0228,196.48,99.85,98.77,0.0186,0.0283,0.0217,16000,1024,866.98,0.8962,0.0974,0.0053,0.0011
2026-08-28T13:26:40.953+02:00,1000,1024,1024,1056,77,425,0,3386,0,276,0,3.031,0.2439,0.2003,4.3146,0.4076,0.3779,1.479,1.56,1.53,49.03,49.03,49.03,4.3005,0.3411,0.2793,54.2,146.95,97.86,0.0646,0.0376,0.0276,43.46,99.72,147.21,0.0615,0.0279,0.0202,16000,1024,777.46,0.836,0.1555,0.0069,0.0015
2026-08-28T13:27:10.954+02:00,1000,1024,1024,1056,77,425,0,3386,0,276,0,3.0302,0.2422,0.1991,4.2941,0.4215,0.3752,1.484,1.536,1.546,49.09,49.1,49.09,4.3594,0.3454,0.2836,147.2,147.27,98.08,0.0579,0.0352,0.0248,54.53,100.06,147.35,0.0272,0.0296,0.0182,16000,1024,746.09,0.8179,0.1735,0.0066,0.002
2026-08-28T13:27:40.953+02:00,1000,1024,1024,1056,77,425,0,3386,0,276,0,3.0375,0.2373,0.1997,4.3228,0.3962,0.3777,1.481,1.55,1.522,49.09,49.1,49.09,4.3426,0.3366,0.2816,147.24,147.33,98.44,0.0592,0.0402,0.0239,196.3,99.94,147.22,0.0246,0.0297,0.0214,16000,1024,986.54,0.8556,0.1294,0.011,0.004
2026-08-28T13:28:10.954+02:00,1000,1024,1024,1056,77,425,0,3386,0,276,0,3.0449,0.2409,0.2007,4.3448,0.3996,0.3584,1.482,1.539,1.508,49.1,49.09,49.08,4.3689,0.3413,0.2806,147.25,147.34,98.54,0.0617,0.0371,0.024,196.16,100.07,147.18,0.0181,0.0328,0.0182,16000,1024,759.59,0.8216,0.1676,0.0085,0.0024
2026-08-28T13:28:40.958+02:00,1000,1024,1024,1056,77,425,0,3386,0,276,0,3.0332,0.2439,0.1976,4.3331,0.4162,0.3491,1.477,1.553,1.549,49.08,49.08,49.08,4.3413,0.3447,0.2778,147.32,147.57,98.61,0.0649,0.0374,0.0247,53.65,100.09,147.52,0.0455,0.023,0.0124,16000,1024,721.29,0.7914,0.2025,0.0049,0.0012
2026-08-28T13:29:10.958+02:00,1000,1024,1024,1056,77,425,0,3386,0,276,0,3.0231,0.2415,0.1964,4.3267,0.4066,0.3689,1.479,1.548,1.52,49.02,49.02,49.02,4.2791,0.3394,0.2726,54.2,147.13,98.85,0.065,0.0364,0.0226,43.46,99.72,147.09,0.0602,0.0298,0.023,16000,1024,727.67,0.8532,0.1305,0.0126,0.0037
2026-08-28T13:29:40.957+02:00,1000,1024,1024,1056,77,425,0,3386,0,276,0,3.0316,0.2422,0.1997,4.3217,0.4187,0.3797,1.485,1.561,1.518,49.11,49.11,49.12,4.3603,0.3431,0.2857,147.33,147.19,147.0,0.0559,0.0369,0.0259,196.27,99.76,100.32,0.019,0.0318,0.0181,16000,1024,904.2,0.919,0.0749,0.0051,0.001
2026-08-28T13:30:10.952+02:00,1000,1024,1024,1056,77,425,0,3386,0,276,0,3.0302,0.2403,0.1956,4.3025,0.408,0.366,1.48,1.545,1.542,49.1,49.1,49.1,4.3465,0.3408,0.2748,147.25,147.27,100.33,0.0593,0.0424,0.0192,196.35,100.08,147.23,0.0251,0.0304,0.0144,16000,1024,787.57,0.846,0.1456,0.0068,0.0017
2026-08-28T13:30:40.957+02:00,1000,1024,1024,1056,77,425,0,3386,0,276,0,3.0223,0.2417,0.1937,4.2969,0.4294,0.341,1.485,1.543,1.552,49.12,49.13,49.13,4.3473,0.3422,0.273,147.37,147.45,98.55,0.0639,0.04,0.0203,196.52,99.8,147.36,0.0213,0.0265,0.0154,16000,1024,864.05,0.9204,0.0755,0.0033,0.0008
2026-08-28T13:31:10.956+02:00,1000,1024,1024,1056,77,425,0,3386,0,276,0,3.0163,0.244,0.1925,4.2874,0.4196,0.3515,1.481,1.548,1.506,49.09,49.09,49.1,4.3257,0.3465,0.271,147.15,147.37,98.76,0.0549,0.0366,0.0226,54.16,100.1,147.34,0.0418,0.0236,0.0215,16000,1024,773.12,0.8221,0.1664,0.0091,0.0024
2026-08-28T13:31:40.958+02:00,1000,1024,1024,1056,77,425,0,3386,0,276,0,3.0202,0.2423,0.1962,4.3132,0.3947,0.3546,1.488,1.536,1.529,49.09,49.09,49.09,4.3441,0.3455,0.2764,147.28,147.27,98.31,0.0547,0.0403,0.0242,196.41,99.91,147.03,0.024,0.0271,0.018,16000,1024,700.3,0.8557,0.1363,0.0066,0.0015
2026-08-28T13:32:10.958+02:00,1000,1024,1024,1056,77,425,0,3386,0,276,0,3.0179,0.2409,0.1947,4.3092,0.4038,0.3454,1.479,1.552,1.509,49.11,49.1,49.11,4.3264,0.344,0.2761,147.22,147.17,147.2,0.0613,0.0431,0.022,196.22,99.94,98.19,0.0209,0.0311,0.021,16000,1024,677.87,0.8198,0.1688,0.0088,0.0025
2026-08-28T13:32:40.958+02:00,1000,1024,1024,1056,77,425,0,3386,0,276,0,3.0213,0.2406,0.1975,4.3193,0.3983,0.3678,1.487,1.526,1.519,49.0,49.0,49.01,4.2956,0.3369,0.2762,54.2,147.08,98.43,0.0674,0.0425,0.029,43.46,99.99,146.92,0.0625,0.0309,0.0228,16000,1024,675.69,0.8144,0.1706,0.0112,0.0037
2026-08-28T13:33:10.957+02:00,1000,1024,1024,1056,77,425,0,3386,0,276,0,3.0241,0.2412,0.1965,4.3135,0.404,0.3657,1.479,1.565,1.525,49.1,49.11,49.1,4.3401,0.3433,0.276,147.22,147.2,98.1,0.0586,0.0406,0.0228,55.6,99.82,147.1,0.0258,0.0302,0.0184,16000,1024,724.0,0.8784,0.1135,0.0068,0.0013
2026-08-28T13:33:40.958+02:00,1000,1024,1024,1056,77,425,0,3386,0,276,0,3.0106,0.242,0.1952,4.3054,0.4154,0.3291,1.482,1.539,1.482,49.12,49.12,49.12,4.327,0.3461,0.2742,147.32,147.13,147.25,0.06,0.0433,0.0249,196.48,100.04,98.13,0.0192,0.0285,0.0211,16000,1024,807.96,0.9111,0.0824,0.0051,0.0015
2026-08-28T13:34:10.963+02:00,1000,1024,1024,1056,77,425,0,3386,0,276,0,3.0086,0.2426,0.1991,4.2892,0.4355,0.3595,1.481,1.55,1.531,49.12,49.12,49.11,4.3289,0.3454,0.2829,147.31,147.22,147.55,0.062,0.0438,0.0225,196.27,100.03,100.08,0.0207,0.0272,0.0235,16000,1024,651.53,0.8294,0.1633,0.0056,0.0017
2026-08-28T13:34:40.959+02:00,1000,1024,1024,1056,77,425,0,3386,0,276,0,3.016,0.2425,0.1971,4.3155,0.4166,0.3541,1.481,1.539,1.518,49.06,49.06,49.05,4.3071,0.3431,0.2786,53.22,147.22,147.48,0.0686,0.0385,0.0146,44.43,99.98,98.2,0.059,0.0283,0.0147,16000,1024,705.32,0.7954,0.1892,0.0113,0.0041
2026-08-28T13:35:10.960+02:00,1000,1024,1024,1056,77,425,0,3386,0,276,0,3.0367,0.243,0.1987,4.3079,0.4074,0.3548,1.478,1.54,1.518,49.02,49.03,49.01,4.2994,0.3412,0.2761,43.46,147.18,98.59,0.0663,0.0376,0.02,54.2,99.82,147.12,0.0604,0.0303,0.0171,16000,1024,850.4,0.8336,0.1534,0.0102,0.0028
2026-08-28T13:35:40.960+02:00,1000,1024,1024,1056,77,425,0,3386,0,276,0,2.989,0.2439,0.197,4.2394,0.4164,0.361,1.487,1.544,1.533,49.11,49.12,49.11,4.3021,0.3468,0.2789,147.28,147.28,99.41,0.0598,0.0386,0.0198,196.2,99.97,147.19,0.0178,0.0255,0.0174,16000,1024,1580.81,0.9276,0.0662,0.0054,0.0008
2026-08-28T13:36:10.961+02:00,1000,1024,1024,1056,77,425,0,3386,0,276,0,2.9655,0.2492,0.1982,4.2147,0.4423,0.3625,1.48,1.561,1.533,49.18,49.18,49.2,4.2795,0.3561,0.2822,147.52,147.44,98.54,0.0556,0.0392,0.0197,196.72,100.15,147.62,0.0207,0.0314,0.0184,16000,1024,723.42,0.8389,0.1519,0.0074,0.0018
2026-08-28T13:36:40.962+02:00,1000,1024,1024,1056,77,425,0,3386,0,276,0,2.9474,0.2519,0.1977,4.2049,0.4292,0.3659,1.478,1.564,1.533,49.19,49.18,49.21,4.2641,0.3595,0.2839,147.53,147.73,99.03,0.0578,0.0412,0.0249,196.68,100.13,147.56,0.0204,0.0341,0.0174,16000,1024,864.39,0.8882,0.1053,0.005,0.0014
2026-08-28T13:37:10.960+02:00,1000,1024,1024,1056,77,425,0,3386,0,276,0,2.9595,0.2531,0.1973,4.215,0.4463,0.3682,1.484,1.549,1.535,49.06,49.07,49.06,4.1928,0.354,0.2728,53.29,147.28,98.51,0.0985,0.0392,0.0206,44.43,99.82,146.96,0.0819,0.0253,0.0182,16000,1024,781.38,0.8598,0.133,0.0056,0.0015
2026-08-28T13:37:40.961+02:00,1000,1024,1024,1056,77,425,0,3386,0,276,0,2.9854,0.2489,0.1981,4.2689,0.4454,0.3606,1.478,1.565,1.52,49.16,49.17,49.15,4.3105,0.3584,0.2792,147.43,147.36,147.43,0.0576,0.0404,0.0225,196.48,100.18,98.0,0.0253,0.0273,0.0194,16000,1024,1449.88,0.9577,0.0394,0.0023,0.0006
2026-08-28T13:38:10.961+02:00,1000,1024,1024,1056,77,425,0,3386,0,276,0,2.9579,0.2475,0.195,4.1934,0.4125,0.3583,1.486,1.546,1.511,49.16,49.16,49.15,4.2769,0.3529,0.2753,147.43,147.52,147.79,0.0593,0.0395,0.0195,196.65,100.25,99.07,0.0193,0.0295,0.0178,16000,1024,573.6,0.7219,0.2679,0.0081,0.0021
2026-08-28T13:38:40.963+02:00,1000,1024,1024,1056,77,425,0,3386,0,276,0,2.9613,0.2451,0.1945,4.2219,0.4305,0.3648,1.483,1.554,1.527,49.15,49.16,49.16,4.2687,0.3506,0.272,147.46,147.49,100.29,0.06,0.0429,0.0251,196.67,100.16,147.45,0.0179,0.0302,0.0169,16000,1024,717.78,0.8878,0.1009,0.0094,0.0018
2026-08-28T13:39:10.962+02:00,1000,1024,1024,1056,77,425,0,3386,0,276,0,2.979,0.2453,0.1943,4.2473,0.4219,0.3448,1.482,1.57,1.526,49.16,49.16,49.16,4.3004,0.3504,0.2719,147.42,147.41,147.46,0.0626,0.0377,0.0214,196.63,99.92,100.22,0.0221,0.0288,0.0211,16000,1024,635.25,0.8297,0.1605,0.0073,0.0025
2026-08-28T13:39:40.963+02:00,1000,1024,1024,1056,77,425,0,3386,0,276,0,2.979,0.2454,0.1919,4.2444,0.4168,0.3761,1.477,1.558,1.528,49.16,49.16,49.15,4.2914,0.3504,0.2682,147.45,147.3,147.49,0.0613,0.0434,0.0201,196.45,100.02,98.19,0.0197,0.0278,0.0187,16000,1024,1231.7,0.9185,0.0765,0.004,0.001
2026-08-28T13:40:10.963+02:00,1000,1024,1024,1056,77,425,0,3386,0,276,0,2.9828,0.2423,0.1952,4.2446,0.4112,0.3762,1.484,1.545,1.541,49.15,49.15,49.15,4.3102,0.3451,0.2761,147.4,147.32,98.44,0.0586,0.0393,0.0188,44.43,100.0,147.42,0.0313,0.0227,0.0181,16000,1024,667.79,0.8283,0.158,0.0112,0.0025
2026-08-28T13:40:40.963+02:00,1000,1024,1024,1056,77,425,0,3386,0,276,0,2.9817,0.2427,0.1956,4.2315,0.4264,0.3752,1.481,1.568,1.531,49.11,49.11,49.11,4.2831,0.3466,0.2751,53.22,147.18,147.5,0.0643,0.0383,0.0208,147.37,99.79,100.23,0.0581,0.0278,0.0152,16000,1024,803.25,0.8403,0.1537,0.0046,0.0015
2026-08-28T13:41:10.964+02:00,1000,1024,1024,1056,77,425,0,3386,0,276,0,2.9776,0.2452,0.1946,4.2378,0.4151,0.3818,1.48,1.566,1.555,49.02,49.02,49.02,4.2092,0.345,0.2686,53.22,147.06,99.54,0.0955,0.0368,0.0195,44.43,99.73,147.08,0.0813,0.0227,0.0186,16000,1024,763.24,0.7519,0.23,0.0166,0.0015
2026-08-28T13:41:40.965+02:00,1000,1024,1024,1056,77,425,0,3386,0,276,0,2.9935,0.2421,0.2,4.2874,0.4181,0.3547,1.477,1.585,1.523,49.11,49.1,49.1,4.2901,0.3459,0.2803,147.24,147.2,147.3,0.0644,0.0419,0.0256,53.24,99.89,98.85,0.0572,0.032,0.0208,16000,1024,893.34,0.864,0.1269,0.0072,0.0019
2026-08-28T13:42:10.968+02:00,1000,1024,1024,1056,77,425,0,3386,0,276,0,0.0242,0.0201,0.0317,0.0918,0.0708,0.1298,2.953,3.028,3.096,38.79,11.81,130.97,0.0085,0.0069,0.0099,55.76,86.4,49.28,0.0081,0.0074,0.0101,80.58,32.29,137.37,0.008,0.0062,0.0098,16000,1024,493.61,0.9283,0.0635,0.0071,0.0011
2026-08-28T13:42:40.965+02:00,1000,1024,1024,1056,77,425,0,3386,0,276,0,0.0237,0.0207,0.0339,0.0897,0.0638,0.1271,3.363,2.842,3.047,51.13,14.52,43.78,0.008,0.0068,0.0121,259.22,75.24,70.25,0.0072,0.0052,0.0114,223.96,64.79,170.88,0.007,0.0053,0.0092,16000,1024,405.2,0.9126,0.0661,0.0191,0.0022
2026-08-28T13:43:10.965+02:00,1000,1024,1024,1056,77,425,0,3386,0,276,0,0.0234,0.0216,0.0313,0.0691,0.0766,0.1062,2.783,3.005,3.065,3.92,3.17,161.22,0.0078,0.0086,0.0084,95.0,98.94,130.96,0.0068,0.0065,0.0083,64.81,9.94,62.8,0.007,0.0061,0.0083,16000,1024,420.05,0.7511,0.21,0.0373,0.0016
2026-08-28T13:43:40.966+02:00,1000,1024,1024,1056,77,425,0,3386,0,276,0,0.0234,0.0205,0.0339,0.0713,0.0663,0.094,2.908,3.073,2.575,85.04,87.8,68.43,0.0077,0.0069,0.0094,111.57,164.17,5.69,0.007,0.0062,0.0088,135.44,180.86,146.19,0.0069,0.0059,0.0088,16000,1024,633.13,0.8448,0.1468,0.007,0.0014
2026-08-28T13:44:10.966+02:00,1000,1024,1024,1056,77,425,0,3386,0,276,0,0.0231,0.0204,0.0301,0.0742,0.0608,0.1078,2.943,2.64,2.799,103.45,19.58,56.71,0.0076,0.0075,0.0092,62.54,42.07,20.52,0.0073,0.0074,0.0086,91.07,103.83,71.01,0.0063,0.0053,0.0088,16000,1024,569.2,0.6731,0.3032,0.0214,0.0023
2026-08-28T13:44:40.967+02:00,1000,1024,1024,1056,77,425,0,3386,0,276,0,0.0235,0.0218,0.0314,0.0768,0.0763,0.1083,3.104,3.238,2.919,73.98,18.66,42.79,0.0075,0.0078,0.0096,8.79,75.92,9.03,0.007,0.0077,0.0097,21.44,101.74,141.32,0.006,0.0063,0.0088,16000,1024,381.75,0.9363,0.0489,0.012,0.0028
2026-08-28T13:45:10.970+02:00,1000,1024,1024,1056,77,425,0,3386,0,276,0,0.0245,0.022,0.0338,0.1116,0.0879,0.1238,3.547,3.216,2.949,3.57,45.94,8.08,0.0076,0.0071,0.0119,78.95,20.58,176.38,0.0067,0.007,0.0111,52.96,33.04,13.37,0.0065,0.0068,0.0108,16000,1024,410.26,0.9124,0.0706,0.0138,0.0032
2026-08-28T13:45:40.967+02:00,1000,1024,1024,1056,77,425,0,3386,0,276,0,0.0239,0.0213,0.031,0.0694,0.0791,0.095,2.743,2.865,2.862,40.09,121.02,203.93,0.0089,0.0078,0.009,44.9,97.08,86.88,0.0083,0.0068,0.0087,14.88,200.64,175.35,0.0076,0.0059,0.0093,16000,1024,1143.57,0.963,0.0293,0.0062,0.0016
2026-08-28T13:46:10.969+02:00,1000,1024,1024,1056,77,425,0,3386,0,276,0,0.0233,0.0207,0.0298,0.0728,0.0609,0.0891,2.929,2.711,2.824,90.45,74.19,95.41,0.0093,0.0059,0.0089,23.46,18.39,323.46,0.0081,0.0057,0.0087,54.63,26.64,109.6,0.0064,0.0056,0.0085,16000,1024,353.95,0.9124,0.0633,0.0216,0.0027
2026-08-28T13:46:40.968+02:00,1000,1024,1024,1056,77,425,0,3386,0,276,0,0.0234,0.0202,0.03,0.0883,0.0761,0.1139,3.052,3.273,3.024,87.73,36.49,87.5,0.007,0.0058,0.0111,96.55,157.62,129.64,0.0068,0.0052,0.0099,124.22,110.34,101.67,0.0065,0.005,0.0093,16000,1024,388.34,0.9365,0.0546,0.008,0.0009
2026-08-28T13:47:10.968+02:00,1000,1024,1024,1056,77,425,0,3386,0,276,0,0.0231,0.0211,0.0328,0.071,0.0705,0.0909,2.919,2.993,2.627,43.62,88.02,10.3,0.0076,0.0081,0.0103,29.67,130.57,19.29,0.0068,0.0074,0.0097,37.65,46.99,73.83,0.0065,0.0066,0.0105,16000,1024,340.03,0.8749,0.1115,0.0113,0.0023
2026-08-28T13:47:40.969+02:00,1000,1024,1024,1056,77,425,0,3386,0,276,0,0.0249,0.0212,0.0316,0.0816,0.0739,0.1024,2.943,3.041,2.712,78.83,42.49,159.01,0.0081,0.0065,0.0092,62.48,129.77,137.88,0.0075,0.0057,0.0085,129.76,30.39,11.3,0.007,0.0056,0.0083,16000,1024,504.17,0.4281,0.4561,0.1087,0.0071
2026-08-28T13:48:10.972+02:00,1000,1024,1024,1056,77,425,0,3386,0,276,0,0.0235,0.0208,0.0308,0.078,0.0596,0.1148,3.045,2.518,3.379,164.59,19.14,120.01,0.0081,0.0066,0.0098,155.93,122.85,20.58,0.0067,0.006,0.0093,31.22,67.45,49.69,0.0061,0.0056,0.0085,16000,1024,486.59,0.9064,0.086,0.0065,0.0011
2026-08-28T13:48:40.969+02:00,1000,1024,1024,1056,77,425,0,3386,0,276,0,0.0239,0.0216,0.0313,0.087,0.0649,0.1012,3.228,2.927,2.911,57.64,45.01,11.72,0.0092,0.0069,0.0104,110.68,28.31,68.05,0.0093,0.0066,0.01,50.94,79.05,156.59,0.0065,0.0065,0.0097,16000,1024,469.1,0.8816,0.1044,0.0129,0.0011
2026-08-28T13:49:10.972+02:00,1000,1024,1024,1056,77,425,0,3386,0,276,0,0.0233,0.0213,0.03,0.093,0.0784,0.0923,2.927,3.402,2.746,172.9,41.75,85.75,0.0067,0.007,0.0118,6.69,201.78,62.6,0.0067,0.0064,0.01,47.24,56.43,12.18,0.0064,0.006,0.0098,16000,1024,626.14,0.9839,0.0134,0.0023,0.0004
2026-08-28T13:49:40.978+02:00,1000,1024,1024,1056,77,425,0,3386,0,276,0,0.0241,0.0205,0.0362,0.0844,0.0709,0.1207,2.874,2.869,2.826,111.18,50.8,139.44,0.0074,0.0069,0.0131,86.11,79.39,33.75,0.0071,0.0072,0.0123,38.81,55.22,41.72,0.0062,0.0069,0.0101,16000,1024,655.93,0.817,0.1766,0.0057,0.0007
2026-08-28T13:50:10.971+02:00,1000,1024,1024,1056,77,425,0,3386,0,276,0,0.0235,0.0223,0.0313,0.081,0.0836,0.1021,3.028,3.02,2.796,33.1,37.22,69.95,0.0089,0.0075,0.0097,89.67,7.03,143.88,0.0074,0.0066,0.0081,152.42,168.2,120.98,0.0073,0.0061,0.0077,16000,1024,1236.82,0.9437,0.0542,0.0018,0.0003
2026-08-28T13:50:40.973+02:00,1000,1024,1024,1056,77,425,0,3386,0,276,0,0.0214,0.021,0.0322,0.0639,0.0692,0.0893,2.84,2.841,2.688,16.12,49.91,107.65,0.0076,0.0066,0.0102,64.65,193.12,96.33,0.0064,0.0065,0.0096,38.43,163.37,32.38,0.0065,0.0058,0.0094,16000,1024,352.71,0.9458,0.0407,0.0116,0.0018
2026-08-28T13:51:10.972+02:00,1000,1024,1024,1056,77,425,0,3386,0,276,0,0.0229,0.0218,0.0295,0.0783,0.0791,0.1013,3.026,2.918,3.133,24.74,78.41,70.4,0.0075,0.0076,0.0084,187.05,49.12,142.51,0.0066,0.007,0.0083,166.02,8.76,260.59,0.0061,0.0066,0.008,16000,1024,2858.76,0.9854,0.0125,0.0018,0.0003
2026-08-28T13:51:40.973+02:00,1000,1024,1024,1056,77,425,0,3386,0,276,0,0.0233,0.0212,0.0332,0.0858,0.0631,0.1011,2.907,2.839,2.908,58.85,10.93,92.58,0.0084,0.007,0.0096,266.32,71.37,32.12,0.0069,0.006,0.0091,128.93,66.03,8.2,0.0062,0.0062,0.0092,16000,1024,645.34,0.8129,0.0612,0.1162,0.0097
2026-08-28T13:52:10.974+02:00,1000,1024,1024,1056,77,425,0,3386,0,276,0,0.0235,0.0212,0.0323,0.0674,0.074,0.123,2.637,3.086,3.307,5.05,10.09,105.27,0.0064,0.007,0.0097,175.78,181.67,38.91,0.0063,0.0066,0.0094,107.43,264.83,76.08,0.0063,0.0062,0.0092,16000,1024,737.46,0.9741,0.0218,0.0035,0.0006
2026-08-28T13:52:40.973+02:00,1000,1024,1024,1056,77,425,0,3386,0,276,0,0.0246,0.0218,0.0333,0.0748,0.0835,0.1062,2.896,2.997,2.731,48.95,45.58,2.46,0.0101,0.0079,0.0113,23.6,101.79,23.46,0.0072,0.0072,0.0098,246.07,235.46,109.91,0.0067,0.0058,0.0106,16000,1024,367.84,0.9272,0.0602,0.0112,0.0014
2026-08-28T13:53:10.973+02:00,1000,1024,1024,1056,77,425,0,3386,0,276,0,0.0242,0.0207,0.0301,0.0758,0.0641,0.1069,2.826,2.708,3.056,17.98,24.57,168.53,0.008,0.0062,0.0097,54.85,192.37,83.25,0.007,0.0059,0.0092,89.11,274.35,41.11,0.0069,0.0054,0.0091,16000,1024,271.1,0.9054,0.0695,0.0222,0.0029
2026-08-28T13:53:40.973+02:00,1000,1024,1024,1056,77,425,0,3386,0,276,0,0.0238,0.0204,0.0322,0.0714,0.0721,0.1071,2.631,2.745,3.084,85.92,85.09,55.16,0.008,0.0065,0.01,117.54,243.04,2.27,0.0083,0.0061,0.0088,43.63,10.93,152.39,0.0074,0.006,0.0079,16000,1024,734.33,0.962,0.0313,0.0058,0.001
2026-08-28T13:54:10.974+02:00,1000,1024,1024,1056,77,425,0,3386,0,276,0,0.0246,0.0218,0.033,0.083,0.0705,0.112,2.939,2.907,3.035,100.9,221.68,58.07,0.0075,0.007,0.0139,19.72,51.52,11.2,0.0074,0.0069,0.0138,255.2,91.46,18.51,0.0075,0.0068,0.0093,16000,1024,561.25,0.9095,0.0601,0.025,0.0054
2026-08-28T13:54:40.974+02:00,1000,1024,1024,1056,77,425,0,3386,0,276,0,0.0241,0.0199,0.0314,0.0787,0.0698,0.1036,2.793,3.021,2.956,28.49,11.53,72.58,0.0078,0.0056,0.0102,5.22,130.07,4.46,0.0078,0.0056,0.0093,219.35,41.41,84.9,0.0073,0.0056,0.0086,16000,1024,564.77,0.9395,0.0531,0.0065,0.0009
2026-08-28T13:55:10.975+02:00,1000,1024,1024,1056,77,425,0,3386,0,276,0,0.0224,0.0225,0.0302,0.0808,0.0812,0.1007,3.025,3.071,2.953,64.53,70.88,186.52,0.007,0.0073,0.0098,196.79,143.64,212.47,0.0069,0.0068,0.0094,173.38,86.16,36.94,0.007,0.0065,0.0089,16000,1024,540.31,0.9531,0.0415,0.0046,0.0009
2026-08-28T13:55:40.975+02:00,1000,1024,1024,1056,77,425,0,3386,0,276,0,0.0232,0.02,0.0297,0.0882,0.0581,0.1089,3.238,2.953,3.396,78.16,29.43,248.79,0.0086,0.0092,0.0102,16.13,97.95,35.9,0.0095,0.0072,0.009,70.63,108.2,200.19,0.0076,0.0065,0.0077,16000,1024,426.89,0.8174,0.1653,0.0146,0.0028
2026-08-28T13:56:10.977+02:00,1000,1024,1024,1056,77,425,0,3386,0,276,0,0.0242,0.0224,0.0301,0.0725,0.0729,0.1032,2.933,3.034,3.115,60.88,136.81,166.63,0.0079,0.0087,0.0108,239.11,61.13,15.73,0.0074,0.0067,0.0092,35.46,75.58,152.16,0.0069,0.0069,0.0089,16000,1024,475.28,0.9607,0.0316,0.0069,0.0008
2026-08-28T13:56:40.977+02:00,1000,1024,1024,1056,77,425,0,3386,0,276,0,0.0218,0.0215,0.0321,0.0853,0.0819,0.1111,3.406,3.17,3.083,53.51,68.05,153.22,0.0082,0.0073,0.0097,214.09,42.0,160.86,0.007,0.0063,0.0091,67.08,128.0,57.21,0.0069,0.0056,0.0088,16000,1024,442.42,0.9124,0.0745,0.008,0.005
2026-08-28T13:57:10.976+02:00,1000,1024,1024,1056,77,425,0,3386,0,276,0,0.0226,0.0203,0.0305,0.0624,0.0702,0.0991,2.661,2.917,2.843,2.75,16.75,53.27,0.0076,0.0075,0.0111,124.15,205.43,45.76,0.0071,0.0064,0.008,53.8,175.51,113.42,0.0068,0.0062,0.008,16000,1024,366.15,0.8041,0.1144,0.0784,0.003
2026-08-28T13:57:40.977+02:00,1000,1024,1024,1056,77,425,0,3386,0,276,0,0.0233,0.0209,0.0318,0.0855,0.071,0.1044,2.985,2.936,3.019,27.69,114.22,112.39,0.0097,0.0068,0.0104,18.05,98.48,54.15,0.008,0.0067,0.0101,143.0,54.49,200.82,0.0061,0.0065,0.0094,16000,1024,455.52,0.7905,0.1755,0.0326,0.0014
2026-08-28T13:58:10.978+02:00,1000,1024,1024,1056,77,425,0,3386,0,276,0,0.0244,0.0218,0.0303,0.0721,0.0885,0.1085,2.646,3.082,3.069,36.75,108.79,180.35,0.0085,0.0075,0.0096,87.6,32.58,57.6,0.0069,0.0077,0.0088,110.29,2.41,25.61,0.0065,0.0065,0.0084,16000,1024,364.17,0.8487,0.1393,0.0096,0.0024
2026-08-28T13:58:40.978+02:00,1000,1024,1024,1056,77,425,0,3386,0,276,0,0.0228,0.0215,0.0326,0.0789,0.0663,0.1046,2.96,2.897,2.777,12.53,22.45,175.12,0.0078,0.0065,0.0137,60.91,50.02,46.86,0.0083,0.0065,0.01,72.38,44.81,20.65,0.0074,0.0061,0.0097,16000,1024,483.71,0.9206,0.0712,0.0071,0.001
2026-08-28T13:59:10.978+02:00,1000,1024,1024,1056,77,425,0,3386,0,276,0,0.0227,0.0204,0.0289,0.0787,0.0819,0.0847,3.28,3.331,2.975,61.68,146.23,254.81,0.0073,0.0063,0.0091,5.66,107.08,219.34,0.0071,0.0062,0.0095,115.7,91.72,209.03,0.007,0.0054,0.0079,16000,1024,259.09,0.9086,0.0753,0.0141,0.002
2026-08-28T13:59:40.980+02:00,1000,1024,1024,1056,77,425,0,3386,0,276,0,0.0229,0.0204,0.0351,0.0965,0.066,0.1577,3.428,3.151,3.552,76.48,6.69,164.89,0.0085,0.0072,0.0108,219.41,26.64,6.91,0.0075,0.0067,0.0103,104.24,117.62,79.68,0.007,0.006,0.0103,16000,1024,399.72,0.9603,0.0328,0.0061,0.0009
2026-08-28T14:00:10.979+02:00,1000,1024,1024,1056,77,425,0,3386,0,276,0,0.0245,0.0198,0.0325,0.0868,0.0639,0.1337,2.732,2.984,3.368,46.85,105.63,68.24,0.0084,0.0057,0.0118,89.16,88.64,102.45,0.0075,0.0057,0.0108,146.64,34.93,94.12,0.0072,0.0055,0.0092,16000,1024,580.82,0.9312,0.0615,0.0058,0.0016
2026-08-28T14:00:40.979+02:00,1000,1024,1024,1056,77,425,0,3386,0,276,0,0.0244,0.0208,0.0327,0.0749,0.0865,0.1162,2.951,3.44,3.011,118.97,13.29,74.29,0.0072,0.0096,0.0109,98.21,58.88,10.45,0.0081,0.0065,0.0099,139.81,8.15,126.7,0.0065,0.0062,0.0099,16000,1024,528.15,0.914,0.0676,0.0174,0.001
2026-08-28T14:01:10.982+02:00,1000,1024,1024,1056,77,425,0,3386,0,276,0,0.0243,0.0208,0.0311,0.0733,0.0756,0.1008,2.67,3.248,2.932,26.68,46.18,137.88,0.0108,0.0074,0.0105,63.62,135.93,60.46,0.008,0.0062,0.0089,69.24,92.56,36.51,0.0072,0.0062,0.0088,16000,1024,389.11,0.8415,0.1438,0.013,0.0017
2026-08-28T14:01:40.990+02:00,1000,1024,1024,1056,77,425,0,3386,0,276,0,0.0249,0.02,0.0319,0.0788,0.0652,0.099,2.958,2.76,2.822,90.49,115.0,148.63,0.0096,0.0062,0.0099,111.34,281.12,99.69,0.0074,0.0056,0.0097,121.36,64.14,37.75,0.0074,0.0058,0.009,16000,1024,607.14,0.9806,0.016,0.0029,0.0005
2026-08-28T14:02:10.980+02:00,1000,1024,1024,1056,77,425,0,3386,0,276,0,0.023,0.0206,0.0299,0.089,0.0614,0.0842,2.922,2.757,2.9,92.23,205.28,73.93,0.0083,0.007,0.0108,69.58,139.46,113.37,0.0074,0.006,0.0093,20.78,49.52,195.21,0.0063,0.0058,0.0076,16000,1024,592.44,0.966,0.0267,0.0068,0.0005
2026-08-28T14:02:40.982+02:00,1000,1024,1024,1056,77,425,0,3386,0,276,0,0.0242,0.0212,0.0314,0.0682,0.0647,0.1074,2.608,2.948,3.001,50.28,177.55,16.88,0.0087,0.0079,0.0142,61.47,93.0,86.13,0.0077,0.0067,0.0087,235.3,163.79,112.19,0.0075,0.0062,0.0085,16000,1024,979.55,0.9603,0.0371,0.0022,0.0004
2026-08-28T14:03:10.982+02:00,1000,1024,1024,1056,77,425,0,3386,0,276,0,0.0235,0.0207,0.0336,0.0808,0.0721,0.1064,3.051,3.276,2.988,33.91,111.16,41.47,0.008,0.0083,0.0153,215.05,116.98,35.56,0.0077,0.0069,0.0127,172.9,50.57,11.56,0.0068,0.0062,0.0092,16000,1024,654.94,0.9052,0.0819,0.0114,0.0014
2026-08-28T14:03:40.987+02:00,1000,1024,1024,1056,77,425,0,3386,0,276,0,0.0238,0.0218,0.0308,0.0842,0.069,0.0976,3.132,2.837,3.268,49.87,120.85,86.25,0.0079,0.0079,0.0103,34.1,96.84,64.14,0.0069,0.0072,0.0094,55.92,110.65,53.76,0.0068,0.0066,0.0083,16000,1024,653.29,0.8053,0.1209,0.0696,0.0043
2026-08-28T14:04:10.983+02:00,1000,1024,1024,1056,77,425,0,3386,0,276,0,0.0231,0.022,0.0308,0.071,0.0692,0.1016,2.892,3.029,2.816,96.21,83.3,38.97,0.0078,0.0081,0.0095,33.67,96.9,86.8,0.0069,0.0073,0.0092,116.47,107.99,72.03,0.0067,0.0069,0.0086,16000,1024,549.94,0.9244,0.0617,0.0091,0.0048
2026-08-28T14:04:40.986+02:00,1000,1024,1024,1056,77,425,0,3386,0,276,0,0.021,0.0212,0.0293,0.0737,0.0863,0.1318,2.975,3.186,3.425,11.97,140.69,183.43,0.0069,0.0071,0.009,77.02,64.53,96.9,0.0058,0.007,0.0087,258.23,134.99,48.06,0.0062,0.0062,0.0086,16000,1024,475.62,0.9296,0.0585,0.0097,0.0022
2026-08-28T14:05:10.984+02:00,1000,1024,1024,1056,77,425,0,3386,0,276,0,0.0228,0.0216,0.0326,0.0745,0.0868,0.0954,2.911,3.404,2.748,108.49,75.7,28.44,0.0089,0.007,0.0113,54.88,63.34,214.06,0.0067,0.0067,0.0093,6.86,56.66,160.43,0.0064,0.0065,0.0093,16000,1024,606.14,0.9028,0.0852,0.0097,0.0023
2026-08-28T14:05:40.983+02:00,1000,1024,1024,1056,77,425,0,3386,0,276,0,0.0236,0.0209,0.0314,0.0834,0.0763,0.1111,3.35,3.141,2.842,2.62,67.34,188.6,0.0079,0.007,0.0097,134.54,6.6,48.56,0.0074,0.0061,0.0101,101.85,159.93,9.58,0.0076,0.0059,0.0096,16000,1024,580.45,0.9386,0.0492,0.0105,0.0018
2026-08-28T14:06:10.983+02:00,1000,1024,1024,1056,77,425,0,3386,0,276,0,0.0251,0.0206,0.0306,0.0815,0.0744,0.1032,2.971,3.172,2.809,50.09,59.81,16.6,0.0122,0.008,0.0091,38.11,46.89,48.52,0.0074,0.0062,0.0089,72.29,285.34,56.93,0.007,0.005,0.0087,16000,1024,365.82,0.8585,0.1244,0.0151,0.0019
2026-08-28T14:06:40.985+02:00,1000,1024,1024,1056,77,425,0,3386,0,276,0,0.0236,0.0208,0.0319,0.0837,0.0631,0.0968,3.135,2.933,2.879,122.93,58.57,167.96,0.0083,0.0087,0.0113,192.13,24.28,4.52,0.0065,0.0069,0.0108,116.6,53.64,70.91,0.0061,0.0065,0.0115,16000,1024,311.29,0.851,0.1102,0.0328,0.006
2026-08-28T14:07:10.984+02:00,1000,1024,1024,1056,77,425,0,3386,0,276,0,0.0242,0.0203,0.0318,0.0827,0.0628,0.1169,3.051,2.915,3.001,93.64,17.47,85.7,0.0089,0.0057,0.0118,43.1,79.84,11.6,0.0088,0.0058,0.0108,35.19,64.96,16.16,0.0069,0.0072,0.0117,16000,1024,977.84,0.9819,0.0165,0.0013,0.0003
2026-08-28T14:07:40.984+02:00,1000,1024,1024,1056,77,425,0,3386,0,276,0,0.0236,0.0211,0.0325,0.073,0.0699,0.1308,2.938,2.937,2.948,141.29,25.71,13.55,0.0088,0.0091,0.0109,130.58,58.71,121.46,0.008,0.0068,0.0108,172.31,78.17,93.12,0.008,0.0059,0.01,16000,1024,608.09,0.8789,0.1101,0.0099,0.0012
2026-08-28T14:08:10.986+02:00,1000,1024,1024,1056,77,425,0,3386,0,276,0,0.0245,0.0197,0.0337,0.0705,0.0654,0.1199,2.73,2.9,2.802,196.31,51.78,206.04,0.0084,0.0057,0.0156,75.73,264.91,41.88,0.0099,0.0054,0.0112,28.38,73.67,12.75,0.0072,0.0055,0.0109,16000,1024,546.56,0.9048,0.0776,0.0158,0.0018
2026-08-28T14:08:40.985+02:00,1000,1024,1024,1056,77,425,0,3386,0,276,0,0.0253,0.0219,0.0302,0.0826,0.1017,0.0976,2.897,3.673,3.011,21.17,19.13,19.68,0.0082,0.007,0.0122,29.79,158.26,56.65,0.0088,0.0063,0.0108,190.52,28.09,195.07,0.0067,0.0062,0.0091,16000,1024,1036.81,0.9629,0.0341,0.0024,0.0006
2026-08-28T14:09:10.986+02:00,1000,1024,1024,1056,77,425,0,3386,0,276,0,0.0234,0.0211,0.0306,0.0819,0.0734,0.1048,2.98,2.81,3.049,83.03,121.2,55.59,0.0072,0.0073,0.0092,68.2,11.94,199.68,0.0062,0.0071,0.0085,128.9,37.4,81.44,0.006,0.0067,0.0078,16000,1024,551.16,0.9427,0.0512,0.005,0.0011
2026-08-28T14:09:40.987+02:00,1000,1024,1024,1056,77,425,0,3386,0,276,0,0.0235,0.0207,0.0325,0.0794,0.0854,0.119,3.133,3.479,3.219,61.42,70.5,98.63,0.0082,0.0065,0.0111,67.62,8.24,59.79,0.0078,0.0067,0.0096,74.21,152.53,67.37,0.0071,0.0058,0.0087,16000,1024,421.98,0.6928,0.2741,0.031,0.0021
2026-08-28T14:10:10.988+02:00,1000,1024,1024,1056,77,425,0,3386,0,276,0,0.0218,0.0199,0.0321,0.0841,0.0857,0.1096,3.474,3.513,3.236,109.0,15.49,185.75,0.0077,0.0061,0.01,56.63,152.96,71.11,0.0067,0.0061,0.0084,37.17,8.88,129.26,0.0066,0.0051,0.0081,16000,1024,610.85,0.9479,0.0471,0.0036,0.0014
2026-08-28T14:10:40.987+02:00,1000,1024,1024,1056,77,425,0,3386,0,276,0,0.0236,0.0212,0.0313,0.0845,0.07,0.1241,3.186,3.034,3.224,101.04,29.13,48.79,0.0102,0.0082,0.0085,66.28,6.86,11.92,0.0091,0.0056,0.0085,39.74,157.16,77.34,0.008,0.0056,0.0081,16000,1024,538.06,0.82,0.0368,0.0507,0.0925
2026-08-28T14:11:10.988+02:00,1000,1024,1024,1056,77,425,0,3386,0,276,0,0.0223,0.0212,0.0293,0.086,0.067,0.1057,3.003,2.969,2.657,39.86,187.74,148.93,0.0084,0.0073,0.0087,7.24,5.49,97.5,0.0065,0.0074,0.0082,107.61,12.57,62.74,0.0061,0.0058,0.0083,16000,1024,428.02,0.7262,0.245,0.0114,0.0174
2026-08-28T14:11:40.989+02:00,1000,1024,1024,1056,77,425,0,3386,0,276,0,0.0219,0.0214,0.0323,0.0746,0.0753,0.0936,2.82,3.133,2.752,4.23,72.0,32.92,0.007,0.0069,0.0122,150.84,76.66,141.48,0.007,0.006,0.0088,49.34,132.97,286.11,0.0077,0.0055,0.0086,16000,1024,845.88,0.6243,0.3622,0.0123,0.0012
2026-08-28T14:12:10.988+02:00,1000,1024,1024,1056,77,425,0,3386,0,276,0,0.0224,0.0208,0.0316,0.071,0.0671,0.1246,2.885,3.055,3.148,118.84,88.23,38.21,0.0066,0.0073,0.0088,193.5,40.51,17.96,0.0062,0.0068,0.0077,161.98,168.66,5.29,0.006,0.0065,0.0077,16000,1024,751.44,0.6007,0.2966,0.1014,0.0013
2026-08-28T14:12:40.988+02:00,1000,1024,1024,1056,77,425,0,3386,0,276,0,0.0235,0.0189,0.0326,0.0687,0.0612,0.0986,2.696,2.898,2.928,2.75,100.61,47.07,0.0078,0.0066,0.0115,71.02,89.21,149.3,0.0076,0.0062,0.0103,156.09,46.46,70.58,0.0065,0.0062,0.0101,16000,1024,476.74,0.8263,0.1411,0.03,0.0026
2026-08-28T14:13:10.989+02:00,1000,1024,1024,1056,77,425,0,3386,0,276,0,0.0233,0.0213,0.031,0.0834,0.0641,0.0887,3.068,2.818,2.796,43.04,23.07,238.18,0.0068,0.0084,0.0094,26.45,162.96,9.99,0.0066,0.0069,0.009,55.14,137.66,154.1,0.0072,0.0062,0.009,16000,1024,360.41,0.8908,0.0944,0.0125,0.0023
2026-08-28T14:13:40.990+02:00,1000,1024,1024,1056,77,425,0,3386,0,276,0,0.0229,0.0219,0.0306,0.0785,0.0637,0.1006,2.938,2.803,2.89,49.53,159.96,33.14,0.0102,0.0072,0.0105,109.21,44.75,89.87,0.0074,0.0066,0.01,104.41,55.91,26.29,0.0073,0.0064,0.009,16000,1024,618.14,0.8966,0.0825,0.0186,0.0023
2026-08-28T14:14:10.989+02:00,1000,1024,1024,1056,77,425,0,3386,0,276,0,0.0227,0.021,0.031,0.0768,0.0674,0.1211,3.346,3.038,2.924,198.6,111.42,20.31,0.0085,0.0091,0.0105,51.19,4.89,153.23,0.0081,0.0063,0.0101,46.09,28.5,69.15,0.0068,0.0062,0.0094,16000,1024,609.67,0.9666,0.0298,0.003,0.0006
2026-08-28T14:14:40.990+02:00,1000,1024,1024,1056,77,425,0,3386,0,276,0,0.0237,0.0213,0.0309,0.0724,0.0711,0.1063,3.056,2.915,3.107,164.44,14.08,4.64,0.0076,0.0082,0.0101,50.5,246.11,121.88,0.0066,0.0067,0.0096,155.08,26.79,137.04,0.0061,0.0068,0.0097,16000,1024,716.86,0.9812,0.015,0.0034,0.0005
2026-08-28T14:15:10.990+02:00,1000,1024,1024,1056,77,425,0,3386,0,276,0,0.0248,0.0205,0.0332,0.0868,0.0684,0.1059,3.259,3.063,3.018,24.1,64.5,91.8,0.0073,0.0063,0.0118,84.34,227.63,45.13,0.007,0.0058,0.0101,78.53,74.15,101.73,0.007,0.0054,0.0091,16000,1024,428.57,0.9303,0.058,0.0102,0.0016
2026-08-28T14:15:40.993+02:00,1000,1024,1024,1056,77,425,0,3386,0,276,0,0.0242,0.0224,0.0331,0.0885,0.0692,0.1174,3.041,2.81,3.136,48.86,33.07,38.21,0.0109,0.0074,0.0111,18.55,116.22,20.68,0.0077,0.0072,0.0103,88.2,69.38,46.38,0.0072,0.0054,0.0092,16000,1024,726.39,0.7906,0.1808,0.0264,0.0022
2026-08-28T14:16:10.993+02:00,1000,1024,1024,1056,77,425,0,3386,0,276,0,0.0233,0.0218,0.0327,0.0875,0.0833,0.112,3.109,3.234,3.067,103.93,12.72,26.12,0.0077,0.0087,0.0107,206.36,71.18,12.89,0.0068,0.0072,0.0104,245.73,144.96,18.83,0.0067,0.0071,0.0103,16000,1024,408.94,0.9413,0.0486,0.0089,0.0013
2026-08-28T14:16:40.994+02:00,1000,1024,1024,1056,77,425,0,3386,0,276,0,0.0232,0.0202,0.0314,0.0827,0.0649,0.099,3.246,3.087,2.907,7.14,138.11,79.28,0.0074,0.0069,0.0102,29.22,162.04,157.98,0.0072,0.0059,0.01,79.79,38.79,101.43,0.0072,0.0057,0.0093,16000,1024,511.98,0.8202,0.1597,0.0191,0.001
2026-08-28T14:17:10.993+02:00,1000,1024,1024,1056,77,425,0,3386,0,276,0,0.0227,0.0197,0.0349,0.0856,0.0727,0.108,3.147,3.188,2.727,116.22,43.05,122.9,0.0073,0.0057,0.0127,45.24,91.68,80.09,0.0073,0.0057,0.012,122.11,84.89,92.25,0.0065,0.0055,0.0118,16000,1024,305.12,0.9251,0.0524,0.0198,0.0028
2026-08-28T14:17:40.997+02:00,1000,1024,1024,1056,77,425,0,3386,0,276,0,0.0225,0.0211,0.0333,0.0743,0.0587,0.1338,2.841,2.604,3.229,52.87,133.57,150.37,0.0062,0.0068,0.0099,94.66,6.8,68.49,0.0061,0.0064,0.0099,148.36,62.82,79.13,0.0055,0.0064,0.0097,16000,1024,627.9,0.9347,0.0554,0.0083,0.0017
2026-08-28T14:18:10.994+02:00,1000,1024,1024,1056,77,425,0,3386,0,276,0,0.024,0.0217,0.0316,0.0875,0.0601,0.1006,3.294,2.778,2.981,19.14,15.08,181.83,0.0076,0.0064,0.0107,24.59,33.78,159.01,0.007,0.006,0.0105,68.06,84.37,134.39,0.007,0.0059,0.0105,16000,1024,545.33,0.9057,0.0794,0.0116,0.0032
2026-08-28T14:18:40.998+02:00,1000,1024,1024,1056,77,425,0,3386,0,276,0,0.0236,0.0207,0.0325,0.0731,0.068,0.106,2.647,2.939,2.999,5.6,40.8,91.62,0.0076,0.0074,0.0103,117.41,101.94,277.51,0.0066,0.0068,0.0099,138.11,224.12,152.21,0.0067,0.0061,0.0095,16000,1024,401.2,0.698,0.2631,0.0346,0.0043
2026-08-28T14:19:10.993+02:00,1000,1024,1024,1056,77,425,0,3386,0,276,0,0.0233,0.021,0.0329,0.0877,0.0833,0.1018,3.285,3.43,3.14,22.78,14.51,157.6,0.0077,0.0066,0.0112,2.31,134.94,69.04,0.0073,0.0064,0.0104,143.18,2.84,121.1,0.0068,0.0057,0.0091,16000,1024,546.58,0.8782,0.116,0.0054,0.0005
2026-08-28T14:19:40.996+02:00,1000,1024,1024,1056,77,425,0,3386,0,276,0,0.0222,0.0208,0.03,0.0723,0.0605,0.0967,2.976,3.033,2.953,231.65,130.53,65.63,0.0082,0.0077,0.0098,78.35,220.44,137.25,0.0065,0.0068,0.009,93.19,95.5,91.61,0.0066,0.006,0.0087,16000,1024,434.93,0.7996,0.1841,0.0146,0.0018
2026-08-28T14:20:10.994+02:00,1000,1024,1024,1056,77,425,0,3386,0,276,0,0.0248,0.0214,0.0326,0.0959,0.0731,0.1131,3.353,3.1,2.911,25.05,124.14,20.58,0.0085,0.0078,0.0104,134.85,62.52,81.83,0.0079,0.0065,0.01,85.6,22.47,57.55,0.0078,0.0058,0.0098,16000,1024,361.62,0.8963,0.0849,0.0167,0.0021
2026-08-28T14:20:40.995+02:00,1000,1024,1024,1056,77,425,0,3386,0,276,0,0.0233,0.02,0.0332,0.0861,0.0661,0.1063,2.8,3.033,3.047,87.47,76.19,4.15,0.0089,0.0069,0.0114,144.65,128.37,25.03,0.0076,0.0076,0.009,37.9,301.99,60.97,0.007,0.0057,0.0084,16000,1024,590.52,0.9225,0.0688,0.0076,0.0011
2026-08-28T14:21:10.997+02:00,1000,1024,1024,1056,77,425,0,3386,0,276,0,2.2797,0.2032,0.1252,3.2922,0.3556,0.2397,1.503,1.6,1.671,49.17,49.17,49.17,3.2929,0.2902,0.1748,147.47,147.44,98.36,0.0496,0.0456,0.0157,196.43,100.05,246.05,0.019,0.022,0.0103,16000,1024,816.51,0.902,0.0854,0.0105,0.0021
2026-08-28T14:21:40.999+02:00,1000,1024,1024,1056,77,425,0,3386,0,276,0,2.0894,0.2211,0.1154,3.0466,0.396,0.2474,1.505,1.615,1.66,49.38,49.38,49.38,3.0467,0.3198,0.1616,148.15,148.08,99.13,0.0509,0.0281,0.0221,197.53,100.34,148.43,0.0203,0.0166,0.0153,16000,1024,619.96,0.789,0.2003,0.0079,0.0028
2026-08-28T14:22:10.997+02:00,1000,1024,1024,1056,77,425,0,3386,0,276,0,1.9999,0.2297,0.1054,2.9066,0.4031,0.2627,1.504,1.619,1.815,49.45,49.45,49.45,2.8869,0.3288,0.1404,148.44,148.53,99.46,0.0468,0.0307,0.0304,197.93,100.28,198.0,0.0205,0.0193,0.0153,16000,1024,726.77,0.7045,0.2666,0.0265,0.0024
2026-08-28T14:22:40.997+02:00,1000,1024,1024,1056,77,425,0,3386,0,276,0,2.0073,0.2309,0.1063,2.9138,0.4047,0.2391,1.507,1.587,1.764,49.48,49.47,49.48,2.9016,0.33,0.1428,148.46,148.81,99.02,0.0457,0.0305,0.0221,99.62,99.93,148.68,0.0182,0.021,0.0135,16000,1024,927.72,0.5962,0.2737,0.0359,0.0943
2026-08-28T14:23:10.996+02:00,1000,1024,1024,1056,77,425,0,3386,0,276,0,2.0219,0.2283,0.1094,2.906,0.3842,0.2278,1.502,1.6,1.738,49.46,49.46,49.5,2.9211,0.3302,0.15,148.41,99.98,98.93,0.0482,0.0262,0.015,197.84,148.2,84.94,0.0177,0.0251,0.012,16000,1024,1233.87,0.3967,0.3461,0.1998,0.0574
2026-08-28T14:23:40.997+02:00,1000,1024,1024,1056,77,425,0,3386,0,276,0,2.0499,0.2283,0.1125,2.9855,0.397,0.2367,1.509,1.616,1.718,49.42,49.42,49.45,2.9736,0.3265,0.1524,148.36,148.21,99.56,0.0497,0.0258,0.0257,197.69,100.22,148.1,0.0204,0.0235,0.014,16000,1024,750.68,0.9272,0.0662,0.0049,0.0018
2026-08-28T14:24:10.999+02:00,1000,1024,1024,1056,77,425,0,3386,0,276,0,2.0175,0.2255,0.1042,2.9268,0.3887,0.2233,1.505,1.615,1.803,49.39,49.39,49.39,2.8967,0.3242,0.1403,148.14,148.31,99.44,0.0445,0.0218,0.0271,55.18,100.07,207.66,0.0275,0.013,0.0126,16000,1024,617.52,0.8505,0.1351,0.0112,0.0032
2026-08-28T14:24:40.999+02:00,1000,1024,1024,1056,77,425,0,3386,0,276,0,2.0645,0.2228,0.1105,2.9763,0.4076,0.2446,1.504,1.584,1.802,49.42,49.41,49.4,2.9981,0.3208,0.1503,148.26,99.89,98.97,0.0494,0.027,0.0236,197.65,148.56,148.41,0.0195,0.0242,0.0133,16000,1024,566.29,0.8346,0.1521,0.0106,0.0027
2026-08-28T14:25:10.998+02:00,1000,1024,1024,1056,77,425,0,3386,0,276,0,2.1066,0.2225,0.1124,3.0477,0.3805,0.2324,1.509,1.572,1.711,49.39,49.39,49.43,3.0729,0.3213,0.1523,148.22,148.52,99.34,0.0488,0.0253,0.0228,197.61,99.94,91.76,0.02,0.0168,0.0123,16000,1024,681.61,0.8222,0.1623,0.0118,0.0036
2026-08-28T14:25:40.999+02:00,1000,1024,1024,1056,77,425,0,3386,0,276,0,2.1508,0.2221,0.1176,3.1559,0.3997,0.2505,1.507,1.594,1.72,49.39,49.39,49.36,3.1272,0.3207,0.1638,148.25,148.17,99.3,0.0501,0.0241,0.0215,197.71,100.24,197.97,0.0249,0.0238,0.0154,16000,1024,794.57,0.8847,0.1092,0.0051,0.001
2026-08-28T14:26:10.999+02:00,1000,1024,1024,1056,77,425,0,3386,0,276,0,2.2184,0.215,0.1215,3.241,0.372,0.2408,1.508,1.576,1.699,49.35,49.35,49.35,3.2418,0.311,0.1716,148.09,148.06,99.51,0.0545,0.0285,0.0183,197.31,100.13,148.05,0.0219,0.0195,0.0174,16000,1024,745.29,0.8149,0.1753,0.0076,0.0021
2026-08-28T14:26:41.001+02:00,1000,1024,1024,1056,77,425,0,3386,0,276,0,2.26,0.2139,0.1222,3.2986,0.3785,0.2624,1.504,1.597,1.739,49.3,49.3,49.28,3.328,0.3127,0.1692,53.22,99.87,98.76,0.0575,0.0241,0.0231,147.9,147.89,147.95,0.0506,0.0283,0.0124,16000,1024,557.36,0.833,0.1565,0.0083,0.0021
2026-08-28T14:27:11.000+02:00,1000,1024,1024,1056,77,425,0,3386,0,276,0,2.2857,0.2104,0.1214,3.3066,0.38,0.25,1.507,1.584,1.672,49.32,49.32,49.32,3.3623,0.3056,0.1715,148.0,148.03,98.81,0.0543,0.0295,0.0223,197.44,100.17,148.05,0.0193,0.0255,0.0145,16000,1024,625.7,0.8709,0.1109,0.0149,0.0033
2026-08-28T14:27:41.001+02:00,1000,1024,1024,1056,77,425,0,3386,0,276,0,2.2618,0.2103,0.1195,3.2977,0.3697,0.2851,1.511,1.572,1.781,49.25,49.25,49.25,3.3177,0.3038,0.1611,53.85,99.7,27.88,0.0428,0.0282,0.0171,147.86,147.9,147.86,0.0466,0.0291,0.0176,16000,1024,568.11,0.8651,0.1221,0.0104,0.0024
2026-08-28T14:28:11.002+02:00,1000,1024,1024,1056,77,425,0,3386,0,276,0,2.2962,0.209,0.1249,3.337,0.3634,0.2665,1.51,1.567,1.699,49.29,49.29,49.27,3.3628,0.3018,0.1758,147.87,147.83,147.83,0.0562,0.0291,0.0169,197.25,99.68,197.05,0.0207,0.0252,0.0162,16000,1024,530.88,0.6399,0.3343,0.0201,0.0057
2026-08-28T14:28:41.002+02:00,1000,1024,1024,1056,77,425,0,3386,0,276,0,2.3156,0.2031,0.1264,3.3501,0.3572,0.2714,1.512,1.563,1.798,49.25,49.25,49.23,3.3813,0.2913,0.175,147.68,147.6,98.36,0.0573,0.032,0.0202,196.87,99.7,147.78,0.0185,0.0245,0.0186,16000,1024,564.39,0.6296,0.3431,0.0196,0.0077
2026-08-28T14:29:11.001+02:00,1000,1024,1024,1056,77,425,0,3386,0,276,0,2.3106,0.2051,0.1245,3.3521,0.3634,0.2458,1.511,1.583,1.768,49.19,49.2,49.19,3.34,0.2914,0.171,53.22,147.78,98.96,0.0602,0.0344,0.0236,147.57,99.99,147.52,0.0546,0.0236,0.0164,16000,1024,906.14,0.8987,0.0829,0.0145,0.0038
2026-08-28T14:29:41.001+02:00,1000,1024,1024,1056,77,425,0,3386,0,276,0,2.3258,0.204,0.1273,3.3755,0.3443,0.2832,1.514,1.571,1.727,49.24,49.24,49.24,3.3937,0.2947,0.1794,147.71,147.75,98.87,0.0545,0.0308,0.0231,196.98,100.12,147.53,0.0226,0.0223,0.0213,16000,1024,922.78,0.9223,0.068,0.0074,0.0023
2026-08-28T14:30:11.004+02:00,1000,1024,1024,1056,77,425,0,3386,0,276,0,2.3392,0.2028,0.1263,3.4036,0.3543,0.2785,1.512,1.559,1.763,49.22,49.21,49.22,3.4007,0.289,0.1737,147.54,147.73,98.09,0.0578,0.0296,0.0221,99.62,99.71,147.8,0.0177,0.0243,0.0189,16000,1024,506.93,0.6742,0.2927,0.0245,0.0087
2026-08-28T14:30:41.002+02:00,1000,1024,1024,1056,77,425,0,3386,0,276,0,2.3843,0.2013,0.1298,3.4552,0.3533,0.2722,1.507,1.585,1.766,49.2,49.2,49.19,3.4511,0.2885,0.1782,147.53,147.74,98.73,0.0582,0.0327,0.0276,196.72,100.12,147.7,0.0227,0.023,0.0231,16000,1024,550.5,0.7506,0.2312,0.014,0.0043
2026-08-28T14:31:11.003+02:00,1000,1024,1024,1056,77,425,0,3386,0,276,0,2.3662,0.1989,0.1285,3.4251,0.3342,0.2717,1.514,1.564,1.716,49.06,49.06,49.08,3.3539,0.2776,0.1767,54.2,147.25,98.73,0.0636,0.0272,0.0216,43.46,99.78,147.16,0.057,0.0195,0.0148,16000,1024,551.57,0.845,0.1361,0.0128,0.0061
2026-08-28T14:31:41.003+02:00,1000,1024,1024,1056,77,425,0,3386,0,276,0,2.3772,0.2026,0.1289,3.4152,0.3446,0.2784,1.51,1.56,1.785,49.18,49.19,49.19,3.4461,0.2901,0.179,147.47,147.5,98.12,0.0541,0.0322,0.0252,54.18,99.89,147.69,0.0234,0.0272,0.0207,16000,1024,752.95,0.8282,0.1608,0.0079,0.0031
2026-08-28T14:32:11.003+02:00,1000,1024,1024,1056,77,425,0,3386,0,276,0,2.3784,0.2009,0.1273,3.502,0.3618,0.2858,1.519,1.559,1.752,49.16,49.16,49.16,3.4473,0.285,0.1756,147.39,147.61,98.61,0.0614,0.0321,0.0212,44.36,100.03,147.66,0.0214,0.0205,0.019,16000,1024,645.31,0.8755,0.1154,0.0065,0.0026
2026-08-28T14:32:41.011+02:00,1000,1024,1024,1056,77,425,0,3386,0,276,0,2.4002,0.1993,0.1319,3.4928,0.3808,0.2645,1.513,1.584,1.705,49.13,49.14,49.13,3.4578,0.2862,0.1845,147.26,147.25,147.45,0.0594,0.0321,0.0206,53.22,99.65,97.99,0.0501,0.0237,0.0165,16000,1024,638.12,0.8481,0.1434,0.0059,0.0026
2026-08-28T14:33:11.015+02:00,1000,1024,1024,1056,77,425,0,3386,0,276,0,2.3722,0.1993,0.129,3.4405,0.3559,0.2519,1.513,1.581,1.743,49.16,49.15,49.15,3.4243,0.2852,0.1801,147.42,147.63,147.47,0.0639,0.0336,0.0226,196.59,100.05,98.9,0.0188,0.0201,0.022,16000,1024,678.25,0.7274,0.2607,0.0099,0.0021
2026-08-28T14:33:41.007+02:00,1000,1024,1024,1056,77,425,0,3386,0,276,0,2.4016,0.201,0.1322,3.5041,0.3728,0.2623,1.511,1.568,1.693,49.18,49.18,49.17,3.4717,0.2867,0.1842,147.43,147.58,98.13,0.0647,0.0332,0.0238,196.72,99.8,147.21,0.0156,0.0191,0.016,16000,1024,506.95,0.859,0.1263,0.0108,0.0039
2026-08-28T14:34:11.006+02:00,1000,1024,1024,1056,77,425,0,3386,0,276,0,2.4201,0.2022,0.1321,3.5225,0.3538,0.2558,1.506,1.597,1.678,49.09,49.1,49.09,3.4375,0.2846,0.1797,147.32,147.41,99.03,0.0588,0.0318,0.0189,43.46,99.84,147.31,0.0483,0.0211,0.0178,16000,1024,738.55,0.9137,0.0779,0.0069,0.0015
2026-08-28T14:34:41.006+02:00,1000,1024,1024,1056,77,425,0,3386,0,276,0,2.4331,0.2001,0.1329,3.5188,0.354,0.2759,1.512,1.571,1.798,49.17,49.17,49.18,3.5165,0.2839,0.1846,147.43,147.43,147.39,0.0636,0.0327,0.0199,196.63,99.79,98.15,0.017,0.0224,0.0202,16000,1024,627.1,0.7024,0.286,0.0097,0.0019
2026-08-28T14:35:11.006+02:00,1000,1024,1024,1056,77,425,0,3386,0,276,0,2.4638,0.2002,0.1359,3.554,0.3566,0.2773,1.508,1.593,1.669,49.19,49.2,49.19,3.5663,0.2852,0.1895,147.53,147.51,147.62,0.0593,0.0387,0.02,99.78,99.62,100.27,0.0139,0.02,0.018,16000,1024,689.6,0.8762,0.1122,0.0083,0.0033
2026-08-28T14:35:41.006+02:00,1000,1024,1024,1056,77,425,0,3386,0,276,0,2.4592,0.2052,0.1355,3.5732,0.3724,0.2769,1.509,1.579,1.706,49.2,49.2,49.19,3.5694,0.294,0.1836,147.59,147.73,147.46,0.0634,0.0343,0.0246,196.69,100.13,98.77,0.0158,0.0248,0.0202,16000,1024,705.01,0.8635,0.1252,0.0095,0.0018
2026-08-28T14:36:11.008+02:00,1000,1024,1024,1056,77,425,0,3386,0,276,0,2.5147,0.2065,0.1448,3.6054,0.3721,0.2864,1.504,1.574,1.692,49.22,49.22,49.22,3.6665,0.2953,0.1998,147.69,147.81,147.74,0.0562,0.0366,0.0228,43.46,100.17,98.84,0.0145,0.021,0.0213,16000,1024,674.04,0.9225,0.0695,0.0063,0.0017
2026-08-28T14:36:41.007+02:00,1000,1024,1024,1056,77,425,0,3386,0,276,0,2.5484,0.2102,0.1455,3.6912,0.3749,0.3005,1.5,1.607,1.686,49.25,49.25,49.25,3.7184,0.305,0.2029,147.74,147.84,99.05,0.0673,0.036,0.024,197.19,100.29,147.79,0.0171,0.0283,0.0176,16000,1024,1026.99,0.2756,0.5599,0.0647,0.0998
2026-08-28T14:37:11.007+02:00,1000,1024,1024,1056,77,425,0,3386,0,276,0,2.523,0.2138,0.1466,3.6453,0.3569,0.3074,1.501,1.582,1.622,49.24,49.25,49.23,3.6802,0.3101,0.2022,147.69,147.55,98.26,0.0631,0.0337,0.0229,196.83,100.07,147.84,0.0181,0.0202,0.0176,16000,1024,610.12,0.8656,0.1226,0.0091,0.0027
2026-08-28T14:37:41.009+02:00,1000,1024,1024,1056,77,427,0,3386,0,276,0,2.4329,0.2464,0.1611,3.7015,0.5236,0.3997,1.492,1.697,1.965,49.23,49.22,49.24,3.551,0.3538,0.2161,147.64,147.86,25.35,0.0674,0.0269,0.044,25.6,100.27,98.6,0.0403,0.0256,0.0258,16000,1024,1375.57,0.9632,0.0294,0.0059,0.0015
2026-08-28T14:38:11.008+02:00,1000,1024,1024,1056,77,429,0,3386,0,276,0,2.0247,0.3002,0.1403,3.0724,0.5116,0.2923,1.492,1.658,1.617,49.24,49.23,49.26,2.9063,0.4361,0.1941,147.68,147.54,147.74,0.0653,0.0343,0.0276,53.6,100.11,25.65,0.0334,0.0359,0.0247,16000,1024,522.12,0.8777,0.1001,0.019,0.0032
2026-08-28T14:38:41.008+02:00,1000,1024,1024,1056,77,433,1,3387,0,276,0,2.1095,0.315,0.1477,3.0444,0.5562,0.2754,1.475,1.654,1.553,49.1,49.13,49.09,2.8883,0.4344,0.1964,43.17,147.57,147.59,0.1779,0.0347,0.0291,35.92,100.04,24.38,0.1713,0.0312,0.023,16000,1024,1070.23,0.9565,0.0365,0.0055,0.0015
2026-08-28T14:39:11.007+02:00,1000,1024,1024,1056,77,440,3,3390,0,276,0,1.1901,0.3214,0.1221,2.2877,0.6781,0.7765,1.764,1.753,6.485,49.37,49.35,48.71,1.0124,0.3859,0.1415,16.34,55.69,21.5,0.1046,0.062,0.0412,39.68,100.38,98.89,0.1023,0.0574,0.0374,16000,1024,750.91,0.778,0.1994,0.0192,0.0034
2026-08-28T14:39:41.028+02:00,1000,1024,1044,1076,77,440,34,3424,4,280,0,1.1021,0.2738,0.2089,2.2437,0.9528,1.6526,1.637,2.077,21.97,49.27,49.26,264.81,0.8541,0.1987,0.0585,54.79,54.63,105.72,0.2837,0.0811,0.0573,43.35,43.31,74.98,0.2744,0.0753,0.0563,16000,1024,588.93,0.8388,0.1406,0.0156,0.0049
2026-08-28T14:40:41.011+02:00,1000,1024,1024,1056,78,449,1,3427,0,280,0,0.8505,0.5709,0.226,1.4056,0.9722,1.8697,1.548,1.563,19.426,49.18,49.19,49.18,1.2195,0.8202,0.2492,100.0,99.98,100.37,0.0345,0.1439,0.0289,147.5,147.62,23.05,0.0262,0.0203,0.0245,16000,1024,895.7,0.9539,0.0332,0.0109,0.002
2026-08-28T14:41:11.008+02:00,1000,1024,1024,1056,78,449,1,3428,0,280,0,0.9404,0.5223,0.1806,1.4331,0.8656,0.3566,1.542,1.549,1.754,49.17,49.16,49.17,1.3097,0.7078,0.2443,40.92,100.01,147.36,0.0594,0.1238,0.0263,34.21,38.53,100.12,0.0565,0.0449,0.0262,16000,1024,818.72,0.9192,0.0719,0.0069,0.002
2026-08-28T14:41:41.012+02:00,1000,1024,1024,1056,78,450,0,3428,0,280,0,0.98,0.5094,0.1793,1.4762,0.843,0.3378,1.53,1.547,1.768,49.2,49.2,49.22,1.4171,0.729,0.2539,100.18,100.12,100.14,0.0357,0.128,0.0339,147.69,147.45,147.75,0.0297,0.0215,0.0286,16000,1024,1254.89,0.9418,0.0496,0.007,0.0017
2026-08-28T14:42:11.011+02:00,1000,1024,1024,1056,78,450,0,3428,0,280,0,1.0139,0.4932,0.188,1.5117,0.8303,0.9221,1.525,1.57,2.748,49.18,49.18,49.17,1.4646,0.7046,0.2619,100.01,100.09,99.67,0.0328,0.129,0.0358,147.61,147.42,147.55,0.0266,0.0221,0.0313,16000,1024,578.32,0.8697,0.1168,0.0112,0.0024
2026-08-28T14:42:41.011+02:00,1000,1024,1024,1056,78,450,0,3428,0,280,0,1.0398,0.4908,0.1844,1.5829,0.8188,0.3908,1.532,1.552,1.798,49.15,49.14,49.14,1.4965,0.6927,0.2589,147.33,99.98,147.45,0.0324,0.1177,0.0298,100.14,147.62,100.25,0.0351,0.0202,0.026,16000,1024,595.17,0.9221,0.0615,0.0121,0.0043
2026-08-28T14:43:11.012+02:00,1000,1024,1024,1056,78,450,1,3429,0,280,0,1.0656,0.4852,0.272,1.8534,0.8065,1.5123,1.539,1.551,11.388,49.1,49.08,49.1,1.4685,0.6575,0.3063,31.3,99.84,3.42,0.0855,0.1052,0.0888,53.22,35.81,59.16,0.0857,0.0417,0.0535,16000,1024,704.45,0.8954,0.064,0.0282,0.0124
2026-08-28T14:43:41.012+02:00,1000,1024,1024,1056,78,451,8,3437,0,280,0,1.0662,0.485,0.1907,1.8324,0.7909,0.777,1.562,1.565,2.44,49.04,49.06,49.11,0.966,0.4701,0.158,38.88,18.71,38.85,0.3607,0.1515,0.0685,15.09,38.88,53.22,0.326,0.1418,0.0705,16000,1024,803.71,0.9493,0.0386,0.0085,0.0037
2026-08-28T14:44:11.013+02:00,1000,1024,1024,1056,78,451,0,3437,0,280,0,0.5848,0.5746,0.4173,2.1595,1.1778,1.8197,4.613,1.747,6.255,49.12,49.07,3.48,0.4472,0.7779,0.2875,3.48,41.88,49.13,0.3819,0.1485,0.1883,8.88,100.02,14.76,0.2002,0.0774,0.1351,16000,1024,601.2,0.912,0.0701,0.012,0.0059
2026-08-28T14:44:41.089+02:00,1000,1024,1024,1056,78,451,1,3438,0,280,0,0.8921,0.6459,0.1804,1.3608,1.0306,0.3609,1.548,1.525,1.759,49.15,49.15,49.13,1.2808,0.9145,0.2553,99.95,99.97,99.98,0.0344,0.133,0.0256,147.29,147.41,147.22,0.0319,0.0226,0.0215,16000,1024,938.7,0.9573,0.0362,0.0048,0.0016
2026-08-28T14:46:11.016+02:00,1000,1024,1024,1056,80,451,0,3445,0,281,0,1.3765,0.4706,0.1868,2.0534,0.7601,0.3699,1.509,1.538,1.777,49.13,49.14,49.12,1.9799,0.6749,0.2598,147.39,100.07,147.3,0.048,0.0749,0.0342,100.14,147.18,100.16,0.0218,0.0355,0.0185,16000,1024,728.06,0.8865,0.1024,0.0085,0.0025
2026-08-28T14:46:41.016+02:00,1000,1024,1024,1056,80,452,5,3450,1,282,0,1.4127,0.466,0.1931,2.0827,0.7549,0.6791,1.519,1.544,1.992,49.1,49.12,49.1,1.7514,0.5669,0.2281,43.46,44.43,29.24,0.162,0.069,0.0292,53.22,53.22,99.57,0.1744,0.0566,0.0267,16000,1024,1073.33,0.9612,0.0327,0.005,0.0011
2026-08-28T14:47:11.016+02:00,1000,1024,1024,1056,77,425,0,3386,0,276,0,2.4592,0.2052,0.1355,3.5732,0.3724,0.2769,1.509,1.579,1.706,49.2,49.2,49.19,3.5694,0.294,0.1836,147.59,147.73,147.46,0.0634,0.0343,0.0246,196.69,100.13,98.77,0.0158,0.0248,0.0202,16000,1024,705.01,0.8635,0.1252,0.0095,0.0018
2026-08-28T14:47:41.019+02:00,1000,1024,1024,1056,77,425,0,3386,0,276,0,2.5147,0.2065,0.1448,3.6054,0.3721,0.2864,1.504,1.574,1.692,49.22,49.22,49.22,3.6665,0.2953,0.1998,147.69,147.81,147.74,0.0562,0.0366,0.0228,43.46,100.17,98.84,0.0145,0.021,0.0213,16000,1024,674.04,0.9225,0.0695,0.0063,0.0017
2026-08-28T14:48:11.023+02:00,1000,1024,1024,1056,77,425,0,3386,0,276,0,2.3772,0.2026,0.1289,3.4152,0.3446,0.2784,1.51,1.56,1.785,49.18,49.19,49.19,3.4461,0.2901,0.179,147.47,147.5,98.12,0.0541,0.0322,0.0252,54.18,99.89,147.69,0.0234,0.0272,0.0207,16000,1024,752.95,0.8282,0.1608,0.0079,0.0031
2026-08-28T14:48:41.016+02:00,1000,1024,1024,1056,77,425,0,3386,0,276,0,2.3784,0.2009,0.1273,3.502,0.3618,0.2858,1.519,1.559,1.752,49.16,49.16,49.16,3.4473,0.285,0.1756,147.39,147.61,98.61,0.0614,0.0321,0.0212,44.36,100.03,147.66,0.0214,0.0205,0.019,16000,1024,645.31,0.8755,0.1154,0.0065,0.0026
2026-08-28T14:49:11.017+02:00,1000,1024,1024,1056,77,425,0,3386,0,276,0,2.4002,0.1993,0.1319,3.4928,0.3808,0.2645,1.513,1.584,1.705,49.13,49.14,49.13,3.4578,0.2862,0.1845,147.26,147.25,147.45,0.0594,0.0321,0.0206,53.22,99.65,97.99,0.0501,0.0237,0.0165,16000,1024,638.12,0.8481,0.1434,0.0059,0.0026
2026-08-28T14:49:41.020+02:00,1000,1024,1024,1056,77,425,0,3386,0,276,0,2.3722,0.1993,0.129,3.4405,0.3559,0.2519,1.513,1.581,1.743,49.16,49.15,49.15,3.4243,0.2852,0.1801,147.42,147.63,147.47,0.0639,0.0336,0.0226,196.59,100.05,98.9,0.0188,0.0201,0.022,16000,1024,678.25,0.7274,0.2607,0.0099,0.0021
2026-08-28T14:50:11.017+02:00,1000,1024,1024,1056,77,425,0,3386,0,276,0,2.4016,0.201,0.1322,3.5041,0.3728,0.2623,1.511,1.568,1.693,49.18,49.18,49.17,3.4717,0.2867,0.1842,147.43,147.58,98.13,0.0647,0.0332,0.0238,196.72,99.8,147.21,0.0156,0.0191,0.016,16000,1024,506.95,0.859,0.1263,0.0108,0.0039
2026-08-28T14:50:41.020+02:00,1000,1024,1024,1056,77,425,0,3386,0,276,0,2.4201,0.2022,0.1321,3.5225,0.3538,0.2558,1.506,1.597,1.678,49.09,49.1,49.09,3.4375,0.2846,0.1797,147.32,147.41,99.03,0.0588,0.0318,0.0189,43.46,99.84,147.31,0.0483,0.0211,0.0178,16000,1024,738.55,0.9137,0.0779,0.0069,0.0015
2026-08-28T14:51:11.016+02:00,1000,1024,1024,1056,77,425,0,3386,0,276,0,2.4331,0.2001,0.1329,3.5188,0.354,0.2759,1.512,1.571,1.798,49.17,49.17,49.18,3.5165,0.2839,0.1846,147.43,147.43,147.39,0.0636,0.0327,0.0199,196.63,99.79,98.15,0.017,0.0224,0.0202,16000,1024,627.1,0.7024,0.286,0.0097,0.0019
2026-08-28T14:53:11.039+02:00,1000,1024,1024,1056,77,425,0,3386,0,276,0,2.4638,0.2002,0.1359,3.554,0.3566,0.2773,1.508,1.593,1.669,49.19,49.2,49.19,3.5663,0.2852,0.1895,147.53,147.51,147.62,0.0593,0.0387,0.02,99.78,99.62,100.27,0.0139,0.02,0.018,16000,1024,689.6,0.8762,0.1122,0.0083,0.0033
2026-08-28T14:53:41.020+02:00,1000,1024,1024,1056,77,425,0,3386,0,276,0,2.4592,0.2052,0.1355,3.5732,0.3724,0.2769,1.509,1.579,1.706,49.2,49.2,49.19,3.5694,0.294,0.1836,147.59,147.73,147.46,0.0634,0.0343,0.0246,196.69,100.13,98.77,0.0158,0.0248,0.0202,16000,1024,705.01,0.8635,0.1252,0.0095,0.0018
2026-08-28T14:54:41.021+02:00,1000,1024,1024,1056,77,425,0,3386,0,276,0,2.5147,0.2065,0.1448,3.6054,0.3721,0.2864,1.504,1.574,1.692,49.22,49.22,49.22,3.6665,0.2953,0.1998,147.69,147.81,147.74,0.0562,0.0366,0.0228,43.46,100.17,98.84,0.0145,0.021,0.0213,16000,1024,674.04,0.9225,0.0695,0.0063,0.0017
2026-08-28T14:55:11.021+02:00,1000,1024,1024,1056,77,425,0,3386,0,276,0,2.3772,0.2026,0.1289,3.4152,0.3446,0.2784,1.51,1.56,1.785,49.18,49.19,49.19,3.4461,0.2901,0.179,147.47,147.5,98.12,0.0541,0.0322,0.0252,54.18,99.89,147.69,0.0234,0.0272,0.0207,16000,1024,752.95,0.8282,0.1608,0.0079,0.0031
2026-08-28T14:55:41.022+02:00,1000,1024,1024,1056,77,425,0,3386,0,276,0,2.3784,0.2009,0.1273,3.502,0.3618,0.2858,1.519,1.559,1.752,49.16,49.16,49.16,3.4473,0.285,0.1756,147.39,147.61,98.61,0.0614,0.0321,0.0212,44.36,100.03,147.66,0.0214,0.0205,0.019,16000,1024,645.31,0.8755,0.1154,0.0065,0.0026
2026-08-28T14:56:11.023+02:00,1000,1024,1024,1056,77,425,0,3386,0,276,0,2.4002,0.1993,0.1319,3.4928,0.3808,0.2645,1.513,1.584,1.705,49.13,49.14,49.13,3.4578,0.2862,0.1845,147.26,147.25,147.45,0.0594,0.0321,0.0206,53.22,99.65,97.99,0.0501,0.0237,0.0165,16000,1024,638.12,0.8481,0.1434,0.0059,0.0026
2026-08-28T14:56:41.024+02:00,1000,1024,1024,1056,77,425,0,3386,0,276,0,2.3722,0.1993,0.129,3.4405,0.3559,0.2519,1.513,1.581,1.743,49.16,49.15,49.15,3.4243,0.2852,0.1801,147.42,147.63,147.47,0.0639,0.0336,0.0226,196.59,100.05,98.9,0.0188,0.0201,0.022,16000,1024,678.25,0.7274,0.2607,0.0099,0.0021
2026-08-28T14:57:41.025+02:00,1000,1024,1024,1056,77,425,0,3386,0,276,0,2.4016,0.201,0.1322,3.5041,0.3728,0.2623,1.511,1.568,1.693,49.18,49.18,49.17,3.4717,0.2867,0.1842,147.43,147.58,98.13,0.0647,0.0332,0.0238,196.72,99.8,147.21,0.0156,0.0191,0.016,16000,1024,506.95,0.859,0.1263,0.0108,0.0039
2026-08-28T14:58:41.026+02:00,1000,1024,1024,1056,77,425,0,3386,0,276,0,2.4201,0.2022,0.1321,3.5225,0.3538,0.2558,1.506,1.597,1.678,49.09,49.1,49.09,3.4375,0.2846,0.1797,147.32,147.41,99.03,0.0588,0.0318,0.0189,43.46,99.84,147.31,0.0483,0.0211,0.0178,16000,1024,738.55,0.9137,0.0779,0.0069,0.0015
2026-08-28T14:59:11.026+02:00,1000,1024,1024,1056,77,425,0,3386,0,276,0,2.4331,0.2001,0.1329,3.5188,0.354,0.2759,1.512,1.571,1.798,49.17,49.17,49.18,3.5165,0.2839,0.1846,147.43,147.43,147.39,0.0636,0.0327,0.0199,196.63,99.79,98.15,0.017,0.0224,0.0202,16000,1024,627.1,0.7024,0.286,0.0097,0.0019
2026-08-28T14:59:41.025+02:00,1000,1024,1024,1056,77,425,0,3386,0,276,0,2.4638,0.2002,0.1359,3.554,0.3566,0.2773,1.508,1.593,1.669,49.19,49.2,49.19,3.5663,0.2852,0.1895,147.53,147.51,147.62,0.0593,0.0387,0.02,99.78,99.62,100.27,0.0139,0.02,0.018,16000,1024,689.6,0.8762,0.1122,0.0083,0.0033
2026-08-28T15:00:11.025+02:00,1000,1024,1024,1056,77,425,0,3386,0,276,0,2.4592,0.2052,0.1355,3.5732,0.3724,0.2769,1.509,1.579,1.706,49.2,49.2,49.19,3.5694,0.294,0.1836,147.59,147.73,147.46,0.0634,0.0343,0.0246,196.69,100.13,98.77,0.0158,0.0248,0.0202,16000,1024,705.01,0.8635,0.1252,0.0095,0.0018
2026-08-28T15:00:41.026+02:00,1000,1024,1024,1056,77,425,0,3386,0,276,0,2.5147,0.2065,0.1448,3.6054,0.3721,0.2864,1.504,1.574,1.692,49.22,49.22,49.22,3.6665,0.2953,0.1998,147.69,147.81,147.74,0.0562,0.0366,0.0228,43.46,100.17,98.84,0.0145,0.021,0.0213,16000,1024,674.04,0.9225,0.0695,0.0063,0.0017
2026-08-28T15:01:11.032+02:00,1000,1024,1029,1062,86,456,43,3658,0,287,0,0.0268,0.028,0.1774,0.1097,0.1148,1.4615,3.623,3.449,16.829,31.66,23.7,126.42,0.008,0.0116,0.0525,95.69,149.45,184.72,0.0073,0.0077,0.0499,41.99,66.15,342.35,0.0071,0.0076,0.051,16000,1024,584.2,0.9623,0.0283,0.0088,0.0005
2026-08-28T15:01:41.042+02:00,1000,1024,1039,1071,86,457,43,3701,1,288,0,0.0256,0.0324,0.2482,0.0732,0.1382,1.5042,2.673,4.606,15.072,111.08,22.6,39.83,0.0084,0.0119,0.0629,147.72,74.71,318.18,0.008,0.0118,0.0625,59.4,26.86,1.46,0.0076,0.0104,0.0733,16000,1024,486.99,0.9354,0.0513,0.0123,0.0009
2026-08-28T15:02:41.039+02:00,1000,1024,1030,1063,87,457,45,3763,1,290,0,0.0259,0.0316,0.2764,0.091,0.1215,1.4278,3.315,4.125,10.318,7.62,167.92,43.02,0.0089,0.0106,0.1096,54.27,36.07,397.4,0.0084,0.0101,0.0851,20.95,7.06,6.97,0.0081,0.0096,0.0843,16000,1024,357.07,0.9271,0.0537,0.0177,0.0015
2026-08-28T15:04:11.034+02:00,1000,1024,1025,1058,89,457,44,3847,0,290,0,0.0273,0.0307,0.2202,0.0975,0.1542,1.7867,3.103,4.537,20.037,8.76,72.01,35.67,0.0103,0.0097,0.0561,106.24,52.11,73.09,0.0094,0.0095,0.0517,33.76,116.44,59.35,0.0094,0.0084,0.0501,16000,1024,406.94,0.9307,0.0502,0.0175,0.0016
2026-08-28T15:04:41.030+02:00,1000,1024,1024,1056,89,458,0,3847,0,290,0,0.0228,0.0224,0.0318,0.0735,0.0644,0.086,2.905,2.904,2.642,76.7,106.6,61.4,0.0089,0.0077,0.0114,28.66,56.46,140.71,0.0068,0.0065,0.009,128.2,41.29,82.11,0.0063,0.0066,0.0089,16000,1024,364.68,0.9077,0.0674,0.0236,0.0014
2026-08-28T15:05:11.029+02:00,1000,1024,1024,1056,89,459,0,3847,0,290,0,0.0233,0.0216,0.0459,0.0799,0.0676,0.6745,3.026,2.822,93.615,37.23,30.15,172.82,0.0086,0.0083,0.0128,214.63,48.21,6.9,0.0071,0.007,0.0125,136.23,9.38,144.73,0.0066,0.0072,0.0126,16000,1024,371.89,0.877,0.0977,0.0231,0.0023
2026-08-28T15:05:41.035+02:00,1000,1024,1029,1062,89,459,42,3889,2,292,0,0.0281,0.0321,0.2105,0.0935,0.1304,1.4299,3.233,3.855,15.979,108.09,58.28,80.1,0.0097,0.0105,0.0627,72.45,42.54,466.06,0.0081,0.0104,0.0632,62.27,4.21,57.74,0.0079,0.0093,0.0579,16000,1024,347.79,0.849,0.1286,0.02,0.0025
2026-08-28T15:06:11.032+02:00,1000,1024,1024,1056,89,459,0,3889,0,292,0,0.0226,0.0216,0.0312,0.0682,0.0704,0.1022,2.744,2.758,2.937,27.24,74.29,89.28,0.0064,0.007,0.0109,99.64,157.09,159.03,0.0062,0.0059,0.0084,11.62,123.69,153.26,0.006,0.0062,0.0081,16000,1024,409.31,0.9372,0.0422,0.0189,0.0017
2026-08-28T15:06:41.030+02:00,1000,1024,1024,1056,89,459,3,3892,0,292,0,0.0241,0.0212,0.0335,0.0989,0.0794,0.1097,3.378,3.287,2.68,52.75,131.79,9.3,0.0078,0.0072,0.0128,72.98,29.09,164.74,0.0064,0.0069,0.0102,45.17,251.67,79.68,0.0064,0.0063,0.0107,16000,1024,535.38,0.9657,0.0278,0.0058,0.0006
2026-08-28T15:07:11.031+02:00,1000,1024,1024,1056,89,460,4,3896,0,292,0,0.0252,0.0221,0.0491,0.078,0.0707,0.7814,2.868,3.223,126.258,5.28,70.27,131.67,0.0104,0.0072,0.0114,13.6,57.14,49.72,0.0081,0.0081,0.0101,88.18,157.52,41.19,0.008,0.0072,0.0099,16000,1024,361.65,0.932,0.0445,0.0215,0.002
2026-08-28T15:08:11.031+02:00,1000,1024,1024,1056,90,460,5,3911,0,292,0,0.0242,0.0224,0.0555,0.0812,0.0843,0.6505,3.38,3.009,68.708,156.14,127.11,175.02,0.0076,0.0091,0.0174,23.62,144.94,36.7,0.0074,0.0068,0.0188,67.58,49.84,73.13,0.0065,0.0061,0.016,16000,1024,380.03,0.8996,0.0753,0.0232,0.0019
2026-08-28T15:08:41.032+02:00,1000,1024,1024,1056,90,461,3,3914,0,292,0,0.0233,0.0198,0.0312,0.066,0.0788,0.1246,2.747,3.193,3.231,165.69,70.69,31.68,0.0074,0.0067,0.0099,103.82,133.71,81.9,0.0069,0.0055,0.0091,29.75,36.9,104.73,0.0071,0.0056,0.009,16000,1024,380.24,0.9551,0.0301,0.0135,0.0013
2026-08-28T15:09:11.032+02:00,1000,1024,1024,1056,90,461,0,3914,0,292,0,0.0229,0.0197,0.0322,0.0643,0.0654,0.2002,2.648,2.954,5.788,78.18,198.59,28.23,0.0082,0.0068,0.0097,18.94,187.2,23.12,0.0082,0.007,0.01,120.36,175.24,33.51,0.0063,0.0068,0.0097,16000,1024,459.86,0.9763,0.0124,0.0103,0.001
2026-08-28T15:09:41.034+02:00,1000,1024,1024,1056,90,461,3,3917,1,293,0,0.0247,0.0218,0.0301,0.0763,0.0748,0.1144,3.018,3.004,3.052,54.49,70.45,98.89,0.0085,0.0072,0.0086,10.69,108.06,134.89,0.0083,0.0069,0.0079,97.49,155.0,151.22,0.0066,0.0064,0.0078,16000,1024,373.45,0.9588,0.0325,0.0078,0.0009
2026-08-28T15:10:11.034+02:00,1000,1024,1024,1056,90,461,0,3917,0,293,0,0.0223,0.0215,0.0607,0.0726,0.08,0.7544,2.639,3.133,87.416,12.99,58.96,9.88,0.0073,0.0081,0.0249,50.51,45.81,240.25,0.007,0.0071,0.0202,97.28,66.3,48.53,0.0072,0.0068,0.0208,16000,1024,477.11,0.943,0.0488,0.0074,0.0008
2026-08-28T15:11:11.035+02:00,1000,1024,1024,1056,91,461,0,3950,0,293,0,0.0227,0.0218,0.0319,0.0711,0.0744,0.0948,2.899,3.052,2.619,92.2,63.12,134.61,0.0099,0.0067,0.0092,127.15,237.11,56.0,0.0069,0.0062,0.0096,13.35,23.73,231.3,0.0065,0.0059,0.0086,16000,1024,627.08,0.9779,0.0167,0.0047,0.0007
2026-08-28T15:11:41.035+02:00,1000,1024,1024,1056,91,461,4,3954,1,294,0,0.0239,0.0202,0.0671,0.0869,0.0611,0.7611,3.212,2.955,74.588,49.86,103.7,66.18,0.0079,0.0062,0.0137,45.08,76.83,37.87,0.0067,0.0061,0.0134,26.97,127.77,20.43,0.0068,0.0058,0.0128,16000,1024,398.46,0.9611,0.0297,0.0081,0.0011
2026-08-28T15:12:11.035+02:00,1000,1024,1024,1056,91,461,1,3955,0,294,0,0.0241,0.0206,0.0301,0.0807,0.0727,0.1109,3.151,2.953,3.211,92.59,73.8,50.14,0.009,0.0075,0.0096,143.66,144.41,43.29,0.008,0.006,0.0085,175.76,118.94,37.07,0.0063,0.0057,0.0078,16000,1024,531.82,0.9751,0.0197,0.0045,0.0007
2026-08-28T15:12:41.036+02:00,1000,1024,1024,1056,91,461,0,3955,0,294,0,0.0228,0.0203,0.0496,0.0991,0.0584,0.7859,3.697,2.488,126.11,108.23,117.63,33.42,0.0086,0.0062,0.0162,3.12,164.96,86.53,0.0076,0.0056,0.0153,116.8,82.29,192.32,0.0063,0.0054,0.012,16000,1024,698.19,0.987,0.0089,0.0037,0.0004
2026-08-28T15:13:11.035+02:00,1000,1024,1024,1056,91,461,0,3955,0,294,0,0.0235,0.0213,0.0478,0.0774,0.0788,0.7484,2.743,3.331,120.28,9.78,125.24,126.05,0.0073,0.0071,0.0092,97.56,141.41,112.43,0.007,0.0058,0.0092,92.13,38.59,2.06,0.0072,0.006,0.0081,16000,1024,525.42,0.9775,0.0159,0.0058,0.0007
2026-08-28T15:13:41.036+02:00,1000,1024,1024,1056,91,461,10,3965,0,294,0,0.0244,0.0225,0.0909,0.0844,0.0983,0.8417,3.174,3.723,48.137,73.84,117.21,57.51,0.0096,0.0061,0.0188,89.63,262.74,443.34,0.0087,0.0059,0.0181,250.7,4.56,168.0,0.0067,0.0058,0.0179,16000,1024,1250.32,0.9811,0.0142,0.0041,0.0005
2026-08-28T15:14:11.036+02:00,1000,1024,1024,1056,91,461,2,3967,0,294,0,0.0235,0.0203,0.0589,0.0818,0.0648,0.7378,3.19,2.714,84.479,23.46,174.85,30.53,0.0076,0.0062,0.0179,61.29,46.96,164.43,0.0072,0.006,0.0178,31.13,145.94,145.6,0.0071,0.0068,0.0165,16000,1024,436.85,0.952,0.0358,0.0105,0.0017
2026-08-28T15:14:41.037+02:00,1000,1024,1024,1056,91,461,15,3982,1,295,0,0.0252,0.0238,0.0678,0.0966,0.1096,0.7275,3.048,4.094,73.914,61.29,57.57,35.13,0.008,0.007,0.0158,38.78,52.72,119.85,0.0072,0.0069,0.0116,111.32,93.11,1.46,0.0067,0.0073,0.0119,16000,1024,370.93,0.9241,0.0604,0.0142,0.0013
2026-08-28T15:15:11.038+02:00,1000,1024,1024,1056,91,462,4,3986,0,295,0,0.0249,0.0228,0.2079,0.0852,0.092,1.0656,3.276,3.688,8.055,110.22,70.17,138.38,0.0067,0.0078,0.1685,47.61,23.85,281.85,0.0065,0.0076,0.1542,10.25,127.83,424.26,0.0071,0.006,0.142,16000,1024,529.22,0.9804,0.0135,0.0053,0.0007
2026-08-28T15:15:41.039+02:00,1000,1024,1024,1056,91,462,14,4000,1,296,0,0.025,0.0239,0.0563,0.084,0.0774,0.7378,3.161,2.983,86.374,141.15,13.65,38.3,0.0085,0.0073,0.0238,59.6,22.33,109.71,0.0076,0.0065,0.0207,107.13,79.08,96.8,0.0076,0.0059,0.02,16000,1024,593.95,0.754,0.2333,0.0119,0.0008
2026-08-28T15:16:11.039+02:00,1000,1024,1024,1056,91,463,1,4001,0,296,0,0.0241,0.0213,0.0323,0.0861,0.0877,0.1123,2.959,3.318,3.185,25.07,57.87,116.03,0.007,0.0076,0.011,12.39,36.52,6.65,0.0071,0.0066,0.0101,200.0,12.96,11.93,0.0063,0.0058,0.0097,16000,1024,564.79,0.9588,0.0366,0.0042,0.0004
2026-08-28T15:16:41.041+02:00,1000,1024,1024,1056,91,463,0,4001,0,296,0,0.0234,0.0201,0.033,0.0907,0.0663,0.1063,3.365,2.867,2.814,11.36,10.62,82.99,0.0076,0.0056,0.0106,72.2,103.84,53.2,0.0072,0.0053,0.0122,28.57,79.44,178.97,0.0071,0.0052,0.0094,16000,1024,574.91,0.98,0.0112,0.0077,0.0011
2026-08-28T15:17:11.041+02:00,1000,1024,1024,1056,91,463,1,4002,0,296,0,0.024,0.0211,0.046,0.0952,0.0747,0.6904,3.091,2.842,98.982,189.55,136.32,38.72,0.008,0.0073,0.0099,99.28,27.71,14.76,0.0076,0.0069,0.0083,11.05,40.47,95.69,0.0075,0.0069,0.0082,16000,1024,447.47,0.9718,0.0218,0.0056,0.0009
2026-08-28T15:17:41.042+02:00,1000,1024,1025,1057,91,463,38,4040,1,297,0,0.029,0.038,0.3361,0.0997,0.1543,1.6737,2.965,4.877,8.885,39.94,8.09,32.06,0.0102,0.0146,0.1279,115.03,38.23,50.74,0.0077,0.0127,0.102,49.75,50.49,8.55,0.0076,0.0112,0.0992,16000,1024,504.21,0.9699,0.022,0.0073,0.0008
2026-08-28T15:18:11.044+02:00,1000,1024,1024,1056,91,463,75,4115,0,297,0,0.0234,0.0217,0.1245,0.0821,0.0656,1.3367,2.847,2.791,44.406,21.11,44.22,76.41,0.0095,0.0068,0.022,15.47,12.55,51.86,0.0082,0.0062,0.0209,7.96,113.41,92.06,0.0077,0.006,0.0207,16000,1024,553.02,0.9034,0.0817,0.0126,0.0023
2026-08-28T15:18:41.050+02:00,1000,1024,1033,1066,91,464,23,4138,0,297,0,0.0265,0.0273,0.182,0.1039,0.0996,0.723,3.377,3.276,10.596,65.95,19.34,326.28,0.013,0.0095,0.0737,3.02,71.32,350.25,0.0086,0.0091,0.0711,27.71,57.84,201.49,0.0092,0.0076,0.0599,16000,1024,358.78,0.9232,0.0534,0.021,0.0024
2026-08-28T15:19:11.040+02:00,1000,1024,1024,1056,91,464,8,4146,0,297,0,0.0228,0.022,0.0912,0.0882,0.0877,0.7947,3.481,3.241,47.246,146.78,31.25,33.56,0.0081,0.0084,0.0312,111.13,8.53,74.09,0.0068,0.0064,0.0285,229.54,118.27,311.36,0.0062,0.0058,0.0251,16000,1024,481.82,0.9614,0.0302,0.0073,0.001
2026-08-28T15:19:41.040+02:00,1000,1024,1024,1056,91,465,99,4245,0,297,0,0.0242,0.0213,0.1914,0.091,0.0624,1.3415,3.185,3.023,14.289,19.08,61.84,19.54,0.009,0.0068,0.0603,127.29,97.53,359.18,0.0078,0.0055,0.0588,72.98,125.04,115.84,0.0077,0.0054,0.0583,16000,1024,425.97,0.9505,0.0413,0.0069,0.0012
2026-08-28T15:20:11.040+02:00,1000,1024,1024,1056,91,465,0,4245,0,297,0,0.0231,0.0197,0.0323,0.074,0.0693,0.1034,2.885,2.967,2.807,29.39,74.81,33.23,0.0083,0.0055,0.0091,122.62,94.08,15.11,0.0069,0.0055,0.0102,163.74,69.3,63.92,0.0066,0.0051,0.0088,16000,1024,341.68,0.9183,0.0705,0.0097,0.0016
2026-08-28T15:20:41.043+02:00,1000,1024,1024,1056,91,465,2,4247,0,297,0,0.025,0.0208,0.0633,0.0855,0.0726,0.7198,2.947,3.183,68.619,79.61,26.29,48.12,0.0086,0.0069,0.0211,97.44,36.09,102.48,0.0079,0.0061,0.0204,17.32,44.46,332.98,0.0075,0.0064,0.019,16000,1024,500.56,0.9696,0.0249,0.005,0.0005
2026-08-28T15:21:11.043+02:00,1000,1024,1024,1056,91,465,0,4247,0,297,0,0.0233,0.0437,0.418,0.0761,0.1636,1.7876,3.028,2.911,3.523,14.42,253.88,254.08,0.0076,0.0155,0.1555,99.71,105.69,428.38,0.0063,0.015,0.1506,36.98,428.39,345.09,0.0063,0.0151,0.1428,16000,1024,367.5,0.9402,0.0455,0.0131,0.0011
2026-08-28T15:21:41.060+02:00,1000,1024,1039,1072,91,465,29,4276,1,298,0,0.0269,0.0286,0.196,0.0956,0.1021,1.0344,3.308,3.618,12.36,58.98,7.76,4.58,0.0106,0.0081,0.056,65.24,154.96,364.99,0.0081,0.0078,0.0527,126.59,56.64,126.13,0.0091,0.0073,0.0491,16000,1024,369.05,0.9564,0.0306,0.0115,0.0014
2026-08-28T15:22:11.044+02:00,1000,1024,1024,1056,91,465,0,4276,0,298,0,0.0237,0.0213,0.0464,0.0737,0.0861,0.7146,2.934,3.275,109.22,14.55,22.06,287.02,0.0077,0.0078,0.0164,206.0,44.18,98.48,0.0059,0.0071,0.0164,247.93,65.56,58.63,0.0057,0.0062,0.0157,16000,1024,508.82,0.9805,0.0133,0.0055,0.0006
2026-08-28T15:22:41.044+02:00,1000,1024,1024,1056,91,465,0,4276,0,298,0,0.0244,0.0213,0.0839,0.1061,0.0871,0.7488,3.857,3.593,54.624,70.88,220.58,2.91,0.0078,0.0064,0.0295,8.26,61.34,176.85,0.0078,0.0061,0.0269,18.64,34.86,255.55,0.0072,0.0064,0.027,16000,1024,590.9,0.9633,0.0299,0.0063,0.0006
2026-08-28T15:23:11.048+02:00,1000,1024,1027,1059,91,466,8,4284,0,298,0,0.0243,0.0217,0.0744,0.0767,0.0744,0.7381,2.895,3.234,58.472,37.3,47.25,127.02,0.0082,0.0067,0.025,42.03,59.94,195.32,0.0074,0.007,0.0248,96.36,22.43,109.63,0.0075,0.0062,0.0241,16000,1024,361.31,0.9134,0.0726,0.0128,0.0011
2026-08-28T15:23:41.044+02:00,1000,1024,1024,1056,91,466,1,4285,0,298,0,0.0239,0.0215,0.0822,0.0976,0.0838,0.7179,3.172,3.332,44.691,4.01,42.02,175.93,0.0073,0.0069,0.019,179.68,67.7,204.48,0.0068,0.0066,0.0206,113.27,119.43,18.08,0.0063,0.0058,0.0205,16000,1024,635.86,0.9527,0.0343,0.0118,0.0012
2026-08-28T15:24:11.044+02:00,1000,1024,1024,1056,91,467,1,4286,0,298,0,0.0241,0.0207,0.0341,0.0935,0.0612,0.1132,3.137,2.742,3.117,126.91,79.12,16.09,0.0079,0.008,0.0116,11.32,44.79,109.33,0.0071,0.0056,0.0096,2.76,232.7,33.36,0.0069,0.005,0.0093,16000,1024,446.94,0.971,0.0194,0.0085,0.0012
2026-08-28T15:24:41.044+02:00,1000,1024,1024,1056,91,467,118,4404,0,298,0,0.0253,0.0219,0.1876,0.086,0.077,1.5222,2.946,3.029,22.779,51.88,11.66,72.23,0.0088,0.0073,0.0396,94.15,39.82,8.55,0.0083,0.0066,0.0414,28.33,59.93,433.21,0.0074,0.0067,0.04,16000,1024,420.23,0.931,0.0543,0.0136,0.0012
2026-08-28T15:25:11.045+02:00,1000,1024,1024,1056,91,467,32,4436,2,300,0,0.0263,0.0251,0.1477,0.093,0.0815,0.7156,3.007,3.24,16.178,5.21,47.96,38.17,0.0085,0.0079,0.0437,92.44,2.61,226.22,0.0074,0.0081,0.0442,17.52,41.83,25.89,0.0071,0.0075,0.0454,16000,1024,458.23,0.9503,0.0409,0.008,0.0008
2026-08-28T15:25:41.045+02:00,1000,1024,1024,1056,91,467,0,4436,0,300,0,0.0238,0.0205,0.0314,0.0709,0.0656,0.1011,2.827,2.809,2.937,35.18,22.33,155.47,0.0073,0.0069,0.011,7.62,77.99,80.18,0.0072,0.0064,0.009,168.73,60.79,15.52,0.0068,0.006,0.0083,16000,1024,448.25,0.8378,0.1316,0.0278,0.0029
2026-08-28T15:26:11.045+02:00,1000,1024,1024,1056,91,467,9,4445,0,300,0,0.0251,0.0476,0.453,0.0801,0.1601,1.6998,2.847,2.942,3.551,52.23,1.64,1.75,0.0089,0.0275,0.2457,57.74,87.17,87.25,0.0085,0.0134,0.1359,22.12,82.16,24.57,0.0091,0.0109,0.1115,16000,1024,471.02,0.9658,0.0268,0.0066,0.0008
2026-08-28T15:26:41.047+02:00,1000,1024,1024,1056,91,469,1,4446,1,301,0,0.0234,0.0203,0.0473,0.0744,0.0804,0.7495,2.718,3.286,113.912,60.22,213.8,229.13,0.0082,0.0055,0.015,141.51,74.73,153.06,0.0069,0.0056,0.0118,134.78,112.57,10.82,0.0066,0.0052,0.011,16000,1024,401.95,0.9457,0.0425,0.0107,0.001
2026-08-28T15:27:11.048+02:00,1000,1024,1024,1056,91,469,0,4446,0,301,0,0.0232,0.0208,0.0828,0.0792,0.0813,0.7253,3.108,3.242,46.396,23.53,112.75,140.51,0.0073,0.0077,0.0262,38.82,76.96,330.01,0.0069,0.0061,0.0238,108.61,35.62,336.0,0.0064,0.0072,0.0232,16000,1024,435.93,0.9685,0.0258,0.0049,0.0009
2026-08-28T15:27:41.048+02:00,1000,1024,1024,1056,91,470,0,4446,0,301,0,0.0232,0.0369,0.3214,0.0654,0.1674,1.6285,2.769,4.669,7.156,70.95,13.85,13.75,0.009,0.0169,0.1322,161.36,19.7,5.61,0.0072,0.0111,0.1085,87.05,1.99,492.34,0.0068,0.0103,0.0904,16000,1024,469.66,0.9779,0.0173,0.0043,0.0006
2026-08-28T15:28:11.048+02:00,1000,1024,1024,1056,91,470,1,4447,0,301,0,0.0231,0.0426,0.4192,0.081,0.167,1.7714,2.997,3.334,3.688,66.47,290.28,290.24,0.0069,0.0184,0.1787,53.29,307.6,307.73,0.0075,0.0136,0.1401,147.52,154.99,100.62,0.0069,0.0137,0.1396,16000,1024,445.22,0.9419,0.0451,0.0117,0.0013
2026-08-28T15:28:41.048+02:00,1000,1024,1024,1056,91,471,1,4448,0,301,0,0.0235,0.0211,0.0322,0.0886,0.0824,0.1281,3.237,3.366,3.215,3.05,40.41,88.0,0.0076,0.0072,0.0102,60.54,128.83,71.76,0.0066,0.0064,0.0098,168.11,11.03,46.82,0.0061,0.0059,0.0086,16000,1024,543.06,0.9705,0.0244,0.0044,0.0007
2026-08-28T15:29:11.049+02:00,1000,1024,1024,1056,91,472,2,4450,1,302,0,0.0247,0.0203,0.0316,0.0751,0.063,0.1057,2.908,2.821,2.941,42.0,72.24,41.92,0.009,0.0063,0.0101,79.89,21.83,31.58,0.0073,0.0059,0.011,48.71,241.74,68.65,0.0072,0.006,0.0081,16000,1024,362.31,0.9535,0.0361,0.0092,0.0012
2026-08-28T15:29:41.048+02:00,1000,1024,1024,1056,91,472,0,4450,0,302,0,0.0238,0.0215,0.1088,0.0813,0.1039,0.9703,2.725,3.822,41.24,22.57,216.53,499.14,0.0078,0.0073,0.0443,109.1,113.06,2.19,0.0069,0.0071,0.0432,176.7,235.65,6.35,0.0064,0.0073,0.0393,16000,1024,493.24,0.9665,0.0268,0.006,0.0007
2026-08-28T15:30:11.050+02:00,1000,1024,1024,1056,91,473,0,4450,0,302,0,0.024,0.0355,0.307,0.0807,0.1609,1.649,2.955,4.378,6.972,20.44,184.68,184.67,0.0081,0.0129,0.1287,41.99,120.91,292.08,0.0071,0.0112,0.091,83.28,73.33,147.38,0.007,0.011,0.0904,16000,1024,450.87,0.9684,0.0192,0.0114,0.001
2026-08-28T15:31:11.049+02:00,1000,1024,1024,1056,92,475,0,4451,0,302,0,0.0234,0.0204,0.0473,0.0822,0.0729,0.7231,3.029,2.896,109.758,5.85,188.62,5.82,0.0089,0.0073,0.0114,99.39,27.68,108.14,0.0081,0.007,0.0107,149.62,133.42,126.51,0.007,0.0065,0.0117,16000,1024,373.76,0.9568,0.0226,0.0189,0.0017
2026-08-28T15:31:41.051+02:00,1000,1024,1024,1056,92,475,1,4452,0,302,0,0.0232,0.0199,0.0305,0.0807,0.0722,0.1129,2.862,3.172,3.199,188.77,200.3,58.18,0.0073,0.0063,0.011,3.91,35.96,294.81,0.0066,0.0058,0.0101,17.64,64.76,105.74,0.0061,0.0056,0.0092,16000,1024,435.8,0.9738,0.0187,0.0065,0.001
2026-08-28T15:32:11.051+02:00,1000,1024,1024,1056,92,475,2,4454,0,302,0,0.0246,0.0501,0.4839,0.0801,0.1676,1.7143,3.302,2.987,3.227,156.51,1.51,367.88,0.0089,0.017,0.1457,26.51,135.81,173.91,0.0077,0.0155,0.1369,75.37,166.0,109.44,0.0071,0.0152,0.1368,16000,1024,510.96,0.9672,0.0215,0.0106,0.0007
2026-08-28T15:32:41.052+02:00,1000,1024,1024,1056,92,475,27,4481,0,302,0,0.0262,0.0284,0.1543,0.0871,0.1049,0.7086,3.169,3.673,14.691,123.18,5.01,59.86,0.0078,0.0115,0.0481,21.93,66.6,263.89,0.0077,0.009,0.0471,84.16,56.28,178.87,0.0066,0.0087,0.0465,16000,1024,477.08,0.9661,0.0236,0.0092,0.001
2026-08-28T15:33:11.052+02:00,1000,1024,1024,1056,92,475,12,4493,0,302,0,0.0241,0.0228,0.1054,0.1182,0.0848,0.8364,3.768,3.059,38.036,16.03,21.33,103.37,0.0078,0.0102,0.0234,101.38,6.6,90.12,0.007,0.0065,0.0224,163.37,196.61,72.33,0.0066,0.006,0.0208,16000,1024,474.16,0.9706,0.0179,0.0106,0.001
2026-08-28T15:33:41.057+02:00,1000,1024,1024,1056,92,476,126,4619,1,303,0,0.0248,0.023,0.1123,0.0787,0.0871,0.7174,2.931,3.12,23.691,105.51,26.41,245.78,0.008,0.0098,0.035,23.8,103.65,302.76,0.0082,0.008,0.0312,13.77,46.8,148.39,0.0074,0.0075,0.0311,16000,1024,333.6,0.9542,0.0309,0.0133,0.0016
2026-08-28T15:34:11.058+02:00,1000,1024,1024,1056,92,476,3,4622,1,304,0,0.0233,0.0198,0.0526,0.0717,0.0785,0.6247,2.531,3.205,69.971,150.49,54.82,24.39,0.006,0.0057,0.0126,102.32,192.59,177.15,0.0061,0.0053,0.013,93.18,77.53,193.69,0.006,0.0059,0.0107,16000,1024,583.07,0.9662,0.0215,0.0112,0.0011
2026-08-28T15:34:41.060+02:00,1000,1024,1024,1056,92,476,121,4743,0,304,0,0.0255,0.0199,0.0791,0.0901,0.0633,0.7066,3.002,2.904,44.185,10.93,82.99,34.43,0.0093,0.0056,0.0242,69.55,74.12,96.85,0.0077,0.0054,0.0227,131.48,143.65,223.41,0.0076,0.0054,0.0227,16000,1024,433.33,0.9492,0.0396,0.0099,0.0014
2026-08-28T15:35:11.054+02:00,1000,1024,1024,1056,92,476,0,4743,0,304,0,0.0238,0.0224,0.0825,0.0806,0.0862,0.7453,2.961,3.494,53.944,126.12,141.14,58.49,0.0094,0.0075,0.0257,113.86,95.57,302.79,0.007,0.0064,0.0209,5.25,31.31,208.92,0.0069,0.006,0.0209,16000,1024,448.88,0.918,0.0651,0.0152,0.0017
2026-08-28T15:35:41.052+02:00,1000,1024,1024,1056,92,476,4,4747,0,304,0,0.0234,0.0206,0.0466,0.0946,0.0773,0.6973,3.319,3.246,94.625,55.59,25.36,79.31,0.0071,0.0063,0.0116,6.1,38.91,63.42,0.006,0.0057,0.0103,13.0,157.15,105.2,0.0061,0.0054,0.0089,16000,1024,885.67,0.9676,0.0261,0.0055,0.0008
2026-08-28T15:36:11.053+02:00,1000,1024,1024,1056,92,477,0,4747,0,304,0,0.0224,0.0207,0.0607,0.0721,0.0632,0.8139,3.0,2.86,101.046,6.97,194.47,38.95,0.0064,0.0069,0.0141,184.87,37.66,59.28,0.0059,0.0065,0.011,142.44,173.74,28.36,0.0059,0.0058,0.01,16000,1024,395.16,0.949,0.0403,0.0093,0.0014
2026-08-28T15:36:41.053+02:00,1000,1024,1024,1056,92,477,9,4756,0,304,0,0.0251,0.0216,0.0989,0.1079,0.0804,0.8178,3.571,3.078,42.14,65.46,28.07,209.23,0.0079,0.0063,0.0239,80.29,87.96,100.59,0.0073,0.0058,0.0232,17.84,121.82,481.69,0.0068,0.0057,0.0236,16000,1024,432.71,0.9715,0.0167,0.011,0.0008
2026-08-28T15:37:11.054+02:00,1000,1024,1024,1056,92,478,1,4757,1,305,0,0.024,0.0212,0.032,0.0743,0.069,0.1054,3.023,2.927,3.097,20.42,42.87,105.12,0.0069,0.006,0.0109,27.23,102.13,116.95,0.0063,0.0063,0.0103,50.7,153.42,177.02,0.006,0.0057,0.0095,16000,1024,592.82,0.9573,0.034,0.0075,0.0013
2026-08-28T15:37:41.054+02:00,1000,1024,1024,1056,92,478,0,4757,0,305,0,0.0228,0.0199,0.0347,0.0758,0.068,0.1281,2.903,3.348,2.906,52.64,169.66,190.05,0.0067,0.0072,0.0092,16.78,82.88,182.53,0.0063,0.0066,0.0081,142.38,199.31,81.72,0.006,0.0051,0.0083,16000,1024,1213.26,0.9727,0.0197,0.0065,0.0011
2026-08-28T15:38:11.056+02:00,1000,1024,1025,1058,92,479,8,4765,0,305,0,0.0251,0.0229,0.0824,0.0797,0.0904,0.7239,2.932,2.964,51.891,44.86,33.81,272.18,0.0078,0.0065,0.0285,70.68,19.08,307.54,0.0069,0.0068,0.0267,8.87,62.32,296.52,0.0064,0.0062,0.0274,16000,1024,395.51,0.9541,0.0333,0.0118,0.0009
2026-08-28T15:38:41.056+02:00,1000,1024,1024,1056,92,479,0,4765,0,305,0,0.0223,0.0203,0.0469,0.0728,0.0819,0.7203,2.71,3.37,113.4,90.52,63.93,108.14,0.009,0.006,0.0146,183.51,207.8,8.08,0.0071,0.0059,0.0142,13.17,108.48,49.73,0.0073,0.0055,0.0125,16000,1024,462.52,0.9407,0.0357,0.0218,0.0018
2026-08-28T15:39:11.057+02:00,1000,1024,1024,1056,92,479,0,4765,0,305,0,1.4842,0.3959,0.1862,2.155,0.6375,0.8362,1.506,1.502,2.416,49.14,49.13,49.14,2.1418,0.5633,0.255,147.31,147.41,147.34,0.0554,0.0506,0.0359,99.81,100.01,100.13,0.0176,0.0435,0.0212,16000,1024,570.07,0.9017,0.065,0.0204,0.0129
2026-08-28T15:39:41.057+02:00,1000,1024,1024,1056,92,479,0,4765,0,305,0,1.2188,0.4124,0.1572,1.7701,0.6727,0.7193,1.488,1.547,2.384,49.34,49.34,49.32,1.7678,0.598,0.2154,148.02,100.08,148.0,0.0503,0.0404,0.0342,44.33,147.92,24.74,0.0173,0.033,0.0219,16000,1024,607.81,0.8928,0.0974,0.0074,0.0024
2026-08-28T15:40:11.057+02:00,1000,1024,1024,1056,92,479,3,4768,0,305,0,1.1644,0.4117,0.3248,1.7587,0.8272,1.4342,1.496,1.577,4.886,49.4,49.39,49.49,1.4851,0.5243,0.1675,44.88,42.65,74.37,0.1888,0.0613,0.1047,40.13,33.14,491.42,0.1806,0.0543,0.094,16000,1024,522.37,0.7636,0.2187,0.0133,0.0043
2026-08-28T15:40:41.058+02:00,1000,1024,1024,1056,92,479,1,4769,0,305,0,1.1751,0.4219,0.1572,1.7382,0.7465,0.8143,1.487,1.548,2.883,49.35,49.36,49.36,1.6414,0.5907,0.2138,36.85,36.85,99.39,0.1062,0.0358,0.0386,41.85,42.45,148.07,0.1036,0.036,0.0281,16000,1024,597.64,0.8519,0.1351,0.0105,0.0025
2026-08-28T15:41:11.059+02:00,1000,1024,1024,1056,92,479,1,4770,1,306,0,1.1968,0.4171,0.149,1.7387,0.6646,0.3384,1.48,1.547,1.835,49.39,49.39,49.4,1.7455,0.6066,0.2117,148.29,100.07,148.23,0.0579,0.0394,0.0293,197.58,148.08,99.66,0.0159,0.0231,0.0245,16000,1024,693.49,0.8841,0.1068,0.0073,0.0018
2026-08-28T15:41:41.057+02:00,1000,1024,1024,1056,92,479,1,4771,0,306,0,1.1985,0.4138,0.1552,1.7276,0.6641,0.3341,1.478,1.546,1.808,49.4,49.4,49.4,1.7208,0.596,0.2169,148.23,100.06,148.26,0.0518,0.0353,0.0288,24.65,148.36,100.48,0.0264,0.0195,0.0174,16000,1024,600.92,0.8682,0.1155,0.0137,0.0026
2026-08-28T15:42:11.059+02:00,1000,1024,1024,1056,92,481,0,4771,0,306,0,1.2291,0.4149,0.1547,1.7774,0.6669,0.3091,1.482,1.543,1.755,49.35,49.34,49.34,1.7744,0.5969,0.2159,148.06,99.88,99.41,0.0466,0.043,0.0291,45.41,148.31,148.01,0.023,0.0247,0.0226,16000,1024,453.01,0.8077,0.1726,0.0147,0.005
2026-08-28T15:42:41.059+02:00,1000,1024,1024,1056,92,481,31,4802,22,328,0,1.2509,0.4131,0.2425,1.8141,0.6483,1.0334,1.48,1.547,5.86,49.36,49.35,49.38,1.8264,0.6021,0.2375,148.06,99.92,497.21,0.0516,0.0481,0.0548,197.47,148.21,477.08,0.0188,0.0258,0.062,16000,1024,907.02,0.9381,0.0521,0.0077,0.0021
2026-08-28T15:43:11.060+02:00,1000,1024,1024,1056,92,482,2,4804,0,328,0,1.2903,0.4129,0.1599,1.9674,0.6626,0.3166,1.485,1.554,1.734,49.35,49.35,49.34,1.7167,0.5621,0.2091,36.22,42.77,35.57,0.241,0.0561,0.0282,42.64,23.49,42.69,0.237,0.054,0.0253,16000,1024,547.89,0.8796,0.1061,0.0112,0.0032
2026-08-28T15:43:41.061+02:00,1000,1024,1025,1057,92,482,11,4815,0,328,0,1.2704,0.4115,0.1747,1.9476,0.7568,0.847,1.518,1.582,4.398,49.24,49.27,49.26,1.3366,0.4207,0.1543,53.38,53.25,30.63,0.3541,0.1286,0.0493,22.11,30.04,53.26,0.2924,0.1112,0.0431,16000,1024,788.57,0.9592,0.0357,0.004,0.0011
2026-08-28T15:44:11.059+02:00,1000,1024,1024,1056,92,482,0,4815,0,328,0,1.3118,0.4128,0.1568,1.8939,0.6612,0.3206,1.476,1.546,1.75,49.3,49.3,49.3,1.9377,0.6071,0.2228,147.92,99.87,147.89,0.0582,0.0435,0.0265,53.22,148.15,99.7,0.0291,0.029,0.0204,16000,1024,454.72,0.8442,0.1334,0.0185,0.0039
2026-08-28T15:44:41.060+02:00,1000,1024,1024,1056,92,482,0,4815,0,328,0,1.3478,0.4085,0.1626,1.9426,0.6502,0.3165,1.482,1.532,1.754,49.3,49.3,49.31,1.9785,0.5953,0.2337,147.89,99.86,99.22,0.0528,0.0451,0.0281,99.62,147.99,147.77,0.0201,0.0311,0.0251,16000,1024,845.32,0.9357,0.0563,0.0057,0.0023
2026-08-28T15:45:11.060+02:00,1000,1024,1024,1056,92,483,1,4816,0,328,0,1.3713,0.4056,0.1745,2.0008,0.6523,0.8897,1.481,1.545,4.168,49.25,49.25,49.26,1.9695,0.5771,0.2178,147.77,99.85,147.69,0.0524,0.0488,0.0268,39.02,148.02,32.0,0.0463,0.0318,0.0233,16000,1024,517.15,0.8847,0.0974,0.0148,0.0031
2026-08-28T15:45:41.061+02:00,1000,1024,1024,1056,92,484,3,4819,0,328,0,1.3762,0.4089,0.1824,2.2562,0.6501,0.8988,1.488,1.545,3.879,49.28,49.27,49.27,1.9717,0.5823,0.2362,147.96,100.0,147.94,0.0609,0.0426,0.0309,42.22,147.78,99.48,0.0378,0.0287,0.0283,16000,1024,599.71,0.919,0.0697,0.0091,0.0022
2026-08-28T15:46:11.062+02:00,1000,1024,1024,1056,92,484,3,4822,0,328,0,1.39,0.3964,0.308,2.0464,0.6627,1.1116,1.493,1.581,4.932,49.26,49.27,49.33,1.8784,0.5331,0.215,33.13,41.23,422.92,0.1975,0.059,0.0704,41.2,29.16,84.61,0.1916,0.054,0.0707,16000,1024,720.17,0.9167,0.0681,0.0117,0.0034
2026-08-28T15:46:41.062+02:00,1000,1024,1024,1056,92,484,26,4848,18,346,0,1.3997,0.4057,0.2448,2.0665,0.665,0.9045,1.486,1.546,4.435,49.26,49.26,49.26,2.0485,0.5891,0.2734,147.74,99.94,309.58,0.0659,0.0456,0.0574,196.9,147.7,164.93,0.0214,0.0325,0.0557,16000,1024,542.0,0.8865,0.089,0.02,0.0045
2026-08-28T15:47:11.063+02:00,1000,1024,1024,1056,92,485,13,4861,0,346,0,1.4,0.4006,0.1746,2.1101,0.6906,0.7202,1.515,1.58,2.465,49.24,49.25,49.23,1.5212,0.4136,0.1729,27.29,36.82,27.2,0.3477,0.1084,0.0471,43.14,43.1,36.34,0.3025,0.0983,0.0407,16000,1024,692.32,0.9276,0.0581,0.0115,0.0027
2026-08-28T15:47:41.064+02:00,1000,1024,1024,1056,92,485,1,4862,0,346,0,1.4369,0.4064,0.1744,2.0772,0.7119,0.8727,1.49,1.541,2.74,49.23,49.24,49.24,2.0972,0.5897,0.242,147.65,99.98,147.79,0.0587,0.0403,0.0303,196.86,147.79,98.29,0.0168,0.0323,0.0236,16000,1024,527.07,0.8476,0.1329,0.0142,0.0053
2026-08-28T15:48:11.065+02:00,1000,1024,1025,1058,92,486,3,4865,0,346,0,1.4516,0.407,0.1725,2.1842,0.6628,0.3524,1.501,1.542,1.758,49.19,49.19,49.2,1.9385,0.5468,0.2233,40.22,31.32,40.21,0.1979,0.0494,0.0283,31.27,40.29,147.72,0.191,0.0475,0.0284,16000,1024,610.48,0.8868,0.1025,0.0088,0.002
2026-08-28T15:48:41.064+02:00,1000,1024,1024,1056,92,486,3,4868,1,347,0,1.4632,0.4035,0.179,2.1623,0.6427,0.6719,1.495,1.532,2.048,49.2,49.21,49.18,2.0401,0.5555,0.2296,43.9,100.01,147.65,0.1252,0.0469,0.0319,34.12,35.77,32.94,0.1198,0.0375,0.0275,16000,1024,672.24,0.8965,0.0902,0.0098,0.0036
2026-08-28T15:49:11.067+02:00,1000,1024,1024,1056,92,487,14,4882,0,347,0,1.4274,0.401,0.1999,2.3267,0.684,0.9726,1.527,1.591,4.101,49.15,49.11,49.06,1.2807,0.3818,0.1505,36.13,36.12,36.26,0.5296,0.1357,0.0581,9.51,21.6,21.66,0.3953,0.1252,0.0536,16000,1024,650.3,0.8783,0.11,0.0095,0.0022
2026-08-28T15:49:41.067+02:00,1000,1024,1024,1056,92,487,33,4915,24,371,0,1.4801,0.4052,0.25,2.1651,0.6506,1.058,1.49,1.54,4.124,49.21,49.21,49.23,2.1477,0.5867,0.2665,147.6,100.08,167.19,0.0656,0.042,0.0611,100.03,147.6,300.5,0.0186,0.0297,0.0572,16000,1024,677.22,0.8775,0.1099,0.0098,0.0027
2026-08-28T15:50:11.065+02:00,1000,1024,1024,1056,92,488,1,4916,0,371,0,2.9171,0.8151,0.3474,4.2415,1.3354,0.726,1.491,1.535,1.874,49.25,49.26,49.26,4.1088,1.1569,0.4803,33.46,100.11,147.83,0.1977,0.0879,0.0708,37.63,147.58,98.83,0.1963,0.0608,0.0338,16000,1024,673.36,0.9213,0.0708,0.0064,0.0015
2026-08-28T15:51:11.064+02:00,1000,1024,1024,1056,93,488,8,4925,0,371,0,1.4732,0.4018,0.3138,2.2649,0.6634,1.4917,1.502,1.576,5.572,49.24,49.24,49.25,2.038,0.5536,0.2393,38.17,100.09,15.32,0.1528,0.0485,0.0744,33.08,36.24,310.71,0.1494,0.0369,0.0719,16000,1024,601.95,0.876,0.1132,0.0082,0.0026
2026-08-28T15:51:41.066+02:00,1000,1024,1024,1056,93,488,0,4925,0,371,0,1.4978,0.4092,0.1899,2.5806,0.6547,0.8799,1.491,1.546,3.712,49.22,49.22,49.23,2.1686,0.592,0.2527,147.69,100.02,147.79,0.0647,0.0433,0.0328,99.99,147.71,99.32,0.0167,0.0355,0.0299,16000,1024,581.74,0.8911,0.0943,0.0114,0.0033
2026-08-28T15:52:11.067+02:00,1000,1024,1024,1056,93,488,1,4926,0,371,0,1.478,0.4113,0.1732,2.1406,0.6539,0.3419,1.494,1.527,1.759,49.12,49.13,49.11,2.0839,0.575,0.2381,147.31,99.89,147.27,0.0623,0.0423,0.0314,44.11,147.33,97.94,0.0553,0.0304,0.0192,16000,1024,701.89,0.9272,0.0612,0.0089,0.0027
2026-08-28T15:52:41.067+02:00,1000,1024,1024,1056,93,488,3,4929,0,371,0,1.4749,0.4088,0.1762,2.1595,0.6545,0.3513,1.497,1.538,1.799,49.25,49.26,49.25,2.0739,0.5718,0.2419,39.05,100.07,147.77,0.1237,0.0553,0.0359,32.4,36.14,98.89,0.1239,0.038,0.0247,16000,1024,660.71,0.9273,0.0666,0.0049,0.0012
2026-08-28T15:53:11.067+02:00,1000,1024,1024,1056,93,488,0,4929,0,371,0,1.4939,0.4107,0.1853,2.3222,0.6695,0.8621,1.493,1.536,2.49,49.22,49.22,49.24,2.1708,0.5951,0.2626,147.66,100.15,147.47,0.0624,0.0475,0.0279,197.04,147.49,100.24,0.0189,0.029,0.0228,16000,1024,611.94,0.8761,0.1153,0.0063,0.0023
2026-08-28T15:53:41.068+02:00,1000,1024,1024,1056,93,488,1,4930,0,371,0,1.5019,0.413,0.197,2.589,0.6754,0.8726,1.493,1.534,3.539,49.22,49.22,49.22,2.1785,0.5965,0.2639,147.71,100.13,148.1,0.0594,0.0503,0.0277,99.91,147.7,115.84,0.0184,0.0364,0.0242,16000,1024,675.67,0.9141,0.0741,0.0078,0.004
2026-08-28T15:54:11.068+02:00,1000,1024,1024,1056,93,488,1,4931,0,371,0,1.4921,0.414,0.1821,2.185,0.663,0.353,1.491,1.536,1.767,49.23,49.24,49.24,2.1516,0.5956,0.2566,147.74,100.12,147.56,0.0632,0.0479,0.0325,41.84,147.67,98.66,0.0248,0.0352,0.0274,16000,1024,694.51,0.904,0.0837,0.0098,0.0024
2026-08-28T15:54:41.068+02:00,1000,1024,1024,1056,93,488,0,4931,0,371,0,1.5213,0.4138,0.1905,2.6137,0.6612,0.8352,1.5,1.533,2.736,49.08,49.08,49.08,2.1636,0.5828,0.2551,147.17,99.74,147.17,0.059,0.0448,0.0329,54.2,147.42,97.95,0.0416,0.0308,0.0196,16000,1024,454.95,0.9001,0.0763,0.0192,0.0044
2026-08-28T15:55:11.067+02:00,1000,1024,1024,1056,93,488,1,4932,0,371,0,1.5284,0.4121,0.1814,2.2399,0.6679,0.363,1.494,1.528,1.726,49.19,49.2,49.21,2.1431,0.5749,0.2516,30.01,100.04,147.47,0.0851,0.0507,0.0267,36.21,147.63,99.49,0.0828,0.0357,0.026,16000,1024,787.08,0.8764,0.1118,0.0098,0.002
2026-08-28T15:55:41.072+02:00,1000,1024,1024,1056,93,488,1,4933,0,371,0,1.525,0.4113,0.1849,2.2387,0.6649,0.3757,1.494,1.542,1.812,49.12,49.12,49.12,2.1848,0.5878,0.2565,147.31,99.92,147.27,0.0644,0.0471,0.031,44.43,147.2,99.53,0.0384,0.034,0.0149,16000,1024,518.02,0.7823,0.2003,0.0131,0.0043
2026-08-28T15:56:11.068+02:00,1000,1024,1024,1056,93,488,49,4982,43,414,0,1.5365,0.4207,0.2573,2.2264,0.7773,0.8997,1.496,1.55,4.304,49.18,49.18,49.15,2.2211,0.6001,0.2778,147.47,100.0,327.24,0.0667,0.0475,0.0668,99.84,147.49,147.4,0.0173,0.0305,0.0584,16000,1024,525.9,0.7863,0.1877,0.0214,0.0046
2026-08-28T15:56:41.069+02:00,1000,1024,1024,1056,93,489,7,4989,1,415,0,1.5315,0.4109,0.2025,2.4729,0.666,0.8957,1.513,1.543,3.85,49.24,49.25,49.25,1.9877,0.518,0.2426,39.02,10.62,33.0,0.2597,0.108,0.0451,18.45,38.92,7.54,0.2586,0.0845,0.0397,16000,1024,546.74,0.836,0.1466,0.0144,0.0029
2026-08-28T15:57:11.073+02:00,1000,1024,1024,1056,93,489,0,4989,0,415,0,1.5701,0.4112,0.1915,2.3425,0.6533,0.7988,1.491,1.538,2.199,49.16,49.17,49.13,2.2646,0.5908,0.2557,147.52,100.07,147.61,0.0541,0.05,0.0231,100.27,147.49,196.62,0.017,0.0309,0.0215,16000,1024,568.62,0.8483,0.1333,0.0142,0.0041
2026-08-28T15:57:41.073+02:00,1000,1024,1024,1056,93,489,1,4990,0,415,0,1.532,0.4186,0.1859,2.2562,0.6649,0.3673,1.495,1.541,1.756,49.19,49.2,49.18,2.2048,0.6025,0.2583,147.61,100.13,147.73,0.0663,0.0471,0.0331,34.08,147.44,100.16,0.0265,0.0303,0.0162,16000,1024,792.04,0.9287,0.0643,0.0059,0.0011
2026-08-28T15:58:11.079+02:00,1000,1024,1029,1061,93,490,25,5015,0,415,0,1.5199,0.404,0.2058,2.3902,0.6867,0.8537,1.564,1.583,3.215,49.12,49.07,49.11,1.2595,0.3231,0.1534,11.06,11.28,30.49,0.5531,0.1792,0.0631,30.61,17.79,16.82,0.4861,0.1143,0.0637,16000,1024,707.46,0.914,0.0784,0.0062,0.0014
2026-08-28T15:58:41.070+02:00,1000,1024,1024,1056,93,490,0,5015,0,415,0,1.5519,0.4156,0.1867,2.247,0.6832,0.3662,1.497,1.526,1.803,49.17,49.17,49.18,2.2479,0.5967,0.2639,147.48,100.11,147.47,0.0663,0.0505,0.0406,99.95,147.4,100.27,0.0143,0.036,0.0275,16000,1024,515.36,0.8663,0.1222,0.0091,0.0024
2026-08-28T15:59:11.072+02:00,1000,1024,1024,1056,93,490,0,5015,0,415,0,1.5526,0.4153,0.1867,2.2803,0.6758,0.3726,1.492,1.545,1.771,49.17,49.16,49.15,2.2388,0.5978,0.2639,147.42,100.03,147.36,0.062,0.0516,0.0353,99.97,147.7,99.13,0.0172,0.034,0.0205,16000,1024,552.26,0.843,0.1326,0.0195,0.0049
2026-08-28T15:59:41.071+02:00,1000,1024,1024,1056,93,490,21,5036,18,433,0,1.5669,0.4152,0.2195,2.3023,0.7471,0.9285,1.491,1.547,4.101,49.15,49.16,49.14,2.2582,0.5971,0.2712,147.44,99.99,147.33,0.0712,0.0521,0.0377,99.93,147.42,100.31,0.0138,0.0327,0.0288,16000,1024,773.31,0.9118,0.0825,0.0046,0.0011
2026-08-28T16:00:11.074+02:00,1000,1024,1024,1056,93,490,2,5038,0,433,0,1.5657,0.4123,0.1919,2.3401,0.6671,0.7392,1.503,1.529,2.155,48.99,48.98,48.98,2.043,0.5322,0.2353,37.11,31.66,24.73,0.2145,0.0557,0.0349,31.19,37.32,30.82,0.21,0.0544,0.0347,16000,1024,546.68,0.9143,0.0676,0.0143,0.0038
2026-08-28T16:00:41.073+02:00,1000,1024,1024,1056,93,490,0,5038,0,433,0,1.5601,0.4171,0.1926,2.2787,0.6696,0.8594,1.497,1.536,2.467,49.16,49.17,49.14,2.2508,0.5994,0.2649,147.44,99.97,147.53,0.066,0.046,0.0354,100.16,147.48,23.74,0.0187,0.0338,0.0255,16000,1024,538.93,0.8466,0.138,0.0129,0.0025
2026-08-28T16:01:41.074+02:00,1000,1024,1024,1056,94,490,2,5061,0,433,0,1.5705,0.4148,0.196,2.2621,0.6797,0.7611,1.502,1.538,2.436,49.13,49.13,49.11,2.223,0.5906,0.2668,147.41,99.98,147.18,0.0693,0.045,0.0309,44.07,147.31,98.33,0.0627,0.0278,0.0236,16000,1024,767.67,0.8841,0.1039,0.0097,0.0023
2026-08-28T16:02:11.078+02:00,1000,1024,1024,1056,94,490,0,5061,0,433,0,1.5645,0.4178,0.1933,2.2526,0.662,0.6373,1.5,1.527,1.911,49.15,49.15,49.13,2.2618,0.5989,0.2692,147.38,99.94,147.45,0.0623,0.0506,0.0415,99.9,147.6,98.78,0.0181,0.0358,0.0278,16000,1024,568.97,0.8466,0.1335,0.016,0.0039
2026-08-28T16:02:41.075+02:00,1000,1024,1024,1056,94,490,0,5061,0,433,0,1.5814,0.4174,0.1927,2.2952,0.6841,0.3708,1.498,1.53,1.74,49.14,49.15,49.15,2.2843,0.5959,0.2699,147.35,100.06,147.34,0.0642,0.0537,0.0346,100.11,147.33,98.06,0.0166,0.0324,0.0196,16000,1024,664.56,0.9275,0.0599,0.0103,0.0023
2026-08-28T16:03:11.079+02:00,1000,1024,1024,1056,94,490,2,5063,0,433,0,1.5563,0.4192,0.1914,2.3016,0.6879,0.3871,1.508,1.543,1.808,49.17,49.17,49.18,2.2564,0.6056,0.2712,147.49,100.09,147.36,0.0651,0.0447,0.0368,100.16,147.36,99.03,0.0203,0.0319,0.0209,16000,1024,762.69,0.8506,0.1379,0.0093,0.0021
2026-08-28T16:03:41.079+02:00,1000,1024,1024,1056,94,490,1,5064,0,433,0,1.557,0.4215,0.1944,2.3034,0.6819,0.7155,1.507,1.541,2.03,49.17,49.16,49.12,2.2508,0.602,0.2683,147.41,100.02,147.37,0.0636,0.05,0.0443,99.89,147.52,98.55,0.0175,0.0341,0.0231,16000,1024,514.35,0.8578,0.1235,0.0156,0.0031
2026-08-28T16:04:11.075+02:00,1000,1024,1024,1056,94,490,0,5064,0,433,0,1.5698,0.4207,0.191,2.3096,0.6764,0.369,1.503,1.526,1.762,49.1,49.1,49.1,2.2519,0.5996,0.2686,147.27,99.92,147.23,0.0654,0.0497,0.0328,44.43,147.3,100.12,0.0369,0.0299,0.0243,16000,1024,697.35,0.9211,0.071,0.0058,0.0021
2026-08-28T16:04:41.076+02:00,1000,1024,1024,1056,94,490,2,5066,0,433,0,1.5543,0.4222,0.197,2.2877,0.6725,1.0576,1.506,1.541,3.077,49.16,49.16,49.15,2.072,0.5506,0.2371,44.43,44.43,53.74,0.2051,0.0719,0.0349,53.66,39.55,9.98,0.2001,0.0617,0.0325,16000,1024,574.2,0.8884,0.0957,0.012,0.0039
2026-08-28T16:05:11.078+02:00,1000,1024,1024,1056,94,490,13,5079,0,433,0,1.5444,0.4159,0.1948,2.4388,0.6666,0.8315,1.529,1.562,2.91,49.19,49.15,49.17,1.4881,0.3968,0.1764,29.74,29.56,29.67,0.559,0.1553,0.0708,37.07,6.52,37.11,0.3955,0.1291,0.0435,16000,1024,674.54,0.9456,0.0484,0.0049,0.0011
2026-08-28T16:05:41.075+02:00,1000,1024,1024,1056,94,490,6,5085,0,433,0,1.5653,0.4184,0.1904,2.5276,0.6728,0.3706,1.517,1.537,1.794,49.09,49.1,49.11,1.7354,0.4647,0.2036,23.87,16.84,33.78,0.4002,0.0933,0.0506,33.89,33.61,16.82,0.3737,0.0935,0.041,16000,1024,775.17,0.9177,0.076,0.005,0.0014
2026-08-28T16:06:11.076+02:00,1000,1024,1024,1056,94,490,2,5087,0,433,0,1.6004,0.4162,0.195,2.3379,0.6825,0.3776,1.493,1.551,1.744,49.11,49.1,49.12,2.1872,0.5735,0.2616,33.19,99.91,147.25,0.13,0.0452,0.0324,39.79,147.5,99.66,0.1284,0.0343,0.0213,16000,1024,794.14,0.9195,0.0699,0.009,0.0017
2026-08-28T16:06:41.076+02:00,1000,1024,1024,1056,94,490,1,5088,0,433,0,1.5868,0.4202,0.198,2.3122,0.6783,0.8792,1.504,1.531,2.361,48.98,48.97,48.97,2.2013,0.5775,0.2606,53.8,99.93,146.98,0.1021,0.0417,0.0367,43.02,53.78,99.75,0.0933,0.0317,0.0234,16000,1024,1005.91,0.9394,0.0505,0.0084,0.0017
2026-08-28T16:07:11.077+02:00,1000,1024,1024,1056,94,491,0,5088,0,433,0,1.5801,0.4209,0.1911,2.3207,0.675,0.3753,1.493,1.536,1.768,49.14,49.14,49.12,2.2634,0.603,0.2644,147.36,99.91,147.36,0.0627,0.0495,0.0384,100.01,147.47,98.75,0.0206,0.034,0.0229,16000,1024,764.6,0.9563,0.0386,0.004,0.0011
2026-08-28T16:07:41.077+02:00,1000,1024,1024,1056,94,492,42,5130,36,469,0,1.5814,0.4262,0.2479,2.3031,0.7983,0.9314,1.493,1.575,4.218,49.14,49.14,49.13,2.2742,0.6143,0.2903,147.4,100.09,419.81,0.0696,0.0617,0.0476,100.01,147.2,99.23,0.0198,0.0406,0.0497,16000,1024,668.51,0.889,0.0993,0.0099,0.0019
2026-08-28T16:08:11.079+02:00,1000,1024,1024,1056,94,492,24,5154,0,469,0,1.5419,0.4133,0.2082,2.5206,0.691,0.9314,1.576,1.573,3.274,48.97,48.96,48.98,1.3124,0.3197,0.1598,39.65,39.75,39.55,0.6933,0.1611,0.0837,14.59,27.55,14.93,0.3933,0.1227,0.0547,16000,1024,781.26,0.9484,0.0465,0.0038,0.0014
2026-08-28T16:08:41.097+02:00,1000,1024,1041,1074,94,492,3,5157,0,469,0,1.5746,0.4113,0.3249,2.3395,0.6989,1.0886,1.498,1.575,4.709,49.13,49.14,49.12,2.1934,0.5767,0.2705,40.46,100.07,481.58,0.0753,0.0478,0.1094,31.08,147.14,205.22,0.0748,0.0276,0.0939,16000,1024,527.55,0.8403,0.1463,0.0107,0.0027
2026-08-28T16:09:11.080+02:00,1000,1024,1024,1056,94,493,0,5157,0,469,0,1.5822,0.4178,0.1936,2.2885,0.6767,0.3892,1.5,1.531,1.749,49.04,49.03,49.04,2.2421,0.59,0.2682,147.04,99.75,147.12,0.0596,0.0468,0.0367,54.25,147.3,99.57,0.0436,0.0263,0.0259,16000,1024,690.81,0.9444,0.0467,0.0062,0.0027
2026-08-28T16:09:41.081+02:00,1000,1024,1024,1056,94,493,2,5159,0,469,0,1.584,0.416,0.1977,2.3398,0.6892,0.8817,1.504,1.551,2.362,49.14,49.16,49.17,2.1392,0.5664,0.2659,40.29,100.13,147.51,0.1878,0.0476,0.0305,31.15,31.05,29.06,0.1636,0.0424,0.0221,16000,1024,515.6,0.8129,0.169,0.0148,0.0034
2026-08-28T16:10:11.080+02:00,1000,1024,1024,1056,94,494,1,5160,0,469,0,1.572,0.4225,0.2015,2.2957,0.6703,1.0558,1.496,1.535,3.113,49.18,49.19,49.16,2.1854,0.5922,0.2677,36.78,99.93,147.27,0.13,0.0524,0.0256,24.74,147.38,100.35,0.1291,0.0365,0.0248,16000,1024,544.0,0.8832,0.1007,0.0123,0.0038
2026-08-28T16:10:41.079+02:00,1000,1024,1024,1056,94,494,2,5162,0,469,0,1.5888,0.4212,0.1982,2.4723,0.6849,0.3946,1.507,1.534,1.791,49.17,49.16,49.17,2.2285,0.5915,0.2691,53.72,100.09,147.33,0.1017,0.0559,0.0356,30.54,147.27,24.12,0.0931,0.0306,0.0239,16000,1024,573.03,0.8641,0.1194,0.0135,0.003
2026-08-28T16:11:11.082+02:00,1000,1024,1024,1056,94,494,23,5185,18,487,0,1.5906,0.4209,0.2283,2.3869,0.6772,0.9273,1.501,1.542,3.83,49.11,49.11,49.11,2.1916,0.5703,0.2645,36.25,99.99,31.55,0.1146,0.0492,0.0406,43.68,36.83,499.45,0.1142,0.0404,0.0422,16000,1024,666.78,0.9257,0.0649,0.0073,0.0021
2026-08-28T16:11:41.082+02:00,1000,1024,1024,1056,94,494,0,5185,0,487,0,1.5785,0.4222,0.1941,2.3027,0.6864,0.4012,1.503,1.541,1.774,49.16,49.16,49.16,2.2763,0.6035,0.2728,147.43,100.09,147.34,0.0609,0.0513,0.0265,100.1,147.65,100.12,0.0193,0.0351,0.0259,16000,1024,494.13,0.8535,0.131,0.0126,0.0029
2026-08-28T16:12:11.081+02:00,1000,1024,1024,1056,94,494,7,5192,7,494,0,1.5844,0.4201,0.2136,2.3123,0.676,1.0607,1.498,1.559,4.133,49.15,49.15,49.17,2.29,0.6048,0.2885,147.4,100.09,98.21,0.0586,0.0561,0.0294,100.27,147.26,34.03,0.0216,0.036,0.0239,16000,1024,726.2,0.9185,0.0734,0.0063,0.0018
2026-08-28T16:12:41.081+02:00,1000,1024,1024,1056,94,494,1,5193,0,494,0,1.5789,0.4215,0.2059,2.6688,0.6606,0.9321,1.503,1.541,2.856,49.09,49.1,49.07,2.2227,0.5881,0.2824,53.83,99.88,147.27,0.0959,0.0483,0.0279,43.94,147.33,99.42,0.0847,0.0305,0.0252,16000,1024,636.52,0.8397,0.1386,0.0189,0.0027
2026-08-28T16:13:11.081+02:00,1000,1024,1024,1056,94,494,11,5204,0,494,0,0.0279,0.0221,0.0961,0.0904,0.0822,0.884,3.125,3.31,44.736,5.91,107.44,5.8,0.015,0.0069,0.0289,68.96,25.38,24.74,0.0092,0.0069,0.0276,97.8,119.29,253.77,0.0077,0.0062,0.0254,16000,1024,1700.25,0.9726,0.0219,0.0044,0.001
2026-08-28T16:13:41.083+02:00,1000,1024,1024,1056,94,495,0,5204,0,494,0,0.0238,0.0202,0.032,0.0759,0.0575,0.093,2.851,2.757,2.821,86.78,7.16,46.02,0.0075,0.0073,0.01,68.73,83.16,180.66,0.0071,0.0065,0.0087,251.15,102.4,174.79,0.0069,0.0057,0.0082,16000,1024,497.64,0.9652,0.0279,0.0061,0.0008
2026-08-28T16:14:11.084+02:00,1000,1024,1024,1056,94,495,117,5321,0,494,0,0.0261,0.0222,0.1126,0.083,0.0799,1.255,3.018,3.001,39.944,53.32,70.47,118.21,0.0098,0.0074,0.0309,123.39,92.89,24.56,0.008,0.0073,0.0276,79.3,18.38,234.66,0.0075,0.0066,0.0279,16000,1024,439.05,0.9466,0.0457,0.0067,0.0011
2026-08-28T16:14:41.084+02:00,1000,1024,1024,1056,94,496,1,5322,0,494,0,0.025,0.0206,0.0338,0.0868,0.0729,0.1076,2.906,3.169,2.821,170.56,29.18,97.36,0.0084,0.0065,0.0107,37.6,18.3,44.32,0.0083,0.0064,0.0096,45.26,67.87,176.54,0.0078,0.0065,0.0092,16000,1024,335.54,0.9108,0.0754,0.012,0.0018
2026-08-28T16:15:11.084+02:00,1000,1024,1024,1056,94,496,3,5325,0,494,0,0.0245,0.0215,0.0501,0.0793,0.0696,0.7681,2.974,2.727,107.428,172.16,47.8,50.03,0.0083,0.0076,0.0165,127.98,111.0,27.35,0.0078,0.0062,0.0162,99.57,62.37,136.83,0.0061,0.0058,0.0158,16000,1024,578.16,0.9567,0.0323,0.0101,0.0009
2026-08-28T16:15:41.085+02:00,1000,1024,1024,1056,94,496,0,5325,0,494,0,0.0229,0.0212,0.0322,0.0759,0.0727,0.1278,2.982,3.179,3.328,123.9,59.46,108.83,0.0068,0.006,0.0107,15.63,89.8,149.75,0.0064,0.0059,0.0094,31.9,98.91,156.78,0.0067,0.006,0.0092,16000,1024,506.61,0.9263,0.0625,0.0096,0.0016
2026-08-28T16:16:11.090+02:00,1000,1024,1024,1056,94,497,2,5327,0,494,0,0.0238,0.0222,0.0496,0.0928,0.0875,0.7628,3.175,2.908,112.723,139.37,91.78,133.74,0.0067,0.0077,0.0203,5.17,27.1,115.82,0.0065,0.0066,0.0166,92.59,154.6,71.75,0.0062,0.0067,0.0171,16000,1024,469.84,0.9761,0.0167,0.0065,0.0008
2026-08-28T16:16:41.084+02:00,1000,1024,1024,1056,94,497,0,5327,0,494,0,0.0236,0.0204,0.0285,0.0796,0.0655,0.0923,3.049,2.86,2.892,70.09,43.85,125.93,0.0099,0.0069,0.0098,5.67,173.95,224.77,0.0066,0.0065,0.0089,281.3,225.18,146.56,0.0063,0.0064,0.0077,16000,1024,176.84,0.7431,0.2003,0.0495,0.007
2026-08-28T16:17:11.085+02:00,1000,1024,1024,1056,94,497,1,5328,0,494,0,0.024,0.0216,0.0482,0.0808,0.0606,0.7664,2.959,2.623,122.817,214.85,18.54,160.28,0.0083,0.0062,0.0132,30.67,110.45,67.98,0.0087,0.006,0.0131,131.21,71.68,39.75,0.0081,0.0061,0.0107,16000,1024,486.56,0.9369,0.0525,0.0091,0.0015
2026-08-28T16:17:41.085+02:00,1000,1024,1024,1056,94,498,0,5328,0,494,0,0.0237,0.0208,0.0592,0.0818,0.0702,0.7651,2.949,2.976,102.025,195.78,79.13,56.48,0.0107,0.0063,0.0181,236.62,136.68,137.63,0.0073,0.006,0.0156,64.91,55.96,27.21,0.0077,0.0058,0.0152,16000,1024,457.17,0.8466,0.1428,0.0092,0.0014
2026-08-28T16:18:11.087+02:00,1000,1024,1024,1056,94,498,2,5330,0,494,0,0.0231,0.0206,0.0463,0.0687,0.0801,0.7544,2.824,3.16,139.107,37.16,120.79,88.63,0.0073,0.0072,0.0128,63.79,76.78,37.05,0.0074,0.0072,0.0116,57.44,164.14,139.75,0.0067,0.0057,0.0112,16000,1024,368.93,0.9096,0.0794,0.0099,0.0011
2026-08-28T16:18:41.086+02:00,1000,1024,1024,1056,94,498,0,5330,0,494,0,0.0236,0.02,0.0558,0.0769,0.0671,0.7502,2.958,3.204,89.504,94.94,177.98,111.62,0.0074,0.0063,0.0147,134.08,43.57,72.44,0.0074,0.0064,0.0141,232.8,122.73,9.31,0.0065,0.006,0.0145,16000,1024,649.0,0.9589,0.037,0.0036,0.0005
2026-08-28T16:19:11.087+02:00,1000,1024,1024,1056,94,498,0,5330,0,494,0,0.0232,0.0216,0.0494,0.0845,0.0728,0.7688,2.965,3.247,116.028,69.67,26.62,39.47,0.01,0.0066,0.0131,191.32,40.18,2.26,0.007,0.0063,0.0104,105.15,12.63,70.12,0.007,0.0062,0.0092,16000,1024,414.85,0.9348,0.0534,0.0105,0.0013
2026-08-28T16:19:41.091+02:00,1000,1024,1024,1056,94,499,4,5334,0,494,0,0.0238,0.0213,0.0492,0.0764,0.0698,0.7733,3.257,2.862,120.69,68.31,99.69,82.78,0.0084,0.0064,0.0096,157.16,128.0,55.62,0.0072,0.0057,0.0082,77.43,159.42,13.73,0.0075,0.0058,0.0077,16000,1024,280.11,0.8719,0.1013,0.0239,0.0029
2026-08-28T16:20:11.088+02:00,1000,1024,1024,1056,94,499,0,5334,0,494,0,0.0232,0.0209,0.0317,0.0744,0.0831,0.0935,2.996,3.17,2.678,146.24,57.26,13.54,0.0079,0.0072,0.0106,95.29,77.64,156.44,0.0078,0.0073,0.0096,46.5,5.21,215.83,0.0076,0.0065,0.0088,16000,1024,412.03,0.9615,0.0305,0.0069,0.001
2026-08-28T16:20:41.089+02:00,1000,1024,1024,1056,94,500,2,5336,0,494,0,0.022,0.0205,0.0319,0.0757,0.0747,0.1067,2.933,3.039,3.272,37.69,2.49,6.69,0.0068,0.01,0.0094,53.71,155.12,35.09,0.0065,0.0083,0.009,71.55,248.28,197.18,0.0062,0.0066,0.0088,16000,1024,324.46,0.9422,0.0476,0.0089,0.0014
2026-08-28T16:21:11.093+02:00,1000,1024,1025,1057,94,500,1,5337,0,494,0,0.0233,0.022,0.048,0.0859,0.0751,0.7708,3.06,2.818,130.47,64.14,192.53,21.59,0.0092,0.007,0.0095,163.96,36.64,145.49,0.0079,0.007,0.0086,85.27,11.36,53.36,0.0074,0.0068,0.0085,16000,1024,574.2,0.971,0.0238,0.0044,0.0007
2026-08-28T16:21:41.089+02:00,1000,1024,1024,1056,94,501,0,5337,0,494,0,0.0231,0.0218,0.0302,0.0684,0.0672,0.0929,2.745,2.832,2.68,108.57,82.41,36.18,0.0072,0.0076,0.0105,69.68,99.56,128.62,0.0073,0.0061,0.0084,142.49,34.46,164.36,0.0062,0.0061,0.0083,16000,1024,365.48,0.942,0.0467,0.01,0.0013
2026-08-28T16:22:11.088+02:00,1000,1024,1024,1056,94,501,116,5453,0,494,0,0.0232,0.0223,0.1467,0.0803,0.07,1.2473,3.027,3.063,20.283,32.35,152.37,198.8,0.0074,0.008,0.0515,2.71,13.29,89.76,0.0072,0.0068,0.0467,14.63,26.3,109.36,0.0069,0.0058,0.0422,16000,1024,537.89,0.9786,0.0154,0.0054,0.0006
2026-08-28T16:22:41.090+02:00,1000,1024,1024,1056,94,501,1,5454,0,494,0,0.0249,0.0216,0.0488,0.0865,0.0741,0.763,3.095,3.086,110.888,91.65,184.96,51.57,0.0084,0.0076,0.0123,71.2,86.63,92.16,0.007,0.0069,0.0135,42.69,46.09,139.18,0.0069,0.0064,0.0127,16000,1024,739.27,0.9798,0.0161,0.0038,0.0003
2026-08-28T16:23:11.089+02:00,1000,1024,1024,1056,94,501,0,5454,0,494,0,0.0242,0.0209,0.0318,0.0888,0.0669,0.1115,3.066,2.722,2.996,35.08,5.41,31.32,0.007,0.0069,0.0105,122.13,136.21,131.67,0.007,0.0056,0.01,227.0,193.72,84.29,0.007,0.0055,0.0101,16000,1024,510.01,0.9392,0.0478,0.0114,0.0016
2026-08-28T16:23:41.089+02:00,1000,1024,1024,1056,94,501,0,5454,0,494,0,0.0232,0.0212,0.047,0.089,0.0874,0.7418,3.234,3.15,117.831,38.29,94.91,37.4,0.0071,0.0074,0.0117,108.33,48.18,88.31,0.0069,0.0074,0.0115,71.52,54.87,132.88,0.0068,0.0068,0.0101,16000,1024,444.18,0.9322,0.0553,0.0113,0.0012
2026-08-28T16:24:11.090+02:00,1000,1024,1024,1056,94,501,1,5455,0,494,0,0.0232,0.0209,0.0303,0.0725,0.0805,0.1191,2.839,3.008,3.326,74.37,139.38,31.34,0.0089,0.0066,0.0108,93.86,23.73,12.54,0.0063,0.0065,0.0101,166.32,172.43,7.31,0.0064,0.0064,0.0085,16000,1024,293.52,0.9128,0.0629,0.0215,0.0028
2026-08-28T16:24:41.090+02:00,1000,1024,1024,1056,94,503,5,5460,0,494,0,0.0244,0.0214,0.0337,0.0686,0.0733,0.1106,2.785,2.89,3.268,49.72,191.12,58.46,0.0096,0.0064,0.0106,31.9,104.23,7.48,0.0089,0.0059,0.0106,62.62,26.93,25.41,0.0082,0.0066,0.0103,16000,1024,333.58,0.8157,0.1508,0.0311,0.0025
2026-08-28T16:25:11.093+02:00,1000,1024,1024,1056,94,503,2,5462,0,494,0,0.0237,0.0208,0.0701,0.087,0.0646,0.8752,3.326,2.831,84.395,56.18,132.25,106.72,0.0074,0.0067,0.0243,163.05,274.86,41.37,0.0065,0.0061,0.0246,7.4,42.97,144.17,0.0067,0.0057,0.0241,16000,1024,324.63,0.927,0.0486,0.0213,0.0032
2026-08-28T16:25:41.092+02:00,1000,1024,1024,1056,94,503,2,5464,0,494,0,0.0228,0.0213,0.0771,0.0731,0.0844,0.7591,2.889,3.064,59.026,25.49,273.35,46.85,0.0072,0.0065,0.0175,67.41,132.57,60.08,0.0063,0.0059,0.0192,77.04,207.73,73.36,0.0058,0.0059,0.0167,16000,1024,386.51,0.9539,0.0373,0.0077,0.0011
2026-08-28T16:26:11.093+02:00,1000,1024,1024,1056,94,503,0,5464,0,494,0,0.0237,0.0207,0.0475,0.0714,0.0733,0.7197,2.741,3.02,101.626,1.96,43.3,30.32,0.0096,0.0067,0.0121,46.01,17.41,97.78,0.0078,0.0059,0.0106,131.16,221.99,24.19,0.0069,0.0058,0.0101,16000,1024,294.14,0.8681,0.1016,0.0266,0.0036
2026-08-28T16:26:41.093+02:00,1000,1024,1024,1056,94,503,1,5465,0,494,0,0.0218,0.0213,0.0453,0.0666,0.0706,0.6772,2.588,3.068,99.302,115.7,83.3,144.17,0.0081,0.0081,0.0135,25.89,15.76,91.18,0.0065,0.0058,0.0106,43.17,130.3,119.36,0.0063,0.0056,0.0106,16000,1024,365.43,0.9448,0.0351,0.0173,0.0028
2026-08-28T16:27:11.093+02:00,1000,1024,1024,1056,94,503,119,5584,0,494,0,0.0233,0.0208,0.1,0.1033,0.0573,1.2376,3.948,2.704,52.477,36.22,86.73,10.66,0.0078,0.0085,0.0213,59.94,62.78,373.81,0.0078,0.0066,0.0214,64.45,131.31,196.45,0.0069,0.0062,0.0204,16000,1024,402.31,0.9547,0.0372,0.0071,0.001
2026-08-28T16:27:41.094+02:00,1000,1024,1024,1056,94,503,2,5586,0,494,0,0.024,0.0239,0.1061,0.0848,0.1223,1.0623,3.234,5.286,44.821,46.53,53.73,8.68,0.0105,0.0076,0.0268,60.03,26.5,42.77,0.0078,0.0067,0.0244,3.35,158.9,68.35,0.0086,0.0065,0.0241,16000,1024,437.27,0.9476,0.0428,0.0083,0.0013
2026-08-28T16:28:11.094+02:00,1000,1024,1024,1056,94,503,1,5587,0,494,0,0.0228,0.0213,0.0307,0.0719,0.0814,0.1147,2.948,3.152,3.068,117.6,147.76,199.44,0.0075,0.009,0.0094,48.46,23.7,101.29,0.0074,0.0073,0.0097,172.79,70.49,162.53,0.0064,0.0061,0.0092,16000,1024,400.61,0.9651,0.0243,0.0095,0.0011
2026-08-28T16:28:41.093+02:00,1000,1024,1024,1056,94,504,0,5587,0,494,0,0.0239,0.0194,0.0467,0.0786,0.0591,0.7094,3.069,2.774,104.007,64.56,84.38,34.99,0.0071,0.0079,0.0158,12.96,108.76,217.84,0.0068,0.0072,0.0138,46.47,19.65,116.89,0.0064,0.0062,0.0139,16000,1024,335.19,0.8753,0.102,0.0188,0.0039
2026-08-28T16:29:11.094+02:00,1000,1024,1024,1056,94,504,7,5594,0,494,0,0.0226,0.0207,0.072,0.0715,0.0812,0.7541,2.626,3.024,70.292,12.57,19.35,354.39,0.0085,0.007,0.0209,58.66,84.13,181.56,0.0082,0.0065,0.0207,113.22,173.88,1.46,0.0058,0.0057,0.0231,16000,1024,424.14,0.9451,0.0434,0.0103,0.0012
2026-08-28T16:29:41.094+02:00,1000,1024,1024,1056,94,504,3,5597,0,494,0,0.0232,0.0218,0.0472,0.0802,0.0776,0.7451,2.84,3.06,118.448,135.56,100.46,191.29,0.0063,0.0069,0.0104,17.64,80.5,45.03,0.0059,0.0075,0.0092,57.71,25.34,139.43,0.0058,0.0063,0.0091,16000,1024,534.91,0.9378,0.0552,0.0062,0.0008
2026-08-28T16:30:41.098+02:00,1000,1024,1024,1056,95,504,1,5599,0,494,0,0.022,0.0206,0.0472,0.0863,0.0669,0.6907,3.233,3.114,89.36,39.94,147.41,47.76,0.0077,0.0073,0.0139,206.18,135.64,35.4,0.0071,0.0061,0.0126,17.7,130.14,227.39,0.0058,0.0059,0.0096,16000,1024,560.88,0.9703,0.0218,0.0071,0.0008
2026-08-28T16:31:41.097+02:00,1000,1024,1024,1056,96,505,95,5695,0,494,0,0.0239,0.0197,0.1154,0.0765,0.076,1.194,3.195,3.107,32.67,61.87,18.68,56.06,0.0084,0.0062,0.041,165.15,31.53,311.22,0.0072,0.0062,0.0344,37.02,116.06,75.35,0.007,0.0061,0.0319,16000,1024,383.09,0.9496,0.0392,0.0097,0.0015
2026-08-28T16:32:11.097+02:00,1000,1024,1024,1056,96,505,3,5698,0,494,0,0.0224,0.0201,0.0594,0.0738,0.0798,0.7551,2.858,3.166,99.245,42.48,235.27,46.19,0.0073,0.0057,0.0202,239.71,70.15,97.29,0.0067,0.0055,0.0192,302.09,150.31,108.37,0.0059,0.0053,0.0188,16000,1024,439.84,0.9641,0.0217,0.0129,0.0013
2026-08-28T16:32:41.098+02:00,1000,1024,1024,1056,96,505,0,5698,0,494,0,0.023,0.0214,0.031,0.0776,0.065,0.1054,2.696,2.859,2.797,52.31,200.71,77.48,0.0089,0.0068,0.0106,60.17,11.22,177.78,0.0085,0.0071,0.0101,95.34,67.28,230.24,0.0068,0.0053,0.0088,16000,1024,538.1,0.9597,0.0296,0.0093,0.0014
2026-08-28T16:33:11.098+02:00,1000,1024,1024,1056,96,505,5,5703,0,494,0,0.0249,0.0237,0.1094,0.0795,0.1028,0.7978,2.891,4.12,33.853,25.78,2.78,359.59,0.0102,0.0081,0.0375,55.73,149.83,2.37,0.0094,0.0083,0.0381,32.08,47.61,7.23,0.0079,0.0077,0.0361,16000,1024,414.55,0.9434,0.0414,0.0137,0.0014
2026-08-28T16:33:41.097+02:00,1000,1024,1024,1056,96,505,1,5704,0,494,0,0.0239,0.0198,0.0475,0.0786,0.0584,0.748,3.126,2.647,118.951,46.33,190.8,31.09,0.0083,0.0076,0.0107,163.87,157.3,82.1,0.0078,0.0062,0.0098,56.42,115.97,115.74,0.0069,0.0062,0.0114,16000,1024,489.16,0.9681,0.0265,0.0048,0.0005
2026-08-28T16:34:11.098+02:00,1000,1024,1024,1056,96,506,0,5704,0,494,0,0.0219,0.0214,0.0495,0.0653,0.0669,0.7722,2.945,3.012,111.532,8.71,103.18,148.2,0.006,0.0079,0.0177,167.58,145.42,55.8,0.0067,0.0066,0.0171,125.7,115.22,45.5,0.0062,0.0059,0.0166,16000,1024,477.84,0.9756,0.0187,0.0049,0.0008
2026-08-28T16:34:41.100+02:00,1000,1024,1024,1057,96,506,119,5823,0,494,0,0.0238,0.0219,0.0969,0.1079,0.0976,0.6164,3.23,3.658,28.706,13.7,61.3,12.93,0.0067,0.0079,0.0301,113.39,31.33,257.86,0.0067,0.0064,0.0286,49.91,91.92,137.9,0.0067,0.0063,0.0286,16000,1024,440.19,0.9375,0.051,0.0101,0.0014
2026-08-28T16:35:11.098+02:00,1000,1024,1024,1056,96,506,4,5827,0,494,0,0.0243,0.0229,0.0861,0.0956,0.0972,1.0703,3.098,3.844,81.685,11.63,26.2,15.73,0.0087,0.0076,0.0245,2.98,81.81,66.27,0.0086,0.007,0.024,201.6,49.81,49.75,0.0074,0.0061,0.0233,16000,1024,464.37,0.9753,0.0187,0.005,0.001
2026-08-28T16:35:41.100+02:00,1000,1024,1024,1056,96,506,1,5828,0,494,0,0.0236,0.0217,0.0465,0.0741,0.0928,0.7143,2.913,3.416,106.488,25.72,76.55,99.76,0.0074,0.0072,0.0113,117.54,217.06,32.93,0.0071,0.0069,0.0101,80.81,17.85,69.99,0.0067,0.0066,0.0101,16000,1024,547.11,0.969,0.0213,0.0088,0.0009
2026-08-28T16:36:11.099+02:00,1000,1024,1024,1056,96,506,0,5828,0,494,0,0.0238,0.0202,0.0321,0.0879,0.0638,0.122,2.906,2.993,3.142,86.34,24.35,70.48,0.0088,0.0058,0.0116,130.78,30.85,6.66,0.0076,0.0059,0.0109,51.47,80.16,193.03,0.0068,0.0055,0.0098,16000,1024,528.86,0.9845,0.0113,0.0036,0.0005
2026-08-28T16:36:41.101+02:00,1000,1024,1024,1056,96,507,0,5828,0,494,0,0.0236,0.0219,0.0427,0.0733,0.0783,0.6051,2.91,2.804,81.688,44.99,49.35,120.81,0.0101,0.0076,0.01,12.84,84.49,182.88,0.009,0.0059,0.0089,34.34,66.27,85.77,0.007,0.0055,0.0085,16000,1024,550.21,0.9619,0.0321,0.0052,0.0009
2026-08-28T16:37:11.101+02:00,1000,1024,1024,1056,96,507,1,5829,0,494,0,0.0244,0.0203,0.0321,0.0836,0.0682,0.1078,2.984,3.002,2.848,15.28,73.25,65.52,0.0087,0.0073,0.0106,173.77,9.23,6.54,0.0068,0.0084,0.0103,83.91,160.48,41.06,0.0067,0.0066,0.0096,16000,1024,538.09,0.9637,0.0273,0.008,0.0009
2026-08-28T16:37:41.101+02:00,1000,1024,1024,1056,96,507,0,5829,0,494,0,0.0235,0.0211,0.0316,0.0836,0.0686,0.1052,3.055,3.022,2.952,36.52,57.02,3.66,0.0089,0.0069,0.0105,9.82,103.26,172.51,0.0077,0.0065,0.0092,128.85,156.26,152.09,0.0063,0.0063,0.0084,16000,1024,741.24,0.9774,0.018,0.004,0.0006
2026-08-28T16:38:11.102+02:00,1000,1024,1024,1056,96,508,6,5835,0,494,0,0.0237,0.0224,0.0326,0.0904,0.0646,0.1001,3.108,2.828,2.959,78.18,79.0,15.4,0.0082,0.0074,0.0106,51.56,16.71,106.86,0.008,0.0073,0.0097,28.93,101.55,23.25,0.0078,0.006,0.009,16000,1024,1035.25,0.9833,0.0109,0.0052,0.0006
2026-08-28T16:38:41.119+02:00,1000,1024,1041,1073,96,509,2,5837,0,494,0,0.0226,0.0204,0.0311,0.0731,0.0622,0.0992,2.863,2.845,2.729,51.45,157.33,47.68,0.0094,0.007,0.0087,7.91,63.41,11.37,0.0063,0.0058,0.0092,37.76,123.33,26.7,0.0061,0.0056,0.0084,16000,1024,539.41,0.959,0.0311,0.0088,0.0011
2026-08-28T16:39:11.105+02:00,1000,1024,1024,1056,96,509,117,5954,0,494,0,0.0229,0.0222,0.0763,0.0751,0.0774,0.6362,2.871,3.105,43.223,136.6,73.93,213.52,0.0074,0.007,0.0226,39.48,82.67,249.62,0.0077,0.0069,0.0224,14.35,149.36,117.82,0.0066,0.0058,0.0206,16000,1024,420.0,0.9529,0.0286,0.0166,0.0019
2026-08-28T16:39:41.103+02:00,1000,1024,1024,1056,96,510,3,5957,0,494,0,0.024,0.0227,0.0619,0.0849,0.0818,0.8228,3.146,2.972,101.758,65.03,91.25,26.55,0.0089,0.0077,0.014,49.63,114.44,31.63,0.0078,0.0057,0.014,217.36,24.02,42.44,0.0082,0.0057,0.0133,16000,1024,363.89,0.9634,0.0259,0.0092,0.0015
2026-08-28T16:40:11.104+02:00,1000,1024,1024,1056,96,510,2,5959,0,494,0,0.0226,0.021,0.0589,0.0993,0.0704,0.7275,3.788,3.013,91.498,43.99,10.68,10.09,0.0086,0.0066,0.0156,64.38,60.05,40.27,0.0065,0.0074,0.0142,82.39,103.95,60.54,0.0063,0.0063,0.0138,16000,1024,434.79,0.937,0.0459,0.0155,0.0016
2026-08-28T16:40:41.102+02:00,1000,1024,1024,1056,96,510,1,5960,0,494,0,0.0232,0.0212,0.0328,0.0714,0.0684,0.0991,2.929,3.016,2.927,10.03,59.25,87.47,0.0077,0.0067,0.0117,84.36,41.42,231.56,0.0076,0.0064,0.0097,67.28,115.36,157.14,0.0064,0.0055,0.0096,16000,1024,275.6,0.8744,0.1026,0.0205,0.0025
2026-08-28T16:41:11.104+02:00,1000,1024,1024,1056,96,510,114,6074,0,494,0,0.0226,0.0209,0.0944,0.0791,0.0668,0.6702,3.411,2.92,31.644,150.18,15.04,395.33,0.0075,0.0079,0.0331,46.11,105.57,237.35,0.0072,0.0066,0.032,241.79,86.86,35.9,0.0066,0.0063,0.033,16000,1024,579.89,0.9793,0.0142,0.0058,0.0007
2026-08-28T16:41:41.103+02:00,1000,1024,1024,1056,96,510,92,6166,0,494,0,0.0219,0.0216,0.0944,0.0765,0.0673,0.7387,2.94,2.905,31.481,104.06,122.01,211.84,0.0071,0.0067,0.0297,49.13,95.34,62.62,0.0059,0.0069,0.0267,157.68,68.54,487.39,0.0059,0.0061,0.0259,16000,1024,474.45,0.9794,0.0148,0.0051,0.0007
2026-08-28T16:42:11.105+02:00,1000,1024,1024,1056,96,510,102,6268,0,494,0,0.025,0.0207,0.0884,0.0825,0.0775,0.8912,3.097,3.286,45.364,52.76,108.97,16.65,0.0072,0.008,0.0186,82.46,5.01,175.48,0.0086,0.0076,0.0185,21.45,151.16,28.4,0.0066,0.0057,0.0176,16000,1024,507.86,0.9745,0.0173,0.0075,0.0007
2026-08-28T16:42:41.105+02:00,1000,1024,1024,1056,96,510,6,6274,0,494,0,0.0242,0.0218,0.0593,0.0785,0.0847,0.7487,2.744,3.45,86.218,218.01,80.23,143.41,0.007,0.0064,0.012,88.87,176.83,88.96,0.0068,0.0058,0.0107,77.04,4.83,228.68,0.0064,0.0058,0.0107,16000,1024,640.23,0.9588,0.0329,0.0074,0.0009
2026-08-28T16:43:11.106+02:00,1000,1024,1024,1056,96,510,0,6274,0,494,0,0.0238,0.0208,0.0308,0.0766,0.0628,0.1084,3.076,2.974,2.79,73.15,52.97,19.76,0.0072,0.0075,0.0088,57.19,10.62,90.88,0.007,0.0072,0.0082,287.05,86.62,5.41,0.0063,0.0062,0.0081,16000,1024,415.03,0.9403,0.0463,0.0121,0.0012
2026-08-28T16:43:41.123+02:00,1000,1024,1040,1073,96,511,101,6375,0,494,0,0.0242,0.0204,0.0712,0.091,0.0663,0.8982,2.798,2.976,75.131,39.85,152.29,112.15,0.0073,0.0065,0.0167,173.54,133.48,31.13,0.0072,0.0066,0.0158,125.02,5.85,2.32,0.0068,0.0057,0.0164,16000,1024,519.27,0.9646,0.0286,0.006,0.0009
2026-08-28T16:44:41.107+02:00,1000,1024,1024,1056,97,511,0,6377,0,494,0,0.0217,0.0206,0.0294,0.0743,0.0902,0.0862,3.084,3.256,2.878,10.56,55.76,54.69,0.0081,0.0071,0.0085,175.11,76.42,10.71,0.0081,0.007,0.0081,56.73,104.3,105.21,0.006,0.0065,0.0081,16000,1024,482.5,0.9633,0.0283,0.0075,0.0009
2026-08-28T16:45:11.107+02:00,1000,1024,1024,1056,97,511,84,6461,0,494,0,0.0258,0.0203,0.0835,0.1049,0.0691,0.6284,3.285,3.319,36.67,21.87,19.26,4.9,0.0097,0.0069,0.0217,120.96,121.68,207.01,0.0085,0.0064,0.0205,126.48,13.57,67.15,0.0085,0.0057,0.0201,16000,1024,372.06,0.9485,0.0408,0.0097,0.001
2026-08-28T16:45:41.106+02:00,1000,1024,1024,1056,97,511,106,6567,0,494,0,0.0234,0.0209,0.0658,0.0684,0.0722,0.6084,2.744,3.232,54.243,41.94,46.01,172.27,0.0076,0.0063,0.0237,52.73,54.01,123.94,0.0074,0.0062,0.0215,192.88,23.17,424.63,0.0075,0.0058,0.0204,16000,1024,307.85,0.9553,0.0351,0.0082,0.0015
2026-08-28T16:46:11.107+02:00,1000,1024,1024,1056,97,512,2,6569,0,494,0,0.0236,0.0208,0.0612,0.1047,0.0703,0.7967,3.304,3.239,92.072,71.14,159.19,5.9,0.0075,0.0066,0.0125,65.23,186.1,61.21,0.0075,0.0067,0.013,178.79,41.89,108.93,0.0059,0.0059,0.0114,16000,1024,447.65,0.9459,0.0367,0.0154,0.002
2026-08-28T16:46:41.107+02:00,1000,1024,1024,1056,97,512,4,6573,0,494,0,0.0231,0.0223,0.032,0.0871,0.085,0.0999,3.116,3.233,2.746,186.81,94.15,56.77,0.0073,0.0067,0.0091,42.03,61.94,166.98,0.0069,0.006,0.0086,107.7,36.68,196.91,0.0069,0.0059,0.0095,16000,1024,468.46,0.951,0.0372,0.0102,0.0016
2026-08-28T16:47:11.108+02:00,1000,1024,1024,1056,97,512,2,6575,0,494,0,0.0248,0.0224,0.0436,0.1056,0.0861,0.6063,3.108,3.565,70.867,85.94,70.49,111.58,0.0077,0.0069,0.013,144.29,63.47,63.56,0.0078,0.0068,0.0121,28.04,19.08,132.72,0.0068,0.0072,0.0119,16000,1024,347.08,0.9388,0.0473,0.0126,0.0014
2026-08-28T16:47:41.108+02:00,1000,1024,1024,1056,97,512,6,6581,0,494,0,0.0237,0.0206,0.0329,0.0711,0.0595,0.1049,2.895,2.69,2.667,27.64,113.23,31.04,0.0071,0.0067,0.0161,60.44,10.73,18.39,0.0065,0.0066,0.0108,140.56,73.6,127.72,0.0065,0.0052,0.0087,16000,1024,457.11,0.9719,0.0188,0.0086,0.0007
2026-08-28T16:48:11.112+02:00,1000,1024,1024,1056,97,512,1,6582,0,494,0,0.0227,0.0228,0.0457,0.0778,0.0822,0.7359,3.259,2.935,122.929,120.68,105.36,93.71,0.0081,0.0063,0.0125,4.74,50.33,145.86,0.0076,0.0068,0.0128,205.03,7.67,63.97,0.0071,0.0059,0.0134,16000,1024,430.57,0.951,0.0398,0.008,0.0012
2026-08-28T16:48:41.110+02:00,1000,1024,1024,1056,97,512,0,6582,0,494,0,0.0232,0.0214,0.0414,0.0723,0.085,0.6279,2.809,3.437,102.337,190.39,120.22,42.17,0.0075,0.0066,0.0138,37.2,65.52,195.85,0.0069,0.0063,0.0135,222.41,96.51,147.43,0.0068,0.0059,0.0121,16000,1024,475.51,0.9599,0.0318,0.0073,0.001
2026-08-28T16:49:11.110+02:00,1000,1024,1024,1056,97,512,111,6693,0,494,0,0.0237,0.0217,0.0748,0.0812,0.0655,1.1937,3.449,2.817,112.601,67.09,39.98,50.07,0.0096,0.0065,0.0254,17.24,1.75,7.79,0.0076,0.006,0.0234,43.59,23.31,75.55,0.0076,0.0059,0.025,16000,1024,397.74,0.9625,0.0323,0.0045,0.0007
2026-08-28T16:49:41.111+02:00,1000,1024,1024,1056,97,512,24,6717,1,495,0,0.0275,0.0258,0.1415,0.1156,0.1031,0.9567,3.717,3.635,19.855,95.13,36.6,82.01,0.0103,0.0108,0.0514,26.05,59.44,214.38,0.0087,0.0068,0.0471,12.73,18.18,342.14,0.0083,0.0073,0.0464,16000,1024,646.9,0.974,0.0199,0.0056,0.0005
2026-08-28T16:50:11.113+02:00,1000,1024,1024,1056,97,512,0,6717,0,495,0,0.0236,0.0222,0.0337,0.0832,0.0808,0.1158,3.07,3.172,3.227,32.39,28.86,226.88,0.0081,0.0082,0.0107,67.05,85.17,9.77,0.0076,0.0073,0.0088,93.61,49.95,211.63,0.0071,0.0067,0.0084,16000,1024,392.15,0.9686,0.0237,0.0068,0.0009
2026-08-28T16:50:41.117+02:00,1000,1024,1024,1056,97,512,12,6729,0,495,0,0.0236,0.0214,0.1047,0.1091,0.0766,0.7094,3.558,3.154,30.696,38.86,80.35,79.83,0.0087,0.0095,0.0371,147.01,221.97,139.9,0.0082,0.0066,0.0346,24.12,152.14,219.62,0.0075,0.0057,0.0313,16000,1024,556.78,0.9248,0.0608,0.013,0.0014
2026-08-28T16:51:11.110+02:00,1000,1024,1024,1056,97,512,7,6736,0,495,0,0.0261,0.0216,0.0456,0.1002,0.076,0.6863,3.261,3.175,103.349,60.68,58.21,105.16,0.0096,0.0074,0.0117,68.58,129.89,67.86,0.0082,0.0066,0.0111,128.7,12.12,191.52,0.0071,0.0071,0.0104,16000,1024,379.88,0.87,0.0963,0.0313,0.0024
2026-08-28T16:51:41.111+02:00,1000,1024,1024,1056,97,512,3,6739,0,495,0,0.0248,0.022,0.0687,0.0944,0.1153,0.7524,3.158,3.78,75.391,16.91,123.65,16.62,0.0074,0.0056,0.0131,4.14,62.96,109.24,0.0072,0.0066,0.0123,43.92,87.18,42.77,0.0067,0.0054,0.0127,16000,1024,320.42,0.841,0.1321,0.0241,0.0028
2026-08-28T16:52:11.111+02:00,1000,1024,1024,1056,97,512,1,6740,0,495,0,0.0241,0.02,0.0327,0.0773,0.0671,0.1534,2.997,3.15,3.323,2.6,124.71,134.07,0.0101,0.0072,0.011,71.84,21.61,10.78,0.0087,0.0069,0.0094,83.03,16.17,65.81,0.0072,0.0071,0.0095,16000,1024,746.22,0.9856,0.0118,0.0023,0.0003
2026-08-28T16:52:41.112+02:00,1000,1024,1024,1056,97,512,120,6860,1,496,0,0.0234,0.0216,0.0525,0.0784,0.0652,0.6374,3.027,2.83,74.976,151.03,36.18,55.04,0.007,0.0072,0.0109,93.77,85.98,18.61,0.0064,0.0063,0.0092,227.59,75.08,197.48,0.0062,0.0054,0.0086,16000,1024,423.48,0.9554,0.0347,0.0089,0.001
2026-08-28T16:53:11.112+02:00,1000,1024,1024,1056,97,512,3,6863,0,496,0,0.0247,0.0216,0.0471,0.0804,0.083,0.709,3.037,3.336,100.692,2.33,191.08,31.39,0.0085,0.0064,0.0129,173.25,120.72,162.09,0.0081,0.0063,0.0125,37.12,36.22,145.68,0.0071,0.0057,0.0119,16000,1024,541.99,0.9621,0.0272,0.0092,0.0016
2026-08-28T16:53:41.114+02:00,1000,1024,1024,1056,97,512,1,6864,0,496,0,0.0238,0.0221,0.0426,0.0746,0.083,0.5999,2.924,3.213,79.252,37.01,126.35,62.63,0.0091,0.0083,0.0103,26.32,4.32,31.76,0.0072,0.0062,0.011,143.61,216.8,106.29,0.0065,0.0057,0.0087,16000,1024,399.89,0.8845,0.0978,0.0159,0.0018
2026-08-28T16:54:11.114+02:00,1000,1024,1024,1056,97,512,0,6864,0,496,0,0.0222,0.0193,0.032,0.077,0.0586,0.1294,3.269,2.665,3.363,20.38,62.41,49.9,0.0079,0.0063,0.0094,29.44,52.31,3.37,0.0061,0.0061,0.0111,178.56,145.84,66.49,0.0061,0.0053,0.0081,16000,1024,479.47,0.9016,0.074,0.0219,0.0026
2026-08-28T16:54:41.114+02:00,1000,1024,1024,1056,97,512,1,6865,0,496,0,0.0245,0.021,0.0323,0.0811,0.0637,0.1194,3.065,2.821,2.835,5.06,7.18,102.5,0.0082,0.0067,0.0105,78.93,146.82,39.24,0.0074,0.0065,0.0101,175.43,36.3,115.63,0.0068,0.0058,0.0089,16000,1024,481.97,0.9662,0.0278,0.0052,0.0007
2026-08-28T16:55:11.115+02:00,1000,1024,1024,1056,97,512,0,6865,0,496,0,0.0257,0.0212,0.0324,0.0794,0.0685,0.1115,3.054,2.88,3.051,75.87,159.32,94.7,0.0089,0.0062,0.0098,46.65,64.04,46.16,0.0067,0.0059,0.0098,96.68,28.58,27.45,0.0066,0.0055,0.0092,16000,1024,348.25,0.9223,0.0601,0.0158,0.0018
2026-08-28T16:55:41.115+02:00,1000,1024,1024,1056,97,512,0,6865,0,496,0,0.023,0.0206,0.0324,0.0756,0.0775,0.1024,3.053,3.177,3.098,177.58,12.79,46.81,0.0068,0.0067,0.0109,141.65,32.3,97.2,0.0062,0.0063,0.0105,242.5,123.77,90.21,0.0063,0.0063,0.0093,16000,1024,464.88,0.9747,0.0194,0.0051,0.0008
2026-08-28T16:56:11.116+02:00,1000,1024,1024,1056,97,512,2,6867,0,496,0,0.0223,0.0219,0.0619,0.1052,0.0876,0.679,3.664,3.198,70.982,75.2,49.05,280.2,0.0073,0.0086,0.0214,111.32,10.67,140.3,0.0064,0.006,0.0218,26.48,2.59,160.57,0.0063,0.0062,0.0224,16000,1024,382.16,0.9411,0.044,0.0135,0.0014
2026-08-28T16:56:41.115+02:00,1000,1024,1024,1056,97,512,103,6970,0,496,0,0.023,0.0196,0.0431,0.0853,0.064,0.6171,3.022,3.114,85.732,98.56,135.39,106.35,0.0082,0.0063,0.0161,3.13,79.84,30.72,0.0082,0.0056,0.0162,38.9,71.61,183.82,0.0067,0.0054,0.0139,16000,1024,563.03,0.98,0.014,0.0052,0.0008
2026-08-28T16:57:11.115+02:00,1000,1024,1024,1056,97,513,0,6970,0,496,0,0.0244,0.0205,0.0576,0.0743,0.0586,0.8093,2.655,2.726,98.101,33.27,151.85,31.93,0.0068,0.0074,0.0218,130.82,27.2,2.62,0.0066,0.0058,0.021,138.59,93.68,353.16,0.0065,0.0058,0.0191,16000,1024,740.41,0.9826,0.0138,0.0032,0.0004
2026-08-28T16:57:41.116+02:00,1000,1024,1024,1056,97,513,6,6976,0,496,0,0.0265,0.021,0.1129,0.1098,0.0761,0.8274,4.278,3.042,34.434,49.75,16.57,379.89,0.0096,0.006,0.0409,114.41,120.55,119.45,0.0075,0.0063,0.038,128.31,173.09,162.87,0.0074,0.0057,0.0343,16000,1024,358.95,0.9437,0.0427,0.0119,0.0017
2026-08-28T16:58:11.116+02:00,1000,1024,1024,1056,97,513,1,6977,1,497,0,1.4998,0.3848,0.1666,2.1419,0.6285,0.3276,1.475,1.547,1.706,49.17,49.18,49.17,2.1631,0.5542,0.2325,147.49,147.37,147.54,0.0573,0.0542,0.0249,99.98,100.11,99.18,0.0158,0.0486,0.0172,16000,1024,557.38,0.9135,0.0691,0.0092,0.0082
2026-08-28T16:58:41.116+02:00,1000,1024,1024,1056,97,513,3,6980,0,497,0,1.2117,0.4013,0.1484,1.7683,0.6546,0.4879,1.47,1.562,1.973,49.35,49.35,49.34,1.6719,0.5549,0.1977,43.46,43.16,42.91,0.1736,0.0674,0.0244,55.41,37.26,99.41,0.1631,0.0495,0.0229,16000,1024,656.16,0.9356,0.0552,0.0076,0.0016
2026-08-28T16:59:11.117+02:00,1000,1024,1024,1056,97,513,0,6980,0,497,0,1.1688,0.4107,0.149,1.8332,0.6632,0.945,1.475,1.554,5.152,49.43,49.43,49.44,1.6944,0.5931,0.1965,148.34,99.92,99.91,0.0404,0.0427,0.0264,99.99,148.55,148.68,0.0195,0.0223,0.0215,16000,1024,618.89,0.9221,0.0707,0.0059,0.0013
2026-08-28T16:59:41.119+02:00,1000,1024,1024,1056,97,513,63,7043,37,534,0,1.2072,0.4082,0.3181,2.3153,0.6797,1.451,1.489,1.56,5.812,49.43,49.43,49.41,1.7143,0.5843,0.2572,148.25,100.21,176.05,0.0446,0.0353,0.0891,43.18,148.36,148.11,0.0403,0.0185,0.0845,16000,1024,900.43,0.9437,0.049,0.006,0.0014
2026-08-28T17:00:11.119+02:00,1000,1024,1024,1056,97,513,1,7044,0,534,0,1.2157,0.4042,0.155,1.8466,0.648,0.85,1.472,1.553,4.804,49.42,49.42,49.44,1.7629,0.5868,0.197,148.28,100.13,100.37,0.0492,0.0377,0.0225,197.59,148.67,62.41,0.0136,0.0182,0.0182,16000,1024,751.8,0.8918,0.0945,0.0112,0.0025
2026-08-28T17:00:41.119+02:00,1000,1024,1024,1056,97,513,0,7044,0,534,0,1.2049,0.4081,0.1444,1.8588,0.6756,0.7584,1.472,1.568,2.881,49.42,49.43,49.43,1.7476,0.59,0.1982,148.31,100.1,99.51,0.0461,0.0395,0.0268,100.18,148.23,148.39,0.0209,0.0218,0.0181,16000,1024,540.73,0.9045,0.0771,0.0157,0.0027
2026-08-28T17:01:11.119+02:00,1000,1024,1024,1056,97,513,3,7047,0,534,0,1.2693,0.3986,0.1515,1.8248,0.6652,0.5919,1.476,1.563,2.07,49.3,49.31,49.32,1.6555,0.5374,0.1922,43.12,43.2,43.43,0.1805,0.0459,0.021,54.6,54.71,99.46,0.1592,0.0419,0.0195,16000,1024,467.22,0.8015,0.1776,0.0157,0.0051
2026-08-28T17:01:41.120+02:00,1000,1024,1024,1056,97,513,7,7054,0,534,0,1.2462,0.4038,0.1587,1.854,0.6694,0.8169,1.487,1.587,4.575,49.3,49.29,49.24,1.4873,0.4731,0.1574,22.29,21.98,21.79,0.242,0.0785,0.0392,30.19,29.66,98.82,0.2336,0.0762,0.0286,16000,1024,546.3,0.9324,0.0543,0.0111,0.0022
2026-08-28T17:02:11.119+02:00,1000,1024,1024,1056,97,514,81,7135,54,588,0,1.2966,0.4076,0.2977,1.8898,0.66,1.4081,1.471,1.545,4.48,49.36,49.36,49.4,1.883,0.5939,0.2358,147.95,100.09,14.57,0.0647,0.0451,0.0897,330.95,148.24,316.14,0.0244,0.0259,0.0833,16000,1024,697.64,0.9672,0.0272,0.0038,0.0019
2026-08-28T17:02:41.119+02:00,1000,1024,1024,1056,97,514,0,7135,0,588,0,1.3227,0.4026,0.1606,1.8893,0.6522,0.9583,1.473,1.554,4.034,49.36,49.36,49.37,1.9306,0.5857,0.2169,148.16,100.12,148.1,0.0493,0.0417,0.0259,197.25,148.11,99.37,0.0118,0.0173,0.024,16000,1024,668.43,0.9367,0.0538,0.0081,0.0014
2026-08-28T17:03:11.120+02:00,1000,1024,1024,1056,97,514,5,7140,0,588,0,1.3273,0.4009,0.16,1.9313,0.7197,0.8147,1.486,1.566,2.759,49.41,49.41,49.4,1.6305,0.4825,0.1925,45.33,45.31,30.34,0.2292,0.0852,0.0305,6.25,11.12,57.34,0.2217,0.0786,0.0304,16000,1024,732.02,0.9341,0.0574,0.0066,0.002
2026-08-28T17:03:41.122+02:00,1000,1024,1024,1056,97,514,0,7140,0,588,0,1.3833,0.4027,0.162,1.9864,0.6531,0.5563,1.478,1.545,1.979,49.33,49.33,49.32,2.0358,0.5889,0.2258,148.02,100.0,99.76,0.0547,0.0421,0.0293,99.65,148.12,148.15,0.0192,0.0297,0.0264,16000,1024,510.53,0.8175,0.1681,0.0105,0.0038
2026-08-28T17:04:11.121+02:00,1000,1024,1024,1056,97,514,78,7218,56,644,0,1.3793,0.4041,0.3266,2.0185,0.6428,1.5163,1.477,1.555,5.183,49.33,49.33,49.3,2.0126,0.5894,0.3075,147.98,100.12,1.69,0.0558,0.0376,0.0727,100.29,147.94,331.72,0.021,0.0232,0.0685,16000,1024,871.92,0.922,0.0672,0.0085,0.0023
2026-08-28T17:04:41.122+02:00,1000,1024,1024,1056,97,514,13,7231,0,644,0,1.3861,0.395,0.1844,2.2165,0.6494,0.8762,1.502,1.583,4.629,49.3,49.32,49.3,1.3856,0.3951,0.165,19.75,19.39,9.41,0.5056,0.1218,0.0638,9.64,32.51,79.33,0.3705,0.1186,0.0503,16000,1024,646.01,0.8677,0.1178,0.0114,0.0031
2026-08-28T17:05:11.125+02:00,1000,1024,1024,1056,97,514,0,7231,0,644,0,1.4312,0.3983,0.1687,2.0754,0.6361,0.7547,1.476,1.547,2.276,49.3,49.3,49.28,2.1025,0.5845,0.2387,147.88,100.13,147.99,0.0574,0.039,0.0203,100.06,147.77,100.21,0.017,0.0289,0.0209,16000,1024,479.55,0.7519,0.2141,0.028,0.0061
2026-08-28T17:05:41.122+02:00,1000,1024,1024,1056,97,514,1,7232,0,644,0,1.4347,0.4009,0.1643,2.162,0.6388,0.3428,1.482,1.54,1.785,49.27,49.28,49.3,2.0358,0.5687,0.2249,37.97,99.95,147.81,0.0646,0.0413,0.0248,44.43,24.62,23.98,0.065,0.0203,0.0217,16000,1024,589.73,0.9069,0.0797,0.011,0.0025
2026-08-28T17:06:11.123+02:00,1000,1024,1024,1056,97,514,0,7232,0,644,0,1.4624,0.398,0.1723,2.1176,0.6564,0.8554,1.477,1.552,3.157,49.27,49.26,49.25,2.1332,0.5756,0.2396,147.84,100.01,99.23,0.0608,0.0424,0.0386,197.06,147.78,147.75,0.0187,0.0298,0.0384,16000,1024,517.37,0.8892,0.0992,0.009,0.0025
2026-08-28T17:06:41.124+02:00,1000,1024,1024,1056,97,514,70,7302,48,692,0,1.4648,0.3989,0.3729,2.1309,0.6647,1.4805,1.488,1.573,4.842,49.24,49.24,49.22,1.9679,0.5356,0.298,38.08,38.03,83.89,0.2218,0.0569,0.1091,32.44,43.6,5.62,0.2214,0.057,0.1016,16000,1024,835.4,0.9269,0.0648,0.0066,0.0017
2026-08-28T17:07:11.124+02:00,1000,1024,1024,1056,97,514,15,7317,0,692,0,1.4828,0.389,0.1837,2.269,0.6448,0.7817,1.503,1.558,3.166,49.11,49.18,49.22,1.2014,0.3284,0.1287,29.87,23.61,36.43,0.6449,0.1338,0.0634,23.56,37.28,23.13,0.511,0.1241,0.0621,16000,1024,914.17,0.9585,0.0346,0.0057,0.0012
2026-08-28T17:07:41.124+02:00,1000,1024,1024,1056,97,514,0,7317,0,692,0,1.4993,0.3976,0.172,2.1571,0.6306,0.3193,1.482,1.541,1.702,49.23,49.24,49.23,2.1772,0.5762,0.2416,147.69,99.96,147.67,0.0627,0.0418,0.03,100.0,147.7,99.2,0.0187,0.0289,0.0277,16000,1024,517.91,0.8485,0.1315,0.0171,0.0028
2026-08-28T17:08:11.125+02:00,1000,1024,1024,1056,97,514,1,7318,0,692,0,1.5145,0.3965,0.1748,2.3375,0.6498,0.7685,1.487,1.564,2.353,49.21,49.21,49.21,2.0743,0.5461,0.2314,39.04,99.99,147.71,0.1389,0.0436,0.0311,43.46,38.41,99.43,0.1357,0.0316,0.025,16000,1024,605.92,0.8295,0.1544,0.0133,0.0028
2026-08-28T17:08:41.125+02:00,1000,1024,1024,1056,97,514,0,7318,0,692,0,1.5226,0.3966,0.1738,2.1977,0.6424,0.3538,1.483,1.543,1.753,49.1,49.1,49.12,2.1555,0.5591,0.241,147.27,99.73,147.12,0.0598,0.04,0.0297,53.22,147.33,98.42,0.0477,0.0339,0.0244,16000,1024,624.03,0.8828,0.1053,0.0094,0.0025
2026-08-28T17:09:11.126+02:00,1000,1024,1024,1056,97,514,0,7318,0,692,0,1.527,0.395,0.1779,2.195,0.6473,0.5556,1.48,1.546,1.87,49.13,49.13,49.15,2.184,0.5622,0.2468,147.35,99.71,147.72,0.059,0.0402,0.031,43.46,147.55,99.14,0.0322,0.0321,0.0231,16000,1024,875.22,0.9212,0.0724,0.0052,0.0013
2026-08-28T17:09:41.126+02:00,1000,1024,1024,1056,97,514,0,7318,0,692,0,1.5016,0.4001,0.1745,2.1675,0.6316,0.3399,1.485,1.535,1.747,49.14,49.15,49.14,2.1513,0.5688,0.2433,147.44,99.84,147.25,0.0542,0.0443,0.0306,54.2,147.58,99.1,0.0319,0.0297,0.0208,16000,1024,688.41,0.8867,0.0986,0.0118,0.0029
2026-08-28T17:10:11.125+02:00,1000,1024,1024,1056,97,514,6,7324,0,692,0,1.5309,0.3949,0.1944,2.2509,0.6584,0.8882,1.493,1.561,3.698,49.18,49.17,49.1,1.929,0.489,0.2162,53.7,53.75,13.4,0.2659,0.0694,0.0407,40.04,40.03,54.15,0.2325,0.0678,0.0394,16000,1024,616.86,0.9174,0.0701,0.0082,0.0043
2026-08-28T17:10:41.126+02:00,1000,1024,1024,1056,97,514,63,7387,37,729,0,1.5175,0.4006,0.3031,2.258,0.6366,1.585,1.493,1.555,6.064,49.17,49.15,49.17,1.7837,0.4727,0.2383,42.46,42.19,1.91,0.372,0.0887,0.0639,16.71,34.66,41.67,0.3199,0.0779,0.064,16000,1024,688.55,0.913,0.0763,0.0086,0.002
2026-08-28T17:11:11.126+02:00,1000,1024,1024,1056,97,514,2,7389,0,729,0,1.5339,0.4004,0.1857,2.4287,0.6403,0.8799,1.496,1.541,2.688,49.16,49.16,49.16,2.1308,0.551,0.2412,40.68,32.33,57.49,0.1593,0.0387,0.0358,57.41,7.0,38.39,0.1428,0.0386,0.0347,16000,1024,811.85,0.9629,0.0326,0.0033,0.0012
2026-08-28T17:11:41.126+02:00,1000,1024,1024,1056,97,514,3,7392,0,729,0,1.5255,0.4011,0.1759,2.2577,0.6557,0.3421,1.498,1.546,1.782,49.26,49.25,49.28,2.0218,0.5109,0.2252,42.28,42.58,42.34,0.2134,0.0692,0.0341,57.2,57.28,147.84,0.1886,0.0541,0.0366,16000,1024,849.76,0.8684,0.1202,0.0095,0.0019
2026-08-28T17:12:11.128+02:00,1000,1024,1024,1056,97,514,5,7397,1,730,0,1.5145,0.4013,0.1766,2.2511,0.6554,0.3527,1.499,1.562,1.829,49.23,49.23,49.22,2.0969,0.5613,0.2408,28.99,100.21,147.66,0.1181,0.039,0.0344,41.05,147.65,100.38,0.1082,0.0311,0.0182,16000,1024,767.63,0.9682,0.0242,0.006,0.0016
2026-08-28T17:12:41.128+02:00,1000,1024,1024,1056,97,514,3,7400,0,730,0,1.5329,0.4013,0.1816,2.2298,0.6426,0.6234,1.491,1.534,1.912,49.16,49.15,49.16,2.0556,0.5381,0.234,40.91,32.38,99.58,0.193,0.0464,0.0295,24.3,27.06,147.33,0.1915,0.0465,0.0255,16000,1024,488.0,0.8863,0.0976,0.0122,0.0038
2026-08-28T17:13:11.129+02:00,1000,1024,1024,1056,97,514,0,7400,0,730,0,1.5622,0.3991,0.1836,2.267,0.658,0.3698,1.489,1.545,1.789,49.08,49.08,49.08,2.2195,0.5629,0.2522,147.15,99.88,147.29,0.0694,0.0396,0.0346,53.27,147.13,24.58,0.0499,0.0337,0.0198,16000,1024,1052.52,0.9574,0.0398,0.0021,0.0007
2026-08-28T17:13:41.129+02:00,1000,1024,1024,1056,97,514,0,7400,0,730,0,1.5608,0.3986,0.1793,2.2691,0.6482,0.362,1.483,1.534,1.765,49.07,49.06,49.07,2.2005,0.5617,0.244,147.11,99.68,147.13,0.0656,0.0406,0.0362,53.34,147.24,99.33,0.0517,0.0335,0.022,16000,1024,897.46,0.9475,0.0448,0.0062,0.0015
2026-08-28T17:14:11.133+02:00,1000,1024,1024,1056,97,514,0,7400,0,730,0,1.5441,0.4029,0.1831,2.2355,0.6549,0.6903,1.489,1.552,2.174,49.2,49.2,49.18,2.2343,0.5794,0.2451,147.64,99.94,147.76,0.0683,0.0443,0.0318,99.59,147.53,98.87,0.0196,0.0336,0.0293,16000,1024,856.4,0.936,0.0532,0.0085,0.0023
2026-08-28T17:14:41.130+02:00,1000,1024,1024,1056,97,514,2,7402,0,730,0,1.5759,0.4011,0.191,2.3213,0.6573,0.6505,1.496,1.549,2.075,49.22,49.22,49.24,2.1085,0.5286,0.2395,43.46,43.46,147.47,0.2716,0.0707,0.0419,53.22,53.22,40.2,0.2476,0.0659,0.0391,16000,1024,633.5,0.8817,0.1087,0.0077,0.0019
2026-08-28T17:15:11.130+02:00,1000,1024,1024,1056,97,514,0,7402,0,730,0,1.5757,0.4043,0.1833,2.289,0.6544,0.3699,1.489,1.538,1.791,49.18,49.19,49.2,2.278,0.5844,0.2593,147.52,100.04,147.56,0.0661,0.0448,0.038,100.21,147.4,98.06,0.0186,0.0318,0.0177,16000,1024,602.21,0.9025,0.0863,0.0086,0.0027
2026-08-28T17:15:41.129+02:00,1000,1024,1024,1056,97,515,0,7402,0,730,0,1.5746,0.4006,0.1844,2.2703,0.6669,0.3747,1.49,1.546,1.751,49.19,49.19,49.2,2.2826,0.5771,0.2638,147.56,100.06,99.31,0.0658,0.0451,0.0281,99.98,147.48,147.57,0.0163,0.035,0.0274,16000,1024,715.65,0.9241,0.0666,0.0079,0.0014
2026-08-28T17:16:11.130+02:00,1000,1024,1024,1056,97,515,0,7402,0,730,0,1.5999,0.4002,0.1862,2.3101,0.6383,0.3526,1.491,1.533,1.736,49.16,49.16,49.16,2.3114,0.5731,0.2668,147.45,99.96,147.44,0.068,0.0441,0.0334,99.85,147.47,99.88,0.0182,0.0338,0.0195,16000,1024,1064.17,0.9227,0.0657,0.0082,0.0034
2026-08-28T17:16:41.131+02:00,1000,1024,1024,1056,97,515,0,7402,0,730,0,1.5825,0.4032,0.1851,2.298,0.6676,0.3445,1.485,1.547,1.732,49.1,49.1,49.09,2.2505,0.5744,0.2597,147.28,99.92,147.29,0.0634,0.0426,0.0372,54.2,147.1,98.66,0.0322,0.0353,0.0227,16000,1024,596.48,0.8619,0.1237,0.0105,0.004
2026-08-28T17:17:11.131+02:00,1000,1024,1024,1056,97,515,30,7432,15,745,0,1.5849,0.4041,0.25,2.3181,0.6653,0.8623,1.486,1.553,3.976,49.14,49.13,49.13,2.1852,0.563,0.2752,37.57,54.26,490.31,0.1513,0.0369,0.0527,42.2,147.21,200.48,0.1454,0.0374,0.0472,16000,1024,583.27,0.7984,0.1834,0.0143,0.0039
2026-08-28T17:17:41.131+02:00,1000,1024,1024,1056,97,515,2,7434,0,745,0,1.5887,0.4052,0.1914,2.4381,0.6445,0.8393,1.5,1.535,2.337,49.11,49.11,49.12,2.1548,0.5468,0.2555,53.96,99.89,147.34,0.1367,0.0459,0.0259,42.76,42.83,39.9,0.1247,0.0392,0.0236,16000,1024,661.68,0.8984,0.0894,0.0094,0.0029
2026-08-28T17:18:11.134+02:00,1000,1024,1024,1056,97,515,0,7434,0,745,0,1.5791,0.4051,0.1981,2.2848,0.6528,0.9241,1.488,1.544,3.12,49.19,49.19,49.22,2.2824,0.5839,0.2733,147.55,100.12,147.68,0.0697,0.0477,0.027,196.9,147.42,100.51,0.0145,0.0336,0.0242,16000,1024,720.75,0.8449,0.1326,0.0162,0.0063
2026-08-28T17:19:11.133+02:00,1000,1024,1024,1056,98,515,1,7446,0,745,0,1.5933,0.4051,0.1937,2.3656,0.714,0.8716,1.497,1.542,2.685,49.2,49.19,49.24,2.2251,0.5679,0.2597,38.27,100.17,24.2,0.1235,0.0403,0.0302,33.69,147.54,99.55,0.1152,0.0324,0.0281,16000,1024,606.43,0.9012,0.0898,0.0066,0.0024
2026-08-28T17:19:41.145+02:00,1000,1024,1034,1067,98,515,6,7452,1,746,0,1.573,0.4064,0.1937,2.4574,0.7171,0.8824,1.51,1.563,2.889,49.17,49.18,49.17,2.1625,0.5579,0.2447,39.19,100.11,147.53,0.1392,0.0442,0.0382,33.08,38.79,98.76,0.1347,0.0338,0.0249,16000,1024,874.74,0.9568,0.0399,0.0024,0.0009
2026-08-28T17:20:11.135+02:00,1000,1024,1024,1056,98,515,23,7475,17,763,0,1.5657,0.4108,0.2318,2.275,0.6904,0.9819,1.493,1.539,4.42,49.21,49.21,49.25,2.275,0.5938,0.2684,147.58,100.09,498.12,0.0655,0.044,0.051,100.12,147.8,99.6,0.0163,0.038,0.0464,16000,1024,832.33,0.9342,0.0551,0.0081,0.0026
2026-08-28T17:20:41.135+02:00,1000,1024,1024,1056,98,515,30,7505,25,788,0,1.5673,0.41,0.2521,2.2994,0.6602,1.0548,1.488,1.528,4.562,49.21,49.21,49.26,2.2654,0.5967,0.3088,147.54,100.12,494.13,0.0732,0.0461,0.0537,100.18,147.74,7.58,0.0229,0.0308,0.0537,16000,1024,1506.46,0.971,0.0222,0.0054,0.0014
2026-08-28T17:21:11.135+02:00,1000,1024,1024,1056,98,515,1,7506,0,788,0,1.6043,0.4086,0.1856,2.3322,0.6627,0.3545,1.497,1.541,1.756,49.02,49.01,49.02,2.1892,0.5532,0.2493,44.43,99.98,147.07,0.122,0.0484,0.0317,29.23,44.35,99.36,0.1043,0.0401,0.0175,16000,1024,598.84,0.8554,0.1357,0.0071,0.0018
2026-08-28T17:21:41.137+02:00,1000,1024,1024,1056,98,515,4,7510,0,788,0,1.5969,0.4068,0.199,2.3792,0.663,0.9177,1.513,1.529,2.974,48.97,48.99,49.01,2.1041,0.5254,0.2374,42.29,99.64,147.05,0.153,0.046,0.0365,54.41,14.49,99.74,0.1326,0.0334,0.027,16000,1024,741.19,0.8582,0.134,0.0058,0.0021
2026-08-28T17:22:11.135+02:00,1000,1024,1024,1056,98,515,0,7510,0,788,0,1.5899,0.4092,0.1869,2.2894,0.6474,0.3912,1.491,1.526,1.773,49.07,49.08,49.08,2.2566,0.5762,0.2593,147.12,99.77,147.29,0.0659,0.0465,0.0368,54.54,147.36,98.9,0.0376,0.0336,0.0231,16000,1024,803.39,0.9244,0.0585,0.014,0.0032
2026-08-28T17:22:41.135+02:00,1000,1024,1024,1056,98,515,1,7511,1,789,0,1.5741,0.4109,0.1904,2.2804,0.6816,0.9293,1.495,1.543,2.644,49.2,49.2,49.2,2.29,0.5895,0.2623,147.57,100.14,147.43,0.0663,0.0484,0.0339,100.11,147.57,100.21,0.0176,0.0354,0.0178,16000,1024,922.25,0.97,0.0266,0.0026,0.0008
2026-08-28T17:23:11.135+02:00,1000,1024,1024,1056,98,515,0,7511,0,789,0,1.5899,0.4083,0.1907,2.301,0.6439,0.3644,1.49,1.527,1.738,49.19,49.19,49.2,2.299,0.5887,0.2687,147.5,100.11,147.62,0.0667,0.0465,0.0322,196.74,147.59,100.22,0.0169,0.03,0.0238,16000,1024,717.21,0.9179,0.073,0.0073,0.0018
2026-08-28T17:23:41.136+02:00,1000,1024,1024,1056,98,515,31,7542,24,813,0,1.6009,0.4091,0.2502,2.3303,0.6645,1.1503,1.495,1.544,5.088,49.18,49.18,49.23,2.3183,0.591,0.2895,147.48,100.08,107.57,0.064,0.0479,0.0605,100.05,147.37,21.68,0.016,0.0346,0.0517,16000,1024,927.44,0.9363,0.0555,0.0066,0.0016
2026-08-28T17:24:11.137+02:00,1000,1024,1024,1056,98,516,0,7542,0,813,0,1.6092,0.4089,0.1896,2.3385,0.6694,0.3936,1.489,1.539,1.776,49.18,49.18,49.18,2.3232,0.5884,0.2664,147.48,100.09,147.54,0.0682,0.0444,0.0339,100.06,147.59,100.31,0.0172,0.0325,0.0221,16000,1024,687.57,0.9018,0.0769,0.0144,0.0068
2026-08-28T17:24:41.138+02:00,1000,1024,1024,1056,98,516,0,7542,0,813,0,1.5847,0.4139,0.1911,2.3052,0.6697,0.763,1.498,1.535,2.159,49.2,49.2,49.18,2.3026,0.595,0.2669,147.56,100.09,147.62,0.0646,0.0474,0.0363,100.04,147.55,99.33,0.0165,0.0312,0.0234,16000,1024,671.36,0.9298,0.062,0.0064,0.0018
2026-08-28T17:25:11.138+02:00,1000,1024,1024,1056,98,516,0,7542,0,813,0,1.5961,0.4118,0.193,2.3089,0.6682,0.6577,1.492,1.543,1.928,49.2,49.2,49.2,2.3124,0.5933,0.2654,147.57,100.16,147.59,0.0652,0.0485,0.0395,100.16,147.54,98.22,0.0182,0.033,0.0312,16000,1024,566.72,0.935,0.0554,0.0079,0.0017
2026-08-28T17:25:41.138+02:00,1000,1024,1024,1056,98,517,0,7542,0,813,0,1.5875,0.4112,0.2015,2.2889,0.6737,0.8853,1.491,1.54,2.999,49.16,49.16,49.18,2.2973,0.592,0.2748,147.46,100.0,147.19,0.0656,0.0498,0.0357,53.22,147.54,99.96,0.0307,0.0344,0.0199,16000,1024,637.8,0.8881,0.0998,0.0096,0.0026
2026-08-28T17:26:11.139+02:00,1000,1024,1024,1056,98,517,0,7542,0,813,0,1.6172,0.4118,0.1915,2.3536,0.6703,0.3742,1.49,1.539,1.759,49.18,49.18,49.2,2.3305,0.5943,0.2726,147.51,100.1,147.57,0.0666,0.0488,0.0361,100.11,147.4,98.14,0.0218,0.0326,0.0233,16000,1024,742.72,0.9029,0.0855,0.0089,0.0027
2026-08-28T17:26:41.138+02:00,1000,1024,1024,1056,98,517,28,7570,22,835,0,1.6123,0.4169,0.2442,2.3329,0.6803,0.9005,1.486,1.54,3.91,49.18,49.18,49.12,2.326,0.5965,0.2779,147.55,100.05,147.71,0.0681,0.0509,0.0559,100.0,147.56,496.5,0.0182,0.0354,0.0498,16000,1024,517.08,0.8728,0.1053,0.0162,0.0057
2026-08-28T17:27:11.138+02:00,1000,1024,1024,1056,98,517,3,7573,0,835,0,1.6199,0.4037,0.3409,2.5177,0.6542,1.1719,1.5,1.564,4.552,49.12,49.14,49.11,1.9746,0.4945,0.2387,22.07,21.41,295.92,0.31,0.0792,0.1004,30.91,31.2,30.64,0.3036,0.0721,0.0862,16000,1024,666.2,0.8879,0.1013,0.0082,0.0025
2026-08-28T17:27:41.139+02:00,1000,1024,1024,1056,98,517,16,7589,13,848,0,1.6061,0.4173,0.2201,2.333,0.6672,1.1296,1.497,1.539,4.651,49.18,49.18,49.21,2.3221,0.5986,0.2828,147.56,100.02,147.25,0.0732,0.048,0.0566,100.22,147.64,99.28,0.0232,0.0375,0.0526,16000,1024,684.12,0.9164,0.0771,0.005,0.0015
2026-08-28T17:28:11.139+02:00,1000,1024,1024,1056,98,517,0,7589,0,848,0,1.6037,0.4144,0.194,2.3076,0.6604,0.3743,1.493,1.535,1.771,49.19,49.19,49.17,2.3203,0.5988,0.2729,147.52,100.11,147.5,0.0649,0.0472,0.0362,100.14,147.56,98.14,0.018,0.0323,0.0192,16000,1024,595.25,0.9443,0.0443,0.0088,0.0025
2026-08-28T17:28:41.139+02:00,1000,1024,1024,1056,98,517,0,7589,0,848,0,1.6049,0.4135,0.1936,2.3255,0.6632,0.7337,1.494,1.539,2.002,49.19,49.19,49.18,2.3235,0.595,0.2702,147.5,100.01,147.57,0.07,0.0454,0.0388,100.12,147.58,98.95,0.0183,0.0341,0.0231,16000,1024,701.16,0.8842,0.1055,0.0087,0.0015
2026-08-28T17:29:11.140+02:00,1000,1024,1024,1056,98,517,0,7589,0,848,0,1.6085,0.4131,0.1912,2.3369,0.6668,0.3973,1.499,1.531,1.766,49.2,49.2,49.19,2.3327,0.5987,0.2686,147.49,100.1,147.62,0.0676,0.0512,0.0312,99.94,147.63,100.39,0.0215,0.0345,0.0245,16000,1024,758.89,0.9536,0.0414,0.0036,0.0014
2026-08-28T17:29:41.141+02:00,1000,1024,1024,1056,98,517,2,7591,0,848,0,1.6301,0.4126,0.1976,2.464,0.6755,0.8106,1.498,1.539,2.131,49.18,49.18,49.2,2.1768,0.5569,0.2501,43.0,53.6,147.41,0.2305,0.0535,0.0393,53.54,43.03,40.42,0.1993,0.0479,0.0317,16000,1024,745.39,0.9074,0.0861,0.0052,0.0013
2026-08-28T17:30:11.142+02:00,1000,1024,1024,1056,98,517,1,7592,0,848,0,1.6269,0.4155,0.1962,2.3343,0.6891,0.6112,1.489,1.55,1.879,49.17,49.18,49.19,2.2747,0.5719,0.2622,42.82,100.1,147.44,0.1231,0.0519,0.0391,35.52,40.55,33.43,0.1157,0.0429,0.026,16000,1024,1093.19,0.9026,0.0908,0.0052,0.0014
2026-08-28T17:30:41.142+02:00,1000,1024,1024,1056,98,517,3,7595,0,848,0,1.5954,0.4167,0.1956,2.3385,0.6736,0.5385,1.508,1.547,1.835,49.22,49.22,49.2,2.2381,0.575,0.2616,36.16,100.19,98.67,0.1159,0.053,0.0324,40.62,36.25,147.4,0.1189,0.0415,0.0295,16000,1024,1682.2,0.9663,0.0294,0.0038,0.0006
2026-08-28T17:31:11.145+02:00,1000,1024,1024,1056,98,517,1,7596,0,848,0,0.0241,0.0225,0.065,0.1023,0.0885,0.7643,3.612,3.072,74.495,4.02,82.64,221.7,0.0095,0.0071,0.0147,57.69,48.61,193.98,0.008,0.0064,0.014,12.89,111.21,47.6,0.0067,0.0063,0.0132,16000,1024,459.02,0.9567,0.0343,0.0078,0.0011
2026-08-28T17:31:41.142+02:00,1000,1024,1024,1056,98,517,0,7596,0,848,0,0.0235,0.0215,0.0447,0.0841,0.0625,0.6476,2.776,2.76,86.268,39.33,4.19,43.31,0.0075,0.0083,0.012,34.15,115.48,157.98,0.0072,0.0072,0.0095,104.18,89.48,164.82,0.0069,0.0061,0.0092,16000,1024,338.42,0.8045,0.1676,0.0245,0.0034
2026-08-28T17:32:11.143+02:00,1000,1024,1024,1056,98,518,6,7602,0,848,0,0.0258,0.0271,0.3,0.0944,0.0943,1.1342,3.151,3.633,4.932,44.45,263.94,3.66,0.0104,0.0075,0.1148,66.96,48.58,251.46,0.0099,0.0074,0.1113,139.39,245.86,498.12,0.0091,0.007,0.0944,16000,1024,741.44,0.9262,0.0578,0.0138,0.0021
2026-08-28T17:32:41.144+02:00,1000,1024,1024,1056,98,518,0,7602,0,848,0,0.0249,0.0205,0.0326,0.0839,0.0721,0.1003,2.95,3.074,2.934,58.38,33.2,142.82,0.0081,0.008,0.0119,158.45,26.54,230.26,0.0073,0.0065,0.0105,216.96,250.73,95.99,0.007,0.0067,0.01,16000,1024,543.8,0.9548,0.0385,0.0057,0.001
2026-08-28T17:33:11.146+02:00,1000,1024,1025,1057,98,518,3,7605,0,848,0,0.0238,0.021,0.0348,0.0808,0.0724,0.1297,3.124,3.096,3.395,26.25,8.46,29.33,0.0098,0.0073,0.0099,73.16,94.47,50.83,0.0067,0.0066,0.0094,7.21,35.4,86.22,0.0073,0.0064,0.0091,16000,1024,284.6,0.8337,0.1374,0.0258,0.0031
2026-08-28T17:33:41.145+02:00,1000,1024,1024,1056,98,518,0,7605,0,848,0,0.0217,0.0205,0.0311,0.0772,0.0704,0.1399,3.468,3.054,3.251,47.93,157.52,82.9,0.0066,0.0057,0.0094,164.2,248.11,89.9,0.006,0.0055,0.0093,7.9,124.16,107.95,0.0056,0.0055,0.0098,16000,1024,315.72,0.9489,0.0306,0.0181,0.0024
2026-08-28T17:34:11.143+02:00,1000,1024,1024,1056,98,518,1,7606,0,848,0,0.0231,0.0196,0.0474,0.0875,0.0647,0.7523,2.898,2.988,123.34,16.87,48.39,93.04,0.0082,0.0064,0.0172,45.62,94.51,188.31,0.0078,0.0052,0.0159,187.84,182.52,75.65,0.008,0.0051,0.0166,16000,1024,490.38,0.9463,0.0436,0.0085,0.0017
2026-08-28T17:34:41.144+02:00,1000,1024,1024,1056,98,518,0,7606,0,848,0,0.0241,0.0201,0.048,0.0764,0.0777,0.7395,2.803,3.278,113.675,66.57,86.58,147.22,0.0079,0.0079,0.0099,14.34,116.97,68.4,0.0077,0.0056,0.0094,35.41,26.65,73.64,0.0072,0.0058,0.0095,16000,1024,368.26,0.9563,0.0277,0.0147,0.0013
2026-08-28T17:35:11.148+02:00,1000,1024,1024,1056,98,518,0,7606,0,848,0,0.0232,0.0218,0.0472,0.0785,0.0943,0.7368,2.908,3.38,119.898,108.38,111.25,185.69,0.0069,0.008,0.0142,245.39,16.23,150.43,0.0069,0.0071,0.0133,60.42,134.23,214.1,0.0066,0.0074,0.0132,16000,1024,244.94,0.8804,0.1022,0.0154,0.002
2026-08-28T17:35:41.148+02:00,1000,1024,1024,1056,98,518,2,7608,0,848,0,0.0248,0.0221,0.0563,0.0898,0.0709,0.7493,3.496,3.072,91.247,86.78,70.93,101.81,0.0077,0.007,0.0138,16.4,178.75,117.82,0.0073,0.0063,0.0132,56.37,165.65,152.29,0.0073,0.0064,0.0124,16000,1024,348.52,0.837,0.1393,0.0214,0.0023
2026-08-28T17:36:11.146+02:00,1000,1024,1024,1056,98,518,0,7608,0,848,0,0.0238,0.0216,0.034,0.0769,0.076,0.0998,3.036,3.127,2.741,77.88,97.7,1.82,0.0074,0.0073,0.0104,134.89,114.92,16.7,0.0071,0.0073,0.01,71.78,46.73,33.07,0.0073,0.0056,0.0094,16000,1024,460.64,0.9584,0.0336,0.0066,0.0014
2026-08-28T17:36:41.149+02:00,1000,1024,1024,1056,98,518,0,7608,0,848,0,0.0243,0.0212,0.0452,0.0773,0.075,0.6304,2.933,3.044,73.909,7.94,3.22,151.33,0.0087,0.0069,0.0103,19.08,144.8,79.97,0.0085,0.0069,0.0096,225.63,59.79,130.4,0.0067,0.0067,0.0105,16000,1024,427.67,0.9377,0.0505,0.0104,0.0014
2026-08-28T17:37:11.148+02:00,1000,1024,1024,1056,98,519,11,7619,1,849,0,0.0262,0.0225,0.0938,0.0945,0.0878,0.8348,3.372,3.015,47.854,2.92,53.97,143.48,0.0103,0.0077,0.0282,46.02,70.69,103.62,0.0102,0.0073,0.0273,15.69,182.93,229.72,0.0085,0.0059,0.0256,16000,1024,555.82,0.9741,0.0214,0.0039,0.0006
2026-08-28T17:37:41.148+02:00,1000,1024,1024,1056,98,519,0,7619,0,849,0,0.0256,0.0203,0.0332,0.0954,0.0631,0.1061,3.378,2.835,2.953,87.37,56.27,42.37,0.0077,0.0065,0.0139,28.61,187.08,37.39,0.0069,0.0062,0.0091,287.72,148.76,10.19,0.0069,0.0061,0.0085,16000,1024,443.05,0.951,0.0392,0.0084,0.0014
2026-08-28T17:38:11.147+02:00,1000,1024,1024,1056,98,519,9,7628,0,849,0,0.0234,0.0203,0.0439,0.1009,0.0775,0.6359,3.415,3.196,89.437,103.38,11.5,66.66,0.0071,0.0059,0.0122,73.42,133.71,15.15,0.0068,0.0057,0.0109,16.82,174.59,166.36,0.0066,0.0058,0.0101,16000,1024,952.8,0.9663,0.0278,0.0052,0.0007
2026-08-28T17:38:41.147+02:00,1000,1024,1024,1056,98,519,0,7628,0,849,0,0.0228,0.0218,0.0483,0.0852,0.0721,0.7384,3.031,2.806,104.604,141.35,139.69,30.47,0.0081,0.0069,0.0154,116.77,100.45,72.11,0.0079,0.0067,0.0147,153.62,11.41,34.81,0.0071,0.007,0.0146,16000,1024,717.79,0.9707,0.0222,0.0063,0.0007
2026-08-28T17:39:11.147+02:00,1000,1024,1024,1056,98,519,0,7628,0,849,0,0.0242,0.0227,0.1536,0.0752,0.0905,0.8117,2.838,3.865,15.215,94.91,176.11,248.95,0.0086,0.0099,0.0555,67.53,38.76,332.43,0.0083,0.008,0.051,31.19,98.63,256.84,0.0077,0.0069,0.0482,16000,1024,384.93,0.8981,0.0722,0.0269,0.0028
2026-08-28T17:39:41.149+02:00,1000,1024,1024,1056,98,519,7,7635,0,849,0,0.0233,0.0303,0.314,0.1103,0.1431,1.5344,3.689,4.303,5.843,274.42,118.15,263.57,0.006,0.0088,0.0928,174.76,302.3,80.95,0.0057,0.0089,0.0828,239.82,21.96,14.14,0.0059,0.0106,0.0858,16000,1024,483.15,0.9548,0.0302,0.0135,0.0015
2026-08-28T17:40:11.150+02:00,1000,1024,1024,1056,98,519,2,7637,0,849,0,0.0245,0.0207,0.0325,0.0823,0.062,0.1159,2.76,2.942,2.926,27.24,83.23,9.42,0.0073,0.0072,0.0091,46.12,171.77,87.81,0.0071,0.0063,0.0081,14.77,69.59,21.08,0.0068,0.006,0.0088,16000,1024,1039.91,0.9576,0.041,0.0013,0.0002
2026-08-28T17:40:41.150+02:00,1000,1024,1024,1056,98,519,73,7710,0,849,0,0.024,0.021,0.0863,0.0931,0.075,0.6636,3.166,2.983,39.012,161.88,102.31,374.13,0.0074,0.0087,0.0258,93.77,196.75,334.26,0.0063,0.0077,0.0262,129.85,30.34,147.33,0.0061,0.0067,0.0243,16000,1024,809.63,0.9909,0.0068,0.002,0.0003
2026-08-28T17:41:11.150+02:00,1000,1024,1024,1056,98,519,0,7710,0,849,0,0.023,0.0209,0.0305,0.0812,0.0775,0.107,3.135,3.179,2.84,3.42,56.56,189.68,0.0103,0.0075,0.0101,266.59,94.78,125.59,0.0076,0.0065,0.0101,103.32,85.01,10.59,0.0075,0.0055,0.0095,16000,1024,268.92,0.8958,0.0802,0.0213,0.0027
2026-08-28T17:41:41.151+02:00,1000,1024,1024,1056,98,519,2,7712,0,849,0,0.0226,0.0244,0.2899,0.0954,0.0841,0.8954,3.431,3.614,4.959,5.83,129.63,259.72,0.0092,0.0076,0.0991,98.01,250.35,495.86,0.0069,0.0074,0.0902,35.25,42.89,99.79,0.0066,0.007,0.0896,16000,1024,508.45,0.9587,0.0333,0.0074,0.0006
2026-08-28T17:42:11.151+02:00,1000,1024,1024,1056,98,519,2,7714,1,850,0,0.0221,0.0224,0.0329,0.0781,0.0783,0.106,2.877,3.179,3.096,201.64,95.73,24.66,0.0077,0.0069,0.0102,34.26,181.91,150.48,0.0062,0.0071,0.0098,58.68,154.32,8.75,0.006,0.0069,0.0097,16000,1024,415.51,0.9537,0.0395,0.0059,0.0009
2026-08-28T17:42:41.150+02:00,1000,1024,1024,1056,98,519,1,7715,0,850,0,0.023,0.0221,0.0479,0.0784,0.0759,0.7146,2.768,3.078,92.759,152.58,70.23,122.21,0.0074,0.007,0.0128,181.71,46.19,16.29,0.0066,0.007,0.0129,142.76,78.61,97.36,0.0062,0.009,0.0112,16000,1024,631.35,0.986,0.0101,0.0035,0.0004
2026-08-28T17:43:11.150+02:00,1000,1024,1024,1056,98,519,1,7716,0,850,0,0.0226,0.0208,0.0315,0.0889,0.0678,0.1219,3.484,2.855,3.313,145.4,102.84,151.66,0.0077,0.0067,0.0095,38.9,4.78,134.29,0.0069,0.0062,0.0112,122.8,18.65,123.94,0.0071,0.006,0.0086,16000,1024,534.53,0.9622,0.0323,0.0049,0.0007
2026-08-28T17:43:41.151+02:00,1000,1024,1024,1056,98,519,0,7716,0,850,0,0.0231,0.0203,0.0327,0.0839,0.0657,0.0976,3.042,3.055,2.956,4.94,147.35,58.37,0.0079,0.0096,0.0102,63.1,28.88,160.76,0.0085,0.0068,0.01,38.46,271.01,153.45,0.0081,0.0059,0.0095,16000,1024,606.81,0.98,0.0152,0.0042,0.0006
2026-08-28T17:44:11.151+02:00,1000,1024,1024,1056,98,519,1,7717,0,850,0,0.0215,0.0219,0.0832,0.0831,0.1886,1.7011,3.228,10.714,282.026,123.81,80.17,51.91,0.0074,0.0062,0.0118,170.46,13.74,67.72,0.0074,0.0062,0.0101,232.75,230.46,151.49,0.0063,0.0057,0.0094,16000,1024,840.84,0.9783,0.017,0.004,0.0007
2026-08-28T17:44:41.153+02:00,1000,1024,1024,1056,98,519,1,7718,0,850,0,0.0238,0.0208,0.0303,0.0992,0.0566,0.1007,3.203,2.593,3.079,148.74,96.5,220.01,0.008,0.0071,0.0095,155.99,46.56,77.49,0.0073,0.0058,0.0092,29.14,236.14,133.04,0.0071,0.0056,0.0083,16000,1024,498.97,0.9399,0.0539,0.0054,0.0008
2026-08-28T17:45:11.154+02:00,1000,1024,1024,1056,98,519,0,7718,0,850,0,0.0235,0.0204,0.0324,0.0747,0.07,0.1053,2.74,3.256,3.177,25.97,86.11,65.4,0.0086,0.0069,0.0114,97.26,43.36,21.24,0.007,0.007,0.0114,61.23,135.94,241.08,0.0067,0.0059,0.0102,16000,1024,513.86,0.8661,0.1091,0.0224,0.0025
2026-08-28T17:46:11.154+02:00,1000,1024,1024,1056,99,519,0,7725,0,850,0,0.0237,0.0207,0.0637,0.0776,0.0784,0.7403,2.855,3.023,70.914,111.66,110.22,233.49,0.0073,0.0071,0.0142,121.84,84.56,118.75,0.0067,0.0061,0.016,88.07,9.64,173.18,0.0064,0.0053,0.0142,16000,1024,491.93,0.9683,0.0246,0.0061,0.001
2026-08-28T17:46:41.154+02:00,1000,1024,1024,1056,99,520,5,7730,0,850,0,0.0254,0.0227,0.0664,0.0827,0.0897,0.7447,3.023,3.593,76.387,26.87,2.76,109.91,0.0113,0.0086,0.0225,6.08,103.43,18.85,0.0089,0.0061,0.0211,58.55,54.42,24.93,0.0083,0.0061,0.022,16000,1024,848.46,0.97,0.0268,0.0027,0.0005
2026-08-28T17:47:11.156+02:00,1000,1024,1024,1056,99,520,0,7730,0,850,0,0.0231,0.0206,0.0585,0.1202,0.0716,0.7426,3.762,3.228,95.706,81.95,20.34,69.49,0.0094,0.007,0.021,39.74,195.21,76.3,0.0086,0.006,0.0164,154.29,202.83,14.32,0.0081,0.0061,0.017,16000,1024,419.84,0.9579,0.0313,0.0098,0.001
2026-08-28T17:47:41.155+02:00,1000,1024,1024,1056,99,520,17,7747,0,850,0,0.0261,0.0226,0.1025,0.0995,0.106,0.763,3.534,4.115,35.859,185.58,6.87,175.08,0.0083,0.008,0.0321,78.2,30.44,114.39,0.0075,0.0066,0.0279,31.71,102.66,360.54,0.0072,0.0062,0.0277,16000,1024,372.01,0.9304,0.055,0.0128,0.0019
2026-08-28T17:48:11.155+02:00,1000,1024,1024,1056,99,520,0,7747,0,850,0,0.0229,0.0214,0.0311,0.0812,0.0609,0.1109,2.654,2.741,3.074,27.15,50.4,76.1,0.0089,0.0084,0.0095,115.66,177.12,80.83,0.0076,0.0069,0.0093,5.8,188.65,170.45,0.0063,0.0065,0.0097,16000,1024,400.33,0.9588,0.0323,0.0075,0.0014
2026-08-28T17:48:41.156+02:00,1000,1024,1024,1056,99,520,0,7747,0,850,0,0.0246,0.0208,0.0332,0.0841,0.0675,0.0952,2.909,2.915,2.74,37.34,197.9,44.86,0.0086,0.0076,0.0113,48.83,50.96,128.76,0.0083,0.0071,0.0092,169.76,64.81,40.51,0.0074,0.0066,0.0089,16000,1024,476.75,0.9263,0.065,0.0079,0.0008
2026-08-28T17:49:11.157+02:00,1000,1024,1024,1056,99,520,0,7747,0,850,0,0.0228,0.0217,0.0324,0.0712,0.0711,0.1485,2.697,2.647,3.761,81.93,14.83,8.65,0.0073,0.0079,0.0111,114.31,65.73,45.95,0.007,0.0074,0.0109,209.7,117.81,131.47,0.0064,0.0072,0.0102,16000,1024,527.71,0.9704,0.0218,0.0067,0.001
2026-08-28T17:49:41.159+02:00,1000,1024,1024,1056,99,520,1,7748,0,850,0,0.0228,0.0194,0.0303,0.0793,0.0569,0.1196,2.785,2.707,3.716,8.7,29.33,117.01,0.007,0.0066,0.0109,82.15,89.27,82.06,0.0064,0.0067,0.0095,70.58,120.97,31.04,0.0064,0.0053,0.0087,16000,1024,729.99,0.9808,0.0164,0.0025,0.0003
2026-08-28T17:50:11.156+02:00,1000,1024,1024,1056,99,520,1,7749,0,850,0,0.0247,0.0262,0.2926,0.0923,0.1226,1.4485,3.119,4.681,5.925,93.6,6.06,176.52,0.0104,0.0082,0.0931,64.31,210.37,487.49,0.0072,0.0085,0.081,39.69,127.08,196.48,0.0068,0.0067,0.0788,16000,1024,673.01,0.9719,0.0224,0.0045,0.0012
2026-08-28T17:50:41.156+02:00,1000,1024,1024,1056,99,520,2,7751,0,850,0,0.0245,0.0236,0.1591,0.0831,0.0978,0.9736,3.255,3.99,15.892,65.75,26.39,498.56,0.0073,0.0067,0.0806,220.32,40.25,106.72,0.0076,0.007,0.0524,3.22,285.17,146.29,0.0068,0.0067,0.0486,16000,1024,491.11,0.9667,0.0275,0.005,0.0007
2026-08-28T17:51:11.158+02:00,1000,1024,1024,1056,99,520,2,7753,0,850,0,0.0234,0.0209,0.0326,0.0698,0.0642,0.1113,2.934,2.955,3.117,6.0,116.24,119.43,0.0094,0.0067,0.011,15.75,49.35,174.68,0.0076,0.0061,0.0107,102.65,217.8,43.3,0.0065,0.0055,0.0103,16000,1024,461.87,0.9566,0.0363,0.0061,0.0011
2026-08-28T17:51:41.159+02:00,1000,1024,1024,1056,99,520,0,7753,0,850,0,0.0227,0.0208,0.0463,0.0772,0.0773,0.7205,3.091,3.028,105.78,21.69,50.96,11.49,0.0069,0.0076,0.0119,184.22,92.69,179.26,0.0074,0.006,0.01,83.67,191.96,173.9,0.007,0.0058,0.0088,16000,1024,335.9,0.9046,0.0717,0.021,0.0027
2026-08-28T17:52:11.157+02:00,1000,1024,1024,1056,99,520,0,7753,0,850,0,0.0234,0.022,0.0425,0.0716,0.0809,0.5998,2.693,3.205,72.48,22.2,22.5,35.2,0.0082,0.0067,0.011,105.17,37.06,85.1,0.008,0.0066,0.0108,45.08,71.26,16.92,0.0072,0.0063,0.011,16000,1024,439.32,0.9574,0.0342,0.0074,0.0011
2026-08-28T17:52:41.159+02:00,1000,1024,1024,1056,99,520,0,7753,0,850,0,0.0228,0.0207,0.0323,0.0708,0.0713,0.178,2.688,2.952,4.679,130.63,85.53,122.13,0.0072,0.006,0.0128,198.24,92.37,51.99,0.0068,0.0062,0.0101,230.66,38.54,145.66,0.0064,0.0059,0.0094,16000,1024,544.49,0.9521,0.0365,0.0102,0.0013
2026-08-28T17:53:11.160+02:00,1000,1024,1024,1056,99,520,0,7753,0,850,0,0.0236,0.0279,0.2785,0.0854,0.105,0.89,2.927,4.267,5.125,143.83,31.5,213.52,0.0093,0.0087,0.1219,56.72,64.08,163.73,0.0067,0.0081,0.1081,28.7,118.22,451.88,0.0067,0.0077,0.0978,16000,1024,369.77,0.957,0.0329,0.0086,0.0015
2026-08-28T17:53:41.160+02:00,1000,1024,1024,1056,99,520,3,7756,0,850,0,0.0253,0.0212,0.0568,0.0673,0.093,0.7147,2.468,3.695,90.313,67.63,42.86,68.8,0.0078,0.0081,0.0183,141.71,170.08,73.0,0.007,0.0055,0.0172,175.79,120.6,89.5,0.0069,0.0057,0.0144,16000,1024,316.8,0.8905,0.0918,0.0162,0.0015
2026-08-28T17:54:11.159+02:00,1000,1024,1024,1056,99,521,2,7758,0,850,0,0.0237,0.0201,0.0317,0.0944,0.0573,0.1026,3.064,2.733,2.851,128.94,31.51,117.92,0.0078,0.0067,0.011,13.77,61.7,25.82,0.007,0.0056,0.0104,47.69,230.38,92.08,0.0066,0.0055,0.0091,16000,1024,475.89,0.9525,0.0366,0.0094,0.0016
2026-08-28T17:54:41.171+02:00,1000,1024,1034,1066,99,521,1,7759,0,850,0,0.0227,0.0209,0.0316,0.0778,0.0741,0.1231,3.092,2.979,3.433,10.59,71.17,111.96,0.0081,0.006,0.01,29.19,49.94,82.51,0.0075,0.0056,0.0099,157.14,144.01,51.99,0.0071,0.0057,0.0094,16000,1024,508.14,0.98,0.0102,0.0086,0.0012
2026-08-28T17:55:11.161+02:00,1000,1024,1024,1056,99,521,0,7759,0,850,0,0.0222,0.021,0.0308,0.0712,0.0584,0.1008,2.914,2.63,3.138,18.42,60.56,126.76,0.0068,0.0072,0.009,34.94,210.18,79.75,0.0066,0.0067,0.0092,129.88,231.41,120.57,0.006,0.0063,0.0089,16000,1024,942.2,0.9875,0.0098,0.0023,0.0004
2026-08-28T17:55:41.161+02:00,1000,1024,1024,1056,99,521,1,7760,1,851,0,0.0233,0.0208,0.0484,0.0691,0.0655,0.7338,2.737,2.853,107.384,58.52,200.68,69.73,0.0066,0.0071,0.0184,50.4,93.27,6.47,0.0066,0.0066,0.0158,91.59,75.5,154.51,0.0061,0.0061,0.0146,16000,1024,598.4,0.9484,0.0409,0.0098,0.0009
2026-08-28T17:56:11.160+02:00,1000,1024,1024,1056,99,521,2,7762,0,851,0,0.0227,0.0263,0.2718,0.0733,0.1,0.9326,3.033,4.26,5.568,19.01,65.2,401.22,0.0074,0.0094,0.0935,94.2,168.82,163.19,0.0063,0.0074,0.0923,110.79,250.13,337.13,0.0066,0.0072,0.0892,16000,1024,634.13,0.9625,0.0273,0.0086,0.0015
2026-08-28T17:57:11.161+02:00,1000,1024,1024,1056,100,521,8,7775,0,851,0,0.0267,0.022,0.0852,0.1109,0.0783,0.8151,3.549,3.372,45.736,37.73,100.85,229.32,0.0103,0.0062,0.0291,121.18,45.92,385.39,0.0084,0.0059,0.0299,59.67,21.47,10.08,0.0081,0.0059,0.0291,16000,1024,448.76,0.9249,0.0643,0.0092,0.0016
2026-08-28T17:57:41.162+02:00,1000,1024,1024,1056,100,521,0,7775,0,851,0,0.023,0.0197,0.0315,0.0776,0.0568,0.1142,3.298,2.799,3.208,66.11,174.03,8.69,0.0095,0.007,0.0086,27.09,207.76,124.83,0.0071,0.0068,0.0085,78.96,258.79,14.33,0.0065,0.0057,0.0077,16000,1024,430.09,0.8802,0.0993,0.0177,0.0028
2026-08-28T17:58:11.163+02:00,1000,1024,1024,1056,100,521,0,7775,0,851,0,0.0244,0.0209,0.0327,0.0845,0.0742,0.1188,3.324,2.753,2.934,119.41,12.94,43.56,0.0084,0.007,0.0116,129.85,68.81,65.72,0.0073,0.0064,0.0099,2.82,115.33,8.99,0.0071,0.006,0.0095,16000,1024,444.56,0.9445,0.0462,0.0078,0.0015
2026-08-28T17:58:41.163+02:00,1000,1024,1024,1056,100,521,0,7775,0,851,0,0.0235,0.022,0.0311,0.0812,0.0615,0.0983,2.945,2.593,2.833,38.54,5.55,175.9,0.0086,0.0068,0.0102,24.91,95.82,8.34,0.0077,0.0063,0.0107,55.35,41.08,30.57,0.0075,0.0061,0.0106,16000,1024,315.55,0.8785,0.104,0.0152,0.0022
2026-08-28T17:59:11.164+02:00,1000,1024,1024,1056,100,521,1,7776,0,851,0,0.0229,0.021,0.0462,0.0709,0.0625,0.7283,2.8,2.999,118.023,24.37,70.57,147.61,0.0066,0.0068,0.0099,60.51,161.32,224.65,0.0065,0.0061,0.0091,91.09,111.62,62.54,0.0066,0.0061,0.009,16000,1024,395.91,0.9305,0.0622,0.0062,0.0011
2026-08-28T17:59:41.165+02:00,1000,1024,1024,1056,100,521,0,7776,0,851,0,0.0242,0.0208,0.047,0.0812,0.0774,0.7625,2.631,3.19,134.36,89.1,73.6,16.58,0.0081,0.0074,0.0126,109.79,88.83,101.94,0.0082,0.0067,0.0119,49.13,20.02,31.32,0.0076,0.0072,0.011,16000,1024,334.02,0.8956,0.0896,0.0127,0.0021
2026-08-28T18:00:11.167+02:00,1000,1024,1024,1056,100,521,0,7776,0,851,0,0.0221,0.0192,0.0339,0.0771,0.0589,0.12,3.041,2.882,2.774,75.11,69.13,14.97,0.0078,0.0062,0.0117,42.73,44.49,140.95,0.0071,0.006,0.0122,25.54,57.3,69.65,0.0064,0.0051,0.0099,16000,1024,357.01,0.8507,0.1301,0.0167,0.0024
2026-08-28T18:00:41.165+02:00,1000,1024,1024,1056,100,521,0,7776,0,851,0,0.0239,0.0205,0.0331,0.0856,0.0711,0.1002,3.104,2.883,2.911,122.17,128.98,9.27,0.0076,0.0063,0.0127,49.37,117.02,154.41,0.0072,0.006,0.0109,22.02,96.47,92.57,0.0066,0.0055,0.0092,16000,1024,559.85,0.9656,0.0239,0.0092,0.0013
2026-08-28T18:01:41.166+02:00,1000,1024,1024,1056,101,521,0,7786,0,851,0,0.0228,0.0208,0.0322,0.0778,0.0785,0.1094,3.003,3.221,3.082,76.59,52.42,132.7,0.0101,0.007,0.0113,87.95,124.61,45.5,0.0072,0.0074,0.0089,66.71,7.74,27.63,0.0071,0.0063,0.0087,16000,1024,290.56,0.8809,0.095,0.0209,0.0032
2026-08-28T18:02:11.167+02:00,1000,1024,1024,1056,101,521,0,7786,0,851,0,0.0239,0.0215,0.0424,0.072,0.0753,0.6014,2.68,2.855,74.093,73.43,148.27,94.94,0.0075,0.0072,0.0103,20.51,113.77,7.64,0.0073,0.0079,0.0094,39.57,16.92,15.53,0.0072,0.0061,0.0083,16000,1024,537.45,0.9679,0.0266,0.0048,0.0007
2026-08-28T18:02:41.167+02:00,1000,1024,1024,1056,101,521,0,7786,0,851,0,0.0223,0.0209,0.0589,0.0641,0.0659,0.7345,2.942,2.719,91.4,34.08,37.22,69.65,0.0069,0.0073,0.0143,66.19,13.1,5.58,0.0063,0.0073,0.0126,74.28,122.64,146.7,0.0062,0.0069,0.0121,16000,1024,355.38,0.9286,0.0563,0.0137,0.0014
2026-08-28T18:03:11.167+02:00,1000,1024,1024,1056,101,521,1,7787,1,852,0,0.0238,0.0207,0.0322,0.0798,0.0778,0.1141,2.678,3.141,3.101,119.41,260.08,118.15,0.0078,0.0063,0.0092,15.0,94.85,6.34,0.0073,0.0059,0.0093,79.63,69.48,18.38,0.0069,0.0053,0.0086,16000,1024,407.22,0.9714,0.0196,0.0078,0.0013
2026-08-28T18:03:41.167+02:00,1000,1024,1024,1056,101,521,4,7791,0,852,0,0.0239,0.0255,0.2633,0.0842,0.1347,1.4179,3.023,4.799,7.199,208.49,255.97,214.68,0.0073,0.01,0.0958,80.63,197.74,42.98,0.0076,0.0094,0.0892,52.24,176.79,160.06,0.0065,0.0084,0.087,16000,1024,655.91,0.9796,0.0148,0.005,0.0007
2026-08-28T18:04:11.166+02:00,1000,1024,1024,1056,101,521,0,7791,0,852,0,0.0229,0.0211,0.0325,0.0915,0.0729,0.0889,3.035,2.887,2.771,77.09,67.54,28.61,0.0071,0.007,0.0106,131.44,11.43,62.92,0.007,0.0073,0.0107,169.66,120.03,143.21,0.0066,0.0068,0.0102,16000,1024,320.07,0.9473,0.0366,0.0142,0.0018
2026-08-28T18:04:41.167+02:00,1000,1024,1024,1056,101,521,0,7791,0,852,0,0.0217,0.021,0.0473,0.0859,0.0807,0.7368,3.427,3.599,116.354,166.63,10.99,100.35,0.0062,0.0059,0.0121,116.81,28.84,20.33,0.0059,0.0063,0.0098,25.37,54.3,157.32,0.0056,0.0054,0.0087,16000,1024,497.93,0.9676,0.0256,0.006,0.0008
2026-08-28T18:05:11.169+02:00,1000,1024,1024,1056,101,521,7,7798,0,852,0,0.0244,0.0217,0.0914,0.085,0.0723,0.8198,3.05,2.996,46.228,12.21,46.95,230.29,0.0097,0.0074,0.0257,114.35,80.19,55.05,0.0085,0.0068,0.0268,229.51,26.82,138.77,0.0076,0.0067,0.0231,16000,1024,612.66,0.9906,0.0055,0.0033,0.0005
2026-08-28T18:05:41.170+02:00,1000,1024,1024,1056,101,521,0,7798,0,852,0,0.022,0.0231,0.1035,0.0811,0.1978,1.9612,2.812,10.368,213.416,35.09,12.76,115.33,0.0106,0.007,0.0125,125.35,141.12,259.65,0.0069,0.0074,0.0123,56.39,21.87,151.47,0.0062,0.0067,0.0123,16000,1024,515.12,0.967,0.0246,0.0075,0.0009
2026-08-28T18:06:11.169+02:00,1000,1024,1024,1056,101,521,1,7799,0,852,0,0.0225,0.0196,0.0448,0.0788,0.0675,0.6946,2.884,3.057,111.568,56.05,138.68,104.37,0.0064,0.0072,0.0139,36.44,60.52,177.35,0.0064,0.0063,0.0136,12.27,128.95,55.95,0.0067,0.0053,0.0127,16000,1024,557.33,0.9647,0.0297,0.0049,0.0007
2026-08-28T18:06:41.170+02:00,1000,1024,1024,1056,101,521,7,7806,0,852,0,0.0231,0.0228,0.0589,0.1009,0.0802,0.733,3.655,3.054,92.172,7.65,34.93,35.24,0.0102,0.0065,0.0203,21.52,49.27,45.03,0.0093,0.0067,0.0198,130.93,107.54,81.19,0.0084,0.0064,0.0186,16000,1024,424.94,0.9527,0.0352,0.011,0.0011
2026-08-28T18:07:11.174+02:00,1000,1024,1027,1060,101,521,1,7807,0,852,0,0.0233,0.0205,0.032,0.0833,0.0591,0.0929,2.868,2.637,2.924,111.61,37.31,65.41,0.007,0.0074,0.0125,60.52,10.21,24.89,0.0067,0.0077,0.0114,267.0,112.32,97.81,0.0068,0.0052,0.0082,16000,1024,286.0,0.7971,0.1746,0.0246,0.0037
2026-08-28T18:07:41.170+02:00,1000,1024,1024,1056,101,521,68,7875,0,852,0,0.0236,0.0218,0.0826,0.079,0.0928,0.7136,2.93,3.894,43.306,2.16,27.28,181.02,0.0081,0.0091,0.0261,190.94,168.85,59.52,0.0077,0.0069,0.0221,12.85,140.57,31.12,0.0068,0.0064,0.0209,16000,1024,383.83,0.9206,0.0656,0.012,0.0018
2026-08-28T18:08:11.171+02:00,1000,1024,1024,1056,101,521,22,7897,0,852,0,0.0257,0.0226,0.0894,0.0851,0.0978,0.8412,3.089,3.353,50.141,21.69,26.68,14.56,0.007,0.0071,0.0256,80.44,47.23,88.85,0.0068,0.0069,0.0249,112.11,10.85,2.87,0.0065,0.0065,0.0247,16000,1024,755.29,0.9886,0.0089,0.0022,0.0004
2026-08-28T18:08:41.170+02:00,1000,1024,1024,1056,101,522,8,7905,0,852,0,0.0227,0.0209,0.0483,0.0899,0.0784,0.7163,3.391,3.167,95.052,177.55,78.37,93.89,0.0066,0.0072,0.0125,71.01,87.87,37.85,0.0067,0.0057,0.0125,48.34,151.95,16.41,0.0066,0.0059,0.0119,16000,1024,498.97,0.9647,0.0237,0.0104,0.0011
2026-08-28T18:09:11.174+02:00,1000,1024,1024,1056,101,525,4,7909,1,853,0,0.0229,0.0221,0.0749,0.0727,0.093,0.7362,2.739,3.872,58.881,166.99,71.78,92.38,0.0079,0.0087,0.0211,16.15,13.71,26.35,0.0074,0.0065,0.0162,172.61,2.7,197.21,0.0071,0.0064,0.015,16000,1024,331.25,0.9404,0.0428,0.0151,0.0017
2026-08-28T18:09:41.173+02:00,1000,1024,1026,1058,101,525,14,7923,0,853,0,0.0258,0.0212,0.1084,0.1165,0.0952,0.7306,3.991,3.814,29.444,10.51,41.15,44.47,0.008,0.0065,0.0389,88.73,107.86,128.95,0.0075,0.0074,0.0344,82.05,80.38,88.31,0.0064,0.0056,0.0362,16000,1024,417.9,0.9466,0.0395,0.0123,0.0015
2026-08-28T18:10:11.171+02:00,1000,1024,1024,1056,101,525,1,7924,0,853,0,0.0238,0.0205,0.0991,0.0832,0.0645,1.822,2.785,3.046,234.806,22.98,92.62,5.44,0.0087,0.007,0.0203,115.12,22.17,56.98,0.0075,0.0071,0.0165,9.14,14.65,95.11,0.0074,0.0061,0.0173,16000,1024,377.33,0.9211,0.062,0.0149,0.002
2026-08-28T18:10:41.171+02:00,1000,1024,1024,1056,101,526,0,7924,0,853,0,0.0234,0.0217,0.0298,0.0766,0.0682,0.1004,3.314,2.84,2.865,67.14,12.19,60.37,0.0074,0.0072,0.0093,252.35,125.47,85.57,0.0073,0.007,0.0094,152.69,96.73,1.51,0.0061,0.0065,0.0087,16000,1024,796.57,0.9904,0.0062,0.003,0.0004
2026-08-28T18:11:11.172+02:00,1000,1024,1024,1056,101,526,0,7924,0,853,0,0.0234,0.0201,0.0473,0.0678,0.0734,0.7302,2.716,3.122,108.897,89.15,243.82,11.88,0.008,0.0075,0.0127,29.91,162.51,126.54,0.0068,0.0061,0.0122,157.65,103.52,154.98,0.0068,0.0056,0.0108,16000,1024,265.44,0.8899,0.0774,0.0294,0.0033
2026-08-28T18:11:41.174+02:00,1000,1024,1024,1056,101,526,0,7924,0,853,0,0.024,0.0212,0.0322,0.0727,0.0623,0.1097,2.787,2.948,2.985,52.51,99.6,5.48,0.0074,0.0072,0.0098,31.83,33.51,35.46,0.0065,0.0069,0.0096,163.2,38.45,103.74,0.0059,0.0065,0.0093,16000,1024,664.43,0.9207,0.064,0.0131,0.0021
2026-08-28T18:12:11.174+02:00,1000,1024,1024,1056,101,526,0,7924,0,853,0,0.024,0.022,0.0468,0.072,0.0909,0.7168,2.739,3.144,111.491,134.59,32.2,24.14,0.0075,0.0075,0.0125,19.39,113.02,93.19,0.0071,0.007,0.011,124.48,72.45,137.02,0.0068,0.0061,0.01,16000,1024,750.09,0.9836,0.013,0.0029,0.0004
2026-08-28T18:12:41.174+02:00,1000,1024,1024,1056,101,527,83,8007,0,853,0,0.0251,0.0212,0.0588,0.0958,0.069,0.6103,3.031,3.007,58.862,22.36,51.53,6.52,0.0074,0.0063,0.0205,105.97,131.4,36.22,0.0075,0.0068,0.0177,51.08,46.79,65.8,0.0069,0.0058,0.0179,16000,1024,497.47,0.9675,0.0257,0.0057,0.001
2026-08-28T18:13:11.175+02:00,1000,1024,1024,1056,101,528,4,8011,0,853,0,0.0245,0.0219,0.046,0.0777,0.0655,0.7042,2.86,2.804,102.016,2.49,32.48,204.0,0.0083,0.007,0.0164,104.33,169.6,162.38,0.0068,0.0065,0.0139,25.97,41.74,103.64,0.0074,0.0064,0.0135,16000,1024,380.07,0.9782,0.0113,0.0093,0.0012
2026-08-28T18:13:41.175+02:00,1000,1024,1024,1056,101,528,0,8011,0,853,0,0.0231,0.0211,0.0298,0.0748,0.0695,0.0967,3.037,2.845,2.679,161.18,41.05,10.76,0.0072,0.0059,0.0089,41.67,186.75,68.84,0.0071,0.0056,0.0091,50.35,150.64,17.98,0.0073,0.0055,0.0088,16000,1024,1223.07,0.9756,0.0183,0.0052,0.0009
2026-08-28T18:14:11.176+02:00,1000,1024,1024,1056,101,528,78,8089,0,853,0,0.0242,0.0236,0.0799,0.0842,0.0892,0.722,2.938,3.168,43.675,83.98,26.33,76.86,0.0075,0.0076,0.0217,35.04,49.02,66.29,0.0066,0.007,0.0175,54.26,73.4,202.51,0.0072,0.0066,0.0169,16000,1024,394.18,0.9481,0.0393,0.0108,0.0017
2026-08-28T18:14:41.176+02:00,1000,1024,1024,1056,101,528,0,8089,0,853,0,0.0235,0.0199,0.0479,0.073,0.0652,0.7403,2.859,3.026,105.325,49.57,25.27,100.52,0.0117,0.0067,0.0156,59.92,35.51,160.2,0.0075,0.0061,0.0142,104.15,89.69,85.98,0.0072,0.0057,0.0128,16000,1024,419.93,0.9494,0.0349,0.0143,0.0014
2026-08-28T18:15:11.175+02:00,1000,1024,1024,1056,101,528,4,8093,0,853,0,0.023,0.0219,0.0311,0.0828,0.0869,0.1114,2.741,3.406,3.072,110.4,76.88,76.39,0.0076,0.0069,0.0107,32.87,143.2,35.4,0.0077,0.0068,0.0095,42.46,26.78,163.95,0.0068,0.0064,0.009,16000,1024,1682.42,0.8783,0.1168,0.0043,0.0006
2026-08-28T18:15:41.175+02:00,1000,1024,1024,1056,101,528,1,8094,0,853,0,0.0227,0.0267,0.2632,0.091,0.1023,0.9044,3.434,4.248,6.084,145.91,4.22,139.02,0.008,0.0104,0.087,115.9,42.83,494.97,0.007,0.0078,0.0761,11.52,115.72,147.75,0.0064,0.0076,0.0784,16000,1024,567.61,0.9559,0.032,0.011,0.0011
2026-08-28T18:16:11.176+02:00,1000,1024,1024,1056,101,528,0,8094,0,853,0,0.0213,0.0205,0.0289,0.0708,0.0599,0.104,3.148,2.461,3.18,6.32,126.6,9.44,0.0069,0.0069,0.0088,80.01,4.11,81.16,0.006,0.0062,0.0081,234.72,12.32,115.78,0.006,0.0062,0.0082,16000,1024,421.2,0.9573,0.032,0.0099,0.0008
2026-08-28T18:16:41.177+02:00,1000,1024,1024,1056,101,528,1,8095,0,853,0,0.0234,0.0205,0.0325,0.098,0.0663,0.1071,3.016,2.896,3.202,84.43,96.06,10.96,0.0085,0.0076,0.0119,40.37,28.37,63.79,0.0076,0.0061,0.0103,98.59,5.86,92.97,0.0069,0.0056,0.0097,16000,1024,363.25,0.9208,0.0519,0.0249,0.0024
2026-08-28T18:17:11.177+02:00,1000,1024,1024,1056,101,528,0,8095,0,853,0,0.0226,0.021,0.0313,0.0731,0.0896,0.1017,2.919,3.329,2.681,96.7,99.72,35.22,0.0069,0.0061,0.0096,172.08,25.77,209.19,0.007,0.0063,0.0092,143.45,149.28,22.79,0.0064,0.0059,0.0097,16000,1024,324.94,0.9092,0.0648,0.0236,0.0024
2026-08-28T18:17:41.178+02:00,1000,1024,1024,1056,101,528,0,8095,0,853,0,1.5632,0.368,0.2982,2.2428,0.6128,1.1483,1.475,1.572,4.417,49.15,49.15,49.17,2.2442,0.5258,0.2507,147.4,147.46,426.11,0.0647,0.0612,0.0919,99.79,100.0,339.58,0.0158,0.0377,0.0842,16000,1024,705.37,0.9228,0.0596,0.0115,0.0061
2026-08-28T18:18:11.179+02:00,1000,1024,1024,1056,101,529,0,8095,0,853,0,1.2584,0.3891,0.1517,1.8141,0.608,0.6323,1.472,1.53,2.646,49.36,49.35,49.37,1.8405,0.568,0.2001,148.06,99.86,147.84,0.0594,0.0424,0.0264,99.81,148.36,99.39,0.014,0.0293,0.025,16000,1024,554.21,0.8637,0.1181,0.0148,0.0033
2026-08-28T18:18:41.178+02:00,1000,1024,1024,1056,101,529,6,8101,0,853,0,1.1816,0.3962,0.1424,1.8512,0.6354,0.7975,1.476,1.568,3.56,49.34,49.33,49.34,1.6446,0.5453,0.1758,31.35,38.25,99.23,0.1506,0.0566,0.0246,38.09,31.26,31.32,0.1474,0.0517,0.0231,16000,1024,633.56,0.8693,0.1113,0.0163,0.0031
2026-08-28T18:19:11.179+02:00,1000,1024,1024,1056,101,529,0,8101,0,853,0,1.2082,0.4015,0.1429,1.7497,0.6435,0.2868,1.472,1.543,1.79,49.44,49.44,49.43,1.7544,0.5764,0.2002,148.47,100.03,99.37,0.0514,0.0366,0.0293,99.77,148.73,148.61,0.0185,0.0216,0.0289,16000,1024,922.14,0.9358,0.0571,0.0059,0.0012
2026-08-28T18:19:41.180+02:00,1000,1024,1024,1056,101,529,0,8101,0,853,0,1.2743,0.3968,0.1532,1.8318,0.6394,0.5954,1.475,1.549,2.079,49.41,49.41,49.41,1.8556,0.5738,0.211,148.17,99.88,148.43,0.0491,0.0409,0.0215,99.67,148.61,100.13,0.0204,0.0256,0.0197,16000,1024,918.65,0.9273,0.0621,0.0077,0.0029
2026-08-28T18:20:11.179+02:00,1000,1024,1024,1056,101,529,0,8101,0,853,0,1.2768,0.3943,0.1508,1.8194,0.6522,0.6729,1.466,1.543,2.276,49.41,49.4,49.4,1.8536,0.5739,0.2029,148.21,100.0,148.33,0.0523,0.0374,0.0236,197.56,148.24,98.89,0.0112,0.0199,0.0131,16000,1024,974.35,0.9508,0.0409,0.0058,0.0026
2026-08-28T18:20:41.182+02:00,1000,1024,1024,1056,101,529,0,8101,0,853,0,1.2783,0.3945,0.1573,1.8343,0.6598,0.8645,1.468,1.548,4.313,49.41,49.4,49.4,1.8523,0.5753,0.2019,148.21,100.16,98.56,0.0563,0.0393,0.0277,197.79,148.28,28.99,0.0156,0.0156,0.0177,16000,1024,588.51,0.9275,0.0597,0.0104,0.0024
2026-08-28T18:21:11.179+02:00,1000,1024,1024,1056,101,529,15,8116,0,853,0,1.3056,0.3899,0.1701,2.0067,0.6818,0.8857,1.497,1.583,4.847,49.36,49.38,49.36,1.2915,0.3853,0.1526,32.94,33.07,13.84,0.4108,0.0967,0.044,54.29,43.46,9.03,0.329,0.0962,0.0455,16000,1024,642.49,0.8021,0.1698,0.0228,0.0052
2026-08-28T18:21:41.181+02:00,1000,1024,1024,1056,101,529,0,8116,0,853,0,1.3753,0.3941,0.1549,1.9907,0.6139,0.2988,1.477,1.529,1.772,49.34,49.33,49.35,2.0229,0.5743,0.2184,148.03,99.85,148.0,0.0546,0.0408,0.0267,99.74,148.43,99.05,0.0219,0.0254,0.022,16000,1024,774.69,0.9271,0.0613,0.0084,0.0032
2026-08-28T18:22:11.184+02:00,1000,1024,1024,1056,101,529,0,8116,0,853,0,1.3817,0.3959,0.1616,1.9837,0.6349,0.8245,1.478,1.531,2.749,49.34,49.34,49.34,2.0254,0.5794,0.2274,148.07,99.93,148.14,0.0529,0.0452,0.0277,99.66,148.28,100.3,0.021,0.0239,0.0199,16000,1024,674.21,0.9123,0.0771,0.0079,0.0027
2026-08-28T18:22:41.181+02:00,1000,1024,1024,1056,101,529,3,8119,0,853,0,1.4146,0.39,0.1679,2.2018,0.6358,0.7322,1.477,1.544,2.201,49.35,49.35,49.37,1.7409,0.4723,0.1952,54.2,44.43,45.41,0.2524,0.0715,0.0313,45.41,54.2,54.39,0.2325,0.0732,0.0306,16000,1024,577.05,0.924,0.0662,0.0076,0.0022
2026-08-28T18:23:11.183+02:00,1000,1024,1024,1056,101,529,0,8119,0,853,0,1.434,0.395,0.1638,2.0957,0.6522,0.3312,1.477,1.539,1.749,49.32,49.32,49.32,2.1074,0.5791,0.2309,147.93,100.01,148.04,0.0596,0.039,0.0272,99.59,148.25,98.66,0.0162,0.0253,0.0122,16000,1024,748.59,0.9441,0.0501,0.0045,0.0014
2026-08-28T18:23:41.190+02:00,1000,1024,1031,1064,101,529,3,8122,0,853,0,1.4262,0.3933,0.1689,2.0825,0.6275,0.6836,1.485,1.544,2.165,49.29,49.29,49.3,2.0435,0.5552,0.2336,30.09,99.92,148.06,0.0618,0.041,0.0351,39.32,148.43,99.12,0.0612,0.0252,0.0248,16000,1024,580.81,0.931,0.0566,0.01,0.0025
2026-08-28T18:24:11.184+02:00,1000,1024,1024,1056,101,529,0,8122,0,853,0,1.4389,0.3912,0.1687,2.0831,0.6372,0.324,1.48,1.549,1.763,49.31,49.31,49.3,2.12,0.5731,0.2423,147.91,100.09,147.84,0.0583,0.0451,0.0316,197.21,147.91,98.54,0.0187,0.029,0.0146,16000,1024,453.0,0.8565,0.1175,0.0205,0.0054
2026-08-28T18:24:41.184+02:00,1000,1024,1024,1056,101,529,0,8122,0,853,0,1.4608,0.3923,0.1673,2.0938,0.6176,0.3541,1.481,1.535,1.76,49.31,49.3,49.32,2.1497,0.5708,0.2432,147.9,100.0,147.92,0.0636,0.0402,0.0279,99.84,148.13,99.49,0.0158,0.0287,0.0222,16000,1024,567.69,0.8529,0.1297,0.0134,0.0041
2026-08-28T18:25:11.184+02:00,1000,1024,1024,1056,101,529,1,8123,0,853,0,1.4683,0.3928,0.1696,2.2152,0.6278,0.3517,1.486,1.538,1.775,49.3,49.3,49.28,2.0936,0.5606,0.2323,33.62,43.01,147.92,0.1405,0.0334,0.035,42.83,35.16,36.88,0.14,0.0306,0.0268,16000,1024,1856.53,0.809,0.1805,0.0089,0.0016
2026-08-28T18:25:41.185+02:00,1000,1024,1024,1056,101,529,1,8124,0,853,0,1.4783,0.3928,0.1689,2.2149,0.6427,0.3528,1.488,1.535,1.819,49.26,49.26,49.26,2.1166,0.5599,0.2334,147.63,100.02,147.62,0.0693,0.0412,0.0334,42.84,147.87,98.57,0.0599,0.029,0.0182,16000,1024,813.71,0.9096,0.0776,0.0096,0.0032
2026-08-28T18:26:11.183+02:00,1000,1024,1024,1056,101,529,1,8125,0,853,0,1.4792,0.3942,0.1702,2.1452,0.624,0.3571,1.487,1.533,1.813,49.29,49.29,49.3,2.1228,0.562,0.2403,28.99,31.04,147.72,0.1138,0.0344,0.035,42.69,42.94,31.17,0.1131,0.0341,0.018,16000,1024,788.36,0.9352,0.0556,0.0075,0.0017
2026-08-28T18:26:41.186+02:00,1000,1024,1024,1056,101,529,0,8125,0,853,0,1.4814,0.396,0.1706,2.163,0.6315,0.3318,1.482,1.543,1.752,49.29,49.29,49.29,2.1685,0.5766,0.2453,147.89,99.97,147.79,0.068,0.04,0.0351,197.09,148.12,99.34,0.0163,0.0308,0.0202,16000,1024,682.74,0.8871,0.0781,0.0279,0.007
2026-08-28T18:27:11.184+02:00,1000,1024,1024,1056,101,529,1,8126,0,853,0,1.51,0.3905,0.1692,2.1948,0.6136,0.3255,1.488,1.538,1.785,49.23,49.24,49.23,2.0894,0.5341,0.2211,37.13,99.96,147.77,0.1081,0.0421,0.0343,41.85,39.05,98.79,0.1057,0.0312,0.0252,16000,1024,625.34,0.8852,0.0926,0.0167,0.0055
2026-08-28T18:27:41.185+02:00,1000,1024,1024,1056,101,529,0,8126,0,853,0,1.3721,0.3915,0.1672,2.0288,0.6539,0.7422,1.486,1.55,2.38,49.3,49.3,49.28,2.0163,0.5764,0.2332,147.93,100.11,148.08,0.0595,0.0433,0.0316,197.16,147.7,100.38,0.0161,0.0253,0.0167,16000,1024,645.4,0.8788,0.0887,0.0229,0.0096
2026-08-28T18:28:11.185+02:00,1000,1024,1024,1056,101,529,0,8126,0,853,0,1.4551,0.3941,0.1677,2.1038,0.636,0.3122,1.482,1.553,1.776,49.27,49.28,49.27,2.1276,0.5757,0.2366,147.86,100.1,147.88,0.069,0.0443,0.0363,197.27,147.65,98.85,0.0179,0.0352,0.0229,16000,1024,552.08,0.673,0.3003,0.0192,0.0075
2026-08-28T18:28:41.187+02:00,1000,1024,1024,1056,101,529,0,8126,0,853,0,1.5138,0.3913,0.1831,2.2115,0.6389,0.8168,1.481,1.548,2.953,49.24,49.24,49.24,2.206,0.5661,0.2323,147.72,100.01,147.85,0.0696,0.0419,0.0314,99.92,147.84,99.02,0.0196,0.0342,0.0266,16000,1024,582.38,0.9004,0.0896,0.0082,0.0017
2026-08-28T18:29:11.192+02:00,1000,1024,1029,1061,101,529,4,8130,0,853,0,1.4947,0.3916,0.1728,2.2556,0.6332,0.3499,1.489,1.558,1.793,49.29,49.28,49.28,1.9291,0.508,0.2156,44.26,44.35,38.93,0.2686,0.0743,0.0334,54.54,39.04,147.66,0.2543,0.0691,0.0317,16000,1024,581.59,0.9051,0.0802,0.0101,0.0046
2026-08-28T18:29:41.187+02:00,1000,1024,1024,1056,101,529,47,8177,30,883,0,1.5096,0.3931,0.2685,2.2331,0.6417,1.742,1.492,1.56,7.558,49.17,49.17,49.08,1.9336,0.48,0.2191,43.46,43.46,492.81,0.182,0.0574,0.0749,20.09,53.22,13.97,0.1717,0.0558,0.0689,16000,1024,766.67,0.8768,0.1065,0.0122,0.0044
2026-08-28T18:30:11.188+02:00,1000,1024,1024,1056,101,529,51,8228,36,919,0,1.4904,0.3939,0.3094,2.1788,0.656,1.6173,1.484,1.556,6.036,49.25,49.25,49.27,2.1699,0.5716,0.3101,147.68,147.63,89.87,0.0819,0.0379,0.0705,99.47,100.18,179.05,0.0261,0.0381,0.0684,16000,1024,885.68,0.946,0.0459,0.0063,0.0018
2026-08-28T18:30:41.188+02:00,1000,1024,1024,1056,101,529,0,8228,0,919,0,1.5092,0.3939,0.1742,2.1754,0.6289,0.3618,1.48,1.545,1.751,49.24,49.24,49.23,2.1917,0.5701,0.2443,147.71,99.95,147.63,0.0689,0.0428,0.0272,196.91,147.82,99.24,0.0151,0.0398,0.0212,16000,1024,908.42,0.9431,0.0506,0.0044,0.002
2026-08-28T18:31:11.189+02:00,1000,1024,1024,1056,101,529,0,8228,0,919,0,1.5209,0.3951,0.2145,2.1955,0.6417,1.1336,1.48,1.563,6.753,49.23,49.22,49.24,2.2064,0.5683,0.2508,147.68,100.11,64.73,0.0683,0.0479,0.0443,196.74,147.73,287.93,0.0176,0.0353,0.0406,16000,1024,718.51,0.9076,0.0853,0.0056,0.0014
2026-08-28T18:31:41.188+02:00,1000,1024,1024,1056,101,529,0,8228,0,919,0,1.5258,0.394,0.1708,2.204,0.6516,0.335,1.487,1.543,1.777,49.22,49.22,49.22,2.2214,0.5689,0.24,147.62,100.19,147.68,0.0707,0.0421,0.0374,196.77,147.44,24.52,0.0175,0.0333,0.0161,16000,1024,655.3,0.8825,0.1058,0.008,0.0038
2026-08-28T18:32:11.188+02:00,1000,1024,1024,1056,101,529,91,8319,72,991,0,1.5117,0.3946,0.3322,2.2078,0.6563,1.3966,1.488,1.554,3.795,49.22,49.23,49.26,2.1959,0.5665,0.334,147.56,147.74,160.45,0.0734,0.0394,0.0964,98.18,99.98,362.55,0.0453,0.0405,0.0834,16000,1024,726.07,0.9298,0.0601,0.0068,0.0032
2026-08-28T18:32:41.188+02:00,1000,1024,1024,1056,101,529,2,8321,0,991,0,1.5224,0.3903,0.1711,2.2131,0.6274,0.3518,1.491,1.559,1.766,49.2,49.19,49.19,2.1611,0.5493,0.2423,147.59,100.08,147.63,0.0666,0.0511,0.0302,38.35,147.5,98.45,0.0626,0.0346,0.0236,16000,1024,564.72,0.9234,0.0621,0.0104,0.0042
2026-08-28T18:33:11.189+02:00,1000,1024,1024,1056,101,529,0,8321,0,991,0,1.5522,0.3951,0.1739,2.2297,0.6454,0.3258,1.483,1.551,1.711,49.2,49.2,49.2,2.248,0.5699,0.2465,147.59,99.99,147.41,0.0667,0.0448,0.0276,100.16,147.69,99.0,0.0214,0.035,0.0233,16000,1024,515.61,0.8054,0.1671,0.0205,0.0071
2026-08-28T18:33:41.191+02:00,1000,1024,1024,1056,101,529,1,8322,0,991,0,1.5431,0.3952,0.1833,2.229,0.652,0.8685,1.488,1.553,2.987,49.16,49.17,49.17,2.1428,0.5382,0.2296,43.93,36.66,53.47,0.1348,0.0457,0.0246,53.35,99.81,147.71,0.1292,0.0452,0.0228,16000,1024,698.62,0.9391,0.0519,0.0061,0.0029
2026-08-28T18:34:11.189+02:00,1000,1024,1024,1056,101,529,1,8323,0,991,0,1.5507,0.395,0.1765,2.2489,0.6526,0.3415,1.488,1.544,1.777,49.19,49.18,49.17,2.1292,0.5447,0.2373,33.98,99.97,147.63,0.1288,0.045,0.0361,29.79,147.8,98.93,0.1272,0.036,0.0269,16000,1024,626.68,0.8943,0.0921,0.0093,0.0042
2026-08-28T18:34:41.190+02:00,1000,1024,1024,1056,101,530,0,8323,0,991,0,1.5561,0.3947,0.1791,2.2597,0.6472,0.3564,1.488,1.545,1.77,49.2,49.2,49.18,2.2547,0.5681,0.2529,147.54,99.99,147.73,0.0649,0.0431,0.0362,100.12,147.72,98.97,0.0197,0.033,0.0213,16000,1024,698.53,0.8658,0.1211,0.0096,0.0036
2026-08-28T18:35:11.190+02:00,1000,1024,1024,1056,101,530,0,8323,0,991,0,1.5623,0.3968,0.1796,2.2619,0.6388,0.3602,1.488,1.547,1.787,49.19,49.19,49.2,2.263,0.5707,0.2493,147.58,147.57,147.57,0.0722,0.0386,0.0364,196.89,100.08,99.41,0.0183,0.0445,0.0262,16000,1024,708.08,0.8889,0.1039,0.0046,0.0026
2026-08-28T18:35:41.192+02:00,1000,1024,1024,1056,101,530,1,8324,0,991,0,1.5571,0.3953,0.1915,2.6446,0.6409,0.904,1.492,1.542,3.418,49.19,49.18,49.17,2.2334,0.5643,0.2489,147.51,99.91,147.36,0.0661,0.0448,0.032,40.08,147.79,99.49,0.0326,0.0372,0.0177,16000,1024,662.15,0.873,0.1112,0.0122,0.0036
2026-08-28T18:36:11.192+02:00,1000,1024,1024,1056,101,530,1,8325,0,991,0,1.5903,0.3911,0.1957,2.2999,0.6177,0.9301,1.487,1.541,3.611,49.13,49.13,49.12,2.2391,0.5514,0.2558,147.42,99.99,147.58,0.0736,0.0461,0.0339,35.11,147.31,97.86,0.066,0.0328,0.0244,16000,1024,510.09,0.8969,0.0881,0.0114,0.0037
2026-08-28T18:36:41.198+02:00,1000,1024,1024,1056,101,530,3,8328,0,991,0,1.5973,0.3933,0.2434,2.4666,0.6506,1.1014,1.49,1.572,6.513,49.13,49.14,49.14,2.2753,0.5595,0.2824,147.47,99.99,294.97,0.0693,0.0517,0.0555,42.54,147.25,204.96,0.0476,0.0341,0.0528,16000,1024,548.67,0.8724,0.1175,0.0078,0.0023
2026-08-28T18:37:11.193+02:00,1000,1024,1024,1056,101,530,0,8328,0,991,0,1.6082,0.3928,0.1887,2.3299,0.6254,0.7549,1.487,1.544,2.115,49.14,49.14,49.13,2.3124,0.5627,0.2653,147.38,99.97,147.46,0.0725,0.0449,0.0304,99.99,147.27,197.0,0.0197,0.037,0.016,16000,1024,882.44,0.8712,0.1183,0.0065,0.0039
2026-08-28T18:37:41.194+02:00,1000,1024,1024,1056,101,531,6,8334,1,992,0,1.5949,0.3902,0.1846,2.3243,0.6502,0.5446,1.484,1.566,1.901,49.15,49.15,49.16,2.0894,0.5159,0.2428,40.61,43.38,147.48,0.2371,0.0562,0.0392,34.78,100.11,99.26,0.1916,0.0503,0.0306,16000,1024,730.92,0.899,0.0954,0.0041,0.0015
2026-08-28T18:38:11.194+02:00,1000,1024,1024,1056,101,531,0,8334,0,992,0,1.594,0.3949,0.1796,2.2892,0.651,0.3588,1.483,1.554,1.772,49.11,49.1,49.1,2.2807,0.5623,0.2512,147.29,99.9,147.34,0.0695,0.0464,0.0376,53.22,147.29,99.07,0.0419,0.0318,0.0263,16000,1024,897.61,0.9361,0.0581,0.0043,0.0015
2026-08-28T18:38:41.194+02:00,1000,1024,1024,1056,101,531,16,8350,0,992,0,1.575,0.3914,0.2044,2.419,0.6982,0.9099,1.538,1.569,4.035,49.22,49.28,49.22,1.3823,0.3177,0.1628,32.87,36.9,32.32,0.5192,0.1371,0.0591,20.98,18.28,36.9,0.4634,0.1281,0.0507,16000,1024,644.31,0.892,0.0949,0.009,0.0041
2026-08-28T18:39:11.193+02:00,1000,1024,1024,1056,101,531,0,8350,0,992,0,1.6036,0.3947,0.1881,2.3141,0.6317,0.6696,1.482,1.543,1.959,49.05,49.05,49.08,2.2718,0.5598,0.2546,147.06,99.87,147.12,0.0735,0.044,0.037,54.2,147.02,70.5,0.0372,0.0348,0.0177,16000,1024,742.92,0.9168,0.0716,0.0091,0.0025
2026-08-28T18:39:41.194+02:00,1000,1024,1024,1056,101,531,2,8352,0,992,0,1.611,0.3938,0.1869,2.4208,0.6536,0.3834,1.49,1.555,1.757,49.14,49.13,49.15,2.267,0.5507,0.255,147.46,99.97,147.41,0.077,0.041,0.0389,43.06,147.62,99.83,0.0523,0.0327,0.0187,16000,1024,942.12,0.9147,0.0735,0.0095,0.0022
2026-08-28T18:40:11.194+02:00,1000,1024,1024,1056,101,531,0,8352,0,992,0,1.6099,0.3982,0.1857,2.3371,0.6483,0.6291,1.489,1.535,1.934,49.16,49.16,49.16,2.3273,0.5694,0.2555,147.4,99.98,147.41,0.0695,0.0459,0.0367,100.0,147.37,98.85,0.0136,0.0345,0.0234,16000,1024,663.49,0.779,0.2046,0.0137,0.0028
2026-08-28T18:40:41.195+02:00,1000,1024,1024,1056,101,531,0,8352,0,992,0,1.6126,0.3981,0.184,2.3209,0.644,0.3696,1.485,1.55,1.77,49.14,49.15,49.13,2.3244,0.5705,0.2567,147.4,99.92,147.43,0.0718,0.0462,0.0342,99.56,147.63,99.28,0.018,0.0389,0.0243,16000,1024,582.54,0.8925,0.0934,0.0116,0.0025
2026-08-28T18:41:11.196+02:00,1000,1024,1024,1056,101,531,1,8353,0,992,0,1.6192,0.398,0.218,2.3604,0.72,1.3907,1.494,1.537,6.653,49.16,49.18,49.11,2.3015,0.5593,0.2582,147.42,147.36,147.39,0.0815,0.035,0.0531,15.47,100.12,24.48,0.0558,0.0384,0.0427,16000,1024,656.94,0.8405,0.1448,0.0107,0.004
2026-08-28T18:41:41.196+02:00,1000,1024,1024,1056,101,531,4,8357,0,992,0,1.5869,0.4,0.1893,2.3676,0.6385,0.8008,1.503,1.553,2.44,49.17,49.18,49.15,2.1863,0.5525,0.2507,30.56,100.04,147.3,0.0852,0.0473,0.0365,34.67,147.4,30.26,0.0776,0.0339,0.0208,16000,1024,1195.6,0.9428,0.0491,0.0065,0.0017
2026-08-28T18:42:11.197+02:00,1000,1024,1024,1056,101,531,0,8357,0,992,0,1.5904,0.4023,0.1842,2.3292,0.6307,0.3805,1.487,1.544,1.837,49.19,49.19,49.16,2.2983,0.5768,0.2592,147.6,147.49,147.46,0.0728,0.0421,0.0406,196.77,100.07,99.55,0.0191,0.0466,0.0246,16000,1024,625.42,0.8002,0.1859,0.0103,0.0036
2026-08-28T18:42:41.197+02:00,1000,1024,1024,1056,101,531,2,8359,0,992,0,1.5801,0.4056,0.193,2.2987,0.6791,0.852,1.503,1.541,2.514,49.17,49.17,49.21,2.0871,0.5337,0.2477,40.23,40.15,8.8,0.2728,0.0595,0.0326,31.23,35.58,13.22,0.2579,0.0623,0.0308,16000,1024,737.96,0.939,0.0533,0.006,0.0017
2026-08-28T18:43:11.198+02:00,1000,1024,1024,1056,101,531,89,8448,66,1058,0,1.5921,0.4069,0.329,2.3385,0.6629,1.3149,1.487,1.539,3.886,49.12,49.11,49.11,2.2788,0.579,0.2971,147.31,99.98,203.34,0.0789,0.0527,0.0834,53.22,147.09,240.44,0.0438,0.0386,0.0784,16000,1024,664.44,0.9081,0.085,0.0054,0.0015
2026-08-28T18:43:41.199+02:00,1000,1024,1024,1056,101,531,80,8528,58,1116,0,1.5968,0.4058,0.3229,2.3786,0.6934,1.374,1.494,1.553,3.883,49.17,49.15,49.13,2.3146,0.582,0.3291,147.6,147.41,147.38,0.0759,0.0428,0.101,98.72,100.04,341.51,0.0487,0.0478,0.1037,16000,1024,648.25,0.9049,0.0844,0.0091,0.0016
2026-08-28T18:44:11.199+02:00,1000,1024,1024,1056,101,531,48,8576,42,1158,0,1.5996,0.4141,0.2595,2.341,0.7729,0.8864,1.504,1.582,4.141,49.17,49.17,49.25,2.3166,0.5929,0.3103,147.39,100.14,38.34,0.0707,0.0445,0.0575,196.28,147.42,340.91,0.0297,0.0357,0.0465,16000,1024,839.95,0.9381,0.0575,0.0034,0.001
2026-08-28T18:44:41.198+02:00,1000,1024,1024,1056,101,531,0,8576,0,1158,0,1.6039,0.4046,0.1884,2.321,0.6849,0.3807,1.496,1.54,1.821,49.18,49.19,49.18,2.3284,0.5822,0.2658,147.45,100.09,147.48,0.0735,0.0519,0.0408,196.82,147.36,98.49,0.0151,0.0353,0.019,16000,1024,739.95,0.906,0.0867,0.0053,0.002
2026-08-28T18:45:11.199+02:00,1000,1024,1024,1056,101,531,0,8576,0,1158,0,1.6145,0.406,0.1925,2.3515,0.6619,0.3528,1.492,1.542,1.77,49.14,49.14,49.15,2.3282,0.583,0.2708,147.31,100.07,147.27,0.0736,0.0529,0.0332,53.22,147.28,98.08,0.0294,0.0353,0.0263,16000,1024,891.84,0.885,0.1097,0.004,0.0013
2026-08-28T18:45:41.200+02:00,1000,1024,1024,1056,101,531,0,8576,0,1158,0,1.6096,0.406,0.204,2.9163,0.6477,0.977,1.502,1.542,3.746,49.18,49.18,49.18,2.3242,0.5858,0.2738,147.61,100.14,147.76,0.0693,0.0481,0.0317,196.75,147.54,76.29,0.0243,0.0328,0.0185,16000,1024,589.95,0.7778,0.206,0.0109,0.0052
2026-08-28T18:46:11.198+02:00,1000,1024,1024,1056,101,531,8,8584,0,1158,0,1.5967,0.4051,0.2002,2.3473,0.6496,0.9286,1.511,1.552,2.935,49.25,49.25,49.27,2.0297,0.5271,0.2344,37.16,37.25,147.63,0.2101,0.0474,0.0359,17.44,100.05,37.46,0.2067,0.0486,0.0282,16000,1024,925.08,0.9389,0.0543,0.0055,0.0014
2026-08-28T18:46:41.199+02:00,1000,1024,1024,1056,101,531,0,8584,0,1158,0,1.5887,0.4092,0.1862,2.301,0.6505,0.3949,1.494,1.522,1.782,49.13,49.12,49.13,2.2815,0.5807,0.2623,147.4,99.98,147.26,0.0655,0.0491,0.0364,54.2,147.39,100.1,0.0276,0.0307,0.0241,16000,1024,696.17,0.9127,0.0784,0.0068,0.0022
2026-08-28T18:47:11.201+02:00,1000,1024,1024,1056,101,531,0,8584,0,1158,0,1.6229,0.4091,0.194,2.3783,0.6535,0.3867,1.497,1.545,1.816,49.1,49.09,49.11,2.3171,0.5776,0.2702,147.27,99.9,147.16,0.0717,0.0441,0.0353,54.2,147.18,97.77,0.0307,0.0363,0.0163,16000,1024,678.31,0.9163,0.0728,0.0082,0.0027
2026-08-28T18:47:41.201+02:00,1000,1024,1024,1056,101,531,3,8587,0,1158,0,1.6137,0.4046,0.1946,2.3429,0.6594,0.8201,1.501,1.536,2.227,49.12,49.11,49.13,2.0537,0.517,0.2425,29.15,29.21,31.97,0.3143,0.0693,0.0354,12.48,35.24,147.65,0.23,0.0613,0.0342,16000,1024,722.47,0.8325,0.1537,0.0104,0.0034
2026-08-28T18:48:11.202+02:00,1000,1024,1024,1056,101,531,85,8672,60,1218,0,1.619,0.4107,0.3716,2.3684,0.6697,1.5639,1.498,1.543,4.185,49.1,49.1,49.2,2.3143,0.5834,0.3994,147.23,100.01,378.28,0.0845,0.0561,0.1157,99.43,147.59,408.92,0.0409,0.0345,0.1089,16000,1024,711.44,0.9229,0.07,0.0053,0.0018
2026-08-28T18:48:41.202+02:00,1000,1024,1024,1056,101,531,0,8672,0,1218,0,1.6344,0.4089,0.1929,2.3617,0.6807,0.3776,1.494,1.548,1.772,49.14,49.15,49.15,2.3595,0.588,0.271,147.47,99.97,147.31,0.0659,0.0455,0.0355,53.66,147.39,99.04,0.0295,0.036,0.0239,16000,1024,782.32,0.9364,0.0565,0.0053,0.0018
2026-08-28T18:49:11.202+02:00,1000,1024,1024,1056,101,531,0,8672,0,1218,0,1.624,0.4088,0.1917,2.3517,0.6656,0.6113,1.492,1.549,1.87,49.19,49.19,49.15,2.3493,0.5931,0.2676,147.56,100.11,147.72,0.0703,0.0537,0.0419,196.54,147.33,100.18,0.0149,0.0383,0.0274,16000,1024,734.57,0.9244,0.0704,0.0037,0.0015
2026-08-28T18:49:41.202+02:00,1000,1024,1024,1056,101,531,0,8672,0,1218,0,1.6167,0.4087,0.194,2.3415,0.6629,0.372,1.493,1.535,1.761,49.19,49.19,49.19,2.3381,0.589,0.2732,147.5,100.13,147.37,0.0686,0.0467,0.0366,100.01,147.51,100.16,0.0208,0.0385,0.0262,16000,1024,859.85,0.9591,0.0353,0.0043,0.0013
2026-08-28T18:50:11.203+02:00,1000,1024,1024,1056,101,531,0,8672,0,1218,0,1.6269,0.4091,0.1942,2.3571,0.6702,0.5979,1.494,1.547,1.852,49.1,49.1,49.12,2.3264,0.5796,0.2653,147.33,100.01,147.31,0.0703,0.0486,0.0344,54.2,147.19,98.07,0.0345,0.0402,0.0265,16000,1024,602.35,0.7949,0.1878,0.0144,0.0029
2026-08-28T18:50:41.203+02:00,1000,1024,1024,1056,101,531,0,8672,0,1218,0,1.6312,0.4097,0.1927,2.3687,0.6689,0.3953,1.496,1.537,1.803,49.17,49.18,49.18,2.36,0.5874,0.2746,147.52,100.1,147.51,0.0691,0.0455,0.0438,196.64,147.74,99.75,0.0201,0.0387,0.0227,16000,1024,1024.99,0.9304,0.0646,0.0034,0.0015
2026-08-28T18:51:11.204+02:00,1000,1024,1024,1056,101,531,43,8715,35,1253,0,1.6359,0.4116,0.2589,2.4459,0.7861,0.9219,1.497,1.558,3.944,49.16,49.15,49.19,2.3686,0.5903,0.2866,147.49,100.07,147.24,0.0719,0.0565,0.0733,183.62,147.27,186.54,0.0209,0.0309,0.0604,16000,1024,619.84,0.9169,0.0723,0.0089,0.0019
2026-08-28T18:51:41.204+02:00,1000,1024,1024,1056,101,532,0,8715,0,1253,0,1.6551,0.4075,0.1967,2.3895,0.6611,0.37,1.496,1.539,1.754,49.15,49.14,49.16,2.3884,0.5808,0.2753,147.43,99.91,147.28,0.0688,0.0446,0.0354,196.72,147.57,100.12,0.0177,0.0359,0.0268,16000,1024,1852.21,0.9655,0.0289,0.0045,0.001
2026-08-28T18:52:11.205+02:00,1000,1024,1024,1056,101,532,7,8722,0,1253,0,1.6499,0.4026,0.2038,2.675,0.6477,0.8755,1.505,1.557,2.698,49.17,49.19,49.18,2.0456,0.5073,0.2478,43.96,44.17,53.35,0.4049,0.1021,0.0451,53.8,53.8,43.98,0.3304,0.0991,0.0402,16000,1024,807.17,0.9377,0.0555,0.0056,0.0012
2026-08-28T18:52:41.204+02:00,1000,1024,1024,1056,101,532,41,8763,38,1291,0,0.0241,0.0271,0.1978,0.0805,0.0943,0.7513,2.696,3.438,9.254,37.93,333.95,338.76,0.0076,0.0098,0.0871,130.89,26.65,322.51,0.0073,0.0087,0.0881,98.78,371.2,327.41,0.0065,0.0084,0.0819,16000,1024,447.44,0.9076,0.0737,0.0169,0.0017
2026-08-28T18:53:11.205+02:00,1000,1024,1024,1056,101,532,0,8763,0,1291,0,0.023,0.0205,0.0565,0.0847,0.0635,0.7604,3.337,2.805,90.104,53.71,39.55,200.3,0.0083,0.007,0.019,77.21,34.32,100.27,0.0065,0.0057,0.0173,193.26,66.09,269.64,0.0061,0.0057,0.0166,16000,1024,491.14,0.9485,0.0453,0.0054,0.0007
2026-08-28T18:53:41.206+02:00,1000,1024,1024,1056,101,532,0,8763,0,1291,0,0.0243,0.0216,0.0321,0.081,0.0648,0.0973,2.82,3.014,3.005,3.86,91.09,30.56,0.0078,0.0062,0.0112,22.61,55.2,173.96,0.0069,0.0065,0.0106,68.93,33.43,178.34,0.0071,0.0061,0.0106,16000,1024,1245.21,0.9641,0.0279,0.0068,0.0012
2026-08-28T18:54:11.206+02:00,1000,1024,1024,1056,101,532,0,8763,0,1291,0,0.0244,0.0216,0.0318,0.0766,0.0705,0.1276,2.711,2.982,2.932,94.31,127.12,103.06,0.0087,0.0064,0.0109,128.97,105.95,229.71,0.0069,0.0067,0.0096,43.65,144.22,195.45,0.0069,0.0059,0.0091,16000,1024,881.19,0.985,0.013,0.0017,0.0002
2026-08-28T18:54:41.207+02:00,1000,1024,1024,1056,101,532,0,8763,0,1291,0,0.0223,0.0221,0.0319,0.074,0.0783,0.1137,3.076,3.114,3.134,160.3,56.13,132.21,0.0096,0.0061,0.0104,49.12,8.56,20.61,0.0085,0.0059,0.009,93.04,69.98,143.19,0.0067,0.006,0.0089,16000,1024,765.63,0.9549,0.0399,0.0046,0.0007
2026-08-28T18:55:11.207+02:00,1000,1024,1024,1056,101,532,12,8775,0,1291,0,0.0247,0.023,0.0864,0.0905,0.0774,0.7668,3.392,3.257,53.85,19.2,14.15,60.42,0.0091,0.0081,0.0204,32.26,7.72,95.63,0.0078,0.0072,0.02,13.66,105.12,242.51,0.0068,0.0076,0.0197,16000,1024,757.71,0.9796,0.0162,0.0037,0.0005
2026-08-28T18:55:41.208+02:00,1000,1024,1024,1056,101,532,2,8777,0,1291,0,0.0237,0.0216,0.0477,0.0766,0.1015,0.7339,2.739,3.532,112.379,108.65,26.0,1.87,0.0076,0.0069,0.0093,69.78,149.53,60.31,0.008,0.0057,0.0091,18.4,31.45,161.18,0.0067,0.0057,0.0088,16000,1024,839.21,0.9491,0.0403,0.0092,0.0015
2026-08-28T18:56:11.206+02:00,1000,1024,1024,1056,101,532,2,8779,0,1291,0,0.0245,0.0213,0.0771,0.0732,0.0693,0.7585,2.992,3.103,65.373,112.13,5.11,21.92,0.0077,0.0058,0.02,90.7,148.92,52.49,0.0075,0.0061,0.0183,60.44,285.0,38.51,0.0074,0.005,0.018,16000,1024,559.55,0.9667,0.0277,0.005,0.0007
2026-08-28T18:56:41.208+02:00,1000,1024,1024,1056,101,532,1,8780,0,1291,0,0.0245,0.0211,0.0479,0.0816,0.0787,0.738,3.084,2.969,111.808,118.03,70.62,101.45,0.0094,0.0066,0.015,166.13,7.15,6.93,0.0082,0.0063,0.0111,10.73,31.97,129.87,0.0076,0.0058,0.0111,16000,1024,352.24,0.9323,0.0592,0.0071,0.0014
2026-08-28T18:57:11.207+02:00,1000,1024,1024,1056,101,532,0,8780,0,1291,0,0.0217,0.0209,0.033,0.07,0.0694,0.1007,2.688,2.884,2.944,92.05,108.99,4.8,0.0078,0.0072,0.0124,3.89,29.55,44.08,0.0061,0.0061,0.011,67.97,130.82,28.1,0.0064,0.0059,0.01,16000,1024,252.7,0.8957,0.0663,0.0328,0.0052
2026-08-28T18:57:41.208+02:00,1000,1024,1024,1056,101,532,0,8780,0,1291,0,0.0246,0.0202,0.0317,0.0976,0.065,0.0976,3.308,3.043,3.185,81.35,55.4,53.22,0.0084,0.0065,0.0114,27.42,1.77,141.21,0.0075,0.0058,0.0091,190.23,214.7,88.84,0.0069,0.0057,0.0081,16000,1024,274.72,0.895,0.0816,0.0206,0.0028
2026-08-28T18:58:11.210+02:00,1000,1024,1024,1056,101,532,110,8890,0,1291,0,0.024,0.0226,0.1085,0.0735,0.0923,0.6554,2.71,3.146,25.06,73.4,34.59,426.71,0.0075,0.0079,0.0381,60.68,94.85,283.07,0.0068,0.0071,0.0365,49.13,61.29,290.23,0.0067,0.0067,0.0364,16000,1024,400.72,0.9524,0.0351,0.0111,0.0014
2026-08-28T18:58:41.208+02:00,1000,1024,1024,1056,101,533,55,8945,53,1344,0,0.0219,0.026,0.2067,0.0793,0.0798,0.7543,3.264,3.406,8.508,47.59,373.54,345.04,0.0066,0.0094,0.0912,184.98,138.53,7.98,0.0056,0.0084,0.0687,147.56,21.31,284.28,0.0052,0.0084,0.0664,16000,1024,458.75,0.9701,0.0234,0.0057,0.0008
2026-08-28T18:59:11.210+02:00,1000,1024,1024,1056,101,533,49,8994,49,1393,0,0.0241,0.0285,0.2226,0.1025,0.0993,0.7547,3.538,3.39,6.792,83.6,323.94,324.04,0.0078,0.0096,0.0848,74.07,64.58,369.43,0.0072,0.0093,0.0821,133.12,68.85,354.05,0.0073,0.0086,0.0844,16000,1024,495.76,0.9724,0.0223,0.0046,0.0007
2026-08-28T18:59:41.211+02:00,1000,1024,1024,1056,101,533,1,8995,0,1393,0,0.0222,0.0216,0.0469,0.0776,0.0733,0.7606,3.155,2.934,138.592,25.47,1.84,85.09,0.0071,0.0067,0.0134,101.57,228.41,103.95,0.0067,0.0063,0.014,144.53,216.65,124.33,0.0062,0.0061,0.0131,16000,1024,490.65,0.9561,0.0372,0.0058,0.001
2026-08-28T19:00:11.215+02:00,1000,1024,1027,1060,101,533,3,8998,0,1393,0,0.0246,0.0214,0.0483,0.0795,0.1155,0.7342,2.973,4.445,104.822,27.72,82.2,78.47,0.0083,0.007,0.0111,72.32,52.54,164.59,0.0073,0.0066,0.0116,193.13,39.09,28.46,0.0074,0.0061,0.0091,16000,1024,581.77,0.9585,0.0284,0.0113,0.0018
2026-08-28T19:00:41.212+02:00,1000,1024,1024,1056,101,533,0,8998,0,1393,0,0.0243,0.0199,0.0302,0.0936,0.0614,0.1056,3.134,2.816,2.963,56.51,97.03,123.85,0.0077,0.0071,0.0097,97.01,233.62,71.28,0.0071,0.0064,0.0084,24.16,158.31,47.46,0.0065,0.0055,0.0091,16000,1024,367.76,0.9279,0.0548,0.0155,0.0018
2026-08-28T19:01:11.212+02:00,1000,1024,1024,1056,101,533,109,9107,0,1393,0,0.0242,0.0205,0.1057,0.0776,0.059,0.6552,2.907,2.755,24.67,11.76,105.3,47.73,0.0082,0.007,0.0286,4.31,73.36,357.25,0.0064,0.0067,0.028,191.6,127.99,56.53,0.0063,0.0058,0.0275,16000,1024,389.34,0.9571,0.0297,0.0114,0.0019
2026-08-28T19:01:41.208+02:00,1000,1024,1024,1056,101,535,5,9112,0,1393,0,0.0234,0.0215,0.0857,0.0893,0.1073,0.7957,3.188,4.44,54.672,139.69,55.3,292.78,0.0083,0.0066,0.0279,242.07,26.87,24.42,0.007,0.006,0.0239,36.96,79.21,323.96,0.0065,0.0054,0.0254,16000,1024,437.31,0.9642,0.027,0.0078,0.001
2026-08-28T19:02:11.211+02:00,1000,1024,1024,1056,101,535,0,9112,0,1393,0,0.023,0.0203,0.0479,0.0822,0.0839,0.7474,2.98,3.148,117.998,9.02,33.88,103.48,0.0089,0.0072,0.0134,27.63,228.52,7.9,0.0073,0.0063,0.0123,54.01,42.88,75.06,0.0068,0.0063,0.0121,16000,1024,453.1,0.963,0.0239,0.0115,0.0016
2026-08-28T19:02:41.211+02:00,1000,1024,1024,1056,101,535,1,9113,0,1393,0,0.0236,0.0217,0.0498,0.0809,0.0647,0.7749,3.241,2.836,114.569,61.51,34.42,52.72,0.0085,0.0072,0.0168,141.36,54.38,28.08,0.008,0.0067,0.0161,171.42,10.04,109.75,0.0078,0.0065,0.0161,16000,1024,465.11,0.8232,0.1436,0.0281,0.0051
2026-08-28T19:03:11.213+02:00,1000,1024,1024,1056,101,535,0,9113,0,1393,0,0.0229,0.0196,0.0711,0.0913,0.0674,0.8473,3.257,3.108,84.83,40.04,142.25,71.08,0.007,0.0069,0.0165,118.39,25.37,149.13,0.0071,0.0063,0.0149,88.36,18.55,238.9,0.0071,0.0059,0.0148,16000,1024,495.12,0.8966,0.0287,0.0331,0.0415
2026-08-28T19:03:41.212+02:00,1000,1024,1024,1056,101,535,0,9113,0,1393,0,0.0232,0.0193,0.0307,0.0817,0.0553,0.0972,2.968,2.7,2.906,155.36,173.09,18.84,0.008,0.0068,0.0089,161.12,20.56,115.95,0.0064,0.0056,0.0087,39.67,3.82,77.05,0.0064,0.0053,0.0084,16000,1024,780.92,0.9674,0.027,0.0049,0.0007
2026-08-28T19:04:11.214+02:00,1000,1024,1024,1056,101,535,6,9119,0,1393,0,0.0235,0.0221,0.0677,0.0773,0.082,0.7468,2.884,3.343,71.111,55.88,48.1,86.35,0.0083,0.0087,0.0245,116.74,203.86,135.11,0.0071,0.0079,0.0236,151.46,3.02,112.28,0.0057,0.0063,0.0221,16000,1024,527.9,0.9688,0.026,0.0044,0.0008
2026-08-28T19:04:41.213+02:00,1000,1024,1024,1056,101,535,0,9119,0,1393,0,0.0224,0.0217,0.054,0.0998,0.0749,0.6417,3.652,2.974,72.615,184.93,157.7,198.06,0.0072,0.0074,0.0138,56.46,90.05,242.33,0.0069,0.0057,0.0132,111.02,127.92,80.94,0.0065,0.0055,0.0127,16000,1024,304.89,0.8693,0.105,0.0216,0.004
2026-08-28T19:05:11.215+02:00,1000,1024,1024,1056,101,535,90,9209,0,1393,0,0.0245,0.0227,0.1102,0.084,0.0841,1.2242,2.987,3.179,39.872,31.37,113.42,382.71,0.0094,0.0076,0.0344,85.94,55.21,190.05,0.0068,0.008,0.0358,118.67,90.8,47.33,0.0071,0.007,0.0352,16000,1024,886.53,0.9613,0.0308,0.007,0.001
2026-08-28T19:05:41.213+02:00,1000,1024,1024,1056,101,536,0,9209,0,1393,0,0.0245,0.0201,0.0315,0.0719,0.0806,0.1067,2.573,3.57,3.055,345.56,58.52,86.19,0.0067,0.0063,0.0107,7.76,91.08,72.38,0.0062,0.0061,0.0095,95.74,83.3,14.37,0.0062,0.006,0.0089,16000,1024,622.2,0.964,0.0294,0.0056,0.0011
2026-08-28T19:06:11.214+02:00,1000,1024,1024,1056,101,536,0,9209,0,1393,0,0.0236,0.0219,0.03,0.0794,0.0865,0.1097,2.824,3.279,2.899,42.27,111.08,25.94,0.008,0.0076,0.0096,160.54,14.14,20.15,0.0084,0.0081,0.0095,111.0,40.15,199.87,0.0081,0.0067,0.0091,16000,1024,568.57,0.97,0.0236,0.0053,0.0011
2026-08-28T19:06:41.211+02:00,1000,1024,1024,1056,101,536,6,9215,0,1393,0,0.0252,0.0234,0.0926,0.0861,0.1278,1.4667,3.032,4.51,115.851,1.81,27.82,40.89,0.0085,0.008,0.0242,134.61,33.96,177.92,0.0084,0.0074,0.0242,72.04,138.62,137.81,0.0074,0.0067,0.0214,16000,1024,551.49,0.975,0.0189,0.0053,0.0008
2026-08-28T19:07:11.216+02:00,1000,1024,1024,1056,101,536,0,9215,0,1393,0,0.0232,0.0198,0.032,0.0824,0.0622,0.1,3.013,2.801,2.712,234.53,189.29,56.25,0.0082,0.0056,0.0098,88.1,129.92,86.33,0.008,0.0053,0.0095,141.74,14.07,37.94,0.0071,0.0064,0.0085,16000,1024,435.26,0.9702,0.0228,0.006,0.001
2026-08-28T19:07:41.220+02:00,1000,1024,1029,1061,101,536,3,9218,0,1393,0,0.0241,0.0223,0.0474,0.0736,0.0713,0.7325,3.011,2.877,108.12,10.34,179.58,54.72,0.0106,0.0067,0.0094,178.02,5.05,50.12,0.0087,0.0066,0.0095,22.55,119.03,11.89,0.0066,0.0064,0.0091,16000,1024,495.65,0.9362,0.0465,0.0151,0.0023
2026-08-28T19:08:11.216+02:00,1000,1024,1024,1056,101,536,112,9330,0,1393,0,0.0243,0.021,0.1198,0.0805,0.0697,1.2182,3.125,2.874,30.84,37.57,10.9,131.04,0.0078,0.0073,0.0402,80.29,99.93,41.1,0.0071,0.0072,0.0379,118.57,187.38,99.94,0.0072,0.0062,0.0385,16000,1024,453.55,0.9781,0.017,0.0042,0.0007
2026-08-28T19:08:41.217+02:00,1000,1024,1024,1056,101,536,0,9330,0,1393,0,0.0253,0.0194,0.0309,0.0881,0.0667,0.1114,3.052,2.93,3.048,110.26,81.88,48.67,0.009,0.0064,0.0092,88.84,13.01,114.23,0.0078,0.0065,0.0089,178.63,31.5,162.62,0.0066,0.0057,0.0098,16000,1024,419.55,0.9389,0.0516,0.0081,0.0014
2026-08-28T19:09:11.220+02:00,1000,1024,1024,1056,101,536,98,9428,0,1393,0,0.0234,0.0218,0.0863,0.0891,0.1008,0.7443,3.069,3.719,40.153,25.41,182.48,337.28,0.007,0.0078,0.0361,73.08,52.47,421.1,0.0065,0.0073,0.0341,188.38,35.31,157.93,0.0062,0.007,0.0324,16000,1024,467.11,0.9714,0.0209,0.0068,0.0009
2026-08-28T19:09:41.218+02:00,1000,1024,1024,1056,101,536,1,9429,0,1393,0,0.0222,0.022,0.0476,0.0765,0.0787,0.7419,3.012,3.046,110.55,15.25,103.72,34.45,0.0081,0.0065,0.0099,167.93,39.99,212.84,0.0073,0.006,0.0094,35.27,11.84,53.63,0.007,0.0056,0.0086,16000,1024,247.87,0.8985,0.0793,0.0189,0.0032
2026-08-28T19:10:11.216+02:00,1000,1024,1024,1056,101,536,0,9429,0,1393,0,0.0235,0.0219,0.0472,0.1068,0.0642,0.726,3.642,2.877,110.875,162.05,80.24,3.54,0.0073,0.0085,0.0156,135.83,26.51,62.64,0.0072,0.0075,0.0152,149.06,48.92,190.41,0.0074,0.0061,0.0144,16000,1024,539.99,0.8916,0.0995,0.0081,0.0008
2026-08-28T19:10:41.219+02:00,1000,1024,1024,1056,101,538,0,9429,0,1393,0,0.0227,0.0221,0.0334,0.0682,0.0691,0.0992,2.88,2.647,2.842,47.65,139.0,36.47,0.008,0.0073,0.0107,67.47,78.04,84.03,0.0078,0.0056,0.0096,56.62,163.2,113.71,0.006,0.0055,0.0101,16000,1024,564.29,0.9678,0.0223,0.0085,0.0014
2026-08-28T19:11:11.220+02:00,1000,1024,1024,1056,101,538,3,9432,0,1393,0,0.0249,0.02,0.0479,0.111,0.0676,0.7293,3.638,2.875,107.507,207.27,125.26,7.63,0.0076,0.0078,0.0158,22.88,60.49,103.53,0.0087,0.0058,0.015,78.03,21.41,85.01,0.0063,0.0056,0.0146,16000,1024,407.6,0.9497,0.0375,0.011,0.0018
2026-08-28T19:11:41.220+02:00,1000,1024,1024,1056,101,538,3,9435,0,1393,0,0.0231,0.0206,0.0447,0.0968,0.0786,0.6455,3.272,3.067,83.286,45.63,135.63,122.64,0.007,0.0071,0.0127,17.29,1.66,65.26,0.0069,0.0073,0.0103,70.04,38.75,182.59,0.0065,0.0054,0.01,16000,1024,671.73,0.9675,0.0254,0.006,0.0011
2026-08-28T19:12:11.217+02:00,1000,1024,1024,1056,101,538,0,9435,0,1393,0,0.024,0.0212,0.0468,0.0753,0.0803,0.7248,3.111,2.879,117.828,50.56,89.81,82.47,0.0073,0.0071,0.0163,55.52,142.14,28.51,0.007,0.0061,0.0138,86.85,153.18,14.39,0.0066,0.0055,0.0137,16000,1024,384.22,0.9495,0.0432,0.0062,0.0011
2026-08-28T19:12:41.220+02:00,1000,1024,1024,1056,101,538,7,9442,0,1393,0,0.0247,0.0229,0.0655,0.0875,0.0849,0.7354,3.267,3.256,69.765,15.03,104.31,275.45,0.0093,0.0076,0.0251,147.41,18.69,34.97,0.0085,0.0062,0.0249,31.13,110.81,165.72,0.008,0.0064,0.0247,16000,1024,686.69,0.9831,0.0126,0.0037,0.0006
2026-08-28T19:13:11.220+02:00,1000,1024,1024,1056,101,538,0,9442,0,1393,0,0.0263,0.02,0.0454,0.0955,0.0604,0.7192,2.961,2.903,125.075,79.93,139.85,23.11,0.0121,0.0081,0.0182,48.75,156.34,189.14,0.0082,0.007,0.0175,60.49,73.8,118.84,0.0078,0.0066,0.0175,16000,1024,484.18,0.9605,0.0322,0.0067,0.0007
2026-08-28T19:13:41.221+02:00,1000,1024,1024,1056,101,539,0,9442,0,1393,0,0.023,0.0201,0.0325,0.0947,0.074,0.091,3.38,3.338,2.64,62.46,20.83,87.57,0.0088,0.0075,0.0108,189.18,84.24,185.94,0.0078,0.0062,0.0107,242.42,37.29,126.98,0.0073,0.0061,0.0092,16000,1024,435.48,0.9655,0.0287,0.0051,0.0007
2026-08-28T19:14:11.220+02:00,1000,1024,1024,1056,101,539,0,9442,0,1393,0,0.0211,0.0204,0.0322,0.0677,0.0644,0.1052,2.967,3.122,3.092,82.11,57.84,150.01,0.0059,0.0073,0.011,57.97,43.99,13.19,0.0058,0.0064,0.0106,64.85,119.22,19.44,0.006,0.0063,0.0082,16000,1024,482.17,0.9723,0.0148,0.0101,0.0027
2026-08-28T19:14:41.221+02:00,1000,1024,1024,1056,101,539,2,9444,0,1393,0,0.0227,0.0204,0.0575,0.0815,0.0729,0.7265,3.419,3.106,93.908,40.66,37.05,186.24,0.0076,0.0071,0.0126,170.13,75.16,192.57,0.0068,0.0066,0.0107,123.85,175.72,354.82,0.0066,0.0062,0.0114,16000,1024,515.38,0.9472,0.0451,0.0065,0.0012
2026-08-28T19:15:11.221+02:00,1000,1024,1024,1056,101,539,0,9444,0,1393,0,0.0229,0.0206,0.0302,0.0845,0.0725,0.1119,3.088,2.952,3.217,50.51,115.33,192.66,0.0068,0.0061,0.0108,39.05,163.8,186.07,0.0063,0.006,0.0094,12.83,137.33,148.12,0.006,0.006,0.0094,16000,1024,351.79,0.8888,0.0984,0.0112,0.0017
2026-08-28T19:15:41.221+02:00,1000,1024,1024,1056,101,539,3,9447,0,1393,0,0.0249,0.022,0.0612,0.0843,0.0916,0.77,3.157,3.443,88.865,25.21,175.29,205.84,0.0083,0.0078,0.0195,35.06,10.27,14.49,0.0072,0.0083,0.0166,119.31,69.35,36.8,0.0069,0.007,0.0172,16000,1024,617.13,0.9685,0.0267,0.0041,0.0007
