ts,vib_fs,vib_n,ms_capture,ms_total,failed_bursts,bad_frames,retries,total_retries,cont_rejects,total_cont_rejects,unpublished_bursts,rms_x,rms_y,rms_z,peak_x,peak_y,peak_z,kurt_x,kurt_y,kurt_z,fdom_x,fdom_y,fdom_z,adom_x,adom_y,adom_z,f2_x,f2_y,f2_z,a2_x,a2_y,a2_z,f3_x,f3_y,f3_z,a3_x,a3_y,a3_z,aud_fs,aud_n,aud_rms,aud_b0,aud_b1,aud_b2,aud_b3
2026-08-27T00:00:05.880+02:00,1000,1024,1024,1056,174,289,12,5299,0,1485,0,0.0249,0.0229,0.1213,0.088,0.0815,1.0132,3.287,3.296,31.442,45.64,48.85,9.08,0.0081,0.0069,0.0471,111.14,35.44,50.01,0.0071,0.0063,0.0413,30.1,58.92,368.99,0.0068,0.0064,0.0374,16000,1024,427.76,0.9101,0.0676,0.0202,0.002
2026-08-27T00:00:35.874+02:00,1000,1024,1024,1056,174,289,0,5299,0,1485,0,0.0234,0.0191,0.0408,0.07,0.0644,0.5641,2.861,3.087,71.228,94.78,175.06,109.56,0.0075,0.007,0.012,9.09,254.96,101.62,0.0068,0.0066,0.0117,62.79,119.31,7.32,0.0067,0.0059,0.0121,16000,1024,397.19,0.9417,0.0411,0.0157,0.0014
2026-08-27T00:01:05.875+02:00,1000,1024,1024,1056,174,289,0,5299,0,1485,0,0.0234,0.0201,0.0332,0.0703,0.0749,0.1156,3.006,3.213,2.737,43.23,146.97,35.81,0.0088,0.0069,0.0107,61.65,163.64,46.8,0.0084,0.0059,0.0094,30.73,117.98,123.74,0.0097,0.0053,0.0099,16000,1024,291.47,0.864,0.0718,0.0593,0.0049
2026-08-27T00:01:35.875+02:00,1000,1024,1024,1056,174,289,4,5303,0,1485,0,0.0221,0.0225,0.0604,0.0793,0.1008,0.7059,2.953,3.466,65.135,43.02,48.69,2.51,0.0073,0.0088,0.0206,96.06,131.56,252.95,0.0064,0.0079,0.02,142.37,90.97,8.06,0.0062,0.0076,0.0194,16000,1024,385.6,0.945,0.0392,0.014,0.0018
2026-08-27T00:02:05.875+02:00,1000,1024,1024,1056,174,290,5,5308,2,1487,0,0.0217,0.0216,0.1107,0.0663,0.0858,1.9014,2.849,3.593,148.682,102.65,70.14,5.66,0.0064,0.0072,0.0174,61.91,60.36,245.01,0.0067,0.0072,0.0173,190.23,133.82,137.95,0.0059,0.0064,0.0168,16000,1024,381.33,0.9566,0.0278,0.0142,0.0013
2026-08-27T00:02:35.876+02:00,1000,1024,1024,1056,174,290,1,5309,0,1487,0,0.0227,0.0216,0.053,0.0716,0.0786,0.663,2.756,3.065,90.308,129.91,130.29,3.24,0.0074,0.0069,0.0146,102.25,32.66,214.02,0.0069,0.0059,0.0143,115.48,57.05,208.45,0.0066,0.0057,0.0146,16000,1024,251.39,0.8121,0.1346,0.0493,0.004
2026-08-27T00:03:05.874+02:00,1000,1024,1024,1056,174,290,2,5311,0,1487,0,0.0234,0.0203,0.0625,0.0796,0.0689,0.6931,3.005,3.152,70.021,13.3,166.53,185.52,0.0081,0.0067,0.0175,143.9,60.43,243.14,0.0069,0.0056,0.0152,45.22,39.72,144.24,0.0069,0.006,0.0154,16000,1024,262.4,0.8862,0.0749,0.0365,0.0024
2026-08-27T00:03:35.877+02:00,1000,1024,1024,1056,174,290,1,5312,0,1487,0,0.0229,0.0208,0.1576,0.0994,0.0662,1.3547,3.393,3.049,18.965,33.82,57.44,169.95,0.0073,0.0079,0.0405,101.03,52.6,124.97,0.007,0.0066,0.0393,168.5,19.27,141.8,0.0074,0.0065,0.0396,16000,1024,321.71,0.8693,0.0871,0.0403,0.0033
2026-08-27T00:04:05.877+02:00,1000,1024,1024,1056,174,290,1,5313,0,1487,0,0.0223,0.0207,0.0589,0.088,0.0686,0.7981,3.341,3.089,96.77,15.2,46.05,17.94,0.0065,0.0071,0.0158,55.41,232.6,58.9,0.0058,0.0065,0.0156,60.32,162.02,167.91,0.0057,0.0055,0.0147,16000,1024,357.23,0.9434,0.0391,0.0161,0.0015
2026-08-27T00:04:35.876+02:00,1000,1024,1024,1056,174,290,1,5314,0,1487,0,0.0226,0.0205,0.0405,0.0677,0.0701,0.5817,2.764,3.107,81.507,70.39,14.55,169.29,0.0061,0.0069,0.0123,93.62,40.19,223.87,0.0062,0.0059,0.0119,131.1,44.52,131.84,0.006,0.006,0.011,16000,1024,391.38,0.864,0.1207,0.0136,0.0017
2026-08-27T00:05:05.878+02:00,1000,1024,1024,1056,174,290,1,5315,0,1487,0,0.0246,0.021,0.0615,0.0789,0.0769,0.7332,2.872,3.054,72.749,9.08,45.76,95.19,0.0064,0.008,0.0217,90.47,14.14,88.63,0.0063,0.0077,0.019,177.61,211.76,25.34,0.0059,0.0067,0.018,16000,1024,415.95,0.9496,0.0385,0.0107,0.0011
2026-08-27T00:05:35.877+02:00,1000,1024,1024,1056,174,291,1,5316,1,1488,0,0.0233,0.0231,0.0819,0.0686,0.0982,0.7474,2.856,3.443,51.883,8.87,119.83,240.02,0.0075,0.0086,0.0305,106.6,87.89,87.73,0.0069,0.0068,0.0302,21.68,11.15,119.84,0.0068,0.0076,0.0288,16000,1024,501.84,0.9698,0.0219,0.0076,0.0007
2026-08-27T00:06:05.891+02:00,1000,1024,1036,1068,174,292,37,5353,3,1491,0,0.0268,0.0246,0.1138,0.1086,0.0865,0.6969,3.589,3.418,23.529,38.07,31.76,394.59,0.0097,0.0099,0.0402,12.69,56.49,302.64,0.0091,0.0077,0.0387,69.8,26.31,385.75,0.009,0.0071,0.0322,16000,1024,455.42,0.9373,0.0389,0.0224,0.0015
2026-08-27T00:06:35.897+02:00,1000,1024,1042,1075,174,292,38,5391,3,1494,0,0.0259,0.0236,0.0865,0.0855,0.0822,0.7343,3.196,3.084,43.042,9.91,96.89,26.1,0.0086,0.0068,0.0224,27.14,38.32,40.95,0.0074,0.0066,0.0219,49.53,26.41,189.63,0.0073,0.0064,0.0186,16000,1024,467.28,0.9374,0.0431,0.0177,0.0017
2026-08-27T00:07:05.879+02:00,1000,1024,1024,1056,174,292,0,5391,0,1494,0,0.0227,0.0208,0.1517,0.0684,0.0764,1.2239,2.767,3.193,17.357,53.83,91.83,187.75,0.0065,0.0061,0.0658,117.28,294.33,258.14,0.0062,0.0056,0.0527,9.68,65.77,75.82,0.0061,0.0055,0.0509,16000,1024,210.23,0.7985,0.1465,0.0509,0.0041
2026-08-27T00:07:35.879+02:00,1000,1024,1024,1056,174,292,4,5395,0,1494,0,0.0249,0.0217,0.0614,0.0939,0.0866,0.6882,3.194,3.242,61.14,100.65,38.36,142.71,0.01,0.0066,0.0228,67.5,45.62,18.74,0.0076,0.0067,0.0198,115.89,56.31,40.07,0.0071,0.0063,0.0196,16000,1024,291.61,0.8907,0.0737,0.0321,0.0035
2026-08-27T00:08:05.879+02:00,1000,1024,1024,1056,174,294,4,5399,0,1494,0,0.024,0.0231,0.0782,0.0788,0.0834,0.6979,2.916,3.166,50.493,17.52,90.65,159.23,0.0069,0.0073,0.0187,70.57,47.02,311.78,0.0069,0.0072,0.0196,169.18,57.52,107.88,0.0069,0.0071,0.0194,16000,1024,507.22,0.9566,0.0316,0.0106,0.0012
2026-08-27T00:08:35.884+02:00,1000,1024,1024,1056,174,295,3,5402,0,1494,0,0.0231,0.0221,0.0855,0.073,0.0981,0.7032,2.914,3.67,44.968,13.8,19.46,201.36,0.0082,0.0072,0.0374,108.63,123.16,263.78,0.0078,0.0071,0.0365,51.34,82.48,62.23,0.0076,0.0073,0.0342,16000,1024,387.19,0.95,0.0383,0.0102,0.0015
2026-08-27T00:09:05.879+02:00,1000,1024,1024,1056,174,296,11,5413,0,1494,0,0.0241,0.0208,0.0447,0.0683,0.0722,0.6042,2.658,3.114,68.986,93.11,93.04,108.54,0.0083,0.0065,0.0122,121.01,99.57,51.98,0.0068,0.0062,0.0115,14.47,218.41,131.55,0.0063,0.0057,0.0116,16000,1024,358.29,0.9366,0.0426,0.0194,0.0014
2026-08-27T00:09:35.881+02:00,1000,1024,1024,1056,174,297,0,5413,0,1494,0,0.0222,0.0228,0.067,0.0803,0.0945,0.7242,3.176,3.609,72.551,237.29,132.68,94.1,0.007,0.0079,0.0177,227.56,143.13,72.24,0.0069,0.0086,0.0149,175.36,58.77,50.83,0.0069,0.0069,0.0142,16000,1024,495.66,0.9762,0.0176,0.0055,0.0006
2026-08-27T00:10:05.897+02:00,1000,1024,1033,1065,174,297,31,5444,0,1494,0,0.0249,0.0251,0.1288,0.0835,0.1138,1.3533,3.019,3.679,31.801,51.95,127.28,74.66,0.009,0.0071,0.0425,140.7,70.23,203.31,0.0068,0.0067,0.0391,61.62,1.93,323.86,0.0064,0.0065,0.0405,16000,1024,565.21,0.962,0.0228,0.0141,0.0011
2026-08-27T00:10:35.882+02:00,1000,1024,1024,1056,174,297,0,5444,0,1494,0,0.0228,0.02,0.0306,0.076,0.0683,0.0977,2.773,2.961,2.902,21.36,67.41,62.82,0.0076,0.0057,0.0112,96.6,54.35,109.61,0.0068,0.0061,0.0108,33.27,99.95,98.49,0.0064,0.0057,0.0091,16000,1024,499.6,0.9379,0.0523,0.0087,0.0012
2026-08-27T00:11:05.882+02:00,1000,1024,1024,1056,174,298,1,5445,0,1494,0,0.0234,0.0228,0.1712,0.0845,0.0854,1.3446,2.992,3.435,19.568,147.15,75.27,187.97,0.0085,0.0095,0.0649,47.47,59.97,368.46,0.0075,0.0073,0.0545,64.53,12.41,94.88,0.0067,0.0058,0.0523,16000,1024,228.84,0.8588,0.0918,0.0443,0.0051
2026-08-27T00:11:35.881+02:00,1000,1024,1024,1056,174,299,6,5451,0,1494,0,0.024,0.0222,0.0784,0.0745,0.0943,0.7116,2.969,3.296,53.893,25.17,17.52,110.45,0.0074,0.0069,0.0314,139.93,30.21,141.29,0.0071,0.0067,0.0311,13.73,78.85,31.41,0.0068,0.0064,0.0299,16000,1024,353.24,0.9235,0.0544,0.0201,0.002
2026-08-27T00:12:05.881+02:00,1000,1024,1024,1056,174,299,1,5452,0,1494,0,0.0231,0.0227,0.0496,0.0933,0.0904,0.5737,3.368,3.378,63.205,7.24,139.42,150.45,0.0074,0.0066,0.0151,62.68,10.25,110.6,0.0071,0.0072,0.0136,218.39,65.7,15.49,0.0067,0.0064,0.0128,16000,1024,950.65,0.9808,0.014,0.0048,0.0004
2026-08-27T00:12:35.895+02:00,1000,1024,1035,1068,174,299,10,5462,1,1495,0,0.0242,0.0312,0.3291,0.0799,0.1136,1.1898,3.035,4.395,5.337,127.48,274.47,268.9,0.009,0.0104,0.1212,47.5,8.82,164.05,0.0079,0.0088,0.1075,2.41,59.84,111.52,0.0083,0.0087,0.1005,16000,1024,337.9,0.8612,0.1166,0.0196,0.0026
2026-08-27T00:13:05.883+02:00,1000,1024,1024,1056,174,299,0,5462,0,1495,0,0.0229,0.0211,0.05,0.0745,0.0697,0.7855,3.004,3.118,121.966,42.89,57.05,51.04,0.0084,0.0077,0.013,103.23,147.22,90.93,0.0059,0.0069,0.0113,31.87,49.17,24.29,0.0059,0.0065,0.0106,16000,1024,307.56,0.9016,0.0818,0.0148,0.0018
2026-08-27T00:14:35.885+02:00,1000,1024,1024,1056,176,299,0,5501,0,1507,0,0.0238,0.0205,0.1738,0.0715,0.0584,1.2125,2.681,2.75,13.882,99.19,40.45,206.43,0.0076,0.0069,0.0721,180.69,181.18,187.46,0.007,0.0067,0.0668,17.34,84.95,144.8,0.0071,0.0061,0.0626,16000,1024,454.1,0.9704,0.0187,0.0099,0.001
2026-08-27T00:15:05.887+02:00,1000,1024,1024,1056,176,299,3,5504,0,1507,0,1.8372,0.2038,0.3658,2.6801,0.38,1.2158,1.509,1.698,4.158,49.07,49.07,48.98,2.6038,0.2822,0.1379,147.08,147.13,372.57,0.0453,0.0397,0.1277,39.27,99.99,263.88,0.0387,0.0171,0.119,16000,1024,495.8,0.7569,0.2115,0.024,0.0076
2026-08-27T00:15:35.884+02:00,1000,1024,1024,1056,176,299,40,5544,12,1519,0,1.7316,0.212,0.1677,2.7328,0.3992,0.9923,1.568,1.701,11.136,23.55,23.6,80.31,0.7728,0.1061,0.0613,49.2,49.19,23.7,0.8861,0.0973,0.0599,16.27,16.53,51.99,0.6183,0.0812,0.0568,16000,1024,394.91,0.7504,0.2157,0.0249,0.009
2026-08-27T00:16:05.886+02:00,1000,1024,1024,1056,176,299,0,5544,0,1519,0,1.6915,0.2189,0.1,2.4821,0.3761,0.7492,1.512,1.646,11.567,49.05,49.05,49.0,2.3947,0.3053,0.1062,53.22,147.22,99.33,0.0487,0.035,0.0236,147.05,99.75,135.0,0.0523,0.021,0.0173,16000,1024,568.95,0.934,0.0554,0.0083,0.0024
2026-08-27T00:16:35.886+02:00,1000,1024,1024,1056,176,299,4,5548,0,1519,0,1.6568,0.2107,0.3908,2.557,0.3817,1.232,1.521,1.705,4.543,49.16,49.17,49.44,2.1995,0.275,0.1447,41.94,39.33,96.16,0.2135,0.0322,0.1329,37.31,61.36,29.09,0.219,0.0259,0.1104,16000,1024,530.48,0.8863,0.1011,0.0097,0.0029
2026-08-27T00:17:05.885+02:00,1000,1024,1024,1056,176,299,13,5561,0,1519,0,1.654,0.2131,0.1337,2.4833,0.3731,0.798,1.53,1.701,13.991,49.25,49.25,49.09,1.6856,0.2168,0.0657,25.14,25.18,54.53,0.5492,0.0572,0.0441,17.85,17.93,324.62,0.3861,0.0568,0.0459,16000,1024,572.21,0.8629,0.1266,0.0066,0.0038
2026-08-27T00:17:35.899+02:00,1000,1024,1037,1069,176,300,21,5582,1,1520,0,1.6345,0.218,0.1477,2.8476,0.498,0.8532,1.569,1.717,13.768,49.21,49.25,49.04,1.5522,0.2193,0.0698,16.91,17.84,67.93,0.469,0.0543,0.0424,35.18,57.41,480.55,0.3782,0.0531,0.0358,16000,1024,345.25,0.4872,0.4666,0.037,0.0092
2026-08-27T00:18:05.913+02:00,1000,1024,1050,1082,176,300,20,5602,3,1523,0,1.6918,0.2087,0.1636,2.5812,0.3673,1.2848,1.524,1.65,15.229,49.08,49.08,38.79,1.6006,0.1996,0.054,42.0,41.74,49.18,0.5457,0.0692,0.0554,22.61,22.54,13.76,0.4819,0.0557,0.0483,16000,1024,425.94,0.7306,0.212,0.0413,0.016
2026-08-27T00:18:35.886+02:00,1000,1024,1024,1056,176,300,19,5621,0,1523,0,1.6434,0.2136,0.1547,2.5368,0.5006,0.7716,1.552,1.68,11.516,49.22,49.16,165.75,1.5172,0.1855,0.0513,39.37,39.2,410.07,0.57,0.0765,0.0448,29.3,18.8,375.37,0.511,0.0592,0.0479,16000,1024,391.22,0.8162,0.1566,0.0162,0.0109
2026-08-27T00:19:05.888+02:00,1000,1024,1024,1056,176,301,19,5640,3,1526,0,1.6611,0.2055,0.151,2.7661,0.3801,0.8662,1.553,1.704,12.463,49.29,49.29,495.32,1.5689,0.1926,0.0511,19.33,25.77,205.34,0.4687,0.0654,0.0509,43.43,31.39,25.43,0.5166,0.0498,0.0483,16000,1024,541.6,0.8869,0.0992,0.0108,0.0032
2026-08-27T00:19:35.888+02:00,1000,1024,1024,1056,176,301,0,5640,0,1526,0,1.6988,0.2079,0.0925,2.4904,0.3783,0.6612,1.523,1.617,10.662,49.14,49.15,49.13,2.4559,0.2974,0.1079,147.31,147.18,98.06,0.0534,0.028,0.0179,196.45,100.01,147.62,0.0203,0.0197,0.0123,16000,1024,564.86,0.8764,0.1019,0.016,0.0058
2026-08-27T00:20:05.887+02:00,1000,1024,1024,1056,176,301,5,5645,0,1526,0,1.7108,0.2017,0.3342,2.6553,0.3629,1.2807,1.536,1.712,5.161,49.15,49.16,28.93,2.1332,0.2485,0.136,20.62,20.49,301.12,0.317,0.0335,0.1152,31.16,35.72,198.82,0.2704,0.0337,0.1121,16000,1024,493.65,0.8328,0.1465,0.0151,0.0055
2026-08-27T00:20:35.890+02:00,1000,1024,1024,1056,176,302,0,5645,0,1526,0,1.7372,0.2058,0.0949,2.7659,0.3639,0.8187,1.518,1.62,12.25,49.13,49.14,49.14,2.4929,0.2933,0.1187,147.41,147.68,98.99,0.0582,0.029,0.0286,196.3,100.09,196.39,0.0233,0.0142,0.0186,16000,1024,474.19,0.7206,0.2567,0.0176,0.0051
2026-08-27T00:21:35.890+02:00,1000,1024,1024,1056,177,305,0,5646,0,1526,0,1.7514,0.2016,0.2285,2.5774,0.3697,1.2021,1.528,1.649,6.878,49.13,49.13,49.18,2.5277,0.2854,0.1277,147.32,100.04,346.83,0.0599,0.0219,0.0813,196.66,147.16,440.14,0.0171,0.0217,0.0697,16000,1024,506.27,0.864,0.118,0.014,0.0041
2026-08-27T00:22:05.891+02:00,1000,1024,1024,1056,177,305,1,5647,0,1526,0,1.784,0.2024,0.2061,2.6121,0.3576,1.4337,1.521,1.608,10.148,49.15,49.15,49.06,2.5124,0.2827,0.0993,42.33,147.17,187.35,0.091,0.0269,0.0698,33.46,100.03,493.39,0.0833,0.019,0.0589,16000,1024,560.66,0.7551,0.213,0.0241,0.0077
2026-08-27T00:22:35.896+02:00,1000,1024,1029,1062,177,305,3,5650,0,1526,0,1.8217,0.2026,0.0988,2.6965,0.3504,0.6584,1.531,1.605,5.43,49.14,49.13,49.1,2.5521,0.2798,0.1217,42.24,147.33,28.37,0.0708,0.0245,0.0144,53.22,99.75,77.96,0.0698,0.0173,0.0121,16000,1024,498.71,0.8479,0.1297,0.016,0.0064
2026-08-27T00:23:05.891+02:00,1000,1024,1024,1056,177,305,0,5650,0,1526,0,1.8604,0.2025,0.1134,2.7183,0.3655,0.8472,1.517,1.599,13.279,49.14,49.15,49.16,2.677,0.2887,0.1236,147.39,147.59,147.62,0.0536,0.0271,0.0246,196.49,99.91,196.54,0.0182,0.0212,0.0176,16000,1024,568.91,0.8902,0.0965,0.0099,0.0034
2026-08-27T00:23:35.892+02:00,1000,1024,1024,1056,177,305,4,5654,0,1526,0,1.8713,0.1962,0.3357,2.8248,0.3925,1.182,1.532,1.645,4.938,49.1,49.11,76.93,2.4399,0.2492,0.1179,43.08,23.54,367.1,0.2716,0.0358,0.1127,23.61,37.43,293.93,0.2709,0.0346,0.1121,16000,1024,433.67,0.8043,0.1703,0.0214,0.004
2026-08-27T00:24:05.892+02:00,1000,1024,1024,1056,177,305,1,5655,0,1526,0,1.8967,0.2041,0.1253,2.8117,0.3645,0.8485,1.526,1.603,13.448,49.13,49.14,49.21,2.729,0.2905,0.1351,147.31,147.24,146.88,0.0539,0.0312,0.0182,196.47,100.05,98.4,0.0142,0.017,0.0162,16000,1024,500.12,0.9247,0.0615,0.0096,0.0042
2026-08-27T00:24:35.893+02:00,1000,1024,1024,1056,177,305,0,5655,0,1526,0,1.959,0.203,0.1119,2.8329,0.3447,0.7954,1.517,1.594,7.066,49.14,49.14,49.11,2.8214,0.288,0.1382,147.4,147.2,99.71,0.0532,0.0292,0.0216,196.55,100.06,147.29,0.0222,0.0197,0.016,16000,1024,627.56,0.931,0.0598,0.006,0.0032
2026-08-27T00:25:05.893+02:00,1000,1024,1024,1056,177,305,0,5655,0,1526,0,1.9913,0.2016,0.1347,2.9069,0.3596,1.0581,1.514,1.612,14.73,49.12,49.13,49.13,2.8552,0.2893,0.1397,147.3,147.26,97.76,0.059,0.0285,0.0295,196.44,99.82,54.06,0.0217,0.0214,0.0304,16000,1024,495.41,0.7948,0.1808,0.0172,0.0072
2026-08-27T00:25:35.900+02:00,1000,1024,1024,1056,177,305,0,5655,0,1526,0,2.0044,0.2009,0.1044,2.9267,0.3463,0.2345,1.512,1.59,1.915,49.11,49.12,49.1,2.8702,0.286,0.1416,147.32,147.41,98.97,0.0573,0.0254,0.0197,196.3,99.94,147.4,0.0178,0.0176,0.0146,16000,1024,559.05,0.9163,0.0686,0.0116,0.0035
2026-08-27T00:26:05.899+02:00,1000,1024,1024,1056,177,305,0,5655,0,1526,0,2.0293,0.199,0.1259,2.9312,0.3496,0.8335,1.513,1.588,9.405,49.03,49.04,49.01,2.8878,0.2827,0.1405,147.12,147.05,146.86,0.0517,0.0225,0.025,54.2,99.66,97.7,0.0414,0.0161,0.023,16000,1024,644.44,0.9005,0.0858,0.0094,0.0043
2026-08-27T00:26:35.893+02:00,1000,1024,1024,1056,177,305,3,5658,0,1526,0,2.0097,0.1985,0.1069,3.0214,0.3535,0.2562,1.53,1.625,1.831,49.11,49.1,49.1,2.6529,0.2582,0.1357,55.05,3.18,98.99,0.2973,0.0237,0.0184,43.37,43.43,55.13,0.2941,0.0274,0.0193,16000,1024,781.4,0.9388,0.0507,0.0085,0.0021
2026-08-27T00:27:35.893+02:00,1000,1024,1024,1056,178,307,0,5682,0,1534,0,2.0518,0.1982,0.1381,2.9726,0.3506,1.9352,1.511,1.583,60.458,49.1,49.1,49.09,2.9365,0.28,0.1475,147.2,147.25,98.35,0.0535,0.0282,0.0196,196.43,100.05,147.29,0.0172,0.0175,0.0185,16000,1024,861.61,0.933,0.0558,0.0092,0.002
2026-08-27T00:28:05.894+02:00,1000,1024,1024,1056,178,307,3,5685,0,1534,0,2.0373,0.1971,0.1272,2.9886,0.3413,0.8091,1.519,1.596,8.86,49.09,49.09,49.07,2.5407,0.2407,0.1329,27.13,27.43,54.23,0.4278,0.0455,0.0325,22.61,22.78,147.45,0.389,0.0409,0.0266,16000,1024,619.35,0.8779,0.1051,0.0143,0.0027
2026-08-27T00:28:35.896+02:00,1000,1024,1024,1056,178,307,1,5686,0,1534,0,2.0613,0.197,0.1208,2.9889,0.3606,0.6519,1.514,1.592,4.38,48.98,49.01,49.01,2.8286,0.2655,0.1468,44.29,146.75,106.85,0.1546,0.0214,0.0197,56.06,37.59,202.32,0.1394,0.0204,0.0175,16000,1024,541.85,0.9019,0.0785,0.0156,0.0041
2026-08-27T00:29:05.901+02:00,1000,1024,1024,1056,178,308,14,5700,0,1534,0,2.07,0.1983,0.1667,3.1156,0.4954,0.8706,1.533,1.648,9.709,49.01,49.02,48.97,1.8229,0.1767,0.1013,33.48,33.35,33.68,0.68,0.0688,0.0448,21.71,26.26,17.63,0.6688,0.0616,0.0422,16000,1024,632.77,0.8963,0.0802,0.0197,0.0038
2026-08-27T00:30:05.897+02:00,1000,1024,1024,1056,179,308,1,5703,0,1534,0,2.0725,0.2011,0.1098,3.0719,0.346,0.2476,1.525,1.613,1.867,49.1,49.11,49.1,2.8751,0.2676,0.1428,33.46,42.91,98.37,0.1574,0.0231,0.0177,28.81,147.38,147.14,0.154,0.0228,0.0184,16000,1024,731.07,0.8535,0.134,0.0096,0.0029
2026-08-27T00:30:35.896+02:00,1000,1024,1024,1056,179,308,0,5703,0,1534,0,2.0872,0.1973,0.1473,3.0106,0.355,0.8291,1.511,1.614,10.057,49.08,49.08,49.09,2.9875,0.2798,0.1591,147.19,147.28,375.0,0.0573,0.0287,0.0338,196.31,100.12,312.71,0.0122,0.0212,0.0335,16000,1024,571.51,0.8446,0.1363,0.0155,0.0036
2026-08-27T00:31:35.898+02:00,1000,1024,1024,1056,180,308,3,5707,0,1535,0,2.1401,0.1916,0.3538,3.261,0.3558,1.2075,1.516,1.689,4.492,49.12,49.14,56.46,2.9557,0.2599,0.1608,30.38,147.65,49.05,0.1544,0.0289,0.128,37.94,40.6,8.12,0.1516,0.0253,0.1231,16000,1024,518.09,0.8109,0.1559,0.0269,0.0063
2026-08-27T00:32:05.897+02:00,1000,1024,1024,1056,180,309,0,5707,0,1535,0,2.1358,0.1996,0.1161,3.1104,0.3513,0.2608,1.515,1.587,1.829,48.99,48.99,48.99,3.028,0.2789,0.159,54.2,147.07,98.15,0.047,0.028,0.0217,43.46,99.94,146.72,0.0454,0.0222,0.0147,16000,1024,587.34,0.8709,0.1118,0.0149,0.0024
2026-08-27T00:32:35.898+02:00,1000,1024,1024,1056,180,310,0,5707,0,1535,0,2.159,0.1965,0.1184,3.1458,0.3457,0.2516,1.51,1.595,1.781,49.09,49.09,49.06,3.0919,0.2785,0.1612,147.25,147.24,146.89,0.0603,0.0277,0.0188,196.21,100.05,98.63,0.0132,0.0245,0.0173,16000,1024,507.82,0.7573,0.2095,0.0278,0.0054
2026-08-27T00:33:05.899+02:00,1000,1024,1024,1056,180,310,3,5710,1,1536,0,2.173,0.1936,0.1235,3.3102,0.3756,0.6065,1.509,1.624,2.693,49.1,49.11,49.09,2.7681,0.2512,0.1404,44.43,44.43,44.15,0.3559,0.0308,0.0227,21.64,53.59,22.24,0.3019,0.0283,0.0202,16000,1024,437.62,0.7932,0.1582,0.0413,0.0073
2026-08-27T00:33:35.899+02:00,1000,1024,1024,1056,180,311,1,5711,0,1536,0,2.1577,0.1977,0.1279,3.1721,0.3524,0.8439,1.512,1.593,6.91,49.07,49.08,49.06,3.0559,0.2769,0.1538,147.17,147.28,98.12,0.0545,0.0308,0.0238,33.21,99.8,147.02,0.0349,0.0169,0.0143,16000,1024,811.34,0.9457,0.0467,0.0065,0.0011
2026-08-27T00:34:35.900+02:00,1000,1024,1024,1056,181,312,2,5725,0,1536,0,2.2054,0.1969,0.1227,3.3167,0.3463,0.2662,1.515,1.615,1.716,49.07,49.06,49.04,2.8828,0.2523,0.1497,40.02,39.36,98.61,0.3662,0.0339,0.0199,30.88,29.69,31.17,0.3533,0.033,0.0199,16000,1024,591.01,0.9141,0.0697,0.0141,0.0021
2026-08-27T00:38:35.903+02:00,1000,1024,1024,1056,188,315,0,5781,0,1558,0,2.3444,0.1898,0.3982,3.3774,0.3675,1.3089,1.505,1.698,3.807,49.02,49.03,49.06,3.3337,0.2654,0.1744,147.09,99.91,276.22,0.0542,0.0227,0.1304,53.22,146.9,59.38,0.0532,0.0209,0.1291,16000,1024,649.41,0.8987,0.0861,0.0132,0.002
2026-08-27T00:40:35.905+02:00,1000,1024,1024,1056,191,318,0,5787,0,1559,0,2.4051,0.2005,0.1626,3.4897,0.3543,1.0918,1.507,1.61,9.765,49.06,49.07,49.03,3.4511,0.284,0.1902,147.08,147.41,98.01,0.0613,0.0282,0.0224,54.2,100.0,146.99,0.0227,0.0202,0.0226,16000,1024,654.05,0.8756,0.1065,0.0136,0.0043
2026-08-27T00:41:05.905+02:00,1000,1024,1024,1056,191,318,4,5791,0,1559,0,2.3999,0.1903,0.3959,3.6587,0.3737,1.2072,1.519,1.69,3.886,49.11,49.12,48.98,2.8882,0.2353,0.147,42.95,42.72,483.37,0.6413,0.0463,0.1144,55.58,55.55,427.1,0.5286,0.0426,0.1164,16000,1024,579.1,0.9128,0.0688,0.0153,0.003
2026-08-27T00:42:35.907+02:00,1000,1024,1024,1056,193,319,0,5798,0,1559,0,2.4499,0.2033,0.1513,3.546,0.3643,1.0705,1.504,1.637,6.016,49.1,49.11,49.07,3.5181,0.2881,0.2059,147.25,147.26,98.37,0.0589,0.0282,0.0268,196.09,100.14,147.0,0.0168,0.0278,0.0223,16000,1024,748.79,0.8648,0.115,0.0167,0.0035
2026-08-27T00:44:05.910+02:00,1000,1024,1024,1056,195,320,0,5801,0,1559,0,2.4712,0.1999,0.1466,3.5857,0.3585,0.2951,1.508,1.598,1.638,49.02,49.01,49.02,3.5248,0.2819,0.2005,53.22,99.87,97.82,0.0579,0.0241,0.0227,147.03,146.98,147.2,0.0609,0.0278,0.017,16000,1024,742.58,0.8926,0.0925,0.0125,0.0023
2026-08-27T00:45:35.907+02:00,1000,1024,1024,1056,197,324,0,5813,0,1565,0,2.5476,0.2032,0.1531,3.6977,0.3758,0.2818,1.5,1.647,1.595,49.09,49.08,49.08,3.6471,0.287,0.2117,147.23,147.25,147.07,0.0559,0.0313,0.0152,196.15,100.21,98.77,0.0178,0.0246,0.0137,16000,1024,566.43,0.8204,0.1622,0.0153,0.0022
2026-08-27T00:46:05.909+02:00,1000,1024,1024,1056,197,324,49,5862,49,1614,0,2.5435,0.2059,0.1505,3.7084,0.3782,0.2867,1.496,1.618,1.608,49.08,49.08,49.07,3.6362,0.292,0.2084,147.32,147.05,98.06,0.0585,0.0294,0.0164,53.37,99.99,147.1,0.0296,0.0258,0.0138,16000,1024,631.88,0.8636,0.1233,0.0116,0.0016
2026-08-27T00:46:35.908+02:00,1000,1024,1024,1056,197,325,2,5864,1,1615,0,2.5028,0.1998,0.1567,3.6313,0.3459,0.7516,1.508,1.622,3.097,49.09,49.1,49.13,3.4621,0.271,0.1853,37.14,147.12,54.1,0.1815,0.0319,0.0326,42.86,35.24,140.37,0.1781,0.0224,0.0309,16000,1024,672.18,0.9153,0.0722,0.0107,0.0018
2026-08-27T00:50:05.912+02:00,1000,1024,1024,1056,203,327,0,5887,0,1622,0,2.5779,0.2026,0.1638,3.7351,0.3525,0.7793,1.498,1.631,3.033,49.06,49.06,49.07,3.6949,0.285,0.2068,147.07,147.13,98.01,0.0642,0.0286,0.0339,53.64,99.99,147.66,0.0347,0.0226,0.0311,16000,1024,732.18,0.9233,0.0655,0.0094,0.0017
2026-08-27T00:51:05.912+02:00,1000,1024,1024,1056,204,328,5,5893,2,1624,0,2.6204,0.2081,0.1631,3.7876,0.3731,0.3172,1.494,1.613,1.574,49.1,49.08,49.07,3.6033,0.2813,0.2186,36.34,99.92,100.46,0.1816,0.0254,0.0199,30.76,147.18,196.38,0.1761,0.0243,0.0193,16000,1024,778.5,0.9238,0.0687,0.0056,0.0019
2026-08-27T00:51:35.917+02:00,1000,1024,1027,1060,204,328,12,5905,5,1629,0,2.5926,0.2072,0.1627,3.8911,0.3806,0.3063,1.515,1.648,1.583,49.03,49.04,49.05,2.9119,0.2247,0.1854,39.04,23.02,39.17,0.6383,0.0698,0.0371,22.99,41.24,57.17,0.7028,0.0492,0.0426,16000,1024,648.0,0.8986,0.0902,0.0087,0.0025
2026-08-27T00:52:35.914+02:00,1000,1024,1024,1056,205,329,1,5909,0,1629,0,2.6349,0.2069,0.1646,3.8518,0.365,0.4967,1.497,1.626,1.695,49.09,49.09,49.1,3.7033,0.2882,0.2172,39.25,147.23,147.11,0.0906,0.0306,0.0185,30.9,99.78,196.14,0.0903,0.0282,0.0168,16000,1024,709.25,0.9058,0.0814,0.0097,0.0031
2026-08-27T00:54:05.914+02:00,1000,1024,1024,1056,207,330,0,5916,0,1629,0,2.6902,0.212,0.1694,3.8797,0.3869,0.3079,1.496,1.64,1.528,49.11,49.1,49.12,3.8687,0.3013,0.2364,147.28,147.25,99.78,0.0595,0.0324,0.0221,43.46,99.95,147.09,0.0155,0.0261,0.022,16000,1024,725.88,0.9189,0.0702,0.0096,0.0013
2026-08-27T00:55:05.916+02:00,1000,1024,1024,1056,208,332,0,5917,0,1629,0,2.6548,0.2135,0.1763,4.7676,0.3923,0.771,1.501,1.629,2.681,49.11,49.11,49.09,3.8162,0.3035,0.241,147.3,147.2,146.92,0.0524,0.0326,0.0237,196.71,99.98,98.01,0.0288,0.0252,0.0232,16000,1024,666.12,0.8473,0.1431,0.008,0.0016
2026-08-27T00:56:05.917+02:00,1000,1024,1024,1056,209,333,0,5919,0,1629,0,2.6638,0.2097,0.1694,3.8246,0.371,0.4899,1.494,1.613,1.631,49.02,49.02,49.02,3.7842,0.2901,0.228,54.2,146.99,146.78,0.06,0.029,0.02,43.46,100.0,98.72,0.0567,0.0279,0.0188,16000,1024,829.26,0.8878,0.1023,0.0079,0.002
2026-08-27T00:56:35.917+02:00,1000,1024,1024,1056,209,334,1,5920,0,1629,0,2.6755,0.2096,0.176,3.916,0.3675,0.7054,1.502,1.634,2.085,49.1,49.1,49.08,3.8001,0.2918,0.2355,147.32,147.41,98.1,0.0617,0.0311,0.0216,37.92,100.1,196.18,0.0583,0.0276,0.0157,16000,1024,540.27,0.8614,0.1225,0.013,0.0031
2026-08-27T00:57:35.924+02:00,1000,1024,1024,1056,210,335,1,5922,0,1629,0,2.7034,0.2098,0.2243,3.9836,0.3782,0.8093,1.493,1.692,3.933,49.12,49.12,49.13,3.8138,0.2977,0.2324,43.04,147.48,335.18,0.0686,0.0327,0.0234,35.67,100.12,2.44,0.0684,0.0272,0.0191,16000,1024,690.5,0.8764,0.1126,0.008,0.003
2026-08-27T00:59:05.925+02:00,1000,1024,1024,1056,212,337,1,5927,0,1629,0,2.7082,0.216,0.1828,3.9147,0.3791,0.8386,1.496,1.66,3.073,49.04,49.04,49.02,3.8263,0.2997,0.2341,40.73,147.22,98.52,0.0814,0.03,0.0292,55.19,99.98,146.59,0.0796,0.026,0.0163,16000,1024,582.12,0.8429,0.1465,0.0086,0.002
2026-08-27T01:00:05.927+02:00,1000,1024,1024,1056,213,338,0,5928,0,1629,0,0.0223,0.0231,0.0688,0.0711,0.079,0.7482,2.906,2.931,77.208,6.25,60.41,144.85,0.0093,0.007,0.0209,25.47,124.27,484.48,0.007,0.0067,0.0198,59.94,215.47,105.36,0.0078,0.0065,0.0196,16000,1024,430.79,0.9718,0.0229,0.0047,0.0006
2026-08-27T01:00:35.926+02:00,1000,1024,1024,1056,213,339,13,5941,2,1631,0,0.0234,0.0221,0.1028,0.0836,0.0645,0.7433,3.03,2.927,32.838,8.53,27.4,312.9,0.0078,0.0076,0.0472,101.18,39.52,126.31,0.0083,0.0078,0.0474,117.02,13.69,499.51,0.0071,0.0073,0.0483,16000,1024,514.84,0.9777,0.0162,0.0056,0.0006
2026-08-27T01:01:05.939+02:00,1000,1024,1024,1056,213,339,0,5941,0,1631,0,0.0241,0.0217,0.0696,0.0876,0.0714,0.7624,3.019,3.047,75.859,136.0,3.13,41.41,0.0094,0.0074,0.0127,172.91,57.86,114.06,0.0077,0.0072,0.0103,71.72,26.91,91.51,0.0081,0.0075,0.0102,16000,1024,397.14,0.9312,0.0566,0.0107,0.0014
2026-08-27T01:01:35.932+02:00,1000,1024,1024,1056,213,339,0,5941,0,1631,0,0.0228,0.0214,0.0478,0.0775,0.0644,0.746,3.018,2.859,119.376,41.97,65.91,107.51,0.0077,0.0077,0.0132,135.58,46.03,156.09,0.0078,0.0067,0.0125,28.49,10.11,15.93,0.0066,0.0059,0.0122,16000,1024,449.22,0.9544,0.0327,0.0112,0.0017
2026-08-27T01:02:05.927+02:00,1000,1024,1024,1056,213,340,0,5941,0,1631,0,0.0232,0.0208,0.0484,0.0674,0.0648,0.7416,2.762,2.912,103.795,18.62,93.62,85.35,0.0081,0.007,0.0134,56.22,47.81,53.55,0.0082,0.006,0.0107,28.93,66.06,216.06,0.0079,0.0063,0.0103,16000,1024,573.6,0.9836,0.0107,0.0049,0.0008
2026-08-27T01:02:35.928+02:00,1000,1024,1024,1056,213,340,0,5941,0,1631,0,0.0246,0.0209,0.0471,0.0764,0.0755,0.7314,2.998,3.177,112.348,100.77,58.63,219.64,0.0076,0.0055,0.0142,34.14,185.65,10.28,0.007,0.0055,0.0147,28.55,214.93,63.83,0.0064,0.0055,0.0136,16000,1024,420.29,0.96,0.0317,0.0074,0.0009
2026-08-27T01:03:05.927+02:00,1000,1024,1024,1056,213,340,0,5941,0,1631,0,0.024,0.0211,0.0679,0.0801,0.067,0.7485,3.078,3.141,79.091,187.51,99.32,221.48,0.0087,0.0078,0.0222,38.39,216.99,101.68,0.007,0.0065,0.0218,12.29,64.25,36.09,0.0073,0.0059,0.0214,16000,1024,258.56,0.9152,0.0586,0.024,0.0021
2026-08-27T01:03:35.928+02:00,1000,1024,1024,1056,213,341,9,5950,3,1634,0,0.0257,0.0234,0.0763,0.0982,0.084,0.7392,3.159,3.098,60.762,25.93,7.39,13.92,0.0088,0.0081,0.0282,104.27,43.13,20.82,0.008,0.007,0.0274,92.68,130.42,190.8,0.0073,0.0075,0.0273,16000,1024,503.87,0.9353,0.0532,0.0099,0.0015
2026-08-27T01:04:05.928+02:00,1000,1024,1024,1056,213,342,0,5950,0,1634,0,0.0242,0.0215,0.0318,0.0706,0.071,0.1093,3.009,3.079,3.111,132.01,8.3,11.11,0.0074,0.0069,0.0101,15.02,22.13,136.54,0.0081,0.0066,0.009,38.41,228.45,28.94,0.0068,0.0059,0.0094,16000,1024,286.5,0.8371,0.133,0.0259,0.0039
2026-08-27T01:04:35.929+02:00,1000,1024,1024,1056,213,342,0,5950,0,1634,0,0.0232,0.0216,0.0321,0.0797,0.0653,0.1043,2.882,2.771,3.006,114.16,28.46,13.72,0.0073,0.0084,0.0095,58.06,55.92,212.45,0.0079,0.0071,0.0084,178.45,185.28,2.23,0.0071,0.0065,0.008,16000,1024,405.61,0.9446,0.0449,0.009,0.0015
2026-08-27T01:05:05.929+02:00,1000,1024,1024,1056,213,344,1,5951,0,1634,0,0.0246,0.0217,0.0779,0.076,0.0796,0.7593,3.102,3.181,64.88,49.92,8.65,33.64,0.0074,0.0063,0.0313,141.42,90.64,99.9,0.0074,0.0058,0.0289,110.04,44.42,60.21,0.0073,0.0058,0.0262,16000,1024,364.74,0.9313,0.0525,0.0145,0.0017
2026-08-27T01:05:35.930+02:00,1000,1024,1024,1056,213,344,0,5951,0,1634,0,0.023,0.0211,0.0419,0.0649,0.0649,0.6073,2.639,2.806,84.831,1.55,35.08,28.06,0.0071,0.0063,0.0112,171.24,89.08,54.81,0.0069,0.0059,0.0095,68.89,70.57,180.7,0.0067,0.0058,0.0083,16000,1024,448.28,0.9383,0.0519,0.0081,0.0017
2026-08-27T01:06:05.929+02:00,1000,1024,1024,1056,213,345,4,5955,0,1634,0,0.022,0.0196,0.0562,0.0654,0.0626,0.7544,2.843,2.966,86.892,246.58,18.3,195.89,0.0075,0.007,0.0165,287.89,185.54,37.27,0.0061,0.0065,0.0125,23.6,67.69,212.0,0.0057,0.0063,0.0112,16000,1024,243.57,0.9054,0.0691,0.0224,0.0031
2026-08-27T01:06:35.931+02:00,1000,1024,1024,1056,213,346,1,5956,0,1634,0,0.0233,0.0214,0.0754,0.0697,0.0909,0.7607,2.967,3.375,64.695,51.22,55.76,53.05,0.009,0.0064,0.0136,41.43,108.33,91.66,0.0079,0.0064,0.0114,118.59,121.29,69.7,0.0073,0.0061,0.0133,16000,1024,613.84,0.9786,0.0159,0.0049,0.0006
2026-08-27T01:07:35.932+02:00,1000,1024,1024,1056,214,347,0,5962,0,1634,0,0.0232,0.0222,0.0479,0.0714,0.0781,0.7351,2.638,2.947,110.04,148.86,2.0,11.83,0.0077,0.0084,0.0176,226.41,75.9,100.2,0.0062,0.0071,0.0169,177.13,94.25,54.87,0.0066,0.0068,0.0161,16000,1024,381.57,0.9595,0.0309,0.0084,0.0012
2026-08-27T01:08:05.930+02:00,1000,1024,1024,1056,214,347,0,5962,0,1634,0,0.0235,0.0203,0.1684,0.0909,0.0677,1.4182,2.961,2.909,19.787,74.83,20.26,187.3,0.0079,0.0062,0.0428,21.44,125.32,22.58,0.0066,0.0065,0.0395,37.61,120.34,323.66,0.0069,0.0056,0.0407,16000,1024,584.04,0.9536,0.0413,0.0045,0.0006
2026-08-27T01:08:35.931+02:00,1000,1024,1024,1056,214,348,10,5972,0,1634,0,0.0257,0.0213,0.0763,0.0909,0.0712,0.7239,3.422,3.424,49.621,49.95,11.78,65.97,0.0109,0.0068,0.0322,37.14,38.47,262.47,0.0082,0.0067,0.0253,62.29,172.73,462.96,0.008,0.006,0.0236,16000,1024,368.29,0.9421,0.0495,0.0073,0.0011
2026-08-27T01:09:05.931+02:00,1000,1024,1024,1056,214,349,0,5972,0,1634,0,0.0254,0.021,0.0474,0.0882,0.068,0.7202,3.01,2.927,105.014,70.46,18.44,61.66,0.0074,0.0069,0.0161,34.18,73.33,14.49,0.0071,0.0064,0.0154,84.3,118.7,71.98,0.0064,0.0068,0.0149,16000,1024,515.34,0.9374,0.0381,0.0206,0.0039
2026-08-27T01:10:05.938+02:00,1000,1024,1024,1056,215,349,2,5977,0,1634,0,0.0237,0.0219,0.0608,0.0661,0.0773,0.7751,2.706,3.283,91.658,8.55,24.33,57.35,0.0079,0.0094,0.0143,44.84,54.61,112.94,0.0069,0.0061,0.0138,89.82,6.45,72.3,0.0069,0.0068,0.011,16000,1024,370.46,0.955,0.031,0.0125,0.0015
2026-08-27T01:10:35.932+02:00,1000,1024,1024,1056,215,349,0,5977,0,1634,0,0.0225,0.0209,0.0298,0.07,0.0699,0.104,2.981,2.996,3.248,139.44,122.79,41.54,0.0068,0.0067,0.0098,178.36,222.36,240.5,0.0069,0.006,0.008,245.77,70.75,111.21,0.0061,0.0058,0.0079,16000,1024,282.03,0.8765,0.102,0.0179,0.0035
2026-08-27T01:11:05.933+02:00,1000,1024,1024,1056,215,350,10,5987,1,1635,0,0.023,0.0217,0.0951,0.0717,0.0765,0.715,2.681,2.981,36.791,63.81,54.72,26.63,0.0096,0.0068,0.0189,36.78,131.3,214.52,0.007,0.0064,0.0181,75.24,161.74,264.44,0.0061,0.0058,0.0175,16000,1024,415.89,0.9612,0.0282,0.0092,0.0015
2026-08-27T01:11:35.935+02:00,1000,1024,1024,1056,215,350,0,5987,0,1635,0,0.0249,0.019,0.1619,0.0833,0.0726,1.2905,2.956,3.047,20.373,84.37,204.72,187.51,0.0088,0.0061,0.053,131.91,29.99,59.16,0.0067,0.0059,0.0584,45.99,12.73,182.94,0.0066,0.0057,0.045,16000,1024,419.47,0.9397,0.0518,0.0075,0.001
2026-08-27T01:12:05.933+02:00,1000,1024,1024,1056,215,350,0,5987,0,1635,0,0.0242,0.0208,0.197,0.0837,0.0691,1.3656,3.211,2.874,13.126,40.97,1.46,82.24,0.0076,0.0075,0.0613,86.4,239.3,187.7,0.0078,0.0057,0.0566,60.74,72.11,269.87,0.0066,0.0055,0.0538,16000,1024,446.2,0.9807,0.0136,0.005,0.0006
2026-08-27T01:12:35.935+02:00,1000,1024,1024,1056,215,350,2,5989,0,1635,0,0.0243,0.0213,0.0335,0.0854,0.0671,0.1171,3.212,2.757,2.979,50.93,36.87,77.75,0.0076,0.0079,0.01,36.43,143.62,116.21,0.0073,0.0069,0.009,185.62,162.27,13.52,0.0062,0.0069,0.0087,16000,1024,475.42,0.9765,0.0149,0.0076,0.0011
2026-08-27T01:13:35.935+02:00,1000,1024,1024,1056,216,350,6,5998,0,1635,0,0.0229,0.0228,0.1626,0.0704,0.0839,1.1309,2.972,3.485,13.024,154.07,83.64,308.74,0.0063,0.0065,0.0695,221.88,52.18,187.35,0.0059,0.0067,0.058,123.1,69.48,29.61,0.0055,0.006,0.0539,16000,1024,440.46,0.9283,0.0557,0.0141,0.0019
2026-08-27T01:14:05.936+02:00,1000,1024,1024,1056,216,350,2,6000,0,1635,0,0.0229,0.0215,0.0573,0.0997,0.0749,0.7155,3.32,2.997,94.172,13.48,3.7,74.91,0.0102,0.0075,0.013,47.39,76.69,136.67,0.0089,0.0076,0.0118,65.94,122.33,123.14,0.0073,0.0064,0.0117,16000,1024,737.15,0.9738,0.018,0.0071,0.0011
2026-08-27T01:14:35.936+02:00,1000,1024,1024,1056,216,350,1,6001,0,1635,0,0.0229,0.0223,0.0574,0.0731,0.0736,0.7268,2.85,3.095,97.962,53.52,76.27,30.04,0.008,0.0068,0.0163,3.44,41.69,217.73,0.007,0.0067,0.0149,155.31,141.04,284.24,0.006,0.0063,0.0142,16000,1024,481.18,0.9731,0.0196,0.0067,0.0007
2026-08-27T01:15:05.937+02:00,1000,1024,1024,1056,216,350,4,6005,0,1635,0,0.0227,0.0215,0.1385,0.0854,0.0833,1.2794,3.396,3.47,25.694,67.43,64.35,128.75,0.0081,0.007,0.0424,44.76,15.1,33.94,0.0071,0.0075,0.043,231.81,130.99,61.38,0.007,0.0066,0.0404,16000,1024,541.85,0.9669,0.028,0.0044,0.0006
2026-08-27T01:15:35.936+02:00,1000,1024,1024,1056,216,352,5,6010,0,1635,0,0.0241,0.0226,0.154,0.1008,0.0803,1.2812,3.705,3.084,17.682,32.72,30.49,179.04,0.0074,0.008,0.0572,162.07,45.84,128.17,0.0068,0.0077,0.0549,5.04,217.67,18.18,0.0063,0.0071,0.0518,16000,1024,370.47,0.9553,0.0282,0.0153,0.0012
2026-08-27T01:16:05.937+02:00,1000,1024,1024,1056,216,352,2,6012,0,1635,0,0.0222,0.0236,0.099,0.075,0.0818,0.7293,2.905,3.543,36.696,167.17,93.88,375.05,0.0067,0.0072,0.0377,115.59,116.89,250.08,0.0072,0.0073,0.0377,23.11,5.04,437.53,0.0065,0.0065,0.0372,16000,1024,401.65,0.9767,0.0168,0.0057,0.0008
2026-08-27T01:16:35.943+02:00,1000,1024,1024,1056,216,352,7,6019,1,1636,0,0.0236,0.0217,0.0568,0.0847,0.0727,0.7093,3.145,3.117,85.993,110.47,117.16,35.26,0.0079,0.0078,0.0171,60.38,81.11,148.74,0.0074,0.0069,0.0135,35.41,45.33,4.06,0.0074,0.0068,0.0133,16000,1024,488.63,0.9337,0.0526,0.0125,0.0012
2026-08-27T01:17:05.938+02:00,1000,1024,1024,1056,216,353,0,6019,0,1636,0,0.0237,0.0222,0.1624,0.0749,0.0768,1.2832,3.001,3.053,18.936,165.55,23.48,135.21,0.0083,0.0071,0.0499,28.85,38.5,76.75,0.0076,0.0074,0.0501,64.73,93.66,312.28,0.0066,0.0061,0.0462,16000,1024,480.14,0.9681,0.0228,0.0081,0.001
2026-08-27T01:17:35.938+02:00,1000,1024,1024,1056,216,353,1,6020,0,1636,0,0.0229,0.021,0.056,0.0778,0.0655,0.6967,2.848,2.794,87.056,49.13,121.65,93.92,0.007,0.0067,0.013,198.45,41.07,134.47,0.0062,0.0058,0.0131,21.28,59.93,89.12,0.0062,0.0059,0.0118,16000,1024,349.99,0.9415,0.0397,0.0171,0.0017
2026-08-27T01:18:05.941+02:00,1000,1024,1024,1056,216,353,0,6020,0,1636,0,0.0239,0.021,0.1016,0.0797,0.0976,0.7309,3.125,4.034,37.133,43.17,236.91,312.58,0.009,0.0059,0.0337,71.67,225.41,374.83,0.0092,0.0057,0.0329,94.66,172.41,62.24,0.0075,0.0063,0.0329,16000,1024,468.88,0.976,0.0159,0.0072,0.0009
2026-08-27T01:19:05.940+02:00,1000,1024,1024,1056,217,354,4,6027,1,1637,0,0.0257,0.0205,0.0639,0.081,0.08,0.7504,2.773,3.179,65.801,66.63,106.62,7.55,0.0086,0.0065,0.0161,164.44,113.14,41.28,0.0086,0.0065,0.0125,114.22,51.34,91.17,0.0072,0.0064,0.0127,16000,1024,212.83,0.834,0.123,0.0386,0.0044
2026-08-27T01:19:35.941+02:00,1000,1024,1024,1056,217,354,0,6027,0,1637,0,0.0241,0.0223,0.0416,0.077,0.0758,0.603,2.864,3.385,83.783,25.88,48.86,49.71,0.0074,0.0067,0.0102,7.25,95.99,273.56,0.0072,0.006,0.0091,134.28,111.24,61.54,0.0078,0.0056,0.009,16000,1024,664.96,0.9887,0.0083,0.0026,0.0003
2026-08-27T01:20:05.940+02:00,1000,1024,1024,1056,217,355,1,6028,0,1637,0,0.0224,0.0217,0.0827,0.0731,0.0912,0.7517,2.912,3.863,53.707,175.02,53.07,187.34,0.0074,0.0084,0.0298,23.79,38.32,35.82,0.0076,0.0067,0.0297,150.04,129.28,102.86,0.0074,0.007,0.0277,16000,1024,402.02,0.9485,0.0399,0.0106,0.001
2026-08-27T01:20:35.941+02:00,1000,1024,1024,1056,217,356,0,6028,0,1637,0,0.023,0.0203,0.0321,0.0841,0.0672,0.1096,3.085,2.811,2.937,200.18,32.71,95.6,0.0078,0.0074,0.0128,38.11,136.64,131.84,0.0067,0.006,0.0105,106.45,162.03,168.08,0.0067,0.0059,0.0086,16000,1024,629.06,0.9729,0.0218,0.0046,0.0007
2026-08-27T01:21:05.942+02:00,1000,1024,1024,1056,217,357,2,6030,0,1637,0,0.0237,0.0213,0.0662,0.0735,0.0788,0.7076,2.981,3.252,74.856,49.0,112.01,454.15,0.0084,0.0087,0.0247,14.88,135.8,72.45,0.0065,0.0077,0.0244,24.97,127.46,91.62,0.0064,0.0069,0.0241,16000,1024,282.89,0.8674,0.1088,0.0219,0.0019
2026-08-27T01:21:35.941+02:00,1000,1024,1024,1056,217,358,0,6030,0,1637,0,0.046,0.0408,0.0811,0.1448,0.1317,1.1428,2.834,2.987,77.121,11.23,6.23,23.45,0.0174,0.0175,0.0244,35.33,235.13,154.09,0.0141,0.0104,0.0189,198.84,63.71,162.93,0.0126,0.0102,0.0172,16000,1024,447.84,0.9779,0.0157,0.0057,0.0006
2026-08-27T01:22:05.942+02:00,1000,1024,1024,1056,217,358,2,6032,0,1637,0,0.0476,0.0433,0.1464,0.1924,0.1512,1.3546,3.231,3.231,44.895,76.49,31.19,96.4,0.0154,0.0133,0.0399,112.13,91.22,8.54,0.0137,0.0144,0.0362,14.72,5.17,185.56,0.0125,0.013,0.0352,16000,1024,372.95,0.8665,0.1023,0.0281,0.0031
2026-08-27T01:22:35.941+02:00,1000,1024,1024,1056,217,358,2,6034,0,1637,0,0.0477,0.0414,0.1348,0.1802,0.1228,1.3646,2.956,2.766,60.144,71.22,10.07,76.5,0.0149,0.014,0.0463,47.77,130.01,132.34,0.0145,0.013,0.0457,197.17,134.86,167.55,0.0128,0.0125,0.0456,16000,1024,429.6,0.9552,0.0337,0.0095,0.0016
2026-08-27T01:23:05.942+02:00,1000,1024,1024,1056,217,359,4,6038,0,1637,0,0.0235,0.0225,0.1112,0.0824,0.19,1.9366,3.157,10.407,158.242,138.48,53.59,167.1,0.0077,0.0064,0.0262,118.33,61.01,96.42,0.0069,0.0085,0.0231,51.85,89.82,192.16,0.0065,0.0061,0.0219,16000,1024,383.45,0.9557,0.0331,0.0102,0.001
2026-08-27T01:23:35.943+02:00,1000,1024,1024,1056,217,359,0,6038,0,1637,0,0.0226,0.0222,0.0879,0.0748,0.109,0.7483,2.895,4.171,49.029,35.95,68.44,260.15,0.007,0.0071,0.0331,124.02,252.86,20.16,0.006,0.007,0.0307,74.83,61.4,300.01,0.0062,0.007,0.0299,16000,1024,393.59,0.9319,0.0539,0.0126,0.0016
2026-08-27T01:24:35.943+02:00,1000,1024,1024,1056,218,361,0,6056,0,1637,0,0.0229,0.0213,0.0324,0.0852,0.0646,0.1312,3.071,2.565,3.223,18.7,25.27,19.13,0.0083,0.0065,0.0101,12.94,36.06,146.26,0.0069,0.0063,0.0087,136.5,111.06,97.63,0.0061,0.0065,0.0084,16000,1024,411.46,0.9315,0.0519,0.0151,0.0015
2026-08-27T01:25:05.945+02:00,1000,1024,1024,1056,218,363,0,6056,0,1637,0,0.0229,0.0218,0.088,0.0697,0.095,0.7327,2.86,3.706,45.865,98.65,76.68,40.4,0.0069,0.0081,0.0265,57.24,68.34,141.61,0.0077,0.0059,0.0219,43.93,202.25,116.36,0.0068,0.006,0.0189,16000,1024,421.18,0.9513,0.038,0.0099,0.0008
2026-08-27T01:25:35.945+02:00,1000,1024,1024,1056,218,364,1,6057,0,1637,0,0.0229,0.0226,0.1055,0.0689,0.0857,0.7221,2.83,3.7,32.958,105.25,1.77,49.89,0.0081,0.007,0.0209,198.43,142.55,187.5,0.0068,0.0059,0.0197,142.74,58.12,375.24,0.0065,0.0066,0.0207,16000,1024,578.53,0.9633,0.0302,0.0056,0.0008
2026-08-27T01:26:05.945+02:00,1000,1024,1024,1056,218,364,0,6057,0,1637,0,0.0231,0.0231,0.0503,0.0763,0.0827,0.8307,2.86,3.123,149.42,32.37,97.28,38.34,0.0066,0.0096,0.0108,57.94,12.85,116.44,0.0067,0.0069,0.0093,138.27,40.13,66.0,0.0064,0.0065,0.0096,16000,1024,352.41,0.9522,0.034,0.0125,0.0014
2026-08-27T01:26:35.946+02:00,1000,1024,1024,1056,218,364,3,6060,0,1637,0,0.0231,0.0206,0.0868,0.0703,0.0668,0.6872,2.826,3.108,35.148,176.66,118.03,160.05,0.0085,0.0066,0.0215,36.24,32.95,20.24,0.0076,0.0057,0.022,102.32,40.85,76.15,0.0075,0.0056,0.0207,16000,1024,369.85,0.9265,0.0587,0.0133,0.0016
2026-08-27T01:27:05.945+02:00,1000,1024,1024,1056,218,365,2,6062,0,1637,0,0.024,0.0221,0.0816,0.0719,0.0848,0.726,2.816,3.493,52.651,119.94,118.1,157.53,0.0086,0.0071,0.0278,71.68,82.37,62.58,0.0078,0.007,0.0262,21.74,93.04,194.42,0.0067,0.0068,0.0227,16000,1024,412.42,0.9691,0.0219,0.0082,0.0008
2026-08-27T01:27:35.947+02:00,1000,1024,1024,1056,218,366,4,6066,1,1638,0,0.0241,0.0218,0.0469,0.0772,0.0775,0.6915,2.675,3.25,94.325,76.12,56.93,54.3,0.0075,0.0064,0.0163,113.42,93.15,179.74,0.0069,0.0064,0.0139,3.68,99.93,114.47,0.0068,0.0063,0.0139,16000,1024,519.51,0.9562,0.0328,0.01,0.001
2026-08-27T01:28:05.990+02:00,1000,1024,1068,1100,218,366,5,6071,0,1638,0,0.0226,0.02,0.0328,0.0935,0.0601,0.1066,3.176,2.743,2.962,187.32,53.37,84.01,0.0075,0.0059,0.0129,6.57,218.97,165.82,0.007,0.0058,0.0101,121.63,143.73,53.66,0.0068,0.0056,0.0099,16000,1024,354.34,0.929,0.0502,0.018,0.0028
2026-08-27T01:28:35.947+02:00,1000,1024,1024,1056,218,366,7,6078,0,1638,0,0.0232,0.023,0.0862,0.0773,0.0706,0.7833,2.993,2.655,46.327,8.32,6.17,62.13,0.0096,0.0071,0.0356,235.27,53.78,2.57,0.0066,0.0065,0.0347,103.31,81.46,186.62,0.0064,0.0071,0.034,16000,1024,387.11,0.9312,0.0544,0.0125,0.0019
2026-08-27T01:29:05.946+02:00,1000,1024,1024,1056,218,366,1,6079,0,1638,0,0.0235,0.0201,0.0591,0.079,0.0712,0.7311,2.96,3.177,93.331,67.54,82.42,121.16,0.0086,0.0066,0.0176,55.91,109.81,230.32,0.0081,0.007,0.0176,115.83,14.53,149.07,0.0078,0.0061,0.0169,16000,1024,303.66,0.9384,0.0461,0.0138,0.0016
2026-08-27T01:29:35.947+02:00,1000,1024,1024,1056,218,366,1,6080,0,1638,0,0.0227,0.0208,0.1663,0.0723,0.0683,1.3419,2.913,3.019,14.788,36.07,45.25,187.37,0.007,0.0058,0.0793,153.58,75.5,30.37,0.0069,0.006,0.058,246.24,37.17,124.85,0.0065,0.0055,0.0584,16000,1024,385.79,0.9216,0.0655,0.0114,0.0014
2026-08-27T01:30:05.948+02:00,1000,1024,1024,1056,218,366,6,6086,0,1638,0,0.0245,0.0217,0.0936,0.0868,0.0813,0.7312,2.881,3.689,37.752,58.46,97.32,302.9,0.0082,0.0073,0.0396,13.08,13.68,80.08,0.009,0.0065,0.0366,94.77,208.09,258.66,0.0068,0.006,0.0357,16000,1024,425.44,0.955,0.0332,0.0108,0.0011
2026-08-27T01:30:35.953+02:00,1000,1024,1024,1056,218,366,1,6087,0,1638,0,0.0232,0.0212,0.0742,0.0712,0.0807,0.7189,2.904,3.048,60.929,64.62,174.86,33.53,0.0066,0.0056,0.0101,139.61,17.77,56.81,0.0062,0.0056,0.0095,8.66,40.21,12.97,0.0062,0.0056,0.0097,16000,1024,518.74,0.9545,0.0364,0.0084,0.0007
2026-08-27T01:31:05.949+02:00,1000,1024,1024,1056,218,366,0,6087,0,1638,0,0.0231,0.02,0.047,0.0739,0.0745,0.6946,2.979,3.211,97.029,202.98,146.56,15.36,0.0069,0.0058,0.0106,5.65,10.05,63.27,0.0068,0.0058,0.0098,56.53,100.85,100.48,0.0064,0.0057,0.0093,16000,1024,404.71,0.936,0.0447,0.0178,0.0015
2026-08-27T01:32:05.964+02:00,1000,1024,1025,1058,219,368,4,6100,0,1639,0,0.0242,0.0211,0.0451,0.0871,0.0766,0.7099,3.024,2.997,118.82,35.38,64.4,18.99,0.0082,0.0067,0.0124,117.16,79.26,73.31,0.0076,0.0062,0.0086,194.87,24.02,48.89,0.0069,0.0066,0.0082,16000,1024,327.21,0.9342,0.0474,0.0164,0.002
2026-08-27T01:32:35.962+02:00,1000,1024,1024,1056,219,368,4,6104,0,1639,0,0.0237,0.0233,0.0794,0.086,0.1034,0.8291,3.186,3.379,55.936,7.57,56.41,21.56,0.0077,0.0083,0.023,23.78,23.0,146.74,0.0083,0.0077,0.0237,171.58,42.39,125.12,0.0074,0.0076,0.0226,16000,1024,357.66,0.9408,0.0448,0.0127,0.0016
2026-08-27T01:33:05.962+02:00,1000,1024,1024,1056,219,368,5,6109,1,1640,0,0.0225,0.0223,0.1622,0.0757,0.0805,1.3545,3.146,2.789,19.739,35.86,136.29,94.95,0.0083,0.0076,0.0503,105.67,15.37,168.71,0.0079,0.0073,0.0472,71.89,47.74,344.91,0.0079,0.0069,0.044,16000,1024,459.41,0.971,0.0199,0.0082,0.0009
2026-08-27T01:33:35.966+02:00,1000,1024,1024,1056,219,368,2,6111,1,1641,0,0.0234,0.0215,0.0311,0.0709,0.0727,0.0993,3.005,3.151,2.796,159.59,2.24,177.66,0.0082,0.0084,0.0092,25.28,90.18,139.88,0.0075,0.007,0.0092,70.61,14.79,108.82,0.0074,0.006,0.01,16000,1024,281.17,0.9173,0.0597,0.0204,0.0027
2026-08-27T01:34:05.964+02:00,1000,1024,1024,1056,219,368,1,6112,0,1641,0,0.0236,0.0238,0.0602,0.0785,0.1043,0.6269,3.049,3.423,60.092,129.88,88.04,78.93,0.0069,0.008,0.0209,95.97,170.51,60.1,0.0065,0.007,0.0207,58.89,8.74,45.94,0.0063,0.0065,0.0189,16000,1024,708.26,0.9725,0.0227,0.0042,0.0005
2026-08-27T01:34:35.963+02:00,1000,1024,1024,1056,219,369,8,6120,2,1643,0,0.023,0.0206,0.0472,0.0693,0.0763,0.732,2.839,3.482,117.416,106.4,75.18,51.94,0.0074,0.0075,0.0149,5.53,51.2,117.05,0.0074,0.0069,0.0145,65.8,80.5,155.22,0.0069,0.0069,0.014,16000,1024,355.7,0.9325,0.0499,0.016,0.0016
2026-08-27T01:35:05.965+02:00,1000,1024,1024,1056,219,369,0,6120,0,1643,0,0.0247,0.0198,0.1699,0.0908,0.0614,1.341,3.156,2.878,13.837,114.51,108.26,334.79,0.0107,0.0064,0.0516,106.4,211.78,40.17,0.0072,0.0057,0.0501,83.8,68.72,419.24,0.0067,0.0055,0.0491,16000,1024,474.32,0.9067,0.0767,0.0146,0.0019
2026-08-27T01:35:35.971+02:00,1000,1024,1030,1063,219,370,22,6142,1,1644,0,0.024,0.024,0.1259,0.1186,0.1019,0.7796,3.897,4.297,19.366,57.26,2.57,187.58,0.008,0.0093,0.0438,6.84,38.79,229.31,0.0077,0.0067,0.0422,37.93,67.26,319.2,0.0075,0.0063,0.0408,16000,1024,561.27,0.9699,0.0259,0.0036,0.0005
2026-08-27T01:36:05.965+02:00,1000,1024,1024,1056,219,370,0,6142,0,1644,0,0.0227,0.0211,0.0298,0.0747,0.0673,0.1136,2.926,3.034,3.264,16.6,36.84,36.07,0.0067,0.0071,0.0109,273.7,88.94,80.85,0.0063,0.0058,0.0095,85.71,60.46,49.58,0.006,0.0055,0.0086,16000,1024,508.29,0.9832,0.0104,0.0055,0.0009
2026-08-27T01:36:35.968+02:00,1000,1024,1024,1056,219,371,0,6142,0,1644,0,0.0243,0.0212,0.0528,0.0878,0.0931,0.6078,3.1,3.485,65.697,68.07,51.54,29.26,0.0065,0.008,0.0187,76.97,61.76,181.48,0.0064,0.0079,0.0171,130.33,103.66,22.43,0.0069,0.0057,0.0157,16000,1024,671.48,0.983,0.0139,0.0027,0.0003
2026-08-27T01:37:05.968+02:00,1000,1024,1024,1056,219,372,9,6151,2,1646,0,0.0251,0.0226,0.0659,0.0901,0.0768,0.7097,3.39,3.344,72.279,50.23,17.73,106.56,0.0096,0.0078,0.0187,19.4,9.48,50.92,0.0076,0.0076,0.0179,14.76,24.61,59.57,0.0071,0.0073,0.0176,16000,1024,345.22,0.927,0.0569,0.0143,0.0018
2026-08-27T01:37:35.970+02:00,1000,1024,1024,1056,219,372,3,6154,2,1648,0,0.0231,0.0225,0.0537,0.0725,0.0966,0.7265,2.641,3.583,83.219,6.6,48.72,115.81,0.0073,0.0073,0.0129,145.74,22.59,22.96,0.0065,0.0064,0.0111,88.01,71.59,1.46,0.0061,0.0057,0.0108,16000,1024,510.17,0.9792,0.0174,0.0031,0.0004
2026-08-27T01:38:05.967+02:00,1000,1024,1024,1056,219,372,5,6159,1,1649,0,0.0235,0.0207,0.0766,0.0706,0.0889,0.6913,2.984,3.245,42.713,97.82,17.75,19.57,0.0085,0.0084,0.0274,42.53,7.22,279.93,0.0084,0.007,0.0283,83.82,165.63,253.88,0.0077,0.0064,0.0256,16000,1024,375.3,0.9541,0.0345,0.0103,0.0011
2026-08-27T01:39:05.967+02:00,1000,1024,1024,1056,220,373,1,6163,0,1649,0,0.0207,0.02,0.0308,0.0779,0.0659,0.1034,3.166,2.84,3.207,35.25,88.48,45.66,0.0059,0.0058,0.0101,66.62,150.67,123.88,0.006,0.0054,0.0099,147.51,79.55,68.58,0.0058,0.0055,0.0091,16000,1024,441.51,0.9583,0.0322,0.0087,0.0009
2026-08-27T01:39:35.968+02:00,1000,1024,1024,1056,220,373,0,6163,0,1649,0,0.0213,0.0209,0.0554,0.0604,0.1035,0.7186,2.717,3.779,80.407,97.02,127.63,124.91,0.0066,0.0074,0.0167,207.04,86.17,185.75,0.006,0.0073,0.0164,84.68,149.98,117.02,0.0061,0.007,0.0143,16000,1024,386.77,0.9493,0.0372,0.0124,0.0011
2026-08-27T01:40:05.968+02:00,1000,1024,1024,1056,220,375,1,6164,0,1649,0,0.0234,0.0197,0.0338,0.0686,0.0558,0.1106,2.748,2.693,2.693,244.03,146.88,94.54,0.0072,0.0064,0.0118,110.19,32.1,39.75,0.0066,0.0056,0.0092,56.75,76.98,31.21,0.0061,0.0052,0.0083,16000,1024,524.97,0.9692,0.0215,0.0086,0.0006
2026-08-27T01:40:35.994+02:00,1000,1024,1046,1078,220,376,14,6178,0,1649,0,0.0247,0.0225,0.0969,0.0829,0.0865,0.6828,2.991,3.142,31.586,6.64,97.53,312.42,0.0076,0.0069,0.0326,64.84,18.12,454.52,0.0076,0.0065,0.0343,42.97,45.78,233.34,0.0064,0.0059,0.032,16000,1024,396.1,0.9491,0.0419,0.0081,0.0009
2026-08-27T01:41:35.968+02:00,1000,1024,1024,1056,221,378,0,6181,0,1649,0,0.024,0.0219,0.0637,0.0835,0.0906,0.7651,2.753,3.5,78.065,78.25,79.21,54.45,0.0068,0.0063,0.0186,28.5,52.66,84.08,0.0067,0.006,0.0173,150.22,63.68,7.5,0.0065,0.0058,0.0178,16000,1024,471.43,0.9467,0.0443,0.0083,0.0007
2026-08-27T01:42:35.969+02:00,1000,1024,1024,1056,222,378,0,6197,0,1655,0,0.0222,0.021,0.1679,0.0792,0.0667,1.2315,3.309,3.199,15.233,79.65,24.11,187.78,0.0099,0.0065,0.0701,51.79,153.7,65.12,0.0083,0.0064,0.0627,230.53,141.34,232.36,0.0065,0.006,0.0546,16000,1024,521.18,0.9816,0.0132,0.0045,0.0007
2026-08-27T01:43:05.971+02:00,1000,1024,1024,1056,222,378,3,6200,1,1656,0,0.0234,0.0209,0.031,0.0718,0.0739,0.1179,2.861,3.362,3.233,95.72,24.55,10.87,0.007,0.0065,0.0112,53.56,165.5,31.32,0.007,0.0061,0.0094,102.89,32.05,47.92,0.0072,0.0059,0.0091,16000,1024,513.4,0.9592,0.0348,0.0051,0.0009
2026-08-27T01:43:35.971+02:00,1000,1024,1024,1056,222,378,8,6208,0,1656,0,0.024,0.0223,0.1398,0.0983,0.1957,1.5703,3.489,12.412,37.291,46.83,2.84,424.9,0.0078,0.0077,0.037,151.67,58.71,86.7,0.0074,0.0073,0.0354,4.26,74.58,287.49,0.0079,0.0062,0.0359,16000,1024,264.19,0.8698,0.1113,0.016,0.0029
2026-08-27T01:44:05.973+02:00,1000,1024,1024,1056,222,379,5,6213,1,1657,0,0.024,0.0216,0.083,0.0895,0.0881,0.7119,3.003,3.106,43.718,64.41,81.88,340.11,0.0077,0.0066,0.0244,15.59,9.43,242.0,0.0075,0.0066,0.024,78.94,63.36,308.53,0.0058,0.0063,0.0231,16000,1024,332.31,0.9079,0.0729,0.0168,0.0024
2026-08-27T01:44:35.972+02:00,1000,1024,1024,1056,222,379,3,6216,0,1657,0,0.0235,0.0212,0.068,0.0809,0.0847,0.6793,3.046,3.745,52.901,72.24,228.09,314.15,0.0077,0.007,0.021,18.03,114.89,46.62,0.0066,0.0064,0.0205,104.16,128.75,38.22,0.0062,0.0057,0.0199,16000,1024,690.28,0.9779,0.0166,0.0048,0.0007
2026-08-27T01:45:05.972+02:00,1000,1024,1024,1056,222,379,0,6216,0,1657,0,0.0238,0.0221,0.0623,0.0945,0.0781,0.7454,3.363,3.044,77.345,71.44,71.61,168.24,0.0077,0.0075,0.0162,78.8,22.88,173.91,0.0074,0.0059,0.0153,169.39,1.62,131.32,0.0074,0.0056,0.0147,16000,1024,526.73,0.9759,0.018,0.0051,0.0011
2026-08-27T01:45:35.973+02:00,1000,1024,1024,1056,222,380,2,6218,1,1658,0,0.0243,0.0205,0.0465,0.074,0.0689,0.6926,2.872,3.217,100.022,26.34,249.73,44.85,0.0076,0.006,0.0123,15.02,10.77,103.14,0.0076,0.0055,0.0114,170.83,57.27,4.0,0.0065,0.0058,0.0101,16000,1024,355.29,0.9295,0.0552,0.0135,0.0018
2026-08-27T01:46:05.980+02:00,1000,1024,1030,1062,222,381,30,6248,5,1663,0,0.0248,0.0238,0.151,0.1059,0.0984,0.8052,3.357,4.141,14.814,16.25,3.6,425.45,0.0085,0.0086,0.0688,23.29,184.89,153.5,0.0082,0.0076,0.0618,59.71,35.09,265.77,0.0077,0.0074,0.0609,16000,1024,456.65,0.9736,0.0198,0.006,0.0006
2026-08-27T01:46:35.973+02:00,1000,1024,1024,1056,222,381,6,6254,0,1663,0,0.0222,0.0222,0.0592,0.0683,0.063,0.7646,2.885,2.878,98.074,111.29,52.94,117.08,0.0074,0.0072,0.0176,59.69,79.48,15.92,0.0067,0.0077,0.0176,264.8,39.4,233.26,0.0062,0.0065,0.0168,16000,1024,433.97,0.9443,0.042,0.0118,0.0019
2026-08-27T01:47:05.975+02:00,1000,1024,1024,1056,222,381,1,6255,0,1663,0,0.0218,0.0214,0.058,0.0755,0.0806,0.6844,3.29,3.448,66.448,156.08,46.75,131.57,0.0068,0.0071,0.019,65.16,30.5,251.42,0.0064,0.0065,0.0179,59.82,208.71,92.32,0.0063,0.0058,0.0182,16000,1024,547.96,0.9759,0.0173,0.0061,0.0007
2026-08-27T01:48:05.973+02:00,1000,1024,1024,1056,223,381,2,6258,0,1663,0,1.7743,0.2061,0.0932,2.5891,0.3824,0.7654,1.518,1.627,9.897,49.32,49.32,49.34,2.3019,0.2632,0.1026,25.52,28.45,99.31,0.2424,0.0306,0.0184,45.41,22.95,20.87,0.2188,0.0265,0.0155,16000,1024,763.77,0.9058,0.0849,0.007,0.0024
2026-08-27T01:49:05.974+02:00,1000,1024,1024,1056,224,382,2,6269,1,1667,0,1.7342,0.2146,0.2082,2.704,0.3733,1.2204,1.522,1.616,8.881,49.4,49.41,49.43,2.4577,0.3021,0.1141,37.14,99.76,250.19,0.0772,0.0241,0.0677,44.47,148.2,255.84,0.0764,0.0155,0.0627,16000,1024,742.5,0.8517,0.1373,0.0088,0.0022
2026-08-27T01:49:35.976+02:00,1000,1024,1024,1056,224,382,3,6272,1,1668,0,1.7075,0.2118,0.0934,2.5161,0.3743,0.7797,1.528,1.618,11.8,49.32,49.34,49.33,2.3084,0.2777,0.1013,44.02,43.54,55.27,0.2671,0.0316,0.0246,54.4,54.38,98.87,0.2488,0.0312,0.0211,16000,1024,466.45,0.7786,0.2058,0.0128,0.0029
2026-08-27T01:50:05.974+02:00,1000,1024,1024,1056,224,382,1,6273,0,1668,0,1.7203,0.2114,0.207,2.5128,0.3667,1.4349,1.52,1.647,11.97,49.35,49.36,49.31,2.4254,0.2962,0.1328,35.13,44.48,224.23,0.1456,0.0231,0.0565,28.09,22.72,196.19,0.1449,0.0214,0.0541,16000,1024,729.37,0.9396,0.0552,0.004,0.0012
2026-08-27T01:50:35.985+02:00,1000,1024,1034,1067,224,382,15,6288,1,1669,0,1.704,0.2071,0.1489,2.9682,0.3871,0.8211,1.564,1.693,12.569,49.36,49.32,49.5,1.5664,0.2029,0.073,55.31,45.41,43.44,0.4383,0.0551,0.0581,33.36,5.21,411.65,0.3798,0.047,0.0486,16000,1024,650.55,0.8793,0.1129,0.0056,0.0022
2026-08-27T01:51:05.977+02:00,1000,1024,1024,1056,224,382,18,6306,0,1669,0,1.7356,0.2042,0.1502,2.6657,0.3895,1.3137,1.56,1.664,17.8,49.43,49.44,48.99,1.6363,0.1872,0.0652,13.9,40.03,312.61,0.4957,0.0561,0.0492,29.91,14.12,61.93,0.4344,0.0603,0.0491,16000,1024,489.96,0.7458,0.2297,0.0174,0.0071
2026-08-27T01:51:35.976+02:00,1000,1024,1024,1056,224,382,0,6306,0,1669,0,1.8407,0.2054,0.094,2.6933,0.3647,0.2083,1.515,1.604,1.939,49.3,49.3,49.33,2.7039,0.2981,0.1262,147.9,99.81,100.41,0.0449,0.0223,0.0155,197.13,148.17,147.8,0.0172,0.0202,0.0132,16000,1024,601.61,0.7987,0.1839,0.0135,0.004
2026-08-27T01:52:05.977+02:00,1000,1024,1024,1056,224,382,0,6306,0,1669,0,1.874,0.2051,0.1089,3.3868,0.3623,0.7746,1.517,1.618,8.339,49.3,49.29,49.32,2.7502,0.2982,0.1271,147.78,148.09,147.36,0.0453,0.0201,0.0219,99.13,99.88,7.08,0.0158,0.0185,0.0183,16000,1024,528.82,0.8617,0.1274,0.0083,0.0026
2026-08-27T01:52:35.978+02:00,1000,1024,1024,1056,224,382,25,6331,1,1670,0,1.8695,0.1996,0.1591,2.9919,0.3623,0.7992,1.566,1.649,9.804,49.29,49.29,49.39,1.6783,0.1711,0.0864,20.7,20.58,255.75,0.7428,0.0829,0.0475,12.76,12.74,173.02,0.6228,0.0689,0.0465,16000,1024,742.62,0.9515,0.0406,0.0058,0.0022
2026-08-27T01:53:05.979+02:00,1000,1024,1024,1056,224,384,41,6372,10,1680,0,1.9125,0.1928,0.1815,3.0857,0.3469,1.0066,1.578,1.693,10.875,49.12,49.14,18.57,1.1738,0.1258,0.0687,18.67,18.72,417.96,0.9936,0.0944,0.0541,38.86,39.11,24.63,0.6399,0.0711,0.0531,16000,1024,546.55,0.8039,0.1805,0.0117,0.0038
2026-08-27T01:53:35.977+02:00,1000,1024,1024,1056,224,384,0,6372,0,1680,0,1.9364,0.1989,0.1184,2.8316,0.3476,0.7601,1.517,1.611,9.058,49.22,49.23,49.16,2.8104,0.2835,0.1355,147.67,147.9,99.21,0.0517,0.0263,0.024,196.72,99.86,9.47,0.0183,0.019,0.018,16000,1024,565.28,0.779,0.198,0.0169,0.0062
2026-08-27T01:54:05.979+02:00,1000,1024,1024,1056,224,384,0,6372,0,1680,0,1.9587,0.1953,0.1116,2.9118,0.3564,0.7636,1.521,1.61,7.317,49.1,49.1,49.12,2.7829,0.2762,0.1279,54.2,100.0,98.57,0.049,0.024,0.0335,147.22,147.5,147.27,0.0541,0.0168,0.0223,16000,1024,668.2,0.9104,0.0828,0.0051,0.0017
2026-08-27T01:54:35.982+02:00,1000,1024,1024,1056,224,385,0,6372,0,1680,0,1.9964,0.1952,0.1363,2.8944,0.3471,0.8362,1.519,1.599,12.205,49.24,49.25,49.28,2.9142,0.2814,0.1569,147.65,99.8,115.11,0.0526,0.0218,0.0252,196.71,147.84,84.85,0.019,0.0231,0.0236,16000,1024,634.52,0.9508,0.0419,0.0051,0.0022
2026-08-27T01:55:35.980+02:00,1000,1024,1024,1056,225,385,43,6418,8,1688,0,2.01,0.1928,0.166,3.4395,0.3736,1.1542,1.595,1.736,10.597,49.12,49.08,30.37,0.9022,0.0881,0.0612,27.34,27.29,42.24,0.8328,0.0811,0.0455,10.72,10.82,49.03,0.6729,0.0585,0.0454,16000,1024,590.12,0.9342,0.0579,0.0054,0.0025
2026-08-27T01:56:05.979+02:00,1000,1024,1024,1056,225,386,10,6428,1,1689,0,2.0603,0.1961,0.1429,3.2014,0.3653,0.765,1.537,1.627,7.923,49.25,49.26,49.33,2.1562,0.1984,0.1017,28.97,29.04,20.01,0.5373,0.0532,0.0415,19.19,33.69,31.38,0.4297,0.0498,0.0339,16000,1024,521.03,0.9101,0.0788,0.0081,0.0031
2026-08-27T01:56:35.981+02:00,1000,1024,1024,1056,225,386,0,6428,0,1689,0,2.0692,0.1975,0.1177,3.0042,0.3424,0.7329,1.516,1.601,4.766,49.21,49.22,49.22,3.0054,0.2859,0.1494,147.56,147.73,98.29,0.0555,0.0239,0.0212,196.76,99.73,147.35,0.0209,0.0186,0.018,16000,1024,422.73,0.8818,0.0929,0.0176,0.0077
2026-08-27T01:57:05.981+02:00,1000,1024,1024,1056,225,388,2,6430,1,1690,0,2.0727,0.196,0.13,3.1632,0.3441,0.8315,1.509,1.61,7.305,49.22,49.23,49.22,2.8957,0.2782,0.1453,36.98,147.26,147.74,0.1959,0.0219,0.0321,42.74,100.12,69.02,0.1929,0.0192,0.0241,16000,1024,536.46,0.8326,0.1474,0.0132,0.0068
2026-08-27T01:57:35.982+02:00,1000,1024,1024,1056,225,389,1,6431,0,1690,0,2.1254,0.196,0.1171,3.1944,0.3512,0.2369,1.518,1.614,1.737,49.19,49.19,49.21,3.0894,0.2824,0.1615,147.55,147.74,99.08,0.0585,0.0271,0.0236,196.79,100.12,147.44,0.018,0.0211,0.0136,16000,1024,594.24,0.8759,0.1103,0.0109,0.0028
2026-08-27T01:58:05.980+02:00,1000,1024,1024,1056,225,392,0,6431,0,1690,0,2.0755,0.1965,0.1262,3.026,0.331,0.8364,1.516,1.603,7.081,49.18,49.19,49.19,3.0023,0.2796,0.1669,147.48,147.55,10.55,0.0557,0.0264,0.0191,196.6,99.75,197.08,0.0205,0.0188,0.0185,16000,1024,697.6,0.9322,0.0624,0.0037,0.0017
2026-08-27T01:58:35.984+02:00,1000,1024,1024,1056,225,392,2,6433,0,1690,0,2.1142,0.1977,0.1271,3.0946,0.35,0.7081,1.515,1.596,4.787,49.2,49.19,49.19,2.9987,0.2795,0.164,26.67,100.01,98.55,0.0642,0.0253,0.0303,53.22,147.71,147.25,0.067,0.0241,0.0241,16000,1024,615.8,0.9454,0.0458,0.0069,0.0019
2026-08-27T01:59:05.983+02:00,1000,1024,1024,1056,225,392,0,6433,0,1690,0,2.1178,0.1961,0.1272,3.0786,0.3576,0.8857,1.512,1.586,6.468,49.18,49.18,49.13,3.0612,0.2814,0.1558,147.46,147.74,98.49,0.0586,0.0232,0.025,196.5,99.92,147.34,0.0172,0.0216,0.0223,16000,1024,1124.92,0.9425,0.0508,0.0046,0.0021
2026-08-27T01:59:35.983+02:00,1000,1024,1024,1056,225,393,0,6433,0,1690,0,2.11,0.1997,0.1216,3.0636,0.3584,0.7896,1.513,1.6,4.781,49.19,49.2,49.2,3.0584,0.286,0.1617,147.49,147.61,98.99,0.0527,0.0217,0.0212,196.56,100.03,147.57,0.0124,0.019,0.0195,16000,1024,551.26,0.8423,0.1467,0.0086,0.0024
2026-08-27T02:00:05.983+02:00,1000,1024,1024,1056,225,393,1,6434,0,1690,0,2.1087,0.1935,0.2636,3.1534,0.3377,1.3294,1.518,1.641,6.675,49.16,49.16,49.16,2.9188,0.2595,0.1325,29.36,147.48,187.49,0.1581,0.0224,0.1016,35.27,27.6,250.17,0.1505,0.022,0.0952,16000,1024,544.57,0.8622,0.1269,0.0074,0.0035
2026-08-27T02:00:35.983+02:00,1000,1024,1024,1056,225,393,0,6434,0,1690,0,2.0901,0.1983,0.1165,3.0755,0.36,0.6454,1.513,1.614,3.336,49.09,49.08,49.1,2.9798,0.2793,0.1529,54.2,147.04,98.16,0.049,0.027,0.0247,147.32,99.76,147.27,0.0514,0.021,0.019,16000,1024,586.61,0.8362,0.148,0.0126,0.0032
2026-08-27T02:01:05.983+02:00,1000,1024,1024,1056,225,393,1,6435,0,1690,0,2.1054,0.202,0.1156,3.0989,0.3593,0.2504,1.518,1.611,1.77,49.13,49.14,49.09,2.9582,0.2798,0.1505,54.63,147.45,98.58,0.1127,0.0221,0.0219,40.9,100.12,147.22,0.1124,0.0223,0.0148,16000,1024,734.52,0.8518,0.1325,0.0129,0.0028
2026-08-27T02:01:35.985+02:00,1000,1024,1024,1056,225,394,19,6454,1,1691,0,2.0724,0.1945,0.169,3.1589,0.3589,0.9257,1.541,1.717,9.278,49.07,49.11,49.2,2.2887,0.2019,0.1162,2.24,2.06,56.6,0.5284,0.059,0.0528,10.28,43.75,375.07,0.5994,0.0528,0.0459,16000,1024,861.9,0.8942,0.0959,0.0079,0.002
2026-08-27T02:02:05.985+02:00,1000,1024,1024,1056,225,395,0,6454,0,1691,0,2.099,0.1973,0.1345,3.0482,0.3527,0.7727,1.511,1.609,7.618,49.15,49.16,49.22,3.0197,0.2823,0.158,147.38,147.28,66.44,0.0575,0.0255,0.0253,196.64,100.1,98.03,0.0159,0.0222,0.0227,16000,1024,653.21,0.8607,0.1246,0.012,0.0028
2026-08-27T02:03:05.985+02:00,1000,1024,1024,1056,226,397,0,6468,0,1697,0,2.1273,0.1993,0.1184,3.0934,0.3459,0.2757,1.517,1.602,1.838,49.14,49.14,49.13,3.0726,0.2826,0.1587,147.42,147.53,98.36,0.0573,0.0298,0.0268,196.55,99.78,147.42,0.0176,0.0179,0.0172,16000,1024,697.5,0.9137,0.0756,0.0081,0.0026
2026-08-27T02:03:35.988+02:00,1000,1024,1024,1056,226,397,0,6468,0,1697,0,2.1423,0.194,0.1273,3.0929,0.3398,0.8305,1.515,1.622,5.693,49.13,49.13,49.16,3.0903,0.2758,0.158,147.35,147.34,99.02,0.0524,0.026,0.0258,196.4,99.97,187.42,0.016,0.0195,0.0126,16000,1024,579.66,0.7645,0.216,0.0154,0.0042
2026-08-27T02:04:35.987+02:00,1000,1024,1024,1056,227,399,1,6473,0,1699,0,2.1472,0.1971,0.1296,3.1569,0.3397,0.8697,1.517,1.613,7.464,49.14,49.15,49.13,3.0693,0.2789,0.1663,147.35,147.38,16.73,0.056,0.029,0.0242,33.13,100.03,98.18,0.0307,0.0256,0.0258,16000,1024,545.54,0.8864,0.096,0.0136,0.004
2026-08-27T02:05:05.987+02:00,1000,1024,1024,1056,227,399,0,6473,0,1699,0,2.1717,0.1962,0.1197,3.1699,0.3371,0.2817,1.51,1.608,1.71,49.14,49.15,49.12,3.1247,0.281,0.1627,147.38,147.34,147.28,0.0551,0.0272,0.0218,196.51,99.98,100.48,0.0143,0.0211,0.0165,16000,1024,583.57,0.8367,0.1499,0.0108,0.0027
2026-08-27T02:05:35.986+02:00,1000,1024,1024,1056,227,399,1,6474,0,1699,0,2.1962,0.1965,0.1254,3.2464,0.3442,0.2522,1.51,1.613,1.751,49.13,49.15,49.13,3.0522,0.2712,0.1689,34.92,99.82,98.24,0.1298,0.0275,0.0235,28.16,147.38,147.34,0.1288,0.0262,0.0189,16000,1024,669.29,0.9122,0.0761,0.0089,0.0029
2026-08-27T02:06:35.987+02:00,1000,1024,1024,1056,228,400,1,6477,0,1700,0,2.2207,0.1966,0.2756,3.2271,0.3507,1.4989,1.516,1.631,6.656,49.08,49.09,49.14,3.0765,0.2663,0.1985,41.46,147.56,187.52,0.1611,0.0237,0.109,26.09,27.27,344.3,0.1478,0.0186,0.0829,16000,1024,618.73,0.8652,0.1246,0.0078,0.0024
2026-08-27T02:07:35.989+02:00,1000,1024,1024,1056,229,401,0,6492,0,1701,0,2.2666,0.198,0.1311,3.2819,0.3556,0.6107,1.507,1.597,2.34,49.09,49.1,49.13,3.2419,0.281,0.1772,147.27,147.06,98.23,0.0579,0.0294,0.0173,53.22,99.9,146.88,0.0549,0.0239,0.0146,16000,1024,562.79,0.8347,0.154,0.0088,0.0025
2026-08-27T02:08:05.990+02:00,1000,1024,1024,1056,229,401,0,6492,0,1701,0,2.2863,0.1991,0.129,3.3106,0.3498,0.2685,1.505,1.619,1.783,49.14,49.14,49.14,3.2899,0.2839,0.1739,147.37,147.45,147.32,0.0591,0.0292,0.0226,196.44,99.92,98.26,0.0166,0.0206,0.0225,16000,1024,793.52,0.9236,0.0676,0.0072,0.0016
2026-08-27T02:08:35.990+02:00,1000,1024,1024,1056,229,401,0,6492,0,1701,0,2.3037,0.199,0.1349,3.3446,0.3418,0.2834,1.506,1.613,1.703,49.12,49.12,49.11,3.309,0.2806,0.1861,147.31,147.35,147.31,0.0598,0.0291,0.0193,196.41,100.0,98.28,0.0123,0.0237,0.0192,16000,1024,650.22,0.8833,0.1079,0.0066,0.0023
2026-08-27T02:09:35.989+02:00,1000,1024,1024,1056,230,401,0,6495,0,1701,0,2.3627,0.2025,0.1361,3.3895,0.3605,0.2719,1.502,1.62,1.697,49.04,49.03,49.04,3.3434,0.2851,0.186,54.2,147.08,98.11,0.0615,0.0242,0.022,43.46,99.83,147.04,0.0494,0.0219,0.0194,16000,1024,825.25,0.8765,0.1175,0.0048,0.0011
2026-08-27T02:10:35.992+02:00,1000,1024,1024,1056,231,401,1,6497,1,1702,0,2.3961,0.2051,0.1428,3.4533,0.377,0.6612,1.508,1.603,2.368,49.17,49.18,49.17,3.463,0.2948,0.1928,147.53,147.24,100.49,0.0604,0.0267,0.0217,196.55,100.03,147.66,0.0151,0.021,0.0158,16000,1024,589.75,0.8468,0.1371,0.0134,0.0027
2026-08-27T02:12:35.992+02:00,1000,1024,1024,1056,234,402,2,6506,0,1703,0,2.4678,0.2041,0.1646,3.613,0.3599,1.2664,1.511,1.622,6.729,49.17,49.16,49.22,3.2634,0.2599,0.1886,25.33,23.32,54.29,0.3594,0.0346,0.0297,44.43,27.83,44.43,0.3446,0.0332,0.0281,16000,1024,579.22,0.8966,0.092,0.0085,0.0028
2026-08-27T02:14:06.242+02:00,1000,1024,1024,1056,236,404,1,6516,0,1704,0,2.4323,0.2049,0.164,3.5524,0.3608,0.8599,1.506,1.591,5.376,49.13,49.14,49.16,3.3643,0.2848,0.1933,35.75,99.75,4.61,0.208,0.0259,0.0268,40.53,147.25,55.42,0.2045,0.0263,0.026,16000,1024,785.89,0.9404,0.0531,0.0047,0.0018
2026-08-27T02:14:36.243+02:00,1000,1024,1024,1056,236,404,6,6522,0,1704,0,2.4153,0.2058,0.1877,3.5682,0.3724,0.9354,1.518,1.585,6.574,49.06,49.08,49.14,3.098,0.2511,0.1885,36.06,41.42,36.17,0.3062,0.0363,0.0377,6.85,19.62,62.46,0.302,0.0285,0.0353,16000,1024,536.93,0.8547,0.1321,0.0103,0.0029
2026-08-27T02:15:06.242+02:00,1000,1024,1024,1056,236,404,1,6523,0,1704,0,2.4291,0.2065,0.1488,3.4897,0.3667,0.6197,1.5,1.588,2.038,49.05,49.05,49.08,3.4588,0.2902,0.199,147.11,99.86,99.51,0.0581,0.0211,0.0213,53.22,147.1,43.82,0.0569,0.018,0.0196,16000,1024,686.74,0.8876,0.1022,0.008,0.0021
2026-08-27T02:16:36.243+02:00,1000,1024,1024,1056,238,405,4,6533,1,1705,0,2.4293,0.2069,0.1513,3.5328,0.3685,0.8172,1.506,1.591,3.524,49.08,49.09,49.11,3.1535,0.2617,0.1911,44.43,44.43,43.79,0.269,0.027,0.0229,53.34,54.38,27.45,0.2489,0.0256,0.0215,16000,1024,734.03,0.852,0.1392,0.0072,0.0017
2026-08-27T02:17:36.246+02:00,1000,1024,1024,1056,239,406,0,6539,0,1706,0,2.4308,0.2032,0.1466,3.5205,0.3556,0.5681,1.502,1.6,1.9,49.03,49.02,49.06,3.4622,0.2879,0.1991,53.22,99.85,98.25,0.0604,0.0233,0.0217,147.16,147.05,147.22,0.0468,0.0208,0.019,16000,1024,692.61,0.8292,0.1611,0.0076,0.002
2026-08-27T02:19:06.249+02:00,1000,1024,1024,1056,241,407,3,6548,0,1706,0,2.5015,0.2022,0.2124,3.6136,0.3697,0.9549,1.506,1.641,6.818,48.95,48.95,48.95,3.0454,0.2436,0.1868,25.45,29.47,480.44,0.4645,0.0383,0.0532,20.6,53.81,472.17,0.453,0.0376,0.0509,16000,1024,628.63,0.8406,0.1418,0.0147,0.0029
2026-08-27T02:21:36.247+02:00,1000,1024,1024,1056,245,410,0,6563,0,1711,0,0.698,0.1465,0.7854,2.7385,0.5838,2.7793,5.007,3.698,4.738,26.61,59.47,22.71,0.3943,0.0831,0.4863,11.22,66.45,11.22,0.33,0.0358,0.4208,48.82,11.17,26.86,0.2761,0.0369,0.397,16000,1024,658.29,0.9351,0.0454,0.0059,0.0136
2026-08-27T02:22:06.246+02:00,1000,1024,1024,1056,245,410,3,6566,0,1711,0,0.0239,0.0234,0.1363,0.0775,0.0861,0.749,3.1,3.389,21.978,2.63,83.1,62.5,0.0103,0.0068,0.0594,44.26,16.35,125.01,0.0086,0.0066,0.0512,167.06,297.42,187.56,0.0066,0.0067,0.0466,16000,1024,579.33,0.9694,0.024,0.0059,0.0007
2026-08-27T02:22:36.249+02:00,1000,1024,1024,1056,245,411,1,6567,0,1711,0,0.0229,0.0211,0.0431,0.0905,0.0704,0.6104,3.046,3.281,78.042,43.71,103.49,26.78,0.0081,0.0061,0.0156,37.1,32.27,9.71,0.0069,0.0061,0.013,50.93,231.77,59.39,0.0067,0.0059,0.0129,16000,1024,291.67,0.8766,0.1033,0.0174,0.0027
2026-08-27T02:24:06.253+02:00,1000,1024,1024,1056,247,411,1,6593,0,1713,0,0.0254,0.0204,0.1019,0.0845,0.0703,0.765,3.049,2.967,37.366,21.57,61.77,78.11,0.0072,0.007,0.0307,59.18,111.99,104.84,0.0076,0.0069,0.0298,112.05,132.9,37.44,0.0071,0.0062,0.0264,16000,1024,430.64,0.9571,0.0337,0.0082,0.001
2026-08-27T02:24:36.250+02:00,1000,1024,1024,1056,247,411,1,6594,0,1713,0,0.0224,0.0194,0.0317,0.0762,0.0642,0.1281,3.037,3.006,2.988,114.52,18.7,65.34,0.0075,0.0066,0.011,16.22,228.62,58.88,0.0078,0.006,0.0105,288.07,97.61,49.81,0.0069,0.0058,0.0093,16000,1024,436.19,0.9635,0.0276,0.0079,0.001
2026-08-27T02:25:06.252+02:00,1000,1024,1024,1056,247,413,12,6606,0,1713,0,0.025,0.0225,0.0566,0.0755,0.0715,0.742,2.733,3.167,89.425,3.83,8.49,73.8,0.007,0.0079,0.0114,43.9,105.68,137.33,0.0065,0.0071,0.0106,61.99,2.52,175.04,0.0068,0.0072,0.0096,16000,1024,444.22,0.9371,0.0488,0.013,0.001
2026-08-27T02:25:36.250+02:00,1000,1024,1024,1056,247,414,1,6607,0,1713,0,0.0227,0.0203,0.0484,0.0753,0.0654,0.7539,2.745,2.873,117.673,71.06,90.04,70.31,0.008,0.0061,0.0096,232.85,40.99,148.91,0.0072,0.0054,0.0102,145.54,74.48,86.27,0.0063,0.0053,0.0092,16000,1024,572.81,0.9491,0.0411,0.0089,0.001
2026-08-27T02:26:36.537+02:00,1000,1024,1024,1056,248,417,5,6622,0,1713,0,0.0241,0.022,0.0904,0.0696,0.0859,0.7501,2.925,3.675,46.797,52.09,43.07,143.72,0.0071,0.0083,0.0165,91.6,115.58,104.19,0.0068,0.0066,0.0168,197.39,156.27,247.71,0.0064,0.006,0.0191,16000,1024,492.35,0.9771,0.018,0.004,0.0008
2026-08-27T02:27:06.537+02:00,1000,1024,1024,1056,248,417,8,6630,2,1715,0,0.0235,0.0219,0.0663,0.0707,0.0856,0.6336,2.72,3.203,55.436,236.79,119.39,77.75,0.0073,0.0071,0.0179,32.2,11.51,355.3,0.0064,0.0064,0.0165,38.59,53.49,317.39,0.0065,0.0058,0.0162,16000,1024,504.61,0.9807,0.0158,0.003,0.0005
2026-08-27T02:27:36.538+02:00,1000,1024,1024,1056,248,417,26,6656,2,1717,0,0.0265,0.0248,0.1268,0.084,0.0831,0.807,2.871,3.007,23.429,132.05,14.92,464.24,0.0085,0.0074,0.0526,60.76,103.74,258.93,0.0084,0.0071,0.0444,100.88,62.42,473.45,0.008,0.0069,0.0443,16000,1024,1081.38,0.9866,0.0109,0.0021,0.0004
2026-08-27T02:28:06.542+02:00,1000,1024,1029,1062,248,417,21,6677,0,1717,0,0.0272,0.0246,0.1416,0.0883,0.1041,1.5405,2.994,3.403,38.885,54.59,20.16,416.26,0.0105,0.0081,0.0505,13.71,58.51,19.43,0.0095,0.0073,0.0445,4.21,100.27,396.87,0.0077,0.0077,0.0462,16000,1024,875.72,0.9772,0.018,0.004,0.0008
2026-08-27T02:28:36.538+02:00,1000,1024,1024,1056,248,417,1,6678,0,1717,0,0.0227,0.0215,0.0611,0.0715,0.0794,0.7522,2.966,3.212,87.942,97.39,39.73,86.61,0.0074,0.0061,0.0152,114.14,3.77,78.97,0.0059,0.0058,0.0126,183.79,161.66,26.43,0.0058,0.0063,0.0112,16000,1024,653.73,0.9929,0.0041,0.0026,0.0004
2026-08-27T02:29:06.539+02:00,1000,1024,1024,1056,248,418,0,6678,0,1717,0,0.0223,0.0201,0.0679,0.0658,0.0752,0.7386,2.805,3.228,73.0,52.81,204.84,6.68,0.0087,0.007,0.0227,122.23,53.43,64.59,0.0065,0.0064,0.0225,129.18,88.19,33.04,0.006,0.0057,0.0215,16000,1024,466.85,0.9583,0.034,0.0064,0.0013
2026-08-27T02:29:36.538+02:00,1000,1024,1024,1056,248,418,18,6696,1,1718,0,0.0237,0.0235,0.1365,0.0759,0.0867,0.8415,3.108,3.659,21.271,15.42,101.51,289.28,0.0096,0.007,0.0446,2.59,61.0,243.9,0.0075,0.0072,0.0432,171.99,213.24,131.49,0.0065,0.0066,0.0434,16000,1024,431.53,0.915,0.0671,0.0158,0.0021
2026-08-27T02:30:06.538+02:00,1000,1024,1024,1056,248,419,0,6696,0,1718,0,0.0235,0.0215,0.0764,0.0715,0.0873,0.748,2.835,3.638,63.583,210.44,123.77,261.78,0.0075,0.0073,0.0212,159.76,23.91,109.27,0.0078,0.0071,0.0185,114.34,30.32,221.77,0.0068,0.0064,0.0175,16000,1024,372.26,0.9613,0.032,0.0056,0.0011
2026-08-27T02:30:36.540+02:00,1000,1024,1024,1056,248,419,6,6702,1,1719,0,0.0233,0.0218,0.1837,0.0719,0.0753,1.2741,2.898,2.921,14.758,77.35,43.87,27.19,0.0106,0.0076,0.0612,182.61,66.83,232.31,0.0067,0.0068,0.0541,96.56,61.39,254.84,0.0064,0.006,0.0538,16000,1024,528.21,0.969,0.0238,0.0064,0.0008
2026-08-27T02:31:06.540+02:00,1000,1024,1024,1056,248,421,0,6702,0,1719,0,0.0238,0.02,0.1553,0.07,0.0701,1.2927,2.849,3.101,17.308,82.92,45.92,187.18,0.0072,0.0065,0.0625,10.5,116.92,385.78,0.0062,0.0058,0.0582,42.53,181.13,459.83,0.0068,0.0057,0.0481,16000,1024,490.09,0.9553,0.0372,0.0064,0.0011
2026-08-27T02:31:36.543+02:00,1000,1024,1027,1059,248,421,2,6704,0,1719,0,0.0235,0.0215,0.0693,0.0835,0.0817,0.7389,2.852,3.237,61.21,30.19,139.7,76.82,0.0071,0.0063,0.0134,6.93,89.99,135.16,0.0067,0.0058,0.0131,157.12,2.25,18.82,0.0056,0.0058,0.0111,16000,1024,593.61,0.9677,0.0276,0.0041,0.0006
2026-08-27T02:32:06.543+02:00,1000,1024,1024,1056,248,422,2,6706,0,1719,0,0.0239,0.0315,0.3451,0.0791,0.1107,1.2049,2.956,3.61,4.994,107.63,202.19,122.82,0.0082,0.009,0.1381,2.25,29.23,339.41,0.0082,0.0086,0.1286,81.53,352.47,457.41,0.0075,0.0085,0.1256,16000,1024,568.09,0.9833,0.0139,0.0024,0.0005
2026-08-27T02:32:36.541+02:00,1000,1024,1024,1056,248,423,0,6706,0,1719,0,0.0231,0.0204,0.0419,0.0817,0.0598,0.622,3.222,2.717,93.499,56.84,61.92,4.62,0.0075,0.0074,0.0143,99.81,110.89,88.04,0.0064,0.0068,0.0131,117.56,103.31,150.78,0.0064,0.0058,0.0132,16000,1024,489.16,0.9628,0.0297,0.0066,0.001
2026-08-27T02:34:36.541+02:00,1000,1024,1024,1056,251,425,0,6754,0,1732,0,0.0233,0.0209,0.0436,0.0726,0.0688,0.5877,2.705,2.93,64.939,130.96,123.76,5.05,0.0075,0.0061,0.0153,24.61,21.7,25.35,0.0075,0.0058,0.0148,184.58,38.03,121.32,0.0066,0.005,0.0142,16000,1024,364.21,0.9182,0.067,0.0129,0.0018
2026-08-27T02:35:06.542+02:00,1000,1024,1024,1056,251,425,9,6763,0,1732,0,0.024,0.0206,0.1242,0.0746,0.068,2.1573,2.684,3.293,185.619,76.96,80.45,92.64,0.0097,0.0061,0.0242,87.41,119.49,78.9,0.0087,0.0058,0.0204,137.26,224.65,43.39,0.0086,0.0055,0.0216,16000,1024,459.95,0.9524,0.0411,0.0054,0.001
2026-08-27T02:36:06.543+02:00,1000,1024,1024,1056,252,426,16,6783,0,1733,0,0.0248,0.025,0.0936,0.0894,0.0867,0.7417,3.176,3.228,40.807,157.08,42.35,67.24,0.0094,0.0108,0.0267,18.79,71.61,33.96,0.0091,0.007,0.026,82.28,31.03,197.77,0.008,0.0069,0.0258,16000,1024,488.31,0.9804,0.0159,0.003,0.0007
2026-08-27T02:36:36.544+02:00,1000,1024,1024,1056,252,428,4,6787,0,1733,0,0.0243,0.021,0.0853,0.0877,0.0816,0.8547,3.19,3.28,49.205,125.62,70.45,371.47,0.0082,0.007,0.032,66.22,31.62,16.65,0.0072,0.007,0.0301,176.92,148.17,194.16,0.0065,0.0066,0.0276,16000,1024,404.32,0.9521,0.0378,0.0088,0.0013
2026-08-27T02:37:06.550+02:00,1000,1024,1024,1056,252,428,4,6791,0,1733,0,0.0229,0.0206,0.0873,0.0823,0.076,0.7177,3.332,3.324,39.526,51.83,78.87,318.31,0.009,0.0062,0.0232,147.72,96.34,45.06,0.0062,0.006,0.0231,96.39,177.87,181.66,0.0061,0.005,0.0227,16000,1024,355.97,0.9332,0.0545,0.0103,0.002
2026-08-27T02:37:36.544+02:00,1000,1024,1024,1056,252,428,0,6791,0,1733,0,0.0234,0.0205,0.031,0.0755,0.0687,0.1011,2.888,2.986,2.828,46.12,6.07,51.39,0.0068,0.0093,0.009,123.35,189.39,131.07,0.007,0.0058,0.008,41.02,104.39,273.73,0.0062,0.0057,0.0075,16000,1024,412.74,0.9062,0.0773,0.0144,0.002
2026-08-27T02:38:06.544+02:00,1000,1024,1024,1056,252,428,7,6798,0,1733,0,0.0248,0.0296,0.2877,0.0762,0.0976,1.1693,2.843,3.409,6.091,85.03,34.38,309.76,0.0082,0.0089,0.1193,31.44,54.38,185.31,0.0077,0.0091,0.0966,79.72,247.88,352.86,0.0067,0.0081,0.1009,16000,1024,438.1,0.9388,0.0497,0.0095,0.002
2026-08-27T02:38:36.546+02:00,1000,1024,1024,1056,252,428,1,6799,0,1733,0,0.0235,0.0194,0.0321,0.08,0.063,0.1107,3.13,2.906,3.221,147.85,20.62,30.91,0.0086,0.0062,0.0105,70.41,76.46,8.7,0.0078,0.0063,0.0089,61.77,110.43,178.93,0.0072,0.005,0.0089,16000,1024,409.49,0.9369,0.0529,0.0092,0.001
2026-08-27T02:40:06.547+02:00,1000,1024,1024,1056,254,431,1,6812,0,1734,0,0.0231,0.0211,0.16,0.0664,0.0973,1.2544,2.667,3.209,15.845,21.87,130.79,156.98,0.0071,0.0069,0.0599,72.99,157.9,49.81,0.0067,0.006,0.0584,169.01,53.4,312.37,0.0065,0.0057,0.0545,16000,1024,463.9,0.9525,0.0414,0.0052,0.001
2026-08-27T02:40:36.547+02:00,1000,1024,1024,1056,254,431,41,6853,13,1747,0,0.0267,0.0256,0.1359,0.1139,0.0996,1.0277,3.41,3.768,24.493,76.13,64.38,167.43,0.01,0.0081,0.0442,60.77,135.35,478.84,0.0093,0.0082,0.0387,87.95,11.91,10.33,0.0072,0.0066,0.0377,16000,1024,818.53,0.9746,0.0194,0.0054,0.0006
2026-08-27T02:41:06.546+02:00,1000,1024,1024,1056,254,431,0,6853,0,1747,0,0.0238,0.0203,0.1525,0.0797,0.0788,1.2672,2.806,3.277,17.478,155.96,112.27,187.43,0.0077,0.0066,0.0616,63.4,20.21,220.58,0.0069,0.0062,0.0534,10.72,118.86,225.83,0.0068,0.006,0.0526,16000,1024,534.21,0.9158,0.0747,0.0081,0.0013
2026-08-27T02:41:36.548+02:00,1000,1024,1024,1056,254,431,0,6853,0,1747,0,0.0227,0.0215,0.0429,0.067,0.0648,0.585,2.948,2.724,67.804,166.9,64.73,34.87,0.0076,0.0066,0.0131,97.55,195.25,141.21,0.007,0.0062,0.012,54.72,30.83,130.93,0.006,0.0068,0.0107,16000,1024,367.31,0.9656,0.0206,0.0122,0.0016
2026-08-27T02:42:06.549+02:00,1000,1024,1024,1056,254,431,0,6853,0,1747,0,0.0224,0.0207,0.1512,0.0727,0.0808,0.6796,2.816,3.183,11.793,13.11,71.32,124.94,0.0065,0.0062,0.0839,156.32,55.34,84.16,0.0058,0.0064,0.058,150.78,168.16,273.19,0.0059,0.0062,0.0561,16000,1024,356.99,0.8907,0.0957,0.0115,0.0022
2026-08-27T02:42:36.549+02:00,1000,1024,1024,1056,254,431,0,6853,0,1747,0,0.023,0.0201,0.1536,0.0998,0.0756,1.3637,3.251,3.145,20.069,52.75,197.31,187.28,0.0067,0.0061,0.0538,204.65,108.19,352.52,0.0074,0.0058,0.0512,130.93,128.8,165.53,0.0064,0.0053,0.0535,16000,1024,397.08,0.96,0.0303,0.0087,0.001
2026-08-27T02:43:06.549+02:00,1000,1024,1024,1056,254,432,8,6861,1,1748,0,0.0223,0.0209,0.0524,0.0924,0.0848,0.6051,3.217,3.336,66.638,11.67,63.5,28.93,0.0071,0.0072,0.0172,70.57,8.25,14.77,0.007,0.0068,0.0161,233.54,90.74,35.05,0.0063,0.0062,0.016,16000,1024,406.25,0.944,0.0485,0.0065,0.0011
2026-08-27T02:43:36.550+02:00,1000,1024,1024,1056,254,432,0,6861,0,1748,0,0.0237,0.0204,0.0567,0.0766,0.0765,0.6898,2.569,3.151,83.612,109.62,41.71,140.63,0.0077,0.0069,0.0121,12.6,23.85,228.47,0.0069,0.0067,0.0118,136.65,224.59,39.07,0.0064,0.0061,0.0116,16000,1024,415.55,0.9571,0.0323,0.0096,0.0011
2026-08-27T02:44:06.550+02:00,1000,1024,1024,1056,254,433,1,6862,0,1748,0,0.0238,0.0221,0.1754,0.0807,0.084,1.2531,3.295,3.455,16.491,41.89,69.81,187.93,0.0076,0.009,0.0679,81.94,80.15,202.72,0.0065,0.0066,0.0681,123.7,26.43,41.04,0.0065,0.0062,0.0596,16000,1024,420.87,0.9383,0.0503,0.01,0.0014
2026-08-27T02:44:36.550+02:00,1000,1024,1024,1056,254,433,7,6869,0,1748,0,0.0246,0.0221,0.0449,0.0928,0.0706,0.6191,3.684,2.896,74.21,12.26,147.21,84.79,0.008,0.0075,0.0127,18.17,43.58,97.99,0.0079,0.0078,0.0134,3.97,95.97,38.85,0.0066,0.0071,0.0119,16000,1024,1173.2,0.9864,0.0111,0.0022,0.0004
2026-08-27T02:45:06.552+02:00,1000,1024,1024,1056,254,433,20,6889,1,1749,0,0.026,0.0294,0.3066,0.0759,0.1175,1.194,2.78,4.041,6.708,53.95,2.59,337.46,0.0083,0.0109,0.1024,10.76,45.71,397.17,0.0068,0.0099,0.1014,112.03,264.9,109.03,0.007,0.0093,0.1001,16000,1024,339.62,0.9055,0.0811,0.0107,0.0027
2026-08-27T02:45:36.550+02:00,1000,1024,1024,1056,254,433,2,6891,0,1749,0,0.0236,0.0209,0.0427,0.0895,0.0997,0.5996,3.543,3.672,71.108,72.98,14.09,23.46,0.0086,0.007,0.0142,54.92,98.24,34.53,0.0084,0.0073,0.0149,95.67,204.88,2.23,0.0075,0.0065,0.0134,16000,1024,439.7,0.9694,0.0218,0.0078,0.001
2026-08-27T02:46:06.551+02:00,1000,1024,1024,1056,254,433,2,6893,0,1749,0,0.0239,0.0207,0.0629,0.0888,0.0907,0.7181,2.943,3.595,68.531,27.66,27.35,49.88,0.0094,0.006,0.0148,2.28,77.55,114.28,0.0083,0.0062,0.0144,33.31,82.31,100.77,0.0065,0.006,0.0125,16000,1024,797.47,0.9887,0.0077,0.0031,0.0005
2026-08-27T02:46:36.552+02:00,1000,1024,1024,1056,254,433,8,6901,1,1750,0,0.0242,0.0212,0.0888,0.0745,0.0633,0.7789,2.877,2.83,41.743,37.21,186.4,19.64,0.0075,0.0059,0.0317,3.32,14.92,204.05,0.0072,0.006,0.0313,49.49,91.05,216.03,0.007,0.0059,0.0302,16000,1024,345.73,0.9427,0.0464,0.0095,0.0014
2026-08-27T02:47:06.552+02:00,1000,1024,1024,1056,254,434,0,6901,0,1750,0,0.0226,0.0205,0.0317,0.0709,0.059,0.0973,2.865,2.876,3.046,70.39,82.39,103.45,0.0066,0.0069,0.0112,79.6,3.44,133.35,0.0084,0.0063,0.0097,84.52,40.27,18.96,0.0064,0.0053,0.0099,16000,1024,325.55,0.9254,0.0611,0.0108,0.0027
2026-08-27T02:47:36.552+02:00,1000,1024,1024,1056,254,437,9,6910,0,1750,0,0.0234,0.0211,0.0587,0.0808,0.0823,0.7396,2.864,3.458,89.757,1.46,105.56,8.48,0.0073,0.0064,0.0158,186.87,162.74,70.56,0.0066,0.0066,0.015,210.88,72.67,90.12,0.006,0.0058,0.0144,16000,1024,502.89,0.9728,0.0196,0.0068,0.0008
2026-08-27T02:48:06.552+02:00,1000,1024,1024,1056,254,437,0,6910,0,1750,0,0.0232,0.02,0.0459,0.0782,0.0767,0.7112,3.15,3.114,108.734,43.31,13.3,125.89,0.008,0.0067,0.0101,50.22,8.77,95.76,0.0066,0.0056,0.0099,94.11,176.89,38.82,0.0067,0.0054,0.0092,16000,1024,587.24,0.9745,0.0213,0.0035,0.0008
2026-08-27T02:48:36.554+02:00,1000,1024,1024,1056,254,437,2,6912,0,1750,0,0.0231,0.0216,0.0653,0.089,0.0868,0.6957,3.369,3.717,71.591,157.91,79.48,164.04,0.0077,0.0076,0.0152,228.46,46.59,178.43,0.0071,0.007,0.0158,33.77,186.64,87.78,0.0078,0.0063,0.0147,16000,1024,578.59,0.9754,0.0199,0.004,0.0007
2026-08-27T02:49:06.554+02:00,1000,1024,1024,1056,254,439,17,6929,1,1751,0,0.0256,0.0215,0.0994,0.1037,0.0871,0.8177,3.383,3.346,32.664,16.76,102.11,22.46,0.0083,0.007,0.0256,79.15,122.14,90.78,0.0074,0.006,0.0228,26.98,32.2,331.18,0.0076,0.0052,0.0228,16000,1024,306.8,0.9365,0.0443,0.0167,0.0025
2026-08-27T02:49:36.556+02:00,1000,1024,1024,1056,254,439,0,6929,0,1751,0,0.0216,0.0205,0.0579,0.0642,0.0718,0.7473,2.831,3.219,100.042,98.54,9.14,117.42,0.0062,0.0069,0.0149,83.54,55.43,224.35,0.0066,0.0061,0.0144,133.79,86.46,48.69,0.0056,0.0055,0.0137,16000,1024,425.9,0.9397,0.048,0.0109,0.0013
2026-08-27T02:50:06.554+02:00,1000,1024,1024,1056,254,440,2,6931,0,1751,0,0.0242,0.0214,0.0324,0.1088,0.0741,0.1045,3.381,3.151,3.043,175.1,52.05,97.43,0.0075,0.0066,0.0097,29.0,123.91,159.44,0.0073,0.0059,0.0094,55.14,63.76,138.58,0.0077,0.0057,0.0089,16000,1024,343.62,0.9444,0.0452,0.0087,0.0018
2026-08-27T02:50:36.555+02:00,1000,1024,1024,1056,254,440,12,6943,0,1751,0,0.025,0.0212,0.0628,0.085,0.0721,0.7971,3.06,2.949,85.187,14.08,3.76,67.36,0.0076,0.0068,0.0242,86.13,86.26,264.83,0.0073,0.0068,0.0224,164.62,67.1,138.4,0.0075,0.0062,0.0216,16000,1024,487.0,0.9799,0.0147,0.0046,0.0008
2026-08-27T02:51:06.554+02:00,1000,1024,1024,1056,254,440,0,6943,0,1751,0,0.0215,0.0212,0.068,0.0698,0.0733,0.7782,2.902,3.079,79.53,4.28,55.53,232.56,0.0078,0.0066,0.0149,139.91,88.9,29.14,0.0072,0.0057,0.0133,194.05,78.84,78.73,0.0068,0.0056,0.0163,16000,1024,280.17,0.9527,0.0348,0.0102,0.0024
2026-08-27T02:51:36.555+02:00,1000,1024,1024,1056,254,442,1,6944,0,1751,0,0.0233,0.0206,0.0674,0.0848,0.0674,0.7234,3.232,2.869,56.051,56.31,47.01,212.66,0.0075,0.0064,0.0176,93.79,207.27,180.46,0.0066,0.006,0.0175,274.54,72.33,173.39,0.0062,0.0058,0.0179,16000,1024,1130.29,0.9914,0.0054,0.0029,0.0003
2026-08-27T02:52:06.568+02:00,1000,1024,1031,1063,254,442,21,6965,0,1751,0,0.0247,0.0237,0.0941,0.0898,0.1006,0.718,3.036,3.593,35.426,106.34,68.38,185.36,0.0075,0.0077,0.0261,66.04,43.58,352.39,0.0075,0.0077,0.0245,77.45,30.62,118.31,0.0069,0.008,0.0235,16000,1024,396.35,0.9624,0.0259,0.0104,0.0013
2026-08-27T02:52:36.556+02:00,1000,1024,1024,1056,254,444,4,6969,1,1752,0,0.0234,0.0231,0.0657,0.081,0.0742,0.6998,2.794,2.842,70.461,32.76,66.49,92.74,0.008,0.0074,0.0245,60.44,16.22,108.05,0.007,0.008,0.0248,120.18,8.75,269.45,0.0066,0.0069,0.0231,16000,1024,397.94,0.9372,0.0476,0.0136,0.0015
2026-08-27T02:53:36.565+02:00,1000,1024,1031,1064,255,445,34,7008,1,1753,0,0.0256,0.0268,0.122,0.1079,0.1013,0.7193,4.011,3.471,20.296,26.07,38.13,450.73,0.0074,0.01,0.0461,37.65,12.95,50.61,0.0066,0.0087,0.0421,157.21,58.93,265.27,0.0063,0.0082,0.0444,16000,1024,444.66,0.9797,0.0158,0.0039,0.0006
2026-08-27T02:54:06.557+02:00,1000,1024,1024,1056,255,445,0,7008,0,1753,0,0.0232,0.0207,0.1723,0.0676,0.0724,1.119,2.738,2.94,13.188,32.58,45.72,76.56,0.0075,0.0072,0.0653,115.91,116.32,297.79,0.007,0.0055,0.055,2.05,20.07,83.03,0.0063,0.0059,0.0496,16000,1024,540.93,0.9865,0.0104,0.0026,0.0005
2026-08-27T02:55:06.558+02:00,1000,1024,1024,1056,256,446,1,7013,0,1753,0,0.0232,0.0184,0.0322,0.0803,0.063,0.1159,2.929,3.212,3.226,44.61,57.39,124.93,0.008,0.0061,0.0123,212.45,81.51,138.68,0.0077,0.0062,0.0095,117.76,185.09,85.85,0.0071,0.0056,0.0085,16000,1024,585.89,0.9721,0.0238,0.0035,0.0006
2026-08-27T02:55:36.557+02:00,1000,1024,1024,1056,256,446,0,7013,0,1753,0,0.0221,0.0223,0.0479,0.0742,0.0701,0.7571,2.84,2.799,117.554,185.94,14.36,154.6,0.0078,0.0081,0.0136,34.42,23.05,53.33,0.0065,0.008,0.0123,27.48,72.38,231.73,0.0063,0.0061,0.0118,16000,1024,437.26,0.955,0.0319,0.0117,0.0014
2026-08-27T02:56:06.560+02:00,1000,1024,1024,1056,256,447,0,7013,0,1753,0,0.0241,0.021,0.0655,0.0734,0.101,0.6974,2.841,3.906,70.684,66.77,18.96,215.84,0.0092,0.0067,0.0175,30.3,145.15,63.59,0.0079,0.0067,0.0171,138.86,102.28,92.63,0.0077,0.0057,0.017,16000,1024,319.48,0.9497,0.0386,0.0098,0.002
2026-08-27T02:56:36.560+02:00,1000,1024,1024,1056,256,447,9,7022,0,1753,0,0.0239,0.0204,0.0318,0.0816,0.0758,0.1182,2.959,3.134,2.991,70.08,99.47,69.75,0.0085,0.0059,0.0118,22.44,23.61,210.24,0.0083,0.0057,0.0116,206.9,117.26,90.14,0.0076,0.0054,0.0107,16000,1024,438.34,0.9647,0.0272,0.0073,0.0009
2026-08-27T02:57:06.560+02:00,1000,1024,1024,1056,256,448,21,7043,1,1754,0,0.0247,0.0252,0.0942,0.0792,0.0931,0.7215,2.909,3.314,33.945,20.33,4.25,32.38,0.0068,0.0088,0.0336,122.96,10.69,82.81,0.0068,0.0077,0.0298,48.06,51.64,218.83,0.0068,0.0076,0.0275,16000,1024,306.52,0.9604,0.0304,0.0072,0.0019
2026-08-27T02:58:06.560+02:00,1000,1024,1024,1056,257,449,3,7054,0,1754,0,0.0449,0.0403,0.1252,0.1576,0.131,1.3564,2.953,2.951,68.297,141.7,121.62,117.35,0.0138,0.0153,0.0531,134.34,103.57,224.53,0.0138,0.0124,0.0501,54.35,199.06,10.75,0.0141,0.0117,0.0471,16000,1024,368.05,0.946,0.0445,0.008,0.0015
2026-08-27T02:58:36.560+02:00,1000,1024,1024,1056,257,450,0,7054,0,1754,0,0.0219,0.0212,0.0584,0.0708,0.0704,0.7342,2.995,3.19,87.596,172.39,85.62,190.86,0.0095,0.0065,0.0122,105.35,95.31,37.12,0.007,0.0074,0.0111,113.85,109.47,113.38,0.0073,0.0055,0.011,16000,1024,519.46,0.9596,0.0307,0.0084,0.0012
2026-08-27T02:59:06.560+02:00,1000,1024,1024,1056,257,451,0,7054,0,1754,0,0.0226,0.0198,0.0338,0.0744,0.0645,0.1111,3.162,2.764,3.148,168.92,140.91,203.93,0.0078,0.0076,0.0115,103.91,186.87,27.29,0.0073,0.0067,0.0113,155.23,155.33,106.75,0.0062,0.0058,0.0094,16000,1024,362.6,0.9323,0.0571,0.0089,0.0016
2026-08-27T02:59:36.561+02:00,1000,1024,1024,1056,257,451,4,7058,0,1754,0,0.0237,0.0217,0.0776,0.0787,0.0814,0.7103,2.967,3.555,50.783,51.12,87.21,173.15,0.007,0.0076,0.0275,22.05,67.42,159.28,0.0071,0.0068,0.0259,12.83,291.06,122.51,0.0062,0.0062,0.0265,16000,1024,436.65,0.9281,0.0589,0.0116,0.0014
2026-08-27T03:00:06.562+02:00,1000,1024,1024,1056,257,452,6,7064,0,1754,0,0.0233,0.0223,0.1052,0.0706,0.1059,1.0232,2.89,4.009,47.688,52.5,119.13,20.73,0.0096,0.0063,0.0351,234.11,17.5,76.02,0.0087,0.006,0.033,17.62,55.47,479.3,0.007,0.0058,0.0308,16000,1024,305.29,0.9086,0.0758,0.0136,0.002
2026-08-27T03:00:36.562+02:00,1000,1024,1024,1056,257,452,8,7072,0,1754,0,0.025,0.0214,0.0537,0.0776,0.0828,0.6734,2.794,2.931,78.441,3.4,25.76,198.34,0.0113,0.0077,0.0163,34.53,89.91,23.22,0.0106,0.0066,0.0164,83.08,183.67,55.42,0.0081,0.0065,0.0159,16000,1024,383.95,0.9328,0.0513,0.0136,0.0023
2026-08-27T03:01:06.562+02:00,1000,1024,1024,1056,257,453,6,7078,0,1754,0,0.024,0.0209,0.0738,0.0743,0.0857,0.756,3.007,3.208,63.143,41.96,43.4,216.39,0.0067,0.0062,0.0239,85.2,185.56,39.09,0.0066,0.0055,0.0217,17.41,69.92,139.33,0.0064,0.0057,0.0214,16000,1024,537.8,0.9757,0.0211,0.0026,0.0005
2026-08-27T03:01:36.563+02:00,1000,1024,1024,1056,257,453,0,7078,0,1754,0,0.0245,0.0215,0.0719,0.0978,0.0849,0.7153,3.111,3.527,64.339,11.54,84.79,15.61,0.0067,0.0086,0.026,77.79,120.07,200.08,0.0067,0.008,0.0222,171.89,106.62,64.38,0.0063,0.0064,0.022,16000,1024,550.06,0.9855,0.0111,0.0029,0.0005
2026-08-27T03:02:06.563+02:00,1000,1024,1024,1056,257,453,0,7078,0,1754,0,0.0227,0.0222,0.0746,0.0742,0.0854,0.7121,3.03,3.734,61.335,200.01,21.79,20.63,0.0063,0.0068,0.0155,38.27,76.88,132.16,0.0062,0.0058,0.0147,124.29,41.77,119.82,0.006,0.0058,0.015,16000,1024,417.62,0.9582,0.0314,0.0092,0.0012
2026-08-27T03:02:36.564+02:00,1000,1024,1024,1056,257,454,0,7078,0,1754,0,0.023,0.0202,0.0767,0.0765,0.0882,0.7341,2.839,3.624,51.977,86.36,90.09,57.65,0.007,0.0076,0.0226,25.07,323.32,118.17,0.0065,0.0063,0.022,58.41,137.67,178.4,0.0064,0.006,0.0215,16000,1024,468.48,0.9635,0.031,0.0046,0.0008
2026-08-27T03:03:06.565+02:00,1000,1024,1024,1056,257,454,7,7085,0,1754,0,0.024,0.0209,0.0518,0.0845,0.097,0.702,3.139,3.531,88.135,46.52,220.99,44.7,0.0097,0.0068,0.0154,13.48,110.75,165.23,0.0091,0.007,0.0142,182.35,39.05,9.33,0.0076,0.006,0.0146,16000,1024,317.57,0.9383,0.0516,0.0087,0.0014
2026-08-27T03:03:36.564+02:00,1000,1024,1024,1056,257,455,4,7089,0,1754,0,0.0223,0.0213,0.0752,0.1035,0.0632,0.7802,3.344,2.833,67.104,167.02,121.07,197.38,0.0079,0.0073,0.0179,111.38,64.04,238.29,0.0072,0.007,0.0175,12.47,176.78,105.2,0.0068,0.0058,0.0177,16000,1024,344.49,0.8489,0.1324,0.0164,0.0023
2026-08-27T03:04:06.565+02:00,1000,1024,1024,1056,257,456,9,7098,0,1754,0,0.0241,0.0203,0.0485,0.0742,0.065,0.7321,2.787,2.96,103.921,140.54,39.2,50.93,0.0082,0.0068,0.0119,28.93,101.97,11.69,0.0079,0.0068,0.0104,41.82,111.78,92.6,0.0071,0.0071,0.0105,16000,1024,482.28,0.9559,0.0348,0.0083,0.001
2026-08-27T03:04:36.566+02:00,1000,1024,1024,1056,257,457,17,7115,0,1754,0,0.0258,0.025,0.1268,0.0911,0.099,0.8138,3.316,4.34,21.771,65.45,45.85,493.38,0.0076,0.0088,0.0414,120.17,10.5,333.97,0.0068,0.0072,0.0385,52.17,17.31,267.75,0.0072,0.0069,0.0392,16000,1024,344.32,0.9459,0.0449,0.0076,0.0015
2026-08-27T03:05:06.566+02:00,1000,1024,1024,1056,257,457,6,7121,1,1755,0,0.0246,0.0204,0.0621,0.0737,0.0824,0.7038,2.834,3.229,72.341,39.79,203.92,150.82,0.0084,0.0071,0.019,201.7,95.43,93.73,0.008,0.0071,0.0156,119.22,138.24,109.53,0.0066,0.006,0.0135,16000,1024,450.27,0.9684,0.0274,0.0035,0.0007
2026-08-27T03:05:36.567+02:00,1000,1024,1024,1056,257,457,10,7131,0,1755,0,0.0224,0.0201,0.0562,0.0919,0.0809,0.694,3.403,3.748,87.483,102.58,13.78,100.38,0.0086,0.007,0.0144,55.28,113.2,149.12,0.0073,0.0059,0.0147,83.12,239.63,252.02,0.007,0.0059,0.0134,16000,1024,591.51,0.9764,0.0186,0.0044,0.0006
2026-08-27T03:06:06.569+02:00,1000,1024,1024,1056,257,457,3,7134,1,1756,0,0.0238,0.0212,0.0514,0.0718,0.0886,0.6569,2.88,3.554,79.071,85.93,94.67,207.19,0.0069,0.0076,0.0174,56.22,45.72,64.31,0.007,0.0065,0.0167,48.27,136.76,114.02,0.0068,0.0061,0.0157,16000,1024,393.74,0.9418,0.0476,0.009,0.0016
2026-08-27T03:06:36.568+02:00,1000,1024,1024,1056,257,457,1,7135,0,1756,0,0.0239,0.0204,0.0497,0.0854,0.0705,0.7978,3.045,3.142,132.706,85.67,117.21,318.06,0.0079,0.0058,0.0154,155.75,24.17,104.58,0.0073,0.0058,0.0152,286.24,83.2,191.24,0.0061,0.0055,0.015,16000,1024,471.39,0.9423,0.0476,0.0089,0.0012
2026-08-27T03:07:06.572+02:00,1000,1024,1024,1056,257,458,7,7142,2,1758,0,0.024,0.023,0.1375,0.1092,0.0925,1.3606,3.677,4.355,35.303,103.32,107.1,124.75,0.0081,0.0097,0.0482,107.97,4.03,62.68,0.0074,0.0076,0.0442,166.11,78.1,187.91,0.0066,0.0075,0.0459,16000,1024,644.14,0.9855,0.01,0.0038,0.0007
2026-08-27T03:07:36.567+02:00,1000,1024,1024,1056,257,459,1,7143,0,1758,0,0.0232,0.0228,0.0731,0.073,0.0859,0.74,2.988,3.027,62.532,81.16,15.07,84.62,0.0086,0.0112,0.027,166.08,41.88,153.14,0.0075,0.0084,0.0267,252.3,83.77,221.91,0.0068,0.0066,0.0261,16000,1024,369.5,0.9127,0.0703,0.0151,0.002
2026-08-27T03:08:06.567+02:00,1000,1024,1024,1056,257,459,10,7153,0,1758,0,0.0249,0.0222,0.0711,0.0858,0.0765,0.6853,2.929,3.214,52.272,90.94,13.49,28.5,0.0084,0.0075,0.0287,78.69,32.38,374.76,0.008,0.0063,0.0233,44.78,102.76,314.39,0.0071,0.0063,0.0226,16000,1024,334.81,0.9186,0.0731,0.0066,0.0017
2026-08-27T03:08:36.568+02:00,1000,1024,1024,1056,257,459,18,7171,1,1759,0,0.0247,0.0245,0.1295,0.0765,0.1048,0.8171,2.961,4.334,20.207,40.03,40.28,173.65,0.0081,0.0086,0.0466,60.64,55.84,289.91,0.0081,0.0082,0.0374,12.86,20.41,81.65,0.0071,0.0067,0.0419,16000,1024,438.75,0.9524,0.0423,0.0047,0.0006
2026-08-27T03:09:06.568+02:00,1000,1024,1024,1056,257,459,0,7171,0,1759,0,0.0228,0.0223,0.1404,0.0898,0.1077,1.2361,2.981,3.459,20.482,216.83,210.78,383.44,0.0064,0.0065,0.0518,16.15,23.32,360.25,0.0079,0.0062,0.0434,114.45,183.13,249.85,0.0061,0.0062,0.0415,16000,1024,395.93,0.9391,0.0526,0.007,0.0013
2026-08-27T03:09:36.569+02:00,1000,1024,1024,1056,257,459,1,7172,0,1759,0,0.0217,0.0206,0.0627,0.069,0.0868,0.6988,2.717,3.301,73.152,81.92,90.14,45.08,0.0067,0.0066,0.0213,50.66,43.93,122.55,0.0064,0.0061,0.0223,103.53,147.87,71.8,0.0059,0.0061,0.0204,16000,1024,535.8,0.9503,0.0406,0.0079,0.0011
2026-08-27T03:10:06.571+02:00,1000,1024,1024,1056,257,460,1,7173,0,1759,0,0.0225,0.0208,0.0743,0.0824,0.1015,0.7284,2.986,3.967,61.357,69.84,288.15,19.59,0.008,0.0063,0.0248,103.77,59.04,113.44,0.0066,0.0064,0.0247,97.98,29.84,193.86,0.0062,0.0062,0.0257,16000,1024,308.45,0.9119,0.0694,0.0167,0.002
2026-08-27T03:10:36.570+02:00,1000,1024,1024,1056,257,460,0,7173,0,1759,0,0.0229,0.021,0.0688,0.0777,0.0729,1.1474,3.053,2.966,132.535,183.66,288.57,212.99,0.0083,0.0072,0.0168,13.89,8.68,56.72,0.0064,0.0058,0.0151,52.17,96.12,132.76,0.0064,0.0063,0.0151,16000,1024,338.89,0.9144,0.0725,0.0113,0.0018
2026-08-27T03:11:06.571+02:00,1000,1024,1024,1056,257,461,0,7173,0,1759,0,0.0237,0.0206,0.0642,0.0955,0.0963,0.7171,3.271,3.597,77.304,65.42,204.39,161.92,0.0087,0.0073,0.0178,46.11,75.22,88.89,0.0078,0.0066,0.0167,14.58,107.41,196.55,0.0073,0.0063,0.0167,16000,1024,534.65,0.9638,0.0291,0.0063,0.0008
2026-08-27T03:11:36.571+02:00,1000,1024,1024,1056,257,463,0,7173,0,1759,0,1.6989,0.197,0.2126,2.4931,0.3609,1.3259,1.517,1.625,7.79,49.11,49.1,48.89,2.4314,0.2783,0.0987,147.24,147.28,187.45,0.0438,0.0453,0.0888,196.53,100.08,248.21,0.0169,0.0203,0.0705,16000,1024,613.16,0.9194,0.0696,0.0074,0.0036
2026-08-27T03:12:06.571+02:00,1000,1024,1024,1056,257,463,2,7175,0,1759,0,1.5565,0.2141,0.2291,2.3321,0.4973,1.3008,1.524,1.694,9.571,49.31,49.32,187.69,2.033,0.2789,0.0766,43.09,45.41,49.32,0.1892,0.0287,0.0836,54.2,11.84,62.37,0.1552,0.0256,0.0616,16000,1024,459.4,0.7039,0.2675,0.0227,0.0058
2026-08-27T03:13:06.585+02:00,1000,1024,1037,1070,258,464,21,7214,3,1763,0,1.5685,0.2216,0.163,2.5002,0.5133,0.8312,1.554,1.701,12.409,49.42,49.35,56.03,1.5638,0.2045,0.0673,8.94,43.85,49.33,0.4585,0.0662,0.071,20.3,2.59,250.04,0.434,0.0695,0.0603,16000,1024,450.19,0.771,0.2043,0.0198,0.005
2026-08-27T03:14:36.583+02:00,1000,1024,1033,1065,260,466,4,7245,0,1767,0,1.5931,0.213,0.0862,2.3658,0.3775,0.7303,1.536,1.629,18.273,49.34,49.34,49.27,2.1471,0.2837,0.086,37.68,25.59,26.53,0.1775,0.0276,0.0238,26.19,37.58,98.9,0.1672,0.0277,0.0212,16000,1024,1028.13,0.9493,0.0465,0.0032,0.001
2026-08-27T03:15:06.574+02:00,1000,1024,1024,1056,260,466,2,7247,0,1767,0,1.593,0.2116,0.1329,2.4189,0.3649,1.2152,1.539,1.592,20.977,49.33,49.34,49.28,2.1531,0.2848,0.0846,34.24,32.97,62.31,0.2048,0.0296,0.0516,17.86,16.51,161.93,0.1782,0.022,0.0348,16000,1024,506.17,0.7674,0.2151,0.0123,0.0053
2026-08-27T03:15:36.573+02:00,1000,1024,1024,1056,260,466,8,7255,4,1771,0,1.6718,0.2084,0.1031,2.4471,0.3709,0.6656,1.528,1.605,11.979,49.3,49.31,49.27,2.4142,0.2936,0.1099,35.98,147.87,148.03,0.0523,0.0185,0.0222,44.02,99.51,239.27,0.0516,0.0157,0.0166,16000,1024,627.75,0.8162,0.1697,0.0123,0.0018
2026-08-27T03:16:06.573+02:00,1000,1024,1024,1056,260,466,0,7255,0,1771,0,1.7113,0.2034,0.229,2.5089,0.3504,1.3118,1.525,1.585,9.27,49.28,49.28,49.03,2.5045,0.2938,0.1191,147.93,147.71,187.32,0.0489,0.0209,0.0711,197.18,99.62,116.13,0.0203,0.0197,0.0674,16000,1024,521.65,0.6683,0.3095,0.0171,0.0051
2026-08-27T03:16:36.574+02:00,1000,1024,1024,1056,260,466,2,7257,0,1771,0,1.7757,0.2009,0.0953,2.6077,0.3808,0.6865,1.53,1.617,6.124,49.29,49.29,49.28,2.5376,0.2839,0.1222,40.0,148.0,98.94,0.1056,0.0192,0.0239,55.59,100.01,147.48,0.0994,0.0167,0.0165,16000,1024,507.55,0.7617,0.2146,0.0171,0.0067
2026-08-27T03:17:06.575+02:00,1000,1024,1024,1056,260,466,5,7262,0,1771,0,1.8164,0.1992,0.1218,2.7446,0.3804,0.7702,1.53,1.671,12.2,49.26,49.26,49.27,2.2808,0.2509,0.0934,43.08,56.92,99.27,0.2809,0.0266,0.0353,54.49,41.46,166.82,0.227,0.0273,0.0269,16000,1024,507.44,0.7637,0.215,0.0154,0.0059
2026-08-27T03:18:06.591+02:00,1000,1024,1039,1072,261,467,28,7318,1,1785,0,1.8431,0.1911,0.1784,3.0464,0.3511,1.233,1.589,1.682,12.58,49.2,49.2,23.64,1.2196,0.1281,0.0705,25.88,25.89,49.45,0.9153,0.1039,0.0752,39.08,21.0,407.34,0.6114,0.079,0.0541,16000,1024,582.59,0.8568,0.1299,0.0089,0.0044
2026-08-27T03:18:36.576+02:00,1000,1024,1024,1056,261,467,9,7327,1,1786,0,1.8825,0.1967,0.1648,2.9741,0.3708,0.7988,1.538,1.58,9.195,49.23,49.25,49.16,2.2552,0.2366,0.1059,42.37,42.33,312.38,0.5149,0.0528,0.0545,56.44,56.27,170.75,0.4246,0.0489,0.0536,16000,1024,564.66,0.8475,0.1349,0.0095,0.0081
2026-08-27T03:19:06.612+02:00,1000,1024,1058,1091,261,467,8,7335,0,1786,0,1.9204,0.199,0.1289,2.8909,0.3469,0.7599,1.532,1.593,9.79,49.22,49.21,49.31,2.7647,0.2841,0.1326,147.73,147.87,147.8,0.056,0.0296,0.0266,31.34,99.84,97.57,0.0343,0.0184,0.0233,16000,1024,703.56,0.7991,0.1927,0.0057,0.0025
2026-08-27T03:19:36.576+02:00,1000,1024,1024,1056,261,468,0,7335,0,1786,0,1.9207,0.1974,0.1218,2.8059,0.3497,0.8497,1.522,1.62,11.71,49.21,49.23,49.21,2.7918,0.2843,0.145,147.62,99.76,147.16,0.0559,0.0225,0.0219,196.82,147.76,82.36,0.0187,0.0234,0.0182,16000,1024,611.77,0.9215,0.071,0.0058,0.0016
2026-08-27T03:20:06.576+02:00,1000,1024,1024,1056,261,469,5,7340,0,1786,0,1.9167,0.1941,0.1285,3.0024,0.3607,0.8296,1.534,1.656,11.039,49.27,49.27,49.26,2.2992,0.2367,0.1093,53.22,53.25,98.76,0.3909,0.039,0.0469,41.43,41.43,7.8,0.3411,0.0343,0.0309,16000,1024,625.64,0.8184,0.1669,0.0103,0.0044
2026-08-27T03:20:36.578+02:00,1000,1024,1024,1056,261,470,1,7341,0,1786,0,1.9298,0.1948,0.2249,3.4042,0.347,1.4232,1.527,1.636,8.872,49.21,49.21,49.35,2.6961,0.2718,0.134,32.43,147.53,187.53,0.1223,0.0272,0.0736,39.06,99.91,125.19,0.1207,0.0174,0.0666,16000,1024,487.61,0.8247,0.1613,0.0106,0.0034
2026-08-27T03:21:06.584+02:00,1000,1024,1031,1063,261,471,18,7359,0,1786,0,1.8994,0.192,0.1327,3.0643,0.3476,0.7974,1.574,1.662,9.962,49.2,49.23,49.09,1.7444,0.1765,0.076,23.74,23.71,34.53,0.6388,0.0627,0.0363,14.4,14.52,23.64,0.5612,0.0527,0.0354,16000,1024,493.89,0.915,0.0697,0.0111,0.0042
2026-08-27T03:21:36.578+02:00,1000,1024,1024,1056,261,471,45,7404,23,1809,0,1.9326,0.1918,0.1439,3.0232,0.3443,0.7883,1.533,1.651,9.703,49.31,28.51,28.46,1.0436,0.0991,0.0574,28.62,49.33,49.66,0.915,0.114,0.0446,41.8,41.74,34.4,0.678,0.0694,0.0379,16000,1024,626.72,0.7597,0.2256,0.0106,0.0041
2026-08-27T03:22:06.582+02:00,1000,1024,1027,1060,261,472,6,7410,2,1811,0,1.93,0.195,0.1356,2.8979,0.3457,0.7811,1.529,1.604,9.045,49.16,49.18,49.13,2.7081,0.2735,0.1409,53.71,147.5,99.98,0.0839,0.024,0.0252,41.05,100.01,196.72,0.0821,0.0157,0.0254,16000,1024,996.45,0.9129,0.0794,0.0055,0.0022
2026-08-27T03:22:36.584+02:00,1000,1024,1025,1058,261,472,46,7456,19,1830,0,1.8975,0.1929,0.1487,3.0805,0.3626,0.7847,1.581,1.649,9.438,49.17,49.12,49.24,1.3872,0.1439,0.0616,12.98,31.39,31.18,0.7232,0.0673,0.0371,31.56,12.85,66.8,0.641,0.0609,0.0374,16000,1024,525.06,0.8769,0.1086,0.0095,0.005
2026-08-27T03:23:36.583+02:00,1000,1024,1024,1056,262,473,44,7507,15,1845,0,1.9157,0.1953,0.1814,3.0054,0.36,0.9383,1.586,1.649,9.585,49.27,49.29,17.6,1.2287,0.1211,0.0691,17.44,17.53,81.2,0.9227,0.09,0.0562,34.37,40.4,46.11,0.7964,0.0715,0.0543,16000,1024,555.7,0.8942,0.0963,0.0069,0.0025
2026-08-27T03:24:36.580+02:00,1000,1024,1024,1056,263,473,2,7523,0,1846,0,2.0096,0.1943,0.1162,2.9606,0.3386,0.9173,1.522,1.594,9.364,49.17,49.16,49.14,2.9047,0.2774,0.1428,147.45,147.54,147.38,0.058,0.0291,0.02,196.75,100.14,98.77,0.0161,0.016,0.0187,16000,1024,493.66,0.8136,0.1621,0.0167,0.0077
2026-08-27T03:25:06.582+02:00,1000,1024,1024,1056,263,476,2,7525,0,1846,0,2.0087,0.1947,0.1164,3.1762,0.3572,0.7171,1.53,1.638,5.719,49.18,49.18,49.19,2.6842,0.2577,0.1362,43.34,53.38,42.58,0.3097,0.0318,0.0244,53.37,43.45,20.61,0.2785,0.0268,0.0217,16000,1024,462.95,0.7631,0.2145,0.0144,0.008
2026-08-27T03:25:36.585+02:00,1000,1024,1024,1056,263,476,1,7526,0,1846,0,2.0222,0.1945,0.1303,2.9736,0.3535,0.7587,1.522,1.6,8.368,49.14,49.14,49.16,2.8218,0.2667,0.1506,34.09,147.22,246.21,0.1138,0.0312,0.0289,24.73,100.06,39.51,0.1093,0.0217,0.0297,16000,1024,566.69,0.9256,0.064,0.0082,0.0023
2026-08-27T03:26:06.582+02:00,1000,1024,1024,1056,263,476,4,7530,0,1846,0,2.0224,0.1944,0.1168,2.9731,0.3356,0.631,1.528,1.595,4.427,49.19,49.19,49.17,2.5821,0.2405,0.1242,29.65,29.54,29.59,0.496,0.0558,0.0319,9.99,9.88,9.87,0.4047,0.0505,0.0195,16000,1024,612.01,0.8902,0.1023,0.0054,0.0021
2026-08-27T03:26:36.582+02:00,1000,1024,1024,1056,263,477,2,7532,1,1847,0,2.0263,0.1927,0.1264,3.3393,0.3377,0.7091,1.525,1.597,6.565,49.13,49.12,49.04,2.7916,0.2632,0.142,36.33,147.46,57.1,0.1469,0.0291,0.0293,31.24,35.58,132.86,0.1445,0.0167,0.0244,16000,1024,451.49,0.8266,0.1574,0.0123,0.0037
2026-08-27T03:27:06.582+02:00,1000,1024,1024,1056,263,479,2,7534,0,1847,0,2.0621,0.1977,0.1235,3.0271,0.3457,0.771,1.526,1.581,7.129,49.16,49.15,49.18,2.9854,0.2795,0.1609,147.37,147.48,97.41,0.0594,0.0292,0.0187,196.57,99.92,134.78,0.0183,0.0195,0.0149,16000,1024,613.27,0.8954,0.0958,0.0071,0.0018
2026-08-27T03:27:36.584+02:00,1000,1024,1024,1056,263,480,15,7549,3,1850,0,2.0689,0.1954,0.138,3.0408,0.4057,0.6872,1.534,1.63,6.652,49.12,49.11,48.75,1.9795,0.1827,0.1093,24.19,26.49,209.02,0.6391,0.0593,0.0361,37.74,3.75,1.52,0.5435,0.0421,0.0381,16000,1024,672.46,0.8515,0.1359,0.0099,0.0027
2026-08-27T03:28:06.591+02:00,1000,1024,1032,1065,263,481,6,7555,1,1851,0,2.0997,0.1958,0.1164,3.1237,0.3518,0.2658,1.518,1.615,1.849,49.13,49.13,49.12,2.9955,0.2772,0.1583,53.22,147.44,98.92,0.072,0.0249,0.0233,147.35,100.07,147.47,0.0616,0.0196,0.0204,16000,1024,769.27,0.943,0.0481,0.0076,0.0013
2026-08-27T03:28:36.584+02:00,1000,1024,1024,1056,263,481,0,7555,0,1851,0,2.1168,0.186,0.2797,3.1091,0.3371,2.159,1.511,1.653,11.773,49.15,49.16,49.18,3.0464,0.2638,0.1614,147.38,147.25,187.32,0.0594,0.0284,0.1035,196.48,100.2,124.8,0.0207,0.0205,0.0855,16000,1024,775.6,0.927,0.0661,0.0056,0.0012
2026-08-27T03:29:06.587+02:00,1000,1024,1024,1056,263,482,0,7555,0,1851,0,2.1352,0.194,0.1181,3.1207,0.3366,0.2511,1.514,1.595,1.813,49.16,49.16,49.17,3.0784,0.2759,0.1617,147.4,147.59,98.34,0.0563,0.0293,0.0223,196.54,99.9,147.7,0.0147,0.0205,0.0178,16000,1024,656.41,0.8973,0.0906,0.0099,0.0022
2026-08-27T03:30:06.585+02:00,1000,1024,1024,1056,264,482,13,7570,0,1851,0,2.1338,0.1903,0.1614,3.4279,0.3581,0.7611,1.55,1.627,7.277,49.2,49.19,49.28,2.1014,0.1841,0.1015,24.36,16.72,16.43,0.6152,0.0548,0.0493,53.91,24.3,24.84,0.6212,0.0522,0.0436,16000,1024,793.92,0.9627,0.0314,0.0047,0.0012
2026-08-27T03:32:06.586+02:00,1000,1024,1024,1056,267,485,0,7625,0,1872,0,2.1959,0.1918,0.1246,3.2085,0.3416,0.5267,1.517,1.585,2.211,49.13,49.13,49.12,3.1591,0.274,0.1685,147.32,147.31,147.39,0.0616,0.0244,0.0225,99.58,99.78,98.14,0.0121,0.0223,0.0208,16000,1024,713.93,0.9209,0.0687,0.0084,0.002
2026-08-27T03:32:36.601+02:00,1000,1024,1038,1070,267,487,3,7628,0,1872,0,2.2064,0.1939,0.1352,3.2615,0.3663,0.8376,1.516,1.605,5.004,49.11,49.11,49.09,3.1301,0.2702,0.1661,147.38,147.6,147.49,0.0589,0.027,0.0299,31.49,100.12,99.92,0.0461,0.0212,0.0253,16000,1024,923.6,0.9581,0.036,0.0048,0.0011
2026-08-27T03:33:36.588+02:00,1000,1024,1024,1056,268,488,1,7630,1,1874,0,2.2545,0.193,0.1768,3.265,0.3314,1.958,1.516,1.593,28.458,49.12,49.13,49.13,3.255,0.2769,0.1807,147.3,147.17,147.61,0.0622,0.0275,0.0332,55.27,99.62,160.07,0.0191,0.0222,0.0243,16000,1024,595.87,0.9114,0.0757,0.0102,0.0027
2026-08-27T03:34:06.588+02:00,1000,1024,1024,1056,268,488,7,7637,1,1875,0,2.2428,0.1892,0.3157,3.3851,0.3453,1.2572,1.519,1.653,5.088,49.1,49.12,49.02,2.4871,0.204,0.1194,27.01,26.95,195.64,0.4423,0.04,0.1136,8.85,3.9,356.31,0.3682,0.0297,0.1038,16000,1024,697.03,0.8588,0.1294,0.0096,0.0023
2026-08-27T03:34:36.589+02:00,1000,1024,1024,1056,268,490,2,7639,0,1875,0,2.26,0.1965,0.1336,3.368,0.3499,0.6752,1.52,1.602,2.827,49.09,49.08,49.02,3.0099,0.2574,0.1667,32.77,34.11,99.86,0.2536,0.0298,0.0217,16.49,18.37,32.41,0.228,0.0248,0.0214,16000,1024,689.58,0.8279,0.1614,0.0092,0.0015
2026-08-27T03:35:06.588+02:00,1000,1024,1024,1056,268,491,0,7639,0,1875,0,2.2756,0.195,0.1411,3.3072,0.3657,0.8272,1.516,1.619,4.194,49.08,49.08,49.04,3.2551,0.2754,0.182,147.13,147.28,147.15,0.0595,0.025,0.0249,53.22,100.07,98.45,0.0574,0.0188,0.0195,16000,1024,628.21,0.7018,0.2789,0.0155,0.0038
2026-08-27T03:35:36.590+02:00,1000,1024,1024,1057,268,491,1,7640,0,1875,0,2.3289,0.196,0.144,3.6528,0.3676,0.9045,1.516,1.602,4.625,49.14,49.14,49.14,3.3596,0.2792,0.1937,147.38,147.38,97.8,0.0576,0.0284,0.0199,53.45,100.05,245.3,0.0199,0.0211,0.0176,16000,1024,539.66,0.8875,0.0978,0.0123,0.0023
2026-08-27T03:36:06.591+02:00,1000,1024,1024,1056,268,492,3,7643,0,1875,0,2.3301,0.1965,0.1566,3.3836,0.3512,0.8559,1.512,1.611,6.254,49.14,49.16,49.16,3.1102,0.2589,0.173,41.05,147.33,12.98,0.2323,0.0277,0.0244,2.93,39.29,43.15,0.2208,0.0284,0.0228,16000,1024,737.77,0.9088,0.0788,0.0103,0.0021
2026-08-27T03:36:36.589+02:00,1000,1024,1024,1056,268,493,1,7644,0,1875,0,2.3401,0.1945,0.1388,3.4281,0.3651,0.2765,1.517,1.628,1.709,49.11,49.12,49.11,3.267,0.266,0.1867,43.73,147.28,147.08,0.1338,0.0288,0.0245,39.55,99.91,98.11,0.1297,0.023,0.0213,16000,1024,572.02,0.9049,0.081,0.0115,0.0026
2026-08-27T03:39:06.963+02:00,1000,1024,1024,1056,272,495,0,7650,0,1875,0,2.4472,0.2012,0.1506,3.5301,0.3476,0.8127,1.507,1.595,2.95,49.14,49.14,49.12,3.525,0.2865,0.2015,147.37,147.19,147.47,0.0627,0.0295,0.0228,196.41,99.98,98.14,0.0136,0.0252,0.0257,16000,1024,627.77,0.8704,0.1213,0.0062,0.002
2026-08-27T03:40:06.963+02:00,1000,1024,1024,1056,273,495,1,7653,0,1875,0,2.4858,0.2002,0.1706,3.5709,0.3502,0.8504,1.504,1.618,4.103,49.15,49.15,49.13,3.4601,0.274,0.2162,35.07,147.26,198.14,0.1634,0.0259,0.0255,41.89,28.81,98.46,0.1602,0.0211,0.0229,16000,1024,612.9,0.8244,0.166,0.0075,0.0021
2026-08-27T03:41:06.965+02:00,1000,1024,1024,1056,274,495,1,7655,0,1875,0,2.4753,0.1969,0.1529,3.6133,0.3506,0.8344,1.506,1.621,3.071,49.12,49.12,49.1,3.4381,0.2679,0.2015,25.44,147.16,147.08,0.1756,0.0317,0.0276,30.76,99.74,97.97,0.1727,0.023,0.0223,16000,1024,753.84,0.893,0.0991,0.0064,0.0016
2026-08-27T03:42:36.967+02:00,1000,1024,1024,1056,276,496,0,7659,0,1876,0,2.5354,0.2029,0.1685,3.6787,0.3551,0.7725,1.504,1.61,2.81,49.14,49.14,49.11,3.6548,0.2904,0.2205,147.36,147.35,98.08,0.0596,0.0284,0.0303,100.07,99.77,147.58,0.0181,0.0231,0.0242,16000,1024,744.97,0.932,0.0607,0.006,0.0013
2026-08-27T03:43:06.965+02:00,1000,1024,1024,1056,276,497,2,7661,1,1877,0,2.5286,0.2051,0.163,3.6864,0.3668,0.8889,1.505,1.591,3.674,49.08,49.09,49.08,3.5903,0.2879,0.2197,53.22,147.04,147.37,0.0845,0.0313,0.0232,41.35,99.82,82.34,0.0624,0.0248,0.0208,16000,1024,907.64,0.9442,0.0517,0.0035,0.0006
2026-08-27T03:44:36.968+02:00,1000,1024,1024,1056,278,498,4,7669,0,1877,0,0.0242,0.0266,0.2225,0.0716,0.1048,1.1815,2.737,3.713,10.323,35.12,11.9,486.18,0.0076,0.0079,0.0643,146.83,82.25,62.19,0.0075,0.0079,0.0655,129.88,212.1,7.2,0.0065,0.0076,0.0647,16000,1024,489.04,0.9168,0.0572,0.024,0.002
2026-08-27T03:45:06.969+02:00,1000,1024,1024,1056,278,499,1,7670,0,1877,0,0.0232,0.0221,0.1149,0.0714,0.0721,0.7501,3.362,3.124,29.596,197.56,79.86,187.8,0.0075,0.0082,0.0371,170.01,37.14,136.72,0.007,0.006,0.0352,48.14,45.51,100.18,0.0071,0.0064,0.0347,16000,1024,421.11,0.9401,0.0479,0.01,0.002
2026-08-27T03:45:36.970+02:00,1000,1024,1024,1056,278,499,11,7681,0,1877,0,0.0233,0.0263,0.1725,0.0624,0.0855,1.1155,2.562,3.152,15.613,56.73,218.88,90.85,0.0073,0.0085,0.0585,141.2,17.22,27.69,0.0078,0.0075,0.0573,107.12,94.46,499.51,0.0064,0.0069,0.0563,16000,1024,505.44,0.9672,0.0239,0.0082,0.0007
2026-08-27T03:46:06.968+02:00,1000,1024,1024,1056,278,500,22,7703,3,1880,0,0.0258,0.0292,0.2054,0.1071,0.111,1.1769,3.359,3.556,12.243,14.99,18.57,423.34,0.009,0.0104,0.0703,76.15,9.91,449.81,0.0069,0.0083,0.0632,123.79,60.15,497.71,0.0071,0.0091,0.0627,16000,1024,498.43,0.9642,0.0312,0.0037,0.0009
2026-08-27T03:46:36.969+02:00,1000,1024,1024,1056,278,500,5,7708,0,1880,0,0.0253,0.0232,0.1237,0.0856,0.0904,1.3029,3.028,3.567,35.853,21.48,22.99,61.82,0.0081,0.0081,0.0429,12.94,80.13,257.49,0.0084,0.0074,0.04,26.67,121.9,319.62,0.0081,0.0074,0.0369,16000,1024,397.82,0.7981,0.1669,0.0335,0.0015
2026-08-27T03:47:06.973+02:00,1000,1024,1024,1056,278,501,4,7712,0,1880,0,0.0232,0.0224,0.1566,0.076,0.0818,0.8529,2.948,3.09,13.231,79.96,43.9,424.53,0.0076,0.0072,0.0568,21.07,30.55,211.97,0.0079,0.0067,0.0511,193.95,54.33,187.48,0.0071,0.0065,0.0502,16000,1024,561.97,0.9487,0.0464,0.004,0.0009
2026-08-27T03:47:36.971+02:00,1000,1024,1024,1056,278,501,0,7712,0,1880,0,0.0224,0.0224,0.0581,0.0753,0.0789,0.7385,2.955,2.908,93.661,48.51,110.34,57.38,0.0062,0.0076,0.0218,70.05,144.55,117.15,0.0062,0.006,0.0215,134.5,65.55,225.63,0.006,0.006,0.0201,16000,1024,349.68,0.95,0.0347,0.0136,0.0016
2026-08-27T03:48:06.968+02:00,1000,1024,1024,1056,278,502,56,7768,48,1928,0,0.0244,0.0276,0.1966,0.0881,0.1091,0.8093,3.548,3.503,9.003,16.13,108.32,117.85,0.0093,0.0085,0.0782,91.18,103.17,82.07,0.0073,0.0087,0.0693,155.1,118.48,365.2,0.007,0.0088,0.0673,16000,1024,519.1,0.9827,0.0125,0.0042,0.0006
2026-08-27T03:48:36.970+02:00,1000,1024,1024,1056,278,502,11,7779,0,1928,0,0.024,0.0214,0.0598,0.1025,0.0763,0.8477,3.632,3.149,100.385,181.83,52.34,176.69,0.0073,0.0096,0.0143,68.13,68.8,24.23,0.0065,0.0069,0.0142,45.74,74.15,256.77,0.0064,0.0058,0.0133,16000,1024,253.17,0.8758,0.1066,0.0152,0.0024
2026-08-27T03:49:36.972+02:00,1000,1024,1024,1056,279,503,1,7795,0,1928,0,0.022,0.0233,0.0705,0.0739,0.0783,0.8509,3.184,2.956,78.807,90.78,6.3,101.52,0.0067,0.0075,0.0108,144.37,187.04,81.87,0.0059,0.0072,0.01,167.31,198.44,72.25,0.0069,0.0067,0.0096,16000,1024,252.2,0.9065,0.077,0.0141,0.0023
2026-08-27T03:50:06.971+02:00,1000,1024,1024,1056,279,503,1,7796,0,1928,0,0.0248,0.0226,0.1372,0.0822,0.0821,1.3098,3.011,3.999,27.743,86.68,151.83,307.68,0.008,0.0089,0.0435,120.85,82.47,62.11,0.0078,0.0073,0.0433,169.3,97.44,369.81,0.0077,0.0071,0.0391,16000,1024,374.52,0.955,0.0365,0.0068,0.0018
2026-08-27T03:50:36.972+02:00,1000,1024,1024,1056,279,503,0,7796,0,1928,0,0.0229,0.0204,0.0522,0.0761,0.0798,0.8325,3.309,3.476,126.81,61.59,40.38,106.7,0.0075,0.0065,0.0118,48.53,215.96,137.69,0.0067,0.0059,0.0096,102.15,74.35,148.2,0.0068,0.0055,0.0098,16000,1024,618.79,0.9683,0.0263,0.0048,0.0007
2026-08-27T03:51:06.974+02:00,1000,1024,1024,1056,279,503,3,7799,0,1928,0,0.0235,0.0227,0.086,0.075,0.0905,0.7127,2.873,3.047,41.227,24.87,8.23,214.7,0.0079,0.0075,0.0156,6.11,108.58,175.48,0.007,0.0062,0.0163,123.38,21.27,109.66,0.0071,0.0061,0.0142,16000,1024,569.77,0.9601,0.0334,0.0054,0.001
2026-08-27T03:51:36.974+02:00,1000,1024,1025,1058,279,503,32,7831,1,1929,0,0.0268,0.025,0.1241,0.0792,0.0978,0.8435,2.888,3.474,25.28,63.65,1.46,302.9,0.0092,0.0081,0.0372,90.17,64.8,9.17,0.007,0.0076,0.038,84.84,59.31,59.7,0.0068,0.0074,0.0358,16000,1024,550.47,0.9714,0.023,0.0049,0.0007
2026-08-27T03:52:06.974+02:00,1000,1024,1024,1056,279,503,1,7832,0,1929,0,0.0229,0.0217,0.0715,0.0851,0.0696,0.7233,2.877,2.913,58.668,38.4,154.95,155.59,0.0067,0.0073,0.0257,83.17,160.29,69.96,0.0065,0.0064,0.0248,10.52,53.18,50.23,0.0064,0.0062,0.0244,16000,1024,392.83,0.9495,0.0437,0.0057,0.001
2026-08-27T03:52:36.987+02:00,1000,1024,1031,1064,279,504,39,7871,3,1932,0,0.0281,0.0242,0.152,0.1155,0.0895,1.0393,3.403,3.442,17.839,13.01,112.3,358.57,0.0095,0.0083,0.0501,31.89,102.64,442.15,0.0081,0.0083,0.0492,38.87,8.94,298.44,0.0077,0.0079,0.0501,16000,1024,305.35,0.9438,0.0462,0.0087,0.0012
2026-08-27T03:53:06.981+02:00,1000,1024,1030,1063,279,505,35,7906,1,1933,0,0.0263,0.0253,0.109,0.0867,0.0758,0.7644,2.777,3.023,31.372,40.36,71.48,28.43,0.0102,0.0094,0.0322,34.06,99.64,54.34,0.0081,0.0073,0.0318,153.91,85.85,458.75,0.0082,0.0072,0.0276,16000,1024,631.87,0.9611,0.0332,0.0048,0.0008
2026-08-27T03:53:36.974+02:00,1000,1024,1024,1056,279,506,36,7942,4,1937,0,0.0285,0.0231,0.1148,0.0923,0.092,0.755,2.979,3.648,27.141,26.43,183.32,495.02,0.0095,0.007,0.0411,13.14,57.49,168.93,0.0096,0.0065,0.0385,35.23,3.13,106.83,0.0079,0.0066,0.0393,16000,1024,345.01,0.9713,0.0224,0.0054,0.0009
2026-08-27T03:54:06.975+02:00,1000,1024,1024,1056,279,506,0,7942,0,1937,0,0.0248,0.0207,0.0539,0.0855,0.0664,0.6904,2.86,2.949,82.587,35.17,161.85,43.75,0.0086,0.0069,0.0143,101.55,51.68,69.25,0.0073,0.0058,0.0134,144.59,85.29,233.92,0.0067,0.0057,0.0149,16000,1024,483.0,0.976,0.0197,0.0038,0.0006
2026-08-27T03:54:36.976+02:00,1000,1024,1024,1056,279,508,3,7945,0,1937,0,0.0227,0.0232,0.0616,0.0858,0.0889,0.7794,3.31,3.527,90.719,178.06,12.96,42.34,0.0075,0.0072,0.0139,96.49,49.94,80.76,0.0069,0.0062,0.011,106.38,105.69,153.09,0.0065,0.0059,0.0107,16000,1024,333.06,0.9612,0.0287,0.0087,0.0013
2026-08-27T03:55:06.976+02:00,1000,1024,1024,1056,279,509,4,7949,0,1937,0,0.0234,0.0216,0.071,0.0769,0.096,0.7251,2.955,3.545,64.016,186.19,163.46,71.28,0.0072,0.008,0.0173,7.83,91.36,31.06,0.0064,0.008,0.0169,204.24,18.84,147.23,0.0062,0.0065,0.0164,16000,1024,1104.03,0.9695,0.0236,0.0057,0.0012
2026-08-27T03:55:36.977+02:00,1000,1024,1024,1056,279,510,10,7959,0,1937,0,0.0256,0.0236,0.0902,0.0797,0.0917,0.6897,2.853,3.331,35.156,16.54,16.36,158.46,0.0118,0.0071,0.0349,69.5,4.97,349.81,0.008,0.007,0.0308,38.59,93.85,191.35,0.0076,0.0067,0.03,16000,1024,528.55,0.9814,0.013,0.0049,0.0007
2026-08-27T03:56:06.976+02:00,1000,1024,1024,1056,279,511,9,7968,0,1937,0,0.025,0.0222,0.0659,0.0775,0.0679,0.6922,2.685,2.94,57.553,98.43,49.66,25.3,0.0077,0.0081,0.0206,34.9,44.92,9.9,0.0075,0.0069,0.0176,110.32,16.48,307.61,0.0071,0.0068,0.015,16000,1024,452.09,0.9699,0.0237,0.0056,0.0008
2026-08-27T03:56:36.977+02:00,1000,1024,1024,1056,279,511,1,7969,0,1937,0,0.0248,0.023,0.0837,0.0895,0.0996,1.3121,3.3,3.059,156.812,38.35,13.04,36.63,0.0077,0.0067,0.0283,42.53,281.07,27.19,0.0074,0.0066,0.0269,137.5,18.04,19.81,0.007,0.0074,0.0257,16000,1024,369.57,0.9437,0.0441,0.0107,0.0015
2026-08-27T03:57:06.976+02:00,1000,1024,1024,1056,279,511,0,7969,0,1937,0,0.0222,0.0183,0.0461,0.0846,0.0797,0.7109,3.338,3.477,106.775,105.21,83.29,182.76,0.007,0.0053,0.0104,140.61,191.21,26.92,0.0066,0.0051,0.0107,231.2,110.5,69.74,0.0066,0.0049,0.0099,16000,1024,463.48,0.974,0.02,0.005,0.001
2026-08-27T03:57:36.978+02:00,1000,1024,1024,1056,279,511,17,7986,2,1939,0,0.025,0.0241,0.1193,0.0771,0.0881,0.8394,2.72,3.327,26.036,66.48,54.02,69.09,0.0088,0.01,0.0449,29.93,38.76,120.22,0.0081,0.0084,0.0417,57.55,25.4,63.24,0.0076,0.0071,0.0418,16000,1024,524.34,0.9736,0.018,0.0079,0.0006
2026-08-27T03:58:06.979+02:00,1000,1024,1024,1056,279,511,15,8001,0,1939,0,0.0226,0.0199,0.0444,0.0696,0.066,0.6434,2.843,3.139,87.377,95.99,133.91,114.98,0.0083,0.0061,0.0146,119.46,9.06,52.96,0.0072,0.0061,0.0143,53.77,114.61,47.73,0.0061,0.0056,0.0135,16000,1024,563.13,0.9842,0.0128,0.0026,0.0004
2026-08-27T03:58:36.978+02:00,1000,1024,1024,1056,279,511,0,8001,0,1939,0,0.023,0.0196,0.0305,0.0814,0.066,0.0992,2.975,2.813,3.079,23.31,109.96,72.6,0.0069,0.0066,0.011,158.26,85.53,133.15,0.0067,0.0061,0.01,130.71,48.97,79.92,0.0068,0.0055,0.0088,16000,1024,500.01,0.9428,0.0511,0.0056,0.0005
2026-08-27T03:59:06.980+02:00,1000,1024,1024,1056,279,511,2,8003,0,1939,0,0.0229,0.0219,0.0563,0.09,0.0865,0.7301,3.52,3.471,80.349,37.78,25.37,167.5,0.0082,0.0078,0.0209,90.49,2.99,259.7,0.0075,0.0067,0.0196,97.75,164.09,92.57,0.0056,0.0066,0.0187,16000,1024,425.37,0.961,0.0293,0.0082,0.0015
2026-08-27T03:59:36.979+02:00,1000,1024,1024,1056,279,511,5,8008,0,1939,0,0.0239,0.0228,0.066,0.0764,0.0792,0.6243,2.988,3.113,51.916,9.49,132.25,388.4,0.0084,0.0071,0.0207,169.43,19.61,491.03,0.0074,0.0064,0.0191,89.96,46.5,127.35,0.007,0.0069,0.0213,16000,1024,758.54,0.9796,0.0167,0.0031,0.0006
2026-08-27T04:00:06.979+02:00,1000,1024,1024,1056,279,512,12,8020,0,1939,0,0.0224,0.0209,0.0546,0.0717,0.0782,0.7191,2.804,2.842,76.269,83.69,56.7,9.7,0.0085,0.0061,0.015,35.15,195.31,64.06,0.0076,0.0059,0.0119,66.27,75.58,200.07,0.007,0.0059,0.0104,16000,1024,340.08,0.9538,0.0353,0.009,0.0019
2026-08-27T04:00:36.980+02:00,1000,1024,1024,1056,279,512,38,8058,4,1943,0,0.0273,0.0257,0.1334,0.0828,0.0938,0.7218,3.114,3.313,18.463,5.69,57.69,383.61,0.0118,0.0073,0.0373,52.2,46.77,233.19,0.0083,0.0069,0.0324,124.8,108.28,400.9,0.0076,0.0068,0.0337,16000,1024,321.97,0.8873,0.0997,0.011,0.0019
2026-08-27T04:01:06.985+02:00,1000,1024,1024,1056,279,512,0,8058,0,1943,0,0.0237,0.0214,0.0321,0.0796,0.064,0.1135,2.801,3.034,2.939,45.95,4.65,95.72,0.0073,0.0072,0.0092,231.62,28.46,141.38,0.0073,0.0067,0.0085,20.41,46.65,65.28,0.0068,0.0068,0.0085,16000,1024,479.32,0.9831,0.0142,0.0021,0.0005
2026-08-27T04:01:36.981+02:00,1000,1024,1024,1056,279,512,3,8061,0,1943,0,0.0235,0.024,0.1203,0.0852,0.0875,0.7129,3.089,3.894,25.223,188.89,7.56,375.07,0.007,0.0081,0.0458,148.27,187.57,124.92,0.0065,0.0072,0.0437,38.69,62.21,250.02,0.0066,0.0076,0.0425,16000,1024,440.0,0.9662,0.0274,0.0056,0.0007
2026-08-27T04:02:06.985+02:00,1000,1024,1024,1056,279,513,9,8070,0,1943,0,0.0231,0.0197,0.0303,0.0962,0.0698,0.1055,3.579,3.035,3.036,7.3,170.87,3.85,0.0075,0.0054,0.0097,42.26,313.49,110.18,0.0071,0.0053,0.0095,57.56,143.92,131.51,0.0066,0.0055,0.0098,16000,1024,527.77,0.9646,0.0302,0.0042,0.001
2026-08-27T04:02:36.981+02:00,1000,1024,1024,1056,279,513,1,8071,0,1943,0,0.0244,0.0219,0.0312,0.0837,0.0768,0.0926,3.182,3.126,3.212,81.36,4.87,87.78,0.0087,0.0076,0.0112,69.42,84.94,61.1,0.0064,0.007,0.0108,235.64,119.94,54.08,0.0066,0.0059,0.0104,16000,1024,500.5,0.982,0.012,0.0052,0.0007
2026-08-27T04:03:06.981+02:00,1000,1024,1024,1056,279,513,2,8073,0,1943,0,0.0225,0.0247,0.142,0.0658,0.1401,1.3779,2.667,6.593,44.835,44.83,67.11,234.25,0.0076,0.0074,0.0499,94.76,188.23,19.64,0.0076,0.0075,0.047,72.84,23.18,34.81,0.0064,0.0074,0.0484,16000,1024,425.12,0.9762,0.0167,0.0061,0.0011
2026-08-27T04:03:36.983+02:00,1000,1024,1024,1056,279,513,7,8080,0,1943,0,0.0251,0.0219,0.087,0.0841,0.0848,0.7411,3.206,3.288,38.064,41.8,142.58,363.17,0.0085,0.0074,0.0275,26.91,17.75,316.25,0.0082,0.0068,0.0272,11.77,75.17,96.01,0.007,0.0057,0.0276,16000,1024,402.27,0.9409,0.0445,0.0133,0.0013
2026-08-27T04:04:06.983+02:00,1000,1024,1024,1056,279,514,1,8081,0,1943,0,0.0458,0.0447,0.0648,0.1456,0.1378,0.2542,2.8,2.873,3.161,94.13,64.55,152.16,0.0157,0.0165,0.0181,61.2,36.88,107.61,0.0125,0.0123,0.0179,42.3,167.25,10.26,0.0121,0.0121,0.0194,16000,1024,398.43,0.8982,0.0899,0.0104,0.0015
2026-08-27T04:04:36.983+02:00,1000,1024,1024,1056,279,515,0,8081,0,1943,0,0.0233,0.0209,0.0316,0.072,0.0675,0.1037,2.746,3.163,3.04,24.4,37.14,130.5,0.0077,0.0069,0.0103,129.19,132.98,55.25,0.0074,0.0056,0.0085,30.42,68.97,230.42,0.0068,0.0055,0.0082,16000,1024,360.11,0.9342,0.0549,0.0096,0.0013
2026-08-27T04:05:06.984+02:00,1000,1024,1024,1056,279,516,1,8082,0,1943,0,0.0227,0.0219,0.125,0.0694,0.0867,1.4043,2.799,3.135,39.839,126.34,17.66,37.35,0.0079,0.0079,0.0437,161.18,272.63,118.06,0.0074,0.0073,0.0403,52.07,283.36,87.94,0.0066,0.0071,0.0387,16000,1024,587.89,0.944,0.0459,0.0085,0.0017
2026-08-27T04:05:36.985+02:00,1000,1024,1024,1056,279,516,2,8084,0,1943,0,0.0238,0.0212,0.0748,0.0858,0.0782,0.7014,3.137,3.124,52.932,160.81,98.46,96.87,0.0086,0.0069,0.0295,55.47,213.69,161.96,0.0079,0.0069,0.0291,15.62,103.91,292.97,0.0073,0.0069,0.0272,16000,1024,488.9,0.9354,0.0551,0.0085,0.001
2026-08-27T04:06:06.984+02:00,1000,1024,1024,1056,279,517,2,8086,0,1943,0,0.0229,0.0211,0.045,0.0748,0.0749,0.7104,2.987,2.929,119.187,170.91,30.17,249.0,0.007,0.006,0.0113,144.56,177.9,267.29,0.0067,0.0057,0.0118,37.89,37.26,39.69,0.0068,0.0054,0.0112,16000,1024,548.05,0.9701,0.0253,0.0039,0.0007
2026-08-27T04:06:36.984+02:00,1000,1024,1024,1056,279,517,0,8086,0,1943,0,0.023,0.0218,0.0675,0.0666,0.0941,0.6971,2.674,3.484,60.496,228.2,73.99,110.94,0.0079,0.0079,0.0235,132.66,113.44,2.75,0.0074,0.0065,0.0232,30.73,225.01,95.15,0.0071,0.0061,0.0234,16000,1024,461.67,0.9759,0.0183,0.0049,0.0009
2026-08-27T04:07:06.986+02:00,1000,1024,1024,1056,279,519,0,8086,0,1943,0,0.0239,0.0196,0.0323,0.0916,0.0611,0.1108,3.3,3.104,3.317,157.74,161.8,35.74,0.0073,0.0068,0.0129,129.71,44.46,82.71,0.0066,0.0069,0.0099,87.86,148.51,95.21,0.0064,0.0063,0.01,16000,1024,482.65,0.9718,0.0226,0.0048,0.0009
2026-08-27T04:07:36.993+02:00,1000,1024,1031,1064,279,519,38,8124,3,1946,0,0.0277,0.0262,0.1432,0.1226,0.0932,0.9486,3.323,3.208,18.464,82.54,24.06,34.17,0.0107,0.008,0.0365,42.93,66.92,101.17,0.0095,0.0078,0.0378,50.75,176.89,134.89,0.0091,0.0071,0.0343,16000,1024,496.46,0.9116,0.0731,0.0134,0.0019
2026-08-27T04:08:06.986+02:00,1000,1024,1024,1056,279,520,4,8128,0,1946,0,0.0234,0.0208,0.0581,0.0697,0.0739,0.6008,2.892,3.466,61.653,32.56,80.8,4.68,0.0073,0.0065,0.0121,22.79,111.36,44.2,0.0073,0.0052,0.0118,93.97,2.48,144.31,0.0067,0.0067,0.0113,16000,1024,493.11,0.9092,0.0794,0.0098,0.0016
2026-08-27T04:08:36.986+02:00,1000,1024,1024,1056,279,520,2,8130,0,1946,0,0.0243,0.0224,0.0933,0.0696,0.0803,0.7154,2.755,3.171,40.585,69.45,44.16,61.71,0.0091,0.0071,0.0326,9.61,152.37,231.97,0.0077,0.0066,0.0321,151.62,33.26,170.18,0.0077,0.0066,0.0312,16000,1024,624.24,0.9519,0.0407,0.0065,0.001
2026-08-27T04:09:06.990+02:00,1000,1024,1024,1056,279,520,0,8130,0,1946,0,0.0233,0.0199,0.0431,0.0728,0.0626,0.5996,2.742,3.122,71.017,108.97,70.33,47.43,0.0078,0.0063,0.0177,58.24,188.46,273.74,0.0072,0.0062,0.0132,83.09,79.7,148.88,0.0066,0.0059,0.0135,16000,1024,341.18,0.904,0.0781,0.0157,0.0022
2026-08-27T04:09:36.988+02:00,1000,1024,1024,1056,279,520,4,8134,0,1946,0,0.0246,0.0201,0.0548,0.0737,0.0716,0.7109,2.716,2.873,77.54,47.36,280.59,18.48,0.0078,0.0054,0.0163,64.77,18.82,112.57,0.007,0.0052,0.0168,53.16,152.69,213.9,0.0065,0.0052,0.0146,16000,1024,290.11,0.9039,0.074,0.0189,0.0033
2026-08-27T04:10:06.987+02:00,1000,1024,1024,1056,279,520,2,8136,0,1946,0,0.0231,0.0224,0.0476,0.0806,0.0941,0.7225,3.157,3.718,99.935,68.4,7.5,135.04,0.0074,0.0076,0.015,139.29,50.78,46.69,0.0078,0.0071,0.0147,52.08,18.86,177.31,0.0058,0.0067,0.0151,16000,1024,418.7,0.9529,0.0349,0.01,0.0021
2026-08-27T04:10:36.987+02:00,1000,1024,1024,1056,279,520,0,8136,0,1946,0,0.0245,0.0227,0.0672,0.0974,0.0784,0.7381,3.141,3.1,73.32,136.99,2.67,61.65,0.0079,0.0078,0.0147,95.97,171.15,16.61,0.0074,0.0076,0.0144,176.58,49.74,82.35,0.0066,0.0066,0.0149,16000,1024,399.7,0.9511,0.0377,0.0103,0.0008
2026-08-27T04:12:06.989+02:00,1000,1024,1024,1056,281,521,3,8146,0,1947,0,0.0231,0.0219,0.0659,0.0935,0.0733,0.6246,3.466,2.722,56.161,69.67,115.61,207.95,0.0067,0.0077,0.0182,24.5,77.22,165.63,0.0065,0.0067,0.0185,55.72,228.31,29.05,0.0058,0.0065,0.0181,16000,1024,312.84,0.9632,0.0261,0.0093,0.0014
2026-08-27T04:12:36.989+02:00,1000,1024,1024,1056,281,521,1,8147,0,1947,0,0.0227,0.0207,0.0336,0.0721,0.068,0.1066,3.107,2.923,2.981,122.66,76.6,31.5,0.0076,0.0071,0.0113,60.56,243.22,105.04,0.0065,0.0058,0.0107,215.13,66.42,119.4,0.0059,0.0058,0.0093,16000,1024,1302.55,0.9691,0.0222,0.0072,0.0015
2026-08-27T04:13:06.991+02:00,1000,1024,1025,1058,281,522,12,8159,1,1948,0,0.0252,0.0221,0.0951,0.0733,0.0641,0.7196,2.82,2.774,31.199,34.9,52.76,161.81,0.008,0.0071,0.0349,62.29,39.38,389.45,0.0078,0.0068,0.0315,72.48,2.38,220.64,0.007,0.007,0.0309,16000,1024,378.75,0.9582,0.0314,0.009,0.0014
2026-08-27T04:13:36.989+02:00,1000,1024,1024,1056,281,522,3,8162,0,1948,0,0.0233,0.0221,0.0686,0.0837,0.0939,0.7118,3.101,3.473,57.872,166.38,67.23,9.3,0.0074,0.0067,0.0247,217.69,45.75,4.89,0.0064,0.0063,0.0235,43.72,29.05,345.0,0.0065,0.006,0.0232,16000,1024,352.81,0.9439,0.0439,0.0111,0.0012
2026-08-27T04:14:06.990+02:00,1000,1024,1024,1056,281,523,6,8168,1,1949,0,0.0245,0.0235,0.0921,0.0822,0.0824,0.68,3.041,3.118,31.214,20.39,67.72,380.16,0.0088,0.0089,0.0291,132.56,83.7,200.06,0.0077,0.0076,0.0268,61.73,40.92,304.93,0.0069,0.0064,0.0271,16000,1024,472.24,0.9818,0.014,0.0037,0.0005
2026-08-27T04:14:36.990+02:00,1000,1024,1024,1056,281,523,0,8168,0,1949,0,0.0226,0.0214,0.0515,0.0798,0.0796,0.62,3.012,3.233,70.075,5.37,96.36,66.28,0.0083,0.008,0.0105,88.46,161.15,8.82,0.0077,0.0058,0.0104,230.43,13.62,189.35,0.0069,0.0055,0.0098,16000,1024,370.25,0.9348,0.0547,0.009,0.0015
2026-08-27T04:16:06.996+02:00,1000,1024,1024,1056,283,526,2,8176,0,1949,0,0.0227,0.0218,0.1146,0.0757,0.0778,0.7138,3.059,3.661,27.549,59.54,3.91,62.58,0.0088,0.0084,0.0509,48.88,14.8,187.55,0.0077,0.0078,0.0496,197.84,250.59,437.41,0.0079,0.0075,0.0475,16000,1024,596.73,0.9714,0.021,0.0064,0.0011
2026-08-27T04:16:36.993+02:00,1000,1024,1024,1056,283,526,0,8176,0,1949,0,0.0234,0.0215,0.0299,0.0726,0.0674,0.0819,2.875,3.001,2.859,69.24,62.69,107.4,0.0124,0.0071,0.0105,219.68,145.72,115.98,0.0068,0.0061,0.0098,9.39,124.03,127.02,0.0063,0.0058,0.0093,16000,1024,406.88,0.9305,0.0596,0.0086,0.0013
2026-08-27T04:17:06.998+02:00,1000,1024,1024,1056,283,526,4,8180,0,1949,0,0.0242,0.0223,0.0912,0.0827,0.1087,0.7203,3.158,4.039,39.894,57.94,73.53,88.14,0.009,0.0077,0.0265,52.72,115.93,386.81,0.0071,0.0064,0.0251,15.46,35.48,249.37,0.0071,0.0066,0.0259,16000,1024,499.89,0.9734,0.0227,0.0033,0.0006
2026-08-27T04:17:36.992+02:00,1000,1024,1024,1056,283,528,38,8218,2,1951,0,0.0279,0.026,0.1194,0.0885,0.1003,0.7535,2.857,3.797,22.954,54.63,41.84,68.08,0.0084,0.0104,0.028,7.75,10.97,126.17,0.0078,0.0077,0.0248,94.32,112.45,103.51,0.0083,0.0067,0.0241,16000,1024,403.57,0.9617,0.0312,0.0057,0.0014
2026-08-27T04:18:06.994+02:00,1000,1024,1024,1056,283,528,3,8221,0,1951,0,0.0242,0.0227,0.0961,0.0687,0.0876,0.6727,2.735,3.374,31.839,86.24,62.72,160.48,0.0073,0.0098,0.0365,123.91,5.81,5.98,0.0069,0.0067,0.0318,194.98,153.01,105.06,0.007,0.0064,0.0337,16000,1024,412.3,0.9431,0.0476,0.0077,0.0016
2026-08-27T04:18:36.994+02:00,1000,1024,1024,1056,283,528,18,8239,4,1955,0,0.0242,0.0257,0.1722,0.0937,0.1113,1.0342,3.419,3.947,16.283,8.65,42.84,1.46,0.0087,0.008,0.0389,35.21,127.03,118.21,0.0078,0.0068,0.0341,30.76,204.85,46.76,0.0075,0.0067,0.0315,16000,1024,675.27,0.9856,0.0117,0.0024,0.0003
2026-08-27T04:19:06.995+02:00,1000,1024,1024,1056,283,528,6,8245,0,1955,0,0.0247,0.025,0.1595,0.0711,0.1152,1.0657,2.683,5.236,17.531,92.48,19.79,135.66,0.0081,0.0069,0.0363,68.31,113.35,53.66,0.0071,0.0063,0.031,57.67,125.26,302.57,0.0061,0.0061,0.0312,16000,1024,587.41,0.9764,0.0189,0.0042,0.0006
2026-08-27T04:19:36.994+02:00,1000,1024,1024,1056,283,528,3,8248,0,1955,0,0.0235,0.0223,0.0434,0.0719,0.0866,0.5883,2.766,3.297,66.616,98.0,1.55,2.37,0.009,0.0076,0.016,22.78,75.18,31.76,0.0086,0.0062,0.0146,47.87,97.37,66.31,0.0067,0.0064,0.0138,16000,1024,489.71,0.977,0.0166,0.0056,0.0008
2026-08-27T04:20:06.996+02:00,1000,1024,1024,1056,283,529,1,8249,0,1955,0,0.0234,0.0216,0.1233,0.0897,0.0839,1.361,3.226,3.814,38.406,48.51,116.66,62.75,0.0088,0.0087,0.0473,135.98,85.3,7.27,0.0077,0.0081,0.0456,26.79,155.89,352.4,0.0078,0.0074,0.041,16000,1024,582.89,0.9838,0.0123,0.0034,0.0005
2026-08-27T04:20:36.994+02:00,1000,1024,1024,1056,283,529,4,8253,0,1955,0,0.025,0.021,0.045,0.0976,0.1053,0.6899,3.561,3.963,102.354,36.52,2.81,85.51,0.008,0.0066,0.0141,22.91,73.47,154.06,0.0078,0.0065,0.0088,42.67,220.98,14.68,0.0073,0.0056,0.0081,16000,1024,436.95,0.9879,0.0083,0.0032,0.0006
2026-08-27T04:21:06.996+02:00,1000,1024,1024,1056,283,531,0,8253,0,1955,0,0.0222,0.022,0.0609,0.0746,0.0911,0.716,3.297,3.492,67.342,127.75,14.12,91.99,0.0072,0.008,0.0189,147.29,244.23,19.66,0.0068,0.0065,0.0177,162.4,36.26,126.11,0.0072,0.0059,0.0173,16000,1024,413.13,0.9312,0.0595,0.0079,0.0014
2026-08-27T04:21:36.997+02:00,1000,1024,1024,1056,283,531,4,8257,0,1955,0,0.0232,0.0214,0.061,0.08,0.0784,0.7003,3.237,3.527,61.193,85.64,10.45,227.0,0.0082,0.0084,0.019,67.94,32.37,251.84,0.0074,0.0082,0.0167,20.66,25.17,13.87,0.006,0.0069,0.017,16000,1024,665.96,0.9869,0.0107,0.0022,0.0002
2026-08-27T04:22:06.996+02:00,1000,1024,1024,1056,283,531,12,8269,0,1955,0,0.0235,0.0209,0.0723,0.0827,0.0642,1.0725,3.121,2.82,106.92,35.95,138.8,125.81,0.0067,0.0066,0.023,306.36,66.07,104.08,0.0063,0.0067,0.0225,159.11,95.98,82.0,0.0058,0.0059,0.0208,16000,1024,468.34,0.9555,0.0351,0.0081,0.0012
2026-08-27T04:22:36.997+02:00,1000,1024,1024,1056,283,531,4,8273,0,1955,0,0.0236,0.0219,0.062,0.0837,0.0986,0.6939,3.068,3.556,69.844,8.99,34.11,10.13,0.008,0.0068,0.0182,171.44,108.56,49.81,0.0072,0.0065,0.0155,136.06,3.83,97.32,0.0071,0.0062,0.0175,16000,1024,384.42,0.9506,0.0334,0.0149,0.0011
2026-08-27T04:23:06.997+02:00,1000,1024,1024,1056,283,531,3,8276,0,1955,0,0.023,0.0204,0.0454,0.0641,0.0685,0.6825,2.673,2.97,98.211,1.82,15.43,103.24,0.0089,0.0065,0.012,115.03,201.96,207.09,0.0082,0.0063,0.0114,31.3,40.67,87.32,0.0067,0.0058,0.0119,16000,1024,319.93,0.8879,0.0953,0.0146,0.0022
2026-08-27T04:23:36.997+02:00,1000,1024,1024,1056,283,531,3,8279,1,1956,0,0.0231,0.0211,0.055,0.091,0.0924,0.6934,3.451,3.295,85.982,38.66,71.02,10.41,0.008,0.0064,0.0118,84.47,103.85,28.56,0.0074,0.0061,0.0105,137.5,160.78,1.46,0.0067,0.006,0.0101,16000,1024,567.53,0.9495,0.0408,0.0088,0.0008
2026-08-27T04:24:06.999+02:00,1000,1024,1024,1056,283,532,2,8281,0,1956,0,0.0228,0.023,0.0799,0.0849,0.0974,0.712,3.093,3.824,53.231,134.61,100.63,147.6,0.0074,0.007,0.0235,77.71,20.1,39.81,0.008,0.0068,0.0236,73.37,15.67,283.99,0.007,0.0059,0.0223,16000,1024,451.49,0.966,0.0242,0.0086,0.0012
2026-08-27T04:24:36.997+02:00,1000,1024,1024,1056,283,532,0,8281,0,1956,0,0.0235,0.0212,0.045,0.0776,0.105,0.6724,2.681,3.423,95.964,119.1,72.17,159.45,0.0079,0.0063,0.0105,133.93,11.86,1.5,0.0064,0.006,0.0121,151.4,28.82,18.07,0.0062,0.0068,0.0106,16000,1024,377.62,0.9586,0.0254,0.0144,0.0016
2026-08-27T04:25:06.999+02:00,1000,1024,1024,1056,283,532,2,8283,0,1956,0,0.0227,0.0212,0.0423,0.0699,0.0683,0.579,3.021,2.771,68.384,32.56,8.58,58.3,0.007,0.0074,0.0126,159.61,124.1,191.55,0.0072,0.0073,0.0108,140.78,39.19,183.87,0.0063,0.0067,0.0109,16000,1024,611.76,0.9851,0.0111,0.0032,0.0006
2026-08-27T04:25:36.999+02:00,1000,1024,1024,1056,283,532,8,8291,1,1957,0,0.0248,0.0242,0.1702,0.0873,0.0827,1.133,3.395,2.907,17.082,170.63,54.89,480.79,0.008,0.0081,0.0644,96.48,98.28,25.52,0.0078,0.0079,0.0584,71.03,228.84,37.64,0.0078,0.0076,0.064,16000,1024,453.35,0.9567,0.0298,0.0123,0.0013
2026-08-27T04:26:07.000+02:00,1000,1024,1024,1056,283,532,4,8295,0,1957,0,0.0258,0.0209,0.0872,0.092,0.0615,0.7118,3.486,2.548,34.299,83.97,9.76,12.51,0.009,0.0059,0.0306,75.67,92.39,58.57,0.0079,0.0062,0.0276,100.39,4.44,110.73,0.0067,0.0058,0.0288,16000,1024,545.76,0.9808,0.0137,0.005,0.0006
2026-08-27T04:26:36.999+02:00,1000,1024,1024,1056,283,533,6,8301,0,1957,0,0.0241,0.0217,0.0898,0.0786,0.0705,0.8191,3.114,3.364,37.044,22.43,64.44,63.48,0.0088,0.0069,0.0264,6.99,30.84,202.33,0.0068,0.0065,0.025,43.22,36.71,120.97,0.0066,0.0061,0.0236,16000,1024,369.38,0.9124,0.0615,0.0237,0.0025
2026-08-27T04:27:07.007+02:00,1000,1024,1031,1064,283,533,16,8317,1,1958,0,0.025,0.0236,0.1546,0.0723,0.0973,1.015,2.853,3.372,21.949,65.38,65.61,491.35,0.0089,0.0081,0.0551,8.67,86.63,21.49,0.0081,0.0078,0.0505,94.77,141.58,480.8,0.0071,0.0073,0.0507,16000,1024,671.16,0.9805,0.016,0.003,0.0005
2026-08-27T04:27:37.000+02:00,1000,1024,1024,1056,283,533,11,8328,0,1958,0,0.0243,0.0238,0.0781,0.0816,0.0927,0.7155,3.03,3.6,51.296,20.7,58.91,50.11,0.0092,0.0083,0.0207,57.69,132.92,495.01,0.0075,0.0075,0.019,121.56,34.43,282.47,0.0076,0.007,0.0193,16000,1024,350.45,0.9108,0.0783,0.0093,0.0015
2026-08-27T04:28:07.001+02:00,1000,1024,1024,1056,283,535,1,8329,0,1958,0,0.0232,0.0216,0.0951,0.0954,0.0765,1.2436,3.77,3.182,64.156,96.86,144.67,229.26,0.0065,0.007,0.0198,126.61,14.91,42.29,0.0072,0.0067,0.0199,136.06,41.61,166.08,0.0065,0.0061,0.0188,16000,1024,557.97,0.9858,0.0113,0.0025,0.0004
2026-08-27T04:28:37.001+02:00,1000,1024,1024,1056,283,536,51,8380,35,1993,0,0.024,0.0262,0.1504,0.0786,0.0945,0.7701,3.041,3.639,15.481,30.36,349.29,51.94,0.0079,0.0084,0.0639,36.69,12.73,493.16,0.0072,0.0078,0.0525,112.59,131.11,144.42,0.0061,0.0072,0.0523,16000,1024,488.6,0.9643,0.0279,0.0071,0.0007
2026-08-27T04:29:37.002+02:00,1000,1024,1024,1056,284,537,38,8433,2,1995,0,0.0263,0.0273,0.1423,0.1008,0.0826,0.8366,3.098,3.132,17.646,55.8,16.43,426.82,0.0079,0.0092,0.0457,61.17,97.72,265.79,0.007,0.0084,0.0459,75.4,25.7,146.31,0.0069,0.0074,0.045,16000,1024,608.19,0.9522,0.0384,0.0084,0.001
2026-08-27T04:30:07.003+02:00,1000,1024,1024,1056,284,537,3,8436,0,1995,0,0.0219,0.0219,0.0608,0.0643,0.0837,0.7042,2.893,3.396,65.405,49.42,130.68,64.23,0.0075,0.0063,0.0156,188.02,13.35,25.87,0.0075,0.0065,0.0148,37.22,58.7,122.3,0.0061,0.0062,0.0133,16000,1024,446.14,0.9519,0.041,0.0062,0.0009
2026-08-27T04:30:37.004+02:00,1000,1024,1024,1056,284,537,0,8436,0,1995,0,0.0234,0.0213,0.0284,0.0879,0.077,0.0922,2.814,3.211,2.8,77.12,129.44,21.8,0.0072,0.0069,0.0123,240.92,76.56,146.3,0.0069,0.0065,0.0085,25.62,147.01,55.3,0.006,0.007,0.0087,16000,1024,437.03,0.9369,0.0444,0.0169,0.0018
2026-08-27T04:31:37.004+02:00,1000,1024,1024,1057,285,540,15,8452,1,1997,0,0.0241,0.0274,0.1943,0.085,0.1248,1.1324,3.182,4.614,12.933,70.52,37.64,43.79,0.0087,0.0091,0.0651,35.82,96.38,62.58,0.0084,0.0078,0.0585,27.0,54.5,494.92,0.0075,0.007,0.0538,16000,1024,1048.16,0.9859,0.0101,0.0035,0.0004
2026-08-27T04:32:07.005+02:00,1000,1024,1024,1056,285,541,0,8452,0,1997,0,0.0224,0.0206,0.0448,0.074,0.0679,0.6823,2.834,2.705,107.35,8.42,11.56,53.99,0.0081,0.0066,0.0195,113.58,179.66,160.17,0.0069,0.0063,0.0148,153.21,248.61,93.45,0.0065,0.0065,0.0144,16000,1024,621.31,0.9805,0.0151,0.0038,0.0005
2026-08-27T04:32:37.009+02:00,1000,1024,1027,1059,285,542,7,8459,0,1997,0,0.0234,0.0217,0.073,0.0786,0.0861,0.7355,2.979,3.518,60.738,41.87,17.96,7.1,0.0072,0.0057,0.0154,13.74,72.93,21.23,0.0063,0.0056,0.0152,131.0,122.77,106.23,0.0062,0.0055,0.0134,16000,1024,593.17,0.9604,0.0306,0.0079,0.001
2026-08-27T04:33:07.005+02:00,1000,1024,1024,1056,285,542,4,8463,0,1997,0,0.0238,0.0265,0.2017,0.0761,0.1061,1.1307,2.914,3.98,11.754,120.83,131.15,4.75,0.007,0.0089,0.0845,55.1,273.77,496.99,0.0069,0.0086,0.0786,87.38,55.71,422.41,0.0085,0.0081,0.08,16000,1024,455.51,0.9656,0.029,0.0047,0.0008
2026-08-27T04:33:37.006+02:00,1000,1024,1024,1056,285,542,11,8474,1,1998,0,0.0223,0.0263,0.1853,0.0776,0.1212,1.1454,3.311,4.532,15.221,116.06,57.17,6.69,0.0069,0.0109,0.0755,52.92,159.12,499.51,0.0065,0.008,0.068,5.97,113.22,12.57,0.0064,0.0076,0.0568,16000,1024,524.09,0.9441,0.0473,0.0074,0.0012
2026-08-27T04:34:07.006+02:00,1000,1024,1024,1056,285,542,2,8476,0,1998,0,0.0242,0.0212,0.0631,0.076,0.0948,0.7116,2.797,3.726,73.348,98.19,10.01,12.45,0.0095,0.007,0.0126,55.51,93.02,146.02,0.0082,0.0062,0.0186,110.54,78.87,27.69,0.0071,0.0057,0.0102,16000,1024,430.7,0.9756,0.0185,0.0051,0.0008
2026-08-27T04:34:37.005+02:00,1000,1024,1024,1056,285,542,0,8476,0,1998,0,0.022,0.0205,0.0339,0.0788,0.0748,0.1302,3.155,2.928,3.41,37.43,157.9,31.62,0.0073,0.0081,0.0121,72.05,44.57,6.54,0.0065,0.0063,0.0115,183.39,94.77,128.94,0.0058,0.0055,0.0104,16000,1024,725.73,0.9432,0.0526,0.0037,0.0005
2026-08-27T04:35:07.007+02:00,1000,1024,1024,1056,285,543,39,8515,6,2004,0,1.9113,0.191,0.1559,3.0527,0.3618,0.7396,1.562,1.636,9.204,49.09,49.11,17.25,1.0638,0.1026,0.0509,12.37,12.05,153.16,0.9809,0.0834,0.0442,19.31,19.28,27.55,0.7196,0.0616,0.0444,16000,1024,443.69,0.9111,0.0738,0.0094,0.0058
2026-08-27T04:36:07.006+02:00,1000,1024,1024,1056,286,544,1,8524,0,2004,0,1.5371,0.2196,0.1418,2.2746,0.4101,1.4238,1.521,1.668,23.643,49.32,49.33,49.25,2.153,0.3042,0.0833,45.41,147.66,101.52,0.0872,0.028,0.0447,37.21,64.7,285.04,0.0704,0.0144,0.038,16000,1024,485.32,0.8564,0.1284,0.0119,0.0033
2026-08-27T04:36:37.007+02:00,1000,1024,1024,1056,286,544,20,8544,3,2007,0,1.5639,0.2189,0.2061,2.5601,0.4038,1.1287,1.556,1.68,10.921,49.51,49.5,499.19,1.522,0.21,0.0731,44.07,44.08,23.55,0.4112,0.059,0.0621,12.64,18.33,490.24,0.3478,0.0558,0.0618,16000,1024,792.53,0.9146,0.0743,0.0095,0.0016
2026-08-27T04:37:07.007+02:00,1000,1024,1024,1056,286,544,1,8545,0,2007,0,1.5607,0.2181,0.1342,2.3035,0.3754,0.8671,1.521,1.628,19.48,49.31,49.32,49.3,2.2513,0.3066,0.1001,43.72,148.14,83.39,0.0777,0.0221,0.0434,54.41,99.32,372.27,0.0788,0.0217,0.0387,16000,1024,638.28,0.9148,0.0774,0.0057,0.0022
2026-08-27T04:37:37.008+02:00,1000,1024,1024,1056,286,544,4,8549,0,2007,0,1.5386,0.2187,0.0846,2.4199,0.3901,0.6102,1.533,1.615,11.802,49.47,49.51,49.45,1.7619,0.2512,0.0735,45.41,45.41,4.87,0.2842,0.039,0.0201,19.22,35.9,16.45,0.233,0.0353,0.0177,16000,1024,501.47,0.7571,0.2196,0.02,0.0033
2026-08-27T04:38:07.008+02:00,1000,1024,1024,1056,286,545,10,8559,1,2008,0,1.5533,0.2113,0.191,2.7081,0.3889,0.8302,1.559,1.667,8.687,49.37,49.35,49.32,1.9133,0.2598,0.0816,32.09,32.08,289.61,0.4093,0.0566,0.067,44.03,41.04,364.07,0.3084,0.0448,0.0589,16000,1024,443.36,0.7765,0.2032,0.0125,0.0078
2026-08-27T04:38:37.011+02:00,1000,1024,1024,1056,286,545,0,8559,0,2008,0,1.5571,0.2139,0.0705,2.2985,0.4044,0.169,1.529,1.616,2.193,49.36,49.36,49.36,2.2814,0.3094,0.0868,148.13,148.02,98.35,0.0491,0.0228,0.0204,197.43,99.84,147.93,0.0159,0.0204,0.013,16000,1024,774.95,0.9028,0.0897,0.0052,0.0023
2026-08-27T04:39:07.009+02:00,1000,1024,1024,1056,286,545,0,8559,0,2008,0,1.6202,0.2109,0.0791,2.3716,0.3694,0.1993,1.524,1.618,2.162,49.34,49.33,49.37,2.377,0.3084,0.1047,148.03,148.02,98.95,0.0481,0.0237,0.0219,197.52,100.19,147.98,0.018,0.0159,0.0154,16000,1024,680.98,0.7759,0.2107,0.0103,0.0031
2026-08-27T04:39:37.009+02:00,1000,1024,1024,1056,286,545,10,8569,3,2011,0,1.6448,0.2039,0.2017,3.0976,0.3458,0.9993,1.54,1.63,9.987,49.36,49.35,48.93,1.8607,0.229,0.0902,43.75,38.2,219.56,0.4176,0.0523,0.0596,38.16,43.75,450.1,0.3715,0.0517,0.0537,16000,1024,777.29,0.9136,0.0789,0.006,0.0015
2026-08-27T04:40:07.011+02:00,1000,1024,1024,1056,286,546,1,8570,0,2011,0,1.6886,0.2072,0.1227,2.5276,0.3599,1.9038,1.525,1.596,95.98,49.3,49.3,49.28,2.4716,0.3018,0.1043,147.87,148.16,98.66,0.062,0.0218,0.0154,41.34,99.58,197.43,0.034,0.0201,0.0132,16000,1024,704.77,0.9284,0.0623,0.0065,0.0027
2026-08-27T04:40:37.016+02:00,1000,1024,1028,1061,286,546,34,8604,2,2013,0,1.7511,0.1991,0.1414,2.7521,0.3569,0.7843,1.529,1.633,12.248,19.54,31.78,19.94,0.9336,0.118,0.0583,31.77,19.48,31.83,1.02,0.099,0.0528,24.99,25.01,49.76,0.9262,0.104,0.0462,16000,1024,561.15,0.8647,0.126,0.0064,0.0029
2026-08-27T04:41:07.012+02:00,1000,1024,1024,1056,286,546,5,8609,5,2018,0,1.7588,0.1975,0.1255,2.588,0.3728,1.3069,1.529,1.627,24.841,49.24,49.24,49.34,2.561,0.2861,0.1095,147.7,147.68,252.69,0.0552,0.0226,0.0313,196.7,99.76,33.08,0.0167,0.0143,0.0294,16000,1024,643.14,0.8362,0.1487,0.01,0.0051
2026-08-27T04:41:37.012+02:00,1000,1024,1024,1056,286,547,1,8610,0,2018,0,1.8024,0.1957,0.2161,2.6547,0.347,1.3547,1.528,1.621,11.237,49.23,49.25,187.71,2.5397,0.2742,0.0905,25.33,147.59,49.25,0.1436,0.0218,0.0941,34.42,32.09,223.5,0.1402,0.0216,0.0735,16000,1024,641.3,0.8781,0.103,0.0128,0.006
2026-08-27T04:42:07.011+02:00,1000,1024,1024,1056,286,548,5,8615,2,2020,0,1.8329,0.1979,0.1375,3.3503,0.3522,0.88,1.545,1.605,10.737,49.23,49.22,49.26,2.5425,0.2705,0.1125,39.14,147.67,38.87,0.2325,0.028,0.0393,34.04,44.31,147.45,0.2095,0.0227,0.0354,16000,1024,441.27,0.7298,0.2509,0.0151,0.0042
2026-08-27T04:42:37.019+02:00,1000,1024,1030,1062,286,548,37,8652,3,2023,0,1.8303,0.1918,0.1577,3.2857,0.3483,0.9095,1.584,1.681,10.539,17.43,17.44,473.75,0.9756,0.1092,0.0551,22.04,22.16,49.42,0.8406,0.088,0.0549,49.33,49.33,17.6,0.9224,0.1087,0.0496,16000,1024,573.49,0.81,0.1792,0.0076,0.0032
2026-08-27T04:43:07.015+02:00,1000,1024,1024,1056,286,548,0,8652,0,2023,0,1.8961,0.1965,0.1015,2.7921,0.353,0.2332,1.526,1.59,1.905,49.11,49.11,49.12,2.6894,0.2748,0.1325,53.22,100.04,98.73,0.0611,0.0212,0.0238,147.26,147.22,147.25,0.0556,0.0184,0.0186,16000,1024,636.49,0.8837,0.1081,0.0056,0.0026
2026-08-27T04:44:07.014+02:00,1000,1024,1024,1056,287,549,6,8667,5,2028,0,1.9327,0.1962,0.121,2.8541,0.357,0.7288,1.527,1.599,7.488,49.23,49.23,49.2,2.7484,0.2741,0.1274,2.42,147.87,147.4,0.1216,0.0215,0.0291,12.81,26.23,64.78,0.1173,0.0181,0.0242,16000,1024,612.36,0.8956,0.093,0.0085,0.0028
2026-08-27T04:44:37.013+02:00,1000,1024,1024,1056,287,549,15,8682,2,2030,0,1.9639,0.1905,0.1879,3.4876,0.3621,1.1183,1.54,1.671,10.799,49.28,49.28,49.19,2.1601,0.1935,0.1132,22.26,21.97,34.75,0.7312,0.0676,0.062,35.08,27.18,22.87,0.4768,0.0466,0.0619,16000,1024,813.44,0.9365,0.0596,0.0028,0.0011
2026-08-27T04:45:07.015+02:00,1000,1024,1024,1056,287,549,15,8697,1,2031,0,1.9741,0.1917,0.1733,3.1657,0.3435,0.8305,1.554,1.65,8.37,49.15,49.19,49.29,1.8135,0.173,0.0986,41.87,42.03,41.82,0.6946,0.0738,0.0477,8.45,54.09,62.38,0.6267,0.063,0.0433,16000,1024,680.03,0.8605,0.1219,0.0156,0.002
2026-08-27T04:45:37.049+02:00,1000,1024,1058,1090,287,549,36,8733,1,2032,0,1.9415,0.1875,0.1648,3.1124,0.3335,0.804,1.565,1.66,9.278,49.23,49.23,9.3,1.2705,0.121,0.0614,15.66,15.63,49.47,0.8691,0.0941,0.0536,9.76,29.52,28.58,0.676,0.0711,0.0494,16000,1024,582.27,0.8771,0.1085,0.0105,0.0038
2026-08-27T04:46:37.023+02:00,1000,1024,1025,1058,288,549,14,8766,1,2034,0,1.9499,0.1926,0.1797,3.104,0.5053,0.8976,1.56,1.655,9.161,49.11,49.1,49.12,2.1625,0.2167,0.1126,43.78,43.63,34.03,0.4546,0.0451,0.0592,54.47,34.25,312.33,0.4167,0.0393,0.0565,16000,1024,833.54,0.9469,0.0479,0.0041,0.0012
2026-08-27T04:47:07.016+02:00,1000,1024,1024,1056,288,549,2,8768,0,2034,0,2.0105,0.1988,0.1448,3.1621,0.3481,0.8667,1.522,1.597,9.407,49.24,49.23,49.24,2.7773,0.2763,0.1298,44.43,147.57,4.2,0.282,0.0306,0.0407,54.2,44.43,36.4,0.2371,0.0267,0.0377,16000,1024,621.72,0.8275,0.159,0.0094,0.004
2026-08-27T04:47:37.020+02:00,1000,1024,1024,1056,288,549,5,8773,0,2034,0,2.0459,0.1923,0.1225,3.0922,0.3484,0.782,1.52,1.665,6.432,49.06,49.07,49.03,2.6183,0.2424,0.14,1.87,147.21,147.28,0.2293,0.0246,0.0244,25.37,42.86,98.01,0.1921,0.0227,0.0226,16000,1024,617.74,0.8507,0.1403,0.0068,0.0022
2026-08-27T04:48:07.016+02:00,1000,1024,1024,1056,288,550,1,8774,0,2034,0,2.0543,0.1974,0.1418,3.0447,0.3439,1.3439,1.519,1.59,16.93,49.21,49.2,49.17,2.9801,0.2808,0.1515,147.59,147.9,147.42,0.0576,0.0279,0.0286,196.59,100.0,99.85,0.0173,0.0208,0.0283,16000,1024,723.61,0.9267,0.0641,0.0069,0.0023
2026-08-27T04:48:37.016+02:00,1000,1024,1024,1056,288,550,6,8780,1,2035,0,2.056,0.194,0.1317,3.5902,0.342,0.778,1.524,1.601,7.989,49.2,49.19,49.22,2.4342,0.2294,0.1354,15.77,35.38,15.92,0.508,0.0436,0.0357,35.37,20.22,98.48,0.4957,0.0432,0.0301,16000,1024,732.04,0.9003,0.0923,0.0057,0.0017
2026-08-27T04:49:07.018+02:00,1000,1024,1024,1056,288,550,16,8796,0,2035,0,2.0846,0.1955,0.1577,3.4286,0.3576,0.9559,1.561,1.641,10.178,49.03,49.04,48.99,2.0916,0.1943,0.1113,33.45,43.8,25.25,0.5285,0.0552,0.042,43.77,25.91,2.33,0.5069,0.0561,0.0405,16000,1024,691.9,0.9246,0.0686,0.005,0.0018
2026-08-27T04:49:37.018+02:00,1000,1024,1024,1056,288,550,16,8812,1,2036,0,2.0998,0.1949,0.1416,3.2422,0.3587,0.7234,1.538,1.624,8.021,49.08,49.09,49.04,2.2636,0.2157,0.125,33.42,41.15,44.2,0.3993,0.0344,0.0408,41.33,35.81,25.9,0.4211,0.0331,0.0391,16000,1024,593.4,0.8725,0.1165,0.0071,0.0039
2026-08-27T04:50:37.019+02:00,1000,1024,1024,1056,289,551,0,8818,0,2036,0,2.1636,0.1954,0.14,3.1658,0.3544,0.8677,1.513,1.611,9.118,49.19,49.18,49.15,3.1251,0.28,0.1554,147.46,147.68,100.05,0.0625,0.0269,0.0352,196.68,100.15,77.9,0.0177,0.0212,0.0272,16000,1024,490.37,0.7469,0.2332,0.0166,0.0033
2026-08-27T04:51:07.022+02:00,1000,1024,1024,1056,289,551,0,8818,0,2036,0,2.1603,0.1963,0.1234,3.1538,0.3507,0.2674,1.515,1.624,1.774,49.19,49.18,49.2,3.1357,0.281,0.1699,147.5,147.6,98.31,0.066,0.0291,0.0244,196.77,100.1,147.77,0.0199,0.0198,0.023,16000,1024,702.7,0.9006,0.089,0.0074,0.0031
2026-08-27T04:51:37.021+02:00,1000,1024,1024,1056,289,551,1,8819,0,2036,0,2.1763,0.1949,0.1521,3.1635,0.3673,1.3699,1.516,1.611,17.98,49.19,49.19,49.16,3.065,0.2685,0.174,33.81,147.4,100.7,0.1062,0.0204,0.0285,41.05,99.88,34.17,0.1039,0.0196,0.0279,16000,1024,567.51,0.9119,0.0808,0.0058,0.0015
2026-08-27T04:52:07.019+02:00,1000,1024,1024,1056,289,552,0,8819,0,2036,0,2.2208,0.1981,0.1649,3.2621,0.3599,1.4116,1.515,1.619,12.633,49.18,49.18,49.23,3.215,0.2799,0.1631,147.54,147.57,98.63,0.0662,0.0284,0.0339,196.59,100.2,19.8,0.0174,0.02,0.0232,16000,1024,819.18,0.8984,0.0965,0.0039,0.0013
2026-08-27T04:52:37.020+02:00,1000,1024,1024,1056,289,552,1,8820,0,2036,0,2.2043,0.1942,0.2512,3.2597,0.3442,1.3804,1.516,1.649,7.029,49.18,49.18,49.29,3.0926,0.2714,0.1458,29.27,147.33,62.24,0.1716,0.0299,0.1022,38.0,56.62,187.24,0.1695,0.0159,0.0958,16000,1024,780.74,0.8767,0.1171,0.005,0.0012
2026-08-27T04:53:07.019+02:00,1000,1024,1024,1056,289,553,0,8820,0,2036,0,2.2201,0.2005,0.1274,3.2148,0.3597,0.2627,1.512,1.617,1.699,49.18,49.18,49.18,3.2039,0.2848,0.1739,147.47,147.75,147.56,0.0661,0.0312,0.0265,196.58,100.13,98.72,0.0189,0.0194,0.0213,16000,1024,774.62,0.9305,0.0628,0.0049,0.0017
2026-08-27T04:53:37.020+02:00,1000,1024,1024,1056,289,554,0,8820,0,2036,0,2.2296,0.1969,0.1292,3.2423,0.3389,0.651,1.509,1.603,2.706,49.15,49.16,49.14,3.227,0.2838,0.1758,147.44,147.5,147.34,0.0605,0.024,0.0246,44.43,100.24,98.99,0.0187,0.017,0.0228,16000,1024,590.57,0.8502,0.1387,0.0091,0.002
2026-08-27T04:54:07.020+02:00,1000,1024,1024,1056,289,554,0,8820,0,2036,0,2.235,0.1986,0.145,3.2857,0.3686,0.7995,1.513,1.612,6.584,49.16,49.16,49.11,3.2213,0.2841,0.1735,147.5,147.54,99.46,0.0643,0.0286,0.029,196.52,100.17,147.3,0.0201,0.0187,0.0212,16000,1024,758.33,0.8542,0.139,0.0051,0.0018
2026-08-27T04:54:37.021+02:00,1000,1024,1024,1056,289,554,3,8823,0,2036,0,2.2378,0.1958,0.137,3.3502,0.3576,0.7628,1.517,1.63,4.659,49.05,49.05,49.04,2.8486,0.246,0.1544,22.62,23.25,24.0,0.3498,0.0352,0.0307,42.29,41.6,99.91,0.3476,0.0355,0.0299,16000,1024,633.81,0.9227,0.0692,0.0069,0.0012
2026-08-27T04:56:37.024+02:00,1000,1024,1024,1056,292,555,2,8838,0,2036,0,2.2425,0.1969,0.1321,3.3119,0.3589,0.688,1.52,1.609,2.704,49.1,49.08,49.06,3.0688,0.2636,0.1681,42.87,42.97,97.82,0.2015,0.0263,0.024,30.51,14.65,147.19,0.2015,0.023,0.023,16000,1024,802.2,0.9112,0.0839,0.0042,0.0007
2026-08-27T04:57:07.024+02:00,1000,1024,1024,1056,292,555,0,8838,0,2036,0,2.2617,0.1984,0.1302,3.3106,0.3561,0.2608,1.509,1.618,1.757,49.12,49.12,49.12,3.2529,0.2806,0.1784,147.26,147.11,147.34,0.0663,0.031,0.0211,196.5,99.92,100.16,0.02,0.0199,0.0198,16000,1024,823.32,0.7802,0.2119,0.0068,0.0011
2026-08-27T04:58:07.025+02:00,1000,1024,1024,1056,293,556,0,8839,0,2036,0,2.2873,0.2018,0.1391,3.3088,0.3394,0.6205,1.513,1.56,2.247,49.12,49.13,49.15,3.2981,0.2879,0.185,147.26,147.35,147.08,0.0681,0.0312,0.0259,196.4,99.79,40.09,0.019,0.0181,0.0166,16000,1024,585.61,0.8417,0.1435,0.0124,0.0024
2026-08-27T04:59:07.025+02:00,1000,1024,1024,1056,294,558,1,8842,0,2037,0,2.2608,0.1995,0.1276,3.2688,0.3598,0.2521,1.507,1.603,1.687,49.07,49.08,49.06,3.2349,0.2843,0.1739,147.15,147.22,98.99,0.0638,0.027,0.0245,53.22,99.96,147.04,0.0469,0.0211,0.0249,16000,1024,540.83,0.7916,0.1935,0.0115,0.0034
2026-08-27T04:59:37.024+02:00,1000,1024,1024,1056,294,559,1,8843,0,2037,0,2.2936,0.2001,0.1411,3.3679,0.3637,0.8641,1.509,1.62,4.717,49.1,49.08,49.08,3.1962,0.2748,0.1765,41.78,147.12,98.44,0.1728,0.0264,0.0257,54.37,42.21,147.27,0.1684,0.0182,0.025,16000,1024,666.32,0.9025,0.0896,0.0068,0.0011
2026-08-27T05:02:07.028+02:00,1000,1024,1024,1056,298,561,0,8863,0,2038,0,2.4083,0.2038,0.1529,3.498,0.3484,0.827,1.507,1.603,4.147,49.02,49.01,49.05,3.4163,0.2845,0.1985,53.23,147.15,146.68,0.086,0.0281,0.0227,44.23,99.92,98.09,0.0658,0.0229,0.0198,16000,1024,739.71,0.852,0.1395,0.007,0.0015
2026-08-27T05:03:37.028+02:00,1000,1024,1024,1056,300,563,0,8870,0,2038,0,2.4191,0.2048,0.1467,3.5157,0.361,0.2862,1.502,1.615,1.595,49.07,49.06,49.08,3.4392,0.2867,0.2017,147.12,147.35,98.64,0.0678,0.0237,0.0196,54.2,100.02,147.14,0.0545,0.0291,0.0202,16000,1024,669.88,0.8301,0.1614,0.0062,0.0023
2026-08-27T05:04:37.030+02:00,1000,1024,1024,1056,301,563,1,8873,0,2039,0,2.4327,0.2092,0.1478,3.5319,0.3627,0.2744,1.497,1.607,1.551,49.17,49.18,49.17,3.4396,0.2944,0.2063,38.87,147.46,147.51,0.0868,0.0248,0.0252,31.62,100.06,98.36,0.0861,0.0195,0.0197,16000,1024,639.62,0.8069,0.1823,0.0085,0.0024
2026-08-27T05:05:07.030+02:00,1000,1024,1024,1056,301,563,1,8874,0,2039,0,2.4435,0.2105,0.1866,3.5138,0.3699,1.4906,1.507,1.581,9.59,49.18,49.18,49.2,3.4095,0.2914,0.2103,36.26,147.6,7.52,0.2021,0.0236,0.0389,42.6,38.33,195.9,0.1993,0.0196,0.0351,16000,1024,578.7,0.8117,0.1723,0.0129,0.0031
2026-08-27T05:05:37.033+02:00,1000,1024,1024,1056,301,563,0,8874,0,2039,0,2.4514,0.2086,0.1506,3.4981,0.3559,0.5423,1.496,1.591,1.765,49.16,49.15,49.18,3.5311,0.2985,0.2042,147.38,147.54,98.89,0.0641,0.0262,0.0234,196.49,100.05,147.54,0.0165,0.0258,0.0178,16000,1024,713.9,0.9042,0.0883,0.0059,0.0016
2026-08-27T05:06:37.030+02:00,1000,1024,1024,1056,302,566,2,8877,0,2039,0,2.4328,0.2066,0.1568,3.7014,0.3468,0.7086,1.509,1.592,2.721,49.17,49.16,49.18,3.4439,0.2845,0.2049,35.11,147.26,25.09,0.1549,0.0235,0.0241,41.02,23.29,34.9,0.1518,0.0212,0.0212,16000,1024,567.6,0.8645,0.1249,0.0086,0.002
2026-08-27T05:08:07.031+02:00,1000,1024,1024,1056,304,566,0,8887,0,2040,0,0.0243,0.0208,0.0461,0.0711,0.0661,0.7237,2.791,3.022,115.145,2.94,36.88,169.37,0.0077,0.0068,0.0135,25.87,20.52,46.2,0.008,0.0066,0.014,66.89,147.55,97.29,0.0076,0.0062,0.0138,16000,1024,434.56,0.9425,0.0492,0.0072,0.0011
2026-08-27T05:08:37.033+02:00,1000,1024,1024,1056,304,567,7,8894,1,2041,0,0.0253,0.0221,0.0793,0.091,0.0843,0.749,3.212,3.452,51.012,3.32,64.6,123.15,0.0078,0.0081,0.0301,35.98,237.53,438.6,0.0075,0.0069,0.0288,82.93,21.25,63.3,0.0073,0.0064,0.0282,16000,1024,275.23,0.8563,0.1199,0.0212,0.0025
2026-08-27T05:09:07.032+02:00,1000,1024,1024,1056,304,568,0,8894,0,2041,0,0.0242,0.0215,0.0544,0.0739,0.0757,0.7086,2.834,3.024,84.099,81.66,16.45,20.84,0.0086,0.0065,0.0121,167.73,144.87,175.26,0.0076,0.0067,0.0106,127.23,73.06,153.84,0.0065,0.0062,0.0095,16000,1024,467.69,0.9692,0.0245,0.0056,0.0007
2026-08-27T05:09:37.035+02:00,1000,1024,1024,1056,304,570,1,8895,0,2041,0,0.0246,0.0212,0.0452,0.088,0.0719,0.6877,2.968,3.206,102.465,25.58,54.11,232.06,0.0087,0.0067,0.017,48.86,86.14,316.44,0.0072,0.0055,0.016,147.66,29.69,174.68,0.007,0.0055,0.0158,16000,1024,468.12,0.9502,0.0379,0.0108,0.0012
2026-08-27T05:10:07.034+02:00,1000,1024,1024,1056,304,570,5,8900,1,2042,0,0.0227,0.0217,0.0716,0.0924,0.0865,0.7282,3.496,3.549,60.535,66.81,76.12,92.6,0.0072,0.0074,0.0287,160.99,10.67,262.76,0.007,0.0067,0.0279,197.52,172.96,233.31,0.007,0.0061,0.0279,16000,1024,359.56,0.9577,0.0311,0.0102,0.001
2026-08-27T05:10:37.034+02:00,1000,1024,1024,1056,304,570,8,8908,0,2042,0,0.022,0.0222,0.1143,0.0766,0.1303,1.6391,2.757,4.828,118.224,161.19,110.32,21.81,0.0068,0.0092,0.0446,152.5,195.2,11.25,0.0062,0.0067,0.044,90.62,104.34,7.32,0.006,0.0066,0.0404,16000,1024,584.39,0.9773,0.0163,0.0057,0.0008
2026-08-27T05:11:07.034+02:00,1000,1024,1024,1056,304,570,4,8912,2,2044,0,0.0244,0.0213,0.0657,0.0739,0.0823,0.6253,2.894,3.281,55.532,6.03,172.76,38.33,0.0081,0.0076,0.0189,50.23,254.33,292.18,0.009,0.0062,0.0172,178.5,15.46,169.16,0.0073,0.0057,0.0171,16000,1024,390.02,0.9516,0.038,0.0092,0.0012
2026-08-27T05:11:37.035+02:00,1000,1024,1024,1056,304,570,0,8912,0,2044,0,0.0235,0.0217,0.0423,0.0803,0.0652,0.6234,3.223,2.648,95.192,51.84,21.0,285.27,0.0065,0.0069,0.0104,34.21,83.26,103.56,0.006,0.0059,0.0102,100.22,237.43,28.45,0.0065,0.0055,0.0102,16000,1024,345.74,0.9535,0.0379,0.0074,0.0011
2026-08-27T05:12:07.042+02:00,1000,1024,1030,1063,304,570,47,8959,39,2083,0,0.0239,0.0278,0.2094,0.1001,0.0863,0.7569,3.03,3.471,7.473,47.91,21.35,136.82,0.0101,0.0101,0.0704,118.75,6.04,215.93,0.0095,0.0084,0.07,38.57,106.21,322.53,0.0081,0.0078,0.0679,16000,1024,324.39,0.9355,0.048,0.0148,0.0017
2026-08-27T05:12:37.036+02:00,1000,1024,1024,1056,304,571,6,8965,0,2083,0,0.0244,0.0226,0.0674,0.0803,0.0751,0.7479,2.897,2.963,75.221,59.73,26.41,91.44,0.0096,0.0078,0.0285,25.9,100.65,372.62,0.0111,0.007,0.025,110.64,65.96,188.62,0.0064,0.0073,0.0246,16000,1024,305.18,0.9307,0.0582,0.0092,0.0019
2026-08-27T05:13:07.035+02:00,1000,1024,1024,1056,304,571,1,8966,0,2083,0,0.0238,0.0214,0.0486,0.0689,0.0766,0.7291,2.62,2.909,99.305,87.13,133.15,136.12,0.0081,0.0079,0.011,91.99,102.03,25.5,0.008,0.0075,0.0102,79.96,70.28,155.49,0.0066,0.0061,0.0099,16000,1024,283.49,0.8637,0.1044,0.0278,0.0041
2026-08-27T05:13:37.036+02:00,1000,1024,1024,1056,304,571,2,8968,0,2083,0,0.0238,0.0267,0.2362,0.0833,0.1063,1.1501,2.878,3.949,10.111,100.63,150.44,466.18,0.0084,0.0107,0.0832,157.4,156.04,429.59,0.0073,0.009,0.0799,75.36,42.18,475.95,0.0071,0.0087,0.0827,16000,1024,384.42,0.9461,0.0399,0.0125,0.0015
2026-08-27T05:14:07.045+02:00,1000,1024,1031,1064,304,572,8,8976,0,2083,0,0.0255,0.0222,0.0817,0.0788,0.0825,0.7677,2.917,3.563,51.947,53.88,130.9,27.85,0.0084,0.007,0.0196,3.13,147.3,142.31,0.0083,0.0068,0.0183,15.44,76.43,65.74,0.0075,0.0068,0.0188,16000,1024,545.72,0.9848,0.012,0.0027,0.0006
2026-08-27T05:14:37.036+02:00,1000,1024,1024,1056,304,572,2,8978,0,2083,0,0.0241,0.0213,0.0488,0.0788,0.0795,0.7613,3.194,3.047,118.539,61.0,32.08,179.93,0.0084,0.0078,0.0148,16.28,62.15,153.99,0.0064,0.0077,0.0131,252.93,152.03,76.71,0.0061,0.0063,0.0139,16000,1024,393.11,0.9413,0.0459,0.0112,0.0016
2026-08-27T05:15:07.041+02:00,1000,1024,1028,1061,304,572,24,9002,0,2083,0,0.0254,0.0241,0.1207,0.1006,0.0939,0.8668,3.173,3.302,27.832,44.88,120.2,18.53,0.0077,0.0076,0.0445,122.28,95.34,488.62,0.0065,0.0077,0.036,29.06,142.73,493.19,0.0066,0.0067,0.0345,16000,1024,384.23,0.8553,0.1228,0.0184,0.0034
2026-08-27T05:15:37.037+02:00,1000,1024,1024,1056,304,572,1,9003,0,2083,0,0.0231,0.0209,0.047,0.0788,0.0668,0.716,3.126,2.923,109.019,114.56,142.62,108.38,0.0074,0.0062,0.0185,69.75,49.27,43.02,0.0076,0.0063,0.0173,44.78,65.43,153.23,0.0062,0.0059,0.0159,16000,1024,450.23,0.9267,0.0638,0.0086,0.0009
2026-08-27T05:16:07.038+02:00,1000,1024,1024,1056,304,574,0,9003,0,2083,0,0.0243,0.0225,0.0624,0.0934,0.0917,0.7269,2.978,3.294,67.847,18.68,101.35,139.49,0.0077,0.0073,0.012,8.54,24.68,201.04,0.0063,0.0073,0.0112,166.75,56.7,33.44,0.006,0.0069,0.0109,16000,1024,428.41,0.9464,0.0455,0.0069,0.0012
2026-08-27T05:16:37.072+02:00,1000,1024,1059,1091,304,574,37,9040,2,2085,0,0.0278,0.0253,0.1049,0.0925,0.1009,0.7202,2.78,3.364,31.197,39.89,57.8,420.98,0.0098,0.0087,0.0327,95.02,8.34,18.81,0.0089,0.0088,0.0322,16.35,45.86,375.73,0.0084,0.0081,0.0296,16000,1024,536.91,0.9415,0.0521,0.0055,0.0009
2026-08-27T05:17:07.041+02:00,1000,1024,1024,1056,304,575,13,9053,0,2085,0,0.0234,0.0206,0.0331,0.0741,0.0601,0.1098,3.034,2.703,2.908,119.61,45.89,64.69,0.0082,0.006,0.0097,124.44,28.91,76.92,0.0075,0.0063,0.009,137.35,34.65,42.22,0.0065,0.0069,0.0082,16000,1024,424.94,0.9649,0.0288,0.0053,0.001
2026-08-27T05:18:07.046+02:00,1000,1024,1024,1056,305,575,2,9089,0,2086,0,0.0238,0.0204,0.0543,0.0879,0.0787,0.725,3.284,3.348,82.679,26.91,232.12,26.81,0.009,0.0082,0.0103,50.46,122.42,83.19,0.0088,0.0064,0.0098,8.46,111.86,143.23,0.007,0.0067,0.0096,16000,1024,666.93,0.9535,0.0427,0.0033,0.0005
2026-08-27T05:18:37.040+02:00,1000,1024,1024,1056,305,575,0,9089,0,2086,0,0.0227,0.0207,0.049,0.0729,0.0633,0.7591,2.9,3.005,114.477,80.8,71.37,66.25,0.0066,0.0083,0.0158,244.04,85.17,175.59,0.0065,0.0066,0.0144,65.82,146.32,71.22,0.007,0.0059,0.0137,16000,1024,1210.62,0.9794,0.0169,0.0032,0.0005
2026-08-27T05:19:07.041+02:00,1000,1024,1024,1056,305,575,16,9105,0,2086,0,0.0237,0.0241,0.0971,0.0837,0.0881,0.7203,3.417,3.633,35.126,10.59,18.51,2.21,0.0097,0.0082,0.0367,71.99,57.07,122.37,0.0061,0.0081,0.0283,51.43,5.23,467.98,0.0063,0.0071,0.0271,16000,1024,400.0,0.9302,0.0623,0.0065,0.0009
2026-08-27T05:19:37.040+02:00,1000,1024,1024,1056,305,576,3,9108,0,2086,0,0.0243,0.0216,0.074,0.0881,0.0824,0.7241,3.542,3.208,61.17,16.65,74.45,38.07,0.0067,0.0079,0.0207,27.26,35.19,3.0,0.0062,0.0066,0.0198,4.72,186.86,9.99,0.006,0.0063,0.0193,16000,1024,327.85,0.9265,0.0537,0.0182,0.0016
2026-08-27T05:20:07.059+02:00,1000,1024,1041,1074,305,577,11,9119,1,2087,0,0.0242,0.0236,0.0792,0.0742,0.0964,0.7344,2.944,3.24,51.474,236.8,71.01,112.45,0.0074,0.0075,0.0161,86.6,47.64,173.74,0.0068,0.0069,0.0148,120.31,120.51,51.74,0.0065,0.0069,0.014,16000,1024,395.98,0.9763,0.0167,0.0058,0.0012
2026-08-27T05:20:37.042+02:00,1000,1024,1024,1056,305,578,1,9120,0,2087,0,0.0239,0.0218,0.0701,0.0871,0.079,0.7041,3.086,2.953,59.001,84.94,68.75,4.98,0.0084,0.0082,0.025,76.76,156.5,54.55,0.0089,0.0069,0.0251,144.58,22.94,49.31,0.0079,0.0076,0.0264,16000,1024,422.32,0.9373,0.0526,0.0089,0.0011
2026-08-27T05:21:07.041+02:00,1000,1024,1024,1056,305,578,14,9134,0,2087,0,0.0236,0.0218,0.0411,0.0774,0.0647,0.5835,2.731,2.853,82.334,33.42,147.83,42.31,0.0077,0.0082,0.0148,90.82,16.82,49.84,0.0073,0.007,0.0126,53.98,35.36,30.3,0.0065,0.0067,0.0123,16000,1024,387.84,0.9196,0.0695,0.0093,0.0016
2026-08-27T05:21:37.051+02:00,1000,1024,1032,1065,305,578,5,9139,0,2087,0,0.0246,0.0227,0.1022,0.0881,0.0806,1.0298,3.105,3.39,43.541,35.33,42.62,60.14,0.008,0.0069,0.022,45.69,102.6,99.82,0.0075,0.0066,0.0198,5.85,64.25,4.17,0.007,0.0064,0.0202,16000,1024,600.07,0.9875,0.0073,0.0047,0.0004
2026-08-27T05:22:07.044+02:00,1000,1024,1024,1056,305,578,1,9140,0,2087,0,0.0219,0.023,0.0746,0.073,0.0912,0.7354,3.041,3.229,62.916,279.8,57.25,108.67,0.0072,0.0072,0.0224,130.62,27.28,232.16,0.0064,0.0063,0.0221,55.83,239.33,15.03,0.0062,0.0061,0.0217,16000,1024,462.65,0.9845,0.0102,0.0043,0.001
2026-08-27T05:22:37.042+02:00,1000,1024,1024,1056,305,579,0,9140,0,2087,0,0.0243,0.0218,0.032,0.0774,0.0716,0.1022,2.713,3.041,2.973,25.55,42.2,17.81,0.0073,0.0077,0.0099,41.18,53.98,30.46,0.0072,0.007,0.009,260.99,111.19,97.44,0.0071,0.0067,0.0087,16000,1024,499.19,0.9226,0.0578,0.017,0.0027
2026-08-27T05:23:07.042+02:00,1000,1024,1024,1056,305,579,0,9140,0,2087,0,0.025,0.0218,0.0636,0.0843,0.083,0.6972,3.054,3.197,74.524,36.44,159.5,46.02,0.0086,0.0067,0.02,91.45,99.19,17.54,0.0067,0.0074,0.019,84.0,25.48,191.45,0.0064,0.0061,0.0184,16000,1024,321.24,0.9318,0.0583,0.0083,0.0016
2026-08-27T05:23:37.044+02:00,1000,1024,1024,1056,305,579,5,9145,1,2088,0,0.0233,0.0211,0.0716,0.0881,0.0718,0.7262,3.063,2.884,57.233,102.69,112.08,98.56,0.0076,0.007,0.0162,20.77,19.89,89.15,0.0076,0.0071,0.0164,27.57,149.11,76.2,0.0073,0.0067,0.0149,16000,1024,467.0,0.976,0.0174,0.0056,0.001
2026-08-27T05:24:07.045+02:00,1000,1024,1024,1056,305,579,18,9163,1,2089,0,0.0227,0.0262,0.1969,0.0751,0.1001,1.1227,3.018,3.781,11.632,12.72,93.83,112.17,0.0073,0.0072,0.064,50.96,34.44,496.73,0.0067,0.0071,0.058,83.17,55.87,68.08,0.0065,0.0068,0.0571,16000,1024,439.76,0.9718,0.022,0.0051,0.0011
2026-08-27T05:24:37.044+02:00,1000,1024,1024,1056,305,579,11,9174,2,2091,0,0.0246,0.0225,0.0624,0.1052,0.1376,1.1841,3.35,4.551,193.22,12.86,93.69,29.86,0.0079,0.0082,0.0208,45.88,43.92,104.17,0.0075,0.0065,0.0204,61.52,1.46,79.85,0.0071,0.007,0.0188,16000,1024,482.01,0.9777,0.0185,0.0033,0.0006
2026-08-27T05:25:07.045+02:00,1000,1024,1024,1056,305,579,0,9174,0,2091,0,0.0233,0.0214,0.0538,0.0874,0.0958,0.7111,3.189,3.606,83.281,5.64,166.02,185.69,0.0067,0.0071,0.0177,170.19,16.72,164.96,0.0063,0.007,0.0175,21.83,138.19,33.28,0.0066,0.0066,0.0167,16000,1024,340.1,0.9161,0.0572,0.0234,0.0033
2026-08-27T05:25:37.048+02:00,1000,1024,1027,1060,305,579,37,9211,0,2091,0,0.027,0.0243,0.1585,0.0989,0.0876,0.8884,3.008,3.209,14.61,54.97,29.98,271.68,0.009,0.0085,0.0493,17.88,1.69,492.1,0.0075,0.0073,0.0437,150.24,48.99,230.17,0.0072,0.0069,0.0439,16000,1024,570.36,0.9118,0.0768,0.0102,0.0011
2026-08-27T05:26:07.054+02:00,1000,1024,1024,1056,305,580,1,9212,0,2091,0,0.0228,0.0349,0.291,0.103,0.1655,1.5994,3.486,5.454,8.712,92.84,1.46,1.63,0.0077,0.0213,0.2277,39.36,6.35,218.78,0.0068,0.011,0.0978,319.44,58.41,398.28,0.0063,0.0102,0.0981,16000,1024,470.84,0.9785,0.0154,0.0055,0.0006
2026-08-27T05:26:37.045+02:00,1000,1024,1024,1056,305,580,2,9214,0,2091,0,0.0252,0.0227,0.1091,0.0765,0.0823,0.722,2.85,3.589,29.971,27.21,1.95,270.41,0.0088,0.0095,0.0432,44.91,40.22,165.23,0.0087,0.0063,0.0424,18.88,130.11,228.55,0.0084,0.0061,0.04,16000,1024,589.89,0.9577,0.0341,0.0066,0.0016
2026-08-27T05:27:07.046+02:00,1000,1024,1024,1056,305,581,1,9215,0,2091,0,0.0237,0.0206,0.0321,0.0701,0.0686,0.1373,2.726,3.033,3.521,39.26,46.33,160.83,0.0084,0.0074,0.0089,44.95,136.66,325.34,0.0072,0.0062,0.0085,67.98,152.59,267.73,0.0069,0.0058,0.0084,16000,1024,513.22,0.9746,0.0213,0.0036,0.0005
2026-08-27T05:27:37.048+02:00,1000,1024,1024,1056,305,581,11,9226,2,2093,0,0.0247,0.0264,0.2221,0.0825,0.1053,1.1277,3.025,4.441,12.056,30.07,22.81,485.18,0.008,0.0093,0.0852,22.7,28.18,473.66,0.0078,0.0086,0.0777,34.88,101.06,10.85,0.0075,0.0095,0.0645,16000,1024,582.83,0.9801,0.0166,0.0028,0.0005
2026-08-27T05:28:37.048+02:00,1000,1024,1024,1056,306,582,1,9228,0,2093,0,0.0235,0.0221,0.1811,0.0832,0.1911,1.8933,3.244,10.753,33.249,54.39,33.91,187.54,0.0081,0.0076,0.0579,8.27,95.41,60.62,0.007,0.0073,0.0445,86.52,54.96,122.69,0.0064,0.0063,0.0489,16000,1024,258.81,0.9166,0.0514,0.0288,0.0032
2026-08-27T05:29:07.049+02:00,1000,1024,1024,1056,306,583,6,9234,4,2097,0,0.0238,0.0205,0.0336,0.083,0.0846,0.1173,2.986,3.072,3.046,85.93,73.21,219.79,0.007,0.0064,0.0114,59.62,142.12,14.36,0.0063,0.0067,0.011,48.85,64.34,91.64,0.0061,0.0054,0.0093,16000,1024,289.28,0.9429,0.0479,0.0077,0.0015
2026-08-27T05:29:37.049+02:00,1000,1024,1024,1056,306,583,24,9258,23,2120,0,0.0254,0.0213,0.0322,0.0903,0.068,0.1073,3.212,3.084,2.912,47.43,110.17,21.56,0.0085,0.0066,0.0102,9.75,40.76,11.05,0.0075,0.0063,0.0103,25.46,59.24,96.04,0.0062,0.0063,0.0096,16000,1024,486.16,0.9566,0.0347,0.0079,0.0008
2026-08-27T05:30:37.075+02:00,1000,1024,1024,1057,307,584,3,9286,0,2128,0,0.0242,0.0226,0.0989,0.087,0.0818,0.811,3.056,3.208,38.117,68.1,29.59,131.09,0.0076,0.0071,0.0233,191.63,6.5,380.58,0.0071,0.0063,0.023,86.86,180.51,91.24,0.0068,0.0061,0.0238,16000,1024,451.78,0.951,0.0417,0.0061,0.0012
2026-08-27T05:31:07.079+02:00,1000,1024,1029,1062,307,584,4,9290,0,2128,0,0.0227,0.0217,0.0804,0.0763,0.0835,0.7462,3.039,3.578,43.522,111.04,55.38,151.48,0.0073,0.0076,0.0236,52.58,85.91,11.34,0.0064,0.0068,0.0217,138.06,156.97,124.78,0.0065,0.0069,0.0204,16000,1024,635.2,0.9844,0.0115,0.0036,0.0005
2026-08-27T05:31:37.075+02:00,1000,1024,1024,1056,307,584,1,9291,0,2128,0,0.0232,0.0211,0.0474,0.0802,0.0723,0.6874,2.873,3.411,83.549,69.44,71.13,65.63,0.0075,0.0065,0.017,210.85,149.11,40.3,0.0065,0.0071,0.0138,51.07,42.1,49.33,0.0062,0.0061,0.0133,16000,1024,416.59,0.9481,0.0439,0.0071,0.001
2026-08-27T05:32:07.076+02:00,1000,1024,1024,1056,307,585,0,9291,0,2128,0,0.0217,0.0198,0.0471,0.0757,0.0729,0.7378,2.919,3.132,118.646,45.19,64.44,40.61,0.0069,0.007,0.0119,227.6,117.98,80.31,0.0067,0.0066,0.0114,137.86,132.35,25.49,0.0067,0.0067,0.0096,16000,1024,318.18,0.9387,0.05,0.0096,0.0017
2026-08-27T05:32:37.079+02:00,1000,1024,1026,1059,307,585,38,9329,2,2130,0,0.0268,0.0264,0.13,0.0852,0.1407,1.3781,2.909,4.135,33.264,77.51,123.92,240.18,0.0096,0.0084,0.0313,95.17,24.28,77.95,0.01,0.0076,0.0316,133.25,47.91,1.5,0.0096,0.0076,0.0371,16000,1024,354.67,0.9668,0.0232,0.0087,0.0013
2026-08-27T05:33:07.077+02:00,1000,1024,1024,1056,307,585,1,9330,0,2130,0,0.0208,0.0223,0.0459,0.0753,0.0769,0.6901,2.977,3.032,102.869,107.15,270.3,137.68,0.0071,0.0071,0.0102,59.38,163.62,82.33,0.0065,0.007,0.0095,80.25,50.86,90.35,0.0058,0.0066,0.0099,16000,1024,587.05,0.98,0.0174,0.0021,0.0005
2026-08-27T05:33:37.076+02:00,1000,1024,1024,1056,307,585,0,9330,0,2130,0,0.0237,0.0215,0.0456,0.0797,0.0809,0.7079,3.024,3.064,108.536,116.33,76.27,138.98,0.0069,0.0084,0.0159,100.2,40.41,184.61,0.0069,0.0076,0.0141,215.83,47.95,12.71,0.0062,0.0073,0.0138,16000,1024,448.62,0.9502,0.0408,0.0083,0.0007
2026-08-27T05:34:07.077+02:00,1000,1024,1024,1056,307,585,2,9332,0,2130,0,0.0228,0.0217,0.0682,0.0799,0.0736,0.7732,3.22,3.013,74.769,27.25,191.66,102.91,0.0076,0.0075,0.0267,80.84,88.79,96.62,0.0065,0.0066,0.0241,110.58,114.43,298.92,0.0064,0.0066,0.0207,16000,1024,325.22,0.9401,0.0489,0.0095,0.0016
2026-08-27T05:34:37.078+02:00,1000,1024,1024,1056,307,586,0,9332,0,2130,0,0.0229,0.0202,0.1271,0.0709,0.0569,0.6996,2.992,2.706,17.843,124.05,141.37,62.31,0.0091,0.0058,0.0485,99.47,169.35,85.89,0.0069,0.0061,0.0415,45.47,133.81,187.42,0.0066,0.0054,0.0416,16000,1024,388.41,0.967,0.0268,0.0053,0.0009
2026-08-27T05:35:37.077+02:00,1000,1024,1024,1056,308,587,9,9355,0,2136,0,0.0237,0.0205,0.0315,0.0873,0.054,0.1791,2.785,2.478,4.231,23.18,15.15,53.85,0.0085,0.0094,0.0099,120.94,10.3,85.19,0.0076,0.0061,0.0087,87.42,210.48,126.73,0.0068,0.006,0.0085,16000,1024,583.93,0.9671,0.0279,0.0043,0.0007
2026-08-27T05:36:07.079+02:00,1000,1024,1024,1056,308,587,1,9356,0,2136,0,0.0223,0.0213,0.0739,0.0862,0.0895,0.7666,2.977,3.45,64.152,59.49,7.48,153.36,0.0087,0.0061,0.0164,8.65,241.53,138.86,0.0073,0.006,0.0153,82.94,155.54,113.08,0.0067,0.0058,0.0145,16000,1024,594.17,0.9622,0.0328,0.0044,0.0006
2026-08-27T05:36:37.082+02:00,1000,1024,1024,1056,308,587,2,9358,0,2136,0,0.0241,0.0221,0.1637,0.0819,0.0796,1.264,3.162,3.024,19.224,125.63,150.33,76.38,0.0079,0.0072,0.0476,59.94,70.3,11.3,0.0078,0.0069,0.0576,146.22,17.63,201.13,0.0069,0.0066,0.041,16000,1024,875.65,0.9883,0.0093,0.0021,0.0003
2026-08-27T05:38:07.107+02:00,1000,1024,1024,1057,310,589,1,9370,0,2141,0,0.0241,0.0233,0.0874,0.0803,0.0898,0.7519,2.919,3.39,44.795,77.83,54.7,172.91,0.0081,0.0064,0.0164,243.67,60.5,43.23,0.0081,0.0063,0.0173,2.84,70.13,51.77,0.0076,0.0063,0.016,16000,1024,373.65,0.95,0.0415,0.0073,0.0012
2026-08-27T05:38:37.115+02:00,1000,1024,1030,1062,310,590,2,9372,0,2141,0,0.0231,0.0217,0.0609,0.0757,0.0743,0.8256,2.752,3.082,106.949,156.2,90.88,2.84,0.007,0.0067,0.0161,147.43,60.78,142.31,0.0068,0.0066,0.0157,295.55,140.34,332.68,0.0071,0.0066,0.0157,16000,1024,568.1,0.9816,0.0137,0.0042,0.0005
2026-08-27T05:39:07.109+02:00,1000,1024,1024,1056,310,590,0,9372,0,2141,0,0.0215,0.0218,0.0311,0.0813,0.0766,0.0992,3.24,2.977,2.794,24.82,72.98,5.04,0.0072,0.0083,0.011,121.98,44.72,11.5,0.0068,0.0062,0.0093,91.52,152.63,56.36,0.006,0.0062,0.0086,16000,1024,424.4,0.9267,0.0637,0.0081,0.0015
2026-08-27T05:40:07.109+02:00,1000,1024,1024,1056,311,593,9,9420,1,2169,0,0.0258,0.029,0.3254,0.0822,0.1025,1.2937,2.83,3.843,6.402,10.01,67.94,436.39,0.0073,0.0119,0.1201,104.26,7.21,303.28,0.0072,0.0121,0.1197,50.36,249.81,196.41,0.0075,0.0108,0.1001,16000,1024,449.01,0.9754,0.0201,0.0038,0.0007
2026-08-27T05:40:37.111+02:00,1000,1024,1024,1056,311,594,2,9422,0,2169,0,0.0227,0.0225,0.0746,0.072,0.087,0.7295,2.858,3.126,53.407,172.97,51.54,68.52,0.0065,0.0073,0.0187,20.82,78.04,376.66,0.0067,0.0071,0.0192,157.33,4.09,16.18,0.0064,0.0062,0.0188,16000,1024,379.26,0.956,0.0339,0.0091,0.001
2026-08-27T05:41:07.111+02:00,1000,1024,1024,1056,311,594,1,9423,1,2170,0,0.0228,0.0199,0.1502,0.0708,0.0593,1.1297,2.759,2.821,16.187,44.89,55.38,426.5,0.0081,0.0081,0.0493,177.94,234.45,123.31,0.0073,0.0067,0.0488,63.67,67.88,454.0,0.0073,0.0077,0.0453,16000,1024,375.28,0.9711,0.0237,0.0042,0.001
2026-08-27T05:41:37.111+02:00,1000,1024,1024,1056,311,595,0,9423,0,2170,0,0.0232,0.0216,0.0313,0.0849,0.0677,0.1017,3.035,2.88,3.043,237.8,19.89,76.39,0.0064,0.0069,0.0099,28.99,101.21,172.62,0.0063,0.007,0.0097,202.34,161.46,202.34,0.0059,0.0067,0.0092,16000,1024,401.18,0.9294,0.0611,0.0083,0.0012
2026-08-27T05:42:07.112+02:00,1000,1024,1024,1056,311,596,2,9425,1,2171,0,0.0249,0.0203,0.032,0.082,0.07,0.1074,3.042,2.909,2.861,55.42,125.24,144.9,0.0083,0.007,0.0123,41.76,147.76,60.78,0.0071,0.0066,0.0105,150.71,13.71,121.03,0.0076,0.0057,0.0085,16000,1024,484.28,0.9548,0.0385,0.0054,0.0013
2026-08-27T05:42:37.112+02:00,1000,1024,1024,1056,311,596,3,9428,3,2174,0,0.0244,0.0204,0.0315,0.0887,0.0654,0.0943,3.139,2.838,2.859,104.45,20.56,75.55,0.0085,0.0062,0.0102,80.44,109.2,152.37,0.0072,0.006,0.0097,36.21,97.37,101.59,0.0062,0.0062,0.0097,16000,1024,347.48,0.9297,0.0529,0.0158,0.0016
2026-08-27T05:44:07.112+02:00,1000,1024,1024,1056,313,596,10,9454,0,2181,0,0.0446,0.0424,0.1539,0.1446,0.1397,1.2709,3.034,3.243,42.191,139.64,1.82,66.12,0.0149,0.0136,0.0514,84.95,104.38,1.8,0.014,0.0132,0.0497,124.79,11.75,311.2,0.0113,0.0129,0.0479,16000,1024,452.02,0.9753,0.0197,0.0041,0.0009
2026-08-27T05:44:37.112+02:00,1000,1024,1024,1056,313,597,2,9456,0,2181,0,0.0242,0.0206,0.0571,0.0738,0.0983,0.7687,2.942,3.361,103.246,105.14,200.12,181.59,0.0091,0.0057,0.0117,63.59,61.72,238.67,0.0084,0.0057,0.0103,118.5,96.59,23.09,0.0071,0.0055,0.0105,16000,1024,348.56,0.9063,0.0812,0.0106,0.0019
2026-08-27T05:45:07.113+02:00,1000,1024,1024,1056,313,597,44,9500,18,2199,0,0.0271,0.0238,0.1157,0.1069,0.0846,0.8938,3.422,3.734,30.427,28.26,39.79,474.56,0.0096,0.0093,0.0431,178.78,49.98,10.12,0.0084,0.0079,0.0383,64.41,23.93,24.0,0.008,0.0071,0.0386,16000,1024,466.9,0.9664,0.0284,0.0044,0.0008
2026-08-27T05:45:37.114+02:00,1000,1024,1024,1056,313,597,3,9503,0,2199,0,0.0255,0.0205,0.0632,0.0834,0.0686,0.723,2.854,2.9,72.519,97.47,251.73,84.91,0.0094,0.0065,0.013,114.86,161.04,217.71,0.0076,0.0061,0.0127,55.69,23.39,19.55,0.0067,0.006,0.012,16000,1024,463.38,0.9778,0.0183,0.0033,0.0005
2026-08-27T05:46:37.113+02:00,1000,1024,1024,1056,314,599,4,9508,0,2199,0,0.0247,0.0216,0.098,0.0936,0.081,0.7125,3.159,3.239,35.192,136.94,19.68,227.45,0.0073,0.0065,0.026,37.79,185.12,320.21,0.0064,0.0072,0.0238,65.68,62.6,57.08,0.0062,0.0057,0.0271,16000,1024,521.54,0.986,0.0106,0.0029,0.0005
2026-08-27T05:47:07.115+02:00,1000,1024,1024,1056,314,600,0,9508,0,2199,0,0.0249,0.0213,0.0622,0.0762,0.0617,0.7403,3.008,2.84,69.678,94.58,24.18,87.07,0.0085,0.0062,0.0136,26.57,76.53,47.17,0.0086,0.0061,0.014,36.85,202.86,59.21,0.008,0.0059,0.0134,16000,1024,488.94,0.9773,0.0171,0.0048,0.0008
2026-08-27T05:48:07.118+02:00,1000,1024,1025,1058,315,602,21,9564,1,2212,0,0.0229,0.0218,0.0742,0.0727,0.0704,0.687,2.658,3.022,46.737,134.07,62.4,55.75,0.0077,0.0068,0.0272,55.45,33.74,180.82,0.0069,0.0067,0.027,95.91,71.68,256.81,0.0061,0.007,0.0266,16000,1024,628.12,0.9824,0.0134,0.0038,0.0005
2026-08-27T05:48:37.122+02:00,1000,1024,1029,1061,315,602,37,9601,9,2221,0,0.0272,0.0276,0.1284,0.1,0.1122,0.7669,3.394,3.87,20.234,13.56,95.91,282.51,0.0117,0.0082,0.0463,74.68,35.24,465.02,0.0089,0.008,0.0398,18.88,50.73,182.47,0.0078,0.0069,0.0369,16000,1024,664.19,0.9577,0.0319,0.0091,0.0013
2026-08-27T05:49:07.116+02:00,1000,1024,1024,1056,315,603,0,9601,0,2221,0,0.0229,0.0221,0.0325,0.0745,0.076,0.1061,3.135,2.933,3.065,28.55,69.81,97.01,0.0076,0.0077,0.0116,138.64,6.93,34.71,0.0069,0.0064,0.0111,153.31,108.89,152.53,0.0059,0.0069,0.0097,16000,1024,472.34,0.9573,0.0359,0.0059,0.0009
2026-08-27T05:49:37.116+02:00,1000,1024,1024,1056,315,604,0,9601,0,2221,0,0.0227,0.0211,0.0457,0.0812,0.075,0.7004,2.95,3.214,103.23,107.64,137.45,101.67,0.009,0.0066,0.0114,190.72,73.48,32.92,0.0069,0.0056,0.0115,135.75,214.39,46.24,0.0062,0.0057,0.0114,16000,1024,368.38,0.9378,0.0525,0.0084,0.0012
2026-08-27T05:50:07.118+02:00,1000,1024,1024,1056,315,604,1,9602,0,2221,0,0.0218,0.0215,0.0422,0.0741,0.0605,0.607,2.928,2.767,80.479,57.03,189.03,8.64,0.007,0.0061,0.0143,39.81,28.55,51.64,0.0067,0.0057,0.0103,162.44,120.18,138.42,0.0068,0.0056,0.0107,16000,1024,364.25,0.8516,0.1401,0.0069,0.0014
2026-08-27T05:50:37.117+02:00,1000,1024,1024,1056,315,605,0,9602,0,2221,0,0.0229,0.0212,0.045,0.0709,0.0728,0.681,2.759,3.069,101.41,110.04,9.88,232.48,0.0075,0.0086,0.0107,49.46,114.59,161.2,0.0077,0.0077,0.0093,82.21,45.18,226.41,0.0066,0.0077,0.0079,16000,1024,442.8,0.9427,0.0484,0.0073,0.0016
2026-08-27T05:51:37.119+02:00,1000,1024,1024,1056,316,606,6,9621,0,2221,0,0.0245,0.0221,0.0576,0.0709,0.0834,0.7093,2.771,2.936,86.68,25.88,28.76,87.07,0.0095,0.008,0.0199,95.98,40.93,95.93,0.008,0.0066,0.0194,71.09,148.69,159.06,0.0063,0.0065,0.018,16000,1024,379.63,0.9631,0.0319,0.0044,0.0007
2026-08-27T05:52:07.120+02:00,1000,1024,1024,1056,316,606,17,9638,4,2225,0,0.0238,0.0249,0.09,0.0862,0.0911,0.7855,2.923,3.567,42.369,33.33,58.45,2.2,0.0086,0.0112,0.0437,8.49,80.85,6.58,0.0079,0.0093,0.0413,47.09,39.59,66.57,0.0061,0.0086,0.0352,16000,1024,459.35,0.9426,0.0457,0.0106,0.001
2026-08-27T05:52:37.127+02:00,1000,1024,1031,1063,316,606,2,9640,0,2225,0,0.0226,0.022,0.0628,0.0721,0.0823,0.7124,3.038,3.402,71.768,63.25,117.86,14.37,0.0082,0.0075,0.0133,170.71,95.7,109.49,0.0074,0.0066,0.0129,57.42,81.56,250.04,0.0073,0.0066,0.0126,16000,1024,561.28,0.9492,0.0422,0.0072,0.0014
2026-08-27T05:53:37.120+02:00,1000,1024,1024,1056,317,606,43,9711,35,2271,0,0.0241,0.0293,0.1932,0.0755,0.0922,0.8098,2.789,3.255,8.563,50.57,5.08,287.88,0.0091,0.0112,0.0834,119.62,288.3,129.88,0.0086,0.0104,0.0757,83.88,333.95,317.01,0.0065,0.0102,0.0716,16000,1024,491.81,0.9802,0.0143,0.0044,0.001
2026-08-27T05:54:07.121+02:00,1000,1024,1024,1056,317,608,1,9712,0,2271,0,0.0234,0.0221,0.0929,0.082,0.075,0.693,3.178,3.225,38.988,112.08,53.57,122.2,0.0079,0.0066,0.0186,93.26,139.62,62.21,0.0065,0.0059,0.0177,60.34,101.82,261.66,0.0061,0.0059,0.0165,16000,1024,349.6,0.9019,0.0818,0.0144,0.0019
2026-08-27T05:54:37.125+02:00,1000,1024,1024,1056,317,608,1,9713,1,2272,0,0.0226,0.0215,0.0662,0.0815,0.0864,0.7067,3.325,3.404,66.635,31.58,152.73,79.94,0.0072,0.0069,0.0217,43.91,44.43,71.06,0.0067,0.0064,0.0209,38.28,183.55,8.8,0.0067,0.0057,0.0205,16000,1024,490.51,0.9409,0.051,0.0069,0.0012
2026-08-27T05:55:07.121+02:00,1000,1024,1024,1056,317,608,0,9713,0,2272,0,0.0239,0.0216,0.032,0.0793,0.0833,0.0947,2.895,3.055,2.986,10.03,26.09,41.83,0.0082,0.0073,0.0126,158.51,10.88,134.49,0.0074,0.0068,0.0091,148.65,93.52,59.06,0.007,0.0059,0.009,16000,1024,251.34,0.8676,0.105,0.0242,0.0032
2026-08-27T05:55:37.123+02:00,1000,1024,1024,1056,317,608,1,9714,0,2272,0,0.0274,0.0231,0.1709,0.1111,0.0787,0.8221,3.907,2.789,15.048,135.62,122.83,5.29,0.0084,0.009,0.0565,21.54,37.33,13.26,0.0083,0.0081,0.0586,12.24,151.63,324.69,0.0089,0.0075,0.056,16000,1024,522.99,0.981,0.0154,0.0031,0.0005
2026-08-27T05:56:07.121+02:00,1000,1024,1024,1056,317,608,7,9721,0,2272,0,0.024,0.0225,0.0872,0.0804,0.0791,0.7015,2.89,3.178,45.084,63.48,113.73,70.92,0.0074,0.0074,0.0228,40.29,42.31,45.61,0.0074,0.0073,0.0217,15.42,68.9,156.28,0.0065,0.0065,0.0199,16000,1024,533.4,0.9531,0.0408,0.005,0.0011
2026-08-27T05:56:37.123+02:00,1000,1024,1024,1056,317,608,4,9725,0,2272,0,0.0218,0.0206,0.0678,0.0698,0.0956,0.7755,2.827,3.34,72.038,67.37,101.35,96.64,0.0074,0.0061,0.0166,34.46,25.65,82.33,0.0065,0.0056,0.0167,49.19,175.71,45.86,0.0064,0.0053,0.0157,16000,1024,483.56,0.974,0.0211,0.0042,0.0007
2026-08-27T05:57:37.122+02:00,1000,1024,1024,1056,318,610,9,9753,0,2283,0,0.0228,0.0217,0.1093,0.0743,0.0883,0.7422,2.692,3.703,30.474,263.54,58.79,250.66,0.0064,0.0062,0.029,109.14,111.63,222.93,0.006,0.0059,0.0267,44.37,142.77,25.71,0.006,0.0058,0.0271,16000,1024,631.97,0.9836,0.0128,0.003,0.0006
2026-08-27T05:58:07.122+02:00,1000,1024,1024,1056,318,610,0,9753,0,2283,0,0.0223,0.0206,0.0459,0.0807,0.0738,0.6853,3.069,2.866,98.556,30.47,52.02,141.1,0.007,0.0063,0.0132,111.42,78.85,45.42,0.0057,0.006,0.013,118.06,29.4,153.14,0.0055,0.0057,0.0115,16000,1024,471.35,0.906,0.0687,0.023,0.0023
2026-08-27T05:58:37.124+02:00,1000,1024,1024,1056,318,610,24,9777,2,2285,0,0.0253,0.025,0.115,0.0935,0.0961,0.7568,3.251,3.478,23.844,154.19,13.89,69.26,0.0074,0.0087,0.0352,92.63,59.79,365.91,0.0072,0.0078,0.0369,135.12,197.04,14.72,0.0077,0.0066,0.0342,16000,1024,334.27,0.9121,0.0722,0.0133,0.0024
2026-08-27T05:59:07.123+02:00,1000,1024,1024,1056,318,611,0,9777,0,2285,0,0.0218,0.0216,0.1536,0.0795,0.0702,1.1005,3.226,3.234,14.754,86.05,129.96,187.63,0.0068,0.0072,0.0572,9.38,66.39,212.08,0.0069,0.0062,0.05,37.17,50.12,424.51,0.0065,0.0066,0.0473,16000,1024,452.15,0.9145,0.0747,0.0095,0.0013
2026-08-27T06:00:07.124+02:00,1000,1024,1024,1056,319,613,1,9788,0,2285,0,1.4592,0.2184,0.0796,2.256,0.39,0.8159,1.532,1.63,23.254,49.39,49.4,49.41,2.0101,0.2984,0.0747,36.33,148.15,110.2,0.1157,0.0281,0.0205,40.53,40.6,175.61,0.1146,0.0187,0.0203,16000,1024,423.89,0.695,0.2709,0.0285,0.0056
2026-08-27T06:00:37.129+02:00,1000,1024,1024,1056,319,613,4,9792,0,2285,0,1.4806,0.2224,0.0997,2.2274,0.42,0.7497,1.531,1.625,22.308,49.47,49.47,49.61,1.9982,0.2954,0.0738,41.82,148.62,270.21,0.1503,0.0262,0.0261,31.24,99.64,387.69,0.1179,0.0234,0.0254,16000,1024,551.72,0.8825,0.1052,0.0097,0.0026
2026-08-27T06:01:07.125+02:00,1000,1024,1024,1056,319,613,1,9793,0,2285,0,1.5358,0.2234,0.0774,2.2498,0.3898,0.6719,1.524,1.637,11.749,49.43,49.42,49.45,2.2233,0.3196,0.09,148.37,148.14,99.1,0.0417,0.0247,0.0262,42.04,100.24,138.6,0.0214,0.0195,0.0116,16000,1024,464.8,0.6489,0.3306,0.0159,0.0046
2026-08-27T06:01:37.126+02:00,1000,1024,1024,1056,319,614,0,9793,0,2285,0,1.5358,0.2223,0.0725,2.2612,0.3736,0.1902,1.527,1.604,2.126,49.42,49.42,49.42,2.2334,0.3207,0.0937,148.34,99.65,98.69,0.048,0.0236,0.0157,98.93,148.19,148.07,0.016,0.0227,0.0132,16000,1024,413.42,0.7409,0.2353,0.0179,0.0059
2026-08-27T06:02:07.126+02:00,1000,1024,1024,1056,319,615,4,9797,0,2285,0,1.5483,0.2168,0.0868,2.4232,0.3879,0.8319,1.526,1.637,26.441,49.44,49.46,49.66,1.7797,0.238,0.0584,29.03,44.43,30.52,0.3076,0.0437,0.0226,44.43,29.67,12.65,0.281,0.0404,0.0219,16000,1024,751.79,0.9405,0.0537,0.0046,0.0012
2026-08-27T06:02:37.126+02:00,1000,1024,1024,1056,319,615,48,9845,32,2317,0,1.5458,0.2152,0.1771,2.4138,0.3937,0.8197,1.558,1.679,9.107,49.36,49.33,312.78,1.5231,0.2108,0.0636,24.02,24.22,350.89,0.4966,0.0748,0.0587,32.27,32.32,366.66,0.4216,0.0596,0.0607,16000,1024,528.6,0.8798,0.111,0.0068,0.0024
2026-08-27T06:03:07.126+02:00,1000,1024,1024,1056,319,616,2,9847,0,2317,0,1.5859,0.2182,0.0862,2.3578,0.3878,0.6289,1.528,1.624,10.522,49.35,49.35,49.39,2.24,0.3115,0.0962,34.23,99.75,98.8,0.0493,0.0238,0.0271,44.43,148.16,78.15,0.0384,0.0169,0.0149,16000,1024,538.32,0.8456,0.1444,0.0077,0.0024
2026-08-27T06:03:37.128+02:00,1000,1024,1024,1056,319,617,0,9847,0,2317,0,1.651,0.2132,0.1003,2.4437,0.3911,1.2754,1.528,1.625,40.179,49.35,49.34,49.38,2.4232,0.3106,0.1009,148.01,148.15,98.63,0.0549,0.0311,0.019,197.24,99.67,148.28,0.0152,0.0222,0.0113,16000,1024,768.84,0.9135,0.0783,0.0062,0.0019
2026-08-27T06:05:07.129+02:00,1000,1024,1024,1056,321,617,2,9867,0,2319,0,1.7564,0.2054,0.1141,2.7225,0.3658,0.7648,1.532,1.656,11.439,49.3,49.3,49.24,2.4339,0.2801,0.1036,29.45,41.36,98.56,0.1904,0.0259,0.0314,37.44,33.08,40.27,0.1931,0.0226,0.0304,16000,1024,560.94,0.7431,0.2358,0.0129,0.0082
2026-08-27T06:06:07.130+02:00,1000,1024,1024,1056,322,617,17,9909,1,2333,0,1.7617,0.2015,0.1346,2.6705,0.3511,0.8147,1.551,1.633,12.287,49.26,49.27,48.94,1.5402,0.1677,0.0759,27.66,27.62,27.48,0.6844,0.0801,0.0436,35.27,16.26,66.38,0.4975,0.057,0.0419,16000,1024,880.45,0.9576,0.0392,0.0024,0.0008
2026-08-27T06:06:37.136+02:00,1000,1024,1031,1064,322,617,15,9924,1,2334,0,1.7873,0.2006,0.1205,2.8387,0.352,0.7563,1.529,1.632,12.42,49.26,49.21,49.24,1.918,0.2138,0.0883,25.38,25.38,4.83,0.4846,0.0546,0.0247,37.3,37.58,19.7,0.4324,0.0537,0.0245,16000,1024,501.04,0.8629,0.1247,0.0078,0.0045
2026-08-27T06:07:07.129+02:00,1000,1024,1024,1056,322,617,6,9930,0,2334,0,1.7945,0.2017,0.1372,2.7816,0.3605,0.8639,1.539,1.613,12.889,49.28,49.27,49.33,2.1997,0.2416,0.0949,37.28,37.05,38.0,0.4787,0.0503,0.0471,26.75,18.19,23.94,0.4365,0.0507,0.0439,16000,1024,494.62,0.8972,0.0911,0.007,0.0048
2026-08-27T06:08:37.132+02:00,1000,1024,1024,1056,324,620,1,9963,0,2344,0,1.8299,0.2014,0.0934,2.6762,0.3818,0.2151,1.524,1.629,1.951,49.24,49.23,49.22,2.5465,0.2781,0.1182,41.86,147.49,147.8,0.1472,0.0265,0.0259,34.83,43.48,98.77,0.1418,0.0173,0.0175,16000,1024,395.47,0.7193,0.2599,0.0148,0.0059
2026-08-27T06:09:07.132+02:00,1000,1024,1024,1056,324,620,1,9964,0,2344,0,1.8608,0.1965,0.1019,2.7215,0.3381,0.8493,1.528,1.625,10.728,49.21,49.21,49.21,2.6288,0.2705,0.1237,2.17,147.77,98.9,0.0837,0.0287,0.0259,21.31,34.61,147.48,0.0824,0.0154,0.0189,16000,1024,677.08,0.8941,0.0982,0.0052,0.0025
2026-08-27T06:09:37.136+02:00,1000,1024,1024,1056,324,620,45,10009,28,2372,0,1.8451,0.202,0.1912,2.9929,0.3626,0.7591,1.555,1.62,7.381,49.26,49.27,49.35,1.9612,0.2132,0.0996,40.61,40.7,36.25,0.6228,0.0502,0.0582,27.63,27.53,136.73,0.4495,0.0446,0.0549,16000,1024,582.75,0.9062,0.0877,0.0043,0.0018
2026-08-27T06:10:07.131+02:00,1000,1024,1024,1056,324,620,19,10028,0,2372,0,1.8435,0.1915,0.1504,2.8212,0.3504,0.9036,1.547,1.654,12.68,48.97,48.91,49.29,1.1707,0.1196,0.058,24.52,24.51,43.74,0.7854,0.094,0.0505,34.19,38.03,22.9,0.6423,0.0695,0.0434,16000,1024,585.43,0.9177,0.0708,0.0069,0.0047
2026-08-27T06:11:07.137+02:00,1000,1024,1024,1056,325,622,0,10056,0,2386,0,1.8697,0.1967,0.1162,2.7463,0.3383,0.8074,1.524,1.587,10.651,49.17,49.18,49.2,2.7022,0.2808,0.1268,147.52,147.37,147.54,0.0693,0.0314,0.0214,196.58,99.65,99.74,0.0218,0.0208,0.0187,16000,1024,563.78,0.9064,0.0868,0.0051,0.0018
2026-08-27T06:11:37.132+02:00,1000,1024,1024,1056,325,624,0,10056,0,2386,0,1.8886,0.1954,0.1136,2.7777,0.3612,0.6718,1.521,1.588,6.22,49.17,49.16,49.25,2.7256,0.2784,0.1284,147.5,147.72,98.57,0.0689,0.0298,0.0275,196.56,99.82,64.43,0.0207,0.0174,0.0194,16000,1024,641.45,0.8943,0.0954,0.0072,0.0032
2026-08-27T06:12:07.134+02:00,1000,1024,1024,1056,325,625,0,10056,0,2386,0,1.9192,0.1946,0.1117,2.7965,0.3516,0.7877,1.53,1.604,7.771,49.16,49.16,49.13,2.7686,0.2781,0.1317,147.46,147.43,147.65,0.0652,0.0317,0.0252,196.63,100.0,98.28,0.0199,0.0196,0.0251,16000,1024,582.72,0.8285,0.1523,0.0133,0.0059
2026-08-27T06:12:37.133+02:00,1000,1024,1024,1056,325,625,3,10059,0,2386,0,1.9003,0.1932,0.2295,2.8129,0.3484,1.237,1.526,1.603,8.716,49.19,49.19,49.04,2.3637,0.2391,0.1139,43.46,44.43,187.56,0.4126,0.0454,0.0577,53.22,53.22,15.85,0.4102,0.0433,0.0577,16000,1024,530.97,0.8945,0.0966,0.0066,0.0023
2026-08-27T06:13:07.135+02:00,1000,1024,1024,1056,325,625,0,10059,0,2386,0,1.9226,0.191,0.2419,2.8141,0.3642,2.1729,1.525,1.638,15.778,49.15,49.15,48.97,2.7638,0.2688,0.1214,147.46,147.19,62.25,0.0712,0.0303,0.0909,196.64,99.94,187.75,0.0231,0.0214,0.0817,16000,1024,666.92,0.9006,0.0921,0.0056,0.0017
2026-08-27T06:13:37.135+02:00,1000,1024,1024,1056,325,626,1,10060,0,2386,0,1.9589,0.1936,0.125,3.044,0.3392,0.9211,1.528,1.592,11.84,49.14,49.15,49.1,2.7294,0.2681,0.1362,37.54,147.39,196.6,0.1407,0.0269,0.0234,44.43,99.63,32.04,0.1389,0.0204,0.0211,16000,1024,583.68,0.8756,0.114,0.0073,0.003
2026-08-27T06:14:07.136+02:00,1000,1024,1024,1056,325,626,6,10066,0,2386,0,1.9308,0.1914,0.1163,2.9221,0.3411,0.7497,1.55,1.578,7.483,49.02,49.03,49.05,2.2261,0.2191,0.0999,22.75,22.77,23.56,0.4871,0.051,0.0317,42.71,42.86,28.1,0.4029,0.0424,0.0287,16000,1024,418.71,0.8618,0.1238,0.0108,0.0037
2026-08-27T06:15:07.135+02:00,1000,1024,1024,1056,326,627,53,10124,34,2421,0,1.9694,0.1949,0.1624,3.0507,0.377,0.7235,1.534,1.616,8.31,49.07,49.03,48.84,1.9253,0.1829,0.0636,28.69,28.97,12.8,0.5389,0.0557,0.0485,12.64,20.42,28.9,0.3991,0.0409,0.0502,16000,1024,490.33,0.8506,0.1365,0.0097,0.0032
2026-08-27T06:15:37.136+02:00,1000,1024,1024,1056,326,628,1,10125,0,2421,0,1.9863,0.19,0.3602,2.9104,0.3681,1.2187,1.532,1.67,4.201,49.11,49.11,335.94,2.7928,0.2563,0.1412,27.27,147.39,448.2,0.081,0.0236,0.1328,37.72,23.15,164.4,0.0798,0.0183,0.133,16000,1024,626.92,0.8249,0.1561,0.0128,0.0063
2026-08-27T06:16:07.137+02:00,1000,1024,1024,1056,326,628,0,10125,0,2421,0,2.0086,0.1966,0.1128,2.9866,0.3617,0.6981,1.527,1.595,4.238,49.14,49.14,49.11,2.8942,0.2787,0.142,147.3,147.5,147.34,0.0649,0.0301,0.0281,196.42,99.61,99.18,0.0163,0.0192,0.0175,16000,1024,677.02,0.9069,0.0836,0.0067,0.0028
2026-08-27T06:16:37.138+02:00,1000,1024,1024,1056,326,628,0,10125,0,2421,0,2.0483,0.1961,0.1076,2.9998,0.3656,0.2553,1.518,1.61,1.938,49.14,49.16,49.13,2.9476,0.2795,0.1478,147.38,147.33,147.35,0.0709,0.0302,0.0235,196.63,100.19,98.27,0.0231,0.0203,0.0214,16000,1024,619.68,0.8795,0.1127,0.0062,0.0017
2026-08-27T06:17:07.138+02:00,1000,1024,1024,1056,326,629,40,10165,9,2430,0,2.0554,0.1954,0.1743,3.251,0.3756,0.9227,1.56,1.642,9.437,31.2,31.15,19.9,1.0834,0.1088,0.062,49.08,49.02,14.51,0.9108,0.0872,0.0556,25.42,25.44,31.12,0.7943,0.0717,0.0532,16000,1024,628.92,0.8185,0.1721,0.0071,0.0022
2026-08-27T06:18:07.140+02:00,1000,1024,1024,1056,327,631,17,10200,0,2431,0,2.1121,0.1916,0.1748,3.215,0.3675,0.9579,1.506,1.641,7.433,49.18,49.13,49.33,1.5467,0.1499,0.0791,22.2,28.03,40.04,0.8585,0.0829,0.0504,40.2,22.09,22.15,0.7266,0.0724,0.0495,16000,1024,729.46,0.9324,0.063,0.0032,0.0014
2026-08-27T06:19:07.138+02:00,1000,1024,1024,1056,328,631,0,10208,0,2431,0,2.1342,0.196,0.1283,3.1016,0.3303,0.822,1.512,1.616,4.751,49.16,49.16,49.18,3.0808,0.2796,0.1702,147.49,147.38,147.58,0.0652,0.0333,0.0249,196.43,100.19,98.53,0.0168,0.019,0.0245,16000,1024,668.68,0.9072,0.0853,0.0062,0.0013
2026-08-27T06:19:37.139+02:00,1000,1024,1024,1056,328,631,1,10209,0,2431,0,2.1644,0.1976,0.1254,3.1495,0.3537,0.623,1.514,1.605,2.733,49.18,49.17,49.21,3.0376,0.2739,0.1666,43.46,147.52,147.23,0.1512,0.0291,0.0229,38.23,32.64,98.59,0.1459,0.0197,0.0168,16000,1024,716.19,0.952,0.0405,0.0064,0.0011
2026-08-27T06:20:37.141+02:00,1000,1024,1024,1056,329,631,0,10210,0,2431,0,2.1748,0.198,0.1483,3.1553,0.3422,0.8385,1.518,1.595,8.15,49.15,49.13,49.12,3.1431,0.2793,0.1749,147.41,147.52,99.43,0.0637,0.0327,0.032,196.56,100.2,379.98,0.0192,0.0168,0.0304,16000,1024,847.85,0.8997,0.0906,0.0083,0.0015
2026-08-27T06:22:37.142+02:00,1000,1024,1024,1056,332,632,0,10248,0,2457,0,2.2056,0.1979,0.1338,3.1882,0.3531,0.7932,1.513,1.586,4.521,49.14,49.14,49.12,3.173,0.2804,0.1762,147.37,147.4,196.5,0.0677,0.0336,0.0196,196.41,100.12,231.49,0.0171,0.0199,0.0152,16000,1024,802.43,0.9197,0.0722,0.0066,0.0015
2026-08-27T06:23:07.143+02:00,1000,1024,1024,1056,332,633,0,10248,0,2457,0,2.2708,0.1976,0.1329,3.2811,0.3625,0.5447,1.511,1.62,2.111,49.16,49.16,49.13,3.2794,0.2811,0.1741,147.4,147.53,147.24,0.0668,0.0317,0.0288,196.66,100.17,98.92,0.0164,0.024,0.0203,16000,1024,677.42,0.8924,0.0984,0.0069,0.0024
2026-08-27T06:23:37.143+02:00,1000,1024,1024,1056,332,633,0,10248,0,2457,0,2.2707,0.2005,0.1363,3.2762,0.3529,0.7294,1.511,1.626,3.148,49.04,49.03,49.05,3.2085,0.28,0.1819,53.22,147.22,97.99,0.0785,0.0292,0.0252,44.43,99.95,147.12,0.063,0.0235,0.0252,16000,1024,669.34,0.899,0.0936,0.006,0.0014
2026-08-27T06:26:07.143+02:00,1000,1024,1024,1056,336,634,0,10263,0,2458,0,2.2884,0.1931,0.1385,3.3112,0.3425,0.7308,1.514,1.613,3.748,49.09,49.09,49.09,3.2843,0.2749,0.1769,147.21,147.32,97.91,0.0682,0.0291,0.0209,196.37,99.93,129.33,0.0174,0.0174,0.0185,16000,1024,653.17,0.8098,0.1817,0.0068,0.0018
2026-08-27T06:26:37.145+02:00,1000,1024,1024,1056,336,634,0,10263,0,2458,0,2.2853,0.1961,0.1451,3.335,0.3404,0.7142,1.52,1.583,4.079,48.98,48.97,48.95,3.2403,0.2714,0.1769,54.2,146.85,147.3,0.0544,0.0312,0.0298,43.46,99.52,97.68,0.0535,0.0154,0.0234,16000,1024,759.85,0.9022,0.0928,0.0041,0.0009
2026-08-27T06:27:07.144+02:00,1000,1024,1024,1056,336,635,1,10264,0,2458,0,2.3167,0.1913,0.2585,3.6325,0.3423,1.4522,1.514,1.618,7.29,49.12,49.11,48.91,3.2383,0.2656,0.1566,38.92,147.43,187.31,0.1133,0.0337,0.0915,53.97,99.92,62.18,0.1117,0.0198,0.0859,16000,1024,440.76,0.7837,0.1967,0.015,0.0046
2026-08-27T06:28:07.146+02:00,1000,1024,1024,1056,337,640,2,10268,0,2459,0,2.3651,0.1936,0.2658,3.5496,0.3722,1.3396,1.523,1.637,5.587,49.1,49.11,49.07,3.2936,0.2638,0.181,31.16,147.66,187.56,0.177,0.0289,0.1138,37.0,36.87,16.61,0.1752,0.0235,0.0814,16000,1024,572.36,0.8241,0.1569,0.0148,0.0042
2026-08-27T06:28:37.147+02:00,1000,1024,1024,1056,337,641,1,10269,0,2459,0,2.388,0.1921,0.2689,3.4803,0.357,1.3783,1.508,1.667,6.482,49.13,49.14,49.29,3.4098,0.2656,0.202,147.4,147.18,62.56,0.0627,0.0302,0.0987,40.08,100.06,187.14,0.0557,0.0216,0.0982,16000,1024,628.95,0.8779,0.1118,0.0085,0.0018
2026-08-27T06:29:07.147+02:00,1000,1024,1024,1056,337,642,1,10270,0,2459,0,2.4336,0.2,0.1535,3.5505,0.3772,0.8381,1.511,1.615,3.223,49.11,49.1,49.13,3.4893,0.281,0.2059,53.51,147.54,97.96,0.0722,0.0291,0.0213,147.24,99.92,147.29,0.0611,0.0222,0.0201,16000,1024,883.36,0.8272,0.1634,0.0078,0.0016
2026-08-27T06:29:37.146+02:00,1000,1024,1024,1056,337,642,0,10270,0,2459,0,2.4232,0.2011,0.1568,3.4933,0.3607,0.8203,1.509,1.631,3.874,49.02,49.01,49.07,3.4334,0.2804,0.1869,44.43,146.99,99.03,0.0748,0.0283,0.0263,53.22,99.97,146.59,0.0729,0.0234,0.0237,16000,1024,1319.71,0.9482,0.048,0.0033,0.0006
2026-08-27T06:30:07.148+02:00,1000,1024,1024,1056,337,642,0,10270,0,2459,0,2.4263,0.2006,0.1571,3.5736,0.3547,0.8067,1.511,1.606,3.328,49.04,49.04,49.04,3.4552,0.2812,0.1995,54.2,147.15,97.98,0.0593,0.0315,0.0359,147.08,99.72,146.87,0.0672,0.0205,0.0237,16000,1024,747.25,0.9242,0.0702,0.0044,0.0012
2026-08-27T06:31:37.149+02:00,1000,1024,1024,1056,339,644,12,10287,1,2460,0,0.0261,0.0253,0.1264,0.0896,0.0883,0.85,3.116,3.032,27.015,38.47,10.58,156.31,0.008,0.0082,0.0461,47.31,31.55,343.69,0.008,0.0081,0.0433,63.35,39.08,214.89,0.0073,0.0075,0.0409,16000,1024,440.2,0.9752,0.0149,0.0092,0.0008
2026-08-27T06:32:07.178+02:00,1000,1024,1052,1084,339,644,15,10302,0,2460,0,0.024,0.0255,0.1008,0.0803,0.099,0.8457,2.842,3.323,38.893,34.1,29.25,279.9,0.0094,0.0098,0.0308,79.91,47.93,467.93,0.0069,0.0087,0.027,52.65,67.7,188.16,0.0067,0.0077,0.0281,16000,1024,678.78,0.9758,0.021,0.0028,0.0005
2026-08-27T06:32:37.169+02:00,1000,1024,1043,1075,339,646,12,10314,3,2463,0,0.0248,0.0356,0.3854,0.078,0.1079,1.2077,2.859,3.059,4.265,46.27,129.74,370.37,0.0076,0.0148,0.1483,1.53,71.11,102.8,0.0076,0.0127,0.1434,104.06,58.84,149.54,0.0071,0.0121,0.137,16000,1024,527.32,0.9674,0.0296,0.0026,0.0005
2026-08-27T06:33:07.150+02:00,1000,1024,1024,1056,339,646,2,10316,0,2463,0,0.0231,0.021,0.1606,0.0831,0.0781,1.4091,3.058,3.559,19.421,9.84,90.03,187.35,0.0069,0.0059,0.0585,103.56,30.55,92.01,0.0065,0.0059,0.048,129.53,36.14,20.65,0.007,0.0049,0.0466,16000,1024,1618.74,0.9928,0.0062,0.0008,0.0002
2026-08-27T06:33:37.150+02:00,1000,1024,1024,1056,339,646,6,10322,0,2463,0,0.0236,0.0284,0.2999,0.073,0.1165,1.2625,2.664,4.221,7.256,184.47,227.85,481.5,0.008,0.0084,0.0985,47.6,158.25,168.81,0.0079,0.0079,0.0959,10.53,55.03,9.88,0.0068,0.0077,0.0906,16000,1024,333.29,0.8969,0.0894,0.0118,0.0019
2026-08-27T06:34:07.151+02:00,1000,1024,1024,1056,339,647,12,10334,1,2464,0,0.0256,0.0218,0.0892,0.0906,0.0927,0.7331,2.911,3.869,47.692,73.83,64.35,131.12,0.0088,0.0078,0.0282,39.09,150.64,79.11,0.0081,0.0076,0.0262,15.68,92.73,158.52,0.0078,0.007,0.0258,16000,1024,505.1,0.9416,0.0504,0.007,0.001
2026-08-27T06:34:37.157+02:00,1000,1024,1028,1061,339,648,13,10347,2,2466,0,0.0244,0.0282,0.2033,0.0959,0.0977,1.1515,2.92,3.336,12.246,50.75,148.75,499.51,0.0079,0.0101,0.1258,165.23,177.04,488.58,0.0067,0.01,0.0784,20.65,108.31,24.44,0.0063,0.0091,0.073,16000,1024,373.03,0.9315,0.0558,0.0107,0.002
2026-08-27T06:35:07.152+02:00,1000,1024,1024,1056,339,649,0,10347,0,2466,0,0.0242,0.0213,0.0734,0.0754,0.075,1.0761,2.658,2.841,114.18,80.87,52.05,43.2,0.0089,0.0068,0.0304,134.83,114.27,4.97,0.0075,0.0064,0.0278,46.33,16.96,10.06,0.0082,0.0063,0.0256,16000,1024,490.38,0.9713,0.0228,0.0052,0.0007
2026-08-27T06:35:37.152+02:00,1000,1024,1024,1056,339,649,1,10348,0,2466,0,0.0248,0.0248,0.1772,0.0722,0.1004,1.0019,2.866,3.98,12.419,18.48,152.17,494.08,0.0084,0.0074,0.0514,40.77,127.18,66.46,0.0081,0.0072,0.0505,25.09,17.19,134.82,0.0068,0.0081,0.0479,16000,1024,457.04,0.9749,0.0191,0.0052,0.0008
2026-08-27T06:36:07.153+02:00,1000,1024,1024,1056,339,651,44,10392,17,2483,0,0.0279,0.0232,0.1478,0.093,0.0887,1.0527,2.979,3.631,19.29,151.27,224.94,231.8,0.0091,0.0068,0.0479,89.18,146.81,238.24,0.0082,0.0072,0.0428,23.62,152.95,6.97,0.0081,0.0062,0.0423,16000,1024,1246.16,0.9478,0.0382,0.0115,0.0025
2026-08-27T06:37:07.154+02:00,1000,1024,1024,1056,340,651,2,10397,1,2484,0,0.0233,0.0234,0.1046,0.0921,0.1277,1.3128,3.299,4.208,60.47,29.88,33.34,29.18,0.0103,0.0075,0.0398,93.7,54.87,203.33,0.0065,0.0077,0.0352,52.07,193.71,43.79,0.0064,0.0076,0.0339,16000,1024,303.63,0.875,0.1018,0.0203,0.0028
2026-08-27T06:37:37.157+02:00,1000,1024,1026,1059,340,651,54,10451,36,2520,0,0.0261,0.0264,0.2002,0.0989,0.1464,1.3345,3.106,5.17,11.209,38.09,247.95,304.28,0.0078,0.0072,0.0795,20.56,396.65,344.87,0.0076,0.0072,0.0672,31.69,65.21,54.64,0.008,0.0075,0.064,16000,1024,494.84,0.9211,0.068,0.0098,0.0011
2026-08-27T06:38:07.154+02:00,1000,1024,1024,1056,340,651,8,10459,0,2520,0,0.0266,0.033,0.3681,0.0928,0.1091,1.2217,2.982,3.52,4.534,1.51,88.87,353.26,0.0097,0.0083,0.1243,60.99,405.02,27.52,0.0079,0.0084,0.1131,27.46,306.37,375.76,0.0069,0.0081,0.1143,16000,1024,386.69,0.9373,0.054,0.0074,0.0012
2026-08-27T06:38:37.154+02:00,1000,1024,1024,1056,340,651,1,10460,0,2520,0,0.0231,0.0218,0.0558,0.0859,0.0768,0.7348,3.244,3.004,87.147,8.48,45.25,79.36,0.0087,0.0086,0.0113,56.6,136.27,89.69,0.0069,0.0073,0.0112,144.56,156.18,1.93,0.0067,0.0065,0.0107,16000,1024,389.5,0.8154,0.1529,0.0282,0.0035
2026-08-27T06:39:07.155+02:00,1000,1024,1025,1058,340,651,41,10501,17,2537,0,0.0271,0.0257,0.1345,0.1028,0.1101,1.0311,3.387,4.077,24.93,35.43,131.75,467.58,0.0118,0.0081,0.0407,68.17,77.51,17.86,0.0103,0.0084,0.0398,8.45,8.35,361.2,0.0086,0.0076,0.0381,16000,1024,376.04,0.9455,0.0495,0.004,0.0009
2026-08-27T06:39:37.155+02:00,1000,1024,1024,1056,340,652,0,10501,0,2537,0,0.0237,0.0199,0.0324,0.0922,0.0667,0.0895,3.231,3.243,2.703,92.66,205.87,103.47,0.0073,0.007,0.0088,47.78,50.41,222.09,0.0066,0.0067,0.0092,28.3,143.58,25.19,0.0062,0.0056,0.0085,16000,1024,347.83,0.9134,0.0695,0.0151,0.002
2026-08-27T06:40:07.160+02:00,1000,1024,1024,1056,340,653,52,10553,36,2573,0,0.0266,0.026,0.1827,0.1096,0.0866,1.2749,3.426,3.397,12.807,45.84,28.54,356.25,0.0087,0.0102,0.0689,100.06,114.33,28.23,0.0086,0.008,0.0584,61.19,56.84,309.65,0.0076,0.0081,0.0582,16000,1024,202.77,0.7639,0.1633,0.0649,0.0079
2026-08-27T06:40:37.159+02:00,1000,1024,1024,1056,340,653,51,10604,40,2613,0,0.0247,0.0242,0.1531,0.0871,0.0861,0.7302,2.822,3.914,15.463,139.29,4.78,50.5,0.0069,0.0088,0.0655,83.67,64.87,350.55,0.0066,0.0084,0.0586,173.73,39.67,392.25,0.0063,0.0072,0.0554,16000,1024,288.32,0.8949,0.0873,0.015,0.0027
2026-08-27T06:41:07.160+02:00,1000,1024,1024,1056,340,653,0,10604,0,2613,0,0.0227,0.0214,0.1644,0.0718,0.0681,1.2752,3.071,2.498,22.064,110.32,46.84,187.86,0.008,0.0068,0.0572,13.1,42.29,142.71,0.0072,0.0068,0.0475,117.03,36.28,18.39,0.0066,0.0062,0.0473,16000,1024,496.78,0.9833,0.0122,0.0038,0.0006
2026-08-27T06:41:37.156+02:00,1000,1024,1024,1056,340,653,0,10604,0,2613,0,0.0232,0.0215,0.073,0.0718,0.071,0.7408,2.801,3.046,59.525,88.12,32.38,23.51,0.0093,0.0068,0.025,204.15,51.63,118.5,0.0074,0.0062,0.0226,4.97,18.24,18.32,0.0071,0.0061,0.0209,16000,1024,673.35,0.6679,0.0538,0.1917,0.0866
2026-08-27T06:42:07.157+02:00,1000,1024,1024,1056,340,654,0,10604,0,2613,0,0.0237,0.0212,0.193,0.0773,0.0704,1.3383,3.135,2.864,15.322,49.78,123.15,8.49,0.0089,0.0056,0.0736,118.79,28.59,315.86,0.0079,0.0055,0.0593,15.4,88.0,187.65,0.0068,0.0051,0.0548,16000,1024,879.62,0.9904,0.0078,0.0016,0.0003
2026-08-27T06:42:37.158+02:00,1000,1024,1024,1056,340,654,5,10609,1,2614,0,0.0233,0.0204,0.0558,0.0762,0.0661,0.7001,2.774,2.937,78.892,17.69,52.51,132.59,0.0071,0.0073,0.017,36.06,33.11,10.74,0.0067,0.0062,0.0149,5.53,157.81,126.14,0.0066,0.0071,0.0141,16000,1024,539.69,0.942,0.0507,0.0068,0.0006
2026-08-27T06:43:07.158+02:00,1000,1024,1024,1056,340,654,0,10609,0,2614,0,0.0222,0.0217,0.185,0.0721,0.0711,1.2613,2.978,2.876,15.392,167.17,108.54,62.51,0.007,0.0074,0.0712,63.84,98.53,124.91,0.0071,0.0071,0.0596,54.39,69.49,187.59,0.0071,0.007,0.0566,16000,1024,578.59,0.9494,0.0403,0.0092,0.0011
2026-08-27T06:43:37.159+02:00,1000,1024,1024,1056,340,654,50,10659,37,2651,0,0.025,0.0274,0.1901,0.076,0.0924,0.7309,2.883,3.315,9.464,7.52,99.56,334.03,0.0072,0.0074,0.0648,35.21,70.25,162.72,0.0071,0.0075,0.0686,107.99,48.07,242.61,0.0074,0.0071,0.0722,16000,1024,393.61,0.9617,0.0279,0.0096,0.0008
2026-08-27T06:44:07.159+02:00,1000,1024,1024,1056,340,656,6,10665,1,2652,0,0.0232,0.0226,0.0736,0.0793,0.1169,1.0222,3.052,4.211,101.044,50.18,75.78,8.4,0.0088,0.0096,0.0247,67.22,46.1,131.67,0.0077,0.0071,0.0234,55.81,33.82,17.86,0.0064,0.0071,0.0235,16000,1024,570.09,0.9699,0.0266,0.0029,0.0006
2026-08-27T06:44:37.159+02:00,1000,1024,1024,1056,340,656,0,10665,0,2652,0,0.022,0.0206,0.1001,0.0622,0.0742,1.9586,2.89,3.434,241.204,49.67,16.77,14.66,0.0079,0.006,0.0134,65.31,225.33,64.18,0.0075,0.0056,0.0136,100.87,66.75,44.21,0.0074,0.0057,0.0119,16000,1024,758.13,0.9713,0.0244,0.0038,0.0004
2026-08-27T06:45:07.158+02:00,1000,1024,1024,1056,340,656,42,10707,12,2664,0,0.0289,0.0273,0.1606,0.0972,0.1235,0.9917,3.323,4.46,15.349,14.28,16.65,470.86,0.0125,0.0091,0.0456,8.38,41.44,499.51,0.01,0.0095,0.0506,92.69,36.09,476.73,0.0087,0.0079,0.0443,16000,1024,360.44,0.933,0.0567,0.0084,0.0019
2026-08-27T06:45:37.160+02:00,1000,1024,1024,1056,340,656,43,10750,42,2706,0,0.0231,0.0275,0.2103,0.0809,0.1301,1.3615,3.124,4.241,10.233,44.13,92.13,338.59,0.0069,0.0093,0.0894,94.07,5.55,323.7,0.007,0.0087,0.0813,51.4,252.49,71.73,0.0066,0.0094,0.0675,16000,1024,612.19,0.9691,0.0215,0.0084,0.001
2026-08-27T06:46:07.160+02:00,1000,1024,1024,1056,340,657,2,10752,0,2706,0,0.0255,0.0216,0.1874,0.2169,0.1205,2.2194,10.121,4.06,39.449,95.38,81.01,187.61,0.0083,0.0073,0.078,21.18,128.34,341.97,0.007,0.0075,0.0521,151.08,65.62,406.9,0.0067,0.0058,0.0524,16000,1024,445.93,0.9265,0.0663,0.0063,0.0009
2026-08-27T06:46:37.161+02:00,1000,1024,1024,1056,340,657,3,10755,0,2706,0,0.0239,0.0199,0.0317,0.0845,0.0639,0.1294,3.296,2.993,3.161,118.39,193.5,56.11,0.0079,0.0067,0.0122,109.54,120.15,89.58,0.0073,0.0056,0.0091,43.44,38.83,182.58,0.0071,0.0057,0.0088,16000,1024,432.32,0.9521,0.0383,0.0088,0.0008
2026-08-27T06:47:07.165+02:00,1000,1024,1029,1061,340,658,16,10771,1,2707,0,0.0241,0.027,0.2573,0.0793,0.1086,1.1511,3.127,4.09,8.0,45.83,58.51,232.59,0.0078,0.0073,0.0955,160.02,69.52,267.72,0.0075,0.0071,0.0928,66.36,410.09,415.4,0.0072,0.0059,0.0874,16000,1024,510.43,0.9623,0.0344,0.0025,0.0007
2026-08-27T06:47:37.160+02:00,1000,1024,1024,1056,340,658,1,10772,0,2707,0,0.0227,0.0209,0.1573,0.0753,0.0726,1.1457,3.01,3.055,15.312,115.87,42.0,250.23,0.0077,0.0061,0.051,92.85,54.15,367.92,0.0069,0.0064,0.0483,44.06,154.15,187.42,0.0069,0.0051,0.0471,16000,1024,455.79,0.9416,0.0478,0.0091,0.0015
2026-08-27T06:48:07.168+02:00,1000,1024,1031,1064,340,658,19,10791,2,2709,0,0.0246,0.0251,0.2001,0.08,0.1026,1.0161,3.239,3.551,14.992,81.39,153.28,499.51,0.0072,0.0091,0.0991,18.7,9.61,482.72,0.0068,0.0087,0.0762,30.91,167.3,92.51,0.0069,0.0083,0.0672,16000,1024,450.24,0.9594,0.0333,0.0066,0.0007
2026-08-27T06:48:37.161+02:00,1000,1024,1024,1056,340,658,0,10791,0,2709,0,0.0226,0.0207,0.1414,0.0746,0.0664,0.7286,2.925,2.936,15.947,19.82,38.12,187.49,0.008,0.0068,0.0448,76.14,55.02,42.35,0.0061,0.0067,0.0465,181.76,190.81,62.1,0.0058,0.0061,0.0494,16000,1024,535.33,0.9524,0.0363,0.0101,0.0012
2026-08-27T06:49:07.162+02:00,1000,1024,1024,1056,340,658,7,10798,0,2709,0,0.0249,0.0238,0.1038,0.0869,0.0995,0.7292,2.791,3.55,33.435,33.98,49.91,268.47,0.0098,0.0077,0.0307,68.7,101.52,103.5,0.0075,0.0072,0.0276,121.53,26.29,397.89,0.0072,0.0063,0.0332,16000,1024,382.17,0.9233,0.0666,0.0089,0.0013
2026-08-27T06:49:37.162+02:00,1000,1024,1024,1056,340,659,0,10798,0,2709,0,0.0233,0.0228,0.1725,0.0816,0.0724,1.2579,3.035,2.986,13.268,80.39,6.69,187.51,0.009,0.0085,0.0647,124.46,88.58,230.84,0.0071,0.0065,0.059,58.7,105.18,89.41,0.0069,0.0066,0.0579,16000,1024,655.56,0.9748,0.0216,0.003,0.0006
2026-08-27T06:50:37.164+02:00,1000,1024,1024,1056,341,659,42,10851,35,2744,0,0.0233,0.0284,0.2024,0.0823,0.0923,0.7156,2.949,3.416,7.644,45.11,345.38,345.71,0.0087,0.0088,0.0829,222.91,92.69,279.5,0.0071,0.0082,0.0787,81.88,356.56,358.42,0.0068,0.008,0.0672,16000,1024,437.43,0.95,0.0438,0.0051,0.0011
2026-08-27T06:51:07.164+02:00,1000,1024,1024,1056,341,660,0,10851,0,2744,0,0.0236,0.0215,0.031,0.0701,0.0729,0.1089,2.447,3.037,3.007,65.54,110.16,134.62,0.0082,0.0063,0.0111,7.14,18.44,58.39,0.0077,0.0061,0.0108,137.31,120.76,53.57,0.0079,0.0063,0.0107,16000,1024,476.17,0.9696,0.0253,0.0042,0.001
2026-08-27T06:51:37.164+02:00,1000,1024,1024,1056,341,661,2,10853,0,2744,0,0.0242,0.0221,0.0755,0.0887,0.0861,0.72,3.32,3.323,58.76,24.07,25.15,84.8,0.0096,0.008,0.0249,3.14,46.23,75.02,0.0067,0.0074,0.0225,87.94,30.58,107.27,0.006,0.0073,0.0219,16000,1024,478.29,0.9323,0.0574,0.0091,0.0012
2026-08-27T06:52:37.168+02:00,1000,1024,1024,1056,342,663,40,10903,23,2772,0,0.0258,0.026,0.1568,0.0823,0.1005,0.8157,2.987,4.387,14.586,42.33,3.74,422.72,0.0079,0.0107,0.0615,66.38,55.09,378.67,0.0065,0.0099,0.0504,14.55,66.24,115.39,0.0064,0.0084,0.0489,16000,1024,515.91,0.9611,0.0359,0.0025,0.0005
2026-08-27T06:53:07.166+02:00,1000,1024,1024,1056,342,663,16,10919,0,2772,0,0.0231,0.0261,0.1406,0.096,0.098,0.7992,3.257,3.354,17.597,140.47,62.64,65.4,0.0068,0.0096,0.047,25.35,130.98,312.49,0.0063,0.0091,0.0462,110.54,8.59,323.52,0.006,0.0068,0.0468,16000,1024,324.08,0.9362,0.0482,0.0136,0.0021
2026-08-27T06:54:07.167+02:00,1000,1024,1024,1056,343,664,2,10925,0,2772,0,0.0208,0.0225,0.0592,0.0657,0.0843,0.751,2.973,3.873,86.762,53.98,100.02,35.06,0.007,0.0073,0.0118,44.82,143.12,10.46,0.0066,0.0069,0.0116,1.83,195.36,86.52,0.0065,0.0065,0.0106,16000,1024,473.89,0.9595,0.034,0.0056,0.0009
2026-08-27T06:54:37.167+02:00,1000,1024,1024,1056,343,665,0,10925,0,2772,0,0.023,0.0207,0.0575,0.0864,0.0881,0.594,2.937,3.311,63.861,49.7,204.22,59.87,0.0077,0.0077,0.0194,85.22,172.49,51.6,0.0069,0.0068,0.0153,102.33,178.52,31.46,0.0067,0.0063,0.015,16000,1024,587.72,0.9715,0.02,0.0078,0.0007
2026-08-27T06:55:07.175+02:00,1000,1024,1032,1065,343,665,54,10979,38,2810,0,0.027,0.028,0.1527,0.0867,0.1036,0.7355,2.736,3.746,14.641,16.13,93.56,220.62,0.0099,0.0089,0.0608,140.63,122.34,53.42,0.0079,0.0083,0.0599,76.38,14.67,266.63,0.0072,0.0078,0.0556,16000,1024,312.67,0.9074,0.0726,0.0172,0.0028
2026-08-27T06:55:37.166+02:00,1000,1024,1024,1056,343,666,1,10980,0,2810,0,0.0243,0.0195,0.0532,0.084,0.0746,0.5992,2.989,3.461,64.1,86.33,65.67,62.69,0.0094,0.0063,0.0181,13.74,85.04,122.07,0.0074,0.0061,0.0144,81.04,132.93,34.46,0.0068,0.0057,0.0148,16000,1024,524.63,0.9751,0.017,0.0072,0.0008
2026-08-27T06:56:07.169+02:00,1000,1024,1024,1056,343,666,4,10984,0,2810,0,0.0248,0.0214,0.0321,0.1019,0.0621,0.1013,3.151,2.596,2.744,63.58,6.87,2.07,0.0104,0.0088,0.0111,78.54,55.97,63.38,0.0085,0.0063,0.009,57.42,158.91,154.02,0.0076,0.0062,0.0091,16000,1024,649.41,0.9835,0.0127,0.0033,0.0005
2026-08-27T06:56:37.167+02:00,1000,1024,1024,1056,343,666,0,10984,0,2810,0,0.0215,0.022,0.0553,0.0806,0.0696,0.7373,3.389,3.072,90.062,204.72,83.82,58.72,0.0067,0.0069,0.0198,41.65,11.07,135.73,0.0061,0.0069,0.0173,218.26,44.27,168.07,0.006,0.0065,0.0173,16000,1024,621.99,0.9863,0.0098,0.0036,0.0004
2026-08-27T06:57:07.167+02:00,1000,1024,1024,1056,343,666,1,10985,0,2810,0,0.0226,0.022,0.0622,0.0758,0.0971,0.7269,3.301,3.487,70.427,48.73,113.29,155.88,0.0077,0.0081,0.0159,86.06,166.17,68.43,0.0073,0.0067,0.0141,41.2,57.52,107.7,0.0062,0.0063,0.0146,16000,1024,313.27,0.9485,0.0402,0.01,0.0013
2026-08-27T06:58:07.169+02:00,1000,1024,1024,1056,344,667,0,10989,0,2810,0,0.023,0.0205,0.136,0.075,0.1022,1.357,2.929,3.806,27.665,172.37,95.24,228.68,0.0073,0.0072,0.0383,131.88,22.88,181.71,0.0059,0.0062,0.0345,47.25,65.55,292.15,0.0062,0.0058,0.0339,16000,1024,458.87,0.933,0.063,0.0033,0.0007
2026-08-27T06:58:37.170+02:00,1000,1024,1024,1056,344,667,11,11000,0,2810,0,0.0262,0.0222,0.0908,0.0843,0.0972,0.8067,3.066,3.669,47.996,100.59,52.61,54.66,0.009,0.0075,0.025,12.71,79.7,215.85,0.0084,0.0065,0.0222,25.42,85.5,175.81,0.0077,0.0067,0.0216,16000,1024,366.65,0.9508,0.0366,0.0113,0.0013
2026-08-27T06:59:37.169+02:00,1000,1024,1024,1056,345,669,9,11013,2,2812,0,0.0236,0.0226,0.0699,0.082,0.104,0.7205,3.21,3.708,62.852,59.25,6.01,64.36,0.0081,0.0093,0.0189,112.71,28.31,27.28,0.0077,0.0068,0.0178,32.25,104.82,185.65,0.0064,0.0068,0.0174,16000,1024,428.56,0.9199,0.0688,0.0101,0.0012
2026-08-27T07:00:07.171+02:00,1000,1024,1024,1056,345,670,1,11014,0,2812,0,0.0239,0.0209,0.0333,0.0842,0.0699,0.1214,3.033,3.254,3.386,88.28,69.59,107.28,0.0079,0.0078,0.0093,5.36,87.01,167.79,0.0078,0.0062,0.0092,214.06,50.37,12.54,0.007,0.0063,0.009,16000,1024,485.77,0.9409,0.0513,0.0068,0.0009
2026-08-27T07:00:37.172+02:00,1000,1024,1026,1058,345,670,19,11033,0,2812,0,0.0246,0.0241,0.121,0.0855,0.1012,0.784,3.01,3.669,23.844,22.13,115.73,115.84,0.0072,0.0082,0.0464,31.12,84.22,57.85,0.0065,0.0062,0.0446,99.77,58.06,375.0,0.0062,0.0066,0.0387,16000,1024,400.04,0.9491,0.0272,0.0216,0.0021
2026-08-27T07:01:07.170+02:00,1000,1024,1024,1056,345,670,0,11033,0,2812,0,0.0239,0.02,0.0315,0.0871,0.0777,0.0999,3.051,3.336,3.156,130.25,223.44,62.91,0.01,0.0061,0.0103,6.59,243.54,71.42,0.0074,0.0056,0.0096,95.02,168.72,139.56,0.0074,0.0052,0.009,16000,1024,400.66,0.907,0.0739,0.0172,0.0019
2026-08-27T07:01:37.171+02:00,1000,1024,1024,1056,345,670,1,11034,0,2812,0,0.0234,0.0208,0.1458,0.075,0.0626,1.2463,2.927,2.901,18.567,76.87,58.52,185.34,0.0083,0.0062,0.0444,89.12,67.92,362.18,0.0071,0.007,0.043,36.85,33.31,166.88,0.007,0.0053,0.0425,16000,1024,601.95,0.9761,0.0186,0.0046,0.0007
2026-08-27T07:02:07.172+02:00,1000,1024,1024,1056,345,672,5,11039,1,2813,0,0.0226,0.0225,0.0787,0.0779,0.0957,0.9939,2.845,3.695,81.136,35.11,81.13,53.34,0.007,0.0072,0.0261,2.03,76.57,43.4,0.0063,0.0064,0.0264,99.83,237.35,91.91,0.0062,0.0061,0.0225,16000,1024,446.59,0.9852,0.0088,0.0052,0.0008
2026-08-27T07:03:07.174+02:00,1000,1024,1024,1056,346,674,0,11054,0,2813,0,0.0217,0.0208,0.0308,0.0699,0.067,0.1092,2.911,2.992,3.251,67.56,93.05,99.3,0.0066,0.0073,0.0105,4.8,235.87,7.51,0.0063,0.0066,0.0094,94.48,139.83,118.87,0.006,0.0057,0.009,16000,1024,430.85,0.9425,0.0499,0.0064,0.0012
2026-08-27T07:03:37.173+02:00,1000,1024,1024,1056,346,675,0,11054,0,2813,0,0.0233,0.0217,0.1404,0.0873,0.08,1.1283,3.264,3.249,18.521,9.65,42.97,55.55,0.007,0.0064,0.0501,66.3,110.15,187.29,0.006,0.0064,0.042,54.55,94.35,110.7,0.006,0.0066,0.0397,16000,1024,386.29,0.9574,0.0342,0.0073,0.0012
2026-08-27T07:04:37.175+02:00,1000,1024,1024,1056,347,675,9,11102,0,2828,0,0.0222,0.0207,0.0514,0.0829,0.0812,0.6301,3.051,3.256,76.953,195.36,27.61,49.07,0.0071,0.0064,0.0155,77.07,98.18,102.27,0.007,0.0068,0.0151,98.26,156.99,29.8,0.0069,0.0059,0.0157,16000,1024,320.51,0.9424,0.0456,0.0105,0.0015
2026-08-27T07:05:07.175+02:00,1000,1024,1024,1056,347,675,1,11103,0,2828,0,0.0229,0.0223,0.0612,0.0769,0.0751,0.7173,2.925,2.961,70.985,158.9,20.89,329.91,0.0068,0.0083,0.0203,176.72,151.54,59.15,0.0057,0.0073,0.0211,118.46,48.99,74.02,0.0058,0.0069,0.0184,16000,1024,533.76,0.9671,0.0272,0.0049,0.0008
2026-08-27T07:05:37.175+02:00,1000,1024,1024,1056,347,676,4,11107,2,2830,0,0.0235,0.0214,0.0425,0.0772,0.0699,0.4077,2.679,2.99,28.979,9.5,31.5,52.43,0.0074,0.0071,0.0147,30.61,23.6,7.08,0.0067,0.0066,0.0131,40.94,51.96,203.96,0.0061,0.0064,0.0122,16000,1024,331.54,0.9451,0.0473,0.0063,0.0013
2026-08-27T07:06:07.175+02:00,1000,1024,1024,1056,347,676,8,11115,3,2833,0,0.0237,0.0208,0.0313,0.0799,0.0638,0.0967,3.036,2.832,2.842,162.28,1.76,102.5,0.0088,0.0062,0.0099,1.76,134.51,66.32,0.0065,0.0057,0.0089,33.08,16.4,74.88,0.0063,0.0055,0.0083,16000,1024,812.29,0.9903,0.0082,0.0013,0.0003
2026-08-27T07:07:07.176+02:00,1000,1024,1024,1056,348,676,0,11137,0,2846,0,0.0231,0.0208,0.139,0.1051,0.0705,0.69,3.269,2.725,15.036,64.87,25.51,498.01,0.0084,0.0075,0.0493,19.43,73.55,330.99,0.0076,0.0067,0.0454,123.01,111.25,187.87,0.0072,0.006,0.0497,16000,1024,573.98,0.9685,0.0278,0.0032,0.0005
2026-08-27T07:08:07.177+02:00,1000,1024,1024,1056,349,679,2,11141,0,2846,0,0.0225,0.0201,0.0296,0.0777,0.0722,0.1167,3.007,3.505,3.227,86.32,116.03,39.93,0.007,0.0089,0.0093,58.54,168.58,104.21,0.0061,0.0066,0.0086,68.25,67.43,113.53,0.006,0.0061,0.0083,16000,1024,684.97,0.9731,0.0222,0.0039,0.0008
2026-08-27T07:08:37.177+02:00,1000,1024,1024,1056,349,679,0,11141,0,2846,0,0.0239,0.021,0.0322,0.0713,0.0687,0.1061,2.76,2.935,2.99,42.41,146.21,73.32,0.008,0.0075,0.0092,25.0,1.98,99.86,0.0082,0.007,0.0094,153.02,161.1,26.17,0.0076,0.0061,0.009,16000,1024,651.01,0.971,0.0252,0.0034,0.0004
2026-08-27T07:09:07.178+02:00,1000,1024,1024,1056,349,679,43,11184,34,2880,0,0.024,0.0287,0.193,0.0973,0.1378,1.2837,3.455,4.041,10.573,144.25,24.24,266.82,0.007,0.0106,0.0699,73.43,36.87,308.78,0.007,0.008,0.0689,49.71,147.94,197.43,0.0062,0.0081,0.0639,16000,1024,455.98,0.9705,0.0252,0.0035,0.0007
2026-08-27T07:09:37.182+02:00,1000,1024,1027,1060,349,679,20,11204,2,2882,0,0.0272,0.0239,0.115,0.0943,0.1035,1.0311,3.128,3.845,34.892,27.71,60.85,85.77,0.0113,0.0092,0.0358,42.25,73.56,71.27,0.0104,0.0064,0.034,6.26,8.58,254.09,0.009,0.0062,0.0337,16000,1024,431.11,0.9766,0.0169,0.0058,0.0007
2026-08-27T07:10:07.184+02:00,1000,1024,1024,1056,349,681,0,11204,0,2882,0,0.0229,0.0198,0.0302,0.072,0.0609,0.1095,2.8,2.974,3.049,70.18,152.7,29.4,0.007,0.0084,0.0093,90.91,51.26,148.1,0.0067,0.0062,0.0088,9.95,35.0,163.08,0.0068,0.0055,0.0079,16000,1024,437.85,0.9576,0.0309,0.01,0.0015
2026-08-27T07:10:37.185+02:00,1000,1024,1024,1056,349,683,1,11205,0,2882,0,0.022,0.0205,0.0318,0.0638,0.0731,0.105,3.0,3.423,2.998,173.86,97.82,22.57,0.0077,0.0068,0.0115,53.88,137.89,50.35,0.0064,0.0063,0.0098,13.8,31.76,92.63,0.0063,0.0063,0.0085,16000,1024,348.4,0.9479,0.0397,0.0107,0.0017
2026-08-27T07:11:07.183+02:00,1000,1024,1024,1056,349,683,4,11209,1,2883,0,0.0239,0.0211,0.0721,0.0963,0.0891,0.7144,3.145,3.408,60.179,28.73,50.13,133.86,0.0089,0.0076,0.0277,148.68,97.23,310.66,0.0075,0.0058,0.0258,5.85,232.43,52.92,0.0067,0.0053,0.0238,16000,1024,376.04,0.9579,0.0305,0.0104,0.0012
2026-08-27T07:11:37.184+02:00,1000,1024,1024,1056,349,684,1,11210,0,2883,0,0.0241,0.0214,0.0658,0.0904,0.0789,0.7274,3.191,3.225,72.968,10.24,179.83,89.74,0.0093,0.0068,0.0204,24.74,217.57,29.51,0.008,0.0067,0.0156,90.61,83.91,368.24,0.0072,0.0062,0.0137,16000,1024,659.28,0.9236,0.0691,0.0063,0.001
2026-08-27T07:12:37.181+02:00,1000,1024,1024,1056,350,685,1,11251,0,2901,0,0.0237,0.021,0.0475,0.0713,0.0648,0.7113,3.038,3.023,99.213,181.83,54.99,112.7,0.008,0.0064,0.0143,85.84,37.58,89.04,0.0077,0.0061,0.0127,101.72,67.05,59.55,0.0065,0.0051,0.0113,16000,1024,426.6,0.9104,0.0455,0.0401,0.004
2026-08-27T07:13:07.180+02:00,1000,1024,1024,1056,350,685,1,11252,0,2901,0,0.0219,0.0197,0.0318,0.0681,0.0597,0.1028,2.913,2.926,3.049,106.1,22.55,131.96,0.0071,0.0068,0.0099,142.04,83.85,136.37,0.0066,0.0052,0.0091,86.89,16.22,170.07,0.0063,0.0052,0.0085,16000,1024,535.68,0.9607,0.0291,0.0092,0.001
2026-08-27T07:13:37.181+02:00,1000,1024,1024,1056,350,686,4,11256,0,2901,0,0.0243,0.0214,0.0449,0.0854,0.0681,0.6075,3.268,2.869,68.729,16.27,77.18,73.26,0.0101,0.007,0.0111,82.55,115.06,45.11,0.0075,0.0064,0.0107,98.88,2.75,138.9,0.0067,0.0059,0.0106,16000,1024,480.71,0.8823,0.0966,0.0188,0.0024
2026-08-27T07:14:07.182+02:00,1000,1024,1024,1056,350,686,48,11304,42,2943,0,0.0224,0.0293,0.1877,0.0823,0.0991,0.6918,2.849,3.744,8.816,12.88,4.03,320.14,0.0072,0.0092,0.0677,131.5,10.73,26.22,0.0069,0.0078,0.0595,141.75,247.93,451.58,0.0064,0.0076,0.0628,16000,1024,471.38,0.9427,0.0304,0.0172,0.0096
2026-08-27T07:15:07.182+02:00,1000,1024,1024,1056,351,686,2,11308,1,2944,0,0.022,0.0213,0.046,0.0786,0.0716,0.6665,3.184,2.994,82.844,82.95,30.17,198.64,0.0064,0.0071,0.0109,15.37,157.41,2.87,0.0061,0.0067,0.0095,153.01,64.22,70.37,0.006,0.0063,0.0086,16000,1024,492.98,0.939,0.0402,0.0188,0.0021
2026-08-27T07:15:37.182+02:00,1000,1024,1024,1056,351,686,1,11309,0,2944,0,0.0227,0.0203,0.0321,0.0757,0.068,0.0962,2.859,2.981,2.891,42.76,58.62,11.05,0.0085,0.0052,0.0096,10.33,175.76,99.43,0.0077,0.0051,0.0093,192.33,80.08,29.89,0.0064,0.005,0.0083,16000,1024,654.07,0.9553,0.0393,0.0047,0.0006
2026-08-27T07:16:07.183+02:00,1000,1024,1024,1056,351,688,0,11309,0,2944,0,0.0223,0.0205,0.1301,0.0744,0.0609,1.2296,3.098,2.75,25.362,140.43,131.15,217.82,0.0065,0.0063,0.033,99.25,61.32,353.84,0.0069,0.0057,0.033,36.85,81.26,422.58,0.0061,0.0054,0.0328,16000,1024,1002.2,0.9187,0.0696,0.0099,0.0018
2026-08-27T07:16:37.183+02:00,1000,1024,1024,1056,351,688,0,11309,0,2944,0,0.0244,0.0207,0.0322,0.0805,0.0651,0.1029,2.853,2.995,2.976,42.0,39.07,78.68,0.0072,0.0067,0.0093,83.68,6.2,107.95,0.0075,0.007,0.0105,10.23,131.08,181.93,0.0076,0.006,0.0087,16000,1024,401.44,0.8176,0.1051,0.059,0.0183
2026-08-27T07:17:07.189+02:00,1000,1024,1029,1061,351,689,1,11310,0,2944,0,0.0235,0.0205,0.1729,0.0721,0.0699,1.3256,2.657,2.841,16.116,68.35,215.5,187.5,0.0077,0.0081,0.0705,143.88,146.86,463.85,0.0065,0.0074,0.0592,32.87,68.31,334.17,0.0063,0.0061,0.046,16000,1024,304.5,0.915,0.0734,0.0085,0.0032
2026-08-27T07:17:37.183+02:00,1000,1024,1024,1056,351,689,3,11313,0,2944,0,0.0235,0.0216,0.0741,0.0682,0.0973,0.7426,2.82,4.134,63.585,62.74,125.58,84.24,0.008,0.0078,0.0239,103.86,25.84,98.11,0.0075,0.007,0.0257,30.48,47.85,294.69,0.0067,0.0061,0.0231,16000,1024,520.78,0.9511,0.0423,0.0056,0.001
2026-08-27T07:18:07.185+02:00,1000,1024,1024,1056,351,690,6,11319,0,2944,0,0.0234,0.0212,0.0709,0.0791,0.0851,0.704,3.256,3.121,49.638,43.65,65.17,56.04,0.0088,0.0062,0.0186,72.37,46.75,245.77,0.0076,0.0059,0.0177,2.55,105.45,47.19,0.008,0.0053,0.0177,16000,1024,581.0,0.9899,0.0071,0.0025,0.0006
2026-08-27T07:19:07.185+02:00,1000,1024,1024,1056,352,690,0,11329,0,2944,0,0.0242,0.0228,0.1543,0.0788,0.0872,1.2485,3.133,3.291,16.568,136.54,43.51,1.63,0.0068,0.0088,0.0457,27.62,39.09,185.55,0.0062,0.0072,0.0407,65.88,55.87,126.9,0.0093,0.006,0.0404,16000,1024,519.85,0.9485,0.0399,0.0096,0.0021
2026-08-27T07:19:37.185+02:00,1000,1024,1024,1056,352,690,26,11355,0,2944,0,0.0261,0.024,0.1177,0.0938,0.0868,0.8219,3.321,3.476,26.509,50.77,47.89,42.0,0.0113,0.0076,0.0451,105.21,23.28,276.13,0.0097,0.0074,0.0383,10.81,99.06,88.35,0.0079,0.0066,0.0397,16000,1024,1327.02,0.9691,0.0239,0.0057,0.0013
2026-08-27T07:20:07.186+02:00,1000,1024,1024,1056,352,692,42,11397,34,2978,0,0.0246,0.0298,0.1987,0.0935,0.1004,0.7352,3.243,3.611,7.424,24.33,350.63,350.54,0.007,0.0094,0.0725,129.9,44.39,23.58,0.0067,0.01,0.0667,82.15,83.63,384.75,0.0067,0.0092,0.065,16000,1024,289.84,0.8413,0.1,0.047,0.0118
2026-08-27T07:20:37.186+02:00,1000,1024,1024,1056,352,693,1,11398,1,2979,0,0.0223,0.0218,0.0823,0.0728,0.0892,0.7146,2.818,4.188,51.577,12.99,43.1,48.46,0.0065,0.0067,0.0318,30.31,70.17,96.61,0.0062,0.0061,0.0279,75.58,315.0,248.65,0.0078,0.006,0.0277,16000,1024,333.38,0.9092,0.0826,0.0068,0.0015
2026-08-27T07:21:07.187+02:00,1000,1024,1024,1056,352,693,15,11413,0,2979,0,0.0234,0.025,0.1274,0.0754,0.0877,0.8284,3.221,3.2,23.835,17.3,44.04,29.08,0.0083,0.0087,0.0428,157.69,38.37,407.59,0.0071,0.0086,0.0427,4.12,70.01,134.71,0.0063,0.0079,0.0393,16000,1024,518.52,0.9776,0.0174,0.0042,0.0008
2026-08-27T07:21:37.188+02:00,1000,1024,1024,1056,352,693,10,11423,1,2980,0,0.0232,0.0232,0.0866,0.0923,0.1021,0.8104,3.518,3.743,48.429,22.37,9.22,315.25,0.0078,0.007,0.0291,66.22,106.52,372.78,0.0074,0.0063,0.0294,96.18,216.49,355.95,0.0076,0.0062,0.0314,16000,1024,358.49,0.9727,0.0203,0.006,0.001
2026-08-27T07:22:07.188+02:00,1000,1024,1024,1056,352,694,3,11426,0,2980,0,0.0242,0.0211,0.0696,0.089,0.0828,0.7002,3.145,3.455,59.827,5.85,19.7,141.68,0.0079,0.0072,0.027,28.56,55.07,128.88,0.0074,0.0071,0.0243,72.22,15.11,71.04,0.007,0.0068,0.0244,16000,1024,308.2,0.8781,0.1,0.0177,0.0043
2026-08-27T07:22:37.188+02:00,1000,1024,1024,1056,352,694,0,11426,0,2980,0,0.0231,0.0204,0.0324,0.0775,0.0691,0.1027,2.938,2.919,2.63,64.0,23.98,107.62,0.0092,0.0074,0.0111,15.69,52.91,152.41,0.0073,0.0061,0.0099,42.38,15.51,136.23,0.0078,0.0059,0.0097,16000,1024,397.71,0.9386,0.045,0.0145,0.002
2026-08-27T07:23:07.189+02:00,1000,1024,1024,1056,352,695,0,11426,0,2980,0,0.0233,0.0208,0.0478,0.0779,0.0748,0.7613,2.838,3.053,126.71,131.98,40.03,36.09,0.0086,0.009,0.0133,15.02,107.11,56.32,0.0075,0.0067,0.0136,44.99,192.39,22.47,0.0069,0.0057,0.0124,16000,1024,804.9,0.9825,0.0109,0.0052,0.0013
2026-08-27T07:24:07.190+02:00,1000,1024,1024,1056,353,697,0,11439,0,2980,0,1.6152,0.2018,0.081,2.3545,0.3498,0.1851,1.523,1.595,2.075,49.14,49.14,49.1,2.326,0.2878,0.1073,147.34,147.36,97.98,0.0455,0.0527,0.0177,196.38,100.07,196.4,0.0117,0.019,0.0108,16000,1024,448.56,0.8213,0.1525,0.0143,0.0119
2026-08-27T07:24:37.190+02:00,1000,1024,1024,1056,353,699,0,11439,0,2980,0,1.4885,0.2136,0.2213,2.2166,0.388,1.4009,1.531,1.63,10.257,49.32,49.32,187.73,2.1496,0.3059,0.0841,147.96,148.04,62.32,0.0433,0.0279,0.08,55.18,99.5,125.2,0.0221,0.0203,0.0754,16000,1024,816.71,0.8676,0.1239,0.0065,0.002
2026-08-27T07:25:07.191+02:00,1000,1024,1024,1056,353,699,17,11456,1,2981,0,1.5095,0.2169,0.1132,2.3041,0.3944,0.8105,1.556,1.671,21.713,49.39,49.4,49.4,1.3813,0.181,0.0607,27.37,20.4,26.87,0.4094,0.0684,0.0392,15.31,27.33,19.61,0.4116,0.0633,0.0332,16000,1024,891.11,0.8733,0.1131,0.0116,0.0021
2026-08-27T07:25:37.206+02:00,1000,1024,1038,1070,353,700,7,11463,0,2981,0,1.5194,0.2177,0.1262,2.41,0.3879,0.8283,1.526,1.66,18.186,49.37,49.36,49.4,2.1246,0.3052,0.0748,39.89,148.34,262.93,0.0894,0.0283,0.028,30.45,100.3,280.34,0.0792,0.017,0.027,16000,1024,559.17,0.8154,0.168,0.014,0.0026
2026-08-27T07:26:07.194+02:00,1000,1024,1024,1056,353,701,3,11466,1,2982,0,1.5191,0.2188,0.0828,2.2316,0.4001,0.7464,1.527,1.648,20.645,49.34,49.34,49.28,2.1537,0.3076,0.0788,44.44,148.26,98.79,0.0834,0.0344,0.028,34.24,99.43,173.67,0.0756,0.0168,0.0173,16000,1024,733.09,0.8356,0.1547,0.0079,0.0018
2026-08-27T07:26:37.195+02:00,1000,1024,1024,1056,353,701,44,11510,27,3009,0,1.5176,0.2133,0.1752,2.447,0.3819,1.3065,1.552,1.678,12.222,49.33,49.34,271.73,1.5393,0.2113,0.0599,32.14,32.31,32.91,0.6171,0.0798,0.0521,56.82,56.84,49.21,0.4507,0.0578,0.056,16000,1024,416.39,0.7334,0.2502,0.0116,0.0048
2026-08-27T07:27:07.192+02:00,1000,1024,1024,1056,353,701,2,11512,0,3009,0,1.4776,0.2141,0.0799,2.3095,0.3747,0.6828,1.534,1.614,17.805,49.19,49.2,49.08,1.9711,0.284,0.0619,39.59,30.17,54.46,0.187,0.0252,0.0222,30.4,58.32,147.66,0.1751,0.0256,0.0224,16000,1024,514.18,0.8463,0.1434,0.0069,0.0035
2026-08-27T07:27:37.192+02:00,1000,1024,1024,1056,353,701,1,11513,0,3009,0,1.5055,0.2095,0.0684,2.2025,0.3602,0.1747,1.536,1.601,2.361,49.31,49.31,49.28,2.1595,0.2993,0.0807,41.92,99.68,98.35,0.1052,0.022,0.0193,53.91,147.92,148.08,0.103,0.0279,0.0166,16000,1024,704.63,0.8458,0.1425,0.0081,0.0036
2026-08-27T07:28:37.192+02:00,1000,1024,1024,1056,354,703,1,11515,0,3009,0,1.5925,0.2073,0.0722,2.3479,0.3817,0.1767,1.532,1.643,2.172,49.3,49.29,49.32,2.2142,0.2839,0.0856,30.47,40.02,99.1,0.1191,0.019,0.0257,35.27,147.87,147.99,0.1166,0.0208,0.0169,16000,1024,818.58,0.951,0.0451,0.0029,0.001
2026-08-27T07:29:07.192+02:00,1000,1024,1024,1056,354,703,1,11516,0,3009,0,1.6453,0.2047,0.0906,2.4419,0.3735,0.6678,1.533,1.624,11.746,49.32,49.31,49.35,2.3187,0.2835,0.0918,30.43,148.17,98.52,0.1007,0.0304,0.0233,38.13,99.75,197.19,0.0989,0.0208,0.0195,16000,1024,564.56,0.8774,0.1131,0.0074,0.0022
2026-08-27T07:29:37.194+02:00,1000,1024,1024,1056,354,703,58,11574,43,3052,0,1.6878,0.2027,0.2215,2.5012,0.3609,0.7244,1.535,1.648,5.249,49.27,49.27,49.43,2.3607,0.2751,0.0915,18.75,147.7,277.74,0.0999,0.0265,0.0878,53.89,53.44,380.98,0.0954,0.0189,0.0758,16000,1024,553.11,0.8688,0.1194,0.0089,0.0029
2026-08-27T07:30:07.194+02:00,1000,1024,1025,1058,354,704,45,11619,15,3067,0,1.6875,0.1946,0.1552,2.646,0.3434,1.0051,1.567,1.696,13.097,49.19,49.19,75.13,0.8795,0.0915,0.0422,29.27,19.65,49.16,0.7314,0.0851,0.0448,19.14,29.74,18.76,0.6665,0.0767,0.0392,16000,1024,687.15,0.927,0.0643,0.0066,0.0022
2026-08-27T07:30:37.193+02:00,1000,1024,1024,1056,354,704,9,11628,1,3068,0,1.7144,0.1964,0.1128,2.6938,0.3452,0.7484,1.55,1.644,12.607,49.23,49.23,49.24,2.1026,0.2341,0.0923,34.16,34.07,99.97,0.3135,0.0335,0.0233,42.2,42.05,162.87,0.2399,0.0307,0.0228,16000,1024,746.55,0.9261,0.067,0.005,0.0019
2026-08-27T07:31:07.193+02:00,1000,1024,1024,1056,354,704,0,11628,0,3068,0,1.7418,0.2012,0.0892,2.5732,0.3584,0.2069,1.524,1.601,2.117,49.27,49.27,49.28,2.5486,0.2914,0.1179,147.85,147.77,98.82,0.0604,0.0301,0.0219,98.52,99.77,147.94,0.0147,0.0181,0.0206,16000,1024,472.65,0.8747,0.1124,0.0094,0.0036
2026-08-27T07:31:37.195+02:00,1000,1024,1024,1056,354,704,1,11629,0,3068,0,1.7516,0.1962,0.2317,2.5861,0.4127,1.8456,1.534,1.612,15.701,49.27,49.28,49.35,2.4995,0.2759,0.1164,53.22,147.53,187.64,0.1247,0.0236,0.0953,39.6,99.57,62.64,0.1194,0.0232,0.0851,16000,1024,786.2,0.8901,0.098,0.0081,0.0038
2026-08-27T07:32:07.195+02:00,1000,1024,1024,1056,354,704,0,11629,0,3068,0,1.7614,0.1982,0.0938,2.602,0.362,0.6327,1.528,1.625,5.546,49.23,49.24,49.21,2.5588,0.2851,0.1182,147.66,147.77,147.71,0.0647,0.0317,0.0216,196.81,99.84,99.12,0.0175,0.0158,0.0215,16000,1024,732.46,0.9255,0.0691,0.0038,0.0016
2026-08-27T07:32:37.213+02:00,1000,1024,1041,1073,354,704,6,11635,0,3068,0,1.7404,0.1937,0.1253,2.5646,0.3481,0.8377,1.546,1.639,14.033,49.19,49.19,49.27,2.2456,0.244,0.0936,40.82,17.34,119.99,0.3014,0.0409,0.0292,17.55,40.68,5.23,0.2798,0.0354,0.0308,16000,1024,602.48,0.7904,0.199,0.007,0.0036
2026-08-27T07:33:07.197+02:00,1000,1024,1024,1056,354,705,3,11638,1,3069,0,1.819,0.1964,0.093,2.6872,0.3673,0.226,1.529,1.683,1.99,49.24,49.25,49.22,2.6356,0.2852,0.1243,147.7,147.44,147.49,0.0684,0.0333,0.0222,54.2,100.18,98.75,0.0187,0.0171,0.0176,16000,1024,655.03,0.8803,0.1135,0.0039,0.0024
2026-08-27T07:33:37.197+02:00,1000,1024,1024,1056,354,705,1,11639,0,3069,0,1.816,0.1969,0.1097,2.7015,0.356,0.6868,1.532,1.606,11.259,49.22,49.23,49.13,2.5785,0.279,0.1145,40.01,147.61,147.63,0.0683,0.0293,0.0287,27.23,99.7,201.07,0.0672,0.0211,0.0208,16000,1024,580.64,0.915,0.0756,0.0071,0.0023
2026-08-27T07:34:07.197+02:00,1000,1024,1024,1056,354,705,1,11640,0,3069,0,1.8341,0.1957,0.1311,2.7488,0.3614,1.9152,1.528,1.606,75.469,49.14,49.13,49.19,2.5286,0.2681,0.1216,53.22,147.42,98.97,0.1429,0.0301,0.0222,33.09,53.88,148.23,0.1229,0.0192,0.0168,16000,1024,528.3,0.8713,0.1165,0.0079,0.0043
2026-08-27T07:34:37.213+02:00,1000,1024,1041,1073,354,706,34,11674,2,3071,0,1.8043,0.1931,0.1575,2.9255,0.359,0.7637,1.553,1.681,9.642,16.03,20.72,16.05,1.2081,0.0893,0.0648,49.18,49.16,49.2,0.8408,0.0827,0.0531,20.64,13.23,80.34,0.7117,0.095,0.0417,16000,1024,612.42,0.8842,0.1024,0.0092,0.0043
2026-08-27T07:35:07.197+02:00,1000,1024,1024,1056,354,707,42,11716,14,3085,0,1.8194,0.192,0.1971,3.4098,0.3833,0.8317,1.573,1.681,7.471,49.23,49.18,343.95,1.0312,0.1146,0.0725,28.76,32.98,30.5,0.8616,0.0746,0.0661,32.93,28.78,327.83,0.6999,0.0787,0.0725,16000,1024,718.15,0.8853,0.1021,0.0099,0.0026
2026-08-27T07:35:37.198+02:00,1000,1024,1024,1056,354,707,1,11717,0,3085,0,1.8611,0.1941,0.096,2.7136,0.3523,0.2085,1.522,1.616,1.91,49.19,49.2,49.21,2.5887,0.2653,0.1249,34.05,147.36,147.41,0.1483,0.029,0.0182,28.56,40.12,98.13,0.1468,0.0218,0.0194,16000,1024,772.6,0.9436,0.052,0.0032,0.0011
2026-08-27T07:36:07.199+02:00,1000,1024,1024,1056,354,707,0,11717,0,3085,0,1.8718,0.1918,0.0992,2.7547,0.3657,0.2342,1.527,1.607,1.954,49.19,49.19,49.2,2.7168,0.272,0.1335,147.51,147.7,147.43,0.066,0.031,0.0278,196.67,99.96,98.38,0.0158,0.0189,0.0228,16000,1024,1426.14,0.9787,0.0195,0.0015,0.0004
2026-08-27T07:36:37.199+02:00,1000,1024,1024,1056,354,708,12,11729,2,3087,0,1.8325,0.1909,0.1348,2.7196,0.3606,1.4613,1.539,1.642,28.231,49.19,49.16,44.77,1.6809,0.1736,0.0665,44.43,44.43,49.32,0.7512,0.0759,0.0531,36.27,10.84,32.61,0.5579,0.0569,0.0484,16000,1024,1316.57,0.9842,0.0145,0.0009,0.0004
2026-08-27T07:37:07.199+02:00,1000,1024,1024,1056,354,708,0,11729,0,3087,0,1.8533,0.1946,0.0986,2.6987,0.3535,0.4954,1.524,1.612,2.948,49.17,49.17,49.17,2.6784,0.2779,0.1232,147.4,147.37,98.24,0.0687,0.0341,0.0245,196.54,99.95,147.63,0.0168,0.02,0.018,16000,1024,516.95,0.8457,0.1405,0.0092,0.0046
2026-08-27T07:37:37.199+02:00,1000,1024,1024,1056,354,710,0,11729,0,3087,0,1.8866,0.1911,0.0973,2.7747,0.3337,0.5271,1.521,1.614,3.363,49.16,49.16,49.16,2.7104,0.2725,0.1202,147.36,147.71,147.32,0.0706,0.0321,0.0247,196.28,99.61,99.27,0.0148,0.018,0.0186,16000,1024,665.77,0.8632,0.1277,0.0065,0.0026
2026-08-27T07:38:07.201+02:00,1000,1024,1024,1056,354,711,18,11747,1,3088,0,1.8764,0.1888,0.1325,2.9697,0.349,0.8129,1.549,1.631,11.246,49.05,49.02,48.83,1.5655,0.1605,0.0878,36.27,36.21,16.99,0.606,0.0647,0.0443,16.72,13.94,30.94,0.5808,0.0545,0.0397,16000,1024,597.19,0.8904,0.0931,0.0124,0.0041
2026-08-27T07:39:07.201+02:00,1000,1024,1024,1056,355,712,10,11775,3,3091,0,1.929,0.1908,0.142,2.8349,0.3375,1.1247,1.534,1.641,14.769,49.06,49.05,49.13,1.8399,0.1735,0.1173,28.52,22.07,53.22,0.5617,0.0538,0.0499,35.13,28.68,2.09,0.5356,0.0492,0.0466,16000,1024,553.92,0.8474,0.1392,0.0103,0.003
2026-08-27T07:39:37.202+02:00,1000,1024,1024,1056,355,713,0,11775,0,3091,0,1.9652,0.188,0.213,2.8838,0.3584,1.4987,1.517,1.679,10.852,49.16,49.15,49.27,2.8342,0.266,0.1042,147.4,147.34,187.62,0.0753,0.0344,0.071,196.61,100.01,378.61,0.0169,0.0187,0.0717,16000,1024,682.58,0.8852,0.1065,0.0063,0.002
2026-08-27T07:40:07.202+02:00,1000,1024,1024,1056,355,715,15,11790,1,3092,0,1.906,0.1892,0.1482,3.5128,0.3565,0.8108,1.573,1.637,11.058,49.12,49.12,49.09,1.8965,0.1855,0.0839,28.52,1.8,43.06,0.5554,0.0583,0.0437,53.22,53.22,28.8,0.6175,0.06,0.0408,16000,1024,509.51,0.7316,0.2471,0.0149,0.0064
2026-08-27T07:40:37.201+02:00,1000,1024,1024,1056,355,715,1,11791,0,3092,0,1.9448,0.1896,0.1137,2.8578,0.3695,0.8156,1.524,1.654,8.394,49.13,49.14,49.11,2.702,0.258,0.1261,44.21,147.54,147.34,0.1281,0.0311,0.0367,36.39,42.49,76.15,0.1255,0.018,0.0229,16000,1024,645.05,0.8747,0.1166,0.0063,0.0023
2026-08-27T07:41:07.202+02:00,1000,1024,1024,1056,355,715,0,11791,0,3092,0,1.9903,0.192,0.1179,2.9156,0.3431,0.7812,1.516,1.61,8.26,49.1,49.11,49.13,2.8513,0.2702,0.1364,147.29,147.43,147.42,0.0688,0.0273,0.0304,53.22,99.95,98.73,0.0441,0.0236,0.0209,16000,1024,539.51,0.858,0.1277,0.0117,0.0026
2026-08-27T07:41:37.205+02:00,1000,1024,1024,1056,355,715,0,11791,0,3092,0,1.9891,0.1922,0.1221,2.8735,0.3395,0.7785,1.516,1.63,8.97,49.15,49.16,49.17,2.8564,0.275,0.1388,147.39,147.31,99.92,0.0695,0.0295,0.0263,196.63,100.01,147.33,0.0191,0.0203,0.0171,16000,1024,939.75,0.9268,0.0674,0.0046,0.0012
2026-08-27T07:42:07.204+02:00,1000,1024,1024,1056,355,716,7,11798,1,3093,0,2.0241,0.1927,0.1211,3.0861,0.3434,0.7184,1.535,1.607,5.744,49.15,49.11,49.19,2.0274,0.185,0.094,27.29,27.31,27.39,0.7618,0.0627,0.0389,22.95,22.95,56.1,0.4633,0.0489,0.0352,16000,1024,911.53,0.8996,0.0918,0.0061,0.0025
2026-08-27T07:42:37.204+02:00,1000,1024,1024,1056,355,717,0,11798,0,3093,0,2.0395,0.1907,0.1136,2.9696,0.3436,0.6709,1.518,1.627,3.802,49.14,49.15,49.16,2.9405,0.2726,0.1414,147.38,147.25,147.29,0.0746,0.031,0.0278,196.58,100.06,130.88,0.0213,0.0223,0.0194,16000,1024,488.9,0.7992,0.1821,0.0146,0.0041
2026-08-27T07:43:07.204+02:00,1000,1024,1024,1056,355,717,0,11798,0,3093,0,2.0466,0.1924,0.1096,2.9956,0.3678,0.2685,1.523,1.627,1.866,49.14,49.13,49.14,2.951,0.2741,0.1485,147.35,147.31,147.4,0.0787,0.0285,0.03,196.59,99.81,98.2,0.0195,0.0198,0.0278,16000,1024,496.35,0.7994,0.1797,0.0169,0.004
2026-08-27T07:43:37.204+02:00,1000,1024,1024,1056,355,717,0,11798,0,3093,0,2.0698,0.1892,0.2279,3.0413,0.3487,1.1689,1.519,1.68,6.075,49.14,49.15,49.05,2.9698,0.2676,0.1542,147.42,147.35,124.54,0.0791,0.0266,0.0749,196.61,99.74,187.73,0.0186,0.0209,0.0604,16000,1024,485.44,0.7184,0.263,0.0148,0.0039
2026-08-27T07:44:37.205+02:00,1000,1024,1024,1056,356,718,1,11839,0,3109,0,2.1183,0.1902,0.2591,3.0882,0.334,1.3528,1.517,1.614,6.48,49.17,49.16,48.96,2.9704,0.2592,0.1386,37.68,147.32,124.98,0.1093,0.0248,0.1103,42.7,37.36,187.6,0.1085,0.0225,0.1077,16000,1024,729.07,0.9214,0.0715,0.0058,0.0013
2026-08-27T07:45:37.204+02:00,1000,1024,1024,1056,357,718,0,11849,0,3116,0,2.1695,0.1914,0.1275,3.1817,0.337,0.7913,1.512,1.638,4.302,49.13,49.14,49.09,3.1189,0.2758,0.1667,147.31,147.18,147.47,0.0653,0.0328,0.0264,53.39,99.97,84.05,0.0488,0.0167,0.0144,16000,1024,623.67,0.7733,0.2141,0.0093,0.0033
2026-08-27T07:46:07.207+02:00,1000,1024,1024,1056,357,719,1,11850,0,3116,0,2.1605,0.1986,0.1215,3.1328,0.3464,0.2608,1.52,1.634,1.803,49.14,49.15,49.11,3.0037,0.2679,0.1611,43.56,147.53,147.33,0.165,0.0326,0.0254,33.41,34.26,98.51,0.1533,0.0201,0.0252,16000,1024,540.12,0.8598,0.1296,0.0078,0.0028
2026-08-27T07:47:07.206+02:00,1000,1024,1024,1056,358,720,0,11855,0,3117,0,2.1417,0.1951,0.1198,3.1112,0.357,0.2403,1.517,1.628,1.774,49.16,49.16,49.16,3.0972,0.2781,0.1663,147.43,147.52,147.54,0.0728,0.0359,0.0257,196.44,99.58,98.24,0.0144,0.0232,0.025,16000,1024,589.49,0.9314,0.0589,0.0076,0.002
2026-08-27T07:48:37.207+02:00,1000,1024,1024,1056,360,724,0,11864,0,3118,0,2.1618,0.1944,0.1195,3.1643,0.3433,0.25,1.511,1.615,1.742,49.15,49.15,49.14,3.1083,0.2753,0.1628,147.44,147.5,147.32,0.0755,0.0314,0.0283,196.27,99.91,98.25,0.0157,0.0175,0.0196,16000,1024,576.06,0.8493,0.1287,0.0159,0.0062
2026-08-27T07:50:07.222+02:00,1000,1024,1024,1057,362,726,4,11888,1,3132,0,2.2044,0.1922,0.1337,3.3067,0.3407,0.6839,1.517,1.606,4.732,49.11,49.11,49.07,2.8333,0.2507,0.1362,25.48,147.42,147.26,0.3645,0.0324,0.0307,44.43,23.53,43.46,0.3166,0.0266,0.0284,16000,1024,645.81,0.8623,0.1241,0.0104,0.0033
2026-08-27T07:50:37.221+02:00,1000,1024,1024,1056,362,727,2,11890,0,3132,0,2.1653,0.1945,0.1805,3.2347,0.3627,1.7434,1.53,1.647,27.105,49.02,48.98,48.89,2.9582,0.2581,0.127,32.56,147.04,2.63,0.1693,0.0352,0.0433,24.52,99.9,20.14,0.1676,0.0229,0.0438,16000,1024,732.36,0.8904,0.1011,0.007,0.0015
2026-08-27T07:51:37.223+02:00,1000,1024,1024,1056,363,729,0,11891,0,3132,0,2.2135,0.1914,0.2769,3.2249,0.3483,1.4632,1.506,1.698,7.212,49.13,49.12,48.98,3.1753,0.269,0.2129,147.38,147.22,187.52,0.0718,0.0354,0.08,196.44,99.7,263.67,0.0236,0.0238,0.0775,16000,1024,813.18,0.8676,0.1198,0.0105,0.0021
2026-08-27T07:52:07.223+02:00,1000,1024,1024,1056,363,729,4,11895,1,3133,0,2.2294,0.1948,0.1599,3.3016,0.3444,1.1183,1.528,1.625,9.606,49.13,49.14,49.17,3.1177,0.2653,0.1709,43.55,147.35,147.59,0.0933,0.0293,0.0327,18.6,100.11,65.42,0.0828,0.0227,0.0216,16000,1024,751.9,0.8483,0.1404,0.0087,0.0026
2026-08-27T07:52:37.224+02:00,1000,1024,1024,1056,363,730,2,11897,1,3134,0,2.2326,0.1951,0.142,3.2688,0.335,0.8381,1.513,1.624,5.555,49.12,49.12,49.13,3.1982,0.2748,0.1831,147.35,147.42,147.29,0.0741,0.0336,0.0245,54.48,99.97,98.85,0.0185,0.0185,0.0182,16000,1024,511.23,0.8273,0.1614,0.0089,0.0024
2026-08-27T07:53:07.223+02:00,1000,1024,1024,1056,363,730,4,11901,1,3135,0,2.2681,0.1952,0.1497,3.6647,0.3521,0.9164,1.513,1.617,6.89,49.15,49.14,49.1,2.782,0.2371,0.1321,40.59,53.7,40.65,0.4927,0.0395,0.0395,53.55,40.7,6.47,0.4473,0.0375,0.0328,16000,1024,633.82,0.9046,0.0854,0.0082,0.0019
2026-08-27T07:53:37.224+02:00,1000,1024,1024,1056,363,730,0,11901,0,3135,0,2.2949,0.1958,0.1446,3.3562,0.3486,0.8544,1.509,1.623,5.884,49.13,49.13,49.12,3.2988,0.2787,0.1827,147.31,147.21,147.47,0.0745,0.0333,0.0281,196.54,99.73,98.08,0.02,0.0231,0.0204,16000,1024,635.29,0.8901,0.1029,0.0055,0.0015
2026-08-27T07:54:07.224+02:00,1000,1024,1024,1056,363,730,0,11901,0,3135,0,2.3041,0.194,0.1368,3.9362,0.3668,0.668,1.511,1.646,2.588,49.13,49.13,49.13,3.3105,0.2756,0.1863,147.25,147.24,147.2,0.0643,0.0321,0.0257,196.72,100.14,97.81,0.023,0.0234,0.02,16000,1024,814.28,0.8998,0.0965,0.003,0.0006
2026-08-27T07:55:37.226+02:00,1000,1024,1024,1056,365,730,0,11905,0,3136,0,0.0229,0.0227,0.1033,0.0872,0.0807,0.728,3.005,3.496,36.359,149.66,28.25,249.97,0.0075,0.008,0.0377,55.03,139.72,187.57,0.0067,0.0065,0.0362,156.21,65.85,62.59,0.0062,0.007,0.0359,16000,1024,422.28,0.9462,0.0465,0.0062,0.001
2026-08-27T07:56:07.224+02:00,1000,1024,1024,1056,365,731,3,11908,0,3136,0,0.0242,0.0222,0.1555,0.1081,0.069,0.805,3.059,3.049,14.101,173.13,1.97,187.7,0.0079,0.0065,0.0542,98.87,65.72,230.28,0.0068,0.0064,0.0486,105.96,37.53,393.88,0.0077,0.0065,0.0432,16000,1024,489.69,0.9471,0.043,0.0083,0.0016
2026-08-27T07:56:37.227+02:00,1000,1024,1024,1056,365,732,1,11909,1,3137,0,0.023,0.0209,0.0566,0.0828,0.0816,0.7431,3.072,3.296,95.09,54.74,91.96,167.11,0.0089,0.0062,0.0169,7.28,87.26,217.63,0.0074,0.0062,0.0169,23.13,191.93,120.26,0.007,0.0059,0.0157,16000,1024,389.57,0.9796,0.0134,0.0061,0.0009
2026-08-27T07:57:07.230+02:00,1000,1024,1024,1056,365,733,2,11911,1,3138,0,0.0245,0.0212,0.059,0.0708,0.083,0.7489,2.742,2.993,86.627,10.33,145.33,106.6,0.0086,0.0068,0.0127,24.6,133.59,195.85,0.0078,0.0065,0.0127,29.46,61.86,161.57,0.0072,0.0061,0.0126,16000,1024,593.18,0.9698,0.0233,0.0062,0.0008
2026-08-27T07:57:37.234+02:00,1000,1024,1024,1056,365,733,1,11912,0,3138,0,0.0219,0.0222,0.0772,0.0698,0.0702,0.756,2.953,3.21,61.372,38.55,36.02,96.54,0.0078,0.0072,0.0236,120.38,52.34,90.85,0.0068,0.0072,0.0228,28.85,90.68,68.58,0.0068,0.0064,0.0215,16000,1024,519.66,0.9669,0.0274,0.005,0.0007
2026-08-27T07:58:07.252+02:00,1000,1024,1024,1056,365,733,1,11913,0,3138,0,0.0234,0.0222,0.1901,0.0747,0.1822,1.9391,2.911,9.643,30.363,150.84,38.95,187.52,0.0087,0.0056,0.0508,66.77,18.35,62.38,0.0067,0.0056,0.051,13.36,277.47,121.03,0.0064,0.0053,0.0479,16000,1024,541.51,0.9581,0.0366,0.0044,0.0009
2026-08-27T07:58:37.233+02:00,1000,1024,1024,1056,365,735,1,11914,0,3138,0,0.0236,0.0219,0.1884,0.0776,0.0748,0.6996,3.008,2.914,7.993,6.24,159.1,18.6,0.0086,0.0071,0.0808,125.19,168.26,187.35,0.0063,0.0073,0.0724,73.32,88.92,438.91,0.0061,0.0062,0.072,16000,1024,402.69,0.96,0.0312,0.0079,0.0009
2026-08-27T07:59:07.231+02:00,1000,1024,1024,1056,365,735,1,11915,0,3138,0,0.0219,0.0238,0.1065,0.074,0.094,0.7347,2.905,3.572,34.37,36.99,19.76,125.04,0.0068,0.0077,0.0326,118.44,52.35,62.37,0.0068,0.0082,0.032,51.97,93.8,187.38,0.0065,0.0072,0.0314,16000,1024,428.44,0.9528,0.0372,0.0088,0.0012
2026-08-27T07:59:37.234+02:00,1000,1024,1024,1056,365,736,0,11915,0,3138,0,0.0242,0.0211,0.1195,0.0888,0.0783,1.2782,2.912,3.503,38.66,59.72,99.55,89.67,0.0078,0.0069,0.0522,10.67,61.87,189.1,0.0073,0.0068,0.0469,23.96,119.66,312.7,0.0077,0.0067,0.0454,16000,1024,491.37,0.9555,0.0321,0.0106,0.0017
2026-08-27T08:00:07.236+02:00,1000,1024,1024,1056,365,736,2,11917,0,3138,0,0.0237,0.0214,0.0963,0.0806,0.0704,0.8123,3.049,3.35,39.278,34.69,71.95,97.68,0.0083,0.0072,0.0305,195.1,31.08,195.04,0.0069,0.0067,0.0318,185.78,152.65,107.54,0.0067,0.0067,0.0293,16000,1024,491.74,0.9393,0.0486,0.011,0.001
2026-08-27T08:00:37.240+02:00,1000,1024,1024,1056,365,736,0,11917,0,3138,0,0.0243,0.0205,0.0309,0.0854,0.0766,0.1014,3.106,3.298,2.757,120.84,258.87,49.6,0.0082,0.008,0.0131,65.36,133.48,169.1,0.007,0.007,0.0101,27.96,58.42,23.52,0.0069,0.0068,0.0088,16000,1024,395.68,0.9673,0.0255,0.0063,0.0008
2026-08-27T08:01:07.239+02:00,1000,1024,1024,1056,365,736,3,11920,0,3138,0,0.0243,0.0212,0.0332,0.0854,0.0723,0.1053,3.139,2.965,3.075,145.45,130.57,172.05,0.0089,0.0075,0.0101,101.38,36.09,17.54,0.0073,0.0059,0.0085,52.32,11.08,32.05,0.0075,0.0059,0.0085,16000,1024,376.14,0.9521,0.0321,0.0143,0.0015
2026-08-27T08:01:37.240+02:00,1000,1024,1024,1056,365,737,0,11920,0,3138,0,0.0244,0.0197,0.0665,0.0955,0.0684,0.7154,3.606,3.47,72.462,40.74,58.08,300.76,0.0084,0.0069,0.018,1.7,102.4,88.6,0.0079,0.0059,0.0177,21.0,27.29,149.85,0.0088,0.0058,0.0182,16000,1024,548.66,0.9643,0.0286,0.0063,0.0008
2026-08-27T08:02:07.229+02:00,1000,1024,1024,1056,365,737,36,11956,1,3139,0,0.0269,0.0272,0.1434,0.1099,0.104,0.9171,3.534,3.596,17.67,46.92,77.39,398.4,0.0093,0.0104,0.0632,92.75,6.26,38.11,0.0079,0.0087,0.0511,78.56,98.46,360.17,0.0084,0.0073,0.0485,16000,1024,487.03,0.965,0.0256,0.0086,0.0009
2026-08-27T08:02:37.239+02:00,1000,1024,1024,1056,365,738,0,11956,0,3139,0,0.0228,0.0217,0.0666,0.078,0.0732,0.7474,3.139,2.82,69.897,57.92,7.06,33.16,0.0075,0.0069,0.022,148.22,2.07,154.3,0.0068,0.0064,0.0197,85.33,148.83,168.77,0.007,0.0062,0.0196,16000,1024,399.81,0.9679,0.0219,0.009,0.0012
2026-08-27T08:03:07.235+02:00,1000,1024,1024,1056,365,738,9,11965,0,3139,0,0.0229,0.0208,0.1287,0.0731,0.117,2.2583,3.054,4.124,199.161,106.12,219.55,113.33,0.0076,0.0064,0.0133,49.64,40.33,48.78,0.0068,0.0054,0.0125,41.15,98.1,60.21,0.0068,0.0058,0.0117,16000,1024,309.43,0.9245,0.0549,0.0187,0.002
2026-08-27T08:03:37.232+02:00,1000,1024,1024,1056,365,739,0,11965,0,3139,0,0.0243,0.0212,0.0531,0.081,0.0643,0.6573,2.914,2.98,84.163,87.83,64.09,168.67,0.0104,0.0068,0.0147,123.18,108.58,178.46,0.0078,0.0065,0.0142,6.09,133.68,261.85,0.0075,0.0062,0.0137,16000,1024,368.61,0.9252,0.0559,0.0172,0.0018
2026-08-27T08:04:07.235+02:00,1000,1024,1024,1056,365,739,1,11966,0,3139,0,0.0247,0.0213,0.0574,0.0862,0.0794,0.7033,3.295,3.13,84.198,18.07,36.59,26.05,0.0069,0.007,0.0166,51.95,142.35,210.58,0.0062,0.0068,0.0162,166.38,133.59,140.51,0.0064,0.0064,0.0153,16000,1024,351.77,0.9365,0.0507,0.0112,0.0016
2026-08-27T08:05:07.233+02:00,1000,1024,1024,1056,366,740,4,11974,2,3141,0,0.0238,0.0221,0.0701,0.0795,0.0821,0.7179,2.819,3.153,58.662,40.59,87.24,14.4,0.0093,0.0072,0.026,77.93,45.33,79.74,0.0075,0.0073,0.0238,69.28,112.54,331.94,0.0072,0.0062,0.0228,16000,1024,508.65,0.9746,0.0187,0.0057,0.001
2026-08-27T08:05:37.238+02:00,1000,1024,1024,1056,366,741,7,11981,0,3141,0,0.0251,0.0224,0.0812,0.087,0.0861,0.7269,3.325,3.297,53.973,43.85,106.4,222.78,0.0083,0.0071,0.0299,16.06,128.03,141.13,0.0086,0.0068,0.0272,2.77,100.41,40.32,0.0076,0.0066,0.0253,16000,1024,586.82,0.9827,0.013,0.0037,0.0006
2026-08-27T08:06:07.255+02:00,1000,1024,1045,1077,366,742,35,12016,1,3142,0,0.0238,0.0234,0.0767,0.0701,0.0753,0.7356,2.876,3.187,53.226,69.01,62.29,53.86,0.0093,0.0086,0.0243,75.21,99.36,17.66,0.0073,0.008,0.0214,124.79,30.65,193.45,0.0059,0.0074,0.0201,16000,1024,489.35,0.9643,0.0274,0.0076,0.0007
2026-08-27T08:07:07.238+02:00,1000,1024,1024,1056,367,742,1,12029,0,3142,0,0.0249,0.0194,0.119,0.0807,0.076,0.7177,3.163,3.473,24.087,5.0,2.9,357.22,0.0086,0.0061,0.0328,31.55,29.05,75.45,0.0088,0.0059,0.0317,100.82,109.88,183.53,0.0075,0.0061,0.0311,16000,1024,667.36,0.9909,0.0055,0.0033,0.0004
2026-08-27T08:07:37.235+02:00,1000,1024,1024,1056,367,742,2,12031,0,3142,0,0.0226,0.0196,0.0487,0.0789,0.0588,0.7258,3.111,2.599,95.902,86.92,64.64,47.94,0.006,0.0054,0.0162,102.63,9.55,66.89,0.006,0.0055,0.0171,49.82,119.72,131.16,0.0058,0.0057,0.012,16000,1024,417.1,0.9745,0.0181,0.0063,0.0011
2026-08-27T08:08:07.248+02:00,1000,1024,1024,1056,367,743,1,12032,0,3142,0,0.0236,0.0223,0.1157,0.0821,0.0766,1.0096,3.055,3.617,33.948,184.88,312.36,154.66,0.0079,0.0063,0.0324,135.63,250.08,62.5,0.0074,0.006,0.0267,193.4,29.65,93.9,0.0068,0.0062,0.0236,16000,1024,370.2,0.9329,0.0403,0.0244,0.0025
2026-08-27T08:08:37.255+02:00,1000,1024,1024,1056,367,745,1,12033,0,3142,0,0.0232,0.0218,0.0312,0.0833,0.0748,0.1078,3.061,2.98,3.228,22.48,35.87,102.37,0.0078,0.0072,0.0109,57.39,81.22,69.57,0.0077,0.0071,0.0107,69.14,70.78,141.42,0.0068,0.0063,0.0092,16000,1024,507.9,0.9448,0.0412,0.0122,0.0018
2026-08-27T08:09:07.236+02:00,1000,1024,1024,1056,367,745,12,12045,3,3145,0,0.0238,0.0229,0.0769,0.0781,0.0892,0.7109,3.179,3.258,49.607,18.81,55.54,143.76,0.0078,0.0087,0.0305,60.5,190.34,199.69,0.0077,0.0066,0.0302,129.88,23.47,94.77,0.0069,0.0062,0.028,16000,1024,603.99,0.9623,0.0326,0.0045,0.0006
2026-08-27T08:09:37.235+02:00,1000,1024,1024,1056,367,746,7,12052,0,3145,0,0.0226,0.0226,0.0802,0.0705,0.0991,0.716,3.156,3.812,50.928,232.58,59.39,20.65,0.0071,0.0061,0.0157,98.99,75.75,70.41,0.0074,0.0065,0.0153,92.16,30.75,86.92,0.0069,0.0061,0.0145,16000,1024,502.07,0.9085,0.0753,0.014,0.0022
2026-08-27T08:10:07.235+02:00,1000,1024,1024,1056,367,746,0,12052,0,3145,0,0.0244,0.0219,0.0702,0.0762,0.0859,0.6927,2.953,3.554,58.185,45.46,218.68,245.49,0.0085,0.0074,0.024,79.96,113.11,320.32,0.0079,0.0074,0.0219,31.51,27.57,47.94,0.0075,0.0065,0.0209,16000,1024,389.02,0.927,0.0628,0.0086,0.0015
2026-08-27T08:10:37.243+02:00,1000,1024,1024,1056,367,746,3,12055,0,3145,0,0.0249,0.0227,0.075,0.0866,0.104,0.7938,2.886,3.55,65.993,86.27,62.49,65.22,0.0084,0.0065,0.0142,75.53,3.78,131.2,0.0074,0.0065,0.014,110.07,86.1,191.6,0.0064,0.0064,0.013,16000,1024,346.1,0.8984,0.0837,0.0158,0.0021
2026-08-27T08:11:07.256+02:00,1000,1024,1028,1061,367,747,38,12093,2,3147,0,0.0284,0.0268,0.1409,0.0885,0.0897,0.8044,2.893,3.287,18.966,2.06,67.12,77.09,0.0103,0.0087,0.0422,95.64,44.31,420.84,0.0096,0.0087,0.0406,13.01,94.44,371.31,0.0078,0.0084,0.041,16000,1024,440.21,0.9626,0.0248,0.0113,0.0014
2026-08-27T08:11:37.238+02:00,1000,1024,1024,1056,367,747,2,12095,0,3147,0,0.0242,0.0229,0.0872,0.0735,0.0963,0.7136,2.903,3.381,47.136,26.32,80.78,12.73,0.0093,0.0099,0.0293,40.21,126.88,437.47,0.0083,0.0074,0.029,53.66,117.03,125.26,0.0076,0.0066,0.0291,16000,1024,629.87,0.9854,0.0118,0.0023,0.0005
2026-08-27T08:12:07.246+02:00,1000,1024,1024,1056,367,748,0,12095,0,3147,0,0.0223,0.021,0.1656,0.0701,0.0771,1.365,2.92,2.837,22.639,22.68,44.0,62.67,0.0071,0.0064,0.0601,27.51,104.84,121.7,0.007,0.0067,0.0563,79.59,150.86,269.74,0.0084,0.0068,0.0519,16000,1024,474.44,0.9622,0.032,0.0048,0.001
2026-08-27T08:12:37.245+02:00,1000,1024,1024,1056,367,749,38,12133,5,3152,0,0.0274,0.0265,0.1617,0.0918,0.0898,0.9841,3.252,3.353,13.422,172.96,79.99,45.55,0.0101,0.0076,0.0549,49.86,92.56,32.73,0.0086,0.0077,0.065,104.72,22.0,469.87,0.0088,0.008,0.0487,16000,1024,445.2,0.8331,0.1557,0.0104,0.0009
2026-08-27T08:13:07.239+02:00,1000,1024,1024,1056,367,749,4,12137,1,3153,0,0.0234,0.0218,0.0957,0.0683,0.0933,1.3978,2.833,3.277,85.44,37.76,23.24,38.81,0.0081,0.0069,0.0344,248.41,115.9,62.32,0.0066,0.0062,0.0294,69.09,95.82,100.78,0.0064,0.0058,0.028,16000,1024,581.54,0.9808,0.0154,0.0033,0.0005
2026-08-27T08:13:37.241+02:00,1000,1024,1024,1056,367,750,12,12149,0,3153,0,0.0239,0.0219,0.0698,0.0882,0.0764,0.7814,3.365,2.95,61.195,62.08,113.74,53.09,0.0096,0.0084,0.0141,91.85,88.88,141.52,0.006,0.0065,0.011,109.32,158.7,38.52,0.0059,0.0066,0.0121,16000,1024,424.09,0.9464,0.0415,0.0108,0.0012
2026-08-27T08:14:07.242+02:00,1000,1024,1024,1056,367,750,0,12149,0,3153,0,0.0232,0.0216,0.0861,0.0844,0.0821,0.6986,3.091,3.545,46.814,214.11,44.32,32.15,0.0068,0.0092,0.0239,49.79,136.44,155.61,0.0062,0.0064,0.0231,255.29,209.56,142.37,0.0064,0.0057,0.0225,16000,1024,429.59,0.9682,0.021,0.0098,0.0011
2026-08-27T08:15:07.242+02:00,1000,1024,1024,1056,368,750,0,12152,0,3153,0,0.0236,0.0215,0.0539,0.0777,0.0886,0.7274,3.116,3.639,90.971,74.44,136.33,165.2,0.0066,0.0062,0.0197,82.32,110.29,205.35,0.0064,0.0058,0.0146,40.33,181.77,19.42,0.0062,0.0058,0.0141,16000,1024,579.94,0.9377,0.0536,0.0076,0.0011
2026-08-27T08:15:37.245+02:00,1000,1024,1024,1056,368,750,0,12152,0,3153,0,0.0247,0.0207,0.0543,0.0795,0.0791,0.7261,3.153,3.232,91.848,114.14,14.6,91.9,0.0101,0.0062,0.0165,47.98,49.22,15.64,0.0069,0.0061,0.0144,43.28,91.03,102.81,0.0069,0.0057,0.0123,16000,1024,348.48,0.8409,0.1207,0.0353,0.0031
2026-08-27T08:16:07.241+02:00,1000,1024,1024,1056,368,752,2,12154,0,3153,0,0.0233,0.0208,0.1602,0.0799,0.0716,1.3602,3.136,3.23,19.775,148.12,159.9,187.22,0.0083,0.0064,0.069,43.84,2.26,104.27,0.0069,0.0064,0.0624,105.11,55.69,62.73,0.0064,0.006,0.0589,16000,1024,677.11,0.9776,0.0175,0.0044,0.0005
2026-08-27T08:16:37.242+02:00,1000,1024,1024,1056,368,752,8,12162,0,3153,0,0.0246,0.0221,0.1015,0.0818,0.1024,0.7474,3.066,4.524,37.029,47.16,10.27,15.79,0.0079,0.0077,0.0287,29.69,164.94,163.36,0.008,0.0061,0.0259,77.97,54.61,34.61,0.0077,0.0057,0.0253,16000,1024,576.52,0.9763,0.0166,0.0063,0.0007
2026-08-27T08:17:07.264+02:00,1000,1024,1037,1069,368,755,40,12202,10,3163,0,0.026,0.0241,0.1037,0.0891,0.0899,0.776,2.947,3.149,29.899,2.38,38.12,463.23,0.0104,0.0095,0.0366,150.56,73.99,36.09,0.0077,0.0076,0.0339,29.09,55.63,72.3,0.0072,0.0067,0.0324,16000,1024,511.42,0.9851,0.0104,0.004,0.0006
2026-08-27T08:17:37.251+02:00,1000,1024,1024,1056,368,755,1,12203,0,3163,0,0.023,0.0232,0.1109,0.0846,0.1032,0.7127,2.961,4.31,30.258,92.47,25.22,187.47,0.0078,0.008,0.035,2.14,102.7,250.28,0.0069,0.0064,0.0372,145.64,55.71,374.86,0.0067,0.0061,0.0341,16000,1024,627.69,0.9867,0.0078,0.005,0.0005
2026-08-27T08:18:37.244+02:00,1000,1024,1024,1056,369,756,0,12232,0,3173,0,0.0245,0.0197,0.078,0.1004,0.0742,0.6899,2.975,3.504,50.361,87.84,110.28,102.66,0.0084,0.0061,0.0145,179.85,72.41,176.77,0.0077,0.006,0.0141,49.57,120.17,13.52,0.0073,0.0052,0.0131,16000,1024,337.09,0.968,0.0201,0.0101,0.0018
2026-08-27T08:19:07.249+02:00,1000,1024,1024,1056,369,757,6,12238,1,3174,0,0.0246,0.0214,0.0713,0.1064,0.0938,0.727,4.105,3.552,56.152,57.56,35.07,103.27,0.0104,0.0072,0.0186,148.32,30.33,63.81,0.007,0.0065,0.0179,51.66,162.88,21.42,0.0068,0.0057,0.017,16000,1024,846.44,0.9955,0.003,0.0012,0.0002
2026-08-27T08:19:37.243+02:00,1000,1024,1024,1056,369,757,1,12239,0,3174,0,0.0232,0.0217,0.0848,0.0709,0.0747,0.7065,2.824,3.107,37.852,71.46,56.34,80.07,0.0066,0.0083,0.0349,199.6,11.7,179.97,0.0068,0.0078,0.0354,123.53,77.91,300.0,0.0065,0.0058,0.0335,16000,1024,434.47,0.9505,0.0318,0.016,0.0017
2026-08-27T08:20:07.277+02:00,1000,1024,1024,1056,369,757,0,12239,0,3174,0,0.025,0.0218,0.0564,0.0728,0.0765,0.7103,2.661,3.148,88.319,87.03,23.8,83.23,0.0083,0.0067,0.0125,72.97,39.22,33.45,0.0083,0.0061,0.0107,26.25,17.94,53.68,0.0079,0.006,0.0097,16000,1024,467.28,0.961,0.0304,0.0078,0.0008
2026-08-27T08:20:38.971+02:00,1000,1024,1024,1056,369,758,1,12240,0,3174,0,0.0238,0.0195,0.1734,0.0711,0.0724,1.3511,2.922,3.276,13.91,16.06,114.53,132.7,0.0083,0.0066,0.0616,57.94,15.43,187.89,0.0074,0.006,0.0703,46.36,150.44,62.4,0.0076,0.0055,0.0522,16000,1024,514.76,0.9371,0.0528,0.0086,0.0015
2026-08-27T08:21:07.250+02:00,1000,1024,1024,1056,369,758,1,12241,0,3174,0,0.0222,0.0205,0.0976,0.0866,0.0982,0.7036,3.062,4.42,35.213,130.81,153.36,57.56,0.008,0.0075,0.0289,151.35,5.61,197.0,0.0072,0.0068,0.029,112.93,99.09,103.1,0.0075,0.0071,0.0298,16000,1024,777.73,0.9522,0.0409,0.0061,0.0008
2026-08-27T08:22:07.251+02:00,1000,1024,1024,1056,370,758,6,12249,0,3175,0,0.0238,0.0218,0.0882,0.0894,0.0814,1.2745,3.032,2.796,88.025,44.7,97.77,45.74,0.0071,0.0067,0.013,165.8,25.58,127.8,0.0071,0.0066,0.0119,60.14,107.2,140.39,0.0072,0.0063,0.0114,16000,1024,475.71,0.961,0.0277,0.0095,0.0019
2026-08-27T08:22:37.245+02:00,1000,1024,1024,1056,370,759,6,12255,0,3175,0,0.0489,0.0527,0.3545,0.2294,0.1957,2.3359,3.611,3.997,9.023,160.28,62.49,62.45,0.0177,0.0172,0.1522,55.44,27.48,187.73,0.0143,0.0172,0.1131,62.32,223.67,127.76,0.0134,0.0165,0.1062,16000,1024,585.56,0.9747,0.0201,0.0044,0.0008
2026-08-27T08:23:07.250+02:00,1000,1024,1024,1056,370,759,9,12264,0,3175,0,0.0486,0.0458,0.121,0.1483,0.1705,1.2888,2.831,3.344,60.675,37.21,60.73,43.78,0.0189,0.0155,0.0228,12.17,16.79,6.05,0.0177,0.0134,0.0207,181.41,182.74,97.38,0.0152,0.0126,0.0219,16000,1024,285.33,0.8281,0.1423,0.0271,0.0024
2026-08-27T08:23:37.252+02:00,1000,1024,1024,1056,370,759,0,12264,0,3175,0,0.0517,0.0409,0.09,0.1552,0.1417,1.3022,2.672,3.042,77.657,161.24,12.03,47.01,0.0146,0.0121,0.0242,6.57,66.95,21.69,0.014,0.0124,0.0209,143.29,72.93,156.06,0.0143,0.0118,0.0204,16000,1024,985.47,0.9901,0.0078,0.0018,0.0003
2026-08-27T08:24:07.255+02:00,1000,1024,1024,1056,370,759,0,12264,0,3175,0,0.0497,0.0412,0.1111,0.1884,0.1319,1.319,3.13,3.035,74.89,89.48,4.27,67.48,0.0172,0.0146,0.0345,100.59,73.25,76.3,0.0142,0.013,0.0346,65.69,200.08,88.1,0.0135,0.0126,0.0311,16000,1024,460.9,0.9655,0.027,0.0067,0.0008
2026-08-27T08:24:37.247+02:00,1000,1024,1024,1056,370,759,0,12264,0,3175,0,0.0473,0.0433,0.2164,0.1569,0.1264,1.3133,2.618,2.786,23.185,38.81,89.66,62.57,0.0142,0.0163,0.1002,297.64,139.8,125.03,0.0129,0.0137,0.0927,34.09,23.34,187.57,0.0125,0.013,0.0886,16000,1024,532.79,0.9706,0.025,0.0039,0.0006
2026-08-27T08:25:07.247+02:00,1000,1024,1024,1056,370,761,4,12268,1,3176,0,0.024,0.0217,0.0781,0.0814,0.0877,0.703,2.898,3.572,53.736,5.3,150.12,118.59,0.0091,0.0074,0.026,96.31,98.04,89.2,0.0074,0.007,0.0228,124.04,38.64,345.55,0.0066,0.0074,0.021,16000,1024,573.75,0.962,0.0295,0.0074,0.0011
2026-08-27T08:25:37.253+02:00,1000,1024,1024,1056,370,763,3,12271,1,3177,0,0.024,0.0202,0.0664,0.0724,0.0704,0.7115,2.854,3.101,56.842,23.69,19.76,247.96,0.0073,0.006,0.0233,49.93,221.44,8.04,0.007,0.0057,0.0233,10.98,100.18,268.24,0.0064,0.0058,0.0215,16000,1024,446.07,0.9712,0.0215,0.0064,0.001
2026-08-27T08:26:07.253+02:00,1000,1024,1024,1056,370,763,2,12273,0,3177,0,0.0242,0.0214,0.0672,0.0869,0.0923,0.7118,3.125,3.561,60.145,96.55,208.85,141.37,0.0083,0.0064,0.0195,16.0,113.24,106.12,0.0082,0.0058,0.0191,35.62,41.08,11.49,0.0069,0.0057,0.0178,16000,1024,627.3,0.9868,0.0098,0.003,0.0004
2026-08-27T08:26:37.249+02:00,1000,1024,1024,1056,370,763,3,12276,0,3177,0,0.023,0.0215,0.0813,0.0696,0.0913,0.7838,2.807,3.326,53.93,272.56,10.93,103.05,0.0074,0.0084,0.024,208.18,53.02,154.25,0.0066,0.0075,0.0217,95.41,121.52,69.49,0.0066,0.0074,0.0218,16000,1024,446.07,0.9503,0.0427,0.0059,0.0011
2026-08-27T08:27:07.258+02:00,1000,1024,1032,1064,370,763,33,12309,0,3177,0,0.0242,0.024,0.0858,0.0689,0.0947,0.7903,2.708,3.498,44.247,16.46,74.1,33.03,0.008,0.0071,0.0251,67.7,53.81,22.87,0.0064,0.0063,0.0252,130.03,84.2,265.69,0.0061,0.0063,0.0233,16000,1024,467.44,0.9587,0.0334,0.007,0.0009
2026-08-27T08:27:37.249+02:00,1000,1024,1024,1056,370,763,17,12326,0,3177,0,0.0259,0.0241,0.1392,0.0917,0.1045,0.9116,3.053,3.828,21.146,64.85,183.28,396.31,0.0084,0.0084,0.0388,116.01,84.71,379.0,0.0077,0.0077,0.0375,3.38,64.74,362.64,0.0073,0.0074,0.0372,16000,1024,388.94,0.8404,0.1323,0.0246,0.0027
2026-08-27T08:28:07.250+02:00,1000,1024,1024,1056,370,763,42,12368,30,3207,0,0.0246,0.0254,0.1535,0.0884,0.0901,0.7764,3.235,3.866,14.938,48.15,4.99,484.72,0.0082,0.0093,0.0457,4.84,104.49,334.04,0.0075,0.0088,0.0433,130.74,40.32,173.65,0.0065,0.0076,0.0435,16000,1024,393.8,0.9454,0.0418,0.0112,0.0016
2026-08-27T08:28:37.261+02:00,1000,1024,1030,1063,370,763,37,12405,14,3221,0,0.0278,0.0268,0.133,0.0923,0.0993,0.9758,3.146,3.748,21.353,19.78,118.08,118.57,0.0099,0.0087,0.0444,132.73,61.96,78.13,0.0081,0.009,0.039,36.24,49.01,309.34,0.008,0.0086,0.0392,16000,1024,1445.2,0.9801,0.0152,0.0039,0.0008
2026-08-27T08:29:07.251+02:00,1000,1024,1024,1056,370,763,0,12405,0,3221,0,0.022,0.0207,0.0423,0.0709,0.0803,0.5964,2.94,3.015,74.618,82.68,172.61,4.89,0.0088,0.0078,0.0116,174.59,153.68,77.63,0.0075,0.0064,0.0143,106.4,88.11,177.48,0.0065,0.0059,0.0111,16000,1024,887.49,0.984,0.0123,0.0032,0.0005
2026-08-27T08:29:37.251+02:00,1000,1024,1024,1056,370,764,4,12409,0,3221,0,0.0239,0.0198,0.0468,0.0965,0.0702,0.7076,3.489,3.085,99.848,50.15,28.43,91.77,0.0082,0.0066,0.0135,57.03,44.88,144.35,0.0072,0.0055,0.0118,242.13,180.76,5.02,0.0065,0.0053,0.0113,16000,1024,447.93,0.9439,0.0433,0.012,0.0008
2026-08-27T08:30:07.251+02:00,1000,1024,1024,1056,370,764,0,12409,0,3221,0,0.0223,0.0212,0.159,0.0861,0.0586,1.3376,3.199,2.646,21.733,99.71,43.82,401.7,0.007,0.0067,0.0471,117.2,68.55,182.3,0.0063,0.0064,0.0432,150.35,54.08,14.9,0.0063,0.0067,0.0425,16000,1024,488.85,0.9683,0.0244,0.0064,0.0009
2026-08-27T08:30:37.252+02:00,1000,1024,1024,1056,370,764,0,12409,0,3221,0,0.0234,0.0207,0.0681,0.0783,0.0814,0.8102,2.942,3.11,79.418,53.05,204.1,47.48,0.008,0.0079,0.0122,58.75,37.14,91.06,0.0063,0.0077,0.0089,70.78,16.17,220.68,0.0066,0.0062,0.0088,16000,1024,457.62,0.9903,0.0062,0.0027,0.0008
2026-08-27T08:31:07.253+02:00,1000,1024,1024,1056,370,764,6,12415,0,3221,0,0.0236,0.0231,0.1265,0.0723,0.0894,1.3516,3.092,3.368,44.568,16.34,86.15,209.4,0.0081,0.008,0.0439,43.99,41.9,229.44,0.0077,0.0071,0.0358,27.78,32.84,356.56,0.0081,0.0068,0.0356,16000,1024,397.0,0.9613,0.029,0.0086,0.0011
2026-08-27T08:31:37.253+02:00,1000,1024,1024,1056,370,764,0,12415,0,3221,0,0.0224,0.0211,0.065,0.0776,0.0817,0.7017,3.208,2.95,77.688,176.54,87.57,110.15,0.0075,0.0075,0.0121,6.39,159.26,39.2,0.0074,0.0064,0.0116,104.62,56.71,67.28,0.0065,0.0061,0.011,16000,1024,270.02,0.935,0.0508,0.0121,0.0021
2026-08-27T08:32:07.252+02:00,1000,1024,1024,1056,370,766,1,12416,0,3221,0,0.0234,0.0217,0.0306,0.0836,0.0765,0.1072,2.778,2.977,2.862,132.02,74.59,111.21,0.0071,0.0097,0.0095,85.62,15.28,100.11,0.0073,0.0068,0.0116,141.69,34.28,151.15,0.0067,0.0058,0.0091,16000,1024,429.64,0.9759,0.0174,0.006,0.0007
2026-08-27T08:32:37.265+02:00,1000,1024,1035,1067,370,767,30,12446,0,3221,0,0.0263,0.0249,0.1152,0.1053,0.1031,0.8137,3.273,3.936,24.96,69.33,48.5,372.22,0.0084,0.0086,0.041,19.58,71.94,376.88,0.008,0.0071,0.0401,11.55,6.91,31.47,0.0073,0.0063,0.0408,16000,1024,561.21,0.9342,0.0542,0.0103,0.0012
2026-08-27T08:33:07.255+02:00,1000,1024,1024,1056,370,767,6,12452,0,3221,0,0.0231,0.0214,0.0347,0.0761,0.0661,0.1092,2.902,2.788,2.679,23.54,3.81,82.93,0.0085,0.0063,0.0125,44.59,33.35,54.2,0.0082,0.0061,0.0135,7.47,19.48,70.9,0.0075,0.0057,0.0093,16000,1024,308.61,0.8781,0.0881,0.0307,0.0031
2026-08-27T08:33:37.253+02:00,1000,1024,1024,1056,370,768,0,12452,0,3221,0,0.0231,0.0206,0.1882,0.0914,0.0599,1.2278,3.287,2.732,12.489,126.79,145.67,187.29,0.0076,0.0062,0.0898,170.84,68.32,290.94,0.0068,0.0061,0.0551,48.53,179.85,459.3,0.0068,0.0056,0.0505,16000,1024,358.91,0.9447,0.0389,0.0145,0.0019
2026-08-27T08:34:07.255+02:00,1000,1024,1024,1056,370,769,2,12454,1,3222,0,0.0233,0.023,0.0682,0.0686,0.0856,0.7747,2.995,2.858,63.641,97.82,59.45,30.0,0.0074,0.0077,0.0188,135.48,71.97,49.12,0.0072,0.0069,0.0178,61.14,259.88,75.55,0.0075,0.0068,0.0175,16000,1024,423.41,0.9486,0.0359,0.0141,0.0015
2026-08-27T08:34:37.256+02:00,1000,1024,1025,1057,370,769,3,12457,0,3222,0,0.0225,0.0208,0.0656,0.0722,0.0687,0.7304,2.849,2.922,73.61,127.51,147.71,62.7,0.0073,0.0075,0.0184,5.13,124.54,5.02,0.0067,0.0058,0.0172,117.3,3.1,31.45,0.0063,0.0055,0.0174,16000,1024,415.94,0.9666,0.0245,0.0079,0.001
2026-08-27T08:35:07.255+02:00,1000,1024,1024,1056,370,769,0,12457,0,3222,0,0.0233,0.0224,0.0921,0.0825,0.0871,0.7007,3.205,3.899,40.786,122.22,24.47,248.14,0.0072,0.0069,0.0224,106.49,41.46,374.96,0.0069,0.0066,0.022,155.93,199.1,187.49,0.0068,0.0058,0.0213,16000,1024,544.95,0.9697,0.0204,0.0084,0.0015
2026-08-27T08:35:37.255+02:00,1000,1024,1024,1056,370,769,0,12457,0,3222,0,0.0228,0.0221,0.1025,0.076,0.0951,0.7224,2.945,3.607,31.626,149.38,53.7,97.72,0.0072,0.0077,0.0303,189.41,27.22,43.85,0.006,0.0068,0.0292,10.09,347.6,265.87,0.0062,0.0067,0.0302,16000,1024,455.7,0.9584,0.0338,0.0069,0.0009
2026-08-27T08:36:07.256+02:00,1000,1024,1024,1056,370,770,1,12458,0,3222,0,0.0485,0.0431,0.1146,0.15,0.177,1.2229,3.002,3.422,65.193,56.33,211.96,139.4,0.0142,0.0111,0.0279,2.99,42.67,14.85,0.013,0.011,0.0258,79.22,120.06,76.2,0.013,0.0106,0.0246,16000,1024,517.13,0.9871,0.0083,0.004,0.0006
2026-08-27T08:36:37.257+02:00,1000,1024,1024,1056,370,770,5,12463,0,3222,0,0.0433,0.0442,0.1719,0.1342,0.1721,1.2774,3.047,3.205,37.877,135.85,51.84,133.91,0.0156,0.0157,0.0632,5.64,92.42,374.98,0.0134,0.0158,0.057,93.69,38.35,312.41,0.0128,0.0152,0.0542,16000,1024,686.4,0.9562,0.0338,0.009,0.001
2026-08-27T08:37:07.257+02:00,1000,1024,1024,1056,370,770,2,12465,0,3222,0,0.0427,0.0443,0.2125,0.1552,0.1823,2.4063,3.079,3.392,56.675,19.06,104.88,34.41,0.0146,0.0181,0.0713,42.14,50.85,118.18,0.012,0.0142,0.0663,152.18,118.58,102.39,0.0119,0.0148,0.0644,16000,1024,425.38,0.9633,0.0325,0.0035,0.0007
2026-08-27T08:37:37.257+02:00,1000,1024,1024,1056,370,770,1,12466,0,3222,0,0.0467,0.04,0.1531,0.1585,0.132,1.262,3.018,2.564,44.084,33.84,107.05,128.73,0.0177,0.0123,0.042,131.04,152.63,191.67,0.0138,0.0108,0.0401,188.06,121.19,40.3,0.0145,0.0102,0.04,16000,1024,400.14,0.9171,0.0615,0.019,0.0025
2026-08-27T08:38:07.266+02:00,1000,1024,1031,1063,370,770,34,12500,0,3222,0,0.0524,0.0503,0.2555,0.1651,0.1861,1.6589,2.867,3.393,17.387,49.59,134.48,78.64,0.016,0.0163,0.0801,21.96,63.04,187.34,0.016,0.0167,0.0736,69.73,11.11,198.13,0.0149,0.0149,0.0701,16000,1024,637.34,0.9795,0.0171,0.0028,0.0005
2026-08-27T08:38:37.260+02:00,1000,1024,1024,1056,370,770,2,12502,0,3222,0,0.0496,0.0516,0.3639,0.1748,0.1778,2.2565,3.298,3.782,10.481,83.02,154.04,231.44,0.0161,0.0202,0.1225,88.64,386.53,489.37,0.0156,0.0176,0.1189,186.81,125.16,82.32,0.0133,0.0165,0.1205,16000,1024,557.93,0.9555,0.0344,0.0092,0.0009
2026-08-27T08:39:07.259+02:00,1000,1024,1024,1056,370,771,37,12539,1,3223,0,0.0273,0.0258,0.1516,0.0928,0.0973,0.7411,3.127,3.316,13.908,80.42,91.26,74.54,0.0094,0.0087,0.0507,49.38,14.08,323.77,0.0087,0.0083,0.05,13.75,29.37,98.77,0.007,0.0073,0.0397,16000,1024,350.4,0.9462,0.0414,0.0104,0.002
2026-08-27T08:39:37.258+02:00,1000,1024,1024,1056,370,771,0,12539,0,3223,0,0.0229,0.02,0.0791,0.0797,0.0896,0.7867,3.128,3.446,56.995,166.96,44.91,39.78,0.0064,0.0058,0.0207,113.43,201.41,32.3,0.0061,0.0052,0.0192,49.55,79.21,195.08,0.006,0.005,0.0193,16000,1024,324.03,0.9197,0.0519,0.0249,0.0035
2026-08-27T08:40:07.259+02:00,1000,1024,1024,1056,370,771,0,12539,0,3223,0,0.0228,0.023,0.1271,0.0824,0.0902,0.7073,2.98,4.153,22.018,84.64,312.31,437.5,0.0073,0.009,0.0594,67.72,79.67,375.01,0.0072,0.009,0.0562,112.23,249.85,125.0,0.0065,0.0077,0.0557,16000,1024,521.49,0.9463,0.0449,0.0075,0.0013
2026-08-27T08:40:37.260+02:00,1000,1024,1024,1056,370,771,1,12540,0,3223,0,0.0235,0.0214,0.0851,0.086,0.0636,0.6412,3.181,2.876,33.617,45.69,68.03,107.11,0.0074,0.0076,0.0254,117.93,51.61,455.36,0.0068,0.0064,0.0239,81.24,26.43,62.58,0.0064,0.0061,0.0217,16000,1024,432.12,0.9616,0.0306,0.0068,0.001
2026-08-27T08:41:07.259+02:00,1000,1024,1024,1056,370,772,1,12541,0,3223,0,0.0226,0.0222,0.0754,0.0802,0.084,0.6713,3.241,3.245,52.939,158.73,4.29,6.6,0.0086,0.0075,0.0155,116.24,111.9,26.09,0.0068,0.0065,0.0157,79.12,124.41,230.76,0.0065,0.0066,0.0153,16000,1024,646.13,0.9773,0.0169,0.005,0.0008
2026-08-27T08:41:37.261+02:00,1000,1024,1024,1056,370,774,2,12543,0,3223,0,0.0251,0.0206,0.1732,0.0911,0.0655,1.3324,3.028,2.741,19.959,75.41,34.52,187.5,0.0078,0.0066,0.0767,96.61,107.47,125.64,0.0071,0.0054,0.0747,62.63,194.39,62.11,0.0068,0.0053,0.0726,16000,1024,425.07,0.9633,0.0202,0.0153,0.0012
2026-08-27T08:42:07.263+02:00,1000,1024,1024,1056,370,774,3,12546,0,3223,0,0.0234,0.0216,0.0898,0.0884,0.0836,0.6912,3.002,3.27,39.331,36.52,15.55,62.51,0.0081,0.0071,0.0326,192.24,167.08,344.8,0.0067,0.0069,0.0322,165.74,68.16,452.05,0.0066,0.0068,0.0306,16000,1024,473.0,0.9627,0.0241,0.0116,0.0016
2026-08-27T08:42:37.262+02:00,1000,1024,1024,1056,370,774,0,12546,0,3223,0,0.0235,0.0212,0.0499,0.0732,0.0696,0.5892,2.735,3.058,67.605,85.18,25.04,85.98,0.009,0.0105,0.0147,233.43,66.17,4.08,0.0084,0.0059,0.0142,140.35,137.72,137.78,0.0076,0.0055,0.0135,16000,1024,357.06,0.9328,0.0505,0.015,0.0017
2026-08-27T08:43:37.263+02:00,1000,1024,1024,1056,371,774,2,12549,0,3223,0,0.0233,0.0245,0.1129,0.09,0.108,0.7016,2.848,4.327,27.725,62.4,62.6,312.43,0.0099,0.0079,0.0476,74.02,29.07,187.49,0.007,0.0071,0.0467,13.55,159.14,62.55,0.006,0.0066,0.0444,16000,1024,553.87,0.9849,0.0111,0.0034,0.0006
2026-08-27T08:44:07.263+02:00,1000,1024,1024,1056,371,774,1,12550,0,3223,0,0.0234,0.0206,0.1484,0.0766,0.0647,1.3324,3.001,3.007,19.181,124.48,40.75,187.81,0.0099,0.0066,0.0666,46.04,108.6,313.63,0.0069,0.0064,0.0529,119.4,195.03,237.99,0.0067,0.0056,0.0538,16000,1024,508.28,0.9698,0.0247,0.0047,0.0007
2026-08-27T08:44:37.263+02:00,1000,1024,1024,1056,371,774,1,12551,0,3223,0,0.0229,0.0223,0.1473,0.079,0.0767,1.0799,3.247,3.077,15.794,191.38,113.27,63.14,0.0063,0.0074,0.0533,79.86,20.58,187.31,0.0062,0.0068,0.0477,186.11,84.08,18.85,0.0062,0.0068,0.0466,16000,1024,381.21,0.9433,0.0398,0.0152,0.0016
2026-08-27T08:45:07.264+02:00,1000,1024,1024,1056,371,774,0,12551,0,3223,0,0.0219,0.0194,0.1316,0.0673,0.0667,0.6998,2.93,3.174,16.28,93.17,69.69,299.58,0.0064,0.0068,0.0497,105.56,162.82,136.97,0.0063,0.0061,0.0456,28.8,142.13,468.62,0.0068,0.0067,0.0437,16000,1024,348.08,0.9521,0.0326,0.0135,0.0017
2026-08-27T08:45:37.263+02:00,1000,1024,1024,1056,371,775,4,12555,1,3224,0,0.0231,0.0221,0.0603,0.0775,0.0814,0.7021,3.009,3.491,66.676,128.97,46.95,166.38,0.0068,0.0089,0.0215,100.89,24.76,46.73,0.007,0.0069,0.0204,108.76,65.13,81.2,0.0068,0.0067,0.02,16000,1024,403.26,0.9631,0.0229,0.0125,0.0015
2026-08-27T08:46:07.264+02:00,1000,1024,1024,1056,371,776,11,12566,1,3225,0,0.0253,0.0232,0.1204,0.1126,0.082,0.9471,3.946,3.12,27.691,30.82,35.27,418.01,0.0081,0.0079,0.0461,19.78,29.38,78.15,0.0076,0.0072,0.0458,57.43,20.74,156.15,0.0071,0.0065,0.0377,16000,1024,367.3,0.9459,0.0391,0.0127,0.0022
2026-08-27T08:47:07.265+02:00,1000,1024,1024,1056,372,776,1,12573,0,3225,0,0.0222,0.0217,0.0472,0.0663,0.0708,0.7165,2.955,2.974,107.332,12.13,26.41,12.41,0.0081,0.0069,0.0176,101.82,136.54,166.49,0.0069,0.0069,0.0172,151.33,225.52,68.53,0.0064,0.0058,0.0154,16000,1024,356.9,0.9202,0.0652,0.0129,0.0017
2026-08-27T08:47:37.287+02:00,1000,1024,1046,1079,372,776,36,12609,4,3229,0,0.0254,0.0262,0.1566,0.1006,0.1165,1.2123,3.155,4.075,18.111,25.37,17.46,97.76,0.0092,0.008,0.0489,19.21,31.21,336.04,0.0077,0.0077,0.0415,106.78,47.06,207.99,0.0075,0.0077,0.0408,16000,1024,519.1,0.9553,0.0264,0.0173,0.001
2026-08-27T08:48:07.266+02:00,1000,1024,1024,1056,372,777,0,12609,0,3229,0,0.0226,0.019,0.0318,0.074,0.0788,0.1111,2.771,3.173,2.944,48.52,22.35,10.75,0.0073,0.0056,0.0109,118.83,133.08,115.55,0.0067,0.0053,0.0105,108.44,31.38,264.8,0.0062,0.0052,0.0086,16000,1024,352.22,0.9248,0.0643,0.0097,0.0012
2026-08-27T08:48:37.266+02:00,1000,1024,1024,1056,372,777,5,12614,0,3229,0,1.6264,0.1986,0.1091,2.4871,0.3592,0.7221,1.531,1.563,14.274,49.09,49.1,48.99,1.9716,0.2298,0.0909,31.23,31.22,26.95,0.3182,0.0413,0.0302,42.13,53.66,108.14,0.3129,0.0399,0.025,16000,1024,561.86,0.8863,0.0998,0.0093,0.0047
2026-08-27T08:49:07.266+02:00,1000,1024,1024,1056,372,778,8,12622,2,3231,0,1.4506,0.2074,0.0866,2.2944,0.3668,0.7629,1.536,1.617,19.812,49.33,49.32,49.44,2.0156,0.288,0.0805,44.28,147.78,38.79,0.1431,0.0415,0.0205,35.19,35.04,105.14,0.1249,0.0217,0.0182,16000,1024,540.72,0.9276,0.0632,0.0059,0.0033
2026-08-27T08:50:37.268+02:00,1000,1024,1024,1056,374,778,0,12655,0,3234,0,1.4378,0.2155,0.2115,2.1296,0.3993,1.2944,1.53,1.671,10.598,49.39,49.4,187.51,2.0926,0.3091,0.1094,148.22,148.08,124.85,0.051,0.0278,0.0993,197.59,100.54,62.67,0.0185,0.0146,0.0954,16000,1024,508.51,0.8371,0.1475,0.0114,0.0041
2026-08-27T08:51:07.268+02:00,1000,1024,1024,1056,374,780,0,12655,0,3234,0,1.4176,0.2129,0.0676,2.09,0.3743,0.6089,1.525,1.625,14.744,49.37,49.37,49.33,2.0703,0.31,0.0751,148.08,148.21,99.24,0.0492,0.0349,0.0274,197.68,99.59,3.15,0.0214,0.0205,0.0157,16000,1024,1141.51,0.8836,0.1088,0.0054,0.0021
2026-08-27T08:51:37.268+02:00,1000,1024,1024,1056,374,782,7,12662,1,3235,0,1.3989,0.2088,0.1036,2.1634,0.3711,0.7046,1.546,1.64,22.24,49.31,49.31,49.29,1.5837,0.2269,0.0479,16.8,37.64,20.61,0.3491,0.0569,0.0345,37.61,53.22,349.69,0.3607,0.0576,0.0319,16000,1024,587.15,0.8138,0.1727,0.009,0.0045
2026-08-27T08:52:07.268+02:00,1000,1024,1024,1056,374,783,2,12664,0,3235,0,1.4143,0.2103,0.121,2.1152,0.374,1.4412,1.536,1.627,40.521,49.34,49.35,49.15,1.9385,0.286,0.0578,42.16,148.12,78.18,0.1402,0.0289,0.0285,37.33,42.16,7.82,0.1393,0.0211,0.0276,16000,1024,581.03,0.8174,0.1731,0.0072,0.0023
2026-08-27T08:52:37.269+02:00,1000,1024,1024,1056,374,783,1,12665,0,3235,0,1.4661,0.206,0.0935,2.1539,0.3813,0.7806,1.532,1.636,22.23,49.3,49.29,49.36,2.0578,0.2824,0.086,41.47,148.14,98.85,0.0943,0.0286,0.0283,34.51,99.61,205.92,0.0869,0.0236,0.0233,16000,1024,521.02,0.912,0.0796,0.0057,0.0026
2026-08-27T08:53:07.271+02:00,1000,1024,1024,1056,374,783,8,12673,1,3236,0,1.5037,0.2024,0.1045,2.6578,0.3604,0.7579,1.552,1.669,18.153,49.38,49.38,49.55,1.6902,0.231,0.0553,34.31,34.46,98.94,0.3012,0.0411,0.0299,18.57,18.68,38.33,0.2808,0.0337,0.0269,16000,1024,715.1,0.8847,0.1022,0.0103,0.0027
2026-08-27T08:53:37.270+02:00,1000,1024,1024,1056,374,783,0,12673,0,3236,0,1.5557,0.204,0.1012,2.2779,0.3522,0.6997,1.529,1.619,19.276,49.31,49.31,49.28,2.2799,0.2934,0.0819,147.91,147.92,130.72,0.0612,0.0299,0.0301,197.31,100.06,147.6,0.0176,0.016,0.0291,16000,1024,579.39,0.8664,0.1169,0.0106,0.0061
2026-08-27T08:54:37.271+02:00,1000,1024,1024,1056,375,783,0,12689,0,3237,0,1.6201,0.1983,0.2042,2.3991,0.378,1.3034,1.533,1.651,10.009,49.26,49.26,49.45,2.3604,0.285,0.1087,147.82,147.68,125.2,0.0682,0.0307,0.054,197.12,100.03,196.92,0.0185,0.0156,0.0551,16000,1024,553.33,0.8952,0.0959,0.007,0.0019
2026-08-27T08:55:07.271+02:00,1000,1024,1024,1056,375,783,0,12689,0,3237,0,1.65,0.1958,0.0867,2.4109,0.3415,0.6221,1.529,1.624,6.847,49.26,49.26,49.28,2.4101,0.2816,0.1134,147.77,147.79,147.77,0.0648,0.0362,0.0171,98.86,99.72,98.91,0.0168,0.0215,0.0158,16000,1024,734.96,0.8708,0.1157,0.0097,0.0038
2026-08-27T08:56:07.272+02:00,1000,1024,1024,1056,376,786,1,12692,0,3237,0,1.6848,0.193,0.0976,2.4809,0.3461,0.5997,1.538,1.65,7.576,49.24,49.24,49.25,2.4594,0.2794,0.1153,147.69,147.58,147.67,0.0691,0.0306,0.0248,196.93,100.2,98.51,0.0139,0.0184,0.018,16000,1024,405.81,0.8165,0.1567,0.0209,0.006
2026-08-27T08:56:37.273+02:00,1000,1024,1024,1056,376,787,4,12696,1,3238,0,1.6957,0.1947,0.1069,2.5415,0.339,0.7141,1.537,1.644,12.464,49.27,49.26,49.28,2.3497,0.2667,0.0998,40.8,147.76,147.76,0.1916,0.0344,0.0304,36.61,36.73,98.65,0.1948,0.0237,0.0173,16000,1024,793.49,0.8899,0.1017,0.0066,0.0017
2026-08-27T08:57:07.273+02:00,1000,1024,1024,1056,376,787,0,12696,0,3238,0,1.7408,0.1938,0.0974,2.5512,0.3531,0.74,1.524,1.644,8.218,49.23,49.24,49.23,2.5301,0.2797,0.126,147.68,147.54,87.72,0.0682,0.0325,0.0166,196.92,100.18,78.28,0.0178,0.0186,0.0144,16000,1024,1156.31,0.9305,0.0633,0.0044,0.0018
2026-08-27T08:57:37.276+02:00,1000,1024,1026,1059,376,787,10,12706,4,3242,0,1.7332,0.1912,0.1187,2.6143,0.3362,0.7718,1.541,1.597,13.704,49.21,49.21,49.2,2.3861,0.258,0.107,43.18,147.67,18.17,0.1273,0.0298,0.0373,38.17,100.03,100.41,0.1091,0.0184,0.0342,16000,1024,734.84,0.9559,0.0379,0.005,0.0012
2026-08-27T08:58:07.272+02:00,1000,1024,1024,1056,376,788,0,12706,0,3242,0,1.7504,0.1885,0.2286,2.5677,0.3395,1.3316,1.53,1.629,9.856,49.11,49.13,49.08,2.5101,0.2695,0.1126,147.24,147.28,187.14,0.0625,0.0304,0.0991,44.43,99.57,62.38,0.0466,0.0186,0.0761,16000,1024,578.83,0.8916,0.0996,0.006,0.0029
2026-08-27T08:58:37.272+02:00,1000,1024,1024,1056,376,789,1,12707,0,3242,0,1.7662,0.1946,0.125,2.6302,0.3621,0.7263,1.534,1.611,11.626,49.2,49.19,49.15,2.529,0.275,0.1028,147.59,147.37,187.68,0.0667,0.0306,0.0277,28.5,99.79,245.79,0.0455,0.0155,0.026,16000,1024,494.83,0.7166,0.2522,0.022,0.0092
2026-08-27T08:59:37.273+02:00,1000,1024,1024,1056,377,789,1,12736,0,3250,0,1.8239,0.1914,0.1106,2.6644,0.3467,0.822,1.525,1.641,12.065,49.2,49.2,49.22,2.6445,0.273,0.1366,147.57,147.47,147.75,0.0675,0.0341,0.0293,196.81,100.21,100.17,0.0194,0.0195,0.0269,16000,1024,527.99,0.9012,0.0895,0.0067,0.0026
2026-08-27T09:00:07.275+02:00,1000,1024,1024,1056,377,789,6,12742,2,3252,0,1.798,0.1925,0.0895,2.6794,0.3409,0.2196,1.539,1.614,2.127,49.24,49.26,49.25,2.3715,0.2563,0.1087,53.22,43.46,147.73,0.4142,0.0418,0.0232,43.46,53.22,25.96,0.3642,0.0424,0.0188,16000,1024,737.97,0.9426,0.0477,0.0079,0.0017
2026-08-27T09:00:37.275+02:00,1000,1024,1024,1056,377,791,1,12743,0,3252,0,1.8148,0.1944,0.0976,2.6826,0.3628,0.7409,1.53,1.622,8.265,49.1,49.08,49.09,2.4754,0.2606,0.1149,38.51,147.1,98.44,0.1565,0.0349,0.0231,44.43,24.8,147.08,0.162,0.0211,0.0216,16000,1024,683.26,0.9601,0.0339,0.0042,0.0018
2026-08-27T09:01:07.274+02:00,1000,1024,1024,1056,377,792,0,12743,0,3252,0,1.8144,0.1907,0.1061,2.6792,0.3444,0.7165,1.53,1.604,10.995,49.08,49.08,49.04,2.5831,0.2662,0.111,147.12,147.32,69.99,0.0775,0.0304,0.026,54.2,99.44,23.28,0.0515,0.0211,0.0246,16000,1024,519.69,0.8661,0.1248,0.0067,0.0024
2026-08-27T09:01:37.275+02:00,1000,1024,1024,1056,377,792,0,12743,0,3252,0,1.7999,0.1909,0.1985,2.6671,0.3392,1.3291,1.522,1.61,10.742,49.09,49.09,49.0,2.5554,0.268,0.0967,147.26,147.38,147.38,0.0663,0.0249,0.0608,54.2,99.35,125.09,0.0395,0.0206,0.0602,16000,1024,522.27,0.8862,0.1003,0.0098,0.0037
2026-08-27T09:02:07.276+02:00,1000,1024,1024,1056,377,793,4,12747,0,3252,0,1.7795,0.191,0.1118,2.7265,0.3571,0.6685,1.544,1.647,11.954,49.2,49.2,49.12,2.2635,0.2368,0.0938,43.46,43.46,147.29,0.4067,0.046,0.0395,53.22,53.22,69.29,0.3423,0.0333,0.0298,16000,1024,818.52,0.9441,0.0504,0.0044,0.0011
2026-08-27T09:02:37.276+02:00,1000,1024,1024,1056,377,793,10,12757,1,3253,0,1.7946,0.1893,0.1297,2.8027,0.3379,0.8491,1.544,1.623,13.643,49.23,49.27,49.26,1.8307,0.1976,0.0981,31.59,31.6,3.83,0.5306,0.0599,0.0378,22.9,22.98,31.24,0.4161,0.0542,0.032,16000,1024,1182.02,0.9388,0.0538,0.0055,0.0019
2026-08-27T09:03:07.277+02:00,1000,1024,1024,1056,377,793,0,12757,0,3253,0,1.8194,0.1929,0.0968,2.6748,0.3486,0.2612,1.532,1.626,2.103,49.18,49.18,49.16,2.6365,0.2743,0.1287,147.54,147.42,98.82,0.0715,0.0318,0.0246,196.67,100.05,147.61,0.018,0.0203,0.0188,16000,1024,602.22,0.8951,0.0953,0.0074,0.0022
2026-08-27T09:03:37.278+02:00,1000,1024,1024,1056,377,793,31,12788,1,3254,0,1.7826,0.1883,0.1605,3.1716,0.3398,0.7366,1.601,1.689,9.236,49.1,49.1,49.18,1.2763,0.1202,0.0826,16.09,13.54,3.7,0.8807,0.0802,0.0463,21.93,21.96,373.08,0.8977,0.0822,0.0449,16000,1024,509.74,0.8918,0.0969,0.0076,0.0037
2026-08-27T09:04:07.277+02:00,1000,1024,1024,1056,377,794,0,12788,0,3254,0,1.8458,0.189,0.2053,2.711,0.3511,1.2151,1.529,1.627,6.771,49.17,49.17,49.12,2.6708,0.2677,0.0966,147.48,147.55,187.22,0.0729,0.0337,0.0953,196.6,99.63,62.54,0.0235,0.0233,0.0802,16000,1024,680.17,0.9389,0.0549,0.0047,0.0015
2026-08-27T09:05:37.279+02:00,1000,1024,1024,1056,379,796,2,12797,0,3259,0,1.9255,0.1935,0.1304,2.875,0.3575,0.8025,1.529,1.643,11.078,49.18,49.19,49.23,2.6328,0.2602,0.1234,30.13,147.45,259.78,0.1766,0.0328,0.0263,41.04,27.29,147.41,0.169,0.0239,0.0255,16000,1024,1225.58,0.9404,0.0536,0.005,0.001
2026-08-27T09:06:07.288+02:00,1000,1024,1024,1056,379,797,10,12807,0,3259,0,1.9327,0.189,0.1363,3.125,0.3386,0.7935,1.541,1.63,9.348,49.12,49.13,49.01,1.9614,0.194,0.0909,21.09,34.92,77.23,0.601,0.0503,0.0403,34.82,40.23,26.64,0.5138,0.041,0.0364,16000,1024,604.17,0.9012,0.0845,0.0103,0.004
2026-08-27T09:06:37.280+02:00,1000,1024,1024,1056,379,798,1,12808,0,3259,0,1.9524,0.1892,0.1089,2.9818,0.34,0.6963,1.527,1.628,4.516,49.12,49.1,49.17,2.7434,0.2618,0.1296,43.29,147.37,147.29,0.0773,0.0356,0.0361,35.35,100.05,100.02,0.0754,0.0244,0.021,16000,1024,592.54,0.8618,0.126,0.0096,0.0026
2026-08-27T09:07:07.280+02:00,1000,1024,1024,1056,379,798,2,12810,0,3259,0,1.9692,0.1899,0.1232,2.8939,0.3546,0.8097,1.53,1.61,9.313,49.03,49.04,49.0,2.6951,0.2577,0.1324,54.81,147.15,147.22,0.1336,0.0337,0.0336,28.2,99.25,98.55,0.1005,0.0226,0.0258,16000,1024,488.52,0.8913,0.0985,0.0075,0.0027
2026-08-27T09:07:37.282+02:00,1000,1024,1024,1056,379,798,0,12810,0,3259,0,1.9964,0.191,0.1167,2.9259,0.3441,0.6428,1.529,1.603,4.955,49.15,49.15,49.15,2.882,0.2719,0.1364,147.39,147.24,147.55,0.0799,0.037,0.0241,196.53,99.92,97.67,0.0214,0.0222,0.0199,16000,1024,722.22,0.9564,0.0377,0.0046,0.0013
2026-08-27T09:08:07.285+02:00,1000,1024,1029,1061,379,798,38,12848,3,3262,0,1.9455,0.1861,0.1534,3.1916,0.3788,0.8049,1.6,1.783,8.579,49.04,49.09,49.19,1.3048,0.1252,0.0777,11.87,11.8,11.78,1.0714,0.0874,0.0673,17.83,19.73,19.13,0.7684,0.0843,0.0536,16000,1024,773.14,0.8997,0.093,0.0057,0.0015
2026-08-27T09:08:37.281+02:00,1000,1024,1024,1056,379,798,0,12848,0,3262,0,2.0091,0.1866,0.2234,2.9415,0.3562,1.3172,1.519,1.646,8.89,49.14,49.14,49.15,2.89,0.2618,0.1354,147.29,147.46,62.51,0.0741,0.0357,0.0821,196.46,99.56,124.84,0.0172,0.0234,0.076,16000,1024,673.54,0.9479,0.0453,0.0055,0.0014
2026-08-27T09:09:07.281+02:00,1000,1024,1024,1056,379,798,3,12851,0,3262,0,2.0361,0.1881,0.164,3.0232,0.3724,1.3699,1.528,1.647,16.442,49.11,49.11,49.19,2.7695,0.2496,0.1346,43.97,147.5,97.88,0.1631,0.0315,0.0405,39.26,100.11,74.13,0.1672,0.0213,0.0398,16000,1024,720.3,0.9203,0.0719,0.006,0.0018
2026-08-27T09:09:37.281+02:00,1000,1024,1024,1056,379,799,0,12851,0,3262,0,2.0381,0.1894,0.1232,2.9757,0.3492,0.8243,1.528,1.588,8.432,49.06,49.06,49.05,2.9133,0.2693,0.1555,147.12,147.17,97.71,0.0709,0.0275,0.027,53.22,99.87,147.14,0.0523,0.0225,0.0277,16000,1024,578.41,0.8632,0.1234,0.0101,0.0033
2026-08-27T09:10:07.283+02:00,1000,1024,1024,1056,379,800,1,12852,0,3262,0,2.0529,0.1892,0.155,3.0305,0.3532,1.4033,1.532,1.615,15.597,49.1,49.1,49.1,2.8534,0.2551,0.1292,38.02,147.45,68.74,0.116,0.035,0.0401,42.93,100.11,210.49,0.1152,0.0234,0.0372,16000,1024,617.84,0.834,0.1532,0.0095,0.0032
2026-08-27T09:11:07.298+02:00,1000,1024,1024,1057,380,800,10,12867,7,3272,0,2.0504,0.1854,0.1498,3.1673,0.3545,1.6362,1.527,1.627,26.838,49.12,49.11,49.1,2.7138,0.2481,0.1467,34.43,147.4,62.57,0.3094,0.0346,0.028,29.44,39.16,67.48,0.2993,0.0233,0.0264,16000,1024,619.46,0.8504,0.1339,0.0113,0.0044
2026-08-27T09:11:37.298+02:00,1000,1024,1024,1056,380,800,0,12867,0,3272,0,2.093,0.1879,0.1364,3.0544,0.3306,0.9321,1.528,1.624,9.397,49.11,49.12,49.14,3.0133,0.2646,0.1618,147.32,147.1,107.84,0.0777,0.035,0.0328,196.46,99.81,261.47,0.0207,0.0197,0.0303,16000,1024,786.76,0.9149,0.0787,0.005,0.0014
2026-08-27T09:12:07.298+02:00,1000,1024,1024,1056,380,800,3,12870,0,3272,0,2.1103,0.1889,0.1286,3.1088,0.3504,0.7669,1.525,1.617,6.187,49.11,49.1,49.18,2.8144,0.2472,0.1433,53.22,44.23,53.22,0.3248,0.0297,0.0345,43.68,147.44,147.57,0.3122,0.0264,0.0331,16000,1024,546.25,0.8373,0.1473,0.0126,0.0028
2026-08-27T09:12:37.298+02:00,1000,1024,1024,1056,380,800,21,12891,2,3274,0,2.1261,0.1821,0.2267,3.3404,0.3696,1.1806,1.561,1.777,8.64,48.86,48.89,48.87,1.3094,0.1102,0.0748,24.28,24.35,30.67,0.9557,0.0818,0.062,14.6,2.19,132.64,0.7172,0.0639,0.0578,16000,1024,705.99,0.8405,0.1512,0.0057,0.0025
2026-08-27T09:13:37.300+02:00,1000,1024,1024,1056,381,801,0,12894,0,3274,0,2.2284,0.1875,0.133,3.2273,0.3722,0.7246,1.512,1.645,3.707,49.15,49.15,49.2,3.2043,0.2659,0.1684,147.43,147.34,147.69,0.0759,0.0315,0.0407,196.62,99.86,97.79,0.0204,0.0259,0.0195,16000,1024,698.54,0.9144,0.0759,0.0078,0.0019
2026-08-27T09:14:07.300+02:00,1000,1024,1024,1056,381,802,1,12895,0,3274,0,2.222,0.1869,0.1342,3.2759,0.3301,0.7755,1.516,1.645,4.018,49.14,49.14,49.14,3.1887,0.2657,0.1742,147.39,147.34,147.24,0.0784,0.0349,0.0265,196.53,100.07,98.89,0.0185,0.0208,0.0228,16000,1024,658.08,0.8774,0.1133,0.008,0.0014
2026-08-27T09:15:07.304+02:00,1000,1024,1024,1056,382,805,1,12911,0,3276,0,2.2244,0.1865,0.1449,3.2517,0.3435,0.8439,1.525,1.674,6.243,49.09,49.09,49.09,3.0685,0.2572,0.1738,36.78,147.22,147.18,0.1431,0.0393,0.0304,42.87,100.17,98.75,0.1404,0.0182,0.0253,16000,1024,665.49,0.8193,0.1745,0.0046,0.0016
2026-08-27T09:15:37.302+02:00,1000,1024,1024,1056,382,805,0,12911,0,3276,0,2.2689,0.1888,0.1418,3.2984,0.3393,0.7254,1.519,1.649,5.003,49.11,49.11,49.06,3.2689,0.2681,0.1863,147.37,147.07,147.27,0.0691,0.0379,0.0303,53.22,100.1,97.77,0.0396,0.0222,0.0221,16000,1024,598.17,0.7617,0.2251,0.0109,0.0023
2026-08-27T09:17:37.302+02:00,1000,1024,1024,1056,385,806,1,12924,0,3278,0,2.2836,0.1883,0.1475,3.3409,0.366,0.9321,1.516,1.642,5.98,49.07,49.08,49.1,3.1037,0.2522,0.1742,37.02,147.33,30.21,0.2456,0.0337,0.0273,41.58,36.74,185.6,0.2458,0.0229,0.0249,16000,1024,700.95,0.9283,0.0608,0.009,0.002
2026-08-27T09:18:37.304+02:00,1000,1024,1024,1056,386,806,0,12928,0,3278,0,2.3372,0.1867,0.1388,3.3673,0.3349,0.2815,1.509,1.631,1.692,49.12,49.12,49.12,3.3615,0.2664,0.1909,147.32,147.44,147.29,0.0819,0.0346,0.0324,196.43,99.82,98.4,0.0189,0.0208,0.0268,16000,1024,763.66,0.9417,0.0516,0.0054,0.0013
2026-08-27T09:20:37.305+02:00,1000,1024,1024,1056,389,807,5,12953,1,3282,0,0.0235,0.0214,0.0595,0.0781,0.0694,0.6234,2.848,2.974,67.772,32.89,64.84,132.76,0.0076,0.0078,0.0246,205.03,235.06,101.96,0.0068,0.0067,0.0231,17.15,5.28,70.64,0.007,0.0071,0.021,16000,1024,415.48,0.9611,0.0327,0.0053,0.0008
2026-08-27T09:21:07.305+02:00,1000,1024,1024,1056,389,808,1,12954,0,3282,0,0.0229,0.0199,0.0317,0.0682,0.0916,0.1151,2.942,3.787,3.113,4.93,199.06,16.56,0.0083,0.0061,0.0106,131.68,89.19,102.79,0.0073,0.0063,0.0102,53.63,158.85,150.16,0.0068,0.0058,0.0095,16000,1024,622.93,0.9743,0.0203,0.0044,0.001
2026-08-27T09:22:07.307+02:00,1000,1024,1024,1056,390,808,19,12998,1,3284,0,0.0254,0.0258,0.1799,0.0816,0.0901,1.0227,2.986,3.523,19.74,29.36,31.29,1.46,0.0081,0.0081,0.0511,10.23,16.76,492.07,0.0085,0.0081,0.0447,55.52,176.77,29.18,0.0077,0.0073,0.044,16000,1024,503.02,0.9742,0.0213,0.0034,0.001
2026-08-27T09:22:37.306+02:00,1000,1024,1024,1056,390,809,0,12998,0,3284,0,0.0233,0.0214,0.0468,0.0921,0.0739,0.7331,3.438,3.065,118.276,43.98,33.68,184.74,0.0077,0.007,0.0144,206.08,49.78,213.76,0.0073,0.0064,0.0141,68.94,57.25,96.51,0.0066,0.0066,0.0142,16000,1024,567.97,0.9372,0.0266,0.0296,0.0065
2026-08-27T09:23:07.307+02:00,1000,1024,1024,1056,390,809,1,12999,0,3284,0,0.0228,0.0208,0.0719,0.0704,0.0849,0.6306,2.986,3.531,48.299,78.45,58.8,320.47,0.0072,0.0065,0.0186,45.12,73.51,329.79,0.0067,0.0065,0.0195,129.26,36.65,188.55,0.0067,0.0059,0.0164,16000,1024,574.28,0.9516,0.0399,0.0075,0.001
2026-08-27T09:23:37.307+02:00,1000,1024,1024,1056,390,809,13,13012,0,3284,0,0.0248,0.0207,0.0614,0.0805,0.0757,0.7198,2.891,3.209,67.988,111.74,132.43,116.14,0.008,0.0089,0.0105,87.26,39.09,3.95,0.0079,0.0072,0.0102,67.29,259.14,265.71,0.007,0.006,0.0092,16000,1024,608.04,0.974,0.0193,0.0059,0.0008
2026-08-27T09:24:07.307+02:00,1000,1024,1024,1056,390,810,4,13016,0,3284,0,0.0238,0.0217,0.0729,0.0735,0.0697,0.7282,2.769,2.92,62.502,103.29,128.93,104.55,0.0081,0.0076,0.0202,192.47,138.23,97.06,0.0069,0.0076,0.0189,376.27,145.54,221.85,0.0066,0.0063,0.0165,16000,1024,473.11,0.7867,0.0513,0.125,0.0371
2026-08-27T09:24:37.311+02:00,1000,1024,1024,1056,390,810,2,13018,0,3284,0,0.0236,0.0221,0.0549,0.094,0.081,0.7131,3.106,3.034,87.118,28.6,7.62,115.98,0.0075,0.0069,0.0148,98.5,116.03,184.44,0.007,0.0067,0.0144,206.66,26.75,107.18,0.0077,0.0067,0.0142,16000,1024,860.27,0.9428,0.0448,0.0107,0.0017
2026-08-27T09:25:07.314+02:00,1000,1024,1026,1059,390,810,9,13027,0,3284,0,0.0252,0.023,0.0823,0.0794,0.0987,0.7127,2.939,3.279,45.777,87.1,7.67,44.28,0.0078,0.0075,0.0175,56.66,30.43,160.47,0.0075,0.0064,0.0129,120.12,218.6,122.76,0.0066,0.0064,0.012,16000,1024,868.58,0.9575,0.0326,0.0082,0.0016
2026-08-27T09:25:37.309+02:00,1000,1024,1024,1056,390,811,1,13028,0,3284,0,0.0244,0.0204,0.0326,0.0818,0.0634,0.2165,3.346,3.168,6.102,83.87,114.51,6.3,0.0091,0.0068,0.0112,68.85,91.8,94.9,0.0088,0.0063,0.0096,125.16,242.74,37.2,0.0064,0.0062,0.0088,16000,1024,425.42,0.8814,0.0937,0.0222,0.0027
2026-08-27T09:26:07.310+02:00,1000,1024,1024,1056,390,811,0,13028,0,3284,0,0.0228,0.0228,0.1065,0.07,0.0879,0.7347,2.665,3.592,33.79,187.7,3.53,5.8,0.0078,0.0069,0.0306,79.67,129.14,192.59,0.0081,0.0065,0.0294,221.8,54.69,379.56,0.0069,0.0063,0.0286,16000,1024,347.09,0.9563,0.0343,0.0082,0.0012
2026-08-27T09:26:37.310+02:00,1000,1024,1024,1056,390,811,12,13040,1,3285,0,0.0239,0.0235,0.1051,0.0831,0.1199,1.2651,2.838,5.116,73.018,155.24,31.28,151.6,0.0085,0.0092,0.0137,23.75,111.24,123.71,0.0079,0.0057,0.014,17.41,4.63,2.09,0.0072,0.0058,0.0134,16000,1024,1350.42,0.9707,0.0205,0.0069,0.0019
2026-08-27T09:27:37.315+02:00,1000,1024,1028,1060,391,811,16,13059,2,3287,0,0.0257,0.0265,0.2061,0.0713,0.084,1.1331,2.73,3.349,11.11,54.9,39.14,498.24,0.0092,0.0087,0.047,33.85,20.16,399.55,0.0077,0.0085,0.0457,23.31,188.18,433.6,0.007,0.0077,0.045,16000,1024,860.55,0.9614,0.0294,0.0085,0.0007
2026-08-27T09:28:07.311+02:00,1000,1024,1024,1056,391,812,0,13059,0,3287,0,0.0219,0.0202,0.0424,0.0691,0.0732,0.5996,2.946,3.202,80.29,91.91,133.51,126.09,0.008,0.0081,0.0148,83.84,38.98,197.24,0.0062,0.0074,0.0146,242.73,24.45,7.84,0.0062,0.0068,0.0121,16000,1024,415.27,0.9714,0.0228,0.005,0.0008
2026-08-27T09:28:37.323+02:00,1000,1024,1035,1067,391,812,2,13061,0,3287,0,0.0226,0.0208,0.0752,0.0759,0.0737,0.9336,2.851,3.168,82.127,117.66,81.85,54.65,0.0081,0.0066,0.0147,60.19,27.34,218.83,0.0067,0.0063,0.0146,11.64,169.34,291.79,0.0059,0.0062,0.0131,16000,1024,1100.64,0.95,0.0382,0.0099,0.0019
2026-08-27T09:29:07.312+02:00,1000,1024,1024,1056,391,813,6,13067,0,3287,0,0.0239,0.027,0.2088,0.0926,0.1154,0.9645,3.253,3.812,8.617,26.02,184.56,455.18,0.007,0.0074,0.0851,38.65,229.96,330.95,0.0069,0.0074,0.0668,66.21,119.67,221.51,0.006,0.0077,0.0665,16000,1024,615.96,0.9828,0.0129,0.0038,0.0005
2026-08-27T09:29:37.313+02:00,1000,1024,1024,1056,391,813,17,13084,3,3290,0,0.0258,0.0224,0.1001,0.0884,0.092,0.8552,3.085,3.528,37.203,16.7,37.29,4.4,0.0099,0.0085,0.0293,73.98,54.6,43.29,0.0093,0.0074,0.0247,55.23,92.49,208.73,0.0098,0.0065,0.0241,16000,1024,339.75,0.929,0.0533,0.0158,0.002
2026-08-27T09:30:07.315+02:00,1000,1024,1024,1056,391,815,1,13085,0,3290,0,0.0229,0.0214,0.0454,0.0741,0.084,0.6979,2.94,3.328,113.071,7.88,133.73,5.86,0.0073,0.0076,0.0112,68.01,4.68,37.42,0.0069,0.0072,0.0093,136.02,67.19,55.17,0.0066,0.0065,0.0094,16000,1024,413.38,0.9789,0.0156,0.0048,0.0007
2026-08-27T09:30:37.313+02:00,1000,1024,1024,1056,391,815,1,13086,0,3290,0,0.0232,0.0218,0.0332,0.0711,0.0656,0.11,2.925,2.931,3.063,15.76,110.92,13.86,0.0079,0.006,0.0101,6.38,46.02,124.56,0.0074,0.0055,0.0104,55.04,6.21,19.42,0.0072,0.006,0.0092,16000,1024,583.01,0.9827,0.0116,0.005,0.0007
2026-08-27T09:31:07.316+02:00,1000,1024,1024,1056,391,815,0,13086,0,3290,0,0.0241,0.0211,0.1664,0.0764,0.0836,1.3595,2.905,3.292,19.22,56.98,38.3,187.41,0.0085,0.0067,0.055,23.1,1.91,98.81,0.0081,0.0061,0.0524,29.31,138.41,47.78,0.0076,0.006,0.0461,16000,1024,433.61,0.9058,0.0721,0.0194,0.0028
2026-08-27T09:32:07.314+02:00,1000,1024,1024,1056,392,816,6,13106,0,3290,0,0.0242,0.0222,0.0897,0.0894,0.0953,0.7661,3.094,3.136,41.367,89.0,75.74,121.67,0.0089,0.0087,0.0178,19.27,154.35,83.42,0.0073,0.0074,0.0173,28.56,134.01,112.26,0.007,0.0064,0.0155,16000,1024,360.1,0.85,0.1168,0.0256,0.0076
2026-08-27T09:32:37.315+02:00,1000,1024,1024,1056,392,817,0,13106,0,3290,0,0.0209,0.0213,0.0309,0.0725,0.0704,0.1031,3.01,2.997,2.982,204.26,51.2,34.68,0.0073,0.008,0.0112,124.44,30.41,139.34,0.0075,0.0072,0.0101,107.47,159.19,99.93,0.0067,0.0059,0.0095,16000,1024,458.16,0.9591,0.0298,0.009,0.0021
2026-08-27T09:33:07.315+02:00,1000,1024,1024,1056,392,819,12,13118,0,3290,0,0.0222,0.0218,0.0539,0.0623,0.0996,0.6777,2.767,3.515,80.276,21.41,22.82,145.32,0.0062,0.0066,0.0145,93.01,116.77,189.84,0.0063,0.0064,0.0146,172.65,81.63,131.04,0.0062,0.006,0.0136,16000,1024,351.15,0.9401,0.0433,0.0148,0.0018
2026-08-27T09:33:37.315+02:00,1000,1024,1024,1056,392,819,2,13120,0,3290,0,0.0225,0.0309,0.3604,0.0778,0.1144,1.1813,2.752,3.982,4.791,146.64,88.97,496.84,0.0083,0.0109,0.1253,115.56,407.63,2.8,0.0082,0.0091,0.1202,29.02,210.73,285.33,0.0077,0.0087,0.1168,16000,1024,425.46,0.9653,0.0273,0.006,0.0013
2026-08-27T09:34:37.316+02:00,1000,1024,1024,1056,393,821,4,13129,0,3290,0,0.0235,0.0219,0.0989,0.1054,0.0884,0.7155,3.266,3.556,36.167,105.15,93.08,141.61,0.0084,0.0066,0.033,144.9,97.88,166.2,0.0078,0.0056,0.0312,29.49,132.85,120.22,0.0071,0.0055,0.0298,16000,1024,1457.52,0.9939,0.0052,0.0008,0.0001
2026-08-27T09:35:07.317+02:00,1000,1024,1024,1056,393,821,1,13130,0,3290,0,0.0233,0.0212,0.0619,0.0893,0.0719,0.8376,3.152,2.963,98.065,72.43,92.54,105.23,0.0075,0.0077,0.0221,78.83,1.89,92.01,0.0066,0.007,0.0186,182.71,117.99,15.39,0.0063,0.0066,0.0187,16000,1024,457.52,0.9691,0.0226,0.0071,0.0013
2026-08-27T09:35:37.317+02:00,1000,1024,1024,1056,393,822,12,13142,0,3290,0,0.025,0.0247,0.1184,0.1009,0.097,1.0206,3.552,3.575,32.522,175.53,40.83,450.88,0.0074,0.0077,0.0385,56.85,126.55,10.05,0.0071,0.0075,0.0361,12.43,79.03,144.48,0.0069,0.0065,0.0346,16000,1024,571.03,0.9828,0.0139,0.0029,0.0004
2026-08-27T09:36:07.316+02:00,1000,1024,1024,1056,393,822,3,13145,0,3290,0,0.0231,0.0222,0.0939,0.0841,0.0741,0.7108,2.754,3.019,36.907,98.85,85.53,137.24,0.0081,0.0067,0.031,216.52,153.41,24.73,0.0081,0.0056,0.0266,54.34,61.75,112.11,0.0081,0.0058,0.0253,16000,1024,622.79,0.9501,0.0344,0.0135,0.002
2026-08-27T09:36:37.318+02:00,1000,1024,1024,1056,393,823,6,13151,0,3290,0,0.0244,0.0215,0.095,0.0909,0.0764,0.7281,3.045,3.265,37.087,21.19,31.29,28.96,0.0089,0.0063,0.0301,85.84,225.65,196.69,0.0074,0.006,0.0297,26.49,262.83,400.25,0.0071,0.0059,0.0259,16000,1024,432.38,0.9587,0.0327,0.0075,0.0011
2026-08-27T09:37:07.317+02:00,1000,1024,1024,1056,393,823,2,13153,0,3290,0,0.0241,0.02,0.0467,0.0858,0.0665,0.7026,3.128,2.88,101.064,23.56,26.27,66.21,0.008,0.0064,0.0119,46.43,141.89,52.97,0.007,0.0058,0.0105,183.61,163.41,77.03,0.0067,0.0059,0.0101,16000,1024,518.08,0.9463,0.0444,0.0082,0.001
2026-08-27T09:38:07.318+02:00,1000,1024,1024,1056,394,824,23,13181,0,3291,0,0.0277,0.0241,0.1091,0.0987,0.0926,1.0025,2.808,3.232,39.875,26.21,66.88,458.47,0.0106,0.0087,0.0353,21.32,3.87,107.23,0.0082,0.007,0.0338,85.08,85.95,351.25,0.0074,0.0059,0.0333,16000,1024,556.69,0.9647,0.0298,0.0049,0.0007
2026-08-27T09:38:37.319+02:00,1000,1024,1024,1056,394,824,0,13181,0,3291,0,0.0231,0.0209,0.0299,0.0732,0.0679,0.1224,2.839,2.778,3.292,78.56,36.86,28.86,0.0089,0.0065,0.0098,70.07,141.33,39.26,0.0079,0.0061,0.0087,209.99,8.09,134.11,0.0061,0.006,0.0082,16000,1024,657.24,0.9578,0.0381,0.0037,0.0004
2026-08-27T09:39:07.321+02:00,1000,1024,1024,1056,394,825,13,13194,1,3292,0,0.0241,0.0288,0.2069,0.0848,0.1063,1.0915,3.27,3.913,9.986,50.88,63.7,106.74,0.0084,0.0104,0.07,19.51,94.85,153.92,0.0072,0.0101,0.0696,65.64,57.05,326.67,0.0068,0.0102,0.0732,16000,1024,534.67,0.9792,0.015,0.0052,0.0006
2026-08-27T09:40:07.322+02:00,1000,1024,1026,1058,395,825,1,13198,0,3292,0,0.0233,0.0211,0.06,0.0795,0.077,0.6421,3.024,3.043,63.986,39.49,69.23,60.21,0.0068,0.0069,0.0201,26.79,43.78,180.57,0.0071,0.006,0.0189,8.94,84.05,166.83,0.0067,0.0054,0.0184,16000,1024,415.41,0.9744,0.0186,0.0062,0.0007
2026-08-27T09:40:37.320+02:00,1000,1024,1024,1056,395,826,3,13201,0,3292,0,0.0235,0.0329,0.2688,0.0745,0.1602,1.6147,3.089,5.537,10.266,21.51,1.57,1.57,0.0095,0.0226,0.2625,3.31,495.14,230.62,0.0066,0.0118,0.107,92.71,121.86,494.32,0.0061,0.0109,0.1026,16000,1024,454.78,0.916,0.0664,0.016,0.0016
2026-08-27T09:41:07.320+02:00,1000,1024,1024,1056,395,826,1,13202,0,3292,0,0.0247,0.0197,0.0319,0.0883,0.062,0.1044,3.014,2.856,3.004,13.66,29.09,63.51,0.0085,0.0064,0.0101,146.98,144.7,125.65,0.0094,0.0059,0.0098,27.71,139.91,195.84,0.009,0.0059,0.0097,16000,1024,885.85,0.9823,0.0143,0.003,0.0005
2026-08-27T09:41:37.322+02:00,1000,1024,1024,1056,395,826,2,13204,1,3293,0,0.0234,0.0223,0.0744,0.0801,0.0976,0.7328,3.175,3.398,52.37,7.24,156.42,80.84,0.0102,0.0065,0.0183,72.1,22.67,141.42,0.0061,0.0064,0.0174,43.84,76.79,231.34,0.0058,0.0067,0.0168,16000,1024,259.29,0.8716,0.102,0.0226,0.0038
2026-08-27T09:42:07.322+02:00,1000,1024,1024,1056,395,826,0,13204,0,3293,0,0.0235,0.0228,0.0516,0.0813,0.091,0.8542,2.893,3.707,133.755,51.73,57.91,40.86,0.0085,0.0088,0.0202,143.09,47.0,5.57,0.0074,0.0076,0.0187,13.5,104.57,142.52,0.0067,0.0076,0.0172,16000,1024,533.79,0.9797,0.0159,0.0038,0.0006
2026-08-27T09:42:37.323+02:00,1000,1024,1024,1056,395,826,13,13217,1,3294,0,0.0235,0.0272,0.1827,0.0872,0.0938,1.1301,3.007,3.461,15.34,19.33,41.99,495.08,0.0072,0.009,0.057,14.42,183.56,74.84,0.0065,0.0072,0.0576,38.74,140.67,4.41,0.0066,0.0069,0.055,16000,1024,333.11,0.8627,0.1062,0.0278,0.0033
2026-08-27T09:43:07.323+02:00,1000,1024,1024,1056,395,826,6,13223,1,3295,0,0.0221,0.0265,0.2091,0.0747,0.0991,1.1617,2.905,3.915,11.914,16.43,19.86,499.51,0.0071,0.0092,0.0859,47.47,196.62,470.71,0.0071,0.0087,0.0621,60.49,34.1,404.42,0.0065,0.0078,0.062,16000,1024,460.63,0.9405,0.0475,0.0102,0.0018
2026-08-27T09:43:37.324+02:00,1000,1024,1024,1056,395,826,21,13244,1,3296,0,0.0236,0.0255,0.1547,0.0836,0.1205,1.0096,3.051,3.717,24.241,94.76,132.61,487.99,0.0067,0.01,0.0528,189.33,68.97,30.62,0.0067,0.0082,0.0489,155.52,54.5,481.52,0.0069,0.0076,0.0466,16000,1024,259.41,0.8902,0.0847,0.021,0.0042
2026-08-27T09:44:37.324+02:00,1000,1024,1024,1056,396,826,1,13250,0,3297,0,0.0243,0.0218,0.0481,0.093,0.0757,0.7274,3.339,3.065,103.494,46.83,69.03,93.73,0.0088,0.0088,0.0143,140.0,78.06,309.5,0.0081,0.0076,0.0142,23.75,52.56,51.02,0.0076,0.0068,0.0136,16000,1024,1495.82,0.1806,0.7962,0.0206,0.0027
2026-08-27T09:45:07.326+02:00,1000,1024,1024,1056,396,829,0,13250,0,3297,0,0.0229,0.0193,0.03,0.0726,0.0662,0.0837,3.076,2.964,2.626,21.28,85.3,70.25,0.0077,0.0064,0.0091,119.57,51.99,91.13,0.0076,0.0057,0.0093,175.8,105.51,13.77,0.0068,0.0052,0.0079,16000,1024,466.55,0.9233,0.0469,0.0286,0.0012
2026-08-27T09:45:37.323+02:00,1000,1024,1024,1056,396,829,8,13258,0,3297,0,0.0251,0.029,0.203,0.0998,0.1107,1.013,3.157,4.06,9.653,64.98,39.45,116.34,0.0082,0.0094,0.0719,23.58,106.88,492.99,0.0071,0.0083,0.0696,41.73,97.87,128.07,0.0072,0.0081,0.0598,16000,1024,586.72,0.9782,0.0148,0.006,0.001
2026-08-27T09:46:07.328+02:00,1000,1024,1024,1056,396,829,1,13259,0,3297,0,0.022,0.0205,0.0459,0.0819,0.0629,0.6763,3.137,2.913,92.496,51.49,55.16,62.51,0.0087,0.0063,0.0143,66.06,67.14,92.16,0.0076,0.006,0.0147,94.27,25.1,81.22,0.0076,0.0057,0.013,16000,1024,1165.62,0.9883,0.0094,0.002,0.0003
2026-08-27T09:46:37.326+02:00,1000,1024,1024,1056,396,829,1,13260,0,3297,0,0.0238,0.021,0.047,0.0817,0.0676,0.736,3.176,2.898,111.405,44.88,54.83,119.36,0.0073,0.0067,0.0111,110.64,10.17,7.96,0.0074,0.0063,0.011,129.64,188.22,41.38,0.0071,0.0064,0.0113,16000,1024,810.54,0.987,0.0091,0.0032,0.0007
2026-08-27T09:47:07.338+02:00,1000,1024,1024,1056,396,829,0,13260,0,3297,0,0.0231,0.0214,0.0611,0.0817,0.0643,0.8042,3.323,2.979,100.547,65.24,47.79,96.09,0.0084,0.0067,0.0115,137.82,104.34,268.73,0.006,0.0067,0.0103,56.91,69.28,147.89,0.006,0.0057,0.0109,16000,1024,1308.69,0.9464,0.0398,0.0108,0.003
2026-08-27T09:48:37.328+02:00,1000,1024,1024,1057,398,831,24,13293,1,3299,0,0.0248,0.0238,0.1057,0.0834,0.0994,0.7863,3.146,3.301,30.334,12.76,9.69,98.37,0.0087,0.0072,0.038,92.97,65.83,63.25,0.0087,0.008,0.0341,135.41,108.76,24.45,0.0082,0.0068,0.0277,16000,1024,1475.78,0.9816,0.0165,0.0015,0.0003
2026-08-27T09:49:07.327+02:00,1000,1024,1024,1056,398,831,4,13297,0,3299,0,0.0249,0.0213,0.0537,0.078,0.0826,0.7123,3.18,3.309,84.86,11.13,64.58,170.99,0.0089,0.0062,0.0209,15.14,70.0,31.78,0.0074,0.0064,0.0215,159.24,33.98,243.01,0.0069,0.0061,0.0195,16000,1024,443.94,0.9274,0.0555,0.0143,0.0029
2026-08-27T09:49:37.327+02:00,1000,1024,1024,1056,398,832,3,13300,0,3299,0,0.0242,0.0201,0.057,0.0832,0.0787,0.7022,2.873,3.636,87.491,59.61,67.05,204.52,0.0073,0.0069,0.0213,44.12,50.36,93.62,0.007,0.0061,0.0191,124.4,94.35,98.19,0.0066,0.0057,0.0194,16000,1024,363.81,0.9324,0.0476,0.0169,0.0031
2026-08-27T09:50:07.346+02:00,1000,1024,1042,1075,398,833,19,13319,3,3302,0,0.0247,0.0273,0.1999,0.0789,0.1163,1.1362,2.949,4.13,11.205,31.6,5.97,483.39,0.0085,0.008,0.0703,100.59,76.01,1.46,0.0077,0.0072,0.0598,23.18,62.4,314.72,0.0077,0.0069,0.0508,16000,1024,1281.52,0.9658,0.0166,0.016,0.0016
2026-08-27T09:50:37.328+02:00,1000,1024,1024,1056,398,833,1,13320,0,3302,0,0.0235,0.0204,0.0556,0.0664,0.0702,0.7009,2.837,2.839,69.933,5.61,19.45,5.6,0.0111,0.0071,0.0191,74.93,211.74,30.88,0.007,0.0059,0.0136,141.61,37.04,40.5,0.0063,0.0052,0.0142,16000,1024,954.93,0.9783,0.0185,0.0028,0.0005
2026-08-27T09:51:07.329+02:00,1000,1024,1024,1056,398,834,11,13331,1,3303,0,0.0246,0.0242,0.1031,0.075,0.0945,0.7192,2.929,3.789,32.159,19.42,23.11,106.7,0.01,0.0081,0.0334,34.77,63.68,33.64,0.0087,0.007,0.0323,70.22,53.96,378.04,0.0076,0.0068,0.0306,16000,1024,595.09,0.9367,0.0458,0.0154,0.0021
2026-08-27T09:51:37.328+02:00,1000,1024,1024,1056,398,834,0,13331,0,3303,0,0.0233,0.0224,0.1135,0.0809,0.0996,1.3833,3.299,3.815,65.955,15.45,281.12,93.9,0.0076,0.0071,0.0388,62.46,116.09,23.17,0.0068,0.007,0.038,118.54,192.69,85.11,0.0079,0.0064,0.036,16000,1024,384.19,0.9352,0.0466,0.0163,0.0019
2026-08-27T09:52:07.330+02:00,1000,1024,1024,1056,398,834,3,13334,1,3304,0,0.0234,0.0221,0.0307,0.0768,0.0873,0.0942,2.863,3.271,2.937,41.84,30.35,83.87,0.0095,0.0063,0.0114,234.2,149.51,23.55,0.0074,0.0062,0.0095,19.92,73.41,155.17,0.0073,0.006,0.0084,16000,1024,506.33,0.9646,0.0267,0.0079,0.0008
2026-08-27T09:52:37.330+02:00,1000,1024,1024,1056,398,834,16,13350,2,3306,0,0.0261,0.0227,0.088,0.0973,0.0799,0.7963,3.582,3.037,46.693,71.81,43.89,10.44,0.0079,0.0069,0.0304,21.84,78.0,19.76,0.0075,0.0068,0.0243,150.72,13.61,71.57,0.0074,0.0062,0.0231,16000,1024,357.43,0.933,0.0467,0.0185,0.0018
2026-08-27T09:53:07.330+02:00,1000,1024,1024,1056,398,835,1,13351,1,3307,0,0.0243,0.0209,0.0757,0.0886,0.0648,0.6699,3.407,2.816,44.154,84.24,5.83,160.2,0.0081,0.0063,0.0233,120.77,40.44,339.88,0.0082,0.006,0.0231,37.93,200.01,80.04,0.0071,0.0059,0.0222,16000,1024,1910.84,0.9958,0.0033,0.0007,0.0002
2026-08-27T09:53:37.333+02:00,1000,1024,1024,1056,398,835,1,13352,0,3307,0,0.0231,0.0214,0.0301,0.0828,0.0712,0.1122,3.081,2.868,3.054,42.12,4.16,42.91,0.0078,0.0077,0.0082,17.78,52.61,209.78,0.0068,0.0066,0.0081,181.65,57.69,69.45,0.0064,0.0065,0.0079,16000,1024,5676.87,0.4672,0.5302,0.0026,0.0001
2026-08-27T09:54:07.350+02:00,1000,1024,1043,1076,398,835,24,13376,0,3307,0,0.0266,0.0263,0.19,0.0816,0.1041,1.0089,3.015,3.76,12.437,53.17,125.73,2.64,0.0094,0.0086,0.0622,5.23,138.52,399.93,0.01,0.0071,0.0673,84.65,15.99,450.09,0.008,0.0067,0.0569,16000,1024,676.36,0.9615,0.0272,0.0105,0.0008
2026-08-27T09:54:37.332+02:00,1000,1024,1024,1056,398,835,1,13377,0,3307,0,0.0228,0.0196,0.0529,0.0702,0.0783,0.6943,2.871,3.426,82.078,34.32,85.29,99.76,0.0084,0.0061,0.015,21.14,13.62,64.2,0.0077,0.0053,0.0122,111.45,3.24,23.18,0.0059,0.0054,0.0113,16000,1024,769.78,0.7567,0.2188,0.0183,0.0063
2026-08-27T09:55:37.334+02:00,1000,1024,1026,1059,399,837,35,13414,2,3309,0,0.0277,0.0252,0.137,0.1002,0.0868,0.7008,3.227,3.263,16.325,68.4,20.03,449.19,0.0096,0.0087,0.0452,58.43,66.69,286.1,0.0089,0.0074,0.0434,13.34,121.41,464.63,0.009,0.0074,0.0432,16000,1024,736.45,0.9524,0.0393,0.0074,0.001
2026-08-27T09:56:37.333+02:00,1000,1024,1024,1056,400,837,1,13423,0,3309,0,0.023,0.0212,0.0328,0.0707,0.0712,0.1082,2.631,2.886,2.866,78.2,30.32,24.4,0.008,0.0103,0.0089,87.11,80.84,42.86,0.0078,0.006,0.0083,167.16,128.31,81.22,0.0063,0.0054,0.0081,16000,1024,460.19,0.9663,0.0264,0.0067,0.0006
2026-08-27T09:57:07.332+02:00,1000,1024,1024,1056,400,837,9,13432,1,3310,0,0.0245,0.0291,0.2109,0.0878,0.1175,1.1208,3.369,4.674,10.643,18.06,68.39,498.54,0.0102,0.0102,0.0842,6.28,47.6,6.92,0.009,0.0085,0.0703,62.58,1.78,492.95,0.0072,0.0084,0.0679,16000,1024,436.36,0.9602,0.0312,0.0076,0.001
2026-08-27T09:57:37.365+02:00,1000,1024,1056,1089,400,837,6,13438,0,3310,0,0.0225,0.0219,0.0983,0.0756,0.086,1.27,3.102,3.331,61.787,6.75,91.68,106.49,0.0073,0.0064,0.0209,80.45,182.02,212.74,0.0079,0.0067,0.0206,54.01,138.58,78.46,0.0067,0.0059,0.0211,16000,1024,352.66,0.946,0.0339,0.0184,0.0017
2026-08-27T09:58:07.333+02:00,1000,1024,1024,1056,400,838,1,13439,0,3310,0,0.0223,0.0204,0.0636,0.0751,0.0652,0.7226,2.882,2.771,71.181,166.78,20.44,90.88,0.0083,0.0081,0.0162,152.99,92.13,138.69,0.007,0.0067,0.0157,177.68,120.72,240.54,0.0067,0.0055,0.0145,16000,1024,475.68,0.9491,0.0406,0.0093,0.001
2026-08-27T09:58:37.333+02:00,1000,1024,1024,1056,400,838,2,13441,0,3310,0,0.0231,0.0216,0.0646,0.0952,0.0725,0.7244,3.506,2.987,72.555,145.6,67.83,93.77,0.0076,0.0076,0.0196,22.69,96.23,99.82,0.0077,0.0074,0.0195,94.77,73.79,5.94,0.0069,0.0067,0.0185,16000,1024,373.43,0.957,0.0332,0.0085,0.0014
2026-08-27T09:59:07.334+02:00,1000,1024,1024,1056,400,839,1,13442,0,3310,0,0.0221,0.0208,0.0561,0.0639,0.0896,0.7001,2.965,3.862,85.57,54.96,52.37,147.62,0.0083,0.0088,0.0195,141.22,101.81,236.44,0.0082,0.0075,0.0194,15.45,96.52,47.43,0.0072,0.0072,0.0195,16000,1024,625.71,0.9826,0.0136,0.0034,0.0004
2026-08-27T09:59:37.337+02:00,1000,1024,1026,1058,400,839,1,13443,0,3310,0,0.0243,0.0214,0.1114,0.0767,0.0908,0.715,2.943,4.063,28.175,74.52,43.76,165.02,0.0096,0.0062,0.0374,17.77,27.96,102.6,0.0076,0.0061,0.0333,81.53,241.72,40.38,0.0075,0.0065,0.0324,16000,1024,556.55,0.951,0.0414,0.0066,0.0011
2026-08-27T10:00:07.337+02:00,1000,1024,1024,1056,400,839,6,13449,1,3311,0,0.0253,0.023,0.1187,0.0964,0.0975,1.2229,2.865,3.438,35.701,40.38,7.92,62.09,0.0092,0.0063,0.034,159.38,27.15,143.23,0.0081,0.0062,0.0324,108.09,152.31,209.93,0.0077,0.006,0.0292,16000,1024,644.31,0.9849,0.0078,0.0068,0.0005
2026-08-27T10:00:37.336+02:00,1000,1024,1024,1056,400,840,15,13464,3,3314,0,0.0248,0.0219,0.0795,0.0846,0.0878,0.7355,3.017,3.744,48.639,84.93,34.87,8.36,0.0092,0.0097,0.0269,63.13,88.87,102.09,0.0092,0.0069,0.0265,37.37,99.87,256.88,0.0073,0.0071,0.0228,16000,1024,389.81,0.9316,0.0569,0.0104,0.0011
2026-08-27T10:01:07.338+02:00,1000,1024,1024,1056,400,840,0,13464,0,3314,0,0.0225,0.0211,0.1057,0.0826,0.0783,1.3564,3.102,3.306,59.662,160.21,72.67,98.56,0.0075,0.0078,0.0281,72.25,153.38,62.6,0.0061,0.0069,0.027,28.25,26.5,223.6,0.0057,0.0066,0.0267,16000,1024,515.45,0.885,0.1,0.0129,0.0021
2026-08-27T10:01:37.341+02:00,1000,1024,1024,1056,400,841,2,13466,0,3314,0,0.6658,0.1533,0.3238,2.4008,0.5828,1.1768,5.553,5.428,5.585,48.92,47.97,25.63,0.3077,0.0589,0.1738,25.35,69.64,12.64,0.1447,0.0444,0.0785,53.22,100.23,31.53,0.1016,0.0291,0.07,16000,1024,721.33,0.9124,0.0531,0.0151,0.0194
2026-08-27T10:02:07.346+02:00,1000,1024,1032,1065,400,842,36,13502,2,3316,0,1.6687,0.2014,0.1517,2.9838,0.3635,0.8015,1.555,1.615,11.43,20.22,32.22,20.7,0.8545,0.0838,0.0642,48.41,48.38,482.39,0.7623,0.0901,0.0482,32.11,20.23,45.06,0.6168,0.0828,0.0478,16000,1024,717.03,0.9421,0.0485,0.0055,0.004
2026-08-27T10:02:37.338+02:00,1000,1024,1024,1056,400,842,0,13502,0,3316,0,1.5607,0.2179,0.0785,2.3126,0.3757,0.5487,1.519,1.622,6.364,49.32,49.32,49.34,2.2962,0.3181,0.0936,147.97,148.02,98.32,0.0543,0.0423,0.0194,197.3,99.76,27.34,0.0154,0.0203,0.0139,16000,1024,565.34,0.8525,0.135,0.0098,0.0027
2026-08-27T10:03:07.341+02:00,1000,1024,1024,1056,400,842,2,13504,1,3317,0,1.5705,0.2222,0.1136,2.3969,0.4081,0.7366,1.516,1.618,15.78,49.31,49.32,49.35,2.1869,0.3204,0.0827,53.77,147.75,147.55,0.1179,0.0341,0.026,41.62,99.32,60.22,0.0953,0.0162,0.0207,16000,1024,705.12,0.9177,0.0711,0.0097,0.0015
2026-08-27T10:04:37.345+02:00,1000,1024,1026,1059,402,843,5,13527,0,3319,0,1.5504,0.2139,0.0806,2.4076,0.3796,0.7233,1.523,1.625,14.549,49.32,49.32,49.31,2.2319,0.3073,0.096,148.0,148.17,27.41,0.0523,0.0341,0.0169,15.67,99.32,99.09,0.0399,0.0223,0.0164,16000,1024,396.76,0.6664,0.3065,0.0217,0.0054
2026-08-27T10:05:37.341+02:00,1000,1024,1024,1056,403,843,0,13537,0,3319,0,1.5796,0.2113,0.1042,3.4487,0.3835,1.5924,1.542,1.613,88.903,49.18,49.19,49.21,2.2349,0.2969,0.0952,147.45,147.47,98.37,0.0563,0.027,0.0299,53.56,99.84,147.32,0.0564,0.0176,0.0168,16000,1024,790.48,0.805,0.1854,0.0075,0.0021
2026-08-27T10:06:07.340+02:00,1000,1024,1024,1056,403,843,4,13541,1,3320,0,1.6319,0.2084,0.0947,2.4312,0.3594,0.7529,1.519,1.615,12.441,49.27,49.27,49.31,2.3729,0.2981,0.1022,147.79,147.67,147.08,0.0571,0.0291,0.0177,26.37,99.66,98.62,0.0312,0.0187,0.0165,16000,1024,571.94,0.8751,0.1169,0.0057,0.0023
2026-08-27T10:06:37.341+02:00,1000,1024,1024,1056,403,846,15,13556,3,3323,0,1.6856,0.2009,0.2271,2.6437,0.3706,1.1045,1.552,1.669,8.698,49.35,49.38,49.38,1.7724,0.1966,0.0939,20.74,20.61,496.75,0.5243,0.0583,0.0928,26.59,26.4,436.89,0.3801,0.0469,0.093,16000,1024,607.77,0.89,0.0998,0.0076,0.0026
2026-08-27T10:07:07.342+02:00,1000,1024,1024,1056,403,846,10,13566,1,3324,0,1.7159,0.2029,0.1335,2.5961,0.3596,0.7767,1.538,1.605,12.186,49.33,49.32,49.2,1.6721,0.2028,0.0936,20.43,26.04,328.37,0.5045,0.0601,0.0317,26.11,20.71,196.49,0.4871,0.0545,0.0303,16000,1024,729.54,0.8381,0.1474,0.0115,0.003
2026-08-27T10:07:37.352+02:00,1000,1024,1024,1056,403,847,0,13566,0,3324,0,1.7456,0.2027,0.0909,2.5398,0.3682,0.1994,1.518,1.613,1.93,49.25,49.27,49.28,2.5493,0.2932,0.1215,147.79,147.69,147.84,0.0634,0.035,0.0255,197.14,100.06,98.87,0.0165,0.0148,0.023,16000,1024,538.44,0.6595,0.2949,0.0387,0.0068
2026-08-27T10:08:07.342+02:00,1000,1024,1024,1056,403,847,0,13566,0,3324,0,1.7762,0.2019,0.0972,2.5772,0.3666,0.5813,1.511,1.603,3.82,49.26,49.26,49.3,2.593,0.2899,0.1242,147.75,147.86,147.94,0.0605,0.0299,0.0306,196.95,99.47,100.18,0.0171,0.0205,0.0178,16000,1024,545.97,0.855,0.1322,0.0096,0.0033
2026-08-27T10:08:37.354+02:00,1000,1024,1024,1056,403,847,8,13574,1,3325,0,1.7765,0.2046,0.1052,2.6186,0.364,0.8144,1.518,1.609,10.761,49.17,49.19,49.09,2.2209,0.2514,0.109,34.29,147.65,97.77,0.2219,0.0282,0.0197,15.42,34.28,15.75,0.1941,0.0261,0.0175,16000,1024,640.16,0.8426,0.1486,0.007,0.0017
2026-08-27T10:09:07.341+02:00,1000,1024,1024,1056,403,848,1,13575,0,3325,0,1.8066,0.2022,0.1325,2.8286,0.3756,0.79,1.518,1.585,11.274,49.26,49.27,49.24,2.5445,0.2835,0.1348,33.24,147.67,187.48,0.1027,0.0288,0.0259,39.2,99.27,14.36,0.1,0.0201,0.0261,16000,1024,553.73,0.825,0.1599,0.0119,0.0033
2026-08-27T10:09:37.344+02:00,1000,1024,1024,1056,403,848,13,13588,2,3327,0,1.7933,0.1942,0.2182,3.1798,0.3466,1.1772,1.542,1.636,8.274,49.26,49.26,49.19,2.2603,0.2392,0.1367,41.98,56.76,56.64,0.426,0.0423,0.0651,56.5,42.05,197.83,0.3987,0.0406,0.0731,16000,1024,601.51,0.8085,0.1803,0.0086,0.0026
2026-08-27T10:10:37.345+02:00,1000,1024,1024,1056,404,848,0,13613,0,3327,0,1.8425,0.1982,0.1002,2.7101,0.3508,0.2384,1.519,1.591,1.923,49.21,49.21,49.19,2.6681,0.2847,0.1332,147.62,147.46,147.56,0.0687,0.0273,0.0286,196.86,100.1,98.59,0.0153,0.0178,0.0198,16000,1024,690.15,0.9031,0.0898,0.0056,0.0015
2026-08-27T10:11:07.345+02:00,1000,1024,1024,1056,404,848,0,13613,0,3327,0,1.885,0.197,0.1022,2.7554,0.3585,0.231,1.513,1.604,1.824,49.19,49.21,49.22,2.7201,0.2846,0.1368,147.58,147.49,147.51,0.0709,0.0283,0.0311,196.74,100.1,98.61,0.0177,0.0208,0.017,16000,1024,619.28,0.8608,0.1295,0.0067,0.003
2026-08-27T10:11:37.344+02:00,1000,1024,1024,1056,404,848,0,13613,0,3327,0,1.8829,0.1988,0.1142,2.7999,0.3737,0.7909,1.517,1.566,9.442,49.2,49.21,49.19,2.7348,0.2855,0.1433,147.52,147.55,147.91,0.0736,0.0288,0.0227,196.75,99.51,98.04,0.0181,0.0219,0.0215,16000,1024,980.46,0.9323,0.0607,0.0054,0.0016
2026-08-27T10:12:07.345+02:00,1000,1024,1024,1056,404,848,18,13631,0,3327,0,1.9117,0.197,0.1734,3.303,0.3519,1.0032,1.535,1.623,12.423,49.31,49.32,49.22,1.5969,0.1493,0.071,26.05,24.58,28.97,0.6307,0.0601,0.0586,18.94,18.84,7.74,0.5618,0.0598,0.0525,16000,1024,614.65,0.9249,0.0617,0.0108,0.0026
2026-08-27T10:12:37.346+02:00,1000,1024,1024,1056,404,849,13,13644,2,3329,0,1.8856,0.1911,0.2169,2.9274,0.3706,0.9752,1.543,1.667,8.589,49.17,49.24,49.12,1.631,0.1717,0.0766,44.22,44.06,5.22,0.6733,0.0678,0.0665,14.02,13.64,57.45,0.5981,0.0612,0.0624,16000,1024,630.82,0.9014,0.0875,0.0084,0.0026
2026-08-27T10:13:37.346+02:00,1000,1024,1024,1056,405,849,16,13664,4,3334,0,1.9158,0.1882,0.2136,3.4401,0.3757,1.0498,1.551,1.688,8.064,49.2,49.2,49.47,2.2597,0.2117,0.1233,29.03,29.06,481.72,0.5701,0.0548,0.082,69.35,39.04,20.78,0.3213,0.0362,0.0742,16000,1024,633.86,0.8769,0.1159,0.0057,0.0015
2026-08-27T10:14:07.346+02:00,1000,1024,1024,1056,405,849,0,13664,0,3334,0,1.9585,0.1985,0.115,3.4383,0.371,0.7743,1.513,1.62,5.631,49.2,49.21,49.19,2.8329,0.2835,0.1477,147.56,147.35,147.48,0.0742,0.0311,0.0266,196.75,100.02,98.33,0.0188,0.0222,0.0196,16000,1024,621.59,0.8857,0.1013,0.0101,0.0029
2026-08-27T10:14:37.347+02:00,1000,1024,1024,1056,405,850,7,13671,0,3334,0,1.9415,0.196,0.122,2.9323,0.3502,0.7453,1.528,1.63,7.127,49.17,49.17,49.09,2.4129,0.2399,0.1263,24.55,22.49,27.09,0.3619,0.0414,0.0261,44.18,27.02,54.37,0.3145,0.0366,0.0253,16000,1024,1112.52,0.9733,0.0228,0.0029,0.001
2026-08-27T10:15:07.347+02:00,1000,1024,1024,1056,405,851,2,13673,0,3334,0,1.9495,0.1966,0.1112,3.0265,0.3327,0.5945,1.514,1.574,3.148,49.17,49.15,49.24,2.6419,0.2643,0.1479,39.25,147.48,147.23,0.2018,0.0342,0.0288,34.36,99.89,100.53,0.198,0.0239,0.0179,16000,1024,707.37,0.8045,0.1807,0.011,0.0037
2026-08-27T10:15:37.371+02:00,1000,1024,1024,1056,405,851,15,13688,0,3334,0,1.9418,0.1923,0.235,2.9935,0.3358,1.1526,1.542,1.647,7.469,49.1,49.05,49.14,1.8158,0.1697,0.1375,19.17,19.2,9.27,0.6523,0.0673,0.0846,38.3,38.34,493.31,0.5501,0.0536,0.0611,16000,1024,702.65,0.8776,0.1142,0.0063,0.0019
2026-08-27T10:16:07.349+02:00,1000,1024,1024,1057,405,851,25,13713,3,3337,0,1.9235,0.1947,0.1742,3.4593,0.3619,0.7997,1.57,1.652,8.301,49.17,49.16,49.35,1.3368,0.1385,0.0804,20.47,14.54,111.37,0.6684,0.0706,0.0574,14.72,26.22,273.29,0.6441,0.0666,0.0573,16000,1024,825.05,0.9124,0.0789,0.0068,0.0019
2026-08-27T10:17:07.346+02:00,1000,1024,1024,1056,406,852,24,13740,1,3339,0,1.966,0.1956,0.1975,3.6574,0.3507,1.0031,1.584,1.614,10.643,48.92,48.83,22.53,0.9752,0.0918,0.0834,26.37,26.09,7.67,0.8348,0.0895,0.0686,5.91,42.76,13.97,0.5907,0.0656,0.0678,16000,1024,1160.62,0.9011,0.0895,0.0076,0.0018
2026-08-27T10:17:37.364+02:00,1000,1024,1024,1056,406,853,0,13740,0,3339,0,1.9954,0.1948,0.1154,2.8902,0.3424,0.6027,1.513,1.56,2.99,49.12,49.12,49.1,2.8688,0.2783,0.1478,147.29,147.35,147.25,0.0745,0.0335,0.0291,196.4,100.02,98.56,0.0177,0.0233,0.0236,16000,1024,1075.05,0.7798,0.2159,0.0031,0.0012
2026-08-27T10:18:07.348+02:00,1000,1024,1024,1056,406,853,1,13741,0,3339,0,2.0105,0.1949,0.1586,3.2318,0.3684,0.8955,1.518,1.581,9.245,49.06,49.05,49.12,2.8689,0.2746,0.1506,147.16,147.08,146.6,0.073,0.0275,0.0465,54.2,99.38,129.89,0.0415,0.0238,0.0429,16000,1024,995.4,0.9608,0.0349,0.0033,0.0009
2026-08-27T10:18:37.350+02:00,1000,1024,1024,1056,406,853,14,13755,4,3343,0,2.0095,0.1869,0.2004,3.1228,0.3716,0.9453,1.527,1.644,7.781,49.06,49.05,49.08,2.2941,0.2039,0.1206,21.4,38.92,234.65,0.4927,0.0472,0.0685,30.99,22.14,461.72,0.4784,0.0461,0.0602,16000,1024,612.67,0.8991,0.0874,0.011,0.0025
2026-08-27T10:19:07.360+02:00,1000,1024,1024,1056,406,853,14,13769,1,3344,0,1.9932,0.1888,0.1907,3.4275,0.382,0.8903,1.54,1.674,7.733,49.19,49.2,49.18,2.3593,0.2164,0.1148,33.03,12.92,480.37,0.4606,0.0468,0.0479,14.29,39.08,33.35,0.4625,0.0459,0.047,16000,1024,1108.18,0.9372,0.0582,0.0037,0.0009
2026-08-27T10:19:37.368+02:00,1000,1024,1042,1074,406,853,19,13788,0,3344,0,2.0294,0.1898,0.2037,3.3783,0.4621,0.8698,1.563,1.725,6.971,49.14,49.12,49.09,2.1222,0.2018,0.0962,33.73,33.72,33.77,0.7887,0.0794,0.0765,64.39,64.36,312.36,0.5449,0.0554,0.0626,16000,1024,787.36,0.9369,0.0553,0.0067,0.0011
2026-08-27T10:20:07.352+02:00,1000,1024,1024,1056,406,853,15,13803,1,3345,0,2.0349,0.1899,0.2,3.1725,0.3463,0.9015,1.537,1.642,7.713,49.0,49.01,49.08,1.7546,0.1563,0.09,28.45,28.58,17.88,0.6598,0.0598,0.0615,13.3,42.42,96.5,0.5068,0.0562,0.0544,16000,1024,653.81,0.9182,0.0728,0.007,0.002
2026-08-27T10:20:37.352+02:00,1000,1024,1024,1056,406,855,11,13814,1,3346,0,2.0842,0.1859,0.2581,3.1836,0.3785,1.0898,1.526,1.716,5.415,49.08,49.05,48.84,2.2645,0.1913,0.1078,57.95,10.86,490.48,0.5034,0.0397,0.1023,40.11,54.38,36.29,0.4182,0.0401,0.0984,16000,1024,553.18,0.9312,0.0619,0.0053,0.0016
2026-08-27T10:21:07.360+02:00,1000,1024,1031,1064,406,855,35,13849,3,3349,0,2.0664,0.1947,0.1824,3.8016,0.3632,0.784,1.587,1.646,6.97,14.49,48.93,14.54,1.2375,0.1018,0.0655,48.87,14.36,49.09,0.989,0.1052,0.0641,21.15,19.04,172.32,0.7323,0.0788,0.05,16000,1024,1584.34,0.956,0.0403,0.0028,0.0009
2026-08-27T10:21:37.351+02:00,1000,1024,1024,1056,406,855,1,13850,0,3349,0,2.1091,0.1934,0.1645,3.1559,0.3339,1.5127,1.511,1.606,15.835,49.13,49.14,49.18,2.9889,0.2728,0.1517,147.35,147.28,97.7,0.0724,0.0384,0.0294,25.29,99.67,147.28,0.0492,0.019,0.0247,16000,1024,676.48,0.8278,0.1579,0.0109,0.0033
2026-08-27T10:22:37.355+02:00,1000,1024,1024,1056,407,856,0,13851,0,3349,0,2.1635,0.1932,0.1631,3.1584,0.3692,0.8329,1.506,1.621,7.815,49.01,48.99,48.99,3.0585,0.2683,0.1617,53.42,147.05,97.77,0.0713,0.036,0.0345,146.99,99.38,59.17,0.0896,0.023,0.029,16000,1024,688.9,0.9261,0.0652,0.0072,0.0015
2026-08-27T10:23:07.354+02:00,1000,1024,1024,1056,407,857,12,13863,2,3351,0,2.1786,0.1903,0.2187,3.4449,0.3571,0.9311,1.515,1.693,6.962,49.1,49.1,49.05,2.5988,0.2242,0.1313,33.06,33.16,480.19,0.5419,0.0471,0.0758,16.88,16.89,5.43,0.5055,0.0472,0.0807,16000,1024,925.82,0.9191,0.0739,0.0048,0.0022
2026-08-27T10:24:07.353+02:00,1000,1024,1024,1056,408,858,8,13883,0,3352,0,2.213,0.191,0.247,3.351,0.3828,1.0797,1.522,1.666,5.665,49.06,49.07,49.02,2.7103,0.2313,0.1467,35.29,35.02,493.48,0.3784,0.0351,0.0749,44.25,147.61,33.29,0.2868,0.0291,0.0714,16000,1024,750.66,0.9424,0.051,0.005,0.0017
2026-08-27T10:24:37.365+02:00,1000,1024,1024,1056,408,858,0,13883,0,3352,0,2.2227,0.1931,0.136,3.2615,0.3631,0.7342,1.507,1.612,2.889,49.13,49.12,49.16,3.2061,0.2746,0.1793,147.37,147.47,147.71,0.08,0.0376,0.0314,196.53,100.03,98.08,0.0159,0.0238,0.0309,16000,1024,627.31,0.8788,0.1062,0.012,0.003
2026-08-27T10:25:07.355+02:00,1000,1024,1024,1056,408,859,1,13884,1,3353,0,2.2415,0.1955,0.1577,3.2535,0.3486,1.3159,1.504,1.592,10.33,49.14,49.16,49.12,3.2242,0.2753,0.1822,147.38,147.41,147.1,0.0761,0.0338,0.041,196.64,99.97,80.08,0.0166,0.0214,0.0267,16000,1024,869.23,0.9339,0.0562,0.0081,0.0018
2026-08-27T10:25:37.364+02:00,1000,1024,1024,1056,408,859,4,13888,0,3353,0,2.2303,0.1955,0.1424,3.3533,0.3507,0.7858,1.515,1.623,4.175,49.21,49.22,49.22,2.7834,0.2435,0.1635,34.5,36.12,20.94,0.5489,0.0481,0.0407,53.22,53.22,34.32,0.4915,0.0464,0.0404,16000,1024,757.77,0.8824,0.1099,0.0062,0.0014
2026-08-27T10:26:07.355+02:00,1000,1024,1024,1056,408,860,1,13889,0,3353,0,2.2749,0.2005,0.1621,3.2765,0.353,0.8017,1.505,1.609,5.113,49.07,49.07,49.05,3.1055,0.2695,0.1736,40.67,147.07,60.02,0.206,0.0334,0.0276,24.69,27.18,101.23,0.1884,0.0248,0.0258,16000,1024,1725.46,0.9862,0.0131,0.0006,0.0002
2026-08-27T10:26:37.362+02:00,1000,1024,1024,1056,408,860,9,13898,1,3354,0,2.2514,0.1929,0.2383,3.5103,0.3757,1.1828,1.546,1.667,5.994,49.14,49.12,49.3,2.8333,0.2298,0.1254,35.15,37.97,439.16,0.4392,0.0382,0.083,25.35,147.35,186.28,0.398,0.0337,0.0756,16000,1024,592.51,0.8464,0.1407,0.0103,0.0027
2026-08-27T10:27:07.358+02:00,1000,1024,1024,1056,408,860,7,13905,1,3355,0,2.2884,0.1989,0.1493,3.3404,0.3729,0.8705,1.51,1.639,4.846,49.11,49.11,49.09,2.634,0.2196,0.1442,30.59,33.25,30.88,0.5862,0.0597,0.0348,17.43,17.52,9.23,0.4727,0.0501,0.0322,16000,1024,752.26,0.8974,0.0961,0.0056,0.0009
2026-08-27T10:28:07.362+02:00,1000,1024,1024,1056,409,861,0,13919,0,3358,0,2.3407,0.1988,0.1417,3.375,0.3532,0.291,1.493,1.609,1.585,49.03,49.03,49.03,3.3122,0.2777,0.192,147.03,147.02,146.99,0.0835,0.0352,0.029,53.22,99.75,97.83,0.0653,0.0192,0.0173,16000,1024,739.3,0.9483,0.043,0.0073,0.0013
2026-08-27T10:28:37.358+02:00,1000,1024,1024,1056,409,862,4,13923,0,3358,0,2.3376,0.1978,0.1452,3.4025,0.3437,0.7436,1.501,1.604,2.885,49.04,49.02,49.08,2.7206,0.2211,0.159,24.16,24.51,27.42,0.5206,0.051,0.0337,44.43,28.81,44.43,0.5261,0.0413,0.0307,16000,1024,975.42,0.9125,0.0752,0.0094,0.0029
2026-08-27T10:32:07.359+02:00,1000,1024,1024,1056,415,866,0,13945,0,3362,0,2.3882,0.1943,0.1534,3.4532,0.3402,0.7647,1.501,1.604,2.738,49.13,49.13,49.14,3.4356,0.275,0.2125,147.3,147.46,147.38,0.0847,0.0391,0.0327,196.32,99.76,98.17,0.0172,0.0189,0.0218,16000,1024,679.51,0.9117,0.0775,0.0092,0.0017
2026-08-27T10:33:37.360+02:00,1000,1024,1024,1056,417,868,3,13951,0,3362,0,2.4266,0.1933,0.1773,3.5402,0.3546,0.8208,1.493,1.658,5.318,49.11,49.12,49.04,3.2195,0.2557,0.1891,39.97,147.45,97.97,0.259,0.0414,0.0267,17.71,35.24,58.81,0.2356,0.0173,0.0259,16000,1024,787.82,0.9022,0.088,0.008,0.0017
2026-08-27T10:34:37.394+02:00,1000,1024,1042,1074,418,868,22,13979,4,3367,0,0.0237,0.0245,0.0961,0.0676,0.0908,0.7418,2.688,3.316,39.128,72.16,54.88,141.37,0.0072,0.0091,0.0407,43.18,2.12,324.37,0.0067,0.007,0.04,180.25,137.27,60.68,0.0069,0.0078,0.0398,16000,1024,440.7,0.9635,0.03,0.0053,0.0012
2026-08-27T10:35:07.377+02:00,1000,1024,1024,1057,418,868,34,14013,1,3368,0,0.027,0.0243,0.1042,0.0993,0.086,0.7158,3.229,3.412,30.887,33.32,4.02,480.67,0.0126,0.0087,0.0316,28.56,8.58,265.33,0.0124,0.0081,0.0309,62.26,30.2,254.11,0.0084,0.0072,0.0309,16000,1024,426.16,0.9434,0.0425,0.0123,0.0018
2026-08-27T10:35:37.377+02:00,1000,1024,1024,1056,418,868,17,14030,1,3369,0,0.0249,0.022,0.105,0.0903,0.0839,0.8579,3.143,3.753,37.586,97.1,82.8,64.51,0.0089,0.0085,0.0417,85.17,15.13,300.83,0.0081,0.0075,0.0396,135.07,1.69,316.18,0.0077,0.0073,0.0395,16000,1024,407.66,0.9328,0.0541,0.0116,0.0014
2026-08-27T10:36:07.376+02:00,1000,1024,1024,1056,418,868,1,14031,0,3369,0,0.0228,0.0215,0.0314,0.0767,0.0662,0.0917,2.988,2.77,2.764,14.58,5.88,180.29,0.0079,0.0074,0.0102,135.18,15.37,31.22,0.0082,0.0066,0.0095,106.92,145.67,139.8,0.0066,0.0062,0.0094,16000,1024,349.62,0.9557,0.0355,0.0075,0.0012
2026-08-27T10:36:37.377+02:00,1000,1024,1024,1056,418,868,0,14031,0,3369,0,0.0249,0.0211,0.0445,0.0844,0.0675,0.6367,2.896,2.977,82.121,152.24,150.73,89.81,0.0076,0.0075,0.0142,1.73,39.31,67.91,0.0077,0.0066,0.0143,96.39,112.37,77.88,0.0077,0.0062,0.0136,16000,1024,522.97,0.9795,0.0157,0.0042,0.0007
2026-08-27T10:37:37.378+02:00,1000,1024,1024,1056,419,869,0,14032,0,3369,0,0.0224,0.0209,0.0305,0.0748,0.0709,0.0924,2.715,2.992,2.829,123.49,62.77,128.85,0.0073,0.0067,0.0091,11.7,48.27,11.78,0.0065,0.0065,0.0082,273.35,105.92,96.16,0.006,0.0065,0.0089,16000,1024,423.62,0.954,0.0354,0.0094,0.0012
2026-08-27T10:38:07.378+02:00,1000,1024,1024,1056,419,869,6,14038,0,3369,0,0.026,0.0208,0.0318,0.0824,0.0689,0.0957,2.978,3.133,2.922,97.71,28.54,14.3,0.0081,0.0062,0.0112,36.54,16.36,203.73,0.0082,0.006,0.0102,56.34,70.37,73.0,0.0077,0.0058,0.009,16000,1024,402.31,0.9,0.075,0.0234,0.0016
2026-08-27T10:38:37.378+02:00,1000,1024,1024,1056,419,870,0,14038,0,3369,0,0.0218,0.0219,0.0327,0.0754,0.0824,0.1154,3.349,3.464,3.069,87.13,81.57,87.64,0.0078,0.0069,0.0104,40.05,96.0,28.88,0.0076,0.0059,0.0094,133.73,71.31,4.4,0.006,0.0057,0.0097,16000,1024,534.23,0.9787,0.0179,0.0028,0.0006
2026-08-27T10:39:07.381+02:00,1000,1024,1024,1056,419,870,0,14038,0,3369,0,0.0234,0.0217,0.0333,0.0842,0.0806,0.1075,3.07,2.927,3.074,285.23,78.89,57.11,0.0065,0.0076,0.012,131.73,107.7,17.42,0.0062,0.0066,0.0104,31.74,83.9,276.18,0.0066,0.0063,0.0086,16000,1024,487.63,0.9656,0.0259,0.0076,0.0009
2026-08-27T10:40:07.379+02:00,1000,1024,1024,1056,420,871,10,14056,0,3369,0,0.0257,0.0232,0.0879,0.0863,0.0907,0.7394,3.027,3.299,45.539,51.61,36.85,74.31,0.0095,0.0086,0.0291,31.16,8.83,349.9,0.0079,0.0076,0.0283,146.36,18.48,18.74,0.0078,0.0072,0.0261,16000,1024,350.37,0.9606,0.0296,0.0087,0.0012
2026-08-27T10:40:37.386+02:00,1000,1024,1031,1063,420,873,36,14092,4,3373,0,0.025,0.0256,0.0906,0.0825,0.0948,0.8054,2.898,3.37,43.105,16.92,36.18,7.79,0.0077,0.0089,0.0246,36.89,31.58,126.14,0.0069,0.0085,0.0241,72.75,25.33,2.33,0.0076,0.0074,0.0231,16000,1024,878.75,0.9585,0.033,0.0073,0.0011
2026-08-27T10:41:07.380+02:00,1000,1024,1024,1056,420,875,0,14092,0,3373,0,0.0239,0.0221,0.0443,0.0725,0.0747,0.6402,2.748,2.995,87.279,162.83,180.76,57.2,0.0078,0.0077,0.0167,42.73,141.66,84.37,0.0073,0.0067,0.0153,92.37,98.61,137.97,0.0071,0.0063,0.0145,16000,1024,724.91,0.9878,0.0086,0.0032,0.0003
2026-08-27T10:41:37.381+02:00,1000,1024,1024,1057,420,875,29,14121,2,3375,0,0.0258,0.0249,0.0782,0.0851,0.0764,0.7465,2.837,3.334,56.126,60.48,32.31,82.75,0.0088,0.0071,0.026,8.84,41.07,61.48,0.0083,0.0068,0.024,69.69,136.68,67.57,0.0084,0.0062,0.0244,16000,1024,401.09,0.8723,0.0992,0.026,0.0026
2026-08-27T10:42:07.389+02:00,1000,1024,1031,1064,420,876,16,14137,2,3377,0,0.0245,0.0207,0.0753,0.0825,0.1022,0.7441,3.08,3.901,56.143,27.24,15.84,23.47,0.0077,0.0067,0.019,19.55,99.07,54.27,0.0069,0.0063,0.0183,131.18,145.42,37.56,0.0064,0.0051,0.0168,16000,1024,362.01,0.9391,0.0417,0.0175,0.0017
2026-08-27T10:42:37.382+02:00,1000,1024,1024,1056,420,876,2,14139,1,3378,0,0.0224,0.0219,0.0619,0.0829,0.0819,0.7021,2.896,2.977,70.201,35.91,90.47,5.95,0.0089,0.0086,0.016,115.55,14.56,323.45,0.0069,0.007,0.0159,65.14,50.02,90.73,0.0065,0.0065,0.0151,16000,1024,538.82,0.9646,0.03,0.0047,0.0008
2026-08-27T10:43:07.382+02:00,1000,1024,1024,1056,420,877,8,14147,2,3380,0,0.0248,0.0311,0.3457,0.0808,0.1028,1.1331,2.984,3.639,5.097,88.24,83.27,185.19,0.0101,0.01,0.1434,20.17,109.41,498.27,0.0088,0.0088,0.1259,132.65,17.25,424.74,0.0068,0.0092,0.1189,16000,1024,564.96,0.9835,0.0129,0.0031,0.0005
2026-08-27T10:43:37.381+02:00,1000,1024,1024,1056,420,877,3,14150,1,3381,0,0.023,0.0207,0.0311,0.0732,0.0665,0.1024,2.979,3.097,2.903,149.59,20.43,84.92,0.0079,0.0069,0.0096,43.65,29.53,64.55,0.0081,0.0066,0.0085,74.08,7.81,237.71,0.0065,0.0058,0.009,16000,1024,594.26,0.97,0.0244,0.0051,0.0005
2026-08-27T10:44:07.383+02:00,1000,1024,1024,1056,420,877,0,14150,0,3381,0,0.0241,0.0206,0.0415,0.0805,0.0678,0.5911,3.103,2.875,81.802,1.8,12.92,147.47,0.0082,0.0072,0.0111,19.34,38.26,169.27,0.0066,0.0071,0.0106,38.33,88.98,15.4,0.0066,0.0065,0.0092,16000,1024,467.22,0.9787,0.014,0.0065,0.0008
2026-08-27T10:44:37.384+02:00,1000,1024,1024,1056,420,878,0,14150,0,3381,0,0.0231,0.0215,0.0315,0.071,0.068,0.0917,3.143,2.851,2.769,48.41,113.38,190.27,0.0074,0.0086,0.009,9.21,17.27,92.13,0.0083,0.0069,0.0093,109.22,66.76,154.94,0.0062,0.0072,0.0097,16000,1024,968.07,0.9903,0.0069,0.0025,0.0003
2026-08-27T10:45:37.384+02:00,1000,1024,1024,1056,421,879,0,14152,0,3381,0,0.0233,0.0222,0.0325,0.0921,0.0664,0.1136,3.274,2.896,2.652,18.19,23.38,86.32,0.0097,0.0074,0.01,9.5,153.13,64.41,0.0072,0.0069,0.0091,194.17,63.61,72.59,0.0069,0.0057,0.0091,16000,1024,437.05,0.9386,0.0394,0.0196,0.0025
2026-08-27T10:46:07.384+02:00,1000,1024,1024,1056,421,880,0,14152,0,3381,0,0.023,0.021,0.0695,0.0783,0.0696,0.8405,3.209,3.168,80.333,123.73,84.79,58.57,0.0088,0.0061,0.0164,59.69,48.54,39.84,0.0071,0.006,0.0151,6.23,95.59,148.09,0.0065,0.0056,0.0145,16000,1024,407.58,0.9718,0.0198,0.0073,0.0011
2026-08-27T10:47:07.384+02:00,1000,1024,1024,1056,422,881,3,14157,0,3381,0,0.0228,0.0221,0.077,0.0796,0.0799,0.7432,3.132,3.094,52.703,182.91,76.13,49.6,0.0084,0.0071,0.0149,1.82,35.95,128.52,0.0071,0.0059,0.0139,30.2,134.62,2.44,0.0066,0.0055,0.0124,16000,1024,352.47,0.9398,0.0404,0.0178,0.002
2026-08-27T10:47:37.388+02:00,1000,1024,1024,1056,422,881,0,14157,0,3381,0,0.0226,0.0194,0.0417,0.0754,0.0657,0.6016,3.199,2.771,82.341,71.34,139.08,34.26,0.0063,0.0063,0.0128,81.11,107.9,19.16,0.0062,0.0058,0.0102,8.12,90.27,61.46,0.0066,0.0058,0.009,16000,1024,660.22,0.9479,0.0395,0.0109,0.0016
2026-08-27T10:48:07.386+02:00,1000,1024,1024,1056,422,881,0,14157,0,3381,0,0.0219,0.0227,0.0316,0.068,0.0763,0.1079,3.134,2.861,3.295,111.29,124.4,41.25,0.0072,0.0086,0.0111,99.46,56.92,67.15,0.0066,0.0075,0.0091,209.39,96.34,24.57,0.0069,0.007,0.009,16000,1024,338.5,0.9515,0.0396,0.0079,0.001
2026-08-27T10:48:37.388+02:00,1000,1024,1024,1056,422,882,33,14190,3,3384,0,0.026,0.0245,0.1169,0.0988,0.0956,1.4143,3.491,3.407,48.503,50.67,14.02,434.29,0.0083,0.0083,0.0297,41.24,22.21,70.16,0.0084,0.007,0.0278,34.24,41.08,364.09,0.0072,0.0066,0.0271,16000,1024,395.97,0.9781,0.0153,0.0059,0.0008
2026-08-27T10:49:07.387+02:00,1000,1024,1024,1056,422,882,1,14191,0,3384,0,0.0224,0.0204,0.0415,0.0767,0.09,0.6121,2.877,3.421,87.791,92.86,207.87,138.49,0.0075,0.0065,0.01,166.13,142.3,215.25,0.006,0.0065,0.0112,268.33,90.79,116.43,0.0061,0.006,0.0093,16000,1024,411.85,0.9531,0.0315,0.0142,0.0012
2026-08-27T10:49:37.385+02:00,1000,1024,1024,1056,422,882,2,14193,0,3384,0,0.0234,0.0222,0.1487,0.0955,0.0914,1.143,3.246,3.608,17.823,64.27,40.85,187.56,0.0099,0.0069,0.0567,45.53,45.5,129.0,0.0077,0.0066,0.0546,75.2,21.29,31.05,0.0069,0.0062,0.0523,16000,1024,774.64,0.9571,0.0365,0.0057,0.0007
2026-08-27T10:50:07.386+02:00,1000,1024,1024,1056,422,883,0,14193,0,3384,0,0.0224,0.0193,0.0319,0.0779,0.0634,0.1113,2.824,2.915,2.88,223.61,130.39,27.11,0.0066,0.0071,0.011,85.66,173.29,45.65,0.007,0.006,0.0105,271.27,141.1,88.29,0.0056,0.0062,0.0104,16000,1024,349.62,0.9417,0.0474,0.0092,0.0017
2026-08-27T10:50:37.388+02:00,1000,1024,1024,1056,422,884,1,14194,0,3384,0,0.0238,0.0228,0.0811,0.0721,0.0804,0.7285,2.78,3.309,53.063,88.32,38.18,139.88,0.0083,0.008,0.0266,72.99,136.37,38.48,0.0072,0.0079,0.0275,20.41,167.15,101.41,0.0067,0.0066,0.0244,16000,1024,596.77,0.975,0.0179,0.0066,0.0005
2026-08-27T10:51:37.388+02:00,1000,1024,1024,1056,423,884,6,14217,0,3384,0,0.0245,0.0221,0.0586,0.0748,0.0857,0.8045,2.839,3.219,86.025,40.82,52.81,39.23,0.0105,0.0085,0.0201,24.63,98.91,60.15,0.0089,0.0075,0.0174,73.93,120.59,145.41,0.008,0.0067,0.016,16000,1024,325.45,0.9496,0.0318,0.0175,0.001
2026-08-27T10:52:07.388+02:00,1000,1024,1024,1056,423,886,2,14219,0,3384,0,0.0224,0.0209,0.0818,0.1051,0.0823,0.7988,3.626,3.318,53.374,167.19,150.0,41.35,0.0069,0.0069,0.0154,157.03,119.25,66.55,0.006,0.0061,0.0138,53.44,71.16,259.89,0.0058,0.0059,0.0135,16000,1024,390.26,0.956,0.0336,0.009,0.0013
2026-08-27T10:52:37.388+02:00,1000,1024,1024,1056,423,886,0,14219,0,3384,0,0.0239,0.0207,0.047,0.0718,0.0686,0.7365,2.777,3.071,115.574,47.66,121.62,193.2,0.0081,0.0076,0.0151,27.37,101.77,79.69,0.0075,0.0063,0.015,62.53,155.5,9.15,0.0073,0.0062,0.0127,16000,1024,433.64,0.956,0.033,0.0098,0.0012
2026-08-27T10:53:07.396+02:00,1000,1024,1030,1063,423,886,47,14266,24,3408,0,0.0271,0.0272,0.1688,0.1017,0.1024,1.0239,3.445,4.183,16.938,57.03,27.15,27.19,0.0109,0.0076,0.0521,42.88,119.28,34.91,0.0098,0.0073,0.05,13.5,67.19,352.38,0.0086,0.0073,0.0496,16000,1024,418.87,0.9286,0.0585,0.0117,0.0013
2026-08-27T10:53:37.390+02:00,1000,1024,1024,1056,423,886,0,14266,0,3408,0,0.0232,0.0204,0.0327,0.0707,0.0658,0.1147,2.875,2.977,2.997,129.04,52.07,187.78,0.009,0.0071,0.0111,84.77,18.88,115.47,0.0072,0.0068,0.0104,5.71,117.03,53.08,0.007,0.0058,0.0104,16000,1024,456.35,0.9422,0.0484,0.0082,0.0012
2026-08-27T10:55:37.390+02:00,1000,1024,1024,1056,426,888,0,14300,0,3418,0,0.024,0.0203,0.0306,0.0672,0.0699,0.1008,2.729,2.932,2.922,145.42,8.5,46.35,0.0072,0.0077,0.0127,23.88,32.54,95.45,0.0072,0.0065,0.0099,12.41,101.04,171.74,0.0068,0.0066,0.0087,16000,1024,470.9,0.9534,0.0364,0.0088,0.0014
2026-08-27T10:56:07.392+02:00,1000,1024,1024,1056,426,889,1,14301,0,3418,0,0.0248,0.0218,0.0737,0.0723,0.0947,0.7084,2.589,3.621,60.296,55.26,2.47,460.02,0.0089,0.0063,0.0191,31.92,76.87,260.04,0.0075,0.0059,0.0188,60.38,179.26,60.22,0.007,0.0057,0.0187,16000,1024,387.89,0.9374,0.0465,0.0145,0.0016
2026-08-27T10:56:37.392+02:00,1000,1024,1024,1056,426,890,0,14301,0,3418,0,0.0231,0.0222,0.0467,0.0888,0.074,0.7393,3.596,2.873,120.241,3.57,69.97,41.09,0.0083,0.0094,0.015,67.07,156.4,50.71,0.0066,0.0069,0.0143,115.4,45.08,105.12,0.0059,0.0063,0.0142,16000,1024,527.54,0.943,0.0484,0.0077,0.0009
2026-08-27T10:57:07.392+02:00,1000,1024,1024,1056,426,891,0,14301,0,3418,0,0.0232,0.0203,0.0326,0.0894,0.0716,0.1072,3.507,3.097,2.855,27.45,47.57,31.29,0.0084,0.0081,0.0101,21.36,161.08,14.58,0.008,0.0061,0.0096,70.12,3.91,182.27,0.0067,0.006,0.0097,16000,1024,471.86,0.974,0.0187,0.0064,0.0008
2026-08-27T10:57:37.393+02:00,1000,1024,1024,1056,426,891,0,14301,0,3418,0,0.0226,0.0242,0.1252,0.0739,0.1406,1.3698,3.328,4.833,37.677,4.86,86.74,62.56,0.009,0.008,0.0405,56.87,32.64,124.81,0.0081,0.0078,0.0386,101.33,195.34,312.55,0.0069,0.007,0.037,16000,1024,313.12,0.8959,0.0778,0.0237,0.0026
2026-08-27T10:58:07.397+02:00,1000,1024,1027,1060,426,892,5,14306,0,3418,0,0.0231,0.0199,0.0729,0.0702,0.0594,0.7704,2.621,2.852,64.913,48.98,26.46,64.23,0.0082,0.0071,0.0218,63.54,100.8,89.14,0.0074,0.0056,0.0194,57.99,243.13,230.37,0.0079,0.0051,0.019,16000,1024,569.24,0.9511,0.0369,0.0107,0.0012
2026-08-27T10:58:37.392+02:00,1000,1024,1024,1056,426,893,0,14306,0,3418,0,0.0229,0.0207,0.0441,0.0818,0.0649,0.6831,3.023,2.961,113.782,74.22,27.88,122.55,0.0082,0.0079,0.0155,32.1,73.18,32.25,0.0078,0.0067,0.0122,80.05,139.65,18.88,0.0066,0.0051,0.0131,16000,1024,1575.54,0.9826,0.0137,0.0034,0.0003
2026-08-27T10:59:07.393+02:00,1000,1024,1024,1056,426,893,0,14306,0,3418,0,0.0239,0.0223,0.0653,0.0797,0.0812,0.7309,2.897,3.36,77.944,22.44,9.0,91.45,0.0064,0.008,0.0148,17.48,82.89,31.4,0.006,0.0079,0.0135,195.35,153.77,163.99,0.0058,0.0083,0.0123,16000,1024,510.71,0.9529,0.0385,0.0077,0.0009
2026-08-27T10:59:37.395+02:00,1000,1024,1024,1056,426,894,4,14310,0,3418,0,0.0231,0.0213,0.0749,0.0893,0.0879,0.7222,3.127,3.628,62.066,9.65,122.01,128.74,0.0076,0.0072,0.0196,115.26,96.42,22.65,0.0069,0.0069,0.0198,34.36,43.93,102.63,0.007,0.0066,0.0178,16000,1024,477.81,0.962,0.0241,0.0127,0.0012
2026-08-27T11:00:07.395+02:00,1000,1024,1024,1056,426,894,0,14310,0,3418,0,0.0236,0.0209,0.0294,0.0747,0.0728,0.1031,3.078,3.146,3.23,111.67,10.68,120.38,0.0085,0.0067,0.0086,231.93,110.44,42.91,0.008,0.0063,0.0083,99.67,60.64,74.4,0.007,0.0063,0.0081,16000,1024,528.25,0.9339,0.0466,0.0166,0.0029
2026-08-27T11:00:37.395+02:00,1000,1024,1024,1056,426,895,9,14319,2,3420,0,0.0252,0.0219,0.0957,0.0849,0.0768,0.7857,3.031,3.262,37.322,53.52,88.01,187.37,0.0092,0.0073,0.0403,67.34,15.86,284.87,0.0071,0.0061,0.0353,19.12,39.48,472.2,0.0083,0.0063,0.0337,16000,1024,438.33,0.9661,0.0239,0.0088,0.0012
2026-08-27T11:01:37.396+02:00,1000,1024,1024,1056,427,896,3,14323,0,3420,0,0.0228,0.0214,0.0659,0.0711,0.0633,0.6388,3.023,2.895,52.699,176.14,31.45,100.03,0.0076,0.0077,0.0282,36.13,165.86,19.38,0.0071,0.0062,0.0248,201.22,104.27,184.25,0.007,0.0061,0.0225,16000,1024,739.76,0.9759,0.0203,0.0033,0.0004
2026-08-27T11:02:37.400+02:00,1000,1024,1028,1061,428,896,39,14378,5,3426,0,0.0266,0.0246,0.111,0.0988,0.0948,0.9913,3.573,3.671,34.231,26.61,9.03,86.84,0.0098,0.0082,0.0246,12.11,62.23,4.83,0.0102,0.0079,0.0245,39.14,21.35,268.66,0.0075,0.0077,0.0234,16000,1024,531.84,0.9707,0.0233,0.0052,0.0009
2026-08-27T11:03:07.396+02:00,1000,1024,1024,1056,428,896,0,14378,0,3426,0,0.0233,0.0221,0.0603,0.0793,0.0927,0.7849,2.957,3.214,84.74,104.07,69.0,201.5,0.0083,0.0089,0.022,55.64,154.22,157.49,0.0076,0.0075,0.0195,63.37,54.76,285.13,0.0062,0.0068,0.0186,16000,1024,372.91,0.9411,0.0386,0.0187,0.0016
2026-08-27T11:03:37.400+02:00,1000,1024,1024,1056,428,897,3,14381,0,3426,0,0.0241,0.0307,0.3318,0.0782,0.1194,1.1692,3.059,4.508,5.521,157.15,102.31,90.13,0.0081,0.0097,0.117,65.31,307.37,418.68,0.0076,0.0093,0.0937,24.0,2.73,404.95,0.0076,0.0081,0.095,16000,1024,561.59,0.9863,0.0095,0.0038,0.0004
2026-08-27T11:04:07.398+02:00,1000,1024,1024,1056,428,897,31,14412,1,3427,0,0.0263,0.0232,0.1125,0.0917,0.1063,0.6946,3.073,3.982,24.857,80.74,50.61,484.64,0.0104,0.0088,0.0398,155.34,72.82,302.26,0.0083,0.0077,0.0379,8.79,33.62,226.89,0.0072,0.0073,0.0373,16000,1024,426.67,0.894,0.0674,0.0362,0.0024
2026-08-27T11:04:37.398+02:00,1000,1024,1024,1056,428,897,21,14433,0,3427,0,0.0255,0.0251,0.1105,0.0892,0.1122,0.9403,3.009,3.889,33.901,18.38,125.86,4.79,0.0097,0.0079,0.0429,64.24,164.94,311.16,0.0095,0.0074,0.0391,7.44,117.43,418.47,0.0083,0.0069,0.0394,16000,1024,353.56,0.8821,0.0889,0.0238,0.0052
2026-08-27T11:05:07.399+02:00,1000,1024,1024,1056,428,897,3,14436,0,3427,0,0.0236,0.0208,0.0866,0.111,0.0788,0.7,4.011,3.337,40.407,56.82,30.0,170.6,0.0071,0.0067,0.0271,226.43,165.68,125.35,0.0064,0.0062,0.0259,16.19,58.21,142.44,0.0069,0.0058,0.0247,16000,1024,500.59,0.9704,0.0238,0.0051,0.0008
2026-08-27T11:05:37.399+02:00,1000,1024,1024,1056,428,897,31,14467,3,3430,0,0.0255,0.0255,0.0834,0.1084,0.1034,0.702,3.767,3.721,46.767,23.16,19.88,122.33,0.0084,0.0101,0.0233,80.28,50.42,19.58,0.0074,0.0091,0.0218,70.26,31.88,106.58,0.0072,0.0066,0.0213,16000,1024,377.77,0.9575,0.0274,0.014,0.0011
2026-08-27T11:06:07.400+02:00,1000,1024,1024,1056,428,897,0,14467,0,3430,0,0.0247,0.0206,0.0475,0.0782,0.0605,0.7212,2.967,2.658,102.888,65.42,66.19,42.24,0.0082,0.0078,0.0134,46.12,90.57,16.54,0.0079,0.0069,0.0131,26.64,104.82,9.07,0.0077,0.0064,0.0138,16000,1024,424.56,0.9823,0.0108,0.0062,0.0007
2026-08-27T11:07:07.403+02:00,1000,1024,1024,1056,429,898,20,14508,2,3435,0,0.0264,0.0236,0.1155,0.0892,0.0802,0.7923,2.853,2.735,24.176,13.8,81.14,249.95,0.0097,0.0079,0.0325,42.93,41.15,156.34,0.0089,0.0075,0.0297,34.25,174.95,406.32,0.0077,0.007,0.0292,16000,1024,638.77,0.9888,0.0083,0.0026,0.0003
2026-08-27T11:07:37.401+02:00,1000,1024,1024,1056,429,898,2,14510,0,3435,0,0.0233,0.0215,0.0699,0.0794,0.0945,0.7417,3.099,3.726,60.06,62.53,35.86,40.89,0.0084,0.0069,0.0171,116.27,23.44,120.29,0.0075,0.006,0.0158,127.69,149.05,75.11,0.0072,0.0068,0.0146,16000,1024,606.65,0.9611,0.0268,0.0102,0.0019
2026-08-27T11:08:37.402+02:00,1000,1024,1024,1056,430,900,7,14532,2,3437,0,0.024,0.0207,0.0701,0.0872,0.0683,0.7285,3.007,2.873,58.635,34.35,178.4,88.21,0.0069,0.0067,0.0185,129.96,80.25,70.36,0.0068,0.0064,0.0176,80.58,187.69,147.53,0.0072,0.0063,0.0168,16000,1024,266.72,0.7653,0.1968,0.0327,0.0051
2026-08-27T11:09:07.401+02:00,1000,1024,1024,1056,430,900,2,14534,1,3438,0,0.022,0.0204,0.0405,0.0746,0.0713,0.5678,3.162,3.043,77.13,51.51,207.75,167.79,0.0067,0.0064,0.0109,147.71,24.77,26.84,0.0066,0.0064,0.0103,42.2,162.56,49.77,0.0063,0.0068,0.0081,16000,1024,507.93,0.9755,0.0144,0.0094,0.0007
2026-08-27T11:10:07.429+02:00,1000,1024,1050,1083,431,900,31,14573,2,3440,0,0.0263,0.024,0.0981,0.0832,0.1022,0.8142,2.915,4.174,35.04,26.06,19.13,78.15,0.0091,0.0087,0.0267,107.63,86.12,42.23,0.0081,0.0081,0.0262,102.65,214.79,216.04,0.0078,0.0072,0.0254,16000,1024,441.03,0.9646,0.0242,0.0103,0.0009
2026-08-27T11:10:37.403+02:00,1000,1024,1024,1056,431,900,2,14575,1,3441,0,0.0244,0.0217,0.0749,0.0853,0.0825,0.7034,2.884,2.801,48.927,126.39,36.58,156.2,0.0078,0.0064,0.018,32.79,116.79,117.32,0.0078,0.0058,0.0164,84.72,48.94,276.33,0.0067,0.0054,0.0158,16000,1024,288.38,0.9384,0.041,0.019,0.0017
2026-08-27T11:11:07.403+02:00,1000,1024,1024,1056,431,900,1,14576,0,3441,0,0.0221,0.0214,0.0622,0.0715,0.0731,0.9881,2.852,2.929,135.718,138.25,85.6,29.64,0.0089,0.0078,0.0175,37.84,46.68,105.69,0.0075,0.0075,0.0157,51.01,162.44,45.9,0.0067,0.0074,0.0151,16000,1024,715.5,0.963,0.0272,0.0085,0.0013
2026-08-27T11:11:37.404+02:00,1000,1024,1024,1056,431,902,1,14577,0,3441,0,0.0251,0.0212,0.0935,0.0731,0.0908,0.723,2.673,3.454,41.141,202.92,14.26,183.76,0.0077,0.0084,0.0207,176.64,85.5,76.34,0.0071,0.0064,0.0183,27.05,134.53,379.98,0.0071,0.0061,0.018,16000,1024,513.27,0.9709,0.0214,0.0071,0.0007
2026-08-27T11:12:07.414+02:00,1000,1024,1033,1066,431,903,23,14600,1,3442,0,0.0262,0.0247,0.1246,0.0801,0.0889,0.9768,2.973,3.332,23.983,88.81,10.66,5.44,0.0078,0.0079,0.0486,32.61,93.14,429.74,0.0077,0.0081,0.0454,17.72,129.96,424.17,0.007,0.0072,0.0419,16000,1024,588.19,0.957,0.0329,0.0091,0.001
2026-08-27T11:12:37.404+02:00,1000,1024,1024,1056,431,903,17,14617,1,3443,0,0.0251,0.023,0.0946,0.0893,0.0849,0.7249,2.938,3.156,38.982,45.55,63.72,72.31,0.0084,0.0073,0.027,90.81,230.43,60.22,0.0069,0.0063,0.0286,55.14,57.7,204.11,0.0073,0.0059,0.0264,16000,1024,366.57,0.9137,0.0687,0.0159,0.0017
2026-08-27T11:13:07.405+02:00,1000,1024,1024,1056,431,903,10,14627,2,3445,0,0.023,0.0218,0.0643,0.0802,0.0633,0.8566,3.443,2.73,96.295,59.24,27.62,6.14,0.0074,0.0074,0.02,77.72,47.75,94.93,0.0076,0.0069,0.0184,26.5,149.1,73.11,0.0062,0.0066,0.0174,16000,1024,1097.22,0.9496,0.0387,0.01,0.0017
2026-08-27T11:13:37.406+02:00,1000,1024,1024,1056,431,904,18,14645,2,3447,0,0.0243,0.0229,0.0986,0.0778,0.0971,0.7723,2.723,3.434,36.945,15.41,19.1,386.81,0.0073,0.0079,0.0331,127.55,177.12,485.79,0.0074,0.0076,0.0353,140.19,28.32,375.25,0.0067,0.0061,0.0325,16000,1024,388.32,0.946,0.042,0.0105,0.0015
2026-08-27T11:14:37.405+02:00,1000,1024,1024,1056,432,905,2,14661,0,3458,0,0.0241,0.0218,0.069,0.0788,0.0708,0.7032,3.14,3.001,60.643,54.9,172.54,20.94,0.0086,0.0075,0.0264,22.71,65.02,36.01,0.0082,0.0065,0.0203,75.34,11.56,141.07,0.008,0.0059,0.0238,16000,1024,450.92,0.9521,0.0386,0.0081,0.0012
2026-08-27T11:15:07.410+02:00,1000,1024,1024,1056,432,905,39,14700,16,3474,0,0.0266,0.0265,0.1314,0.0919,0.0985,0.7043,3.361,3.584,19.331,7.49,110.6,195.02,0.0093,0.01,0.0427,37.87,11.71,97.5,0.0069,0.0077,0.0389,13.99,56.41,403.15,0.0071,0.0072,0.0372,16000,1024,565.39,0.9812,0.013,0.0052,0.0007
2026-08-27T11:15:37.407+02:00,1000,1024,1024,1056,432,906,0,14700,0,3474,0,0.0226,0.0221,0.0527,0.0732,0.0943,0.697,2.736,3.598,82.528,25.73,25.22,5.54,0.009,0.0064,0.0163,90.81,30.14,183.69,0.0076,0.0062,0.015,115.28,89.55,166.29,0.0064,0.0061,0.0146,16000,1024,567.01,0.9594,0.0316,0.0084,0.0006
2026-08-27T11:16:07.407+02:00,1000,1024,1024,1056,432,907,8,14708,0,3474,0,0.0255,0.0318,0.3272,0.1019,0.118,1.1492,3.312,3.9,5.714,33.12,143.46,89.1,0.0093,0.0127,0.1211,111.32,55.57,364.9,0.0093,0.0096,0.1188,81.48,97.71,170.16,0.0079,0.0088,0.1097,16000,1024,653.14,0.9642,0.0299,0.0054,0.0004
2026-08-27T11:16:37.408+02:00,1000,1024,1024,1056,432,907,2,14710,0,3474,0,0.0256,0.0336,0.3538,0.0764,0.1151,1.1715,2.587,3.863,4.637,15.87,6.16,426.75,0.0093,0.0108,0.137,126.46,479.71,151.21,0.0095,0.0094,0.1363,80.3,499.51,73.04,0.008,0.0104,0.1219,16000,1024,802.43,0.9593,0.0304,0.0088,0.0016
2026-08-27T11:17:07.408+02:00,1000,1024,1024,1056,432,907,0,14710,0,3474,0,0.0342,0.0235,0.2462,0.1154,0.08,1.064,3.128,2.772,6.22,187.65,2.57,187.65,0.0152,0.0103,0.1288,197.7,11.5,197.82,0.0145,0.0078,0.1428,3.03,174.29,440.31,0.0132,0.0074,0.1259,16000,1024,2411.12,0.9958,0.0028,0.0013,0.0001
2026-08-27T11:17:37.409+02:00,1000,1024,1024,1056,432,909,0,14710,0,3474,0,0.0223,0.0215,0.0545,0.0694,0.09,0.687,2.91,3.64,94.014,176.86,22.93,133.45,0.0076,0.006,0.0169,112.54,127.46,124.06,0.0065,0.0064,0.0153,18.23,43.73,139.86,0.0065,0.0055,0.0154,16000,1024,712.63,0.9758,0.0149,0.0082,0.0011
2026-08-27T11:18:07.407+02:00,1000,1024,1024,1056,432,910,0,14710,0,3474,0,0.0241,0.0211,0.1603,0.0861,0.0742,1.0881,3.133,2.894,12.539,114.07,40.25,227.76,0.0084,0.0062,0.0588,10.93,129.89,85.62,0.0075,0.006,0.0591,40.9,155.9,172.26,0.0065,0.0063,0.0603,16000,1024,967.55,0.9855,0.01,0.0041,0.0005
2026-08-27T11:18:37.420+02:00,1000,1024,1032,1065,432,911,27,14737,2,3476,0,0.0247,0.0243,0.11,0.0681,0.1012,0.7566,2.831,3.561,25.212,22.57,70.57,419.88,0.0102,0.0077,0.0437,119.27,78.36,17.95,0.0071,0.0074,0.0442,42.59,125.38,213.7,0.0071,0.0073,0.0425,16000,1024,364.44,0.955,0.0336,0.0097,0.0017
2026-08-27T11:19:07.414+02:00,1000,1024,1024,1056,432,911,7,14744,1,3477,0,0.0232,0.0205,0.0681,0.0875,0.0821,0.6759,2.964,3.419,57.439,109.49,93.71,176.32,0.0066,0.0063,0.0229,44.92,80.95,96.78,0.0064,0.0061,0.0209,27.45,29.98,161.95,0.0061,0.0056,0.0208,16000,1024,358.95,0.9253,0.0571,0.0163,0.0014
2026-08-27T11:19:37.410+02:00,1000,1024,1024,1056,432,911,6,14750,0,3477,0,0.0241,0.0198,0.0703,0.0765,0.0703,0.6542,2.967,2.989,49.234,1.46,249.78,318.51,0.008,0.0062,0.0253,188.22,218.1,159.08,0.007,0.0062,0.023,64.08,84.72,359.96,0.007,0.0056,0.0236,16000,1024,375.64,0.9566,0.0301,0.0121,0.0012
2026-08-27T11:20:37.410+02:00,1000,1024,1024,1056,433,911,10,14774,0,3478,0,0.0246,0.0231,0.1106,0.0824,0.0968,0.7002,3.041,3.424,25.1,27.87,76.14,136.62,0.01,0.008,0.0364,16.8,5.58,19.91,0.0075,0.0071,0.0375,229.6,19.6,407.07,0.0072,0.0069,0.0353,16000,1024,423.41,0.9356,0.0454,0.0176,0.0014
2026-08-27T11:21:07.412+02:00,1000,1024,1024,1056,433,911,45,14819,17,3495,0,0.0254,0.0269,0.1399,0.1151,0.1009,0.7026,3.358,3.648,16.836,83.13,2.95,267.32,0.01,0.0108,0.0467,97.3,15.36,256.89,0.0071,0.0098,0.0422,13.05,35.71,140.65,0.0069,0.0088,0.0399,16000,1024,885.13,0.9598,0.0327,0.0066,0.0009
2026-08-27T11:22:07.412+02:00,1000,1024,1024,1056,434,914,3,14836,0,3496,0,0.0226,0.0221,0.0434,0.0756,0.0943,0.5964,3.164,3.267,70.703,78.16,14.34,25.55,0.0081,0.0083,0.0144,54.87,29.23,163.89,0.0071,0.006,0.0142,149.15,235.54,86.06,0.007,0.0058,0.014,16000,1024,368.12,0.919,0.0629,0.0167,0.0014
2026-08-27T11:22:37.413+02:00,1000,1024,1024,1056,434,914,0,14836,0,3496,0,0.0222,0.021,0.0616,0.0819,0.069,0.7823,3.168,3.13,98.948,49.58,226.27,160.13,0.0069,0.007,0.0237,33.0,16.44,29.42,0.0065,0.0064,0.0221,90.31,124.59,60.27,0.0065,0.006,0.0213,16000,1024,639.72,0.8547,0.1254,0.0176,0.0023
2026-08-27T11:23:07.410+02:00,1000,1024,1024,1056,434,915,4,14840,0,3496,0,0.0238,0.0212,0.0922,0.0753,0.0767,0.7745,2.773,3.075,42.175,55.43,24.61,4.08,0.0079,0.0063,0.0221,80.75,100.93,70.16,0.0074,0.0065,0.0203,2.68,34.12,75.39,0.0071,0.0056,0.0199,16000,1024,633.5,0.9662,0.0265,0.0066,0.0007
2026-08-27T11:23:37.412+02:00,1000,1024,1024,1056,434,916,25,14865,1,3497,0,0.0264,0.0255,0.1158,0.1446,0.0889,0.7964,5.382,3.195,28.987,31.59,43.84,94.95,0.0091,0.0081,0.033,23.33,62.41,427.76,0.0071,0.0077,0.0317,2.97,16.48,402.53,0.0067,0.0074,0.0325,16000,1024,593.09,0.9652,0.0242,0.0098,0.0008
2026-08-27T11:24:07.413+02:00,1000,1024,1024,1056,434,916,0,14865,0,3497,0,0.0243,0.0207,0.0313,0.0825,0.0731,0.1029,2.94,3.191,3.044,43.03,89.97,105.36,0.0084,0.0065,0.0091,55.33,28.21,100.77,0.008,0.0061,0.009,12.22,4.59,28.22,0.0074,0.0062,0.0085,16000,1024,614.27,0.9305,0.0597,0.0088,0.0009
2026-08-27T11:24:37.412+02:00,1000,1024,1024,1056,434,916,3,14868,0,3497,0,0.022,0.0211,0.0451,0.0567,0.0996,0.7083,2.678,3.471,112.79,25.08,135.92,153.23,0.006,0.0065,0.0091,232.84,89.74,180.27,0.006,0.0063,0.0095,17.39,33.4,68.54,0.0054,0.006,0.009,16000,1024,1699.3,0.9802,0.0147,0.0043,0.0009
2026-08-27T11:25:07.417+02:00,1000,1024,1027,1059,434,918,20,14888,1,3498,0,0.0246,0.0224,0.0824,0.0899,0.1153,0.722,3.049,4.535,44.764,73.0,11.83,101.15,0.0074,0.0086,0.0284,124.0,50.44,145.59,0.0071,0.009,0.027,28.89,20.33,291.14,0.0068,0.0075,0.0266,16000,1024,1262.69,0.9895,0.0072,0.0032,0.0002
2026-08-27T11:27:07.416+02:00,1000,1024,1024,1056,437,920,0,14979,0,3519,0,0.0227,0.0207,0.0487,0.0701,0.0704,0.7644,2.775,3.066,121.531,152.51,18.85,23.19,0.0071,0.0076,0.0166,71.95,26.71,231.4,0.007,0.0077,0.0163,56.24,120.67,152.8,0.007,0.0075,0.017,16000,1024,1273.28,0.9829,0.0135,0.0032,0.0004
2026-08-27T11:27:37.415+02:00,1000,1024,1024,1057,437,921,8,14987,0,3519,0,1.6515,0.193,0.1089,2.526,0.3378,0.9969,1.51,1.535,20.733,49.21,49.21,49.33,2.2029,0.2591,0.0951,39.69,147.38,54.49,0.2284,0.0486,0.0232,34.27,30.37,37.44,0.2171,0.0228,0.0243,16000,1024,862.1,0.4598,0.5303,0.0081,0.0018
2026-08-27T11:28:07.416+02:00,1000,1024,1024,1056,437,921,2,14989,0,3519,0,1.4938,0.2053,0.0688,2.2375,0.381,0.2106,1.524,1.611,2.467,49.36,49.38,49.39,2.1746,0.2943,0.0813,148.07,148.11,148.25,0.057,0.0404,0.0201,99.97,99.72,98.41,0.0155,0.0207,0.0177,16000,1024,691.54,0.8257,0.1475,0.021,0.0058
2026-08-27T11:28:37.417+02:00,1000,1024,1024,1056,437,921,0,14989,0,3519,0,1.5282,0.2124,0.1018,2.2438,0.3819,0.7863,1.513,1.642,19.927,49.43,49.43,49.38,2.2139,0.3026,0.0806,148.39,148.38,87.87,0.0455,0.0338,0.025,197.76,100.23,92.43,0.0214,0.0136,0.0262,16000,1024,656.82,0.8198,0.1591,0.018,0.003
2026-08-27T11:29:07.417+02:00,1000,1024,1024,1056,437,921,10,14999,3,3522,0,1.5146,0.2114,0.0852,2.3398,0.3739,0.8032,1.53,1.642,22.856,49.48,49.48,49.41,1.3876,0.186,0.0487,40.79,40.76,40.31,0.521,0.0618,0.0279,11.57,14.31,247.19,0.3997,0.0538,0.024,16000,1024,612.32,0.8124,0.1631,0.0208,0.0037
2026-08-27T11:29:37.417+02:00,1000,1024,1024,1056,437,921,4,15003,0,3522,0,1.4867,0.2092,0.0991,2.2729,0.3638,0.6291,1.53,1.625,16.795,49.43,49.44,49.45,1.9618,0.2714,0.0803,35.36,39.95,73.11,0.2586,0.0364,0.0286,39.9,30.57,148.59,0.2347,0.0358,0.027,16000,1024,1256.36,0.9342,0.0517,0.0119,0.0021
2026-08-27T11:30:07.418+02:00,1000,1024,1024,1056,437,922,0,15003,0,3522,0,1.514,0.2089,0.0715,2.2244,0.3956,0.2158,1.52,1.64,2.258,49.44,49.44,49.45,2.1927,0.2992,0.0921,148.31,148.6,148.48,0.0495,0.0383,0.0192,99.4,99.58,98.56,0.0187,0.022,0.016,16000,1024,607.71,0.809,0.1612,0.0244,0.0055
2026-08-27T11:30:37.418+02:00,1000,1024,1024,1056,437,922,30,15033,2,3524,0,1.4467,0.204,0.1081,2.4794,0.3903,0.7215,1.659,1.706,17.683,49.35,26.4,25.81,1.0459,0.1138,0.035,26.44,49.33,12.91,0.797,0.1472,0.0255,4.83,13.36,68.41,0.4485,0.0621,0.0248,16000,1024,671.21,0.7654,0.1968,0.0311,0.0067
2026-08-27T11:31:07.424+02:00,1000,1024,1024,1056,437,925,0,15033,0,3524,0,1.5159,0.205,0.0697,2.2295,0.3738,0.1953,1.523,1.621,2.144,49.38,49.38,49.37,2.2102,0.296,0.0891,148.22,147.98,99.97,0.0527,0.039,0.0208,197.55,99.61,148.43,0.0138,0.0153,0.0149,16000,1024,516.17,0.9163,0.0601,0.019,0.0046
2026-08-27T11:31:37.420+02:00,1000,1024,1024,1056,437,925,4,15037,0,3524,0,1.5423,0.2033,0.1192,2.2939,0.3611,0.9306,1.531,1.619,18.54,49.35,49.35,49.27,2.2314,0.2928,0.0921,148.0,147.91,99.78,0.0626,0.033,0.0413,55.34,100.18,148.11,0.0262,0.0156,0.0347,16000,1024,723.42,0.7674,0.2002,0.027,0.0054
2026-08-27T11:32:07.421+02:00,1000,1024,1024,1056,437,927,3,15040,1,3525,0,1.5851,0.1998,0.208,2.3485,0.3566,1.2897,1.526,1.623,10.231,49.37,49.36,187.51,2.1888,0.2696,0.102,35.16,148.27,197.45,0.1388,0.0316,0.0771,41.84,27.09,124.96,0.1276,0.0229,0.0709,16000,1024,653.75,0.8747,0.1067,0.0153,0.0033
2026-08-27T11:32:37.428+02:00,1000,1024,1033,1066,437,928,45,15085,16,3541,0,1.5961,0.1962,0.1594,2.9927,0.3636,0.9741,1.583,1.733,13.971,17.57,49.35,17.9,0.6562,0.088,0.054,40.28,17.24,143.63,0.6116,0.0793,0.0451,33.54,33.46,323.93,0.6077,0.0693,0.0454,16000,1024,468.44,0.7013,0.2643,0.0273,0.0071
2026-08-27T11:33:07.419+02:00,1000,1024,1024,1056,437,928,0,15085,0,3541,0,1.6628,0.1953,0.0834,2.4433,0.3473,0.209,1.522,1.614,2.064,49.25,49.25,49.22,2.4206,0.2799,0.1073,147.79,147.84,147.73,0.0609,0.04,0.0246,53.22,99.65,98.83,0.0483,0.0109,0.0217,16000,1024,532.95,0.7962,0.1717,0.0239,0.0082
2026-08-27T11:33:37.420+02:00,1000,1024,1024,1056,437,930,0,15085,0,3541,0,1.6956,0.1925,0.2399,2.4759,0.4133,1.8144,1.521,1.646,11.787,49.3,49.29,49.28,2.4822,0.274,0.1023,147.91,148.01,187.78,0.0688,0.0273,0.0928,53.27,100.08,124.9,0.0203,0.0205,0.0776,16000,1024,688.48,0.9236,0.0529,0.017,0.0065
2026-08-27T11:34:07.441+02:00,1000,1024,1044,1077,437,931,21,15106,1,3542,0,1.6676,0.1889,0.1316,2.6531,0.3844,0.8032,1.569,1.701,12.421,49.28,49.28,48.98,1.3575,0.1418,0.0617,22.27,27.16,27.7,0.5094,0.0608,0.0509,11.04,34.25,57.83,0.5348,0.0576,0.0405,16000,1024,491.47,0.8815,0.0838,0.0284,0.0063
2026-08-27T11:35:07.422+02:00,1000,1024,1024,1056,438,934,2,15111,0,3542,0,1.7186,0.1911,0.1049,2.5586,0.361,0.7083,1.529,1.637,11.754,49.28,49.26,49.33,2.4053,0.2594,0.1,35.2,147.79,147.97,0.1169,0.0387,0.0295,29.39,99.92,58.53,0.1171,0.0177,0.0205,16000,1024,665.16,0.9295,0.0502,0.0161,0.0042
2026-08-27T11:35:37.421+02:00,1000,1024,1024,1056,438,934,0,15111,0,3542,0,1.7513,0.188,0.0931,2.5628,0.3598,0.6276,1.522,1.638,5.601,49.27,49.26,49.29,2.5631,0.2712,0.1104,147.76,147.95,98.76,0.0705,0.04,0.0323,197.2,99.86,29.96,0.0157,0.0198,0.0157,16000,1024,692.92,0.8738,0.104,0.018,0.0042
2026-08-27T11:36:07.423+02:00,1000,1024,1024,1056,438,934,4,15115,0,3542,0,1.7538,0.1874,0.1041,2.5928,0.3448,0.705,1.526,1.627,8.117,49.17,49.18,49.08,2.2474,0.2386,0.1085,24.89,147.64,147.73,0.2415,0.0381,0.0262,29.15,27.51,42.65,0.2274,0.0267,0.0216,16000,1024,1109.55,0.9238,0.061,0.0097,0.0055
2026-08-27T11:37:37.423+02:00,1000,1024,1024,1056,440,936,29,15185,8,3566,0,1.7543,0.1854,0.1774,2.8029,0.3326,1.0523,1.545,1.625,13.901,49.14,49.16,23.01,1.4564,0.1515,0.0711,28.23,28.05,31.89,0.8856,0.0835,0.0525,23.16,23.38,45.48,0.5759,0.0615,0.0445,16000,1024,664.66,0.8786,0.105,0.0128,0.0037
2026-08-27T11:38:07.423+02:00,1000,1024,1024,1056,440,936,4,15189,2,3568,0,1.7769,0.1841,0.0908,2.6376,0.3521,0.2084,1.525,1.625,1.989,49.21,49.22,49.2,2.4625,0.2501,0.1144,39.06,147.5,147.6,0.1956,0.0326,0.0253,34.15,24.08,98.61,0.194,0.023,0.0214,16000,1024,784.9,0.7911,0.195,0.0111,0.0028
2026-08-27T11:38:37.425+02:00,1000,1024,1024,1056,440,936,3,15192,1,3569,0,1.7857,0.1848,0.2188,2.7568,0.3595,1.3084,1.529,1.674,9.028,49.17,49.18,49.07,2.4157,0.2447,0.1212,36.01,147.78,187.36,0.2004,0.0303,0.0785,42.62,41.59,249.79,0.1957,0.0202,0.0622,16000,1024,600.34,0.9265,0.061,0.0085,0.0039
2026-08-27T11:39:07.425+02:00,1000,1024,1024,1056,440,936,9,15201,2,3571,0,1.7684,0.1848,0.1729,2.5883,0.3456,1.4853,1.531,1.641,14.624,49.18,49.15,48.88,1.5431,0.1607,0.073,35.29,17.27,139.76,0.4707,0.0574,0.0591,17.45,9.66,216.63,0.4466,0.0484,0.051,16000,1024,645.83,0.8798,0.1054,0.0119,0.0029
2026-08-27T11:39:37.425+02:00,1000,1024,1024,1056,440,937,1,15202,0,3571,0,1.7914,0.1869,0.1128,2.6249,0.352,0.7045,1.52,1.63,10.323,49.19,49.2,49.19,2.5358,0.2596,0.1291,147.51,147.71,147.68,0.0794,0.0383,0.0329,42.95,100.06,98.33,0.0785,0.0212,0.0307,16000,1024,682.41,0.8388,0.1425,0.0146,0.0042
2026-08-27T11:40:07.424+02:00,1000,1024,1024,1056,440,938,44,15246,14,3585,0,1.7838,0.1859,0.1846,3.0396,0.3876,1.1098,1.563,1.71,10.517,49.27,49.32,49.56,1.3886,0.1436,0.0627,8.35,30.35,8.93,0.8178,0.0622,0.0562,30.6,8.6,367.28,0.5598,0.0614,0.0481,16000,1024,763.13,0.8849,0.1015,0.01,0.0036
2026-08-27T11:40:37.424+02:00,1000,1024,1024,1056,440,939,5,15251,4,3589,0,1.8319,0.189,0.1229,2.6706,0.3578,0.8186,1.514,1.636,11.085,49.23,49.24,49.2,2.6647,0.2713,0.1177,147.66,147.48,98.57,0.0763,0.0357,0.0265,196.77,100.1,342.67,0.018,0.0187,0.021,16000,1024,927.62,0.9359,0.0546,0.007,0.0025
2026-08-27T11:41:37.427+02:00,1000,1024,1024,1056,441,943,0,15262,0,3590,0,1.8306,0.1877,0.096,2.6978,0.3554,0.2077,1.516,1.645,1.886,49.23,49.21,49.23,2.6559,0.2694,0.1302,147.67,147.79,98.6,0.0778,0.0387,0.0252,196.84,99.87,147.77,0.0183,0.0195,0.0253,16000,1024,612.15,0.8581,0.1242,0.0128,0.0049
2026-08-27T11:42:07.424+02:00,1000,1024,1024,1056,441,944,1,15263,0,3590,0,1.852,0.1884,0.1265,2.7022,0.3447,0.8229,1.512,1.671,13.115,49.23,49.22,49.15,2.5945,0.2568,0.1193,39.98,147.75,147.93,0.107,0.036,0.0363,24.02,100.19,38.72,0.1065,0.0229,0.0282,16000,1024,1003.25,0.9201,0.0693,0.0086,0.002
2026-08-27T11:42:37.427+02:00,1000,1024,1024,1056,441,945,0,15263,0,3590,0,1.8515,0.1854,0.0978,2.7382,0.3561,0.5109,1.517,1.658,3.145,49.22,49.23,49.22,2.6879,0.263,0.1259,147.59,147.58,147.88,0.0742,0.038,0.0341,196.96,99.98,98.34,0.0145,0.02,0.0246,16000,1024,855.94,0.9489,0.0434,0.0063,0.0014
2026-08-27T11:43:07.428+02:00,1000,1024,1024,1056,441,946,4,15267,0,3590,0,1.8507,0.1856,0.1198,2.8782,0.3523,0.6796,1.524,1.678,8.543,49.26,49.27,49.2,2.5524,0.2576,0.1166,43.46,147.56,53.22,0.369,0.0377,0.0309,54.2,54.2,110.09,0.3128,0.032,0.0283,16000,1024,742.43,0.8815,0.1055,0.0103,0.0026
2026-08-27T11:43:37.427+02:00,1000,1024,1024,1056,441,946,1,15268,0,3590,0,1.871,0.1825,0.2401,3.1626,0.3374,1.8673,1.526,1.657,13.275,49.15,49.15,187.46,2.5898,0.2462,0.1175,37.9,147.61,49.08,0.125,0.0394,0.1168,32.63,99.97,62.63,0.12,0.0252,0.0996,16000,1024,575.65,0.9419,0.0469,0.0077,0.0034
2026-08-27T11:44:37.429+02:00,1000,1024,1024,1056,442,948,4,15291,0,3595,0,1.8748,0.1866,0.1562,2.7939,0.3551,0.8207,1.528,1.63,11.47,49.23,49.21,49.26,2.5029,0.2467,0.1209,29.24,147.63,125.0,0.3524,0.0353,0.034,33.69,29.27,29.6,0.2462,0.0282,0.0334,16000,1024,908.15,0.9486,0.0444,0.0058,0.0012
2026-08-27T11:45:07.430+02:00,1000,1024,1024,1056,442,948,1,15292,0,3595,0,1.8705,0.1817,0.2103,2.7699,0.3444,1.2478,1.524,1.678,7.769,49.13,49.13,187.25,2.6946,0.2555,0.0962,147.35,147.64,49.02,0.0718,0.0386,0.0921,53.62,100.05,431.44,0.0429,0.0259,0.0645,16000,1024,646.2,0.9253,0.0647,0.0077,0.0024
2026-08-27T11:46:07.428+02:00,1000,1024,1024,1056,443,949,1,15312,0,3598,0,1.9105,0.1828,0.1298,2.7789,0.342,0.8275,1.52,1.655,11.893,49.15,49.16,49.19,2.7472,0.2605,0.1453,147.41,147.34,147.31,0.0805,0.0416,0.0375,196.6,99.99,266.59,0.0182,0.0188,0.0244,16000,1024,793.26,0.9229,0.0666,0.0081,0.0024
2026-08-27T11:47:07.431+02:00,1000,1024,1024,1056,444,951,1,15332,0,3601,0,1.9509,0.184,0.1086,2.8889,0.3332,0.6274,1.518,1.658,3.497,49.18,49.18,49.15,2.7565,0.2554,0.1373,41.55,147.35,147.51,0.1104,0.0351,0.0278,34.97,20.67,98.13,0.1056,0.0158,0.0255,16000,1024,702.79,0.9038,0.0871,0.0075,0.0017
2026-08-27T11:47:37.433+02:00,1000,1024,1024,1056,444,952,0,15332,0,3601,0,1.9607,0.1865,0.1296,2.8609,0.3473,0.8789,1.514,1.632,10.119,49.15,49.16,49.09,2.8223,0.2651,0.1501,147.37,147.5,147.45,0.0797,0.0406,0.0274,196.51,100.14,44.23,0.0144,0.0217,0.0219,16000,1024,555.27,0.8637,0.1176,0.0149,0.0038
2026-08-27T11:48:37.454+02:00,1000,1024,1047,1079,445,955,34,15367,2,3604,0,1.8926,0.1802,0.1437,3.0521,0.3296,0.8158,1.593,1.695,10.743,49.18,49.15,16.14,1.2505,0.1167,0.0642,23.55,23.76,39.39,0.8794,0.0781,0.0553,15.85,15.77,23.67,0.7933,0.0666,0.051,16000,1024,1081.49,0.9218,0.0695,0.0064,0.0023
2026-08-27T11:49:07.436+02:00,1000,1024,1024,1056,445,955,16,15383,1,3605,0,1.9494,0.1832,0.1849,3.0888,0.3417,0.8822,1.544,1.622,8.504,49.17,49.19,49.04,2.1064,0.2015,0.1208,15.5,15.62,53.38,0.5769,0.0502,0.0548,41.32,41.15,110.62,0.5273,0.0418,0.0513,16000,1024,914.63,0.9288,0.0641,0.0051,0.002
2026-08-27T11:49:37.433+02:00,1000,1024,1024,1056,445,955,22,15405,2,3607,0,1.9535,0.1798,0.1682,3.4213,0.3493,0.9276,1.566,1.712,10.298,49.21,49.22,49.27,1.6931,0.1501,0.1094,42.22,42.16,312.69,0.68,0.0666,0.0575,25.6,25.3,39.2,0.5301,0.0496,0.0541,16000,1024,667.44,0.7821,0.2035,0.0113,0.0031
2026-08-27T11:50:07.433+02:00,1000,1024,1024,1056,445,955,1,15406,0,3607,0,1.9941,0.1823,0.1198,2.8944,0.3389,0.7671,1.513,1.63,6.473,49.13,49.14,49.16,2.8662,0.2575,0.1503,147.34,147.25,147.3,0.0824,0.0374,0.0293,196.62,100.12,100.33,0.0169,0.021,0.0248,16000,1024,590.01,0.8843,0.1017,0.0115,0.0025
2026-08-27T11:50:37.433+02:00,1000,1024,1024,1056,445,955,3,15409,1,3608,0,1.9775,0.1791,0.1365,2.9508,0.3438,0.7841,1.527,1.659,8.658,49.09,49.09,49.06,2.6147,0.231,0.133,39.98,31.1,68.14,0.2839,0.0308,0.0296,35.51,35.79,134.44,0.2818,0.0298,0.0275,16000,1024,603.98,0.835,0.1537,0.0085,0.0028
2026-08-27T11:51:07.434+02:00,1000,1024,1024,1056,445,956,8,15417,1,3609,0,2.0199,0.1838,0.1365,3.3477,0.3479,0.8009,1.528,1.626,9.106,49.05,49.05,48.95,2.447,0.222,0.1305,43.46,147.27,16.92,0.3445,0.0349,0.0321,19.32,43.46,23.02,0.3322,0.028,0.0324,16000,1024,712.43,0.8972,0.0899,0.0102,0.0027
2026-08-27T11:51:37.434+02:00,1000,1024,1024,1056,445,957,0,15417,0,3609,0,1.9902,0.1819,0.1085,2.916,0.3282,0.2719,1.524,1.605,1.991,49.1,49.09,49.11,2.8645,0.2554,0.143,147.21,147.39,147.25,0.0787,0.039,0.0267,196.38,99.75,98.05,0.019,0.021,0.0219,16000,1024,1089.98,0.9176,0.0698,0.0099,0.0027
2026-08-27T11:52:07.437+02:00,1000,1024,1024,1056,445,957,26,15443,1,3610,0,1.9588,0.1755,0.1679,3.5766,0.3244,0.8123,1.577,1.702,8.875,49.28,49.25,49.35,1.6547,0.1481,0.0736,20.4,20.39,58.32,0.8247,0.0772,0.0506,15.74,10.56,171.14,0.4955,0.041,0.0403,16000,1024,817.99,0.9292,0.065,0.0048,0.0011
2026-08-27T11:52:37.435+02:00,1000,1024,1024,1056,445,957,8,15451,1,3611,0,2.0337,0.1843,0.1367,3.1937,0.3488,0.7481,1.533,1.681,7.232,48.96,48.93,48.88,2.3237,0.1953,0.1121,32.92,32.87,65.2,0.5474,0.0481,0.0488,42.62,42.68,97.94,0.4787,0.0479,0.0463,16000,1024,620.26,0.8266,0.1635,0.0077,0.0021
2026-08-27T11:53:07.434+02:00,1000,1024,1024,1056,445,957,1,15452,0,3611,0,2.0507,0.1811,0.1194,3.2205,0.3352,0.6311,1.515,1.642,3.796,49.09,49.09,49.11,2.872,0.2548,0.1455,147.19,147.19,147.06,0.0936,0.0341,0.0365,43.99,100.0,97.79,0.0834,0.0187,0.0275,16000,1024,674.06,0.8379,0.1493,0.0105,0.0023
2026-08-27T11:53:37.436+02:00,1000,1024,1024,1056,445,957,0,15452,0,3611,0,2.078,0.1801,0.1348,2.9984,0.3392,1.0929,1.514,1.616,13.419,49.11,49.11,49.1,2.9866,0.255,0.1581,147.29,147.23,147.25,0.0827,0.04,0.0461,196.48,99.79,97.93,0.0183,0.0207,0.0205,16000,1024,668.14,0.897,0.0957,0.0055,0.0017
2026-08-27T11:54:07.435+02:00,1000,1024,1024,1056,445,957,28,15480,3,3614,0,2.0645,0.179,0.1734,3.203,0.324,0.9887,1.561,1.633,9.005,49.03,48.99,48.99,1.5656,0.1319,0.0838,20.86,21.07,20.93,0.8622,0.0792,0.0625,32.46,32.17,61.39,0.847,0.065,0.0543,16000,1024,1174.87,0.9494,0.0418,0.0075,0.0013
2026-08-27T11:54:37.436+02:00,1000,1024,1024,1056,445,958,2,15482,1,3615,0,2.0894,0.1823,0.1291,3.0514,0.3554,0.6109,1.512,1.622,4.089,49.07,49.07,49.08,2.9887,0.2571,0.1567,147.22,147.09,146.89,0.0772,0.0359,0.0399,53.22,99.99,98.52,0.0419,0.0217,0.0285,16000,1024,989.09,0.8418,0.146,0.0095,0.0027
2026-08-27T11:55:37.436+02:00,1000,1024,1024,1056,446,962,4,15487,0,3615,0,2.1347,0.1793,0.3769,3.1729,0.3428,1.3064,1.524,1.687,4.405,49.17,49.17,468.44,2.8348,0.2236,0.1394,17.91,147.51,165.79,0.289,0.0305,0.1383,22.01,22.11,49.25,0.2878,0.0297,0.1577,16000,1024,735.27,0.9243,0.0621,0.0109,0.0027
2026-08-27T11:58:07.439+02:00,1000,1024,1024,1056,450,970,2,15512,1,3622,0,2.2032,0.1828,0.1396,3.2583,0.3575,0.8738,1.511,1.655,5.797,49.13,49.14,49.1,3.0557,0.247,0.1612,37.14,147.24,147.35,0.1484,0.0346,0.0312,42.48,28.74,98.06,0.1435,0.0205,0.0301,16000,1024,694.12,0.9363,0.0572,0.0052,0.0014
2026-08-27T11:58:37.439+02:00,1000,1024,1024,1056,450,970,8,15520,0,3622,0,2.2002,0.1805,0.148,3.3021,0.3452,0.9673,1.519,1.651,7.592,49.17,49.17,49.07,2.2997,0.1949,0.0955,15.13,36.76,16.31,0.52,0.04,0.0465,36.32,23.32,7.9,0.4379,0.0288,0.0386,16000,1024,858.38,0.9438,0.0485,0.0068,0.001
2026-08-27T11:59:07.439+02:00,1000,1024,1024,1056,450,970,1,15521,0,3622,0,2.2164,0.1804,0.1404,3.2867,0.3443,0.7915,1.511,1.645,4.166,49.13,49.12,49.11,3.1687,0.2534,0.1739,147.34,147.47,147.51,0.0817,0.0379,0.0385,19.61,100.13,39.9,0.0262,0.0227,0.0221,16000,1024,796.63,0.8467,0.1406,0.0104,0.0022
2026-08-27T11:59:37.439+02:00,1000,1024,1024,1056,450,970,0,15521,0,3622,0,2.2211,0.1825,0.1325,3.224,0.3421,0.2995,1.508,1.634,1.717,49.13,49.13,49.14,3.1969,0.2576,0.1824,147.36,147.27,147.29,0.0801,0.0381,0.0321,196.62,99.93,98.25,0.0156,0.0185,0.0194,16000,1024,1053.57,0.9535,0.0408,0.0045,0.0011
2026-08-27T12:01:07.441+02:00,1000,1024,1024,1056,452,970,1,15532,0,3622,0,0.0231,0.0211,0.0336,0.0807,0.067,0.1031,2.993,3.041,2.983,82.03,3.77,77.38,0.0075,0.006,0.0105,173.64,111.96,121.94,0.0062,0.006,0.0099,165.77,168.01,38.14,0.006,0.0052,0.009,16000,1024,589.02,0.9704,0.0225,0.0063,0.0009
2026-08-27T12:01:37.442+02:00,1000,1024,1024,1056,452,970,52,15584,32,3654,0,0.0284,0.0271,0.1644,0.102,0.0957,0.7924,3.252,3.817,13.039,62.77,125.86,321.26,0.0091,0.0086,0.0526,72.16,42.52,292.32,0.0086,0.0081,0.0507,36.35,56.6,485.62,0.0086,0.0071,0.0506,16000,1024,796.12,0.9823,0.0137,0.0036,0.0004
2026-08-27T12:02:07.442+02:00,1000,1024,1024,1056,452,970,22,15606,0,3654,0,0.0262,0.0258,0.153,0.1215,0.1253,1.6338,3.888,4.394,33.301,4.69,98.44,140.26,0.0078,0.008,0.0528,88.34,12.1,88.85,0.0078,0.0093,0.0466,230.29,36.84,398.49,0.0064,0.0075,0.0455,16000,1024,683.18,0.9748,0.0179,0.0068,0.0005
2026-08-27T12:02:37.443+02:00,1000,1024,1024,1056,452,970,2,15608,0,3654,0,0.0235,0.0217,0.1041,0.0794,0.1295,1.4105,3.066,4.745,69.479,30.45,29.79,55.65,0.0079,0.0079,0.0293,62.5,57.3,220.39,0.0066,0.0069,0.0284,133.65,77.7,27.56,0.0067,0.0071,0.0268,16000,1024,432.97,0.8746,0.0961,0.0256,0.0037
2026-08-27T12:03:37.443+02:00,1000,1024,1024,1056,453,971,2,15643,0,3662,0,0.0253,0.0223,0.0479,0.0853,0.0788,0.7223,3.26,3.085,102.889,85.1,35.92,6.82,0.0072,0.0082,0.009,177.76,88.67,27.38,0.0067,0.0067,0.0089,22.88,8.57,2.2,0.0069,0.0061,0.0088,16000,1024,831.34,0.9108,0.0823,0.0065,0.0004
2026-08-27T12:04:07.446+02:00,1000,1024,1024,1056,453,971,3,15646,0,3662,0,0.0237,0.0224,0.0727,0.0846,0.0688,0.7369,3.126,2.922,60.084,87.28,62.74,92.55,0.0078,0.0085,0.0239,37.5,40.66,128.69,0.0077,0.0072,0.0224,4.49,6.58,255.86,0.0075,0.0069,0.022,16000,1024,424.4,0.9326,0.0511,0.0149,0.0014
2026-08-27T12:04:37.444+02:00,1000,1024,1024,1056,453,972,4,15650,0,3662,0,0.0225,0.0211,0.0477,0.0897,0.0685,0.7349,3.087,2.781,108.457,116.25,139.24,9.2,0.0083,0.0079,0.0168,42.42,46.71,71.02,0.0073,0.0069,0.0155,7.16,57.04,59.57,0.0069,0.0068,0.0151,16000,1024,633.0,0.9611,0.0287,0.009,0.0011
2026-08-27T12:05:07.444+02:00,1000,1024,1024,1056,453,973,0,15650,0,3662,0,0.0227,0.0202,0.0318,0.0831,0.0661,0.1145,3.249,2.736,3.267,138.7,50.57,49.61,0.0081,0.0069,0.0132,28.32,109.88,104.42,0.0073,0.0071,0.0094,33.65,185.38,16.16,0.0072,0.0061,0.0094,16000,1024,496.24,0.9374,0.0446,0.0165,0.0016
2026-08-27T12:06:07.451+02:00,1000,1024,1024,1056,454,973,22,15688,1,3664,0,0.0275,0.0231,0.1124,0.0946,0.1078,0.8514,3.057,4.149,32.058,20.53,125.0,316.17,0.009,0.0084,0.0332,83.69,42.38,342.13,0.0077,0.0075,0.0323,32.35,137.63,210.6,0.0069,0.0064,0.0314,16000,1024,617.63,0.9751,0.0186,0.0056,0.0007
2026-08-27T12:06:37.449+02:00,1000,1024,1024,1056,454,973,5,15693,1,3665,0,0.025,0.0219,0.0585,0.0773,0.0755,0.726,2.883,2.897,87.93,58.63,232.11,43.85,0.0071,0.0064,0.0125,107.6,93.34,94.07,0.007,0.0067,0.0122,162.89,153.36,15.85,0.0059,0.0059,0.0119,16000,1024,810.27,0.9737,0.0187,0.0066,0.001
2026-08-27T12:07:07.446+02:00,1000,1024,1024,1056,454,973,5,15698,0,3665,0,0.025,0.0211,0.0584,0.0794,0.0792,0.7161,3.14,3.358,88.758,100.07,166.22,70.53,0.0101,0.0064,0.0148,74.73,97.93,146.54,0.0077,0.0065,0.0143,124.59,104.34,86.66,0.0077,0.0061,0.014,16000,1024,383.81,0.803,0.1491,0.0445,0.0033
2026-08-27T12:07:37.447+02:00,1000,1024,1024,1056,454,973,0,15698,0,3665,0,0.0246,0.0208,0.0311,0.075,0.0637,0.1252,2.855,2.909,3.097,10.37,287.24,169.3,0.0077,0.0064,0.0091,20.43,213.07,47.84,0.0063,0.0062,0.0087,230.93,159.51,61.22,0.0076,0.0061,0.0082,16000,1024,628.24,0.9734,0.0183,0.0073,0.001
2026-08-27T12:08:07.447+02:00,1000,1024,1024,1056,454,973,20,15718,1,3666,0,0.026,0.024,0.1177,0.0844,0.0993,1.0411,2.661,3.62,32.986,12.17,41.66,52.53,0.0101,0.0111,0.0317,49.11,65.01,19.8,0.0079,0.0072,0.0315,39.11,110.79,417.72,0.0071,0.0062,0.029,16000,1024,539.09,0.9681,0.0199,0.0107,0.0013
2026-08-27T12:08:37.447+02:00,1000,1024,1024,1056,454,973,0,15718,0,3666,0,0.0228,0.0208,0.0328,0.0778,0.0624,0.1184,3.204,2.75,3.362,140.28,41.11,81.47,0.0087,0.0064,0.0112,35.75,276.64,29.88,0.0077,0.006,0.01,153.16,53.72,15.88,0.007,0.0058,0.0097,16000,1024,536.8,0.9744,0.0142,0.0105,0.0009
2026-08-27T12:09:07.451+02:00,1000,1024,1027,1060,454,973,11,15729,1,3667,0,0.0245,0.0241,0.1199,0.0857,0.0903,0.8049,3.147,3.318,27.354,71.09,120.94,375.13,0.0069,0.0074,0.0371,114.69,70.3,139.65,0.0071,0.0074,0.0365,158.31,46.88,174.93,0.0066,0.007,0.0346,16000,1024,517.61,0.9215,0.0418,0.0334,0.0033
2026-08-27T12:09:37.448+02:00,1000,1024,1024,1056,454,973,0,15729,0,3667,0,0.0238,0.0202,0.0334,0.0726,0.0628,0.1118,2.724,2.968,3.14,20.29,131.94,152.2,0.0083,0.0057,0.0103,34.33,65.23,64.42,0.0077,0.0056,0.0093,66.26,161.09,15.31,0.0075,0.0052,0.0089,16000,1024,340.48,0.843,0.1303,0.0238,0.003
2026-08-27T12:10:07.447+02:00,1000,1024,1024,1056,454,974,0,15729,0,3667,0,0.0225,0.0217,0.1542,0.0733,0.0655,1.2311,2.827,2.842,16.375,133.3,46.85,113.95,0.0105,0.0068,0.0567,155.27,19.78,119.81,0.0068,0.0067,0.056,248.35,38.78,5.84,0.0067,0.0055,0.0532,16000,1024,454.15,0.898,0.0833,0.0161,0.0025
2026-08-27T12:10:37.447+02:00,1000,1024,1024,1056,454,976,3,15732,0,3667,0,0.0252,0.0229,0.0861,0.0819,0.0778,0.7313,2.93,2.958,46.813,70.87,13.78,464.11,0.0081,0.0085,0.036,61.42,134.98,90.24,0.0065,0.0063,0.0344,14.77,32.91,17.89,0.0063,0.0063,0.0327,16000,1024,566.48,0.9276,0.0504,0.0191,0.0029
2026-08-27T12:11:07.471+02:00,1000,1024,1046,1079,454,976,33,15765,2,3669,0,0.0268,0.0247,0.1326,0.0952,0.0916,0.815,2.846,3.515,21.77,112.15,27.0,433.48,0.0085,0.0101,0.0451,61.45,193.5,269.81,0.0079,0.0078,0.0432,72.92,118.06,191.23,0.0076,0.0075,0.0414,16000,1024,846.22,0.9786,0.0144,0.0062,0.0008
2026-08-27T12:11:37.449+02:00,1000,1024,1024,1056,454,976,5,15770,1,3670,0,0.0233,0.0202,0.0831,0.0829,0.0725,0.6941,3.048,3.388,38.73,58.66,159.76,195.54,0.0074,0.006,0.0278,124.23,215.31,99.38,0.0073,0.006,0.0257,103.02,20.91,24.31,0.0068,0.0061,0.0246,16000,1024,542.23,0.9171,0.0686,0.0127,0.0015
2026-08-27T12:12:07.451+02:00,1000,1024,1024,1056,454,976,3,15773,0,3670,0,0.0238,0.0214,0.0545,0.0797,0.0806,0.6999,2.837,2.946,77.584,66.31,109.43,36.95,0.0079,0.0095,0.0109,80.34,4.01,100.57,0.0069,0.0062,0.0097,10.99,23.81,54.28,0.0071,0.0069,0.0095,16000,1024,448.13,0.9242,0.0625,0.0122,0.0011
2026-08-27T12:12:37.452+02:00,1000,1024,1027,1060,454,976,25,15798,1,3671,0,0.0262,0.0243,0.1339,0.0876,0.0801,1.2717,3.17,3.278,30.796,49.47,39.0,61.53,0.009,0.0081,0.044,5.52,8.74,11.82,0.0083,0.0078,0.043,233.57,68.2,296.69,0.0074,0.0072,0.0414,16000,1024,425.71,0.8839,0.0922,0.0218,0.0021
2026-08-27T12:13:07.450+02:00,1000,1024,1024,1056,454,976,0,15798,0,3671,0,0.0226,0.022,0.1609,0.0852,0.0819,1.3622,3.11,2.988,17.361,140.49,7.85,187.5,0.0072,0.0065,0.0628,106.02,218.57,132.82,0.008,0.0063,0.0495,62.1,64.33,259.67,0.007,0.0062,0.048,16000,1024,484.01,0.9104,0.0742,0.0138,0.0016
2026-08-27T12:13:37.451+02:00,1000,1024,1024,1056,454,976,1,15799,1,3672,0,0.0228,0.0219,0.0464,0.0697,0.082,0.7079,3.029,3.115,108.678,188.4,4.37,45.76,0.0085,0.0085,0.0132,246.35,96.38,71.33,0.0066,0.0063,0.0125,9.18,126.73,103.44,0.0061,0.0061,0.0124,16000,1024,513.75,0.9511,0.0371,0.0101,0.0017
2026-08-27T12:14:07.451+02:00,1000,1024,1024,1056,454,977,0,15799,0,3672,0,0.0223,0.02,0.0869,0.0701,0.0681,0.8283,2.855,2.976,55.871,39.6,234.17,25.65,0.0075,0.0065,0.0277,78.07,280.35,46.05,0.0066,0.0062,0.0268,132.54,75.6,5.71,0.0067,0.0063,0.0264,16000,1024,416.62,0.949,0.0369,0.0128,0.0013
2026-08-27T12:14:37.451+02:00,1000,1024,1024,1056,454,978,0,15799,0,3672,0,0.0257,0.0204,0.0316,0.0839,0.0693,0.1137,3.234,2.973,3.036,18.78,141.46,3.41,0.0092,0.0055,0.0108,46.6,4.59,236.16,0.0079,0.0057,0.0095,4.13,55.02,119.38,0.0077,0.0057,0.0092,16000,1024,1387.98,0.9831,0.0131,0.0032,0.0006
2026-08-27T12:15:07.456+02:00,1000,1024,1027,1060,454,980,9,15808,0,3672,0,0.0246,0.0211,0.0655,0.0795,0.0642,0.7224,2.994,2.823,66.877,44.03,122.23,48.95,0.0083,0.007,0.0201,29.18,20.37,108.41,0.0076,0.0066,0.0195,119.93,116.96,20.31,0.0074,0.0063,0.0181,16000,1024,678.19,0.9627,0.0313,0.0053,0.0006
2026-08-27T12:16:07.453+02:00,1000,1024,1024,1056,455,985,8,15841,2,3676,0,0.0257,0.0239,0.0854,0.0857,0.1243,0.7249,3.037,4.515,46.57,115.16,5.64,92.68,0.0078,0.0076,0.0223,89.92,114.92,3.22,0.0078,0.0075,0.0225,6.73,17.24,310.66,0.0071,0.0072,0.0221,16000,1024,404.95,0.9246,0.0618,0.0121,0.0015
2026-08-27T12:17:07.454+02:00,1000,1024,1024,1056,456,987,4,15853,1,3677,0,0.023,0.0215,0.088,0.0854,0.0743,0.6836,3.079,3.325,34.693,29.94,145.75,16.02,0.0069,0.0075,0.028,129.88,65.45,197.4,0.0067,0.0072,0.0254,148.09,15.33,150.14,0.0064,0.0072,0.025,16000,1024,549.01,0.9739,0.0147,0.0105,0.001
2026-08-27T12:17:37.454+02:00,1000,1024,1024,1056,456,988,12,15865,1,3678,0,0.0247,0.0218,0.0944,0.1077,0.0843,0.8236,3.521,3.104,45.015,24.55,32.18,96.16,0.0096,0.0062,0.028,188.78,246.83,326.3,0.0072,0.006,0.0254,146.6,51.87,118.17,0.0065,0.0056,0.0251,16000,1024,556.29,0.9464,0.0336,0.0182,0.0017
2026-08-27T12:18:07.457+02:00,1000,1024,1024,1056,456,989,0,15865,0,3678,0,0.0231,0.0215,0.0452,0.0792,0.0846,0.7014,3.321,3.174,116.297,60.56,2.6,142.45,0.0072,0.0078,0.0132,44.99,61.15,184.92,0.0068,0.0066,0.0135,279.1,115.56,126.11,0.0068,0.0063,0.0128,16000,1024,408.66,0.8989,0.0652,0.0328,0.0031
2026-08-27T12:18:37.453+02:00,1000,1024,1024,1056,456,989,0,15865,0,3678,0,0.0235,0.0201,0.0307,0.077,0.0725,0.1067,2.894,3.106,3.09,109.17,380.11,98.37,0.008,0.0053,0.0108,68.94,264.76,200.89,0.0074,0.005,0.0092,47.32,65.3,155.32,0.0073,0.005,0.0084,16000,1024,503.54,0.9461,0.036,0.0162,0.0017
2026-08-27T12:19:07.456+02:00,1000,1024,1024,1056,456,990,0,15865,0,3678,0,0.0233,0.0208,0.0636,0.0734,0.0582,0.7332,3.044,2.734,70.526,69.1,79.15,116.9,0.0083,0.0057,0.0119,75.3,25.97,47.54,0.0071,0.0061,0.0104,35.24,104.01,21.43,0.0069,0.0061,0.0091,16000,1024,506.73,0.9494,0.0381,0.0116,0.0009
2026-08-27T12:19:37.455+02:00,1000,1024,1024,1056,456,990,0,15865,0,3678,0,0.0225,0.0207,0.0328,0.0763,0.068,0.1166,3.151,3.076,2.94,143.4,70.98,24.13,0.0075,0.0059,0.0141,11.76,239.23,70.22,0.0072,0.0053,0.011,25.37,12.81,112.35,0.0069,0.0052,0.0105,16000,1024,394.46,0.8248,0.1291,0.0423,0.0037
2026-08-27T12:20:07.455+02:00,1000,1024,1024,1056,456,991,0,15865,0,3678,0,0.0223,0.0207,0.059,0.0829,0.0684,0.7396,3.328,3.055,84.032,135.98,32.59,62.57,0.0069,0.0077,0.0156,20.73,137.92,37.4,0.0067,0.0071,0.0159,46.18,171.01,231.44,0.0066,0.007,0.0154,16000,1024,743.77,0.9686,0.021,0.0088,0.0015
2026-08-27T12:20:37.462+02:00,1000,1024,1031,1063,456,991,22,15887,1,3679,0,0.0243,0.0228,0.1068,0.0859,0.0872,0.7291,3.428,3.378,26.577,35.8,115.19,312.48,0.009,0.007,0.0394,99.48,147.81,187.56,0.0072,0.0071,0.0347,86.43,99.87,103.66,0.0068,0.0065,0.0338,16000,1024,963.63,0.968,0.0228,0.0082,0.001
2026-08-27T12:21:07.459+02:00,1000,1024,1024,1056,456,992,0,15887,0,3679,0,0.0225,0.0205,0.0427,0.082,0.0718,0.6085,3.002,3.189,75.272,5.91,19.53,127.59,0.0063,0.0058,0.0134,16.62,49.88,171.74,0.0061,0.0058,0.012,53.22,34.68,107.11,0.0074,0.0066,0.0121,16000,1024,560.34,0.9637,0.0266,0.0085,0.0012
2026-08-27T12:21:37.456+02:00,1000,1024,1024,1056,456,992,7,15894,1,3680,0,0.0237,0.023,0.0922,0.0723,0.096,0.6882,2.816,3.411,34.725,141.05,80.26,26.22,0.007,0.0091,0.0353,99.2,112.14,436.82,0.0076,0.0069,0.0332,42.03,16.27,188.21,0.0057,0.0063,0.0306,16000,1024,1716.95,0.9657,0.0184,0.0121,0.0037
2026-08-27T12:22:07.462+02:00,1000,1024,1028,1060,456,994,26,15920,0,3680,0,0.0249,0.026,0.134,0.0748,0.0968,0.8725,2.847,3.554,23.039,26.01,2.65,233.26,0.009,0.0079,0.0409,58.67,67.68,275.35,0.0075,0.0073,0.04,84.67,204.66,303.04,0.0074,0.0073,0.0404,16000,1024,1163.67,0.9676,0.0237,0.0075,0.0012
2026-08-27T12:22:37.458+02:00,1000,1024,1024,1056,456,995,15,15935,0,3680,0,0.0253,0.0196,0.0931,0.0894,0.1095,0.748,3.096,4.746,36.54,84.66,30.51,99.59,0.0093,0.0063,0.0306,47.16,106.7,45.65,0.0083,0.0058,0.0312,92.27,173.95,128.69,0.0093,0.0056,0.0289,16000,1024,616.41,0.9513,0.0369,0.0109,0.0009
2026-08-27T12:23:07.458+02:00,1000,1024,1024,1056,456,996,8,15943,0,3680,0,0.0262,0.0217,0.0592,0.0976,0.0824,0.6908,3.343,3.134,70.193,83.24,179.91,84.0,0.0094,0.0071,0.0142,23.27,49.96,25.02,0.0083,0.0058,0.014,30.11,111.58,172.78,0.0073,0.0054,0.0129,16000,1024,4872.47,0.9993,0.0005,0.0002,0.0
2026-08-27T12:23:37.462+02:00,1000,1024,1024,1056,456,996,10,15953,1,3681,0,0.0243,0.0217,0.0988,0.0697,0.0822,0.8263,2.869,3.309,38.024,52.44,17.06,174.8,0.0085,0.0076,0.0268,3.63,123.96,82.74,0.0077,0.0062,0.0276,102.69,33.04,189.43,0.0072,0.0062,0.0266,16000,1024,353.0,0.9427,0.0374,0.0179,0.002
2026-08-27T12:24:07.458+02:00,1000,1024,1024,1056,456,997,0,15953,0,3681,0,0.0228,0.0209,0.0529,0.077,0.0746,0.6728,2.926,3.068,80.424,118.53,110.44,137.92,0.0076,0.0076,0.0133,38.89,69.53,26.24,0.006,0.0074,0.0125,103.78,26.15,109.8,0.006,0.0067,0.0134,16000,1024,1123.54,0.9637,0.0269,0.0081,0.0014
2026-08-27T12:24:37.459+02:00,1000,1024,1024,1056,456,997,0,15953,0,3681,0,0.0239,0.0213,0.0613,0.0929,0.0684,0.7819,3.039,3.028,75.05,104.48,255.09,20.39,0.0081,0.0064,0.0175,86.68,121.57,110.29,0.0079,0.007,0.0172,51.74,175.37,208.28,0.0078,0.0061,0.0169,16000,1024,533.83,0.9381,0.0478,0.0128,0.0013
2026-08-27T12:25:07.460+02:00,1000,1024,1024,1056,456,997,1,15954,0,3681,0,0.0229,0.0229,0.0656,0.0796,0.0872,0.7287,3.212,2.996,74.44,21.62,131.28,102.29,0.0075,0.0074,0.0151,157.59,41.4,22.77,0.0074,0.0072,0.015,125.27,62.09,95.7,0.0061,0.0069,0.0145,16000,1024,664.32,0.9333,0.0483,0.0164,0.0019
2026-08-27T12:25:37.459+02:00,1000,1024,1024,1056,456,997,15,15969,0,3681,0,0.0249,0.0237,0.112,0.0819,0.094,0.9896,3.068,3.332,32.68,33.28,21.59,187.64,0.0082,0.0073,0.042,13.29,169.68,306.84,0.0081,0.0073,0.0393,80.0,47.49,125.09,0.0073,0.0069,0.0371,16000,1024,465.96,0.9652,0.0212,0.0122,0.0014
2026-08-27T12:26:07.459+02:00,1000,1024,1024,1056,456,997,2,15971,0,3681,0,0.0233,0.021,0.0642,0.0982,0.0958,0.7023,3.672,3.637,72.678,21.02,5.81,170.2,0.008,0.0071,0.0188,13.37,60.18,87.2,0.0075,0.0068,0.0179,107.76,79.66,223.6,0.0067,0.0067,0.0175,16000,1024,412.28,0.9466,0.0394,0.0126,0.0014
2026-08-27T12:26:37.487+02:00,1000,1024,1049,1082,456,998,24,15995,2,3683,0,0.0255,0.0243,0.1005,0.0906,0.0888,0.8088,3.0,3.582,32.877,65.71,107.26,151.05,0.0093,0.0075,0.0376,144.54,72.34,62.53,0.0085,0.0072,0.0308,11.8,151.63,437.54,0.0085,0.0068,0.0304,16000,1024,463.81,0.9451,0.0411,0.0124,0.0014
2026-08-27T12:27:07.461+02:00,1000,1024,1024,1056,456,998,25,16020,2,3685,0,0.0252,0.023,0.1256,0.0891,0.0868,0.8186,2.869,3.454,24.539,4.78,22.11,374.82,0.0109,0.0085,0.0379,13.88,95.8,334.06,0.0077,0.0071,0.0369,163.12,116.39,423.7,0.0075,0.0071,0.0364,16000,1024,957.73,0.9812,0.015,0.0033,0.0004
2026-08-27T12:28:07.462+02:00,1000,1024,1024,1056,457,1000,9,16064,2,3690,0,0.0226,0.0219,0.062,0.0729,0.071,0.696,2.942,2.825,58.589,19.67,48.93,80.74,0.0085,0.0071,0.0177,138.74,62.31,20.31,0.0067,0.0068,0.0153,84.95,144.11,29.22,0.0066,0.0068,0.0148,16000,1024,806.81,0.9766,0.0166,0.0059,0.0009
2026-08-27T12:28:37.461+02:00,1000,1024,1024,1056,457,1001,6,16070,0,3690,0,0.0257,0.0218,0.0807,0.0942,0.0869,0.7158,3.18,3.254,43.798,50.55,46.87,224.3,0.0119,0.0086,0.0225,10.61,174.14,103.5,0.0084,0.0068,0.0205,206.54,8.49,111.96,0.0069,0.0068,0.022,16000,1024,674.15,0.9716,0.024,0.004,0.0004
2026-08-27T12:29:37.463+02:00,1000,1024,1024,1056,458,1003,1,16072,0,3690,0,0.0238,0.0205,0.146,0.0771,0.0689,1.364,2.714,3.165,26.76,156.56,150.33,34.19,0.0076,0.0067,0.0435,136.79,140.42,185.26,0.0069,0.0054,0.0413,68.01,43.68,219.33,0.0069,0.0052,0.0429,16000,1024,457.3,0.9448,0.0435,0.0106,0.0012
2026-08-27T12:30:07.464+02:00,1000,1024,1024,1056,458,1006,0,16072,0,3690,0,0.0218,0.0222,0.0454,0.0776,0.0772,0.6971,2.994,3.022,103.86,125.92,45.65,151.37,0.0083,0.0073,0.0122,79.75,37.97,113.63,0.0076,0.0071,0.01,166.25,129.59,34.5,0.0064,0.0071,0.0098,16000,1024,689.37,0.9584,0.0282,0.0123,0.0011
2026-08-27T12:31:07.463+02:00,1000,1024,1024,1056,459,1008,1,16094,0,3705,0,0.0235,0.0197,0.0454,0.0763,0.0883,0.7161,2.874,3.639,115.452,80.51,104.49,131.87,0.0077,0.0053,0.0157,84.88,271.1,6.19,0.0068,0.0052,0.014,173.5,213.3,106.46,0.0069,0.0064,0.0136,16000,1024,585.36,0.9807,0.0125,0.0061,0.0006
2026-08-27T12:32:37.466+02:00,1000,1024,1024,1056,461,1012,0,16112,0,3707,0,0.0241,0.0207,0.0316,0.0812,0.065,0.0947,3.096,2.964,2.617,168.84,88.0,81.26,0.0069,0.0078,0.0122,3.04,182.25,60.02,0.0068,0.0075,0.0106,26.28,9.54,46.36,0.0061,0.0067,0.0099,16000,1024,643.75,0.9603,0.033,0.006,0.0007
2026-08-27T12:33:37.473+02:00,1000,1024,1026,1058,462,1013,21,16163,0,3708,0,0.0238,0.024,0.1004,0.0758,0.092,0.697,2.975,4.01,29.585,13.61,4.17,93.77,0.0084,0.0088,0.0346,137.04,85.2,403.91,0.0076,0.0076,0.0361,156.31,47.27,304.01,0.0063,0.0072,0.0351,16000,1024,965.74,0.98,0.0151,0.0046,0.0004
2026-08-27T12:34:07.469+02:00,1000,1024,1024,1056,462,1013,0,16163,0,3708,0,0.0208,0.0226,0.0761,0.0709,0.0981,0.7741,2.868,3.546,64.981,203.1,60.69,124.4,0.0074,0.0077,0.0188,156.27,190.41,179.61,0.0068,0.007,0.0167,34.12,152.08,267.53,0.0059,0.0064,0.0163,16000,1024,908.13,0.9544,0.0345,0.0102,0.0009
2026-08-27T12:34:37.466+02:00,1000,1024,1024,1056,462,1013,15,16178,0,3708,0,0.0241,0.0218,0.0922,0.1115,0.0831,0.7935,3.515,3.354,40.384,31.82,15.62,249.01,0.0095,0.0064,0.0351,113.54,143.87,125.15,0.0076,0.0066,0.0333,21.45,115.88,437.63,0.0067,0.0063,0.033,16000,1024,602.05,0.9584,0.0324,0.0078,0.0014
2026-08-27T12:35:37.472+02:00,1000,1024,1028,1061,463,1014,22,16201,3,3711,0,0.0267,0.0262,0.1449,0.0884,0.1448,0.9637,2.869,4.6,20.22,124.95,63.56,153.51,0.011,0.0078,0.0528,5.31,30.77,459.41,0.0103,0.008,0.0531,112.08,54.06,5.08,0.0088,0.0078,0.0501,16000,1024,395.67,0.9217,0.0564,0.0204,0.0015
2026-08-27T12:37:07.473+02:00,1000,1024,1027,1060,465,1015,7,16218,0,3711,0,0.0236,0.0208,0.077,0.0826,0.0755,0.6994,3.041,3.25,51.864,58.58,179.65,210.09,0.0068,0.0062,0.025,40.38,229.42,40.13,0.0063,0.0061,0.0241,119.59,21.33,10.64,0.0067,0.0061,0.0239,16000,1024,618.64,0.9648,0.0205,0.0135,0.0011
2026-08-27T12:37:37.468+02:00,1000,1024,1024,1056,465,1015,0,16218,0,3711,0,0.0225,0.02,0.0436,0.0804,0.0708,0.6612,3.101,2.869,98.313,29.27,132.58,230.57,0.0073,0.0073,0.0097,51.82,63.8,139.55,0.006,0.006,0.0096,211.01,52.86,275.19,0.0059,0.0056,0.009,16000,1024,787.79,0.9878,0.0099,0.0021,0.0002
2026-08-27T12:38:07.469+02:00,1000,1024,1024,1056,465,1017,4,16222,0,3711,0,0.023,0.021,0.0728,0.0675,0.0801,0.6862,2.798,3.374,60.132,30.99,6.95,49.34,0.0073,0.0061,0.0209,157.77,102.48,269.43,0.0076,0.0061,0.0172,108.13,193.56,2.8,0.0068,0.0058,0.0163,16000,1024,472.39,0.969,0.0216,0.0085,0.0009
2026-08-27T12:38:37.470+02:00,1000,1024,1024,1056,465,1018,0,16222,0,3711,0,0.0217,0.0205,0.0307,0.072,0.0709,0.1589,3.131,2.818,4.059,92.46,45.2,16.56,0.0066,0.0072,0.0099,44.35,81.06,86.3,0.0062,0.0065,0.0105,107.83,1.46,93.79,0.0059,0.0065,0.0094,16000,1024,489.63,0.9402,0.0446,0.0133,0.0018
2026-08-27T12:39:37.487+02:00,1000,1024,1042,1074,466,1019,24,16251,0,3712,0,0.0253,0.0229,0.1124,0.0968,0.0878,0.7922,3.645,3.731,28.77,104.32,47.05,57.35,0.008,0.0074,0.0293,28.68,34.36,277.97,0.0082,0.0065,0.0235,55.54,16.42,343.81,0.0074,0.0059,0.0214,16000,1024,620.48,0.9818,0.0139,0.0039,0.0004
2026-08-27T12:40:07.471+02:00,1000,1024,1024,1056,466,1019,1,16252,0,3712,0,0.0238,0.0212,0.0657,0.091,0.0826,0.7117,3.419,3.262,73.512,97.53,199.68,100.44,0.0078,0.006,0.0103,153.46,126.85,54.99,0.0068,0.0057,0.0105,88.62,57.9,112.48,0.0065,0.0054,0.0098,16000,1024,670.66,0.9801,0.0134,0.0059,0.0007
2026-08-27T12:40:37.475+02:00,1000,1024,1024,1056,466,1021,23,16275,0,3712,0,0.0261,0.0237,0.1143,0.109,0.1186,0.7919,3.858,4.485,27.453,45.16,94.66,453.96,0.0098,0.0081,0.035,60.61,38.16,33.35,0.0079,0.0079,0.0337,11.56,12.12,58.54,0.0066,0.0073,0.0318,16000,1024,893.18,0.9845,0.0114,0.0038,0.0004
2026-08-27T12:41:07.472+02:00,1000,1024,1024,1056,466,1021,6,16281,0,3712,0,0.0235,0.0211,0.1459,0.0814,0.0864,0.6635,3.007,3.563,12.967,127.5,32.86,62.75,0.0094,0.0077,0.0717,10.92,12.78,125.22,0.0083,0.0067,0.0508,114.91,183.45,339.65,0.0075,0.0062,0.0486,16000,1024,549.84,0.9425,0.0287,0.0268,0.0019
2026-08-27T12:41:37.472+02:00,1000,1024,1024,1056,466,1024,1,16282,0,3712,0,0.0242,0.0206,0.0748,0.0757,0.0808,0.8405,2.794,3.415,55.786,31.73,22.69,6.82,0.0084,0.0076,0.0228,110.55,114.66,106.72,0.0069,0.0077,0.0229,88.78,71.26,493.12,0.0061,0.0054,0.0218,16000,1024,1837.3,0.9589,0.032,0.0074,0.0016
2026-08-27T12:42:07.473+02:00,1000,1024,1024,1056,466,1024,0,16282,0,3712,0,0.022,0.0211,0.0452,0.0701,0.0732,0.6833,3.073,3.019,103.64,169.97,169.79,165.14,0.0068,0.0069,0.0124,93.75,1.99,111.26,0.0068,0.0067,0.0116,265.46,46.05,178.04,0.0059,0.0067,0.0118,16000,1024,583.69,0.9718,0.0212,0.0063,0.0008
2026-08-27T12:42:37.472+02:00,1000,1024,1024,1056,466,1024,24,16306,0,3712,0,0.0256,0.0232,0.1277,0.078,0.0881,0.8176,3.028,3.897,20.086,74.02,114.26,33.81,0.0084,0.0066,0.025,10.0,52.72,312.55,0.0075,0.006,0.0226,1.99,3.16,322.49,0.0071,0.0061,0.0227,16000,1024,477.09,0.9639,0.0267,0.0084,0.001
2026-08-27T12:43:07.473+02:00,1000,1024,1024,1056,466,1025,0,16306,0,3712,0,0.0226,0.0197,0.0556,0.0735,0.0774,0.7163,2.896,3.419,89.758,39.76,119.52,65.4,0.0081,0.0078,0.015,102.16,114.43,10.02,0.008,0.0059,0.0152,138.45,135.51,24.5,0.007,0.0056,0.0139,16000,1024,524.46,0.927,0.0624,0.0099,0.0008
2026-08-27T12:43:37.474+02:00,1000,1024,1024,1056,466,1025,2,16308,0,3712,0,0.023,0.0206,0.0314,0.079,0.0712,0.1068,3.227,3.103,2.911,170.98,126.78,17.12,0.0069,0.0069,0.0101,44.07,62.31,262.38,0.0066,0.0062,0.0086,59.42,231.15,54.83,0.0064,0.006,0.0082,16000,1024,464.54,0.9453,0.0391,0.0142,0.0014
2026-08-27T12:44:07.473+02:00,1000,1024,1024,1056,466,1026,2,16310,0,3712,0,0.0371,0.0265,0.3154,0.1837,0.1046,1.6916,5.605,3.609,9.163,1.57,1.55,1.5,0.0284,0.0152,0.3288,45.72,144.81,384.73,0.0139,0.0097,0.132,384.01,77.82,186.52,0.0133,0.0092,0.1141,16000,1024,321.98,0.8875,0.0769,0.0327,0.0029
2026-08-27T12:44:37.474+02:00,1000,1024,1024,1056,466,1027,0,16310,0,3712,0,0.0229,0.022,0.0705,0.0689,0.1485,1.2462,2.799,5.7,154.392,111.39,119.78,165.93,0.0068,0.0071,0.0138,144.05,80.38,90.59,0.0062,0.0066,0.0117,158.17,136.68,140.53,0.0058,0.0056,0.0109,16000,1024,350.3,0.9122,0.0674,0.0185,0.0018
2026-08-27T12:45:07.474+02:00,1000,1024,1024,1056,466,1028,23,16333,2,3714,0,0.026,0.0233,0.1241,0.0779,0.0949,0.9762,2.999,3.924,28.707,76.34,90.26,59.52,0.0102,0.0086,0.0332,101.14,119.16,297.82,0.0082,0.0069,0.0302,18.2,146.15,238.41,0.0069,0.0071,0.0298,16000,1024,669.4,0.9507,0.0422,0.0063,0.0008
2026-08-27T12:45:37.474+02:00,1000,1024,1024,1056,466,1029,7,16340,0,3714,0,0.0249,0.0217,0.0585,0.0866,0.0688,0.6972,3.162,2.822,72.776,35.73,33.06,70.44,0.009,0.0063,0.0211,89.86,134.11,181.7,0.0077,0.0058,0.0196,2.35,48.06,128.68,0.008,0.0055,0.0197,16000,1024,1729.0,0.9905,0.0078,0.0016,0.0001
2026-08-27T12:46:07.476+02:00,1000,1024,1024,1056,466,1030,6,16346,0,3714,0,0.024,0.023,0.0798,0.078,0.0722,0.8,3.073,2.9,58.931,36.19,131.01,89.53,0.0072,0.0075,0.0177,101.43,114.7,64.34,0.0069,0.0076,0.017,116.66,166.92,80.14,0.0074,0.0068,0.0165,16000,1024,683.06,0.9838,0.0122,0.0037,0.0004
2026-08-27T12:46:37.476+02:00,1000,1024,1024,1056,466,1030,2,16348,1,3715,0,0.0233,0.0221,0.0666,0.0855,0.0852,0.7344,3.473,3.309,71.537,98.96,101.96,159.16,0.0086,0.0098,0.0225,54.41,18.21,32.31,0.0074,0.009,0.0202,109.1,151.8,59.86,0.0073,0.008,0.021,16000,1024,3695.63,0.9753,0.0112,0.0119,0.0015
2026-08-27T12:47:07.477+02:00,1000,1024,1024,1056,466,1030,6,16354,0,3715,0,0.0247,0.023,0.0716,0.078,0.0808,0.7579,2.814,2.918,62.351,117.89,71.39,26.7,0.0078,0.0075,0.02,76.91,84.69,286.29,0.0065,0.0074,0.0143,65.59,195.36,49.03,0.0064,0.0066,0.0133,16000,1024,999.61,0.9856,0.0101,0.004,0.0004
2026-08-27T12:47:37.499+02:00,1000,1024,1047,1079,466,1030,25,16379,2,3717,0,0.0246,0.0236,0.1042,0.0961,0.1055,0.8237,3.256,3.75,30.199,39.09,18.72,328.24,0.0084,0.0069,0.0312,63.52,25.27,343.43,0.0076,0.0064,0.0301,9.61,114.3,54.61,0.007,0.0062,0.0268,16000,1024,710.41,0.9582,0.0346,0.0064,0.0009
2026-08-27T12:48:07.479+02:00,1000,1024,1024,1056,466,1030,0,16379,0,3717,0,0.0222,0.0205,0.0501,0.0684,0.081,0.819,3.097,3.245,138.265,11.49,138.66,7.01,0.0077,0.0063,0.0194,62.31,202.13,25.28,0.0062,0.0055,0.0154,44.21,78.4,201.27,0.0057,0.0056,0.0147,16000,1024,480.92,0.9259,0.0589,0.0136,0.0015
2026-08-27T12:48:37.476+02:00,1000,1024,1024,1056,466,1031,0,16379,0,3717,0,0.0237,0.0203,0.0666,0.0746,0.102,0.7118,2.918,3.923,70.583,101.34,17.19,28.52,0.0076,0.007,0.0194,70.58,26.74,128.94,0.0074,0.0067,0.0182,117.83,179.91,99.37,0.0074,0.006,0.0177,16000,1024,445.5,0.9518,0.0303,0.0162,0.0017
2026-08-27T12:49:07.478+02:00,1000,1024,1024,1056,466,1032,7,16386,1,3718,0,0.0234,0.0213,0.0743,0.077,0.0818,0.7141,2.892,3.196,51.512,104.55,17.5,42.15,0.0083,0.0075,0.0197,19.46,71.17,83.75,0.0076,0.0072,0.0172,87.74,41.09,28.41,0.0059,0.0053,0.0169,16000,1024,475.2,0.9564,0.0329,0.0097,0.001
2026-08-27T12:50:07.481+02:00,1000,1024,1024,1056,467,1034,6,16394,0,3718,0,0.0222,0.022,0.0732,0.092,0.0989,0.727,3.395,3.714,59.091,109.04,80.74,161.72,0.008,0.0083,0.0255,101.52,34.27,142.68,0.0069,0.0062,0.0233,64.57,45.59,22.31,0.0068,0.0058,0.0221,16000,1024,568.05,0.9059,0.0808,0.0121,0.0013
2026-08-27T12:50:37.483+02:00,1000,1024,1027,1060,467,1035,20,16414,1,3719,0,0.0252,0.024,0.1014,0.0939,0.1004,0.7825,3.807,3.62,32.755,116.63,69.52,128.97,0.0077,0.0086,0.0314,102.65,80.71,115.22,0.007,0.008,0.0263,70.67,22.61,244.1,0.0068,0.0075,0.0243,16000,1024,426.13,0.9624,0.0299,0.007,0.0007
2026-08-27T12:51:07.480+02:00,1000,1024,1024,1056,467,1037,5,16419,1,3720,0,0.0241,0.0218,0.0873,0.076,0.0791,0.7679,3.107,3.229,37.567,31.37,55.72,469.97,0.0066,0.0074,0.0256,47.97,217.57,59.72,0.0064,0.0067,0.0255,71.44,40.25,261.65,0.0063,0.0068,0.0242,16000,1024,729.84,0.9809,0.0145,0.004,0.0005
2026-08-27T12:51:37.480+02:00,1000,1024,1024,1056,467,1037,0,16419,0,3720,0,0.0239,0.0219,0.0447,0.0845,0.0721,0.6551,3.161,3.075,92.29,99.23,37.73,76.36,0.008,0.0082,0.0153,67.29,84.17,61.21,0.0071,0.0071,0.0152,184.56,220.5,128.59,0.0066,0.0066,0.0146,16000,1024,466.19,0.9406,0.0476,0.0106,0.0013
2026-08-27T12:52:07.479+02:00,1000,1024,1024,1056,467,1038,0,16419,0,3720,0,0.0222,0.0206,0.1288,0.0724,0.0766,0.7328,2.655,3.181,17.367,2.15,48.22,187.61,0.0072,0.0074,0.0489,65.82,22.09,229.52,0.0073,0.0071,0.0366,59.25,142.49,41.86,0.0068,0.006,0.0368,16000,1024,780.54,0.9802,0.0139,0.0053,0.0006
2026-08-27T12:52:37.479+02:00,1000,1024,1024,1056,467,1038,0,16419,0,3720,0,0.0236,0.0215,0.0587,0.0643,0.0695,0.765,2.556,2.897,107.189,173.78,21.1,160.44,0.0089,0.0084,0.0182,95.77,54.93,11.9,0.0073,0.0073,0.0152,140.37,189.28,91.0,0.0071,0.0067,0.0145,16000,1024,661.14,0.9832,0.0131,0.0034,0.0003
2026-08-27T12:53:07.481+02:00,1000,1024,1024,1056,467,1038,4,16423,0,3720,0,0.0224,0.0217,0.0737,0.0824,0.0806,0.7086,3.09,3.066,48.96,177.06,66.31,94.66,0.0077,0.0076,0.0153,149.09,124.09,20.02,0.0077,0.0067,0.0166,120.46,71.71,118.3,0.007,0.0072,0.015,16000,1024,620.5,0.9722,0.0185,0.0081,0.0012
2026-08-27T12:53:37.480+02:00,1000,1024,1024,1056,467,1038,1,16424,0,3720,0,0.0224,0.0201,0.0316,0.073,0.0816,0.1079,2.932,3.476,3.025,25.6,126.7,71.85,0.0076,0.0078,0.0115,186.7,22.89,112.2,0.0067,0.0064,0.0093,103.59,90.19,32.01,0.0063,0.0059,0.0093,16000,1024,478.22,0.9561,0.0327,0.0101,0.0011
2026-08-27T12:54:07.481+02:00,1000,1024,1024,1056,467,1038,2,16426,0,3720,0,0.024,0.0203,0.0531,0.0771,0.0964,0.6884,2.963,3.506,96.331,93.77,58.04,36.13,0.0075,0.0076,0.017,57.79,45.73,129.9,0.0066,0.006,0.0164,46.65,36.38,306.34,0.0063,0.006,0.0166,16000,1024,436.58,0.9419,0.0483,0.0088,0.0009
2026-08-27T12:54:37.482+02:00,1000,1024,1024,1056,467,1038,7,16433,2,3722,0,0.0241,0.0218,0.0701,0.1001,0.0661,0.8207,3.201,2.892,63.279,101.24,26.48,93.64,0.0095,0.007,0.0242,126.4,45.05,46.86,0.0083,0.0062,0.0239,176.56,85.62,210.64,0.0067,0.0062,0.0244,16000,1024,600.75,0.9795,0.0165,0.0036,0.0004
2026-08-27T12:55:07.482+02:00,1000,1024,1024,1056,467,1039,1,16434,0,3722,0,1.353,0.2005,0.0812,2.0185,0.3341,0.6669,1.53,1.493,16.624,49.16,49.16,49.24,1.8854,0.272,0.0688,33.26,147.49,98.16,0.0981,0.0453,0.026,38.57,39.31,14.68,0.0947,0.0191,0.0207,16000,1024,458.87,0.8996,0.0689,0.0166,0.0148
2026-08-27T12:55:37.500+02:00,1000,1024,1040,1073,467,1039,33,16467,1,3723,0,1.3144,0.208,0.1141,2.1127,0.3879,0.8836,1.562,1.618,22.762,30.17,30.23,20.68,0.639,0.1003,0.038,20.9,20.97,6.66,0.6223,0.0993,0.0334,6.53,47.0,13.85,0.4166,0.0612,0.0322,16000,1024,663.4,0.8541,0.1159,0.0238,0.0062
2026-08-27T12:56:37.484+02:00,1000,1024,1024,1056,468,1041,0,16471,0,3724,0,1.3464,0.2153,0.0522,1.9725,0.3711,0.1472,1.522,1.6,2.502,49.45,49.45,49.54,1.9493,0.3098,0.0547,148.29,148.49,98.56,0.0449,0.0301,0.0183,99.32,99.56,148.22,0.0169,0.0243,0.0113,16000,1024,358.55,0.6931,0.2712,0.0311,0.0046
2026-08-27T12:57:07.484+02:00,1000,1024,1024,1056,468,1042,2,16473,1,3725,0,1.3288,0.2114,0.0783,1.9856,0.3903,0.6442,1.53,1.612,26.983,49.43,49.43,49.3,1.8903,0.2976,0.0462,31.07,148.16,198.36,0.0518,0.0293,0.0208,35.9,40.57,148.17,0.0519,0.0149,0.0213,16000,1024,569.14,0.8163,0.1702,0.0115,0.002
2026-08-27T12:57:37.485+02:00,1000,1024,1024,1056,468,1042,2,16475,0,3725,0,1.3389,0.2139,0.0871,2.0022,0.3964,0.7157,1.53,1.601,33.109,49.32,49.32,49.32,1.8428,0.2918,0.0534,43.36,147.73,147.75,0.1267,0.0235,0.0258,25.62,26.7,98.45,0.1148,0.0187,0.0236,16000,1024,609.38,0.8709,0.117,0.0099,0.0022
2026-08-27T12:58:07.484+02:00,1000,1024,1024,1056,468,1044,8,16483,0,3725,0,1.3297,0.2106,0.1096,2.0309,0.38,0.7738,1.551,1.593,21.585,49.44,49.43,49.71,1.5672,0.2348,0.0369,29.28,38.83,60.39,0.2568,0.0545,0.0264,38.87,29.38,398.01,0.2629,0.0448,0.0274,16000,1024,595.79,0.9041,0.0877,0.0064,0.0018
2026-08-27T12:58:37.484+02:00,1000,1024,1024,1056,468,1044,1,16484,0,3725,0,1.3567,0.2075,0.0568,2.0393,0.3774,0.165,1.532,1.591,2.762,49.38,49.38,49.46,1.9225,0.2853,0.0595,28.06,148.14,147.81,0.1066,0.0285,0.0159,36.7,25.09,197.69,0.1058,0.0236,0.0147,16000,1024,1016.82,0.8646,0.1175,0.0135,0.0043
2026-08-27T12:59:37.486+02:00,1000,1024,1024,1056,469,1045,0,16510,0,3729,0,1.4685,0.2018,0.0697,2.2038,0.3589,0.5295,1.531,1.617,7.35,49.34,49.35,49.32,2.1521,0.2924,0.0787,148.05,148.15,99.32,0.0596,0.0342,0.0241,197.38,100.27,148.2,0.0132,0.0148,0.0206,16000,1024,571.43,0.8987,0.0906,0.0088,0.0019
2026-08-27T13:00:07.486+02:00,1000,1024,1024,1056,469,1045,0,16510,0,3729,0,1.4851,0.1995,0.0829,2.1806,0.3378,0.8093,1.531,1.577,21.966,49.32,49.32,49.36,2.1899,0.2905,0.0846,147.91,147.92,147.29,0.0636,0.0359,0.0193,99.08,99.74,100.24,0.0155,0.0192,0.0205,16000,1024,695.15,0.8728,0.1174,0.0068,0.003
2026-08-27T13:00:37.506+02:00,1000,1024,1043,1076,469,1047,24,16534,2,3731,0,1.4875,0.1986,0.1483,2.3794,0.353,0.7925,1.576,1.618,12.152,49.01,49.0,48.88,1.1354,0.158,0.0519,11.55,33.19,267.28,0.4339,0.0504,0.0479,36.29,7.45,173.21,0.4334,0.053,0.0464,16000,1024,566.73,0.7143,0.2638,0.0167,0.0052
2026-08-27T13:01:37.486+02:00,1000,1024,1024,1056,470,1049,3,16540,0,3731,0,1.5333,0.1953,0.0929,2.3188,0.3442,0.6311,1.534,1.601,12.784,49.27,49.27,49.32,2.0139,0.2501,0.082,36.06,32.44,99.77,0.3114,0.0379,0.0274,19.13,19.04,19.96,0.2506,0.035,0.0285,16000,1024,598.36,0.7322,0.2473,0.0157,0.0048
2026-08-27T13:02:07.486+02:00,1000,1024,1024,1056,470,1049,30,16570,0,3731,0,1.5284,0.1879,0.1234,2.3952,0.3558,0.8272,1.569,1.619,17.768,49.16,49.19,28.98,0.8304,0.1074,0.0397,29.06,29.14,19.5,0.65,0.0859,0.0343,19.5,17.14,24.61,0.6313,0.0655,0.0328,16000,1024,716.33,0.9124,0.0807,0.0053,0.0016
2026-08-27T13:02:37.488+02:00,1000,1024,1024,1056,470,1053,0,16570,0,3731,0,1.5498,0.1955,0.0734,2.2994,0.3552,0.1871,1.532,1.574,2.265,49.24,49.23,49.27,2.2585,0.2811,0.0909,147.7,147.83,147.69,0.0649,0.039,0.0212,196.81,99.62,98.77,0.0171,0.0145,0.0181,16000,1024,664.78,0.9205,0.0727,0.0053,0.0016
2026-08-27T13:03:07.489+02:00,1000,1024,1024,1056,470,1053,20,16590,3,3734,0,1.544,0.1912,0.1487,2.5278,0.4009,0.8088,1.593,1.648,11.452,49.26,49.25,49.03,1.2789,0.1527,0.063,25.17,25.25,32.0,0.6334,0.0777,0.0536,31.3,31.29,312.64,0.5453,0.0716,0.0435,16000,1024,738.86,0.9209,0.0709,0.0057,0.0026
2026-08-27T13:03:37.488+02:00,1000,1024,1024,1056,470,1053,2,16592,1,3735,0,1.5983,0.1945,0.0849,2.3756,0.3457,0.5909,1.526,1.601,8.406,49.27,49.26,49.29,2.2776,0.2724,0.0837,43.9,147.8,147.84,0.1106,0.0354,0.0346,38.07,99.26,97.93,0.1029,0.0188,0.0259,16000,1024,518.97,0.6394,0.3398,0.0149,0.0059
2026-08-27T13:04:07.490+02:00,1000,1024,1024,1056,470,1053,7,16599,0,3735,0,1.5859,0.1886,0.1225,2.4523,0.3379,0.8346,1.55,1.607,17.564,49.23,49.23,126.68,1.926,0.2266,0.0529,41.04,43.13,436.7,0.3375,0.0453,0.0505,54.2,37.5,62.78,0.293,0.0382,0.0499,16000,1024,638.1,0.8607,0.115,0.0141,0.0102
2026-08-27T13:04:37.494+02:00,1000,1024,1024,1056,470,1055,2,16601,0,3735,0,1.5879,0.1922,0.0892,2.3633,0.353,0.7006,1.537,1.586,14.318,49.2,49.2,49.21,2.2228,0.2651,0.0933,36.06,147.76,147.48,0.0959,0.0353,0.0269,43.35,99.42,44.14,0.0977,0.0157,0.0147,16000,1024,707.52,0.9132,0.0778,0.007,0.002
2026-08-27T13:05:37.521+02:00,1000,1024,1024,1057,471,1055,9,16620,1,3736,0,1.6522,0.1869,0.089,2.5646,0.3452,0.6748,1.535,1.618,8.17,49.31,49.29,49.31,1.8925,0.2135,0.086,18.01,18.02,98.68,0.402,0.0479,0.0236,42.18,147.41,19.1,0.2109,0.0292,0.0217,16000,1024,931.99,0.929,0.0612,0.0077,0.0022
2026-08-27T13:06:07.522+02:00,1000,1024,1024,1056,471,1056,1,16621,0,3736,0,1.6937,0.1877,0.1044,2.4995,0.3564,0.793,1.526,1.615,12.206,49.22,49.23,49.25,2.3897,0.2611,0.1095,39.18,147.64,147.62,0.1472,0.0415,0.0437,33.15,99.02,100.32,0.1443,0.0166,0.0289,16000,1024,620.11,0.8368,0.1514,0.009,0.0028
2026-08-27T13:06:37.521+02:00,1000,1024,1024,1056,471,1057,5,16626,0,3736,0,1.6718,0.189,0.1014,2.5542,0.3396,0.6499,1.542,1.631,11.565,49.18,49.18,49.33,2.2307,0.2445,0.0987,38.05,147.59,147.29,0.2017,0.035,0.0235,27.93,38.33,18.26,0.1857,0.0257,0.0228,16000,1024,728.86,0.8125,0.1715,0.0127,0.0033
2026-08-27T13:07:07.523+02:00,1000,1024,1024,1056,471,1057,4,16630,0,3736,0,1.7146,0.1808,0.3477,2.6858,0.3402,1.2151,1.538,1.621,4.923,49.2,49.19,16.55,2.2648,0.2364,0.1109,37.99,147.66,284.53,0.2388,0.0319,0.1155,27.34,41.37,49.12,0.225,0.0274,0.1121,16000,1024,570.33,0.8799,0.1116,0.0061,0.0023
2026-08-27T13:07:37.523+02:00,1000,1024,1024,1056,471,1057,1,16631,0,3736,0,1.7317,0.1879,0.2109,2.6897,0.4569,1.43,1.521,1.693,10.423,49.21,49.21,49.1,2.5037,0.2636,0.1128,147.63,147.7,187.37,0.0731,0.0365,0.1086,196.87,100.27,125.15,0.0177,0.0238,0.1062,16000,1024,788.16,0.9272,0.0622,0.0079,0.0028
2026-08-27T13:08:07.529+02:00,1000,1024,1024,1056,471,1057,4,16635,0,3736,0,1.7312,0.1808,0.366,2.6776,0.3619,1.1653,1.532,1.723,4.397,49.16,49.15,305.51,2.1499,0.2237,0.1294,43.16,43.21,194.2,0.3782,0.0392,0.1177,21.73,147.66,169.11,0.3118,0.0341,0.1126,16000,1024,620.68,0.9129,0.0758,0.0091,0.0023
2026-08-27T13:08:37.526+02:00,1000,1024,1024,1056,471,1058,10,16645,4,3740,0,1.7497,0.189,0.0967,2.6151,0.3409,0.6387,1.53,1.624,6.749,49.23,49.25,49.23,2.3324,0.2535,0.0992,33.2,147.63,147.52,0.3069,0.0374,0.0232,17.46,31.13,98.14,0.2415,0.0314,0.0247,16000,1024,861.0,0.9619,0.0325,0.0044,0.0012
2026-08-27T13:09:07.529+02:00,1000,1024,1024,1056,471,1058,4,16649,1,3741,0,1.7797,0.1884,0.1949,2.6626,0.3371,1.2305,1.519,1.632,8.456,49.26,49.27,49.22,2.4057,0.2523,0.0904,42.12,147.75,187.65,0.3203,0.0331,0.0757,53.22,42.08,40.69,0.267,0.0296,0.0707,16000,1024,725.08,0.9049,0.0848,0.0083,0.002
2026-08-27T13:09:37.524+02:00,1000,1024,1024,1056,471,1058,1,16650,0,3741,0,1.7844,0.1887,0.1106,2.6363,0.3405,0.7877,1.524,1.628,12.151,49.23,49.23,49.22,2.5688,0.2666,0.129,147.56,147.66,147.78,0.0813,0.0384,0.0321,41.07,99.81,98.32,0.0278,0.0225,0.0273,16000,1024,652.6,0.882,0.1092,0.007,0.0019
2026-08-27T13:10:07.525+02:00,1000,1024,1024,1056,471,1059,1,16651,1,3742,0,1.7936,0.189,0.1165,2.6137,0.3613,0.7619,1.519,1.606,12.212,49.19,49.18,49.27,2.5969,0.2693,0.1035,147.53,147.66,147.61,0.0742,0.0361,0.0474,196.45,99.8,91.02,0.0182,0.0202,0.0257,16000,1024,803.08,0.927,0.0659,0.0058,0.0013
2026-08-27T13:10:37.524+02:00,1000,1024,1024,1056,471,1060,15,16666,1,3743,0,1.8255,0.1873,0.1133,2.8384,0.3393,0.825,1.546,1.66,11.514,49.28,49.27,49.39,1.8024,0.1785,0.0793,30.71,14.09,27.15,0.5195,0.0566,0.034,36.17,36.32,34.36,0.4366,0.0424,0.0328,16000,1024,606.84,0.7871,0.1947,0.0144,0.0038
2026-08-27T13:11:07.526+02:00,1000,1024,1024,1056,471,1060,6,16672,1,3744,0,1.8742,0.1863,0.1234,2.8978,0.3374,1.1369,1.525,1.709,22.184,49.26,49.26,49.15,2.4159,0.245,0.1079,53.4,147.62,98.64,0.2243,0.037,0.0245,33.36,55.28,53.69,0.1666,0.0174,0.0224,16000,1024,667.48,0.7998,0.1837,0.0127,0.0038
2026-08-27T13:11:37.525+02:00,1000,1024,1024,1056,471,1060,4,16676,0,3744,0,1.8989,0.1898,0.109,2.838,0.3561,0.7187,1.524,1.662,5.366,49.31,49.29,49.2,2.5333,0.2461,0.1262,27.58,147.85,147.89,0.2432,0.0392,0.0318,7.57,29.63,98.87,0.1589,0.0255,0.0278,16000,1024,800.32,0.9265,0.0671,0.0051,0.0013
2026-08-27T13:12:07.526+02:00,1000,1024,1024,1056,471,1061,0,16676,0,3744,0,1.9184,0.1905,0.1111,2.8001,0.3571,0.788,1.513,1.671,7.939,49.26,49.26,49.29,2.8001,0.274,0.1367,147.73,147.72,147.63,0.0811,0.0387,0.0258,197.12,100.28,100.26,0.0156,0.0165,0.0213,16000,1024,660.95,0.9006,0.0922,0.005,0.0022
2026-08-27T13:14:07.528+02:00,1000,1024,1024,1056,474,1063,8,16718,5,3762,0,1.9577,0.1853,0.1199,2.887,0.3411,0.7951,1.52,1.639,7.493,49.22,49.23,49.22,2.8439,0.2688,0.1425,147.63,147.71,147.57,0.0855,0.0346,0.0277,41.13,100.1,98.37,0.0359,0.018,0.0165,16000,1024,688.74,0.9633,0.0283,0.0069,0.0015
2026-08-27T13:14:37.528+02:00,1000,1024,1024,1056,474,1063,9,16727,0,3762,0,1.9687,0.185,0.117,2.9337,0.3333,0.6586,1.522,1.653,6.19,49.17,49.16,49.18,2.4722,0.2317,0.1105,53.72,147.37,147.1,0.3298,0.0332,0.0331,23.27,23.08,17.9,0.2986,0.0314,0.0241,16000,1024,787.84,0.9368,0.0538,0.0075,0.0019
2026-08-27T13:15:07.529+02:00,1000,1024,1024,1056,474,1065,9,16736,0,3762,0,1.9601,0.1861,0.1231,2.9805,0.3521,0.8496,1.525,1.681,10.369,49.16,49.19,49.12,2.3633,0.2179,0.117,10.05,14.73,14.75,0.3611,0.0401,0.0363,54.17,9.86,38.68,0.4179,0.0352,0.0262,16000,1024,622.47,0.9355,0.0518,0.0102,0.0024
2026-08-27T13:16:07.529+02:00,1000,1024,1024,1056,475,1065,0,16739,0,3762,0,1.9726,0.1833,0.1168,2.8932,0.33,0.7978,1.517,1.652,8.391,49.19,49.18,49.13,2.8528,0.2589,0.1351,147.54,147.72,147.69,0.0827,0.042,0.0416,196.74,100.07,98.6,0.0189,0.0194,0.0268,16000,1024,667.35,0.8431,0.1484,0.0069,0.0016
2026-08-27T13:17:07.530+02:00,1000,1024,1024,1056,476,1066,0,16743,0,3763,0,1.9561,0.1804,0.2085,2.8589,0.3211,0.8644,1.519,1.637,7.296,49.14,49.14,49.15,2.8266,0.2528,0.1557,147.36,147.54,187.5,0.0778,0.0375,0.1022,54.27,99.78,374.86,0.0265,0.0203,0.0877,16000,1024,650.1,0.8567,0.1296,0.0109,0.0028
2026-08-27T13:17:37.529+02:00,1000,1024,1024,1056,476,1068,11,16754,0,3763,0,1.9516,0.1803,0.14,2.9915,0.3345,0.7794,1.538,1.684,9.202,49.14,49.14,49.12,2.1361,0.1925,0.111,33.9,34.01,147.34,0.5686,0.0502,0.0342,8.77,24.43,125.18,0.4502,0.0443,0.0342,16000,1024,980.64,0.9426,0.0527,0.0037,0.001
2026-08-27T13:18:37.535+02:00,1000,1024,1029,1061,477,1069,13,16772,0,3763,0,1.948,0.1804,0.1126,2.9522,0.3635,0.584,1.555,1.664,5.282,48.89,48.92,48.92,2.013,0.1789,0.095,44.15,44.29,44.07,0.6296,0.0605,0.0315,7.9,10.39,10.0,0.4185,0.048,0.0291,16000,1024,784.86,0.9413,0.0503,0.0068,0.0016
2026-08-27T13:19:07.532+02:00,1000,1024,1024,1056,477,1069,11,16783,0,3763,0,1.9859,0.1819,0.1554,3.2585,0.3447,0.8818,1.538,1.691,10.666,49.1,49.13,49.08,2.1354,0.1939,0.0994,29.31,29.51,37.56,0.6187,0.0517,0.0574,18.6,37.53,20.79,0.5078,0.0531,0.0432,16000,1024,710.32,0.8581,0.1331,0.0069,0.0019
2026-08-27T13:20:07.532+02:00,1000,1024,1024,1056,478,1070,0,16784,0,3763,0,1.9736,0.1812,0.123,2.8897,0.3546,0.9118,1.524,1.636,12.295,49.1,49.1,49.1,2.8332,0.2556,0.139,147.23,147.27,147.46,0.0806,0.0416,0.0389,196.29,100.08,98.68,0.0177,0.0194,0.0283,16000,1024,1055.59,0.8921,0.0995,0.0068,0.0016
2026-08-27T13:20:37.532+02:00,1000,1024,1024,1056,478,1070,13,16797,1,3764,0,1.9946,0.1789,0.1443,3.2159,0.3455,0.7725,1.54,1.658,8.749,49.19,49.19,49.14,2.2634,0.2034,0.0942,18.21,19.25,13.41,0.4823,0.0461,0.0473,32.44,26.55,26.83,0.4408,0.0367,0.0432,16000,1024,656.78,0.8573,0.1357,0.0048,0.0022
2026-08-27T13:21:07.532+02:00,1000,1024,1024,1056,478,1071,0,16797,0,3764,0,1.9988,0.1814,0.1181,2.9199,0.3241,0.9127,1.514,1.611,8.474,49.03,49.03,49.04,2.8342,0.2554,0.1533,147.01,146.97,147.0,0.0811,0.0373,0.025,54.2,99.6,195.6,0.0467,0.0199,0.0213,16000,1024,616.64,0.7764,0.1967,0.0231,0.0038
2026-08-27T13:21:37.534+02:00,1000,1024,1024,1056,478,1071,20,16817,1,3765,0,1.9936,0.1804,0.1551,3.1564,0.3633,0.8695,1.556,1.686,10.101,48.96,48.95,48.82,1.7463,0.1417,0.0721,31.17,31.31,53.49,0.7363,0.0627,0.0527,16.89,16.79,16.87,0.593,0.0624,0.0437,16000,1024,717.6,0.9151,0.077,0.0059,0.0019
2026-08-27T13:22:37.842+02:00,1000,1024,1024,1056,479,1072,5,16825,1,3768,0,2.0461,0.178,0.1298,3.4734,0.343,0.8038,1.534,1.667,7.886,49.13,49.13,49.13,2.8537,0.2448,0.1453,38.89,147.13,147.56,0.1051,0.0408,0.0316,29.59,99.85,97.91,0.0986,0.0231,0.0248,16000,1024,876.49,0.9275,0.0665,0.005,0.001
2026-08-27T13:23:07.847+02:00,1000,1024,1024,1056,479,1072,0,16825,0,3768,0,2.0617,0.18,0.1299,3.0278,0.3306,1.1355,1.513,1.648,15.446,49.12,49.12,49.15,2.9669,0.2559,0.1535,147.26,147.2,147.43,0.0832,0.0392,0.0327,196.39,99.62,98.01,0.0185,0.0204,0.022,16000,1024,812.13,0.9293,0.0638,0.0057,0.0012
2026-08-27T13:23:37.844+02:00,1000,1024,1024,1056,479,1072,3,16828,0,3768,0,2.0829,0.1795,0.1693,3.1782,0.3352,0.8353,1.521,1.67,8.376,49.08,49.08,48.91,2.8733,0.2405,0.1436,42.05,147.44,18.78,0.1574,0.0371,0.0409,34.92,99.94,147.1,0.1507,0.0214,0.0426,16000,1024,558.64,0.9092,0.0743,0.0137,0.0029
2026-08-27T13:24:07.854+02:00,1000,1024,1024,1056,479,1072,1,16829,0,3768,0,2.0756,0.1811,0.116,3.0564,0.3327,0.6489,1.517,1.627,3.337,49.11,49.1,49.11,2.9763,0.2536,0.1431,147.27,147.37,147.18,0.085,0.0388,0.0365,196.36,100.01,98.49,0.0204,0.0223,0.0269,16000,1024,1610.0,0.9607,0.0345,0.0041,0.0007
2026-08-27T13:24:37.844+02:00,1000,1024,1024,1056,479,1073,0,16829,0,3768,0,2.0935,0.1793,0.1256,3.0629,0.3464,0.706,1.51,1.634,4.284,49.1,49.1,49.15,2.9936,0.2542,0.1627,147.25,147.3,98.46,0.084,0.0349,0.0294,196.53,100.12,147.21,0.0209,0.0164,0.0274,16000,1024,632.02,0.8113,0.1762,0.0105,0.0021
2026-08-27T13:25:07.844+02:00,1000,1024,1024,1056,479,1074,0,16829,0,3768,0,2.1056,0.1802,0.1325,3.0791,0.3272,0.998,1.511,1.65,8.177,49.13,49.13,49.07,3.0328,0.2547,0.1692,147.34,147.36,147.62,0.0878,0.0381,0.0345,196.5,99.81,97.73,0.0175,0.0208,0.0191,16000,1024,741.76,0.9078,0.0765,0.0123,0.0034
2026-08-27T13:25:37.845+02:00,1000,1024,1024,1056,479,1074,0,16829,0,3768,0,2.1727,0.1837,0.125,3.1595,0.3563,0.6029,1.505,1.664,2.605,49.17,49.16,49.19,3.1375,0.2611,0.1682,147.44,147.47,147.51,0.0847,0.0395,0.032,196.65,100.22,98.61,0.0187,0.0219,0.0266,16000,1024,862.32,0.912,0.0813,0.0056,0.001
2026-08-27T13:27:07.846+02:00,1000,1024,1024,1056,481,1077,2,16835,0,3768,0,2.2032,0.1876,0.1767,3.3097,0.3482,1.3491,1.516,1.639,10.971,49.19,49.2,49.24,3.1049,0.2642,0.1447,27.29,147.62,62.19,0.1504,0.0403,0.0551,19.57,100.11,147.37,0.1433,0.024,0.0482,16000,1024,823.57,0.894,0.0956,0.0086,0.0018
2026-08-27T13:27:37.846+02:00,1000,1024,1024,1056,481,1078,1,16836,0,3768,0,0.024,0.0208,0.0325,0.0816,0.0692,0.0961,2.964,3.215,2.871,5.8,25.08,73.24,0.0096,0.0066,0.0118,150.37,225.8,6.01,0.0077,0.0057,0.0116,72.75,19.16,15.18,0.0076,0.0057,0.0098,16000,1024,423.63,0.938,0.0491,0.0116,0.0013
2026-08-27T13:28:07.862+02:00,1000,1024,1038,1071,481,1079,27,16863,2,3770,0,0.026,0.023,0.1047,0.0987,0.095,0.7343,3.073,3.675,29.335,3.48,67.84,312.43,0.0105,0.0088,0.0322,88.85,21.85,18.87,0.0076,0.0076,0.0325,97.01,96.76,393.82,0.0072,0.0064,0.0301,16000,1024,398.7,0.9401,0.0412,0.0172,0.0014
2026-08-27T13:28:37.846+02:00,1000,1024,1024,1056,481,1079,14,16877,1,3771,0,0.0251,0.0222,0.0784,0.0958,0.133,1.1926,3.174,4.646,99.449,89.9,57.76,15.51,0.0077,0.0081,0.0204,186.29,105.73,50.79,0.0071,0.008,0.0193,168.79,88.15,122.47,0.0067,0.0072,0.0201,16000,1024,339.0,0.9216,0.0574,0.0181,0.0028
2026-08-27T13:29:07.847+02:00,1000,1024,1024,1056,481,1079,0,16877,0,3771,0,0.0229,0.0222,0.0461,0.0741,0.0941,0.7201,2.83,3.192,114.573,158.14,19.1,24.25,0.0063,0.0065,0.0169,389.54,28.01,63.69,0.0062,0.0058,0.0149,60.31,44.25,185.35,0.0059,0.006,0.0146,16000,1024,359.34,0.9285,0.0544,0.0152,0.0019
2026-08-27T13:29:37.848+02:00,1000,1024,1024,1056,481,1080,3,16880,2,3773,0,0.024,0.0214,0.0724,0.0748,0.0782,0.6163,2.846,3.528,45.821,115.43,153.92,224.69,0.0082,0.0057,0.0138,9.79,25.67,283.13,0.0067,0.0056,0.0131,74.86,20.58,299.6,0.0068,0.005,0.013,16000,1024,449.58,0.9641,0.0244,0.0102,0.0013
2026-08-27T13:30:07.848+02:00,1000,1024,1024,1056,481,1080,1,16881,0,3773,0,0.0238,0.0218,0.0773,0.0919,0.0813,0.7621,3.121,3.108,54.207,154.75,97.74,32.58,0.0095,0.0089,0.0198,25.8,150.47,145.07,0.0076,0.0067,0.0191,101.0,4.58,83.14,0.0076,0.0067,0.0163,16000,1024,458.54,0.9487,0.0421,0.0083,0.0009
2026-08-27T13:30:37.848+02:00,1000,1024,1024,1056,481,1080,1,16882,0,3773,0,0.0233,0.0206,0.0737,0.0753,0.0743,1.3083,2.79,2.937,156.484,147.01,22.34,170.47,0.0072,0.0079,0.0224,58.91,61.66,20.97,0.0069,0.0075,0.021,152.32,41.92,4.88,0.0063,0.0073,0.0172,16000,1024,626.08,0.9754,0.0132,0.0107,0.0007
2026-08-27T13:31:07.849+02:00,1000,1024,1024,1056,481,1080,6,16888,1,3774,0,0.023,0.0216,0.0686,0.0885,0.1024,0.7475,3.432,3.767,72.998,146.62,144.32,170.7,0.0084,0.0063,0.0127,35.65,129.82,59.76,0.0076,0.0061,0.0114,106.38,136.81,76.44,0.0067,0.0055,0.0109,16000,1024,461.52,0.9359,0.0535,0.0097,0.001
2026-08-27T13:31:37.849+02:00,1000,1024,1024,1056,481,1082,15,16903,0,3774,0,0.0256,0.0237,0.1293,0.094,0.0819,0.8497,3.085,3.244,21.965,20.07,96.97,70.72,0.0088,0.0086,0.0456,99.3,36.61,489.84,0.0076,0.0081,0.044,58.91,345.59,439.26,0.0074,0.0067,0.0373,16000,1024,629.14,0.9789,0.0163,0.0042,0.0006
2026-08-27T13:32:07.850+02:00,1000,1024,1024,1056,481,1082,1,16904,0,3774,0,0.0243,0.0209,0.031,0.0905,0.0738,0.1292,3.227,3.051,3.438,72.63,70.99,68.14,0.0087,0.0064,0.0106,142.79,90.2,99.65,0.0073,0.0064,0.0102,5.34,104.75,47.84,0.0083,0.0062,0.0087,16000,1024,504.91,0.9621,0.0266,0.0104,0.0009
2026-08-27T13:32:37.850+02:00,1000,1024,1024,1056,481,1083,1,16905,0,3774,0,0.023,0.0228,0.0462,0.0665,0.0695,0.7032,2.633,2.915,102.593,120.71,40.23,100.58,0.0092,0.0063,0.0103,177.49,44.81,130.96,0.0065,0.0061,0.0094,57.19,82.8,176.58,0.0067,0.006,0.0093,16000,1024,391.13,0.9536,0.0355,0.0094,0.0015
2026-08-27T13:33:07.849+02:00,1000,1024,1024,1056,481,1083,3,16908,0,3774,0,0.0245,0.0206,0.0323,0.0944,0.0739,0.1006,3.065,3.234,2.966,55.99,136.94,90.63,0.0082,0.0067,0.0106,94.94,184.7,10.38,0.0076,0.0055,0.01,12.61,22.78,68.08,0.0066,0.0054,0.0097,16000,1024,820.49,0.9792,0.0158,0.0046,0.0004
2026-08-27T13:34:07.851+02:00,1000,1024,1024,1056,482,1084,1,16913,1,3775,0,0.0231,0.0207,0.0328,0.0763,0.0708,0.1509,3.009,3.14,3.575,159.54,57.66,201.25,0.0077,0.0061,0.0123,20.79,77.09,139.72,0.0079,0.0058,0.0098,89.3,19.4,87.3,0.0076,0.0053,0.0107,16000,1024,696.17,0.9862,0.01,0.0033,0.0006
2026-08-27T13:34:37.851+02:00,1000,1024,1024,1056,482,1084,11,16924,0,3775,0,0.0237,0.0207,0.069,0.0786,0.0766,0.7274,3.155,3.133,60.664,98.17,143.22,87.67,0.0083,0.0076,0.0168,188.22,13.69,36.98,0.008,0.006,0.0163,50.19,185.87,220.54,0.007,0.0064,0.0161,16000,1024,1001.07,0.992,0.0063,0.0016,0.0001
2026-08-27T13:35:37.851+02:00,1000,1024,1024,1056,483,1087,6,16942,1,3778,0,0.0244,0.0209,0.0517,0.0895,0.0802,0.6495,3.035,3.054,79.647,22.68,80.53,49.89,0.0075,0.0073,0.0167,59.98,24.28,82.22,0.0075,0.006,0.0166,31.92,89.68,44.99,0.0071,0.0056,0.0153,16000,1024,508.24,0.9468,0.0441,0.008,0.001
2026-08-27T13:36:37.852+02:00,1000,1024,1024,1056,484,1091,7,16972,0,3780,0,0.0253,0.023,0.1007,0.084,0.0809,0.721,2.839,3.572,33.665,65.6,25.37,341.89,0.008,0.0064,0.0259,28.79,56.5,56.51,0.0082,0.0063,0.0241,4.72,178.6,122.0,0.0079,0.0061,0.0239,16000,1024,527.93,0.9671,0.0247,0.0075,0.0007
2026-08-27T13:37:07.854+02:00,1000,1024,1024,1056,484,1091,11,16983,0,3780,0,0.0231,0.0215,0.0686,0.077,0.1071,0.7043,3.196,3.844,60.284,26.21,143.95,90.93,0.0086,0.009,0.0184,16.08,110.33,252.7,0.0082,0.0058,0.0182,68.29,92.95,52.59,0.0075,0.0059,0.0179,16000,1024,804.04,0.9712,0.0228,0.0055,0.0005
2026-08-27T13:38:07.858+02:00,1000,1024,1024,1056,485,1092,0,17009,0,3782,0,0.0233,0.0206,0.0323,0.0857,0.0664,0.1133,3.202,2.834,3.148,5.89,137.44,42.66,0.0068,0.007,0.0098,26.44,16.52,21.43,0.0066,0.0067,0.0091,156.84,182.02,31.73,0.0066,0.0064,0.0095,16000,1024,585.32,0.9584,0.0321,0.0082,0.0013
2026-08-27T13:38:37.854+02:00,1000,1024,1024,1056,485,1092,2,17011,0,3782,0,0.022,0.0204,0.0414,0.0973,0.0836,0.5669,3.578,3.542,68.01,110.5,21.09,178.98,0.0068,0.0072,0.014,20.97,61.2,169.48,0.007,0.0065,0.0142,2.04,142.65,87.94,0.0066,0.0057,0.0126,16000,1024,606.39,0.966,0.0295,0.0041,0.0004
2026-08-27T13:39:07.858+02:00,1000,1024,1024,1056,485,1092,2,17013,0,3782,0,0.0228,0.0213,0.0546,0.0859,0.0753,0.7228,3.239,2.88,84.174,8.4,175.85,121.81,0.0078,0.0062,0.016,239.15,100.31,16.6,0.0065,0.0059,0.0136,94.54,126.19,203.28,0.0065,0.0062,0.0132,16000,1024,668.3,0.9757,0.0204,0.0035,0.0004
2026-08-27T13:39:37.855+02:00,1000,1024,1024,1056,485,1092,3,17016,0,3782,0,0.0247,0.0242,0.1352,0.106,0.1895,1.9223,3.685,9.109,76.605,127.13,91.46,170.04,0.0076,0.0091,0.0323,92.7,46.47,259.69,0.0066,0.007,0.0283,140.27,162.47,36.72,0.0068,0.0066,0.03,16000,1024,452.97,0.9542,0.0363,0.0086,0.0009
2026-08-27T13:40:37.855+02:00,1000,1024,1024,1056,486,1092,4,17045,0,3784,0,0.0254,0.0202,0.0328,0.0703,0.0818,0.1115,2.798,3.328,3.059,73.81,15.94,195.61,0.0089,0.0075,0.0115,115.92,7.61,112.56,0.0082,0.0069,0.0096,5.12,22.29,10.87,0.0076,0.0058,0.0091,16000,1024,520.41,0.9694,0.0261,0.0037,0.0008
2026-08-27T13:41:37.856+02:00,1000,1024,1024,1056,487,1095,1,17077,0,3784,0,0.0244,0.0197,0.0393,0.0784,0.0629,0.5058,2.943,2.903,55.738,30.45,84.47,3.21,0.0079,0.007,0.0117,133.09,246.71,29.1,0.0075,0.0064,0.0102,163.89,116.28,114.46,0.0072,0.0057,0.0098,16000,1024,605.07,0.9563,0.0302,0.0119,0.0017
2026-08-27T13:42:07.857+02:00,1000,1024,1024,1056,487,1097,1,17078,0,3784,0,0.0224,0.0202,0.0471,0.0688,0.0852,0.7371,2.912,3.242,110.926,66.82,144.1,57.3,0.0074,0.0074,0.0145,228.77,21.16,7.05,0.0068,0.0064,0.0141,108.04,45.68,181.12,0.0069,0.0056,0.0145,16000,1024,494.69,0.9544,0.0362,0.0084,0.001
2026-08-27T13:42:37.856+02:00,1000,1024,1024,1056,487,1097,0,17078,0,3784,0,0.024,0.02,0.032,0.0849,0.0683,0.1243,2.918,2.852,3.144,93.09,202.11,51.42,0.0075,0.0067,0.0105,85.96,75.21,3.74,0.0072,0.0058,0.0097,119.13,151.67,157.89,0.0068,0.006,0.0096,16000,1024,275.6,0.8077,0.1442,0.0432,0.0049
2026-08-27T13:43:07.861+02:00,1000,1024,1027,1059,487,1097,40,17118,5,3789,0,0.0286,0.0255,0.1344,0.0859,0.0819,0.8005,2.923,3.195,19.129,26.99,32.37,156.56,0.0119,0.0076,0.0492,16.12,36.94,373.22,0.0096,0.007,0.045,32.57,47.95,217.11,0.0087,0.0069,0.0457,16000,1024,552.21,0.9582,0.0298,0.011,0.001
2026-08-27T13:43:37.857+02:00,1000,1024,1024,1056,487,1098,19,17137,1,3790,0,0.025,0.0241,0.16,0.0976,0.1451,1.3846,3.489,5.858,30.582,35.58,37.22,15.71,0.0088,0.0076,0.0688,24.28,1.57,493.62,0.0082,0.0073,0.0685,88.38,102.71,497.8,0.0082,0.0071,0.0657,16000,1024,438.59,0.9663,0.0259,0.007,0.0008
2026-08-27T13:44:07.859+02:00,1000,1024,1024,1056,487,1099,2,17139,0,3790,0,0.0234,0.0224,0.0456,0.0896,0.0889,0.691,3.145,3.457,101.564,27.87,89.79,28.08,0.0077,0.0073,0.0098,242.08,53.84,111.35,0.0062,0.0058,0.0088,54.79,36.72,18.29,0.0061,0.0058,0.0084,16000,1024,950.18,0.9753,0.0192,0.0048,0.0007
2026-08-27T13:44:37.859+02:00,1000,1024,1024,1056,487,1100,1,17140,0,3790,0,0.0233,0.0214,0.0455,0.0702,0.0722,0.7173,2.497,3.085,115.609,261.62,22.64,20.11,0.0077,0.0064,0.0166,98.31,37.54,53.96,0.0074,0.0075,0.0156,60.47,12.41,177.06,0.0069,0.0062,0.015,16000,1024,521.71,0.9768,0.0162,0.0063,0.0008
2026-08-27T13:45:07.858+02:00,1000,1024,1024,1056,487,1100,0,17140,0,3790,0,0.0234,0.0212,0.0326,0.0833,0.0651,0.1032,3.339,2.794,2.985,30.47,38.46,131.81,0.0079,0.0068,0.0092,100.47,114.29,151.21,0.0074,0.0058,0.0092,90.61,97.37,146.59,0.0071,0.0059,0.009,16000,1024,374.05,0.9095,0.0681,0.0211,0.0012
2026-08-27T13:45:37.862+02:00,1000,1024,1024,1056,487,1101,3,17143,0,3790,0,0.0234,0.0224,0.0856,0.0801,0.082,0.7807,2.905,3.378,54.528,50.45,32.15,291.95,0.0096,0.0064,0.0248,2.59,64.62,4.04,0.0075,0.0061,0.0237,35.28,70.63,45.99,0.0063,0.0059,0.0229,16000,1024,553.03,0.9736,0.0207,0.0051,0.0006
2026-08-27T13:46:07.862+02:00,1000,1024,1024,1056,487,1101,3,17146,0,3790,0,0.0242,0.0222,0.05,0.0817,0.0733,0.789,3.012,3.1,121.014,56.55,57.61,104.28,0.007,0.0068,0.0145,192.53,49.04,158.41,0.0067,0.0057,0.0132,29.37,146.6,23.08,0.0064,0.0056,0.0137,16000,1024,568.32,0.9562,0.0274,0.0154,0.001
2026-08-27T13:47:07.860+02:00,1000,1024,1024,1056,488,1101,0,17149,0,3790,0,0.049,0.0412,0.0639,0.2008,0.1308,0.2215,3.441,2.804,3.129,2.13,94.11,26.56,0.0187,0.0129,0.0217,116.1,187.56,144.39,0.0184,0.0118,0.02,224.65,140.85,13.45,0.0157,0.0116,0.0191,16000,1024,323.97,0.9207,0.0638,0.0139,0.0016
2026-08-27T13:47:37.880+02:00,1000,1024,1043,1075,488,1101,8,17157,0,3790,0,0.0497,0.0484,0.568,0.2051,0.1894,2.1346,3.22,3.922,5.627,41.95,81.26,236.3,0.013,0.0169,0.2588,56.69,499.51,371.77,0.013,0.0186,0.2058,67.32,128.32,137.46,0.0128,0.0167,0.1946,16000,1024,571.82,0.9501,0.037,0.0112,0.0016
2026-08-27T13:48:07.860+02:00,1000,1024,1024,1056,488,1101,4,17161,0,3790,0,0.051,0.0424,0.1923,0.1517,0.1762,1.2662,2.845,2.952,28.59,40.65,51.03,124.98,0.0175,0.0203,0.0631,4.68,30.17,250.2,0.0173,0.0147,0.0606,12.37,19.76,62.83,0.0156,0.0133,0.0582,16000,1024,373.07,0.9443,0.0422,0.0123,0.0013
2026-08-27T13:48:37.862+02:00,1000,1024,1024,1056,488,1101,4,17165,0,3790,0,0.0475,0.0431,0.0968,0.1445,0.1369,1.148,2.904,2.917,67.04,145.9,113.1,129.74,0.0191,0.0132,0.0272,28.42,105.72,176.95,0.0141,0.0131,0.0268,166.25,32.59,91.73,0.0131,0.0134,0.0261,16000,1024,434.01,0.9346,0.0536,0.0106,0.0012
2026-08-27T13:49:07.861+02:00,1000,1024,1024,1056,488,1101,3,17168,0,3790,0,0.0443,0.0401,0.1426,0.1289,0.1438,1.3229,2.802,3.281,49.831,216.72,99.29,202.01,0.0143,0.0125,0.0247,17.39,59.44,117.15,0.0135,0.0107,0.0232,171.07,250.16,261.52,0.0126,0.0103,0.0234,16000,1024,349.77,0.9402,0.0421,0.0161,0.0016
2026-08-27T13:49:37.862+02:00,1000,1024,1024,1056,488,1101,3,17171,0,3790,0,0.045,0.0423,0.1908,0.1628,0.1565,1.2612,3.292,3.205,29.291,143.57,19.37,62.41,0.0147,0.0137,0.0764,175.81,108.37,124.91,0.0136,0.0124,0.0653,234.22,117.64,187.35,0.0136,0.0127,0.0649,16000,1024,349.7,0.9459,0.0386,0.0138,0.0017
2026-08-27T13:50:07.863+02:00,1000,1024,1024,1056,488,1102,0,17171,0,3790,0,0.0235,0.0213,0.0996,0.0695,0.0865,1.3791,2.953,3.305,94.867,89.8,189.7,86.74,0.0069,0.007,0.0227,12.95,101.65,24.08,0.007,0.0065,0.0226,49.91,29.31,35.08,0.0068,0.0053,0.0218,16000,1024,466.16,0.9503,0.0362,0.0125,0.001
2026-08-27T13:50:37.864+02:00,1000,1024,1024,1056,488,1103,1,17172,0,3790,0,0.0229,0.0225,0.0297,0.0889,0.0706,0.1152,3.452,3.028,3.296,77.07,167.97,90.11,0.0082,0.0069,0.01,89.16,60.2,104.42,0.0071,0.0069,0.0084,11.28,3.09,174.59,0.0075,0.0061,0.0081,16000,1024,393.23,0.97,0.0183,0.0108,0.0009
2026-08-27T13:51:07.863+02:00,1000,1024,1024,1056,488,1103,3,17175,0,3790,0,0.023,0.0226,0.0961,0.0851,0.0723,0.6932,3.612,3.029,32.226,30.21,21.46,89.1,0.0093,0.0085,0.0307,126.49,13.17,330.13,0.0094,0.0084,0.0266,103.24,25.92,339.59,0.0068,0.0068,0.0277,16000,1024,1461.47,0.9938,0.0052,0.0009,0.0001
2026-08-27T13:51:37.863+02:00,1000,1024,1024,1056,488,1103,0,17175,0,3790,0,0.0229,0.0213,0.0481,0.0736,0.0865,0.7055,3.048,3.118,93.374,10.53,6.58,46.45,0.0081,0.0075,0.0217,77.63,39.21,1.97,0.008,0.0065,0.0166,89.53,138.03,199.95,0.0071,0.0065,0.0144,16000,1024,642.39,0.9444,0.0503,0.0047,0.0007
2026-08-27T13:52:07.864+02:00,1000,1024,1024,1056,488,1104,10,17185,0,3790,0,0.0261,0.0232,0.0958,0.096,0.0781,0.7229,3.32,3.059,36.712,18.29,140.5,108.23,0.0088,0.007,0.022,24.26,174.8,363.46,0.0082,0.0069,0.0201,135.63,53.51,1.46,0.008,0.0066,0.0201,16000,1024,404.25,0.9538,0.0374,0.0077,0.0011
2026-08-27T13:52:37.867+02:00,1000,1024,1024,1056,488,1105,0,17185,0,3790,0,0.0227,0.0212,0.031,0.0676,0.0781,0.1319,2.731,3.274,3.41,137.28,86.71,178.81,0.0077,0.0076,0.0109,16.17,103.63,15.67,0.0066,0.006,0.0086,166.22,53.56,223.15,0.0061,0.006,0.0088,16000,1024,403.67,0.9605,0.0253,0.0129,0.0013
2026-08-27T13:53:07.871+02:00,1000,1024,1024,1056,488,1106,2,17187,0,3790,0,0.0219,0.0212,0.0423,0.0697,0.0728,0.5717,2.944,3.301,62.901,4.82,93.1,68.75,0.0065,0.0064,0.0099,162.72,143.07,56.83,0.0063,0.0063,0.0093,33.38,15.08,126.98,0.0059,0.0065,0.0085,16000,1024,459.27,0.954,0.0349,0.0101,0.001
2026-08-27T13:53:13.285+02:00,1000,1024,1024,1056,1,1,10,16,0,0,0,0.023,0.0231,0.103,0.0765,0.0931,0.7002,3.137,3.68,33.121,98.83,294.98,105.07,0.0078,0.0087,0.0366,125.94,72.57,288.04,0.0062,0.0087,0.0351,210.46,107.3,295.25,0.0074,0.0071,0.0325,16000,1024,652.94,0.9858,0.0123,0.0016,0.0003
2026-08-27T13:53:37.875+02:00,1000,1024,1024,1056,488,1106,3,17190,0,3790,0,0.023,0.0214,0.0716,0.0792,0.0568,0.7359,2.794,2.559,62.882,24.81,21.7,330.96,0.0083,0.0081,0.0169,172.8,4.69,151.97,0.0069,0.0063,0.0163,63.91,177.11,310.9,0.0071,0.0063,0.0171,16000,1024,1007.37,0.9821,0.0123,0.005,0.0006
2026-08-27T13:53:43.285+02:00,1000,1024,1024,1056,1,1,11,27,0,0,0,0.0238,0.0253,0.1308,0.0906,0.0932,0.7776,3.028,3.44,20.355,148.09,71.29,182.89,0.0072,0.0076,0.0469,41.99,152.29,285.73,0.0068,0.0075,0.0469,106.99,39.97,71.57,0.0073,0.0075,0.0439,16000,1024,664.33,0.9829,0.0142,0.0027,0.0003
2026-08-27T13:54:07.870+02:00,1000,1024,1024,1056,488,1107,2,17192,1,3791,0,0.0229,0.0204,0.043,0.0732,0.105,0.6201,2.689,3.535,84.728,112.09,150.01,50.2,0.0082,0.0078,0.0151,127.74,199.98,88.89,0.0073,0.0062,0.0133,205.22,22.49,124.27,0.0068,0.0054,0.0114,16000,1024,571.69,0.9664,0.0277,0.0054,0.0005
2026-08-27T13:54:13.286+02:00,1000,1024,1024,1056,1,1,0,27,0,0,0,0.0249,0.0201,0.0329,0.0705,0.069,0.0988,2.689,3.274,2.88,63.55,164.55,26.28,0.008,0.0067,0.0128,86.07,49.75,34.97,0.0079,0.0058,0.0122,44.27,196.71,50.01,0.0072,0.0057,0.0102,16000,1024,518.09,0.9754,0.0183,0.0055,0.0008
2026-08-27T13:54:37.882+02:00,1000,1024,1024,1056,488,1107,4,17196,0,3791,0,0.0246,0.0226,0.0858,0.0681,0.1068,0.7151,2.738,3.98,45.793,22.56,76.1,5.51,0.0076,0.0064,0.0305,188.68,5.65,175.13,0.0075,0.0065,0.028,157.19,133.0,475.74,0.0068,0.0063,0.0264,16000,1024,1240.65,0.9845,0.0118,0.0034,0.0003
2026-08-27T13:54:43.286+02:00,1000,1024,1024,1056,1,1,0,27,0,0,0,0.0254,0.0208,0.129,0.0992,0.0612,0.7832,3.702,2.775,20.918,25.98,29.7,62.54,0.0116,0.0071,0.0576,249.88,86.14,187.4,0.0072,0.0063,0.0563,58.54,151.44,124.92,0.0071,0.0061,0.054,16000,1024,694.47,0.9448,0.0405,0.0134,0.0012
2026-08-27T13:55:07.866+02:00,1000,1024,1024,1056,488,1107,0,17196,0,3791,0,0.0232,0.0245,0.1308,0.0903,0.1526,1.4127,3.556,8.367,52.999,21.64,38.71,161.34,0.0074,0.0085,0.0352,97.45,157.16,165.82,0.0064,0.0075,0.0328,92.37,46.83,39.06,0.006,0.0068,0.0322,16000,1024,460.72,0.9818,0.0124,0.0052,0.0006
2026-08-27T13:55:13.287+02:00,1000,1024,1024,1056,1,2,1,28,0,0,0,0.0254,0.0214,0.1456,0.1032,0.0773,0.7807,4.071,3.222,15.752,124.91,64.03,62.46,0.0084,0.008,0.0844,18.23,7.79,125.02,0.0082,0.0072,0.072,60.83,133.66,187.32,0.008,0.006,0.0608,16000,1024,437.18,0.9131,0.0747,0.0107,0.0016
2026-08-27T13:55:37.866+02:00,1000,1024,1024,1056,488,1107,1,17197,0,3791,0,0.025,0.0212,0.0327,0.0872,0.0759,0.109,3.25,2.851,2.831,18.04,65.76,12.91,0.0088,0.007,0.0127,193.7,31.36,70.54,0.0077,0.0061,0.0118,3.26,103.09,43.67,0.0074,0.0063,0.0114,16000,1024,3995.74,0.9931,0.0052,0.0014,0.0003
2026-08-27T13:55:43.288+02:00,1000,1024,1024,1056,1,2,18,46,0,0,0,0.0228,0.0256,0.1389,0.0864,0.1422,1.2508,3.042,4.467,22.31,75.23,61.85,250.25,0.0077,0.0111,0.0749,112.62,312.26,64.22,0.0081,0.008,0.0593,90.35,75.52,312.1,0.0077,0.0082,0.0578,16000,1024,370.34,0.9416,0.0459,0.0112,0.0013
2026-08-27T13:56:13.287+02:00,1000,1024,1024,1056,1,3,0,46,0,0,0,0.0278,0.0205,0.145,0.1158,0.0644,0.8099,4.033,3.053,17.992,61.96,105.8,62.47,0.0096,0.0079,0.0462,36.19,181.83,124.8,0.0073,0.006,0.0445,231.78,25.93,375.05,0.0068,0.0066,0.0397,16000,1024,414.49,0.9434,0.049,0.0066,0.0011
2026-08-27T13:56:43.285+02:00,1000,1024,1024,1056,1,5,21,67,1,1,0,0.0238,0.0226,0.0774,0.088,0.0925,0.7244,3.129,3.511,49.862,14.61,77.0,169.85,0.0095,0.0076,0.0298,21.14,6.93,453.64,0.0093,0.0075,0.0304,77.36,91.82,424.2,0.0087,0.0072,0.0289,16000,1024,628.63,0.9785,0.0165,0.0044,0.0006
2026-08-27T13:57:43.289+02:00,1000,1024,1024,1056,2,5,1,70,0,1,0,0.023,0.0208,0.0467,0.076,0.083,0.4217,2.923,3.519,35.069,53.86,34.22,207.78,0.0075,0.007,0.0162,95.39,153.81,103.97,0.0065,0.0066,0.0155,22.77,186.36,232.16,0.0064,0.0053,0.0135,16000,1024,260.32,0.8877,0.0931,0.0171,0.0022
2026-08-27T13:58:13.289+02:00,1000,1024,1024,1056,2,6,0,70,0,1,0,0.0249,0.0205,0.0501,0.0872,0.0828,0.5884,3.306,3.293,68.083,59.52,80.18,34.35,0.0112,0.0063,0.0141,12.88,8.97,144.28,0.008,0.0062,0.013,50.46,93.64,116.32,0.0083,0.0059,0.0124,16000,1024,489.63,0.9676,0.0267,0.0047,0.001
2026-08-27T13:58:43.290+02:00,1000,1024,1024,1056,2,7,0,70,0,1,0,0.0234,0.0205,0.032,0.0899,0.0692,0.1138,3.125,2.977,2.911,49.61,86.77,45.9,0.0068,0.0072,0.0091,106.44,20.51,142.08,0.0065,0.0055,0.0096,28.59,44.74,103.69,0.0066,0.0054,0.0088,16000,1024,855.18,0.9931,0.0044,0.0022,0.0003
2026-08-27T13:59:13.290+02:00,1000,1024,1024,1056,2,7,3,73,0,1,0,0.0236,0.0223,0.0765,0.0923,0.0972,0.8122,3.188,4.263,54.285,48.6,28.75,26.72,0.0068,0.0089,0.0221,55.02,2.09,53.54,0.0067,0.007,0.019,19.47,190.37,69.53,0.0066,0.0068,0.0191,16000,1024,1253.4,0.989,0.009,0.0017,0.0003
2026-08-27T14:00:13.290+02:00,1000,1024,1024,1056,3,8,0,85,0,2,0,0.0222,0.0224,0.0464,0.0786,0.08,0.6993,3.34,3.123,104.788,94.9,53.45,108.9,0.0065,0.0093,0.0176,177.53,38.21,64.49,0.0064,0.007,0.0141,212.67,131.02,155.32,0.0059,0.0065,0.0136,16000,1024,227.18,0.8497,0.1193,0.0281,0.0029
2026-08-27T14:00:43.291+02:00,1000,1024,1024,1056,3,8,1,86,0,2,0,0.0241,0.0195,0.032,0.0891,0.0692,0.1035,3.51,3.124,2.738,156.3,108.46,125.74,0.0069,0.0068,0.01,237.74,1.97,204.82,0.0073,0.0061,0.0096,60.36,83.07,248.15,0.0069,0.0057,0.0091,16000,1024,367.44,0.8703,0.1115,0.0161,0.0021
2026-08-27T14:01:13.292+02:00,1000,1024,1024,1056,3,8,1,87,0,2,0,0.0225,0.0205,0.0308,0.0819,0.0679,0.1187,3.103,3.062,2.925,47.93,128.88,144.36,0.0068,0.0069,0.0094,187.1,9.83,10.41,0.0066,0.006,0.0092,90.29,216.98,97.92,0.0067,0.006,0.009,16000,1024,452.52,0.9293,0.0532,0.0159,0.0017
2026-08-27T14:01:43.291+02:00,1000,1024,1024,1056,3,9,5,92,0,2,0,0.0252,0.0218,0.0692,0.0827,0.0869,0.6881,2.671,3.624,59.79,173.69,55.55,46.14,0.0088,0.0067,0.0195,87.41,180.85,303.52,0.0081,0.0063,0.0189,29.67,71.25,171.3,0.0086,0.006,0.0207,16000,1024,467.92,0.9468,0.0407,0.0108,0.0016
2026-08-27T14:02:13.291+02:00,1000,1024,1024,1056,3,9,4,96,1,3,0,1.2716,0.2363,0.2763,2.3867,0.6068,0.9851,1.751,1.864,4.45,49.34,49.33,25.9,1.6982,0.3198,0.2229,25.91,62.38,9.89,0.1588,0.0588,0.0735,33.32,69.89,49.65,0.1334,0.0418,0.0639,16000,1024,614.89,0.9017,0.0885,0.0078,0.0021
2026-08-27T14:02:43.292+02:00,1000,1024,1024,1056,3,10,19,115,1,4,0,1.5175,0.1933,0.1133,2.6289,0.3591,0.7197,1.577,1.576,15.383,49.08,49.08,49.02,1.5048,0.196,0.0723,34.16,34.21,64.11,0.3867,0.0495,0.0294,29.67,29.75,13.97,0.359,0.0499,0.0287,16000,1024,409.83,0.7417,0.2151,0.0258,0.0174
2026-08-27T14:03:13.293+02:00,1000,1024,1024,1056,3,11,4,119,1,5,0,1.4898,0.204,0.0757,2.2121,0.3664,0.6575,1.531,1.608,12.739,49.33,49.33,49.32,1.9411,0.2622,0.078,44.43,148.06,33.09,0.2105,0.0343,0.0168,39.55,42.83,197.56,0.1799,0.0295,0.0155,16000,1024,604.14,0.8772,0.0981,0.0205,0.0043
2026-08-27T14:03:43.294+02:00,1000,1024,1024,1056,3,11,0,119,0,5,0,1.5444,0.2103,0.0768,2.2775,0.3756,0.6531,1.515,1.627,11.791,49.38,49.38,49.3,2.2527,0.3031,0.0865,148.27,148.3,99.14,0.0435,0.0398,0.0225,197.74,99.77,197.7,0.0193,0.015,0.0169,16000,1024,801.04,0.9139,0.0778,0.0067,0.0016
2026-08-27T14:04:13.294+02:00,1000,1024,1024,1056,3,12,0,119,0,5,0,1.5446,0.2103,0.073,2.2894,0.3525,0.43,1.521,1.581,4.411,49.28,49.27,49.33,2.2167,0.297,0.0906,53.38,147.9,99.01,0.0558,0.0376,0.0212,147.79,99.2,147.48,0.0496,0.0214,0.0192,16000,1024,610.88,0.9029,0.0905,0.0047,0.0019
2026-08-27T14:04:43.294+02:00,1000,1024,1024,1056,3,12,1,120,1,6,0,1.5407,0.2095,0.0716,2.2626,0.366,0.1914,1.523,1.581,2.318,49.38,49.37,49.39,2.2557,0.302,0.0904,148.1,148.19,98.45,0.0516,0.0311,0.0227,197.52,99.51,148.12,0.0187,0.0234,0.0237,16000,1024,593.67,0.9017,0.0901,0.0062,0.002
2026-08-27T14:05:13.294+02:00,1000,1024,1024,1056,3,12,0,120,0,6,0,1.5143,0.2052,0.0717,2.2503,0.3822,0.1897,1.524,1.611,2.253,49.35,49.35,49.38,2.2174,0.2985,0.0905,148.06,148.19,148.29,0.053,0.0389,0.0198,197.45,99.61,98.86,0.0154,0.0178,0.0185,16000,1024,745.55,0.8837,0.1119,0.0034,0.0011
2026-08-27T14:06:43.296+02:00,1000,1024,1024,1056,5,12,15,172,3,30,0,1.6147,0.1994,0.1252,2.6283,0.3757,0.8556,1.57,1.672,16.22,49.38,49.41,11.62,1.452,0.1759,0.048,12.01,41.57,99.59,0.5521,0.0686,0.0392,37.18,37.29,49.23,0.4727,0.0611,0.046,16000,1024,720.45,0.9374,0.0563,0.0049,0.0013
2026-08-27T14:07:13.295+02:00,1000,1024,1024,1056,5,12,0,172,0,30,0,1.7089,0.1981,0.0846,2.5189,0.3549,0.2101,1.522,1.592,2.074,49.37,49.37,49.36,2.4994,0.2857,0.1097,148.11,147.98,148.21,0.0626,0.0336,0.021,197.28,100.15,98.92,0.0171,0.0181,0.0163,16000,1024,558.87,0.8482,0.1435,0.0064,0.0019
2026-08-27T14:07:43.292+02:00,1000,1024,1024,1056,5,13,0,172,0,30,0,1.7742,0.199,0.0994,2.5851,0.3597,0.6279,1.519,1.617,6.688,49.38,49.39,49.35,2.5861,0.2859,0.1218,148.15,148.07,98.61,0.0634,0.0345,0.0231,197.52,99.74,148.01,0.0159,0.0174,0.0223,16000,1024,1490.37,0.6887,0.3063,0.0041,0.0009
2026-08-27T14:08:50.852+02:00,1000,1024,1024,1056,0,2,9,9,0,0,0,1.8617,0.2126,0.1226,2.9055,0.3705,0.7645,1.542,1.585,11.493,49.32,49.33,49.31,2.3866,0.2447,0.0901,38.06,38.18,60.33,0.6076,0.0714,0.0406,31.35,9.83,38.16,0.4578,0.0503,0.0371,16000,1024,1043.73,0.9534,0.0406,0.0046,0.0014
2026-08-27T14:09:20.947+02:00,1000,1024,1024,1056,0,2,0,9,0,0,0,1.812,0.2059,0.1897,2.6808,0.354,0.8065,1.52,1.569,7.695,49.34,49.34,49.25,2.6637,0.2955,0.1098,148.04,148.13,327.32,0.075,0.0317,0.0673,98.54,100.19,350.16,0.0224,0.0181,0.0681,16000,1024,1088.88,0.9492,0.0443,0.005,0.0016
2026-08-27T14:10:07.808+02:00,1000,1024,1024,1056,0,0,0,0,0,0,0,1.8218,0.2022,0.1394,3.1446,0.3413,0.9324,1.539,1.555,14.727,49.27,49.27,49.24,2.6823,0.2894,0.1435,147.92,147.84,88.88,0.0925,0.0352,0.0301,53.52,99.8,255.9,0.0454,0.0192,0.0301,16000,1024,2195.44,0.9744,0.0221,0.0027,0.0009
2026-08-27T14:10:37.808+02:00,1000,1024,1024,1056,0,1,0,0,0,0,0,1.9211,0.2045,0.1044,2.8028,0.3713,0.2369,1.52,1.6,1.82,49.24,49.25,49.22,2.7912,0.297,0.1435,147.64,147.62,147.57,0.0699,0.031,0.0209,54.2,100.2,98.77,0.0405,0.0157,0.0158,16000,1024,771.29,0.9107,0.0836,0.0046,0.0011
2026-08-27T14:11:07.811+02:00,1000,1024,1024,1056,0,3,0,0,0,0,0,1.8696,0.2092,0.1086,2.8361,0.3621,0.2459,1.506,1.574,1.817,49.29,49.29,49.29,2.7203,0.3041,0.1481,147.89,147.67,98.76,0.0727,0.0346,0.0257,197.18,100.11,147.79,0.0162,0.0202,0.0254,16000,1024,580.06,0.8897,0.0985,0.0093,0.0025
2026-08-27T14:12:09.860+02:00,1000,1024,1024,1056,0,0,0,0,0,0,0,0.7835,0.2265,0.1065,1.3333,0.4084,1.6082,1.614,1.51,95.992,49.26,49.27,49.25,1.1427,0.3299,0.0681,147.78,147.72,147.83,0.0845,0.0401,0.0249,197.01,99.86,98.31,0.0142,0.0189,0.0219,16000,1024,1166.32,0.9616,0.0305,0.006,0.0019
2026-08-27T14:12:39.854+02:00,1000,1024,1024,1056,0,0,1,1,0,0,0,0.7768,0.2264,0.1611,1.211,0.3896,1.0121,1.607,1.529,15.325,49.26,49.26,497.29,1.1324,0.3268,0.0702,147.77,147.8,2.65,0.0771,0.0394,0.0588,196.87,99.86,49.26,0.0158,0.0201,0.064,16000,1024,473.3,0.8173,0.1641,0.0124,0.0062
2026-08-27T14:13:09.856+02:00,1000,1024,1024,1056,0,0,4,5,2,2,0,0.7783,0.2273,0.066,1.2555,0.3929,0.6932,1.626,1.524,25.304,49.25,49.24,49.34,1.1048,0.3181,0.0606,147.69,147.63,147.68,0.0797,0.0375,0.0314,29.51,41.53,98.54,0.0646,0.0205,0.0165,16000,1024,484.53,0.8216,0.1584,0.0151,0.0049
2026-08-27T14:13:39.855+02:00,1000,1024,1024,1056,0,2,0,5,0,2,0,0.7827,0.2257,0.0778,1.2182,0.3874,0.7353,1.609,1.518,31.065,49.24,49.23,49.3,1.1332,0.3245,0.0693,147.71,147.82,147.65,0.079,0.0457,0.0354,10.67,100.12,98.89,0.0117,0.0183,0.0184,16000,1024,384.19,0.7795,0.1913,0.0202,0.0089
2026-08-27T14:14:09.855+02:00,1000,1024,1024,1056,0,2,1,6,0,2,0,0.77,0.2258,0.1106,1.2083,0.6227,1.0211,1.614,1.601,33.082,49.2,49.2,49.28,1.1133,0.3202,0.0625,147.58,147.56,98.81,0.0807,0.0409,0.0304,39.14,100.14,147.37,0.014,0.0219,0.0252,16000,1024,1008.38,0.9077,0.0824,0.0083,0.0017
2026-08-27T14:14:39.870+02:00,1000,1024,1038,1070,0,3,26,32,2,4,0,0.7518,0.2174,0.1257,1.3121,0.3943,0.8485,1.72,1.599,20.016,49.0,48.98,54.84,0.479,0.1321,0.0364,13.22,13.21,66.74,0.3719,0.1016,0.037,4.95,19.7,48.82,0.1982,0.0533,0.0345,16000,1024,731.68,0.8963,0.0884,0.0113,0.004
2026-08-27T14:15:09.871+02:00,1000,1024,1037,1070,0,4,4,36,0,4,0,0.7765,0.2236,0.0719,1.3106,0.3894,0.7855,1.625,1.534,26.265,49.19,49.19,49.19,1.1162,0.3203,0.0623,147.5,147.47,147.52,0.0851,0.0374,0.0338,196.69,100.2,98.79,0.0152,0.0159,0.0229,16000,1024,549.32,0.9016,0.0869,0.0089,0.0026
2026-08-27T14:15:39.856+02:00,1000,1024,1024,1056,0,6,0,36,0,4,0,0.7839,0.2218,0.0678,1.2393,0.3744,0.7546,1.617,1.515,31.799,49.19,49.18,49.19,1.1327,0.3178,0.0665,147.51,147.62,147.52,0.0831,0.0368,0.0283,196.61,100.14,99.07,0.0131,0.0167,0.0195,16000,1024,476.46,0.8272,0.157,0.0119,0.0039
2026-08-27T14:16:09.857+02:00,1000,1024,1024,1056,0,7,1,37,0,4,0,0.7883,0.2177,0.1406,1.2174,0.3647,1.331,1.611,1.527,25.07,49.19,49.18,49.27,1.1288,0.3088,0.0654,147.58,147.62,18.67,0.0821,0.0338,0.0394,27.39,100.26,147.64,0.0189,0.0145,0.0393,16000,1024,605.1,0.8124,0.1747,0.0101,0.0028
2026-08-27T14:16:39.862+02:00,1000,1024,1024,1056,0,7,0,37,0,4,0,0.7921,0.2204,0.0569,1.2232,0.385,0.1709,1.612,1.527,2.621,49.12,49.12,49.09,1.1308,0.312,0.0612,147.31,147.26,147.23,0.0817,0.0385,0.0311,54.2,99.88,98.82,0.0195,0.0172,0.0215,16000,1024,428.14,0.5641,0.4113,0.0182,0.0064
2026-08-27T14:17:09.858+02:00,1000,1024,1024,1056,0,9,8,45,2,6,0,0.7915,0.2194,0.1016,1.2706,0.3829,0.8575,1.622,1.513,29.309,49.17,49.18,49.17,1.0248,0.284,0.0651,31.13,147.49,147.72,0.1052,0.0349,0.0338,54.08,35.87,92.67,0.1145,0.0277,0.0274,16000,1024,713.9,0.8743,0.1138,0.0094,0.0025
2026-08-27T14:17:39.858+02:00,1000,1024,1024,1056,0,10,0,45,0,6,0,0.7977,0.2206,0.0642,1.2461,0.3656,0.6135,1.608,1.513,16.566,49.19,49.19,49.24,1.1535,0.3145,0.0615,147.61,147.48,147.57,0.0849,0.0376,0.0321,196.76,100.05,98.63,0.0149,0.0201,0.0288,16000,1024,849.47,0.908,0.084,0.0063,0.0017
2026-08-27T14:18:09.858+02:00,1000,1024,1024,1056,0,13,0,45,0,6,0,0.7982,0.2197,0.0629,1.2448,0.378,0.474,1.622,1.511,7.621,49.17,49.17,49.17,1.1527,0.3135,0.0554,147.46,147.67,147.49,0.0882,0.0367,0.025,196.68,99.91,98.86,0.0142,0.0204,0.0217,16000,1024,648.46,0.8847,0.101,0.0112,0.0031
2026-08-27T14:18:39.859+02:00,1000,1024,1024,1056,0,13,9,54,1,7,0,0.8025,0.2201,0.0584,1.2838,0.3957,0.1695,1.64,1.53,2.956,49.14,49.14,49.25,0.7554,0.2009,0.0345,41.84,41.54,147.44,0.1994,0.0549,0.0282,23.66,10.7,90.64,0.1723,0.0454,0.0152,16000,1024,594.72,0.914,0.0742,0.0096,0.0022
2026-08-27T14:19:09.859+02:00,1000,1024,1024,1056,0,13,1,55,1,8,0,0.8095,0.2212,0.0934,1.277,0.358,1.2507,1.609,1.494,57.057,49.19,49.19,49.1,1.1696,0.3176,0.0588,147.54,147.53,147.51,0.089,0.0367,0.0353,196.65,99.84,98.11,0.0145,0.0218,0.0183,16000,1024,663.9,0.8515,0.1301,0.0125,0.006
2026-08-27T14:19:39.859+02:00,1000,1024,1024,1056,0,15,5,60,0,8,0,0.8066,0.22,0.0829,1.369,0.376,0.8295,1.631,1.52,29.434,49.19,49.19,49.11,1.038,0.2802,0.0631,27.48,27.43,149.72,0.1694,0.0438,0.0258,33.06,33.12,126.89,0.1131,0.0326,0.0223,16000,1024,562.11,0.8294,0.1595,0.0084,0.0027
2026-08-27T14:20:09.856+02:00,1000,1024,1024,1056,0,16,4,64,3,11,0,0.8126,0.2175,0.0676,1.2856,0.3558,0.6941,1.616,1.501,22.617,49.06,49.07,48.92,1.1395,0.3042,0.0557,147.14,147.04,147.04,0.0869,0.0389,0.0371,43.36,99.52,97.77,0.0466,0.0185,0.0184,16000,1024,554.62,0.8494,0.134,0.0115,0.0051
2026-08-27T14:21:09.859+02:00,1000,1024,1024,1056,1,19,0,104,0,17,0,0.8535,0.2216,0.0591,1.322,0.4173,0.1699,1.613,1.517,2.603,49.15,49.15,49.14,1.2143,0.3158,0.0585,147.41,147.3,147.41,0.0884,0.0364,0.0344,54.2,100.05,98.4,0.023,0.0174,0.0268,16000,1024,449.56,0.6985,0.2875,0.011,0.003
2026-08-27T14:21:39.860+02:00,1000,1024,1024,1056,1,19,6,110,2,19,0,0.8542,0.2172,0.0854,1.3539,0.3777,0.75,1.625,1.491,28.841,49.11,49.1,49.07,1.2019,0.3005,0.0538,147.24,147.38,147.27,0.0877,0.0359,0.0249,56.03,99.61,57.78,0.0327,0.0213,0.0216,16000,1024,692.75,0.9179,0.0762,0.0045,0.0014
2026-08-27T14:22:09.860+02:00,1000,1024,1024,1056,1,20,1,111,0,19,0,0.8676,0.2117,0.316,1.6243,0.3597,1.7282,1.628,1.594,10.756,49.15,49.15,2.95,1.2402,0.2948,0.1741,147.34,147.25,319.06,0.0946,0.0318,0.0974,196.41,99.52,94.91,0.0198,0.0231,0.0959,16000,1024,650.98,0.8644,0.1273,0.0069,0.0014
2026-08-27T14:22:39.860+02:00,1000,1024,1024,1056,1,20,4,115,0,19,0,0.848,0.2174,0.0586,1.393,0.3774,0.1627,1.626,1.502,2.662,49.22,49.22,49.19,1.1138,0.2841,0.046,28.22,147.47,147.67,0.1085,0.0334,0.0307,53.28,30.9,98.5,0.1032,0.0285,0.0215,16000,1024,631.75,0.8136,0.1784,0.0065,0.0014
2026-08-27T14:23:09.861+02:00,1000,1024,1024,1056,1,21,5,120,1,20,0,0.8598,0.2232,0.2791,1.3691,0.412,1.8911,1.626,1.505,12.084,49.18,49.19,15.91,1.0608,0.2742,0.1262,44.38,32.61,49.68,0.1546,0.044,0.1182,27.85,27.66,398.35,0.1521,0.0422,0.0868,16000,1024,375.85,0.5952,0.3606,0.0349,0.0092
2026-08-27T14:23:39.862+02:00,1000,1024,1024,1056,1,21,0,120,0,20,0,0.8604,0.2195,0.0635,1.3336,0.3728,0.6198,1.61,1.521,18.963,49.2,49.2,49.09,1.2441,0.3147,0.0586,147.6,147.48,147.68,0.0909,0.0318,0.0335,196.57,100.18,98.32,0.0161,0.0203,0.0253,16000,1024,582.58,0.8348,0.151,0.0114,0.0029
2026-08-27T14:24:09.861+02:00,1000,1024,1024,1056,1,21,0,120,0,20,0,0.8762,0.2159,0.2068,1.6219,0.3559,1.5856,1.616,1.515,26.565,49.2,49.2,49.76,1.2575,0.3099,0.0515,147.56,147.52,2.44,0.0943,0.0367,0.0267,196.74,100.36,9.57,0.0149,0.0204,0.0282,16000,1024,844.23,0.8469,0.14,0.0086,0.0045
2026-08-27T14:24:39.862+02:00,1000,1024,1024,1056,1,23,0,120,0,20,0,0.865,0.219,0.0567,1.3353,0.3709,0.1618,1.612,1.477,2.416,49.18,49.18,49.22,1.2521,0.3155,0.0602,147.54,147.38,147.49,0.0895,0.0382,0.0304,196.77,100.18,98.63,0.0174,0.0182,0.0232,16000,1024,552.54,0.8425,0.1459,0.0086,0.0031
2026-08-27T14:25:09.862+02:00,1000,1024,1024,1056,1,24,1,121,0,20,0,0.8627,0.2194,0.0586,1.3543,0.3606,0.1958,1.607,1.465,2.694,49.2,49.21,49.18,1.2282,0.3098,0.0568,147.53,147.46,147.33,0.0885,0.0356,0.0304,31.93,99.96,100.36,0.0213,0.0247,0.0185,16000,1024,539.0,0.835,0.1535,0.0086,0.003
2026-08-27T14:25:39.863+02:00,1000,1024,1024,1056,1,26,0,121,0,20,0,0.8676,0.2156,0.2345,1.6616,0.3701,1.769,1.63,1.516,20.773,49.14,49.14,8.28,1.2409,0.3065,0.0651,147.41,147.61,3.42,0.0914,0.0372,0.0593,60.21,99.59,178.52,0.0159,0.0189,0.046,16000,1024,572.02,0.8703,0.1147,0.0117,0.0034
2026-08-27T14:26:09.892+02:00,1000,1024,1055,1088,1,26,19,140,1,21,0,0.8447,0.2153,0.0857,1.4367,0.4145,0.6718,1.713,1.62,23.899,49.29,49.28,49.06,0.8769,0.2213,0.0498,41.27,41.25,99.33,0.2339,0.0604,0.0201,54.71,54.72,39.36,0.1926,0.0523,0.0199,16000,1024,668.45,0.7066,0.2804,0.0109,0.002
2026-08-27T14:26:39.865+02:00,1000,1024,1024,1056,1,26,19,159,1,22,0,0.8405,0.2188,0.0849,1.4354,0.3616,0.7323,1.678,1.508,26.652,49.28,49.29,97.94,0.6681,0.1725,0.028,42.66,42.67,25.05,0.3303,0.0822,0.0262,55.37,55.31,49.29,0.2814,0.0739,0.0332,16000,1024,472.11,0.7994,0.187,0.0101,0.0035
2026-08-27T14:27:09.873+02:00,1000,1024,1031,1064,1,27,18,177,1,23,0,0.8317,0.2174,0.0693,1.3372,0.3772,0.634,1.653,1.507,13.683,49.11,49.12,49.16,0.871,0.2213,0.041,21.47,21.53,147.4,0.2575,0.0629,0.0288,33.82,33.79,25.04,0.2371,0.0605,0.022,16000,1024,802.78,0.8677,0.1223,0.0083,0.0016
2026-08-27T14:27:39.864+02:00,1000,1024,1024,1056,1,27,2,179,0,23,0,0.844,0.2203,0.0659,1.3912,0.3592,0.6038,1.62,1.496,14.711,49.14,49.15,49.18,1.1544,0.3017,0.0597,147.36,147.5,147.34,0.085,0.034,0.0341,42.22,33.91,98.97,0.0769,0.0227,0.0198,16000,1024,458.67,0.6134,0.3593,0.0236,0.0036
2026-08-27T14:28:09.867+02:00,1000,1024,1024,1056,1,28,1,180,0,23,0,0.8477,0.2212,0.0737,1.3881,0.3605,0.7353,1.607,1.476,29.024,49.16,49.16,49.24,1.1796,0.3072,0.0589,147.45,147.35,147.28,0.0862,0.037,0.0394,43.64,39.43,98.52,0.0634,0.0193,0.0209,16000,1024,567.17,0.8626,0.1223,0.0122,0.0029
2026-08-27T14:28:39.865+02:00,1000,1024,1024,1056,1,28,1,181,0,23,0,0.8508,0.2182,0.0577,1.3442,0.3555,0.1634,1.622,1.493,2.719,49.12,49.11,49.1,1.2183,0.3083,0.0612,147.28,147.35,147.33,0.0937,0.035,0.0355,40.74,100.04,98.91,0.0156,0.0228,0.02,16000,1024,562.96,0.6968,0.2897,0.0101,0.0034
2026-08-27T14:29:09.865+02:00,1000,1024,1024,1056,1,29,0,181,0,23,0,0.8526,0.219,0.0587,1.3394,0.3558,0.1617,1.608,1.485,2.668,49.12,49.12,49.16,1.2198,0.3105,0.0636,147.35,147.28,147.39,0.0912,0.0377,0.036,196.49,100.19,99.01,0.0151,0.0181,0.0207,16000,1024,575.04,0.6204,0.3648,0.0118,0.003
2026-08-27T14:29:39.866+02:00,1000,1024,1024,1056,1,29,1,182,1,24,0,0.8555,0.2211,0.0572,1.3217,0.3703,0.164,1.612,1.49,2.51,49.13,49.14,49.12,1.231,0.3119,0.0586,147.35,147.33,147.37,0.0931,0.032,0.0341,196.65,100.25,98.67,0.0196,0.0187,0.0239,16000,1024,540.56,0.7671,0.2189,0.0119,0.0021
2026-08-27T14:30:09.866+02:00,1000,1024,1024,1056,1,30,3,185,0,24,0,0.3026,0.0802,0.3144,1.1696,0.3285,1.0011,3.692,6.223,3.55,26.13,59.72,26.13,0.1892,0.0345,0.2612,51.66,69.34,31.26,0.1633,0.0277,0.1638,10.5,64.77,10.56,0.1321,0.019,0.1384,16000,1024,610.91,0.9567,0.0345,0.0076,0.0012
2026-08-27T14:30:39.866+02:00,1000,1024,1024,1056,1,30,2,187,0,24,0,0.0251,0.0217,0.0444,0.0961,0.0682,0.6052,3.151,3.056,69.183,85.88,97.34,51.74,0.0072,0.0079,0.0113,28.83,241.45,178.78,0.0079,0.0066,0.0101,171.74,106.12,60.72,0.007,0.0058,0.0101,16000,1024,397.64,0.961,0.0306,0.007,0.0014
2026-08-27T14:31:09.867+02:00,1000,1024,1024,1056,1,30,0,187,0,24,0,0.0227,0.0212,0.0577,0.0657,0.0651,0.7042,2.613,2.749,84.116,32.71,38.95,51.55,0.009,0.0066,0.018,54.04,19.11,14.54,0.0073,0.0064,0.0174,105.97,59.62,284.46,0.0063,0.0057,0.017,16000,1024,520.7,0.9869,0.0082,0.0044,0.0005
2026-08-27T14:31:39.868+02:00,1000,1024,1024,1056,1,31,3,190,0,24,0,0.0239,0.0275,0.1903,0.074,0.1685,1.7557,2.601,8.48,37.102,82.91,54.95,88.99,0.0103,0.0075,0.0121,32.66,149.56,162.99,0.0094,0.0061,0.0115,53.04,69.98,49.7,0.0083,0.0063,0.0111,16000,1024,609.07,0.9859,0.0097,0.0038,0.0005
2026-08-27T14:32:09.867+02:00,1000,1024,1024,1056,1,31,1,191,0,24,0,0.0227,0.0215,0.033,0.0688,0.0781,0.1046,2.805,3.2,2.958,166.32,42.07,58.31,0.0096,0.0067,0.0113,33.51,12.62,29.06,0.0069,0.0064,0.0107,138.92,6.72,94.77,0.0068,0.0061,0.0088,16000,1024,293.21,0.8942,0.0886,0.0149,0.0022
2026-08-27T14:32:39.868+02:00,1000,1024,1024,1056,1,32,1,192,0,24,0,0.0224,0.0217,0.0466,0.0682,0.0852,0.6831,2.644,3.341,88.419,110.43,58.86,96.09,0.0077,0.0083,0.0127,37.42,101.51,134.03,0.0065,0.0076,0.0113,10.84,29.31,151.65,0.0063,0.0059,0.0112,16000,1024,358.64,0.8508,0.1264,0.0207,0.0021
2026-08-27T14:33:09.868+02:00,1000,1024,1024,1056,1,32,0,192,0,24,0,0.0236,0.0209,0.0583,0.0749,0.0718,0.731,3.252,2.972,95.942,67.49,158.52,136.14,0.007,0.0073,0.0148,18.89,138.26,49.99,0.0073,0.0071,0.0135,74.78,56.64,240.17,0.007,0.0066,0.0132,16000,1024,521.7,0.9869,0.0081,0.0044,0.0006
2026-08-27T14:33:39.870+02:00,1000,1024,1024,1056,1,33,3,195,1,25,0,0.0229,0.0196,0.045,0.0785,0.0645,0.6943,2.79,2.985,113.044,120.2,36.34,64.51,0.0068,0.0058,0.0154,74.92,99.63,69.57,0.0066,0.0056,0.0145,97.99,84.6,33.23,0.0068,0.0058,0.014,16000,1024,377.83,0.9636,0.0265,0.0082,0.0018
2026-08-27T14:34:09.869+02:00,1000,1024,1024,1056,1,33,1,196,0,25,0,0.0235,0.0205,0.0466,0.0916,0.0806,0.6892,3.063,3.302,94.722,34.42,112.55,52.87,0.0071,0.0058,0.0157,172.62,33.5,21.45,0.0068,0.0056,0.0151,94.33,198.7,106.16,0.0069,0.0059,0.0143,16000,1024,542.8,0.9728,0.0168,0.0098,0.0007
2026-08-27T14:34:39.872+02:00,1000,1024,1024,1056,1,33,1,197,0,25,0,0.0247,0.0219,0.0483,0.0718,0.0616,0.7314,2.698,2.64,106.187,82.38,85.74,112.61,0.0113,0.0073,0.0126,53.68,13.76,46.54,0.0082,0.007,0.0121,16.24,35.01,204.86,0.0082,0.0068,0.0087,16000,1024,399.84,0.9558,0.0365,0.0068,0.0009
2026-08-27T14:35:09.870+02:00,1000,1024,1024,1056,1,33,11,208,0,25,0,0.0248,0.0238,0.0879,0.0911,0.1273,1.4194,3.127,3.921,117.909,46.96,82.26,7.63,0.013,0.0068,0.0208,98.28,94.86,27.3,0.0074,0.0066,0.0199,122.15,54.91,53.37,0.006,0.0064,0.0198,16000,1024,510.15,0.8992,0.0897,0.0093,0.0018
2026-08-27T14:35:39.872+02:00,1000,1024,1024,1056,1,35,3,211,1,26,0,0.0233,0.0213,0.0497,0.071,0.0705,0.7759,2.752,3.086,112.963,14.28,124.1,3.24,0.0075,0.0067,0.016,128.88,58.9,12.48,0.007,0.0064,0.0148,38.26,137.35,21.54,0.0067,0.0062,0.0143,16000,1024,520.02,0.959,0.0248,0.0147,0.0015
2026-08-27T14:36:09.871+02:00,1000,1024,1024,1056,1,36,0,211,0,26,0,0.0224,0.0208,0.0328,0.0709,0.0785,0.1312,2.857,3.054,3.269,131.14,46.04,88.85,0.0075,0.0063,0.0096,76.03,240.92,3.1,0.007,0.0061,0.0086,197.59,98.78,103.43,0.0068,0.0057,0.0083,16000,1024,331.2,0.9262,0.0591,0.013,0.0017
2026-08-27T14:36:39.871+02:00,1000,1024,1024,1056,1,36,0,211,0,26,0,0.0238,0.0205,0.046,0.0792,0.0829,0.7264,3.135,3.387,118.752,230.65,56.15,87.91,0.0073,0.0063,0.0149,98.56,127.03,17.22,0.0065,0.0058,0.0141,88.86,7.51,153.32,0.0065,0.0067,0.0133,16000,1024,363.0,0.9085,0.0671,0.0224,0.002
2026-08-27T14:37:09.871+02:00,1000,1024,1024,1056,1,36,1,212,0,26,0,0.0228,0.0218,0.0318,0.09,0.0856,0.0992,3.677,3.427,2.79,172.86,77.84,108.08,0.0082,0.0074,0.0122,86.91,126.12,125.96,0.0076,0.0064,0.0099,79.71,48.27,29.53,0.0083,0.0072,0.0098,16000,1024,481.11,0.9549,0.0384,0.006,0.0007
2026-08-27T14:37:39.871+02:00,1000,1024,1024,1056,1,36,0,212,0,26,0,0.0223,0.0426,0.3817,0.0704,0.1803,1.8368,3.044,5.08,7.21,311.43,3.3,3.07,0.0065,0.018,0.2127,120.72,62.9,440.72,0.0068,0.0142,0.0923,99.28,8.0,36.36,0.0064,0.0113,0.0886,16000,1024,453.69,0.9605,0.032,0.0066,0.001
2026-08-27T14:38:09.874+02:00,1000,1024,1024,1056,1,38,0,212,0,26,0,0.0225,0.0193,0.0309,0.0883,0.0584,0.1204,3.316,2.866,3.114,59.03,68.87,104.06,0.0093,0.0065,0.0118,108.35,56.92,2.24,0.0073,0.0057,0.0101,147.61,257.69,79.37,0.0069,0.0056,0.0086,16000,1024,574.56,0.9692,0.0218,0.0082,0.0009
2026-08-27T14:38:39.873+02:00,1000,1024,1024,1056,1,38,0,212,0,26,0,0.0227,0.0202,0.0451,0.078,0.0738,0.7003,2.853,3.056,116.184,163.34,8.88,34.01,0.0074,0.0062,0.0106,44.34,67.14,15.4,0.0076,0.0055,0.01,1.85,29.97,146.34,0.0065,0.0055,0.0084,16000,1024,1282.36,0.9926,0.0065,0.0008,0.0001
2026-08-27T14:39:09.873+02:00,1000,1024,1024,1056,1,38,5,217,0,26,0,0.0211,0.0202,0.0637,0.0652,0.0756,0.7144,2.736,3.011,63.679,6.4,59.54,76.53,0.0081,0.0061,0.0158,160.77,32.42,85.73,0.007,0.0057,0.0132,196.94,67.81,30.86,0.0065,0.0056,0.0147,16000,1024,375.53,0.9186,0.0663,0.0138,0.0013
2026-08-27T14:39:39.877+02:00,1000,1024,1028,1060,1,39,4,221,0,26,0,0.024,0.0209,0.0439,0.0835,0.0755,0.6112,3.001,3.007,69.508,95.29,57.34,67.47,0.0079,0.0069,0.0157,16.0,165.84,8.85,0.0066,0.0062,0.0146,52.09,128.41,137.35,0.0065,0.0061,0.0126,16000,1024,761.7,0.9904,0.0077,0.0017,0.0002
2026-08-27T14:40:09.875+02:00,1000,1024,1024,1056,1,39,25,246,2,28,0,0.0251,0.0268,0.1243,0.0846,0.1442,1.3873,3.111,4.399,37.982,6.62,72.69,36.39,0.0085,0.0085,0.042,123.5,49.13,240.05,0.0072,0.0075,0.0368,188.71,16.97,154.12,0.0067,0.0094,0.0365,16000,1024,589.24,0.9767,0.0162,0.0063,0.0008
2026-08-27T14:41:09.875+02:00,1000,1024,1024,1056,2,39,2,273,1,29,0,0.0242,0.0248,0.1462,0.0832,0.1967,1.9358,3.234,11.447,78.547,37.04,34.84,2.02,0.0063,0.0111,0.0642,25.2,1.8,6.35,0.0063,0.0093,0.0578,102.47,10.67,11.23,0.0058,0.0083,0.0459,16000,1024,583.69,0.9714,0.0227,0.0052,0.0007
2026-08-27T14:41:39.877+02:00,1000,1024,1024,1056,2,39,2,275,0,29,0,0.0239,0.0217,0.033,0.0701,0.0834,0.1102,2.924,3.125,3.109,39.06,76.0,3.64,0.0081,0.0079,0.0088,132.52,88.7,214.9,0.0065,0.0067,0.0085,61.82,139.45,71.02,0.0065,0.0062,0.009,16000,1024,475.43,0.9744,0.0193,0.0056,0.0007
2026-08-27T14:42:39.876+02:00,1000,1024,1024,1056,3,42,1,289,0,42,0,0.024,0.0212,0.0442,0.0711,0.0723,0.6294,2.866,3.001,77.495,63.89,44.2,14.83,0.009,0.0065,0.0109,111.71,183.48,48.73,0.0079,0.0059,0.0105,58.86,118.86,197.29,0.0073,0.0055,0.0099,16000,1024,664.09,0.992,0.0062,0.0015,0.0002
2026-08-27T14:43:09.879+02:00,1000,1024,1024,1056,3,42,4,293,0,42,0,0.0247,0.021,0.0471,0.1147,0.0667,0.7178,3.573,2.87,105.953,38.95,35.67,70.52,0.007,0.0076,0.0138,11.5,78.95,20.07,0.0071,0.0058,0.0121,23.64,65.57,169.05,0.0069,0.0055,0.0105,16000,1024,396.14,0.9526,0.0361,0.01,0.0013
2026-08-27T14:43:39.876+02:00,1000,1024,1024,1056,3,42,2,295,0,42,0,0.0232,0.0215,0.056,0.0793,0.0929,0.6982,3.05,3.605,74.986,128.04,92.72,160.11,0.0073,0.0065,0.0115,80.77,70.1,100.76,0.0073,0.0065,0.011,147.85,233.64,69.14,0.007,0.0064,0.0113,16000,1024,813.38,0.9832,0.0126,0.0038,0.0005
2026-08-27T14:44:09.878+02:00,1000,1024,1024,1056,3,43,0,295,0,42,0,0.023,0.02,0.0307,0.092,0.0747,0.0948,2.984,2.841,2.783,95.62,98.67,131.26,0.008,0.0064,0.0091,123.75,54.28,105.42,0.0067,0.0059,0.0086,37.45,29.1,75.63,0.0071,0.0058,0.0091,16000,1024,947.13,0.9519,0.0386,0.008,0.0014
2026-08-27T14:44:39.877+02:00,1000,1024,1024,1056,3,44,2,297,0,42,0,0.0233,0.0225,0.102,0.0771,0.0705,0.7056,3.027,2.897,28.283,15.52,30.02,26.85,0.0066,0.008,0.0395,157.99,124.87,315.51,0.0063,0.0064,0.0343,101.8,38.87,406.21,0.006,0.0064,0.0342,16000,1024,451.99,0.9471,0.0403,0.0112,0.0014
2026-08-27T14:45:09.883+02:00,1000,1024,1024,1056,3,45,2,299,0,42,0,0.0243,0.0223,0.0452,0.0782,0.0912,0.6207,2.8,3.413,68.378,25.49,59.77,73.84,0.0074,0.0079,0.0199,86.04,48.94,49.45,0.0073,0.0077,0.0152,50.54,116.59,56.77,0.0068,0.0067,0.0146,16000,1024,282.68,0.8664,0.0892,0.0409,0.0036
2026-08-27T14:45:39.884+02:00,1000,1024,1029,1062,3,45,26,325,2,44,0,0.0252,0.0266,0.1504,0.0778,0.0908,0.7132,2.915,3.337,14.78,27.62,10.6,177.97,0.0079,0.0078,0.0336,36.95,138.08,345.2,0.0071,0.008,0.037,46.7,63.72,167.47,0.0063,0.0067,0.0338,16000,1024,423.52,0.945,0.0417,0.0123,0.001
2026-08-27T14:46:09.880+02:00,1000,1024,1024,1056,3,45,0,325,0,44,0,0.0239,0.0208,0.0315,0.0832,0.0646,0.1056,2.954,2.731,3.178,73.18,18.96,212.01,0.0088,0.0061,0.0098,259.33,44.43,42.71,0.0073,0.0053,0.0099,51.4,142.36,176.06,0.0071,0.0052,0.0091,16000,1024,432.28,0.9328,0.0558,0.0102,0.0012
2026-08-27T14:46:39.879+02:00,1000,1024,1024,1056,3,45,0,325,0,44,0,0.0238,0.0206,0.0303,0.073,0.066,0.0885,2.886,3.046,2.955,112.12,10.43,120.07,0.0078,0.0067,0.0104,29.01,68.17,48.64,0.0076,0.0059,0.0096,81.28,56.51,66.54,0.0066,0.0053,0.0087,16000,1024,804.67,0.9689,0.0246,0.0059,0.0006
2026-08-27T14:47:09.879+02:00,1000,1024,1024,1056,3,45,1,326,0,44,0,0.0225,0.0203,0.0445,0.0818,0.0999,0.6895,3.052,3.783,111.477,52.9,79.63,239.17,0.0078,0.0071,0.0146,203.19,30.36,153.35,0.0071,0.0066,0.0139,132.93,155.59,33.67,0.007,0.0066,0.0139,16000,1024,555.4,0.9685,0.0217,0.0087,0.0011
2026-08-27T14:47:39.879+02:00,1000,1024,1024,1056,3,45,1,327,1,45,0,0.0245,0.0212,0.0318,0.0955,0.0665,0.111,3.225,2.798,3.419,93.59,78.0,94.58,0.0075,0.0068,0.0096,52.93,61.55,124.14,0.0062,0.0059,0.0093,40.62,107.58,60.29,0.0067,0.006,0.0094,16000,1024,1139.42,0.9867,0.0108,0.0022,0.0003
2026-08-27T14:48:09.880+02:00,1000,1024,1024,1056,3,45,0,327,0,45,0,0.0235,0.022,0.0453,0.081,0.082,0.6814,2.965,3.138,102.398,37.15,65.3,5.76,0.0074,0.0074,0.0152,127.95,15.13,102.02,0.0068,0.0068,0.014,87.28,136.06,150.24,0.0073,0.0062,0.0125,16000,1024,471.34,0.9541,0.0377,0.0068,0.0014
2026-08-27T14:48:39.880+02:00,1000,1024,1024,1056,3,45,0,327,0,45,0,0.0226,0.021,0.0315,0.078,0.0725,0.0892,3.104,2.81,2.641,78.32,62.58,193.96,0.0068,0.0066,0.0097,46.65,56.21,65.37,0.006,0.0066,0.0084,264.63,30.06,84.94,0.0057,0.0061,0.0081,16000,1024,476.07,0.9659,0.0246,0.0085,0.0011
2026-08-27T14:49:09.880+02:00,1000,1024,1024,1056,3,45,1,328,0,45,0,0.0228,0.0198,0.0326,0.0675,0.0681,0.1109,2.77,3.01,2.869,6.54,98.48,104.95,0.0082,0.0061,0.011,53.45,94.22,54.9,0.0073,0.0059,0.0098,41.99,50.78,175.63,0.006,0.0053,0.0094,16000,1024,726.09,0.9778,0.0175,0.0042,0.0005
2026-08-27T14:49:39.882+02:00,1000,1024,1024,1056,3,45,0,328,0,45,0,0.0239,0.02,0.0315,0.0769,0.0606,0.0935,2.873,3.012,2.893,85.16,39.04,73.28,0.0077,0.0064,0.0112,166.79,18.49,15.64,0.0069,0.0062,0.0107,64.8,135.38,129.21,0.0068,0.0063,0.0096,16000,1024,534.08,0.9729,0.0202,0.0062,0.0007
2026-08-27T14:50:09.883+02:00,1000,1024,1024,1056,3,45,0,328,0,45,0,0.022,0.0193,0.031,0.0672,0.0564,0.1096,2.785,2.84,2.938,55.23,96.98,140.62,0.0078,0.0065,0.0106,37.67,170.81,120.0,0.0072,0.0061,0.0093,144.9,36.23,11.87,0.0071,0.0061,0.0093,16000,1024,587.55,0.9809,0.0139,0.0047,0.0005
2026-08-27T14:50:39.882+02:00,1000,1024,1024,1056,3,45,1,329,0,45,0,0.0232,0.0201,0.0542,0.0662,0.087,0.6974,2.759,3.758,83.343,87.17,63.43,8.25,0.0077,0.0067,0.0162,21.5,87.77,39.75,0.0067,0.0059,0.015,208.06,34.64,168.82,0.006,0.0062,0.0145,16000,1024,430.23,0.9171,0.0729,0.0086,0.0014
2026-08-27T14:51:09.884+02:00,1000,1024,1024,1056,3,45,0,329,0,45,0,0.0226,0.0207,0.0568,0.0778,0.0738,0.7013,2.966,3.167,90.585,140.47,6.49,35.2,0.0086,0.0083,0.0209,99.47,118.08,273.31,0.0064,0.0076,0.0202,22.16,134.7,118.87,0.0066,0.0065,0.0202,16000,1024,543.42,0.9763,0.0136,0.0088,0.0012
2026-08-27T14:51:39.883+02:00,1000,1024,1024,1056,3,45,0,329,0,45,0,0.0239,0.0207,0.0323,0.0682,0.0616,0.101,2.832,2.851,2.953,16.78,132.1,115.49,0.0076,0.0061,0.0096,3.76,91.15,29.48,0.0075,0.006,0.0092,149.89,214.9,55.06,0.0071,0.0057,0.0087,16000,1024,1146.19,0.9854,0.0122,0.0021,0.0003
2026-08-27T14:52:09.885+02:00,1000,1024,1024,1056,3,45,3,332,0,45,0,0.0221,0.0207,0.0649,0.0859,0.0684,0.6199,3.524,2.726,51.992,181.66,75.58,11.36,0.0069,0.0086,0.0202,57.81,30.92,119.49,0.0063,0.0068,0.0195,65.05,2.14,52.41,0.0062,0.0063,0.0184,16000,1024,695.85,0.9758,0.016,0.0074,0.0008
2026-08-27T14:52:39.884+02:00,1000,1024,1024,1056,3,45,1,333,0,45,0,0.0229,0.0217,0.0319,0.0712,0.0677,0.1006,2.814,3.079,2.754,201.26,48.86,25.94,0.0078,0.0065,0.0103,98.32,77.78,121.55,0.0076,0.0064,0.0111,145.89,227.63,137.67,0.0073,0.0061,0.0089,16000,1024,700.12,0.9732,0.018,0.0079,0.0009
2026-08-27T14:53:09.893+02:00,1000,1024,1031,1064,3,45,3,336,0,45,0,0.0225,0.0231,0.0345,0.0697,0.0926,0.1099,3.02,3.255,2.965,245.03,49.91,173.01,0.0074,0.0069,0.0107,71.73,114.71,194.66,0.0081,0.0068,0.0097,25.31,40.84,90.66,0.0061,0.0064,0.0093,16000,1024,794.13,0.9774,0.0151,0.007,0.0006
2026-08-27T14:53:39.893+02:00,1000,1024,1033,1065,3,45,21,357,0,45,0,0.0226,0.0226,0.1009,0.0766,0.1436,1.4785,3.06,4.877,86.694,50.1,183.78,79.28,0.0063,0.0066,0.0146,83.2,117.87,104.71,0.0061,0.0066,0.0142,99.72,37.13,207.28,0.0057,0.0063,0.0142,16000,1024,643.88,0.9908,0.0061,0.0027,0.0004
2026-08-27T14:54:09.885+02:00,1000,1024,1024,1056,3,46,4,361,0,45,0,0.0251,0.0231,0.0872,0.083,0.0986,0.7414,3.08,3.48,46.565,19.7,42.29,171.87,0.0088,0.0089,0.0313,55.06,47.96,464.21,0.0088,0.0071,0.0324,141.49,4.12,4.39,0.0076,0.0071,0.0333,16000,1024,370.71,0.9435,0.0418,0.0132,0.0016
2026-08-27T14:54:39.886+02:00,1000,1024,1024,1056,3,46,2,363,0,45,0,0.0224,0.0208,0.1111,0.07,0.0933,0.7006,3.038,3.317,23.702,67.12,107.31,3.84,0.0076,0.0064,0.0367,297.73,114.92,252.18,0.007,0.0063,0.0295,238.77,177.8,244.71,0.0077,0.0057,0.0309,16000,1024,856.7,0.9894,0.0073,0.0029,0.0004
2026-08-27T14:55:09.887+02:00,1000,1024,1024,1056,3,47,0,363,0,45,0,0.0229,0.0216,0.0444,0.0763,0.0939,0.6969,2.845,3.51,119.245,46.99,97.66,63.44,0.0075,0.0068,0.0168,118.98,9.04,219.39,0.0071,0.0067,0.0172,98.17,23.46,74.13,0.0077,0.006,0.0143,16000,1024,850.02,0.9869,0.0089,0.0037,0.0004
2026-08-27T14:55:39.886+02:00,1000,1024,1024,1056,3,47,2,365,0,45,0,0.022,0.022,0.0628,0.0769,0.0905,0.6868,3.097,3.382,67.408,234.17,108.47,54.84,0.0083,0.0071,0.0115,7.82,15.18,10.44,0.0068,0.0072,0.0119,25.78,119.07,22.72,0.0067,0.0055,0.0094,16000,1024,680.98,0.9759,0.0182,0.0054,0.0005
2026-08-27T14:56:09.886+02:00,1000,1024,1024,1056,3,48,0,365,0,45,0,0.0235,0.0202,0.0313,0.0959,0.0673,0.0999,3.302,2.921,2.97,122.0,34.93,109.2,0.0074,0.0064,0.009,136.47,80.29,88.47,0.0066,0.006,0.0091,42.93,24.63,150.05,0.0061,0.0061,0.0082,16000,1024,659.69,0.9706,0.0203,0.0082,0.001
2026-08-27T14:56:39.886+02:00,1000,1024,1024,1056,3,48,0,365,0,45,0,0.0243,0.0203,0.0457,0.0738,0.0884,0.7153,3.148,3.427,119.24,70.59,141.33,63.17,0.007,0.0075,0.015,41.12,134.8,128.6,0.0069,0.0069,0.0119,75.76,57.99,115.92,0.007,0.0069,0.0114,16000,1024,442.09,0.9651,0.028,0.0059,0.0011
2026-08-27T14:57:09.889+02:00,1000,1024,1024,1056,3,50,0,365,0,45,0,0.0236,0.021,0.047,0.0732,0.0987,0.725,2.939,3.875,113.285,120.09,2.91,47.79,0.0077,0.0068,0.0108,77.92,197.26,28.93,0.0075,0.0067,0.011,31.16,164.66,154.47,0.0068,0.0072,0.0094,16000,1024,507.28,0.9417,0.044,0.0127,0.0015
2026-08-27T14:57:39.887+02:00,1000,1024,1024,1056,3,51,1,366,0,45,0,0.0226,0.0201,0.0455,0.0949,0.0682,0.6901,3.441,2.668,105.725,24.04,217.22,5.65,0.0067,0.0067,0.0146,94.41,119.29,153.16,0.0064,0.0061,0.0138,9.42,224.08,109.94,0.0063,0.0066,0.0139,16000,1024,838.95,0.9902,0.0064,0.0031,0.0003
2026-08-27T14:58:09.888+02:00,1000,1024,1024,1056,3,51,3,369,0,45,0,0.0236,0.0221,0.0556,0.0897,0.0811,0.7218,3.226,3.049,99.038,58.42,114.09,185.28,0.0076,0.0093,0.011,45.94,77.34,107.17,0.0066,0.0081,0.01,51.0,16.43,22.69,0.0068,0.0059,0.01,16000,1024,465.5,0.9506,0.0303,0.0168,0.0022
2026-08-27T14:58:39.893+02:00,1000,1024,1024,1056,3,51,4,373,1,46,0,0.0223,0.0247,0.1039,0.0705,0.1232,0.9381,2.816,4.912,34.86,100.73,65.03,497.82,0.0067,0.0096,0.0378,178.48,48.57,7.25,0.0055,0.0074,0.0377,164.15,23.46,490.55,0.0053,0.007,0.0331,16000,1024,379.93,0.9601,0.028,0.0104,0.0015
2026-08-27T14:59:09.888+02:00,1000,1024,1024,1056,3,53,1,374,0,46,0,0.0229,0.0204,0.0316,0.0846,0.0619,0.0908,2.995,2.851,2.759,1.95,34.77,181.65,0.0063,0.0071,0.0097,11.68,144.45,54.28,0.0061,0.006,0.0099,66.24,57.55,2.97,0.0061,0.0059,0.0079,16000,1024,434.05,0.9752,0.0132,0.0102,0.0014
2026-08-27T14:59:39.889+02:00,1000,1024,1024,1056,3,53,0,374,0,46,0,0.0245,0.0221,0.0325,0.087,0.0623,0.0939,2.953,2.515,2.901,7.64,7.15,94.4,0.0075,0.0083,0.0111,61.3,29.76,21.08,0.0073,0.0077,0.0111,178.75,15.89,62.32,0.0066,0.0066,0.0103,16000,1024,802.02,0.9925,0.0055,0.0018,0.0002
2026-08-27T15:00:09.904+02:00,1000,1024,1030,1063,3,53,33,407,3,49,0,0.0277,0.0275,0.0999,0.0874,0.1166,0.8188,2.903,3.927,37.533,158.11,23.18,134.66,0.0089,0.0086,0.0266,71.92,13.89,195.52,0.0087,0.0073,0.026,20.6,58.03,164.78,0.0079,0.0077,0.0253,16000,1024,505.54,0.9836,0.0092,0.0061,0.0011
2026-08-27T15:00:39.889+02:00,1000,1024,1024,1056,3,53,0,407,0,49,0,0.0247,0.0206,0.0301,0.0789,0.0628,0.0909,2.889,2.837,3.056,73.83,55.69,21.27,0.0082,0.0083,0.0112,58.54,110.98,26.48,0.0074,0.0069,0.0102,115.96,71.62,38.17,0.0076,0.0059,0.0086,16000,1024,458.28,0.9514,0.0351,0.0123,0.0013
2026-08-27T15:01:09.898+02:00,1000,1024,1024,1056,3,54,1,408,0,49,0,0.0217,0.0195,0.0285,0.0735,0.0578,0.0854,3.256,2.976,2.744,162.13,66.44,105.28,0.0072,0.0063,0.0081,15.94,108.49,39.05,0.0071,0.0058,0.0078,211.1,282.67,237.58,0.0064,0.0056,0.0076,16000,1024,434.94,0.9817,0.0135,0.0042,0.0006
2026-08-27T15:02:09.890+02:00,1000,1024,1024,1056,4,56,0,411,0,49,0,0.0237,0.0206,0.0319,0.0702,0.069,0.1141,2.704,2.709,3.366,44.12,71.98,265.47,0.008,0.0063,0.01,106.7,38.94,4.5,0.0065,0.0059,0.0097,15.71,5.99,31.93,0.0061,0.0058,0.0091,16000,1024,666.34,0.9837,0.0121,0.0038,0.0004
2026-08-27T15:02:39.891+02:00,1000,1024,1024,1056,4,56,1,412,0,49,0,0.0236,0.0203,0.0463,0.0771,0.0712,0.6933,2.958,2.93,99.418,194.18,30.98,57.27,0.0077,0.0071,0.0128,146.74,7.88,111.46,0.0071,0.0063,0.011,23.39,113.89,68.47,0.0068,0.0057,0.0093,16000,1024,525.03,0.9501,0.0334,0.015,0.0015
2026-08-27T15:03:09.891+02:00,1000,1024,1024,1056,4,56,0,412,0,49,0,0.0246,0.0211,0.0321,0.1035,0.076,0.1194,3.174,2.813,3.021,133.63,47.88,44.14,0.0073,0.0063,0.0113,68.18,90.78,9.39,0.0064,0.0062,0.0108,88.81,2.9,75.49,0.0062,0.006,0.0097,16000,1024,372.67,0.9404,0.04,0.0175,0.002
2026-08-27T15:03:39.893+02:00,1000,1024,1024,1056,4,56,0,412,0,49,0,0.0228,0.0204,0.0485,0.0905,0.0699,0.7739,3.402,3.057,128.062,51.76,202.72,76.17,0.0074,0.0079,0.0089,31.01,187.98,151.93,0.007,0.0077,0.0093,114.55,162.22,110.32,0.0071,0.0063,0.0083,16000,1024,426.37,0.941,0.0438,0.0135,0.0017
2026-08-27T15:04:09.892+02:00,1000,1024,1024,1056,4,58,2,414,1,50,0,0.0236,0.0217,0.0314,0.072,0.0771,0.1083,2.739,3.134,3.182,66.51,96.62,107.71,0.0075,0.0073,0.0105,23.24,49.91,45.77,0.0072,0.0071,0.0087,11.29,118.22,150.8,0.007,0.0056,0.0088,16000,1024,1003.11,0.961,0.0374,0.0014,0.0002
2026-08-27T15:04:39.894+02:00,1000,1024,1024,1056,4,59,1,415,1,51,0,0.0235,0.0201,0.0501,0.0757,0.0754,0.7735,2.972,3.23,114.117,57.6,39.0,55.43,0.0086,0.0061,0.0138,22.18,23.88,16.55,0.008,0.0058,0.0111,215.9,138.95,5.15,0.0067,0.0054,0.0093,16000,1024,715.2,0.9786,0.0153,0.0055,0.0006
2026-08-27T15:05:09.894+02:00,1000,1024,1024,1056,4,59,0,415,0,51,0,0.0226,0.0205,0.0465,0.0918,0.1055,0.6655,3.263,3.894,84.152,238.32,38.4,114.39,0.0066,0.0067,0.0137,144.86,197.17,200.17,0.0068,0.0062,0.0129,193.55,114.39,37.89,0.0064,0.006,0.0132,16000,1024,430.2,0.9721,0.0172,0.0094,0.0013
2026-08-27T15:05:39.894+02:00,1000,1024,1024,1056,4,59,0,415,0,51,0,0.0224,0.0387,0.3008,0.0733,0.1777,1.5942,3.051,7.119,11.371,81.8,28.32,9.95,0.0079,0.0125,0.1024,103.04,1.9,18.78,0.0075,0.0121,0.0865,75.97,10.28,1.59,0.0055,0.0117,0.0725,16000,1024,1568.56,0.9809,0.0153,0.0031,0.0006
2026-08-27T15:06:09.894+02:00,1000,1024,1024,1056,4,60,0,415,0,51,0,0.0241,0.0195,0.0461,0.0737,0.0588,0.7034,3.056,2.732,107.232,11.3,174.63,82.22,0.0098,0.0062,0.0093,138.44,124.84,99.33,0.0072,0.006,0.0094,50.5,165.11,253.0,0.007,0.0056,0.0081,16000,1024,659.23,0.9788,0.0133,0.0073,0.0006
2026-08-27T15:06:39.904+02:00,1000,1024,1032,1065,4,60,26,441,4,55,0,0.0268,0.0233,0.069,0.0939,0.1006,0.7015,3.724,3.797,52.315,130.14,46.72,18.72,0.0089,0.0073,0.0215,41.93,94.75,117.05,0.0076,0.0068,0.0207,15.97,10.34,91.6,0.0074,0.0069,0.0207,16000,1024,711.3,0.9721,0.0221,0.0053,0.0006
2026-08-27T15:07:09.894+02:00,1000,1024,1024,1056,4,63,2,443,0,55,0,0.024,0.0204,0.0832,0.0684,0.0679,0.6149,2.771,2.949,32.98,110.61,179.13,2.22,0.0083,0.0074,0.0272,27.38,172.8,348.67,0.007,0.0067,0.0257,120.51,76.56,103.15,0.0072,0.0067,0.0244,16000,1024,478.41,0.8877,0.0913,0.0191,0.0018
2026-08-27T15:07:39.895+02:00,1000,1024,1024,1056,4,63,0,443,0,55,0,0.0227,0.0206,0.0314,0.0815,0.0726,0.1091,2.936,2.978,2.992,65.16,90.06,134.64,0.0076,0.008,0.0095,42.3,10.18,76.18,0.0076,0.0071,0.0087,15.41,222.3,95.91,0.0069,0.0065,0.0086,16000,1024,397.25,0.9418,0.0487,0.0087,0.0008
2026-08-27T15:08:09.896+02:00,1000,1024,1024,1056,4,63,0,443,0,55,0,0.0238,0.0216,0.0329,0.0658,0.0659,0.1111,2.643,2.821,3.218,3.25,72.87,1.67,0.0083,0.0079,0.0105,40.71,3.13,41.04,0.0078,0.0064,0.0101,84.64,100.68,10.94,0.0076,0.0061,0.0103,16000,1024,521.88,0.9478,0.0421,0.0092,0.001
2026-08-27T15:08:39.895+02:00,1000,1024,1024,1056,4,63,12,455,0,55,0,0.024,0.023,0.0766,0.076,0.0942,0.7051,2.929,3.797,49.174,11.75,50.65,16.89,0.0085,0.0081,0.0193,39.13,10.92,41.11,0.0081,0.0074,0.0159,93.11,85.39,172.12,0.0077,0.0079,0.0169,16000,1024,615.66,0.9749,0.0191,0.0055,0.0005
2026-08-27T15:09:09.896+02:00,1000,1024,1024,1056,4,64,0,455,0,55,0,0.0251,0.0197,0.0455,0.0802,0.0699,0.6885,2.973,3.082,101.063,19.18,21.92,18.83,0.0104,0.0064,0.0103,52.64,115.86,35.0,0.0078,0.0059,0.0095,76.83,95.04,64.54,0.0068,0.0056,0.0089,16000,1024,651.48,0.9806,0.0152,0.0036,0.0006
2026-08-27T15:09:39.896+02:00,1000,1024,1024,1056,4,64,1,456,0,55,0,0.0235,0.0192,0.0341,0.0854,0.0713,0.109,3.011,3.066,2.905,84.56,100.6,7.37,0.0086,0.006,0.0147,110.58,80.97,165.85,0.0072,0.0059,0.0103,77.03,29.32,86.16,0.0069,0.0059,0.0095,16000,1024,608.12,0.9406,0.0446,0.0131,0.0017
2026-08-27T15:10:09.897+02:00,1000,1024,1024,1056,4,64,4,460,0,55,0,0.0235,0.0208,0.042,0.0925,0.0771,0.5957,3.38,3.265,76.83,115.54,120.2,29.24,0.0076,0.0079,0.0136,61.13,47.72,19.11,0.0073,0.0072,0.013,99.89,2.64,54.92,0.0068,0.0063,0.0113,16000,1024,451.33,0.9628,0.0251,0.0111,0.0009
2026-08-27T15:10:39.897+02:00,1000,1024,1024,1056,4,64,0,460,0,55,0,0.0236,0.0196,0.0312,0.0795,0.0796,0.1086,3.308,3.293,3.264,80.38,36.47,133.04,0.0071,0.0056,0.0112,174.16,67.69,19.63,0.0073,0.0056,0.0095,20.84,161.17,138.99,0.0066,0.005,0.0099,16000,1024,472.61,0.9436,0.0475,0.0078,0.001
2026-08-27T15:11:09.897+02:00,1000,1024,1024,1056,4,65,2,462,0,55,0,0.0233,0.0205,0.0419,0.0983,0.0804,0.6278,3.366,3.167,94.718,35.79,29.57,78.01,0.0083,0.0063,0.0116,139.68,89.79,223.36,0.007,0.0061,0.0118,19.22,223.84,131.9,0.0072,0.006,0.0108,16000,1024,575.38,0.9701,0.0173,0.0114,0.0012
2026-08-27T15:11:39.899+02:00,1000,1024,1024,1056,4,65,3,465,0,55,0,0.024,0.0217,0.0426,0.0724,0.0756,0.5792,2.905,3.322,67.379,92.73,59.54,4.68,0.0078,0.0075,0.0137,60.61,3.63,33.07,0.0073,0.0074,0.0129,2.79,242.71,127.16,0.0073,0.0071,0.0127,16000,1024,1320.89,0.9303,0.058,0.0097,0.002
2026-08-27T15:12:09.901+02:00,1000,1024,1024,1056,4,65,0,465,0,55,0,0.023,0.0212,0.0305,0.082,0.0628,0.0975,2.989,2.762,2.814,126.0,21.39,91.59,0.0069,0.007,0.0093,68.03,200.16,78.75,0.007,0.0061,0.0088,155.48,77.98,19.05,0.0062,0.0058,0.0092,16000,1024,315.79,0.8623,0.1021,0.0327,0.0029
2026-08-27T15:12:39.899+02:00,1000,1024,1024,1056,4,67,1,466,0,55,0,0.0214,0.0204,0.056,0.0688,0.0972,0.7022,3.039,3.619,92.489,208.07,165.8,46.11,0.0067,0.0067,0.0103,247.47,185.52,197.17,0.0071,0.0058,0.0099,107.1,57.75,149.4,0.0066,0.0058,0.0097,16000,1024,1394.63,0.9885,0.0093,0.0019,0.0003
2026-08-27T15:13:09.901+02:00,1000,1024,1024,1056,4,67,1,467,0,55,0,0.0227,0.0211,0.0326,0.0875,0.0664,0.1061,3.11,2.854,2.747,73.48,94.58,36.48,0.0078,0.0074,0.012,23.37,75.24,56.38,0.0074,0.0069,0.0103,142.11,61.96,81.78,0.0074,0.0068,0.01,16000,1024,519.91,0.8694,0.1105,0.0183,0.0018
2026-08-27T15:13:39.906+02:00,1000,1024,1024,1056,4,68,1,468,0,55,0,0.0229,0.0202,0.031,0.0835,0.0667,0.0946,3.219,2.907,2.712,122.72,121.24,6.19,0.0082,0.0071,0.0097,158.7,85.1,136.32,0.007,0.007,0.0109,142.36,211.48,22.45,0.0065,0.0073,0.0087,16000,1024,337.04,0.8992,0.0728,0.0244,0.0037
2026-08-27T15:14:09.900+02:00,1000,1024,1024,1056,4,70,0,468,0,55,0,0.0228,0.0209,0.0452,0.0953,0.114,0.6742,3.365,4.088,97.278,242.59,18.6,109.5,0.007,0.0062,0.0104,106.9,14.05,4.89,0.0064,0.0058,0.009,116.83,210.03,87.64,0.0066,0.0052,0.0088,16000,1024,884.7,0.9466,0.0443,0.0084,0.0008
2026-08-27T15:14:39.901+02:00,1000,1024,1024,1056,4,71,1,469,0,55,0,0.0234,0.0203,0.0469,0.0708,0.0754,0.717,2.563,3.274,103.884,7.44,262.37,46.88,0.0093,0.0064,0.0179,225.96,42.02,145.62,0.0069,0.0058,0.0129,78.22,113.76,206.1,0.0058,0.0066,0.0116,16000,1024,367.65,0.9618,0.0263,0.0106,0.0013
2026-08-27T15:15:09.901+02:00,1000,1024,1024,1056,4,71,1,470,0,55,0,0.0231,0.0202,0.0471,0.0844,0.059,0.7177,3.091,2.591,104.781,83.06,21.09,25.95,0.0078,0.0074,0.0171,63.95,33.12,74.91,0.0074,0.0054,0.0159,180.81,51.16,49.11,0.0066,0.0062,0.0144,16000,1024,928.94,0.9464,0.0443,0.0085,0.0008
2026-08-27T15:15:39.901+02:00,1000,1024,1024,1056,4,72,7,477,0,55,0,0.0236,0.0217,0.0726,0.0811,0.0782,0.8268,2.813,2.973,65.554,79.19,155.56,131.91,0.0077,0.0081,0.0158,26.61,231.15,127.24,0.0075,0.0051,0.0141,60.61,202.01,92.44,0.0065,0.0049,0.014,16000,1024,458.96,0.948,0.045,0.0061,0.0008
2026-08-27T15:16:39.902+02:00,1000,1024,1024,1056,5,72,8,492,2,57,0,0.0246,0.023,0.2273,0.0899,0.0941,1.4375,3.182,3.506,14.132,84.47,41.94,2.54,0.009,0.0083,0.1017,1.46,70.27,7.78,0.0082,0.0082,0.0649,21.63,7.96,82.74,0.007,0.0069,0.061,16000,1024,488.31,0.9576,0.0367,0.0049,0.0008
2026-08-27T15:17:09.904+02:00,1000,1024,1024,1056,5,72,0,492,0,57,0,0.0233,0.0214,0.0311,0.0661,0.062,0.1174,2.687,2.811,3.386,111.3,76.02,92.81,0.0071,0.0068,0.0091,6.78,33.22,131.99,0.0067,0.0065,0.0087,142.42,54.74,139.35,0.0066,0.0059,0.0085,16000,1024,1270.44,0.9919,0.0066,0.0013,0.0002
2026-08-27T15:17:39.902+02:00,1000,1024,1024,1056,5,72,0,492,0,57,0,0.0232,0.0213,0.0411,0.0826,0.0741,0.584,3.024,2.861,76.59,163.7,64.05,79.52,0.0075,0.0078,0.0092,224.32,39.69,44.06,0.0067,0.0067,0.0079,74.01,151.67,86.78,0.0065,0.006,0.0078,16000,1024,431.4,0.9446,0.0371,0.0168,0.0014
2026-08-27T15:18:39.903+02:00,1000,1024,1024,1056,6,73,0,503,0,59,0,0.0231,0.02,0.0491,0.08,0.0729,0.8002,3.031,2.989,135.257,196.41,129.25,30.92,0.0062,0.0057,0.0107,54.2,145.81,47.64,0.0063,0.0055,0.0099,170.02,92.32,237.26,0.006,0.0054,0.0093,16000,1024,761.34,0.9771,0.0184,0.0037,0.0008
2026-08-27T15:19:09.904+02:00,1000,1024,1024,1056,6,73,0,503,0,59,0,0.024,0.0205,0.0332,0.0827,0.0586,0.1105,2.643,2.912,3.025,107.22,32.34,52.97,0.0072,0.0074,0.0102,1.61,114.63,85.41,0.0071,0.0061,0.0109,120.47,214.47,30.71,0.0073,0.0059,0.0094,16000,1024,1502.96,0.9852,0.0117,0.0027,0.0004
2026-08-27T15:19:39.914+02:00,1000,1024,1032,1064,6,74,20,523,9,68,0,0.0231,0.0207,0.0326,0.0684,0.0633,0.1319,2.89,2.764,3.179,50.23,83.23,41.52,0.0071,0.0074,0.0124,120.43,9.69,112.58,0.0063,0.0062,0.0103,28.55,226.0,98.68,0.0061,0.0063,0.0094,16000,1024,646.24,0.9643,0.0247,0.0094,0.0016
2026-08-27T15:20:09.905+02:00,1000,1024,1024,1056,6,75,0,523,0,68,0,0.0227,0.0207,0.0431,0.0834,0.1039,0.6143,2.917,3.616,74.251,128.69,48.46,47.1,0.0068,0.0071,0.0108,71.23,82.54,59.28,0.0063,0.0067,0.0107,105.37,178.9,64.28,0.0062,0.0056,0.0104,16000,1024,436.69,0.9493,0.0403,0.0093,0.001
2026-08-27T15:20:39.906+02:00,1000,1024,1024,1056,6,76,3,526,0,68,0,0.0242,0.0214,0.1818,0.093,0.0974,1.3136,3.112,3.669,17.643,106.3,131.98,10.17,0.008,0.0056,0.0408,13.53,52.71,2.44,0.0075,0.0054,0.0347,56.97,6.63,86.79,0.0077,0.0056,0.0312,16000,1024,686.59,0.962,0.0308,0.0061,0.0011
2026-08-27T15:21:09.907+02:00,1000,1024,1024,1056,6,77,0,526,0,68,0,0.0239,0.0202,0.0308,0.0704,0.0675,0.0926,2.638,2.94,2.872,126.13,96.89,109.41,0.0078,0.0071,0.0098,16.67,13.51,23.7,0.0072,0.0062,0.0086,55.2,192.68,204.99,0.007,0.0061,0.0083,16000,1024,662.74,0.9812,0.013,0.0053,0.0005
2026-08-27T15:21:39.906+02:00,1000,1024,1024,1056,6,78,0,526,0,68,0,0.0241,0.0213,0.1967,0.0969,0.0837,1.2368,3.121,3.175,15.853,39.82,28.7,3.49,0.0081,0.0088,0.0793,16.65,16.97,333.32,0.0074,0.0076,0.0526,50.17,153.21,14.02,0.0076,0.0069,0.0583,16000,1024,725.86,0.9647,0.0327,0.0023,0.0003
2026-08-27T15:23:09.923+02:00,1000,1024,1027,1059,8,80,4,550,1,70,0,0.0237,0.0228,0.0608,0.0774,0.0977,0.6965,2.898,3.171,73.509,82.27,157.09,156.75,0.0072,0.0068,0.021,92.6,98.3,143.43,0.0068,0.0063,0.019,26.57,92.41,209.27,0.0068,0.0063,0.0169,16000,1024,3346.48,0.9974,0.002,0.0005,0.0001
2026-08-27T15:23:39.921+02:00,1000,1024,1024,1056,8,80,6,556,0,70,0,0.0227,0.0223,0.0763,0.0831,0.0915,0.7845,2.901,3.473,52.369,71.03,77.22,319.39,0.008,0.007,0.0268,55.17,4.81,154.09,0.0078,0.0062,0.0269,21.7,145.4,207.12,0.0066,0.0059,0.0263,16000,1024,716.06,0.9535,0.0385,0.0068,0.0011
2026-08-27T15:24:09.919+02:00,1000,1024,1024,1056,8,80,2,558,0,70,0,0.022,0.0212,0.0534,0.0742,0.0794,0.7588,2.978,2.995,103.254,134.0,5.66,188.12,0.007,0.0067,0.0124,27.22,63.73,94.47,0.0065,0.0066,0.0105,57.24,140.98,174.52,0.007,0.0064,0.0104,16000,1024,1092.8,0.979,0.0156,0.0049,0.0005
2026-08-27T15:24:39.920+02:00,1000,1024,1024,1056,8,80,0,558,0,70,0,0.0238,0.0204,0.1805,0.0724,0.0658,1.484,2.747,2.899,23.237,3.65,95.49,3.45,0.008,0.0057,0.0374,45.95,147.75,9.53,0.0075,0.0055,0.0276,85.27,175.45,14.64,0.0074,0.0057,0.023,16000,1024,674.06,0.9843,0.0114,0.0038,0.0005
2026-08-27T15:25:09.920+02:00,1000,1024,1024,1056,8,81,0,558,0,70,0,0.0226,0.0206,0.0445,0.0794,0.1037,0.5721,2.867,3.981,54.066,58.95,40.24,95.28,0.0092,0.0085,0.0187,70.89,81.89,79.03,0.0084,0.0065,0.015,5.83,153.83,178.88,0.0063,0.0062,0.0141,16000,1024,454.45,0.9762,0.0174,0.0057,0.0007
2026-08-27T15:25:39.926+02:00,1000,1024,1030,1063,8,81,1,559,0,70,0,0.7193,0.2237,0.0611,1.1819,0.38,0.207,1.56,1.455,2.605,49.2,49.2,5.72,1.0404,0.3212,0.0488,54.92,147.65,49.2,0.0686,0.0342,0.0501,147.49,54.87,98.93,0.0375,0.0165,0.0231,16000,1024,423.18,0.7512,0.2003,0.0269,0.0216
2026-08-27T15:26:09.921+02:00,1000,1024,1024,1056,8,81,0,559,0,70,0,0.5571,0.2289,0.0749,0.8827,0.3914,0.8347,1.596,1.476,29.534,49.23,49.23,49.26,0.8089,0.3281,0.0734,147.58,147.67,98.29,0.051,0.0485,0.0186,99.14,99.68,147.76,0.0133,0.0185,0.0135,16000,1024,2348.4,0.9912,0.0068,0.0015,0.0005
2026-08-27T15:26:39.922+02:00,1000,1024,1024,1056,8,81,0,559,0,70,0,0.5129,0.2364,0.0808,0.7968,0.401,0.7127,1.587,1.539,22.262,49.37,49.37,49.35,0.7494,0.3417,0.0868,148.18,148.24,98.92,0.049,0.0386,0.023,98.81,99.91,148.41,0.0177,0.0154,0.0179,16000,1024,864.03,0.809,0.1737,0.0126,0.0046
2026-08-27T15:27:09.922+02:00,1000,1024,1024,1056,8,81,0,559,0,70,0,0.5216,0.2383,0.1415,0.8157,0.4169,1.3577,1.588,1.535,35.55,49.41,49.42,49.52,0.7585,0.3406,0.096,148.27,148.44,2.28,0.0421,0.0358,0.0728,99.31,99.59,9.81,0.0182,0.0243,0.056,16000,1024,577.25,0.7953,0.1854,0.0165,0.0028
2026-08-27T15:27:39.924+02:00,1000,1024,1024,1056,8,81,3,562,1,71,0,0.5102,0.2371,0.0804,0.8043,0.3781,0.7518,1.599,1.51,20.535,49.4,49.39,49.39,0.7422,0.3435,0.0834,148.19,148.31,98.61,0.0453,0.0331,0.0155,99.02,99.26,197.92,0.0232,0.0221,0.0152,16000,1024,794.99,0.916,0.0736,0.0083,0.0021
2026-08-27T15:28:39.923+02:00,1000,1024,1024,1056,9,82,0,577,0,71,0,0.4911,0.2363,0.0828,0.7783,0.4025,0.7567,1.599,1.532,25.227,49.41,49.4,49.37,0.7134,0.3399,0.0827,148.25,148.23,98.45,0.0501,0.0283,0.0257,197.63,100.11,203.28,0.017,0.0197,0.0239,16000,1024,664.63,0.8177,0.1607,0.0161,0.0055
2026-08-27T15:29:09.926+02:00,1000,1024,1024,1056,9,83,3,580,0,71,0,0.4826,0.2334,0.0878,0.8017,0.4059,0.7738,1.617,1.525,24.246,49.35,49.35,49.39,0.7026,0.3384,0.0871,148.07,148.15,99.01,0.0483,0.0297,0.0316,197.49,100.19,147.64,0.0154,0.0167,0.0222,16000,1024,525.28,0.6277,0.3477,0.0177,0.0068
2026-08-27T15:29:39.925+02:00,1000,1024,1024,1056,9,84,3,583,1,72,0,0.4874,0.2366,0.0709,0.8058,0.3974,0.203,1.601,1.529,2.402,49.4,49.4,49.42,0.6737,0.3221,0.0823,148.18,41.14,98.88,0.0565,0.0254,0.0211,28.35,62.1,75.21,0.0476,0.0247,0.0154,16000,1024,1035.79,0.871,0.1222,0.0046,0.0022
2026-08-27T15:30:09.925+02:00,1000,1024,1024,1056,9,84,0,583,0,72,0,0.5138,0.2302,0.0761,0.8194,0.3872,0.7635,1.613,1.506,20.644,49.31,49.32,49.25,0.7479,0.3354,0.0845,147.93,148.14,99.12,0.0603,0.035,0.0303,99.3,99.68,81.41,0.0165,0.0145,0.0182,16000,1024,404.23,0.781,0.1918,0.0171,0.0102
2026-08-27T15:30:39.931+02:00,1000,1024,1024,1056,9,84,1,584,0,72,0,0.5223,0.2318,0.0746,0.8512,0.3797,0.5612,1.61,1.509,9.172,49.31,49.31,49.31,0.7592,0.3347,0.0856,147.9,148.09,98.77,0.0567,0.0348,0.0205,36.21,99.39,197.11,0.0133,0.023,0.0152,16000,1024,656.85,0.8902,0.1016,0.0055,0.0027
2026-08-27T15:31:09.926+02:00,1000,1024,1024,1056,9,84,0,584,0,72,0,0.5341,0.2314,0.0677,0.8564,0.3924,0.1948,1.617,1.486,2.298,49.16,49.17,49.11,0.7538,0.3264,0.0796,147.41,147.59,98.83,0.0572,0.0413,0.0261,98.51,99.44,147.6,0.0174,0.017,0.0226,16000,1024,751.33,0.8338,0.1504,0.0118,0.004
2026-08-27T15:31:39.926+02:00,1000,1024,1024,1056,9,84,0,584,0,72,0,0.5503,0.2292,0.0648,0.8783,0.4014,0.1771,1.616,1.487,2.336,49.29,49.29,49.3,0.8075,0.3345,0.08,147.84,147.9,147.85,0.0611,0.0386,0.0204,197.17,99.54,98.72,0.0169,0.0208,0.0153,16000,1024,2530.13,0.9622,0.032,0.0044,0.0014
2026-08-27T15:32:09.926+02:00,1000,1024,1024,1056,9,86,0,584,0,72,0,0.5585,0.228,0.0657,0.895,0.3746,0.1779,1.617,1.493,2.345,49.27,49.27,49.28,0.8151,0.3318,0.0774,147.82,147.83,98.88,0.0662,0.038,0.0227,98.39,100.14,147.88,0.0151,0.0165,0.0239,16000,1024,734.87,0.9054,0.0864,0.0061,0.0021
2026-08-27T15:32:39.927+02:00,1000,1024,1024,1056,9,86,2,586,0,72,0,0.5604,0.2266,0.0822,0.9028,0.3636,0.8208,1.626,1.494,29.326,49.27,49.28,49.3,0.8188,0.3277,0.0821,147.8,147.74,100.69,0.0682,0.0375,0.0231,99.04,99.67,147.56,0.0177,0.0184,0.0223,16000,1024,598.97,0.8519,0.1334,0.0096,0.0051
2026-08-27T15:33:09.926+02:00,1000,1024,1024,1056,9,86,1,587,0,72,0,0.5689,0.2259,0.067,0.9389,0.388,0.1908,1.631,1.494,2.511,49.25,49.25,49.27,0.827,0.3264,0.0827,147.68,147.78,147.65,0.0678,0.0371,0.0254,99.22,99.52,98.42,0.015,0.0177,0.0175,16000,1024,1555.06,0.9353,0.0583,0.0044,0.002
2026-08-27T15:33:39.926+02:00,1000,1024,1024,1056,9,86,0,587,0,72,0,0.5766,0.2241,0.0718,0.9023,0.3756,0.6112,1.621,1.493,11.629,49.26,49.27,49.32,0.8411,0.3232,0.085,147.83,147.74,98.5,0.0682,0.037,0.0261,197.12,100.23,147.86,0.016,0.0153,0.0164,16000,1024,737.81,0.8414,0.1433,0.0125,0.0029
2026-08-27T15:34:09.927+02:00,1000,1024,1024,1056,9,86,1,588,0,72,0,0.5829,0.2259,0.0636,0.9207,0.3732,0.1988,1.622,1.486,2.583,49.25,49.24,49.19,0.8482,0.3262,0.0764,147.73,147.62,147.78,0.0724,0.0348,0.0233,197.13,99.83,98.58,0.0106,0.0166,0.0194,16000,1024,860.79,0.7422,0.2437,0.0098,0.0043
2026-08-27T15:34:39.933+02:00,1000,1024,1029,1061,9,88,34,622,3,75,0,0.5982,0.2252,0.1213,1.0356,0.3756,0.7397,1.669,1.489,17.755,35.66,35.68,42.72,0.303,0.1137,0.0365,48.82,48.82,30.73,0.2264,0.0898,0.0384,43.32,15.64,36.24,0.2295,0.0854,0.0318,16000,1024,597.16,0.9184,0.0708,0.006,0.0048
2026-08-27T15:35:09.928+02:00,1000,1024,1024,1056,9,88,0,622,0,75,0,0.6006,0.2182,0.2569,0.9833,0.3642,1.7987,1.633,1.528,14.671,49.24,49.22,48.8,0.8732,0.3067,0.099,147.74,147.82,4.1,0.0785,0.0399,0.091,197.1,100.22,98.53,0.0187,0.0191,0.0845,16000,1024,1342.37,0.9803,0.0179,0.0014,0.0005
2026-08-27T15:35:39.928+02:00,1000,1024,1024,1056,9,88,2,624,0,75,0,0.6073,0.2225,0.0906,0.9842,0.3732,1.1332,1.641,1.522,44.489,49.25,49.26,49.13,0.821,0.2973,0.0697,147.79,147.8,148.13,0.0733,0.0357,0.025,54.68,43.13,98.13,0.0454,0.0207,0.0255,16000,1024,518.23,0.8231,0.1547,0.0171,0.0051
2026-08-27T15:36:09.930+02:00,1000,1024,1025,1057,9,88,1,625,0,75,0,0.6275,0.2213,0.1788,0.992,0.3862,1.3268,1.63,1.536,19.888,49.25,49.26,49.31,0.9123,0.3226,0.0967,147.76,147.64,147.59,0.0723,0.0407,0.0414,197.25,100.21,197.09,0.0156,0.0171,0.0399,16000,1024,2903.72,0.9869,0.0119,0.001,0.0002
2026-08-27T15:36:39.929+02:00,1000,1024,1024,1056,9,88,6,631,2,77,0,0.6237,0.219,0.1011,1.015,0.3864,0.7819,1.653,1.498,23.832,49.27,49.27,49.3,0.7388,0.2594,0.0638,53.24,42.51,148.15,0.1413,0.0482,0.0315,43.46,53.61,2.07,0.1303,0.0455,0.024,16000,1024,692.98,0.8227,0.1652,0.008,0.0041
2026-08-27T15:37:09.929+02:00,1000,1024,1024,1056,9,88,2,633,0,77,0,0.6308,0.2226,0.0782,1.0263,0.3797,0.6485,1.641,1.514,18.971,49.23,49.23,49.24,0.8725,0.3056,0.07,147.7,147.65,147.65,0.0734,0.0373,0.0273,27.08,19.82,196.83,0.0608,0.0227,0.0185,16000,1024,729.94,0.7536,0.2264,0.014,0.006
2026-08-27T15:38:09.930+02:00,1000,1024,1024,1056,10,88,0,648,0,77,0,0.6448,0.2188,0.2097,1.2191,0.3805,0.8892,1.637,1.553,7.608,49.23,49.23,129.97,0.9361,0.3096,0.0711,147.61,147.63,317.18,0.0783,0.0494,0.0687,214.63,56.46,48.96,0.0164,0.0139,0.0681,16000,1024,533.91,0.8401,0.1478,0.0088,0.0032
2026-08-27T15:38:39.931+02:00,1000,1024,1024,1056,10,89,1,649,0,77,0,0.6457,0.2218,0.0771,1.0268,0.3853,0.8328,1.636,1.499,27.491,49.2,49.19,49.2,0.9373,0.3184,0.0808,147.56,147.6,98.39,0.0814,0.0426,0.0231,99.5,99.86,147.84,0.0133,0.0184,0.0198,16000,1024,449.94,0.7242,0.2565,0.014,0.0053
2026-08-27T15:39:09.932+02:00,1000,1024,1024,1056,10,89,0,649,0,77,0,0.6516,0.2193,0.074,1.0286,0.3637,0.6422,1.623,1.488,13.146,49.21,49.21,49.2,0.9448,0.3135,0.0788,147.58,147.58,147.56,0.0746,0.0399,0.0289,99.58,100.02,98.25,0.0134,0.0216,0.0244,16000,1024,419.14,0.8178,0.1542,0.0215,0.0065
2026-08-27T15:39:39.932+02:00,1000,1024,1024,1056,10,89,0,649,0,77,0,0.66,0.2216,0.1201,1.0541,0.3848,0.7389,1.635,1.483,19.827,49.19,49.21,48.93,0.9584,0.3184,0.0937,147.53,147.58,460.72,0.0803,0.0401,0.0312,196.74,99.9,355.1,0.0147,0.017,0.034,16000,1024,620.21,0.9247,0.0669,0.006,0.0024
2026-08-27T15:40:09.933+02:00,1000,1024,1024,1056,10,90,3,652,1,78,0,0.6632,0.2196,0.0907,1.0816,0.3733,0.755,1.639,1.503,24.756,49.15,49.15,49.35,0.8889,0.2925,0.065,41.29,147.58,6.5,0.0885,0.0394,0.0317,25.21,37.25,13.61,0.0828,0.0289,0.0292,16000,1024,663.66,0.8346,0.153,0.0091,0.0033
2026-08-27T15:40:39.932+02:00,1000,1024,1024,1056,10,90,1,653,0,78,0,0.67,0.2198,0.0729,1.0571,0.3758,0.5927,1.617,1.483,9.745,49.17,49.17,49.18,0.9293,0.3031,0.0794,147.52,147.38,147.51,0.0784,0.0393,0.032,33.25,37.12,98.6,0.044,0.0161,0.0209,16000,1024,1543.36,0.9715,0.0256,0.002,0.001
2026-08-27T15:41:09.932+02:00,1000,1024,1024,1056,10,91,0,653,0,78,0,0.6787,0.2181,0.1147,1.0755,0.3718,1.2425,1.641,1.49,45.503,49.18,49.18,49.21,0.9822,0.3142,0.0768,147.5,147.49,147.45,0.0835,0.0409,0.034,196.38,99.99,98.09,0.0116,0.0195,0.0244,16000,1024,507.73,0.8546,0.1317,0.0102,0.0036
2026-08-27T15:41:39.943+02:00,1000,1024,1024,1056,10,92,0,653,0,78,0,0.6858,0.219,0.0715,1.0943,0.3746,0.7573,1.632,1.5,26.189,49.19,49.18,49.25,0.9967,0.3141,0.0716,147.51,147.52,147.43,0.0827,0.0421,0.0315,99.93,99.75,98.16,0.0111,0.0175,0.025,16000,1024,2618.22,0.9835,0.0149,0.0012,0.0003
2026-08-27T15:42:09.935+02:00,1000,1024,1024,1056,10,92,3,656,1,79,0,0.6877,0.2192,0.0661,1.0887,0.3821,0.1752,1.64,1.515,2.575,49.17,49.18,49.09,0.9681,0.3053,0.0766,147.5,147.41,147.3,0.081,0.0404,0.0281,29.26,100.09,99.14,0.0306,0.0165,0.0179,16000,1024,644.34,0.8841,0.1046,0.0087,0.0026
2026-08-27T15:42:39.934+02:00,1000,1024,1024,1056,10,92,0,656,0,79,0,0.704,0.2205,0.0661,1.1215,0.3765,0.1967,1.63,1.525,2.468,49.14,49.15,49.08,1.0087,0.3122,0.0739,147.4,147.38,147.35,0.0815,0.0379,0.0292,53.22,99.98,98.72,0.0218,0.017,0.0252,16000,1024,442.64,0.7087,0.2534,0.0317,0.0062
2026-08-27T15:43:09.934+02:00,1000,1024,1024,1056,10,92,0,656,0,79,0,0.7046,0.2186,0.0714,1.144,0.3901,0.5912,1.63,1.509,10.892,49.19,49.18,49.17,1.013,0.3122,0.0773,147.54,147.64,147.39,0.0871,0.0391,0.0272,196.82,100.03,98.93,0.0136,0.0162,0.0218,16000,1024,934.71,0.9116,0.0793,0.007,0.0021
2026-08-27T15:43:39.934+02:00,1000,1024,1024,1056,10,92,4,660,0,79,0,0.7187,0.2193,0.0766,1.1451,0.3738,0.8128,1.63,1.514,26.729,49.19,49.2,49.2,1.0253,0.3099,0.0722,147.56,147.6,147.52,0.0881,0.0405,0.0309,33.36,100.13,98.86,0.0157,0.0216,0.0229,16000,1024,409.61,0.8121,0.1727,0.0116,0.0037
2026-08-27T15:44:09.938+02:00,1000,1024,1024,1056,10,92,0,660,0,79,0,0.7171,0.2185,0.0635,1.1296,0.3859,0.1943,1.62,1.499,2.727,49.19,49.19,49.18,1.0342,0.3124,0.0665,147.51,147.4,147.51,0.0824,0.0414,0.0301,197.09,100.14,98.85,0.0142,0.023,0.0262,16000,1024,586.58,0.8615,0.1282,0.008,0.0023
2026-08-27T15:44:39.935+02:00,1000,1024,1024,1056,10,93,2,662,0,79,0,0.7224,0.2203,0.0931,1.1276,0.371,0.6921,1.626,1.496,20.685,49.18,49.17,49.27,1.013,0.306,0.0693,147.5,147.54,147.65,0.0783,0.0373,0.0265,27.22,3.92,98.38,0.0509,0.0175,0.023,16000,1024,656.2,0.9028,0.0846,0.0102,0.0024
2026-08-27T15:45:09.940+02:00,1000,1024,1024,1056,10,93,3,665,0,79,0,0.7339,0.2147,0.0627,1.1818,0.3786,0.1678,1.637,1.512,2.5,49.18,49.19,49.19,1.0156,0.2959,0.0662,147.42,147.48,147.38,0.0916,0.0325,0.0301,37.28,33.16,98.89,0.0659,0.0212,0.0224,16000,1024,639.88,0.7518,0.2266,0.0155,0.0061
2026-08-27T15:45:39.942+02:00,1000,1024,1024,1056,10,93,8,673,0,79,0,0.7355,0.2167,0.1061,1.2684,0.3492,0.8019,1.655,1.517,23.884,49.19,49.21,49.0,0.8832,0.2567,0.0545,34.82,34.66,147.69,0.1176,0.0338,0.0258,18.69,17.8,35.93,0.1015,0.0318,0.0226,16000,1024,461.58,0.6999,0.2735,0.0189,0.0077
2026-08-27T15:46:09.936+02:00,1000,1024,1024,1056,10,93,0,673,0,79,0,0.746,0.2163,0.0775,1.1701,0.3733,0.7193,1.628,1.488,20.539,49.06,49.06,49.04,1.0592,0.3009,0.0678,147.1,147.06,147.05,0.0907,0.0415,0.0393,53.34,99.68,97.82,0.0254,0.0173,0.0208,16000,1024,573.02,0.8278,0.1587,0.0104,0.0031
2026-08-27T15:46:39.937+02:00,1000,1024,1024,1056,10,94,0,673,0,79,0,0.7483,0.2184,0.0806,1.1824,0.3748,0.7581,1.622,1.495,28.566,49.17,49.17,49.17,1.0768,0.3104,0.0771,147.48,147.56,147.5,0.0894,0.0369,0.0313,196.72,100.05,99.07,0.0175,0.0213,0.0306,16000,1024,699.53,0.7605,0.2286,0.008,0.0029
2026-08-27T15:47:09.937+02:00,1000,1024,1024,1056,10,94,1,674,0,79,0,0.7575,0.2193,0.135,1.1822,0.406,1.4663,1.623,1.519,38.075,49.16,49.16,49.25,1.0612,0.3067,0.0731,147.51,147.59,147.15,0.0878,0.0387,0.0291,30.31,100.1,1.46,0.0294,0.024,0.0237,16000,1024,758.68,0.8911,0.0986,0.0078,0.0025
2026-08-27T15:47:39.940+02:00,1000,1024,1024,1056,10,94,0,674,0,79,0,0.7595,0.2168,0.0756,1.1966,0.3694,0.7232,1.615,1.489,28.419,49.17,49.17,49.24,1.093,0.3098,0.065,147.48,147.43,147.6,0.0847,0.0371,0.0283,196.75,100.07,98.61,0.0166,0.017,0.0227,16000,1024,1380.53,0.9265,0.0673,0.0048,0.0015
2026-08-27T15:48:09.938+02:00,1000,1024,1024,1056,10,94,3,677,0,79,0,0.7561,0.2144,0.1349,1.2137,0.3658,1.3611,1.631,1.483,36.502,49.09,49.1,4.84,1.0222,0.2898,0.0702,147.2,147.12,49.2,0.082,0.0342,0.0648,41.6,39.0,9.28,0.0789,0.0257,0.0537,16000,1024,1055.26,0.9031,0.0888,0.0058,0.0023
2026-08-27T15:49:09.938+02:00,1000,1024,1024,1056,11,94,1,680,0,79,0,0.773,0.2189,0.0966,1.2389,0.3939,1.484,1.626,1.493,90.987,49.19,49.2,49.31,1.0839,0.3032,0.0553,147.55,147.55,147.48,0.0909,0.0394,0.0389,38.34,41.29,10.54,0.0614,0.0218,0.0303,16000,1024,867.48,0.9417,0.053,0.004,0.0013
2026-08-27T15:49:39.940+02:00,1000,1024,1024,1056,11,95,0,680,0,79,0,0.784,0.2169,0.0704,1.2302,0.3726,0.7209,1.621,1.506,23.76,49.12,49.12,49.09,1.1163,0.3073,0.0687,147.33,147.47,147.35,0.0853,0.0374,0.0377,53.22,99.94,98.48,0.0242,0.0163,0.0219,16000,1024,1075.84,0.9167,0.0776,0.0043,0.0014
2026-08-27T15:50:09.955+02:00,1000,1024,1038,1070,11,95,4,684,0,79,0,0.787,0.2161,0.0996,1.2986,0.3851,0.8453,1.629,1.511,26.028,49.13,49.14,49.28,1.0312,0.2838,0.0697,35.47,147.27,147.57,0.1071,0.0329,0.0373,21.41,34.51,211.07,0.0918,0.0303,0.0261,16000,1024,1478.29,0.8913,0.1029,0.0046,0.0012
2026-08-27T15:50:39.940+02:00,1000,1024,1024,1056,11,95,0,684,0,79,0,0.7936,0.2125,0.0726,1.2371,0.35,0.8464,1.625,1.504,37.406,49.19,49.18,49.27,1.1509,0.3059,0.068,147.49,147.36,147.43,0.0891,0.0346,0.0319,196.66,100.08,98.12,0.0157,0.0154,0.0304,16000,1024,2653.42,0.9656,0.0309,0.0029,0.0006
2026-08-27T15:51:09.942+02:00,1000,1024,1024,1056,11,95,0,684,0,79,0,0.7997,0.2125,0.0707,1.25,0.3674,0.7696,1.622,1.494,29.621,49.17,49.16,49.1,1.1528,0.3034,0.0643,147.46,147.56,147.51,0.0881,0.0356,0.0293,59.1,99.5,100.36,0.0157,0.0176,0.0201,16000,1024,1694.81,0.9448,0.0506,0.0036,0.001
2026-08-27T15:51:39.941+02:00,1000,1024,1024,1056,11,98,1,685,0,79,0,0.8053,0.2124,0.059,1.2551,0.3579,0.1666,1.628,1.506,2.422,49.16,49.17,49.19,1.1287,0.2942,0.0628,147.45,147.73,147.61,0.0921,0.0376,0.0329,36.19,100.22,98.77,0.0396,0.0195,0.0198,16000,1024,774.93,0.9022,0.0882,0.008,0.0016
2026-08-27T15:52:09.941+02:00,1000,1024,1024,1056,11,98,1,686,0,79,0,0.8085,0.2146,0.0597,1.277,0.3596,0.175,1.618,1.507,2.494,49.2,49.2,49.27,1.1686,0.308,0.063,147.61,147.53,147.49,0.0913,0.0355,0.0316,53.74,100.11,98.69,0.0134,0.0189,0.0269,16000,1024,622.6,0.7362,0.2493,0.011,0.0035
2026-08-27T15:52:39.943+02:00,1000,1024,1024,1056,11,98,1,687,0,79,0,0.8017,0.2127,0.0591,1.269,0.3705,0.1574,1.619,1.494,2.546,49.18,49.18,49.14,1.157,0.3027,0.0653,147.52,147.38,147.62,0.0889,0.0337,0.0326,196.6,99.75,98.4,0.0149,0.022,0.0165,16000,1024,1143.91,0.9291,0.0636,0.006,0.0013
2026-08-27T15:53:09.966+02:00,1000,1024,1048,1080,11,98,34,721,1,80,0,0.7916,0.2073,0.1442,1.3781,0.3619,1.2661,1.733,1.539,21.249,37.27,37.16,48.94,0.3636,0.0921,0.0465,12.94,12.85,7.86,0.3062,0.0804,0.0432,51.22,51.08,84.66,0.2607,0.0659,0.0442,16000,1024,670.05,0.8305,0.1565,0.0101,0.0029
2026-08-27T15:53:39.944+02:00,1000,1024,1024,1056,11,98,0,721,0,80,0,0.8193,0.2135,0.068,1.2719,0.3533,0.6341,1.614,1.48,16.615,49.18,49.19,49.15,1.1818,0.3061,0.0673,147.53,147.69,147.57,0.0899,0.0365,0.036,196.57,99.99,98.36,0.0158,0.0164,0.02,16000,1024,745.57,0.8575,0.1272,0.0126,0.0027
2026-08-27T15:54:09.942+02:00,1000,1024,1024,1056,11,98,2,723,0,80,0,0.8261,0.2139,0.0684,1.2889,0.3641,0.6288,1.612,1.496,15.935,49.19,49.2,49.23,1.1204,0.2876,0.0658,43.89,147.62,147.4,0.1129,0.0338,0.0308,38.78,43.94,99.08,0.1094,0.0315,0.0328,16000,1024,539.09,0.8119,0.1758,0.0101,0.0021
2026-08-27T15:55:09.943+02:00,1000,1024,1024,1056,12,99,0,724,0,80,0,0.8254,0.2102,0.0708,1.2798,0.3626,0.7472,1.617,1.489,25.437,49.11,49.11,49.11,1.1816,0.2966,0.0704,147.3,147.54,147.36,0.085,0.0382,0.0383,53.22,99.86,99.14,0.0196,0.0173,0.0222,16000,1024,617.92,0.8298,0.1541,0.013,0.0031
2026-08-27T15:55:39.944+02:00,1000,1024,1024,1056,12,99,0,724,0,80,0,0.8193,0.2131,0.1858,1.3685,0.3778,1.3976,1.63,1.528,22.55,49.04,49.03,49.14,1.1644,0.2976,0.0648,147.07,146.96,4.95,0.0963,0.0357,0.0404,54.2,99.63,97.9,0.0239,0.023,0.0369,16000,1024,798.0,0.923,0.0707,0.0046,0.0016
2026-08-27T15:56:09.944+02:00,1000,1024,1024,1056,12,99,0,724,0,80,0,0.824,0.2102,0.0683,1.2908,0.3635,0.7043,1.618,1.49,22.762,49.06,49.06,49.08,1.1724,0.2954,0.0586,147.16,147.06,147.21,0.0859,0.0396,0.0329,43.46,99.99,98.69,0.015,0.0249,0.0236,16000,1024,631.41,0.7298,0.2515,0.0148,0.0039
2026-08-27T15:56:39.944+02:00,1000,1024,1024,1056,12,99,1,725,0,80,0,0.847,0.2057,0.2829,1.72,0.3584,2.1485,1.642,1.556,16.73,49.17,49.17,2.35,1.1892,0.2779,0.1568,147.49,147.47,11.95,0.0986,0.0425,0.0845,38.31,2.23,51.8,0.0466,0.0207,0.0788,16000,1024,933.28,0.7798,0.2048,0.0127,0.0027
2026-08-27T15:57:09.945+02:00,1000,1024,1024,1056,12,99,0,725,0,80,0,0.8378,0.2122,0.0719,1.3022,0.3474,0.7767,1.624,1.49,26.18,49.16,49.17,49.13,1.2005,0.3038,0.0658,147.42,147.54,147.48,0.0957,0.0396,0.0355,196.56,100.1,98.77,0.0161,0.0225,0.0312,16000,1024,521.31,0.7245,0.2597,0.0126,0.0032
2026-08-27T15:57:39.947+02:00,1000,1024,1024,1056,12,100,11,736,0,80,0,0.8383,0.2105,0.0805,1.3328,0.3581,0.7235,1.641,1.464,29.33,49.12,49.12,49.33,0.734,0.1801,0.0317,27.78,27.6,27.34,0.2754,0.0734,0.0255,43.8,43.82,147.53,0.1741,0.0475,0.0215,16000,1024,939.23,0.8481,0.1436,0.007,0.0013
2026-08-27T15:58:09.946+02:00,1000,1024,1024,1056,12,100,0,736,0,80,0,0.0222,0.0379,0.3437,0.0813,0.1738,1.8171,3.149,5.276,7.894,174.96,14.56,14.53,0.0076,0.0177,0.1597,20.89,1.46,2.0,0.0072,0.0144,0.1425,10.58,44.34,10.25,0.0061,0.0112,0.1194,16000,1024,622.54,0.977,0.0193,0.0033,0.0004
2026-08-27T15:58:39.946+02:00,1000,1024,1024,1056,12,100,0,736,0,80,0,0.0252,0.0195,0.0457,0.0888,0.0598,0.6379,3.062,2.915,74.073,158.41,104.11,12.41,0.0096,0.0068,0.0185,68.38,246.93,168.13,0.0089,0.0062,0.0142,26.34,14.77,64.89,0.0077,0.0056,0.0137,16000,1024,708.33,0.9799,0.0157,0.0039,0.0005
2026-08-27T15:59:09.950+02:00,1000,1024,1024,1056,12,101,1,737,0,80,0,0.0237,0.0186,0.0306,0.0736,0.0586,0.1053,2.751,2.974,3.141,22.53,180.66,176.05,0.0072,0.006,0.0103,34.45,30.44,59.65,0.007,0.0055,0.0092,169.26,96.65,112.73,0.007,0.0052,0.0091,16000,1024,530.4,0.9648,0.0286,0.0059,0.0006
2026-08-27T15:59:39.955+02:00,1000,1024,1025,1057,12,101,1,738,0,80,0,0.023,0.0193,0.0467,0.0857,0.0857,0.7137,2.934,3.443,106.975,70.48,44.19,159.33,0.0078,0.0062,0.0104,15.34,19.45,10.77,0.0075,0.0058,0.0094,77.72,91.02,17.14,0.0078,0.0058,0.0094,16000,1024,2164.45,0.9936,0.0053,0.0009,0.0001
2026-08-27T16:00:09.948+02:00,1000,1024,1024,1056,12,101,0,738,0,80,0,0.0239,0.0204,0.0318,0.0665,0.0635,0.1074,2.751,2.859,3.132,19.47,50.12,144.27,0.0071,0.0069,0.0098,70.48,104.05,91.64,0.0071,0.006,0.0094,11.49,60.54,196.14,0.0071,0.0053,0.0094,16000,1024,454.67,0.9503,0.0425,0.0063,0.0009
2026-08-27T16:00:39.950+02:00,1000,1024,1024,1056,12,101,1,739,0,80,0,0.0234,0.0198,0.0418,0.0692,0.0683,0.5764,2.714,2.929,71.083,29.8,242.3,153.4,0.0073,0.0062,0.0095,114.78,59.17,133.09,0.0069,0.0063,0.0088,50.67,104.32,98.91,0.0062,0.0057,0.0088,16000,1024,1373.56,0.9575,0.0341,0.007,0.0014
2026-08-27T16:01:09.948+02:00,1000,1024,1024,1056,12,101,4,743,0,80,0,0.0231,0.0217,0.0462,0.075,0.0793,0.6958,2.758,3.22,102.96,93.69,94.76,41.44,0.0066,0.0058,0.0163,171.57,148.85,212.68,0.0064,0.006,0.0152,23.62,186.58,157.36,0.0061,0.0055,0.0131,16000,1024,1223.28,0.9858,0.0108,0.003,0.0003
2026-08-27T16:01:39.949+02:00,1000,1024,1024,1056,12,101,8,751,0,80,0,0.0256,0.0207,0.0608,0.09,0.0784,0.7512,3.679,3.29,86.441,51.85,56.64,127.09,0.01,0.0065,0.0191,119.29,41.19,60.1,0.0077,0.0065,0.0185,74.65,189.39,16.68,0.0084,0.0057,0.0164,16000,1024,409.2,0.9364,0.0542,0.0086,0.0009
2026-08-27T16:02:09.949+02:00,1000,1024,1024,1056,12,101,1,752,0,80,0,0.0239,0.0208,0.0597,0.0702,0.0737,0.6876,2.677,3.42,68.88,20.42,172.21,238.52,0.0078,0.0068,0.0105,106.31,83.28,115.36,0.0073,0.0066,0.01,150.56,90.89,152.61,0.0064,0.0057,0.0108,16000,1024,308.25,0.8515,0.113,0.0319,0.0036
2026-08-27T16:02:39.950+02:00,1000,1024,1024,1056,12,101,3,755,0,80,0,0.0248,0.0211,0.053,0.0817,0.0677,0.6181,3.223,2.922,63.067,13.18,57.39,27.28,0.0082,0.0067,0.0117,155.16,68.75,55.5,0.007,0.0067,0.0108,146.71,47.58,120.26,0.0066,0.0064,0.0102,16000,1024,611.09,0.9647,0.028,0.0067,0.0006
2026-08-27T16:03:09.951+02:00,1000,1024,1024,1056,12,101,2,757,0,80,0,0.0241,0.0215,0.0582,0.0772,0.0996,0.7268,2.926,3.57,92.055,39.12,13.62,371.98,0.0091,0.0066,0.0196,58.72,25.27,45.65,0.0074,0.0063,0.0194,66.82,62.42,71.19,0.0075,0.0061,0.0192,16000,1024,249.09,0.8954,0.0869,0.0145,0.0032
2026-08-27T16:03:39.963+02:00,1000,1024,1035,1068,12,101,12,769,1,81,0,0.0256,0.022,0.0582,0.0784,0.0748,0.7188,2.904,2.982,87.289,87.2,44.0,41.53,0.0088,0.0069,0.0211,115.49,67.34,162.05,0.0076,0.0067,0.0186,34.73,39.06,62.11,0.0075,0.0063,0.019,16000,1024,401.04,0.9587,0.033,0.0074,0.001
2026-08-27T16:04:09.952+02:00,1000,1024,1024,1056,12,101,5,774,0,81,0,0.0228,0.0216,0.0782,0.0787,0.0983,0.7088,2.936,3.593,50.85,84.84,42.44,2.14,0.0074,0.0077,0.0285,153.24,9.65,85.03,0.0061,0.0063,0.0277,15.94,17.45,247.96,0.0059,0.0061,0.0272,16000,1024,530.73,0.9669,0.026,0.0062,0.0009
2026-08-27T16:04:39.969+02:00,1000,1024,1040,1073,12,101,2,776,0,81,0,0.0233,0.0215,0.0309,0.0823,0.0706,0.1019,3.191,2.744,2.958,27.94,165.55,41.87,0.0083,0.0078,0.0113,1.75,102.54,124.8,0.0069,0.0062,0.0095,88.76,89.5,34.05,0.0065,0.0059,0.009,16000,1024,1687.76,0.9645,0.0266,0.0074,0.0016
2026-08-27T16:05:09.951+02:00,1000,1024,1024,1056,12,101,0,776,0,81,0,0.0231,0.0201,0.058,0.0748,0.0791,0.7228,2.983,3.436,85.617,104.23,144.03,31.17,0.0085,0.0073,0.0164,131.54,46.07,269.31,0.0083,0.0066,0.0149,19.92,207.0,55.21,0.0072,0.0056,0.015,16000,1024,719.03,0.9854,0.0111,0.003,0.0005
2026-08-27T16:05:39.953+02:00,1000,1024,1024,1056,12,101,0,776,0,81,0,0.0233,0.0209,0.0612,0.0701,0.0889,0.8223,2.804,3.452,101.0,120.17,47.63,107.61,0.008,0.0078,0.0154,85.02,29.97,88.15,0.0077,0.0072,0.0157,44.07,68.2,55.53,0.0073,0.0062,0.0153,16000,1024,391.91,0.9013,0.0843,0.013,0.0014
2026-08-27T16:06:09.953+02:00,1000,1024,1024,1056,12,101,0,776,0,81,0,0.0248,0.0214,0.0555,0.089,0.0747,0.7335,3.271,2.921,81.88,38.34,65.81,91.08,0.0086,0.0088,0.0159,270.26,117.27,34.68,0.007,0.0074,0.0158,43.9,15.01,177.42,0.0067,0.0065,0.0132,16000,1024,749.64,0.9859,0.0109,0.0029,0.0003
2026-08-27T16:06:39.955+02:00,1000,1024,1026,1058,12,102,14,790,1,82,0,0.0249,0.0287,0.1942,0.088,0.1545,1.4252,3.217,6.437,18.963,13.7,9.08,6.81,0.0086,0.0148,0.0608,131.62,104.68,17.38,0.0075,0.0096,0.0602,153.72,93.15,352.5,0.0078,0.008,0.0593,16000,1024,277.83,0.817,0.1539,0.0255,0.0036
2026-08-27T16:07:09.952+02:00,1000,1024,1024,1056,12,103,1,791,0,82,0,0.0242,0.0207,0.0306,0.0754,0.0674,0.0941,2.975,3.052,2.887,34.55,207.82,4.86,0.0123,0.0076,0.0099,77.62,10.94,127.97,0.0081,0.0067,0.0098,99.4,18.31,178.53,0.0069,0.0063,0.01,16000,1024,438.79,0.9643,0.0191,0.0149,0.0017
2026-08-27T16:07:39.954+02:00,1000,1024,1024,1056,12,103,0,791,0,82,0,0.0217,0.0209,0.0331,0.0704,0.066,0.111,2.845,3.077,2.889,128.17,55.7,219.51,0.0068,0.0057,0.0099,164.93,95.41,100.23,0.0064,0.006,0.0099,26.24,24.29,21.17,0.006,0.0056,0.0099,16000,1024,829.24,0.9782,0.0184,0.003,0.0004
2026-08-27T16:08:09.953+02:00,1000,1024,1024,1056,12,103,2,793,0,82,0,0.0229,0.0204,0.0608,0.0946,0.0712,0.7924,3.36,3.057,94.219,10.57,124.34,50.56,0.0075,0.0061,0.0126,257.17,80.31,186.66,0.0071,0.0056,0.0105,16.69,29.08,243.23,0.0066,0.0055,0.0097,16000,1024,432.28,0.9252,0.0679,0.0061,0.0008
2026-08-27T16:08:39.954+02:00,1000,1024,1024,1056,12,105,0,793,0,82,0,0.0233,0.0209,0.031,0.0861,0.076,0.0894,3.366,3.206,2.796,17.82,56.34,27.51,0.0094,0.0075,0.0103,29.56,95.74,231.66,0.0089,0.0062,0.0095,87.77,83.39,215.76,0.0065,0.0064,0.0085,16000,1024,295.89,0.8055,0.1722,0.0201,0.0022
2026-08-27T16:09:09.956+02:00,1000,1024,1024,1056,12,106,1,794,0,82,0,0.0229,0.0204,0.0335,0.0733,0.0837,0.1096,2.733,3.411,3.067,106.8,74.1,38.14,0.0081,0.0069,0.0119,93.84,47.9,135.66,0.0068,0.006,0.0103,141.46,54.66,1.84,0.0065,0.006,0.0103,16000,1024,422.97,0.9595,0.0284,0.0109,0.0012
2026-08-27T16:09:39.955+02:00,1000,1024,1024,1056,12,107,0,794,0,82,0,0.0224,0.0215,0.0319,0.082,0.0726,0.1053,3.041,3.013,3.103,99.08,41.93,11.74,0.0088,0.0068,0.0093,13.98,98.89,230.64,0.0082,0.0067,0.0088,2.55,65.84,40.24,0.0074,0.0064,0.0082,16000,1024,378.11,0.937,0.0523,0.0093,0.0014
2026-08-27T16:10:09.956+02:00,1000,1024,1024,1056,12,108,0,794,0,82,0,0.0228,0.0213,0.0308,0.0826,0.0588,0.0943,3.122,2.605,3.08,6.84,8.03,14.47,0.0078,0.0076,0.0122,12.33,139.6,159.79,0.0076,0.0066,0.0099,68.25,79.59,131.2,0.0072,0.0069,0.0084,16000,1024,508.36,0.8856,0.0982,0.0146,0.0016
2026-08-27T16:10:39.956+02:00,1000,1024,1024,1056,12,108,0,794,0,82,0,0.023,0.0225,0.0928,0.0695,0.1078,1.9417,3.079,3.463,308.588,100.77,48.83,48.87,0.0085,0.0068,0.0103,67.77,111.17,115.88,0.0075,0.0067,0.0107,90.02,11.8,100.45,0.0062,0.0064,0.01,16000,1024,384.85,0.9151,0.0683,0.0145,0.0021
2026-08-27T16:11:09.956+02:00,1000,1024,1024,1056,12,110,0,794,0,82,0,0.0228,0.0208,0.0313,0.082,0.074,0.1041,3.128,2.974,2.822,131.74,94.9,187.09,0.0086,0.007,0.0102,213.63,148.59,38.24,0.0069,0.0066,0.0082,6.79,25.39,86.6,0.0062,0.0057,0.0088,16000,1024,450.96,0.9018,0.0802,0.0162,0.0017
2026-08-27T16:11:39.956+02:00,1000,1024,1024,1056,12,110,5,799,1,83,0,0.0229,0.0218,0.0554,0.0859,0.0784,0.7219,2.886,3.255,83.444,165.29,84.22,64.24,0.0069,0.0064,0.0149,9.7,54.09,83.6,0.0062,0.0063,0.0151,53.27,4.26,32.05,0.0067,0.0061,0.0137,16000,1024,307.14,0.9038,0.0775,0.0164,0.0022
2026-08-27T16:12:09.957+02:00,1000,1024,1024,1056,12,110,0,799,0,83,0,0.0224,0.0207,0.0574,0.0714,0.0974,0.6974,2.846,3.301,80.66,110.56,49.73,13.29,0.0071,0.0053,0.0138,23.7,42.74,172.41,0.0064,0.0054,0.0129,158.71,192.17,27.46,0.0067,0.0054,0.0118,16000,1024,448.17,0.9241,0.0631,0.0116,0.0013
2026-08-27T16:12:39.958+02:00,1000,1024,1024,1056,12,110,2,801,0,83,0,0.0233,0.0217,0.0536,0.0757,0.0941,0.7065,3.199,3.258,86.699,62.76,105.36,16.5,0.0077,0.0069,0.0164,129.89,182.55,224.79,0.0074,0.0067,0.0165,86.24,129.23,240.83,0.0073,0.0069,0.0147,16000,1024,643.62,0.9738,0.0209,0.0048,0.0006
2026-08-27T16:13:09.957+02:00,1000,1024,1024,1056,12,110,3,804,0,83,0,0.0231,0.0215,0.0655,0.0728,0.0847,0.7128,2.858,3.255,72.102,114.95,17.37,20.49,0.0075,0.0074,0.0168,69.87,21.97,55.3,0.0081,0.0064,0.0171,84.91,71.43,7.17,0.0065,0.0061,0.0162,16000,1024,743.6,0.9565,0.0315,0.0108,0.0012
2026-08-27T16:13:39.959+02:00,1000,1024,1024,1056,12,110,0,804,0,83,0,0.0227,0.021,0.0314,0.0812,0.0597,0.1105,2.914,2.604,3.21,55.7,127.7,56.51,0.0092,0.0067,0.0104,211.79,210.64,89.72,0.0062,0.0068,0.0103,27.86,68.5,182.0,0.0066,0.0064,0.0094,16000,1024,1516.14,0.9889,0.0088,0.002,0.0002
2026-08-27T16:14:09.959+02:00,1000,1024,1024,1056,12,110,1,805,0,83,0,0.0225,0.021,0.0467,0.0771,0.0643,0.6875,3.074,2.879,91.817,36.25,56.03,74.59,0.0066,0.0074,0.0156,49.49,15.58,257.93,0.0065,0.0057,0.0141,94.48,2.41,26.99,0.0062,0.006,0.0133,16000,1024,517.81,0.9734,0.017,0.0088,0.0008
2026-08-27T16:14:39.958+02:00,1000,1024,1024,1056,12,110,0,805,0,83,0,0.0235,0.0197,0.044,0.0709,0.0683,0.6348,2.982,2.948,83.109,32.67,207.35,43.8,0.0077,0.006,0.0118,122.76,82.77,4.12,0.0075,0.0058,0.0103,114.3,106.42,91.4,0.0066,0.0054,0.0107,16000,1024,368.31,0.914,0.0727,0.0117,0.0016
2026-08-27T16:15:09.959+02:00,1000,1024,1024,1056,12,111,0,805,0,83,0,0.0233,0.0205,0.0452,0.076,0.0904,0.6896,2.908,3.292,108.488,105.91,4.81,256.67,0.0082,0.0066,0.0163,93.53,116.05,49.51,0.0067,0.0063,0.0157,62.98,122.1,20.43,0.007,0.0061,0.0145,16000,1024,751.49,0.9733,0.0208,0.0054,0.0005
2026-08-27T16:15:39.963+02:00,1000,1024,1024,1056,12,111,5,810,1,84,0,0.0243,0.0213,0.0499,0.0765,0.0735,0.8067,2.867,3.054,135.935,23.37,139.35,140.0,0.0102,0.0068,0.0162,4.46,60.53,51.89,0.0073,0.0059,0.0142,159.27,93.16,256.65,0.0068,0.0065,0.0139,16000,1024,644.42,0.9756,0.0208,0.0032,0.0005
2026-08-27T16:16:09.959+02:00,1000,1024,1024,1056,12,112,1,811,0,84,0,0.0231,0.0201,0.0439,0.0735,0.0545,0.5989,2.745,2.449,66.378,143.96,4.91,103.71,0.0077,0.006,0.0167,35.33,92.36,21.22,0.0066,0.0061,0.0149,29.19,185.06,54.92,0.0063,0.0066,0.0142,16000,1024,412.44,0.8987,0.0807,0.0186,0.0019
2026-08-27T16:16:39.960+02:00,1000,1024,1024,1056,12,112,0,811,0,84,0,0.0233,0.0207,0.046,0.0878,0.0671,0.6956,3.06,3.147,105.732,22.78,64.25,49.27,0.0068,0.0064,0.0156,13.63,156.55,66.81,0.0065,0.0063,0.0152,52.79,42.42,106.71,0.0063,0.0069,0.0147,16000,1024,609.47,0.958,0.0359,0.0055,0.0006
2026-08-27T16:17:09.961+02:00,1000,1024,1024,1056,12,112,2,813,1,85,0,0.0239,0.0215,0.0458,0.0848,0.0755,0.6614,2.861,3.296,86.262,31.0,23.57,88.05,0.0081,0.0069,0.0112,63.79,211.47,40.18,0.0081,0.0075,0.0107,14.31,60.57,45.83,0.0081,0.0068,0.01,16000,1024,738.01,0.9722,0.0165,0.0106,0.0006
2026-08-27T16:17:39.962+02:00,1000,1024,1024,1056,12,112,1,814,0,85,0,0.0243,0.0212,0.0318,0.0859,0.0847,0.1025,3.125,3.093,2.779,20.48,8.91,38.1,0.0065,0.0079,0.0102,33.82,25.41,124.44,0.0069,0.0078,0.0119,8.17,49.35,176.93,0.0068,0.0064,0.0096,16000,1024,488.14,0.916,0.072,0.0108,0.0013
2026-08-27T16:18:09.967+02:00,1000,1024,1029,1061,12,114,2,816,0,85,0,0.0235,0.0207,0.032,0.0896,0.0654,0.1058,3.572,2.873,3.216,82.05,97.89,187.18,0.0077,0.0072,0.01,75.99,23.5,124.89,0.0058,0.007,0.0093,14.4,214.66,193.4,0.0058,0.0056,0.0092,16000,1024,1816.56,0.9948,0.004,0.0011,0.0001
2026-08-27T16:18:39.963+02:00,1000,1024,1024,1056,12,114,3,819,0,85,0,0.0242,0.0226,0.055,0.0756,0.0967,0.7058,2.77,3.938,81.167,83.46,41.31,92.0,0.0088,0.0073,0.0113,33.51,3.51,148.09,0.007,0.0061,0.009,15.53,75.06,132.63,0.0062,0.006,0.0083,16000,1024,529.65,0.9533,0.0368,0.0088,0.0012
2026-08-27T16:19:09.962+02:00,1000,1024,1024,1056,12,115,0,819,0,85,0,0.0228,0.0195,0.0451,0.0773,0.0633,0.6892,2.875,3.017,107.592,127.57,31.53,141.03,0.0076,0.0061,0.0149,158.45,192.63,56.33,0.0065,0.0056,0.015,29.28,129.87,10.35,0.0063,0.0052,0.0147,16000,1024,477.52,0.9379,0.0488,0.0121,0.0012
2026-08-27T16:19:39.963+02:00,1000,1024,1024,1056,12,116,1,820,0,85,0,0.0228,0.0206,0.0691,0.0857,0.0765,0.7735,3.364,3.23,72.597,54.89,13.96,28.38,0.0068,0.009,0.0247,196.85,53.65,70.78,0.0066,0.0069,0.0253,36.99,108.52,204.68,0.006,0.0062,0.0235,16000,1024,601.08,0.9575,0.0301,0.0116,0.0009
2026-08-27T16:20:09.964+02:00,1000,1024,1024,1056,12,116,15,835,5,90,0,0.023,0.022,0.0896,0.0729,0.0846,1.4746,2.832,3.261,126.818,41.04,4.62,66.69,0.007,0.0091,0.027,57.12,12.04,26.41,0.0069,0.0075,0.025,145.82,71.09,43.0,0.0069,0.0067,0.0231,16000,1024,334.66,0.9231,0.0594,0.0154,0.002
2026-08-27T16:20:39.964+02:00,1000,1024,1024,1056,12,117,4,839,1,91,0,0.0242,0.022,0.0478,0.0781,0.093,0.7547,3.125,3.091,118.933,169.72,148.12,68.53,0.0069,0.0087,0.0154,62.02,65.46,36.0,0.0072,0.0072,0.0151,44.53,55.12,97.56,0.0067,0.0074,0.0134,16000,1024,1131.3,0.9652,0.0299,0.0039,0.0009
2026-08-27T16:21:09.964+02:00,1000,1024,1024,1056,12,118,4,843,0,91,0,0.0254,0.0219,0.0458,0.0852,0.0737,0.7117,2.973,2.936,107.653,21.51,109.65,98.2,0.0099,0.0068,0.0158,118.71,131.84,67.68,0.0101,0.0065,0.0104,9.16,89.4,137.43,0.0075,0.0076,0.0107,16000,1024,301.96,0.8842,0.102,0.0122,0.0016
2026-08-27T16:21:39.964+02:00,1000,1024,1024,1056,12,118,3,846,1,92,0,0.0226,0.0223,0.0574,0.0753,0.1013,0.7137,3.027,3.308,90.075,7.82,111.52,105.64,0.0069,0.0061,0.0161,213.83,52.55,188.42,0.0069,0.0056,0.0144,160.36,130.0,169.18,0.0058,0.0054,0.0145,16000,1024,496.42,0.9699,0.0227,0.0064,0.001
2026-08-27T16:22:39.964+02:00,1000,1024,1024,1056,13,119,0,867,0,93,0,0.0227,0.0202,0.0304,0.0771,0.0698,0.0987,2.981,2.986,3.079,21.36,63.11,147.17,0.008,0.0077,0.0094,139.4,11.79,136.99,0.0078,0.0061,0.0088,130.93,74.41,25.62,0.0072,0.006,0.0078,16000,1024,330.67,0.8977,0.0872,0.0131,0.0021
2026-08-27T16:23:09.965+02:00,1000,1024,1024,1056,13,119,3,870,0,93,0,0.0224,0.0215,0.041,0.0671,0.078,0.5421,2.834,3.064,59.941,125.78,40.63,62.81,0.0077,0.0089,0.015,45.5,124.87,235.44,0.0073,0.0076,0.0127,7.58,90.72,71.44,0.006,0.007,0.0121,16000,1024,435.79,0.9762,0.017,0.006,0.0008
2026-08-27T16:23:39.966+02:00,1000,1024,1024,1056,13,120,0,870,0,93,0,0.0234,0.0208,0.0604,0.0827,0.0689,0.6953,3.157,2.991,71.19,20.77,149.3,74.01,0.0077,0.0073,0.0172,72.47,24.05,188.75,0.0071,0.0058,0.0175,98.95,102.37,132.12,0.0069,0.0057,0.0167,16000,1024,474.6,0.9722,0.0211,0.006,0.0007
2026-08-27T16:24:39.966+02:00,1000,1024,1024,1056,14,120,10,881,0,93,0,0.0245,0.0218,0.0578,0.0838,0.0722,0.7027,2.9,2.984,79.646,19.89,66.71,8.83,0.0076,0.009,0.0134,106.66,189.19,78.14,0.0067,0.0068,0.0104,76.49,10.72,2.21,0.0066,0.0063,0.0106,16000,1024,566.7,0.9626,0.0319,0.005,0.0005
2026-08-27T16:25:09.966+02:00,1000,1024,1024,1056,14,120,0,881,0,93,0,0.0241,0.0207,0.0557,0.0892,0.0908,0.7099,3.224,3.544,94.002,173.04,163.8,10.99,0.0066,0.0061,0.0194,206.76,38.33,50.93,0.0066,0.006,0.0191,75.83,50.44,72.99,0.0069,0.006,0.0186,16000,1024,686.13,0.9892,0.0077,0.0028,0.0003
2026-08-27T16:25:39.968+02:00,1000,1024,1024,1056,14,120,1,882,0,93,0,0.0238,0.0199,0.0312,0.0803,0.0809,0.1137,2.939,3.421,3.16,81.76,117.76,112.72,0.0076,0.0069,0.009,110.94,97.75,99.09,0.0079,0.0061,0.0084,56.45,57.6,106.23,0.0062,0.0059,0.008,16000,1024,425.56,0.961,0.0276,0.0105,0.001
2026-08-27T16:26:09.968+02:00,1000,1024,1024,1056,14,120,0,882,0,93,0,0.022,0.0217,0.0318,0.0717,0.0699,0.1101,2.99,3.092,3.014,6.61,137.92,186.55,0.0063,0.0071,0.0083,83.59,67.44,38.87,0.0064,0.0065,0.008,176.53,124.1,55.75,0.006,0.0059,0.0074,16000,1024,715.64,0.9521,0.0341,0.0119,0.0019
2026-08-27T16:26:39.969+02:00,1000,1024,1024,1056,14,120,3,885,0,93,0,0.0238,0.024,0.1736,0.0905,0.0929,0.9595,3.313,3.391,13.294,94.48,82.6,411.94,0.009,0.0085,0.0636,2.44,16.66,487.52,0.0071,0.007,0.0509,23.83,42.19,498.1,0.0064,0.0064,0.0495,16000,1024,537.03,0.981,0.0141,0.0043,0.0006
2026-08-27T16:27:09.968+02:00,1000,1024,1024,1056,14,122,0,885,0,93,0,0.0227,0.0201,0.0425,0.0739,0.0584,0.5976,2.88,2.879,77.331,95.51,140.63,71.01,0.0076,0.0068,0.0094,159.43,98.01,53.6,0.0074,0.0063,0.0092,35.39,117.94,45.89,0.0072,0.0058,0.0087,16000,1024,619.81,0.9862,0.0106,0.0027,0.0004
2026-08-27T16:28:09.971+02:00,1000,1024,1024,1056,15,123,1,887,0,93,0,0.0229,0.0219,0.0463,0.0844,0.0794,0.7099,3.029,3.19,104.823,78.14,1.85,5.49,0.0068,0.0079,0.0115,43.37,51.41,28.52,0.0072,0.0079,0.0099,88.94,98.76,79.82,0.0065,0.0067,0.0099,16000,1024,1401.62,0.995,0.004,0.0009,0.0001
2026-08-27T16:28:39.969+02:00,1000,1024,1024,1056,15,124,1,888,0,93,0,0.0233,0.0199,0.0707,0.077,0.1066,0.7132,2.953,4.364,58.474,85.25,33.08,73.41,0.0092,0.0071,0.0126,15.26,63.75,64.79,0.0074,0.0059,0.011,155.93,108.45,144.19,0.0066,0.0055,0.0097,16000,1024,472.08,0.9517,0.035,0.0122,0.0011
2026-08-27T16:29:09.969+02:00,1000,1024,1024,1056,15,125,1,889,0,93,0,0.0241,0.0201,0.0317,0.0939,0.066,0.1053,3.668,2.962,3.012,114.07,48.15,42.41,0.0078,0.0077,0.0098,190.63,83.69,20.99,0.0074,0.0073,0.0097,86.15,42.25,122.47,0.0074,0.0067,0.0096,16000,1024,805.23,0.9812,0.0152,0.0031,0.0005
2026-08-27T16:29:39.973+02:00,1000,1024,1024,1056,15,125,1,890,0,93,0,0.0224,0.0201,0.0476,0.0804,0.0783,0.7311,2.869,3.198,104.898,2.04,15.06,200.12,0.0061,0.0068,0.0169,190.75,175.18,75.05,0.0064,0.0063,0.016,71.83,2.19,15.74,0.0064,0.006,0.0145,16000,1024,794.26,0.9558,0.0348,0.0081,0.0013
2026-08-27T16:30:09.970+02:00,1000,1024,1024,1056,15,125,0,890,0,93,0,0.0231,0.0201,0.0442,0.0723,0.0831,0.6721,3.032,3.2,100.71,127.24,77.44,97.79,0.0081,0.0058,0.0137,73.36,111.66,10.75,0.007,0.0058,0.013,190.7,87.37,150.42,0.0069,0.0063,0.0122,16000,1024,499.96,0.9631,0.0262,0.0095,0.0011
2026-08-27T16:30:39.973+02:00,1000,1024,1024,1056,15,125,1,891,0,93,0,0.0238,0.0214,0.0538,0.0759,0.0948,0.6887,3.184,3.497,81.66,39.11,105.42,78.01,0.0068,0.0056,0.0104,67.89,139.28,131.97,0.0068,0.0059,0.0096,119.3,164.43,72.1,0.006,0.0057,0.0092,16000,1024,1002.63,0.9846,0.0112,0.0038,0.0004
2026-08-27T16:31:39.973+02:00,1000,1024,1024,1056,16,125,0,901,0,94,0,0.021,0.0217,0.1903,0.0735,0.0664,1.6634,2.767,2.828,23.133,56.6,2.39,7.66,0.0072,0.0102,0.0811,150.66,55.64,1.46,0.0062,0.0071,0.0662,279.64,37.41,124.68,0.0064,0.0068,0.0559,16000,1024,334.42,0.9612,0.0264,0.0111,0.0012
2026-08-27T16:32:09.972+02:00,1000,1024,1024,1056,16,125,3,904,0,94,0,0.023,0.021,0.0576,0.0709,0.0967,0.7185,2.758,3.253,87.635,25.5,56.97,15.65,0.0067,0.0074,0.0135,93.39,64.2,64.94,0.0069,0.0064,0.0166,81.43,75.19,9.86,0.0068,0.006,0.0135,16000,1024,313.95,0.9242,0.0567,0.0174,0.0016
2026-08-27T16:32:39.973+02:00,1000,1024,1024,1056,16,125,1,905,0,94,0,0.0227,0.0216,0.0573,0.0798,0.0742,0.7077,2.875,3.054,86.033,124.88,27.75,142.47,0.0061,0.0074,0.0122,172.81,125.51,115.09,0.0059,0.0066,0.0121,205.22,94.88,72.97,0.0056,0.0054,0.0124,16000,1024,492.36,0.9652,0.023,0.0106,0.0011
2026-08-27T16:33:09.972+02:00,1000,1024,1024,1056,16,125,0,905,0,94,0,0.0237,0.02,0.0444,0.0677,0.0606,0.6899,2.733,2.79,109.81,90.91,135.05,80.94,0.0076,0.0057,0.0089,163.02,160.73,167.15,0.0074,0.0062,0.0087,120.23,3.66,112.37,0.0068,0.0055,0.0082,16000,1024,397.85,0.9153,0.0685,0.0145,0.0018
2026-08-27T16:33:39.973+02:00,1000,1024,1024,1056,16,125,0,905,0,94,0,0.0243,0.0209,0.1406,0.0799,0.0769,1.3513,2.897,3.137,31.339,91.42,189.54,3.72,0.0081,0.0061,0.0276,46.17,25.93,357.56,0.0078,0.006,0.0251,52.83,10.7,13.71,0.0073,0.0055,0.0249,16000,1024,439.32,0.96,0.0295,0.0094,0.0011
2026-08-27T16:34:09.973+02:00,1000,1024,1024,1056,16,125,0,905,0,94,0,0.0222,0.0213,0.1799,0.0695,0.0724,0.9587,3.073,2.906,11.113,44.95,79.71,204.36,0.0069,0.0078,0.0602,52.59,117.38,335.67,0.0069,0.0071,0.0575,155.21,96.88,113.39,0.0068,0.0069,0.0542,16000,1024,431.06,0.9646,0.0282,0.0063,0.0009
2026-08-27T16:34:39.973+02:00,1000,1024,1024,1056,16,125,1,906,0,94,0,0.0229,0.021,0.0585,0.0717,0.0889,0.7079,2.783,3.609,78.544,72.6,36.22,163.51,0.0078,0.0066,0.0239,19.98,49.41,114.13,0.0069,0.0061,0.0194,162.05,186.41,286.96,0.0058,0.0057,0.0191,16000,1024,512.28,0.976,0.0182,0.0052,0.0006
2026-08-27T16:35:09.974+02:00,1000,1024,1024,1056,16,125,0,906,0,94,0,0.0235,0.0202,0.0638,0.0712,0.0884,0.6877,2.833,4.104,70.549,71.8,178.0,14.65,0.0095,0.0076,0.0201,126.1,7.46,7.45,0.0076,0.0068,0.0188,156.5,87.58,41.94,0.0065,0.0065,0.0143,16000,1024,1010.39,0.9853,0.011,0.0031,0.0006
2026-08-27T16:36:09.974+02:00,1000,1024,1024,1056,17,127,0,919,0,95,0,0.0251,0.0194,0.0332,0.0872,0.0663,0.1369,3.002,2.881,3.432,64.24,103.34,105.24,0.0098,0.0077,0.0131,69.13,15.42,31.33,0.0081,0.0064,0.0125,101.69,87.86,3.6,0.0073,0.0051,0.0095,16000,1024,614.79,0.888,0.1054,0.006,0.0007
2026-08-27T16:36:39.977+02:00,1000,1024,1024,1056,17,128,1,920,0,95,0,0.0236,0.0195,0.0468,0.0861,0.0631,0.7342,3.254,3.216,111.667,33.27,213.94,89.65,0.0078,0.006,0.0165,226.79,114.86,139.57,0.0072,0.0063,0.0145,207.09,30.83,120.92,0.0069,0.0058,0.0136,16000,1024,515.19,0.9539,0.0367,0.008,0.0014
2026-08-27T16:37:09.975+02:00,1000,1024,1024,1056,17,129,0,920,0,95,0,0.0238,0.0212,0.0413,0.0952,0.0702,0.5733,2.892,3.02,74.156,51.91,171.86,33.7,0.0075,0.0061,0.0142,24.73,86.38,28.1,0.0065,0.0066,0.0125,59.31,142.53,22.3,0.0062,0.0056,0.0113,16000,1024,364.39,0.9289,0.0578,0.0122,0.0011
2026-08-27T16:37:39.976+02:00,1000,1024,1024,1056,17,129,0,920,0,95,0,0.0245,0.021,0.0482,0.0815,0.0727,0.7158,2.963,2.823,90.53,27.06,72.4,26.99,0.0151,0.0057,0.0178,163.96,45.28,72.57,0.0068,0.0059,0.0125,74.5,128.47,155.76,0.0069,0.006,0.0133,16000,1024,483.49,0.8917,0.0898,0.0158,0.0028
2026-08-27T16:38:09.976+02:00,1000,1024,1024,1056,17,130,0,920,0,95,0,0.023,0.0214,0.0444,0.0719,0.0639,0.6693,2.919,2.956,97.728,81.23,16.68,15.82,0.0068,0.0067,0.0127,143.25,109.28,33.86,0.007,0.0062,0.0118,100.01,29.34,26.72,0.0071,0.0056,0.0117,16000,1024,493.85,0.8986,0.0821,0.0178,0.0015
2026-08-27T16:38:39.978+02:00,1000,1024,1024,1056,17,130,0,920,0,95,0,0.023,0.0207,0.0463,0.079,0.0771,0.6923,2.98,3.342,98.601,205.97,84.72,48.66,0.0062,0.0067,0.0107,35.89,211.8,192.34,0.0063,0.0065,0.0096,52.77,49.23,120.0,0.0059,0.0068,0.0096,16000,1024,691.41,0.9741,0.0209,0.0043,0.0007
2026-08-27T16:39:09.977+02:00,1000,1024,1024,1056,17,131,1,921,0,95,0,0.0221,0.0213,0.0637,0.078,0.0877,0.7075,3.288,3.28,69.161,101.05,40.86,253.93,0.0075,0.0079,0.0229,21.09,31.32,39.13,0.0071,0.0069,0.0212,79.66,197.53,165.81,0.0071,0.0069,0.0203,16000,1024,468.55,0.934,0.0529,0.0115,0.0016
2026-08-27T16:39:39.979+02:00,1000,1024,1024,1056,17,131,0,921,0,95,0,0.0224,0.0223,0.0713,0.0709,0.1054,0.704,2.665,3.549,58.591,95.68,81.1,146.4,0.0058,0.0073,0.0131,143.78,60.52,120.86,0.0057,0.006,0.0135,9.31,66.92,8.78,0.0058,0.0076,0.0126,16000,1024,389.79,0.9436,0.043,0.0117,0.0017
2026-08-27T16:40:09.978+02:00,1000,1024,1024,1056,17,132,0,921,0,95,0,0.0225,0.0321,0.2266,0.0762,0.1743,1.5335,3.291,6.368,12.901,115.86,5.08,10.5,0.0073,0.0109,0.0919,53.53,29.69,4.26,0.0069,0.0109,0.0881,192.54,254.85,51.65,0.0068,0.0097,0.0696,16000,1024,538.48,0.952,0.0387,0.0083,0.001
2026-08-27T16:40:39.980+02:00,1000,1024,1024,1056,17,132,1,922,0,95,0,0.0231,0.0216,0.0599,0.0809,0.1032,0.6822,3.121,3.709,67.064,114.98,149.82,161.21,0.0071,0.0076,0.0127,66.59,94.94,85.99,0.0068,0.0063,0.0122,139.22,29.77,44.87,0.0068,0.007,0.0116,16000,1024,806.67,0.9356,0.0552,0.0078,0.0015
2026-08-27T16:41:09.979+02:00,1000,1024,1024,1056,17,132,0,922,0,95,0,0.024,0.0188,0.0294,0.0911,0.0603,0.0966,3.239,2.908,3.277,100.66,10.27,181.52,0.0072,0.0059,0.0092,161.65,40.85,142.22,0.0068,0.0048,0.009,88.64,3.64,148.17,0.0064,0.0049,0.0086,16000,1024,686.09,0.9726,0.024,0.0031,0.0003
2026-08-27T16:41:39.980+02:00,1000,1024,1024,1056,17,132,6,928,0,95,0,0.0229,0.0217,0.0418,0.0698,0.0735,0.5382,2.821,2.873,55.374,64.7,154.22,81.0,0.0075,0.0073,0.0113,86.57,104.88,86.2,0.0073,0.0076,0.0094,199.85,81.88,51.21,0.0068,0.0067,0.011,16000,1024,364.69,0.8937,0.0783,0.0248,0.0032
2026-08-27T16:42:09.979+02:00,1000,1024,1024,1056,17,132,0,928,0,95,0,0.0248,0.021,0.1287,0.0882,0.077,1.2102,3.063,3.315,34.222,50.42,2.52,2.76,0.0095,0.0073,0.0521,25.47,73.3,7.55,0.0089,0.006,0.0461,18.59,46.82,69.17,0.0075,0.006,0.0386,16000,1024,948.72,0.9845,0.0134,0.0017,0.0003
2026-08-27T16:42:39.981+02:00,1000,1024,1024,1056,17,132,0,928,0,95,0,0.0234,0.0286,0.1825,0.0691,0.153,1.3733,2.763,7.269,22.925,97.99,7.63,7.97,0.007,0.0115,0.0777,222.61,154.27,145.63,0.0067,0.01,0.0631,235.07,49.08,186.44,0.0067,0.0097,0.0599,16000,1024,761.04,0.9695,0.0203,0.0089,0.0013
2026-08-27T16:43:09.980+02:00,1000,1024,1024,1056,17,132,0,928,0,95,0,0.0235,0.0228,0.2256,0.0804,0.0957,1.5388,3.026,3.151,12.931,36.31,9.3,7.67,0.0086,0.0078,0.1037,99.42,131.7,13.46,0.0081,0.0061,0.0763,56.15,72.62,1.98,0.0073,0.0063,0.0699,16000,1024,1121.4,0.9718,0.0265,0.0015,0.0002
2026-08-27T16:43:39.980+02:00,1000,1024,1024,1056,17,132,0,928,0,95,0,0.0239,0.0205,0.0305,0.0803,0.0613,0.0942,2.951,2.812,2.722,11.65,17.75,97.66,0.0075,0.007,0.0114,35.24,2.72,166.23,0.0073,0.0069,0.0094,146.38,22.8,66.78,0.0065,0.0066,0.0088,16000,1024,474.86,0.903,0.0828,0.0125,0.0017
2026-08-27T16:44:09.982+02:00,1000,1024,1024,1056,17,132,0,928,0,95,0,0.0224,0.0224,0.1419,0.0817,0.0819,1.2543,3.298,2.806,33.431,78.17,104.12,9.55,0.0061,0.0073,0.0296,1.46,70.06,4.28,0.0064,0.0063,0.0257,101.82,41.97,189.26,0.0061,0.0062,0.0241,16000,1024,429.27,0.9659,0.0288,0.0046,0.0006
2026-08-27T16:44:39.984+02:00,1000,1024,1024,1056,17,133,30,958,2,97,0,0.0246,0.0248,0.0985,0.0774,0.0938,0.6758,2.943,3.234,28.283,132.0,97.86,324.24,0.0092,0.0086,0.0229,28.51,20.32,409.26,0.0091,0.0075,0.0228,44.63,119.06,269.97,0.0093,0.0071,0.0269,16000,1024,557.7,0.9282,0.0562,0.0143,0.0013
2026-08-27T16:45:09.983+02:00,1000,1024,1024,1056,17,133,0,958,0,97,0,0.0243,0.0211,0.243,0.0719,0.0632,1.3525,2.672,2.614,10.854,25.58,152.62,2.26,0.0068,0.007,0.1212,109.6,11.23,7.64,0.0065,0.0068,0.0744,223.28,18.08,234.12,0.0066,0.0066,0.0714,16000,1024,603.66,0.9751,0.0202,0.004,0.0007
2026-08-27T16:45:39.984+02:00,1000,1024,1024,1056,17,133,10,968,0,97,0,0.0248,0.0223,0.042,0.0706,0.0938,0.5336,2.584,3.542,50.839,42.19,13.68,51.41,0.0092,0.0078,0.011,165.72,7.5,71.78,0.0085,0.0071,0.0107,100.53,117.74,121.27,0.0066,0.0068,0.0098,16000,1024,810.57,0.9764,0.0166,0.0066,0.0005
2026-08-27T16:46:10.001+02:00,1000,1024,1024,1056,17,134,5,973,1,98,0,0.0237,0.0241,0.1246,0.0685,0.1672,1.4094,2.793,10.472,65.765,28.66,20.03,13.23,0.0079,0.0105,0.0421,120.98,115.01,27.29,0.0069,0.0097,0.0315,41.46,180.55,54.06,0.0072,0.0077,0.031,16000,1024,961.0,0.9818,0.0141,0.0036,0.0004
2026-08-27T16:46:39.984+02:00,1000,1024,1024,1056,17,135,0,973,0,98,0,0.0226,0.0208,0.0338,0.0913,0.0889,0.1108,3.251,3.415,2.924,48.91,72.37,116.87,0.0076,0.0064,0.0115,129.83,51.31,12.71,0.0069,0.0059,0.0106,239.13,95.01,147.98,0.0066,0.0056,0.0115,16000,1024,505.6,0.9614,0.0301,0.0076,0.0008
2026-08-27T16:47:09.985+02:00,1000,1024,1024,1056,17,135,27,1000,1,99,0,0.0267,0.0245,0.0771,0.0931,0.1012,0.7201,2.74,4.039,50.178,47.96,35.28,226.58,0.0086,0.0072,0.0249,102.37,99.55,190.93,0.0079,0.0064,0.0257,68.18,194.14,31.12,0.0079,0.0062,0.0238,16000,1024,1026.5,0.987,0.0091,0.0035,0.0005
2026-08-27T16:47:39.984+02:00,1000,1024,1024,1056,17,136,0,1000,0,99,0,0.0231,0.0203,0.0332,0.0805,0.058,0.1138,2.882,2.724,3.145,48.71,75.94,73.31,0.007,0.0067,0.0137,61.49,58.27,125.9,0.0068,0.0061,0.0101,201.07,41.09,83.67,0.0063,0.0058,0.0108,16000,1024,316.73,0.9259,0.0513,0.0214,0.0015
2026-08-27T16:48:10.028+02:00,1000,1024,1068,1100,17,136,14,1014,2,101,0,0.0231,0.0232,0.0522,0.0752,0.089,0.657,3.091,3.259,73.356,34.05,1.77,187.41,0.0077,0.0083,0.0189,125.15,126.06,253.88,0.0073,0.0079,0.0184,29.49,38.12,52.56,0.0069,0.0075,0.0183,16000,1024,478.61,0.973,0.0176,0.0086,0.0008
2026-08-27T16:48:39.986+02:00,1000,1024,1024,1056,17,136,1,1015,0,101,0,0.0225,0.0201,0.0316,0.0668,0.0556,0.0838,3.031,2.665,2.689,63.06,165.71,12.01,0.007,0.0062,0.0122,151.32,207.34,57.46,0.0066,0.0054,0.0097,21.57,281.55,183.97,0.0065,0.0053,0.0095,16000,1024,465.09,0.8973,0.096,0.006,0.0007
2026-08-27T16:49:09.986+02:00,1000,1024,1024,1056,17,136,0,1015,0,101,0,0.0238,0.0213,0.0432,0.0798,0.072,0.6711,2.807,2.923,104.821,18.98,133.46,24.73,0.0082,0.0075,0.0086,108.94,80.27,9.95,0.0069,0.0062,0.0083,125.7,3.81,119.55,0.0068,0.0055,0.0075,16000,1024,463.05,0.9818,0.012,0.0056,0.0007
2026-08-27T16:49:39.985+02:00,1000,1024,1024,1056,17,136,1,1016,0,101,0,0.0232,0.021,0.0454,0.0851,0.0699,0.6873,3.189,2.854,96.08,99.86,125.56,19.33,0.0074,0.0075,0.0101,23.96,83.25,31.06,0.0077,0.0063,0.0082,201.13,179.64,136.69,0.0065,0.0059,0.0081,16000,1024,256.27,0.7213,0.2443,0.0301,0.0043
2026-08-27T16:50:09.995+02:00,1000,1024,1031,1064,17,138,17,1033,1,102,0,0.0262,0.0242,0.0815,0.0978,0.1163,0.6873,2.967,3.963,43.259,81.95,119.34,111.01,0.0073,0.0058,0.0232,93.93,99.57,376.78,0.0072,0.0054,0.0214,140.75,22.45,246.45,0.0069,0.0054,0.0223,16000,1024,507.7,0.9426,0.043,0.0132,0.0012
2026-08-27T16:50:39.987+02:00,1000,1024,1024,1056,17,138,1,1034,0,102,0,0.0212,0.0207,0.0311,0.0904,0.0677,0.1003,3.508,2.894,2.779,170.95,155.88,39.35,0.0064,0.0072,0.0121,71.47,53.1,85.91,0.0065,0.0064,0.0092,82.93,68.93,102.11,0.006,0.0062,0.0089,16000,1024,732.68,0.9708,0.0232,0.0053,0.0008
2026-08-27T16:51:09.987+02:00,1000,1024,1024,1056,17,138,13,1047,0,102,0,0.0222,0.0224,0.0872,0.0764,0.0966,0.7831,2.777,4.414,42.247,55.2,213.74,11.71,0.0075,0.0058,0.0252,148.25,1.6,233.7,0.0065,0.0062,0.024,235.6,69.02,186.8,0.0063,0.0058,0.0233,16000,1024,1062.76,0.9903,0.0074,0.002,0.0003
2026-08-27T16:51:39.986+02:00,1000,1024,1024,1056,17,138,1,1048,0,102,0,0.0239,0.0212,0.0598,0.0767,0.0933,0.6912,2.924,3.105,61.041,52.1,116.99,233.16,0.0072,0.0075,0.0148,73.23,18.06,58.55,0.0058,0.0066,0.0131,21.33,2.1,115.11,0.0056,0.0055,0.0131,16000,1024,616.3,0.9636,0.0282,0.0076,0.0007
2026-08-27T16:52:09.996+02:00,1000,1024,1033,1066,17,138,13,1061,0,102,0,0.0247,0.023,0.0678,0.0747,0.1017,0.8564,2.894,3.217,76.3,60.59,75.73,114.14,0.0077,0.0101,0.0197,41.87,213.94,5.13,0.0077,0.0063,0.0187,129.49,57.3,17.34,0.0075,0.0061,0.0187,16000,1024,536.26,0.9658,0.028,0.0054,0.0008
2026-08-27T16:52:39.989+02:00,1000,1024,1024,1056,17,138,0,1061,0,102,0,0.0225,0.0218,0.0321,0.0734,0.0706,0.1258,2.868,2.902,3.028,120.05,173.68,18.45,0.0069,0.0061,0.0094,149.97,4.09,266.63,0.0067,0.006,0.009,61.15,169.13,49.23,0.006,0.0058,0.0093,16000,1024,359.59,0.9208,0.0569,0.0203,0.002
2026-08-27T16:53:09.988+02:00,1000,1024,1024,1056,17,139,2,1063,0,102,0,0.0232,0.0339,0.2302,0.0858,0.1549,1.3271,2.871,6.013,12.83,91.21,7.45,7.68,0.0092,0.0144,0.1192,74.63,1.85,293.87,0.0074,0.011,0.0709,14.06,103.11,1.85,0.0071,0.0111,0.0671,16000,1024,546.85,0.964,0.0307,0.0047,0.0006
2026-08-27T16:53:40.001+02:00,1000,1024,1037,1069,17,139,3,1066,0,102,0,0.0237,0.0209,0.0426,0.1027,0.0603,0.5903,3.507,2.808,69.68,74.03,55.7,20.56,0.0081,0.0065,0.0147,326.39,10.64,10.79,0.0068,0.0057,0.0135,21.13,5.53,31.03,0.0074,0.0055,0.0124,16000,1024,570.23,0.9656,0.0239,0.0096,0.0009
2026-08-27T16:54:09.988+02:00,1000,1024,1024,1056,17,141,0,1066,0,102,0,0.6395,0.222,0.0713,1.026,0.3523,0.7122,1.559,1.437,19.598,49.12,49.13,49.02,0.9125,0.3161,0.0724,147.33,147.27,5.69,0.0334,0.0497,0.0238,54.79,100.11,98.63,0.0211,0.0188,0.0224,16000,1024,621.98,0.8719,0.1141,0.0094,0.0046
2026-08-27T16:54:39.989+02:00,1000,1024,1024,1056,17,141,0,1066,0,102,0,0.5366,0.2299,0.0713,0.8451,0.391,0.5667,1.591,1.512,9.193,49.28,49.28,49.34,0.7805,0.3337,0.0778,147.93,147.97,99.12,0.0506,0.0381,0.0282,196.95,99.94,197.26,0.0126,0.018,0.0159,16000,1024,944.09,0.8671,0.12,0.0076,0.0053
2026-08-27T16:55:09.989+02:00,1000,1024,1024,1056,17,141,0,1066,0,102,0,0.5269,0.234,0.0681,0.8268,0.3862,0.1699,1.582,1.524,2.166,49.4,49.39,49.36,0.7621,0.3366,0.0874,148.21,148.28,99.02,0.0446,0.0403,0.0252,197.7,100.16,148.1,0.0142,0.0159,0.0144,16000,1024,512.98,0.722,0.2585,0.0163,0.0031
2026-08-27T16:55:39.991+02:00,1000,1024,1024,1056,17,141,7,1073,2,104,0,0.5183,0.2332,0.072,0.8495,0.3923,0.5032,1.591,1.554,6.396,49.44,49.45,49.43,0.7134,0.319,0.0764,148.51,148.34,99.55,0.0434,0.027,0.0236,41.24,100.55,148.66,0.0291,0.0139,0.0147,16000,1024,505.58,0.8067,0.1775,0.0138,0.0021
2026-08-27T16:56:09.992+02:00,1000,1024,1024,1056,17,141,0,1073,0,104,0,0.5236,0.2318,0.1475,0.8319,0.3859,1.4827,1.584,1.529,34.676,49.39,49.39,49.6,0.7622,0.3337,0.0975,148.27,148.17,3.08,0.0433,0.0285,0.0603,197.56,100.4,42.94,0.0187,0.0147,0.0467,16000,1024,578.07,0.9013,0.088,0.0086,0.002
2026-08-27T16:56:39.992+02:00,1000,1024,1024,1056,17,143,0,1073,0,104,0,0.5345,0.2338,0.0757,0.832,0.3963,0.7548,1.576,1.524,22.102,49.42,49.41,49.38,0.7743,0.3361,0.0868,148.37,148.42,99.43,0.0418,0.0341,0.0298,99.27,99.48,6.85,0.0142,0.0179,0.0164,16000,1024,730.14,0.7316,0.2521,0.0135,0.0028
2026-08-27T16:57:09.991+02:00,1000,1024,1024,1056,17,143,2,1075,1,105,0,0.5148,0.2342,0.0756,0.8051,0.4046,0.7203,1.59,1.526,17.926,49.35,49.35,49.32,0.7421,0.3365,0.0848,148.1,148.31,99.07,0.0438,0.043,0.0263,98.94,99.7,148.05,0.0159,0.0157,0.0185,16000,1024,517.8,0.7349,0.2494,0.0099,0.0058
2026-08-27T16:57:39.992+02:00,1000,1024,1024,1056,17,143,1,1076,0,105,0,0.5196,0.2333,0.0906,0.8308,0.3853,0.706,1.593,1.536,17.769,49.37,49.37,49.3,0.7435,0.3338,0.0893,148.15,148.27,99.22,0.0524,0.0334,0.0305,27.76,100.4,18.58,0.0307,0.0188,0.023,16000,1024,428.92,0.7031,0.2714,0.0205,0.0051
2026-08-27T16:58:09.991+02:00,1000,1024,1024,1056,17,143,2,1078,0,105,0,0.5304,0.2332,0.0703,0.8562,0.3932,0.201,1.6,1.502,2.299,49.38,49.38,49.35,0.768,0.3341,0.0871,148.08,148.07,98.86,0.0498,0.0333,0.0256,72.13,99.88,148.07,0.0142,0.0154,0.0153,16000,1024,525.27,0.831,0.1548,0.0086,0.0056
2026-08-27T16:58:39.993+02:00,1000,1024,1024,1056,17,144,1,1079,0,105,0,0.5505,0.2294,0.0714,0.8758,0.3904,0.5961,1.598,1.518,10.946,49.35,49.35,49.36,0.8045,0.3314,0.0804,148.06,148.01,98.99,0.0531,0.0337,0.0232,197.66,100.3,197.22,0.0153,0.0132,0.0132,16000,1024,678.75,0.8475,0.1397,0.0101,0.0027
2026-08-27T16:59:09.992+02:00,1000,1024,1024,1056,17,144,0,1079,0,105,0,0.5644,0.2288,0.0664,0.8847,0.3793,0.1783,1.594,1.508,2.309,49.34,49.34,49.36,0.8279,0.3332,0.0815,148.06,148.14,99.13,0.0521,0.0382,0.0268,98.83,99.62,147.91,0.0194,0.0146,0.0181,16000,1024,517.84,0.7867,0.1946,0.0118,0.0069
2026-08-27T16:59:39.995+02:00,1000,1024,1024,1056,17,145,4,1083,0,105,0,0.5804,0.2259,0.0732,0.917,0.3782,0.6287,1.611,1.51,11.565,49.3,49.32,49.33,0.7803,0.3016,0.0776,148.04,147.88,148.14,0.0506,0.0357,0.0208,27.32,26.3,99.01,0.043,0.0208,0.0146,16000,1024,461.6,0.809,0.1712,0.0152,0.0045
2026-08-27T17:00:09.997+02:00,1000,1024,1024,1057,17,145,1,1084,0,105,0,0.5848,0.2262,0.0837,0.929,0.3732,0.7159,1.603,1.501,21.435,49.31,49.31,49.29,0.8597,0.3286,0.087,147.96,147.87,99.5,0.0552,0.0354,0.0293,100.56,100.21,118.38,0.0113,0.0131,0.0189,16000,1024,564.29,0.6767,0.2888,0.023,0.0115
2026-08-27T17:00:39.994+02:00,1000,1024,1024,1056,17,145,2,1086,0,105,0,0.5983,0.2257,0.075,1.0028,0.3833,0.8277,1.61,1.473,28.752,49.29,49.29,49.27,0.8112,0.3045,0.0708,43.95,32.99,98.52,0.0992,0.0373,0.0225,38.52,43.84,148.32,0.1025,0.0371,0.0219,16000,1024,1070.27,0.8399,0.1459,0.0095,0.0047
2026-08-27T17:01:09.998+02:00,1000,1024,1024,1056,17,145,1,1087,0,105,0,0.5948,0.2284,0.2086,0.9376,0.381,1.3713,1.61,1.506,15.713,49.29,49.29,49.32,0.8625,0.3263,0.104,147.88,147.72,7.95,0.0602,0.0346,0.0713,197.16,100.13,98.07,0.0154,0.0153,0.063,16000,1024,628.89,0.7376,0.2469,0.0122,0.0033
2026-08-27T17:01:39.995+02:00,1000,1024,1024,1056,17,145,0,1087,0,105,0,0.602,0.2239,0.0679,0.9501,0.3691,0.1997,1.61,1.485,2.582,49.28,49.28,49.31,0.879,0.3258,0.081,147.86,147.87,98.35,0.0613,0.0363,0.0234,197.13,99.87,28.03,0.0138,0.0168,0.0182,16000,1024,1040.6,0.8802,0.1052,0.0123,0.0023
2026-08-27T17:02:09.994+02:00,1000,1024,1024,1056,17,145,0,1087,0,105,0,0.6075,0.2235,0.0631,0.9627,0.3749,0.1744,1.619,1.488,2.45,49.29,49.29,49.28,0.8917,0.3261,0.074,147.83,147.84,147.86,0.0696,0.0373,0.0304,197.15,99.91,100.55,0.0166,0.0187,0.0205,16000,1024,622.3,0.8621,0.1286,0.0067,0.0026
2026-08-27T17:02:39.997+02:00,1000,1024,1024,1056,17,146,7,1094,6,111,0,0.6172,0.2236,0.1011,0.9922,0.3816,0.8115,1.626,1.482,26.349,49.28,49.28,49.29,0.8798,0.3202,0.0772,147.74,147.7,147.9,0.0677,0.0295,0.0253,39.39,18.74,98.37,0.0431,0.0179,0.0204,16000,1024,616.97,0.7696,0.2147,0.0122,0.0035
2026-08-27T17:03:09.995+02:00,1000,1024,1024,1056,17,146,0,1094,0,111,0,0.6309,0.2236,0.0738,0.9917,0.3789,0.6925,1.611,1.491,14.674,49.27,49.27,49.29,0.919,0.323,0.0861,147.78,147.8,98.96,0.062,0.037,0.0284,197.1,100.15,147.88,0.0175,0.0133,0.0269,16000,1024,542.21,0.8054,0.1808,0.0103,0.0034
2026-08-27T17:03:39.996+02:00,1000,1024,1024,1056,17,147,1,1095,0,111,0,0.6206,0.2224,0.0829,0.9685,0.3982,0.6802,1.622,1.497,23.512,49.27,49.28,49.42,0.8798,0.3136,0.067,147.76,147.91,147.68,0.0657,0.0365,0.0345,37.0,99.79,172.35,0.0244,0.0198,0.0213,16000,1024,620.23,0.6637,0.3218,0.0116,0.0029
2026-08-27T17:04:09.996+02:00,1000,1024,1024,1056,17,148,1,1096,0,111,0,0.6212,0.218,0.2412,1.0021,0.36,1.6562,1.641,1.534,14.459,49.2,49.2,8.19,0.874,0.2951,0.1584,147.57,147.49,1.74,0.0704,0.0347,0.1094,38.49,9.8,205.53,0.0482,0.0274,0.0905,16000,1024,581.46,0.6374,0.347,0.0108,0.0048
2026-08-27T17:04:39.997+02:00,1000,1024,1024,1056,17,149,13,1109,3,114,0,0.6162,0.2202,0.1004,0.9982,0.4583,0.9692,1.64,1.502,31.408,49.2,49.2,49.26,0.7834,0.2803,0.0609,36.01,29.52,98.16,0.1216,0.0396,0.0257,29.52,22.68,44.1,0.1225,0.0373,0.0178,16000,1024,1124.8,0.8308,0.1568,0.0096,0.0027
2026-08-27T17:05:09.998+02:00,1000,1024,1024,1056,17,149,1,1110,0,114,0,0.6344,0.2195,0.0773,1.016,0.3813,0.7362,1.62,1.489,22.029,49.2,49.2,49.2,0.9182,0.3152,0.0777,147.59,147.51,98.56,0.0685,0.0361,0.0253,196.92,100.17,147.72,0.0114,0.0171,0.0243,16000,1024,489.42,0.6537,0.3351,0.0077,0.0035
2026-08-27T17:05:39.997+02:00,1000,1024,1024,1056,17,150,0,1110,0,114,0,0.6298,0.2207,0.0996,1.0195,0.3811,0.7532,1.626,1.489,21.384,49.21,49.22,49.15,0.9153,0.3182,0.0772,147.62,147.58,147.69,0.0705,0.0318,0.0295,98.76,99.6,197.12,0.0141,0.0214,0.0202,16000,1024,631.08,0.8286,0.163,0.0062,0.0023
2026-08-27T17:06:09.998+02:00,1000,1024,1024,1056,17,150,0,1110,0,114,0,0.617,0.2026,0.2981,1.0424,0.3735,1.0622,1.649,1.625,4.806,49.18,49.18,499.51,0.885,0.2838,0.1805,147.57,147.36,490.88,0.0595,0.0457,0.1284,196.49,450.98,9.19,0.0292,0.0319,0.1219,16000,1024,453.91,0.817,0.1633,0.0137,0.006
2026-08-27T17:06:39.999+02:00,1000,1024,1024,1056,17,150,2,1112,0,114,0,0.655,0.2159,0.1895,1.0431,0.369,1.5792,1.624,1.487,27.249,49.01,49.01,48.98,0.9202,0.2984,0.0659,147.02,147.05,97.95,0.0772,0.0401,0.0379,53.52,99.69,6.95,0.0246,0.0161,0.0335,16000,1024,485.89,0.8631,0.1173,0.0144,0.0051
2026-08-27T17:07:09.999+02:00,1000,1024,1024,1056,17,151,0,1112,0,114,0,0.6431,0.2042,0.2664,1.1955,0.3667,1.0683,1.648,1.6,5.558,49.12,49.12,499.51,0.9192,0.282,0.1991,147.32,147.58,491.79,0.0703,0.0477,0.1304,196.6,450.89,8.02,0.0312,0.0272,0.1199,16000,1024,486.48,0.7628,0.2067,0.0177,0.0128
2026-08-27T17:07:40.000+02:00,1000,1024,1024,1056,17,153,0,1112,0,114,0,0.6517,0.2183,0.0806,1.0313,0.3687,0.7128,1.616,1.493,18.217,49.16,49.15,49.06,0.9352,0.3105,0.0765,147.46,147.29,147.38,0.0714,0.0395,0.0266,196.63,100.07,99.84,0.0146,0.0148,0.0189,16000,1024,499.35,0.7562,0.2242,0.0146,0.005
2026-08-27T17:08:40.000+02:00,1000,1024,1024,1056,18,155,8,1122,1,115,0,0.6632,0.2081,0.2348,1.2188,0.3606,1.1227,1.659,1.532,8.739,49.14,49.14,49.4,0.8892,0.2726,0.0891,147.33,147.25,498.54,0.0721,0.0342,0.0731,44.43,40.16,491.2,0.0572,0.0247,0.0811,16000,1024,722.96,0.9524,0.0416,0.004,0.002
2026-08-27T17:09:10.012+02:00,1000,1024,1024,1056,18,155,1,1123,1,116,0,0.6564,0.2036,0.2562,1.2142,0.3594,1.1082,1.659,1.602,5.928,49.13,49.15,499.51,0.932,0.2797,0.1755,147.3,147.56,49.13,0.0665,0.0438,0.1211,196.61,99.56,97.78,0.0261,0.0322,0.1037,16000,1024,671.77,0.6711,0.3175,0.0079,0.0036
2026-08-27T17:09:40.002+02:00,1000,1024,1024,1056,18,157,0,1123,0,116,0,0.6777,0.2145,0.1122,1.0663,0.3577,1.9204,1.624,1.489,140.877,49.15,49.15,49.18,0.9761,0.305,0.0788,147.46,147.35,15.74,0.0744,0.0384,0.0207,196.65,100.05,98.24,0.0133,0.0202,0.0205,16000,1024,530.63,0.8989,0.0892,0.0093,0.0026
2026-08-27T17:10:10.002+02:00,1000,1024,1024,1056,18,158,0,1123,0,116,0,0.6879,0.2168,0.0629,1.0884,0.3603,0.1884,1.62,1.483,2.599,49.16,49.17,49.16,0.9911,0.3132,0.0718,147.44,147.37,147.5,0.0759,0.0396,0.0344,196.51,99.72,98.07,0.0149,0.0204,0.0199,16000,1024,533.93,0.7378,0.2422,0.0158,0.0042
2026-08-27T17:10:40.004+02:00,1000,1024,1024,1057,18,160,4,1127,1,117,0,0.6876,0.2069,0.2491,1.247,0.3483,1.119,1.653,1.569,6.739,49.05,49.06,499.51,0.97,0.2834,0.2046,147.13,147.01,49.11,0.077,0.0427,0.1035,53.24,451.22,20.16,0.0275,0.0208,0.0921,16000,1024,643.57,0.9157,0.0741,0.0085,0.0018
2026-08-27T17:11:10.002+02:00,1000,1024,1024,1056,18,160,7,1134,3,120,0,0.7072,0.2107,0.2925,1.2933,0.365,1.9396,1.651,1.528,15.08,49.12,49.1,9.51,0.7342,0.2146,0.0911,28.08,27.34,336.71,0.1933,0.0596,0.058,23.93,31.74,30.89,0.1505,0.0438,0.0619,16000,1024,832.5,0.8684,0.1171,0.0112,0.0033
2026-08-27T17:11:40.003+02:00,1000,1024,1024,1056,18,160,0,1134,0,120,0,0.7113,0.2142,0.1457,1.2459,0.3533,1.2041,1.637,1.502,22.219,49.19,49.18,49.08,1.0274,0.3072,0.0717,147.46,147.53,98.17,0.0849,0.0424,0.0334,196.85,99.51,147.08,0.0151,0.0199,0.0334,16000,1024,841.29,0.8732,0.1164,0.008,0.0024
2026-08-27T17:12:10.006+02:00,1000,1024,1024,1056,18,161,0,1134,0,120,0,0.7125,0.2162,0.0635,1.1104,0.3659,0.2101,1.623,1.482,2.55,49.18,49.18,49.18,1.0345,0.3105,0.0708,147.5,147.42,147.49,0.0785,0.0363,0.0269,196.72,100.19,98.33,0.0146,0.0199,0.0188,16000,1024,567.92,0.8531,0.1364,0.0076,0.0029
2026-08-27T17:12:40.002+02:00,1000,1024,1024,1056,18,161,0,1134,0,120,0,0.7241,0.216,0.072,1.1626,0.356,0.7288,1.621,1.484,21.4,49.19,49.19,49.2,1.047,0.3088,0.071,147.47,147.6,147.59,0.0817,0.0382,0.0224,196.68,99.61,98.23,0.015,0.0194,0.019,16000,1024,788.84,0.851,0.1376,0.0082,0.0033
2026-08-27T17:13:10.003+02:00,1000,1024,1024,1056,18,162,7,1141,1,121,0,0.7408,0.2115,0.2078,1.3208,0.3664,1.4623,1.65,1.52,15.7,49.25,49.26,1.79,0.9764,0.2686,0.1316,147.67,147.62,6.81,0.0801,0.0318,0.0892,54.2,99.23,97.65,0.049,0.0229,0.0846,16000,1024,812.78,0.8193,0.1667,0.0098,0.0042
2026-08-27T17:13:40.004+02:00,1000,1024,1024,1056,18,162,1,1142,0,121,0,0.7378,0.2164,0.0643,1.156,0.3651,0.5354,1.619,1.49,10.146,49.19,49.2,49.15,1.0597,0.3094,0.0652,147.55,147.77,147.41,0.0831,0.0377,0.0341,196.69,100.12,98.38,0.0122,0.0188,0.026,16000,1024,605.0,0.8722,0.1166,0.0086,0.0026
2026-08-27T17:14:10.023+02:00,1000,1024,1041,1074,18,162,3,1145,0,121,0,0.7402,0.2115,0.1485,1.18,0.3655,1.2255,1.627,1.494,26.366,49.17,49.16,48.57,1.0717,0.2958,0.0616,147.46,147.41,98.2,0.0795,0.0421,0.0634,196.69,99.63,42.55,0.0149,0.0149,0.0604,16000,1024,884.44,0.9096,0.0787,0.0086,0.0032
2026-08-27T17:14:40.006+02:00,1000,1024,1024,1056,18,162,0,1145,0,121,0,0.7467,0.2151,0.0695,1.1671,0.3558,0.6733,1.627,1.508,18.644,49.06,49.06,48.98,1.0512,0.3009,0.0685,147.14,147.17,147.21,0.0864,0.0377,0.0338,53.65,99.92,98.92,0.0264,0.0173,0.0242,16000,1024,1426.64,0.9791,0.0184,0.0019,0.0005
2026-08-27T17:15:10.011+02:00,1000,1024,1024,1056,18,162,7,1152,0,121,0,0.7597,0.2174,0.0777,1.2575,0.3666,0.7929,1.636,1.484,30.822,49.21,49.21,49.08,0.9153,0.258,0.0526,44.11,44.03,147.56,0.1496,0.0463,0.0352,8.77,8.91,98.58,0.1309,0.0404,0.0235,16000,1024,624.95,0.8636,0.1228,0.01,0.0036
2026-08-27T17:15:40.006+02:00,1000,1024,1024,1056,18,163,4,1156,0,121,0,0.7602,0.2148,0.0632,1.1984,0.3565,0.1822,1.618,1.467,2.662,49.14,49.15,49.21,1.0184,0.2883,0.0617,28.56,147.35,147.61,0.0866,0.0339,0.0254,36.79,28.67,98.77,0.0838,0.0258,0.0173,16000,1024,1115.64,0.8839,0.11,0.0043,0.0018
2026-08-27T17:16:10.005+02:00,1000,1024,1024,1056,18,163,0,1156,0,121,0,0.7683,0.2132,0.0617,1.1954,0.3686,0.1703,1.62,1.486,2.616,49.2,49.2,49.22,1.1117,0.3059,0.0696,147.58,147.77,147.61,0.0816,0.0426,0.0286,100.16,100.11,98.98,0.0149,0.0191,0.0234,16000,1024,709.49,0.8412,0.1456,0.0093,0.0039
2026-08-27T17:16:40.006+02:00,1000,1024,1024,1056,18,164,0,1156,0,121,0,0.7733,0.2136,0.0665,1.219,0.3541,0.6373,1.613,1.465,17.221,49.2,49.2,49.24,1.1113,0.3049,0.07,147.58,147.69,147.65,0.0836,0.04,0.0254,98.68,99.81,98.78,0.013,0.0174,0.0178,16000,1024,678.2,0.9312,0.0567,0.0093,0.0028
2026-08-27T17:17:10.012+02:00,1000,1024,1029,1062,18,165,37,1193,3,124,0,0.7677,0.2113,0.1004,1.34,0.3735,0.826,1.708,1.506,28.162,49.18,8.42,49.06,0.4042,0.0988,0.0335,8.48,49.18,96.82,0.3612,0.1037,0.023,15.29,15.32,43.18,0.263,0.0705,0.0221,16000,1024,351.24,0.6569,0.2974,0.0349,0.0108
2026-08-27T17:17:40.007+02:00,1000,1024,1024,1056,18,165,2,1195,1,125,0,0.7806,0.2143,0.0622,1.2332,0.3554,0.1873,1.616,1.467,2.635,49.19,49.19,49.18,1.1251,0.3082,0.0716,147.58,147.52,147.57,0.0843,0.043,0.0293,196.79,100.11,99.06,0.0165,0.0169,0.0238,16000,1024,807.12,0.8065,0.1789,0.0105,0.0041
2026-08-27T17:18:10.008+02:00,1000,1024,1024,1056,18,167,7,1202,0,125,0,0.7716,0.2108,0.0843,1.2607,0.3928,0.724,1.646,1.465,29.128,49.28,49.29,49.28,0.9141,0.2488,0.0421,14.63,147.34,98.01,0.1372,0.0361,0.0299,53.22,14.51,53.22,0.1272,0.0347,0.0254,16000,1024,1222.17,0.8644,0.1254,0.0081,0.002
2026-08-27T17:18:40.007+02:00,1000,1024,1024,1056,18,167,0,1202,0,125,0,0.7778,0.215,0.0622,1.2337,0.3524,0.1599,1.621,1.463,2.502,49.15,49.15,49.2,1.1218,0.3077,0.07,147.41,147.43,147.4,0.0853,0.0356,0.0275,98.19,99.74,99.16,0.0149,0.0215,0.0215,16000,1024,763.52,0.9077,0.0808,0.0092,0.0022
2026-08-27T17:19:10.009+02:00,1000,1024,1024,1056,18,168,0,1202,0,125,0,0.7843,0.2126,0.0585,1.2243,0.367,0.1608,1.618,1.472,2.464,49.15,49.15,49.13,1.1298,0.3033,0.068,147.44,147.45,98.77,0.08,0.0403,0.0232,54.0,100.01,147.54,0.015,0.0181,0.0229,16000,1024,791.94,0.8606,0.1236,0.0115,0.0044
2026-08-27T17:19:40.008+02:00,1000,1024,1024,1056,18,168,0,1202,0,125,0,0.7901,0.2106,0.0719,1.2574,0.3532,0.6317,1.615,1.456,21.605,49.19,49.19,49.16,1.1428,0.3032,0.0653,147.52,147.4,147.34,0.0852,0.0363,0.0326,98.67,99.79,97.99,0.0156,0.021,0.0276,16000,1024,522.57,0.8112,0.1648,0.0201,0.0039
2026-08-27T17:20:10.008+02:00,1000,1024,1024,1056,18,168,1,1203,0,125,0,0.7971,0.2146,0.0696,1.2646,0.3505,0.6879,1.62,1.461,20.653,49.16,49.16,49.2,1.1453,0.3061,0.0739,147.43,147.58,98.52,0.0867,0.0411,0.021,196.52,100.09,147.24,0.0149,0.0181,0.0215,16000,1024,461.32,0.6511,0.3182,0.0253,0.0054
2026-08-27T17:20:40.009+02:00,1000,1024,1024,1056,18,168,1,1204,0,125,0,0.8005,0.2109,0.0662,1.255,0.3546,0.6645,1.624,1.456,21.773,49.19,49.18,49.17,1.1581,0.3018,0.0527,147.52,147.44,147.45,0.0838,0.0394,0.0237,196.63,99.89,100.36,0.0177,0.0213,0.0198,16000,1024,835.55,0.9058,0.0839,0.0083,0.0019
2026-08-27T17:21:10.009+02:00,1000,1024,1024,1056,18,168,0,1204,0,125,0,0.7845,0.2107,0.0592,1.2214,0.3466,0.1634,1.628,1.457,2.459,49.12,49.13,49.18,1.1256,0.3005,0.0674,147.37,147.37,147.36,0.0891,0.0432,0.0303,196.41,100.01,98.85,0.0127,0.022,0.0251,16000,1024,428.52,0.5662,0.4099,0.0195,0.0044
2026-08-27T17:21:40.011+02:00,1000,1024,1024,1056,18,168,2,1206,0,125,0,0.7893,0.2119,0.0618,1.2492,0.3596,0.1807,1.631,1.475,2.597,49.14,49.14,49.1,1.1037,0.2918,0.0666,147.31,147.26,147.26,0.0844,0.0383,0.0282,29.94,99.75,98.01,0.0446,0.0206,0.0203,16000,1024,699.46,0.8312,0.1596,0.006,0.0032
2026-08-27T17:22:10.010+02:00,1000,1024,1024,1056,18,168,0,1206,0,125,0,0.7914,0.2122,0.0781,1.2572,0.3672,0.7464,1.622,1.493,26.581,49.09,49.08,49.14,1.1346,0.3009,0.0686,147.2,147.13,147.39,0.0854,0.0312,0.028,53.31,99.75,98.22,0.0221,0.0155,0.0223,16000,1024,1094.21,0.8339,0.1527,0.0107,0.0027
2026-08-27T17:22:40.010+02:00,1000,1024,1024,1056,18,168,8,1214,0,125,0,0.7979,0.208,0.2161,1.5207,0.3724,1.7135,1.658,1.494,26.358,49.16,49.16,2.06,0.981,0.2458,0.0869,38.8,37.91,8.92,0.0986,0.0332,0.0793,147.36,147.09,88.35,0.086,0.0338,0.0705,16000,1024,665.65,0.7597,0.2248,0.0126,0.0029
2026-08-27T17:23:10.012+02:00,1000,1024,1024,1056,18,168,0,1214,0,125,0,0.8054,0.2073,0.2179,1.4974,0.3454,1.6396,1.627,1.488,23.83,49.14,49.14,2.17,1.1581,0.2882,0.1048,147.39,147.34,46.57,0.0935,0.0427,0.0956,196.54,98.01,8.6,0.0229,0.0147,0.095,16000,1024,565.26,0.7117,0.2702,0.015,0.0031
2026-08-27T17:23:40.012+02:00,1000,1024,1024,1056,18,168,0,1214,0,125,0,0.8061,0.2136,0.0721,1.2469,0.3673,0.7399,1.613,1.473,23.374,49.05,49.06,49.1,1.1405,0.2994,0.0691,147.15,147.26,147.07,0.0863,0.0372,0.0323,55.49,99.92,98.66,0.0175,0.0185,0.0199,16000,1024,545.98,0.5491,0.4238,0.0207,0.0064
2026-08-27T17:24:10.011+02:00,1000,1024,1024,1056,18,169,0,1214,0,125,0,0.8156,0.2103,0.0596,1.2793,0.3521,0.1845,1.612,1.454,2.583,49.14,49.14,49.13,1.1718,0.2985,0.0674,147.33,147.49,147.31,0.0855,0.0386,0.0313,99.19,99.79,98.29,0.0152,0.0203,0.0195,16000,1024,514.45,0.8579,0.1246,0.013,0.0045
2026-08-27T17:24:40.012+02:00,1000,1024,1024,1056,18,169,2,1216,0,125,0,0.8216,0.2118,0.059,1.3282,0.359,0.1799,1.627,1.47,2.684,49.14,49.16,49.2,1.1281,0.2883,0.0588,147.42,147.46,147.47,0.0867,0.0373,0.0334,36.22,99.98,98.38,0.0564,0.0221,0.0196,16000,1024,386.95,0.5816,0.3899,0.024,0.0046
2026-08-27T17:25:10.015+02:00,1000,1024,1024,1056,18,169,0,1216,0,125,0,0.8273,0.2105,0.06,1.2931,0.3865,0.1662,1.613,1.463,2.623,49.17,49.16,49.21,1.1927,0.3015,0.0634,147.45,147.33,147.33,0.0894,0.0348,0.0342,98.66,99.78,98.02,0.0137,0.0224,0.017,16000,1024,446.85,0.7271,0.2509,0.016,0.006
2026-08-27T17:25:40.014+02:00,1000,1024,1024,1056,18,169,0,1216,0,125,0,0.8427,0.2116,0.0956,1.3249,0.3513,0.8223,1.613,1.47,32.976,49.19,49.18,49.27,1.2172,0.3015,0.063,147.5,147.45,147.64,0.0893,0.0353,0.0283,196.57,99.91,98.14,0.0175,0.017,0.0315,16000,1024,476.88,0.7793,0.2003,0.0171,0.0033
2026-08-27T17:26:10.013+02:00,1000,1024,1024,1056,18,169,0,1216,0,125,0,0.0241,0.0209,0.0323,0.096,0.0716,0.1118,3.17,2.848,3.121,135.61,112.52,44.19,0.0068,0.0063,0.0102,10.06,267.23,53.84,0.0067,0.0062,0.01,47.27,5.35,80.94,0.0067,0.0073,0.0092,16000,1024,667.43,0.9626,0.0273,0.0089,0.0013
2026-08-27T17:27:10.015+02:00,1000,1024,1024,1056,19,170,0,1232,0,126,0,0.0235,0.0211,0.0582,0.0835,0.0985,0.7393,2.894,3.397,92.643,164.63,81.45,93.05,0.0085,0.0067,0.0148,187.74,13.51,76.43,0.0073,0.0061,0.0142,29.59,68.64,144.27,0.007,0.0062,0.0139,16000,1024,414.72,0.9511,0.042,0.0059,0.001
2026-08-27T17:27:40.014+02:00,1000,1024,1024,1056,19,170,1,1233,0,126,0,0.0232,0.0197,0.0313,0.0778,0.0794,0.1001,2.821,2.937,2.844,70.12,96.62,24.74,0.0073,0.0053,0.0103,32.81,153.12,155.31,0.0079,0.0051,0.0091,102.14,249.31,34.86,0.0068,0.005,0.0093,16000,1024,382.73,0.8995,0.0837,0.0153,0.0014
2026-08-27T17:28:10.016+02:00,1000,1024,1024,1056,19,171,0,1233,0,126,0,0.0233,0.0209,0.0312,0.0911,0.0686,0.1093,3.301,2.9,3.02,124.9,111.99,85.08,0.0068,0.0071,0.0085,15.52,17.42,3.81,0.0067,0.0061,0.0085,97.58,7.98,97.57,0.0059,0.006,0.0084,16000,1024,1333.4,0.9501,0.0393,0.0087,0.0019
2026-08-27T17:28:40.015+02:00,1000,1024,1024,1056,19,172,0,1233,0,126,0,0.0244,0.0225,0.2619,0.0906,0.0776,1.7678,2.825,3.0,12.649,76.73,6.84,2.11,0.0084,0.0072,0.1051,59.61,189.62,6.35,0.0078,0.0069,0.0844,66.98,36.52,337.12,0.0074,0.0071,0.0689,16000,1024,639.36,0.9648,0.0271,0.0072,0.001
2026-08-27T17:29:10.016+02:00,1000,1024,1024,1056,19,173,0,1233,0,126,0,0.0235,0.0209,0.0324,0.0775,0.0686,0.0952,2.995,2.943,2.713,26.48,7.55,1.89,0.0081,0.0079,0.0134,37.78,201.22,52.42,0.008,0.0071,0.0111,61.35,149.5,33.31,0.0074,0.007,0.009,16000,1024,502.9,0.9583,0.029,0.0114,0.0013
2026-08-27T17:29:40.017+02:00,1000,1024,1024,1056,19,174,0,1233,0,126,0,0.0242,0.0206,0.0575,0.0853,0.0686,0.7354,3.058,2.809,84.494,99.08,16.47,26.17,0.0111,0.0062,0.014,53.08,171.11,102.31,0.0082,0.0061,0.0138,148.47,160.81,45.57,0.0068,0.0062,0.0135,16000,1024,405.07,0.9527,0.0311,0.0143,0.0019
2026-08-27T17:30:10.016+02:00,1000,1024,1024,1056,19,174,0,1233,0,126,0,0.0225,0.0205,0.0415,0.0853,0.0746,0.5845,3.098,3.075,79.728,142.02,71.33,204.75,0.0072,0.0082,0.0122,126.02,42.55,114.54,0.0067,0.0065,0.012,35.44,55.64,11.38,0.007,0.0053,0.0117,16000,1024,622.96,0.9516,0.0375,0.0094,0.0015
2026-08-27T17:31:10.021+02:00,1000,1024,1024,1056,20,175,0,1258,0,128,0,0.0238,0.0205,0.045,0.0718,0.0609,0.6877,3.025,2.665,109.433,158.44,143.78,89.08,0.0083,0.0073,0.0127,195.59,106.66,194.51,0.0085,0.0063,0.0111,93.92,125.85,13.41,0.0065,0.0058,0.0106,16000,1024,357.53,0.8762,0.0962,0.0251,0.0024
2026-08-27T17:31:40.025+02:00,1000,1024,1027,1060,20,175,10,1268,1,129,0,0.0252,0.0222,0.0574,0.0941,0.0855,0.7067,3.284,3.121,73.826,115.07,44.06,9.67,0.0092,0.0068,0.0148,4.75,5.73,51.13,0.0073,0.0064,0.0129,125.5,175.7,2.81,0.008,0.0062,0.0115,16000,1024,1630.95,0.9937,0.0051,0.001,0.0002
2026-08-27T17:32:10.017+02:00,1000,1024,1024,1056,20,176,0,1268,0,129,0,0.0225,0.0206,0.0314,0.0792,0.0633,0.0935,3.306,2.938,2.953,53.74,139.0,87.83,0.008,0.0061,0.0093,37.16,61.26,51.47,0.0066,0.0054,0.0083,8.04,82.0,145.13,0.0066,0.0053,0.0084,16000,1024,585.73,0.9637,0.0301,0.0056,0.0006
2026-08-27T17:32:40.018+02:00,1000,1024,1024,1056,20,177,0,1268,0,129,0,0.0238,0.019,0.032,0.0752,0.0636,0.0966,2.739,2.926,2.88,3.22,37.88,120.74,0.0092,0.0058,0.0107,12.31,147.95,33.14,0.0086,0.0068,0.0097,209.38,103.88,63.27,0.0066,0.0058,0.0097,16000,1024,345.5,0.9439,0.0431,0.0117,0.0013
2026-08-27T17:33:10.018+02:00,1000,1024,1024,1056,20,177,1,1269,0,129,0,0.0243,0.0212,0.0456,0.0913,0.0856,0.6993,3.144,3.052,103.173,26.73,86.93,62.15,0.0079,0.0072,0.0129,94.7,40.77,23.08,0.0064,0.006,0.0135,78.94,45.68,143.66,0.0063,0.0059,0.0119,16000,1024,532.44,0.983,0.0124,0.004,0.0006
2026-08-27T17:33:40.024+02:00,1000,1024,1029,1062,20,177,28,1297,1,130,0,0.0262,0.0229,0.0988,0.0829,0.0889,0.6975,3.033,3.266,32.495,35.92,26.23,371.98,0.0087,0.0065,0.0379,8.46,55.03,215.87,0.0086,0.0069,0.0375,103.55,87.1,246.42,0.0077,0.0065,0.0378,16000,1024,428.84,0.9414,0.0471,0.0104,0.0012
2026-08-27T17:34:10.020+02:00,1000,1024,1024,1056,20,177,0,1297,0,130,0,0.023,0.0195,0.0318,0.0768,0.065,0.1059,2.755,2.869,3.066,47.03,209.02,84.1,0.0084,0.0064,0.0119,25.68,12.81,70.17,0.0077,0.006,0.0098,12.16,100.17,23.06,0.0068,0.0062,0.0095,16000,1024,547.42,0.9663,0.0264,0.0062,0.0011
2026-08-27T17:34:40.024+02:00,1000,1024,1028,1061,20,177,4,1301,0,130,0,0.024,0.0223,0.0425,0.0746,0.0696,0.5739,2.994,2.826,66.372,113.31,72.38,175.04,0.0089,0.0073,0.0123,9.61,37.33,60.03,0.007,0.0069,0.0138,35.95,17.42,77.98,0.007,0.0064,0.0109,16000,1024,341.6,0.9484,0.041,0.0094,0.0011
2026-08-27T17:35:10.020+02:00,1000,1024,1024,1056,20,178,0,1301,0,130,0,0.0221,0.021,0.0423,0.0752,0.0713,0.5789,3.123,2.908,67.508,9.89,153.5,93.45,0.0078,0.007,0.017,233.7,36.75,11.49,0.0077,0.0065,0.0152,117.17,183.03,101.42,0.0061,0.0064,0.0129,16000,1024,1104.02,0.9898,0.0066,0.0032,0.0003
2026-08-27T17:35:40.022+02:00,1000,1024,1024,1056,20,178,0,1301,0,130,0,0.0229,0.0221,0.0461,0.0746,0.0651,0.6894,2.881,2.936,101.719,150.39,146.67,78.76,0.0068,0.0067,0.0129,177.86,57.68,159.88,0.0066,0.0062,0.0113,129.36,85.48,217.07,0.0069,0.0063,0.0102,16000,1024,468.55,0.957,0.0303,0.0113,0.0014
2026-08-27T17:36:10.021+02:00,1000,1024,1024,1056,20,178,0,1301,0,130,0,0.0215,0.0213,0.0399,0.0645,0.0725,0.577,2.813,3.0,84.497,94.64,53.39,27.27,0.0069,0.0077,0.0103,146.63,16.22,112.18,0.0066,0.0064,0.0089,64.45,71.49,65.36,0.0065,0.006,0.0079,16000,1024,329.73,0.9496,0.0386,0.0106,0.0011
2026-08-27T17:36:40.022+02:00,1000,1024,1024,1056,20,178,0,1301,0,130,0,0.024,0.0219,0.2693,0.0805,0.0622,1.8284,2.797,2.812,18.787,187.01,111.49,3.29,0.0094,0.007,0.1417,119.81,162.62,10.19,0.0083,0.0073,0.1177,144.31,83.11,291.08,0.0061,0.0062,0.0574,16000,1024,405.67,0.9354,0.0539,0.009,0.0016
2026-08-27T17:37:10.022+02:00,1000,1024,1024,1056,20,179,0,1301,0,130,0,0.024,0.02,0.048,0.0832,0.0671,0.735,2.838,3.047,105.055,96.84,148.63,14.38,0.0071,0.0078,0.0114,61.62,79.8,29.99,0.0066,0.0065,0.0094,52.48,6.26,98.45,0.006,0.0062,0.009,16000,1024,648.21,0.9642,0.027,0.0078,0.001
2026-08-27T17:37:40.023+02:00,1000,1024,1024,1056,20,179,0,1301,0,130,0,0.0247,0.022,0.0476,0.0868,0.0817,0.7057,3.177,3.086,97.47,6.21,149.76,190.5,0.009,0.0081,0.0143,11.49,59.51,95.94,0.0082,0.0075,0.0147,77.15,132.9,130.94,0.0074,0.0064,0.0135,16000,1024,434.09,0.9595,0.0329,0.0067,0.0009
2026-08-27T17:38:10.024+02:00,1000,1024,1024,1056,20,179,0,1301,0,130,0,0.0236,0.0202,0.0564,0.0787,0.0757,0.7087,3.176,3.134,93.269,150.24,15.7,77.4,0.0074,0.0069,0.0138,86.87,47.87,118.55,0.0074,0.0067,0.0154,32.72,90.42,10.82,0.0073,0.0066,0.0122,16000,1024,989.67,0.9682,0.026,0.0048,0.001
2026-08-27T17:38:40.023+02:00,1000,1024,1024,1056,20,179,0,1301,0,130,0,0.0245,0.022,0.183,0.0905,0.0857,1.6194,3.067,2.866,28.567,14.49,6.0,2.27,0.0082,0.009,0.1086,23.78,48.43,7.24,0.008,0.0083,0.0852,52.18,263.37,11.23,0.0073,0.0068,0.0658,16000,1024,439.3,0.9103,0.0722,0.0154,0.002
2026-08-27T17:39:10.024+02:00,1000,1024,1024,1056,20,180,4,1305,0,130,0,0.0238,0.0207,0.0568,0.0747,0.0673,0.7372,2.579,3.061,77.814,162.5,120.61,5.88,0.0081,0.0073,0.0142,49.18,158.64,131.1,0.0071,0.0066,0.0142,167.86,212.46,49.05,0.0068,0.006,0.014,16000,1024,497.27,0.9471,0.0439,0.008,0.001
2026-08-27T17:39:40.025+02:00,1000,1024,1024,1056,20,180,0,1305,0,130,0,0.023,0.0202,0.0472,0.0874,0.0924,0.7333,3.384,3.602,109.853,119.51,227.08,38.0,0.0069,0.0064,0.0124,129.28,51.03,194.25,0.0068,0.006,0.01,42.76,62.26,124.04,0.0064,0.0055,0.0097,16000,1024,628.89,0.9471,0.0462,0.006,0.0007
2026-08-27T17:40:10.025+02:00,1000,1024,1024,1056,20,180,0,1305,0,130,0,0.0231,0.0201,0.052,0.0743,0.0717,0.6216,3.136,3.28,76.887,20.59,59.93,39.83,0.0079,0.0077,0.017,95.75,115.47,288.05,0.0077,0.007,0.0152,107.1,29.36,12.53,0.0071,0.0058,0.0152,16000,1024,689.48,0.9842,0.0121,0.0032,0.0005
2026-08-27T17:40:40.025+02:00,1000,1024,1024,1056,20,181,0,1305,0,130,0,0.0237,0.0209,0.0308,0.0765,0.0784,0.108,2.795,3.42,2.789,121.84,85.19,46.13,0.0071,0.008,0.0123,10.74,19.19,159.16,0.0068,0.0072,0.0096,106.7,64.6,171.46,0.0067,0.006,0.0099,16000,1024,459.66,0.9242,0.0618,0.0122,0.0018
2026-08-27T17:41:10.028+02:00,1000,1024,1024,1056,20,181,0,1305,0,130,0,0.0207,0.021,0.0416,0.0683,0.0762,0.5938,2.938,2.933,81.015,16.44,25.79,164.87,0.0098,0.0084,0.0123,31.43,14.74,184.83,0.0062,0.0075,0.0124,178.02,69.26,45.64,0.0058,0.0062,0.0124,16000,1024,414.55,0.9809,0.0138,0.0045,0.0008
2026-08-27T17:41:40.026+02:00,1000,1024,1024,1056,20,181,0,1305,0,130,0,0.0234,0.0192,0.0313,0.0792,0.0638,0.1107,2.991,3.172,3.303,62.98,118.32,126.16,0.0101,0.0073,0.0094,42.91,94.7,155.4,0.0076,0.0059,0.009,96.73,23.21,28.18,0.0062,0.0055,0.0084,16000,1024,526.45,0.9708,0.0207,0.0078,0.0008
2026-08-27T17:42:10.026+02:00,1000,1024,1024,1056,20,181,0,1305,0,130,0,0.0235,0.0208,0.1712,0.0674,0.0633,1.521,2.844,2.651,29.321,16.19,151.52,2.28,0.0087,0.0072,0.117,247.34,173.74,154.26,0.0078,0.0063,0.0586,87.17,1.95,480.41,0.0077,0.0058,0.0563,16000,1024,541.6,0.9743,0.0205,0.0045,0.0006
2026-08-27T17:42:40.027+02:00,1000,1024,1024,1056,20,181,3,1308,0,130,0,0.0231,0.0212,0.033,0.0708,0.0666,0.102,2.702,2.703,2.98,43.8,91.46,97.26,0.0063,0.007,0.0123,279.68,28.96,2.46,0.0063,0.0067,0.0097,138.78,143.43,157.6,0.0062,0.0062,0.0101,16000,1024,588.89,0.9629,0.0315,0.0049,0.0007
2026-08-27T17:43:10.026+02:00,1000,1024,1024,1056,20,182,0,1308,0,130,0,0.0238,0.0207,0.0426,0.0843,0.0759,0.6385,3.166,3.294,97.03,76.37,183.82,264.36,0.0088,0.0072,0.0154,59.34,63.3,68.38,0.0077,0.0066,0.0149,25.01,77.21,217.48,0.0086,0.0059,0.0147,16000,1024,389.67,0.9395,0.0505,0.009,0.001
2026-08-27T17:43:40.026+02:00,1000,1024,1024,1056,20,184,1,1309,1,131,0,0.0229,0.0215,0.0579,0.0682,0.0854,0.7381,3.044,3.723,88.259,29.95,16.36,58.5,0.0083,0.0068,0.0105,159.34,105.36,77.47,0.008,0.0066,0.0092,94.16,58.82,282.92,0.0078,0.0062,0.0084,16000,1024,434.89,0.9347,0.054,0.0096,0.0017
2026-08-27T17:44:10.027+02:00,1000,1024,1024,1056,20,184,1,1310,0,131,0,0.0232,0.0207,0.0313,0.0822,0.0671,0.0938,2.952,3.146,2.869,38.73,70.38,4.45,0.0087,0.0063,0.0108,161.18,186.84,88.24,0.008,0.0059,0.0115,113.22,171.49,21.22,0.0062,0.0057,0.01,16000,1024,919.1,0.8798,0.0959,0.0211,0.0031
2026-08-27T17:44:40.029+02:00,1000,1024,1024,1056,20,184,1,1311,0,131,0,0.0239,0.0192,0.0339,0.0708,0.0662,0.1434,2.716,3.195,3.254,11.36,109.06,65.4,0.0076,0.0067,0.0102,22.66,42.26,72.32,0.0065,0.0061,0.0097,32.48,64.78,6.45,0.0064,0.0057,0.0094,16000,1024,341.25,0.8653,0.1181,0.0142,0.0024
2026-08-27T17:45:10.032+02:00,1000,1024,1024,1056,20,184,0,1311,0,131,0,0.023,0.021,0.0312,0.0893,0.0741,0.118,3.121,3.361,2.93,169.16,24.97,54.06,0.0072,0.0072,0.0101,175.86,139.67,23.5,0.0062,0.0064,0.0093,56.61,54.41,64.62,0.0061,0.0064,0.009,16000,1024,547.7,0.9412,0.0472,0.0102,0.0014
2026-08-27T17:45:40.029+02:00,1000,1024,1024,1056,20,184,0,1311,0,131,0,0.0231,0.0215,0.1363,0.0789,0.0745,1.322,2.815,2.798,42.872,100.36,15.4,2.44,0.0065,0.0062,0.011,118.91,192.44,8.68,0.0064,0.0061,0.0126,241.51,133.17,56.81,0.006,0.0059,0.0115,16000,1024,1065.53,0.9714,0.0173,0.0087,0.0025
2026-08-27T17:46:10.032+02:00,1000,1024,1024,1056,20,184,0,1311,0,131,0,0.0238,0.0201,0.0477,0.0796,0.0686,0.7318,2.921,3.072,109.157,143.03,15.69,20.65,0.0099,0.0072,0.0193,83.06,141.64,70.42,0.007,0.0071,0.0145,117.79,237.24,145.65,0.0073,0.0058,0.0138,16000,1024,712.01,0.9089,0.0824,0.0076,0.0011
2026-08-27T17:46:40.030+02:00,1000,1024,1024,1056,20,184,1,1312,0,131,0,0.0234,0.0205,0.0313,0.0649,0.0697,0.0961,2.742,3.029,2.807,57.81,63.24,236.29,0.0077,0.0064,0.0099,167.99,14.79,72.2,0.0072,0.0059,0.0094,101.09,2.66,82.48,0.0075,0.0055,0.0101,16000,1024,499.12,0.9636,0.0242,0.0111,0.0012
2026-08-27T17:47:10.030+02:00,1000,1024,1024,1056,20,184,1,1313,0,131,0,0.0235,0.0209,0.0575,0.0799,0.0712,0.7153,2.92,2.838,87.489,213.68,182.71,23.45,0.0072,0.0061,0.0204,25.46,85.71,88.56,0.007,0.0059,0.0194,16.4,57.99,2.04,0.0061,0.006,0.0183,16000,1024,435.47,0.9706,0.0206,0.0075,0.0012
2026-08-27T17:47:40.030+02:00,1000,1024,1024,1056,20,184,0,1313,0,131,0,0.023,0.0203,0.0743,0.0699,0.0849,0.8292,3.101,3.263,66.613,26.87,183.42,89.63,0.0083,0.0058,0.0169,166.85,95.42,148.63,0.0076,0.0056,0.0165,9.62,207.9,50.4,0.0071,0.005,0.0183,16000,1024,441.73,0.9217,0.0548,0.0213,0.0023
2026-08-27T17:48:10.030+02:00,1000,1024,1024,1056,20,184,1,1314,0,131,0,0.0235,0.0194,0.0312,0.0843,0.0626,0.1069,3.042,2.839,3.037,21.08,97.31,19.87,0.008,0.0076,0.0122,33.01,79.42,1.88,0.0071,0.0056,0.0108,103.32,26.39,48.97,0.0066,0.0053,0.0091,16000,1024,300.51,0.9073,0.0715,0.0181,0.003
2026-08-27T17:48:40.032+02:00,1000,1024,1024,1056,20,184,8,1322,3,134,0,0.0247,0.0235,0.0966,0.0915,0.1051,0.6971,3.076,4.093,35.304,50.52,90.99,41.29,0.0084,0.009,0.0188,38.32,216.26,326.99,0.0081,0.0063,0.0187,14.61,49.44,79.38,0.0073,0.0058,0.019,16000,1024,419.59,0.9602,0.0322,0.0064,0.0012
2026-08-27T17:49:10.031+02:00,1000,1024,1024,1056,20,184,0,1322,0,134,0,0.024,0.0203,0.0429,0.0731,0.0715,0.6167,2.712,3.317,80.518,171.73,53.12,89.1,0.0076,0.0067,0.015,94.37,138.16,28.08,0.0065,0.0059,0.0137,47.04,39.56,121.66,0.0059,0.0056,0.0148,16000,1024,569.12,0.9809,0.0153,0.0033,0.0004
2026-08-27T17:49:40.031+02:00,1000,1024,1024,1056,20,184,0,1322,0,134,0,0.0222,0.0213,0.18,0.0652,0.0754,0.9083,2.64,3.015,10.867,69.56,69.55,499.51,0.0073,0.0067,0.081,86.8,13.16,224.59,0.0066,0.0065,0.0584,5.3,179.84,131.86,0.0072,0.006,0.0579,16000,1024,424.37,0.9646,0.0306,0.0041,0.0006
2026-08-27T17:50:10.032+02:00,1000,1024,1024,1056,20,185,7,1329,0,134,0,0.0239,0.0221,0.0554,0.0913,0.1003,0.6907,3.429,3.585,93.5,81.09,74.11,55.58,0.0074,0.007,0.0159,91.0,2.96,10.49,0.0072,0.0065,0.0156,13.88,40.68,29.41,0.0071,0.0065,0.0137,16000,1024,544.97,0.9691,0.0202,0.0093,0.0013
2026-08-27T17:50:40.032+02:00,1000,1024,1024,1056,20,186,1,1330,0,134,0,0.0236,0.0207,0.0313,0.0749,0.0744,0.1119,2.865,2.994,3.092,27.8,44.44,133.08,0.0095,0.0075,0.0118,86.4,83.99,93.8,0.0093,0.0056,0.009,53.75,51.54,63.08,0.0066,0.0056,0.0095,16000,1024,587.92,0.9826,0.0124,0.0042,0.0008
2026-08-27T17:51:10.032+02:00,1000,1024,1024,1056,20,187,0,1330,0,134,0,0.0228,0.0208,0.103,0.0668,0.0671,0.9311,2.583,2.942,44.36,99.78,22.14,2.27,0.0072,0.0079,0.0388,23.49,101.26,6.63,0.0063,0.0061,0.0357,125.6,111.41,398.35,0.0065,0.005,0.0303,16000,1024,364.96,0.9006,0.0774,0.0194,0.0026
2026-08-27T17:51:40.034+02:00,1000,1024,1024,1056,20,187,0,1330,0,134,0,0.0229,0.0208,0.0538,0.0925,0.0756,0.6873,3.289,3.145,76.51,78.97,59.34,198.31,0.0057,0.0072,0.0106,14.29,105.23,6.18,0.0058,0.0067,0.0099,28.03,147.65,57.77,0.006,0.0061,0.0096,16000,1024,734.99,0.9693,0.0265,0.0037,0.0005
2026-08-27T17:52:10.033+02:00,1000,1024,1024,1056,20,187,1,1331,0,134,0,0.0244,0.0208,0.0453,0.073,0.0729,0.6661,2.639,2.937,94.791,79.61,94.77,32.98,0.0081,0.0063,0.0119,18.55,24.0,86.12,0.0072,0.006,0.0117,243.01,88.93,234.68,0.0064,0.0059,0.0101,16000,1024,509.77,0.9631,0.0314,0.0047,0.0008
2026-08-27T17:52:40.033+02:00,1000,1024,1024,1056,20,187,0,1331,0,134,0,0.0221,0.0199,0.0644,0.0685,0.0838,1.0419,2.836,3.393,150.936,29.88,98.57,26.24,0.0072,0.007,0.0099,36.34,168.27,36.55,0.0065,0.0065,0.0101,114.4,18.63,102.45,0.006,0.0059,0.0094,16000,1024,690.06,0.9704,0.0242,0.0045,0.0009
2026-08-27T17:53:10.035+02:00,1000,1024,1024,1056,20,189,0,1331,0,134,0,0.0238,0.0203,0.0455,0.0799,0.0899,0.702,2.896,3.365,104.77,49.75,9.07,10.73,0.0079,0.0062,0.015,175.37,92.6,225.6,0.0077,0.0056,0.0131,74.5,167.26,166.42,0.0076,0.0056,0.013,16000,1024,550.28,0.9551,0.0381,0.0059,0.001
2026-08-27T17:53:40.034+02:00,1000,1024,1024,1056,20,189,1,1332,0,134,0,0.0235,0.0209,0.0473,0.0777,0.0628,0.7483,3.083,2.855,118.144,111.38,108.31,95.62,0.0075,0.0069,0.0149,63.1,26.61,133.87,0.0073,0.007,0.0143,11.83,75.71,189.14,0.0069,0.0072,0.0143,16000,1024,569.06,0.9686,0.0242,0.0065,0.0006
2026-08-27T17:54:40.035+02:00,1000,1024,1024,1056,21,191,1,1337,0,134,0,0.0227,0.0196,0.0407,0.0816,0.0657,0.5666,3.139,3.102,74.553,14.9,186.51,161.04,0.0079,0.006,0.0128,22.7,142.5,31.8,0.0073,0.0053,0.0128,196.56,164.45,188.69,0.0072,0.0053,0.0103,16000,1024,438.2,0.9632,0.0221,0.011,0.0037
2026-08-27T17:55:10.037+02:00,1000,1024,1024,1056,21,192,3,1340,1,135,0,0.0282,0.0249,0.0362,0.1897,0.175,0.1382,9.221,7.981,3.87,116.31,161.97,75.21,0.0068,0.007,0.0124,148.23,5.98,86.87,0.0063,0.007,0.012,137.49,70.21,13.72,0.006,0.0065,0.0104,16000,1024,1515.02,0.2179,0.5046,0.2739,0.0036
2026-08-27T17:55:40.039+02:00,1000,1024,1024,1056,21,192,0,1340,0,135,0,0.0238,0.0238,0.2333,0.0727,0.1037,1.5529,2.873,3.455,13.309,162.73,32.35,8.01,0.008,0.0098,0.0696,24.68,71.68,3.34,0.0072,0.0081,0.0743,73.75,8.39,16.2,0.007,0.0061,0.0604,16000,1024,353.9,0.9179,0.0697,0.01,0.0023
2026-08-27T17:56:10.037+02:00,1000,1024,1024,1056,21,193,0,1340,0,135,0,0.0227,0.0211,0.1632,0.0719,0.0726,0.989,2.856,3.433,16.799,140.53,9.0,459.89,0.0082,0.0073,0.0422,33.42,55.19,40.08,0.007,0.0064,0.0419,56.96,179.84,25.41,0.0068,0.0058,0.0404,16000,1024,483.73,0.9693,0.0239,0.0058,0.001
2026-08-27T17:56:40.038+02:00,1000,1024,1024,1056,21,194,0,1340,0,135,0,0.0243,0.0193,0.1944,0.0816,0.0699,1.5445,3.075,3.167,18.915,32.58,43.88,9.36,0.0077,0.0076,0.0932,68.56,12.83,1.88,0.0074,0.0061,0.0759,18.49,171.4,499.51,0.0068,0.0071,0.0676,16000,1024,373.06,0.8963,0.056,0.0376,0.0101
2026-08-27T17:57:10.038+02:00,1000,1024,1024,1056,21,194,0,1340,0,135,0,0.0223,0.0197,0.0302,0.0699,0.0667,0.1043,3.075,2.849,3.059,97.4,85.52,53.17,0.0069,0.0072,0.0097,210.56,192.27,136.82,0.0069,0.0056,0.0088,108.73,58.75,102.82,0.0068,0.0054,0.0088,16000,1024,473.7,0.9475,0.0442,0.0072,0.0011
2026-08-27T17:57:40.037+02:00,1000,1024,1024,1056,21,194,15,1355,10,145,0,0.0227,0.0204,0.0965,0.1098,0.0992,0.7986,3.805,3.614,43.653,170.04,46.1,302.98,0.0068,0.0072,0.0278,37.6,170.73,161.02,0.0079,0.0062,0.0265,141.14,97.29,11.01,0.0071,0.0062,0.0269,16000,1024,688.16,0.9715,0.0195,0.0078,0.0012
2026-08-27T17:58:10.039+02:00,1000,1024,1024,1056,21,194,0,1355,0,145,0,0.0235,0.0209,0.0651,0.0808,0.0854,0.711,3.014,3.483,74.139,216.44,86.96,135.0,0.008,0.0068,0.0188,34.74,62.78,126.34,0.0082,0.0066,0.0179,67.92,139.01,38.56,0.0072,0.0062,0.0188,16000,1024,321.58,0.9408,0.0486,0.0092,0.0014
2026-08-27T17:58:40.040+02:00,1000,1024,1024,1056,21,194,19,1374,2,147,0,0.0257,0.0229,0.0798,0.0868,0.0824,0.8123,3.344,3.026,63.174,39.89,64.46,53.98,0.0078,0.0094,0.0314,118.73,103.45,424.91,0.0082,0.0074,0.0301,55.23,96.96,95.4,0.0081,0.0075,0.03,16000,1024,1062.94,0.8281,0.0853,0.0631,0.0235
2026-08-27T17:59:10.039+02:00,1000,1024,1024,1056,21,194,1,1375,0,147,0,0.0314,0.0226,0.054,0.0894,0.0896,0.7599,2.813,3.157,78.38,27.01,74.98,26.8,0.0203,0.0073,0.0269,142.52,62.4,11.42,0.0094,0.0068,0.0156,54.18,167.48,81.93,0.0089,0.0073,0.014,16000,1024,998.99,0.9423,0.0406,0.0143,0.0028
2026-08-27T17:59:40.039+02:00,1000,1024,1024,1056,21,194,2,1377,1,148,0,0.0255,0.0206,0.0462,0.092,0.1077,0.6899,2.957,3.93,99.914,6.05,73.46,24.08,0.0131,0.0059,0.0129,93.58,84.56,186.18,0.0076,0.0061,0.0093,20.49,3.4,65.6,0.0074,0.0057,0.0089,16000,1024,983.79,0.6437,0.314,0.0318,0.0105
2026-08-27T18:00:10.046+02:00,1000,1024,1024,1056,21,194,0,1377,0,148,0,0.0231,0.0215,0.0333,0.078,0.0804,0.1069,2.916,3.223,2.91,34.74,89.22,146.73,0.008,0.0068,0.0102,79.38,20.81,57.53,0.0075,0.0065,0.0092,12.98,192.94,72.35,0.0073,0.0066,0.0084,16000,1024,1322.79,0.9693,0.028,0.0024,0.0003
2026-08-27T18:00:40.040+02:00,1000,1024,1024,1056,21,194,12,1389,1,149,0,0.023,0.0229,0.0764,0.0825,0.0935,0.6879,3.023,3.722,51.778,25.23,104.67,128.85,0.0062,0.0085,0.0194,190.55,55.23,59.46,0.0061,0.0095,0.0185,50.71,10.57,67.59,0.0061,0.0058,0.0176,16000,1024,662.17,0.9608,0.0344,0.0043,0.0005
2026-08-27T18:01:10.044+02:00,1000,1024,1024,1056,21,194,5,1394,0,149,0,0.0235,0.0214,0.2073,0.0829,0.0975,1.6224,2.945,3.872,15.916,149.61,66.3,3.06,0.0074,0.0063,0.1109,17.45,160.22,299.02,0.007,0.0058,0.0564,100.64,134.57,9.38,0.0064,0.0056,0.0586,16000,1024,278.29,0.9028,0.0806,0.0148,0.0018
2026-08-27T18:01:40.040+02:00,1000,1024,1024,1056,21,194,2,1396,0,149,0,0.0233,0.0205,0.0455,0.0939,0.0706,0.6851,3.349,3.043,104.349,13.87,150.35,160.1,0.0072,0.0059,0.0097,110.13,39.16,39.24,0.0067,0.0058,0.009,23.09,32.34,135.36,0.0065,0.0057,0.0097,16000,1024,392.87,0.9591,0.031,0.0089,0.001
2026-08-27T18:02:10.042+02:00,1000,1024,1024,1056,21,194,3,1399,0,149,0,0.0242,0.0212,0.0455,0.0744,0.085,0.6825,2.779,3.044,98.515,59.28,32.93,13.69,0.0083,0.0059,0.0177,6.78,112.47,89.78,0.008,0.0056,0.0167,22.78,2.98,106.43,0.0078,0.0053,0.016,16000,1024,1267.95,0.9899,0.007,0.0028,0.0003
2026-08-27T18:02:40.041+02:00,1000,1024,1024,1056,21,195,0,1399,0,149,0,0.024,0.0209,0.1923,0.0767,0.0768,0.9189,2.854,3.333,9.376,60.91,27.5,498.06,0.0084,0.0062,0.111,205.36,76.66,480.2,0.0076,0.0059,0.0774,2.84,154.02,454.81,0.0074,0.0055,0.0648,16000,1024,563.74,0.9722,0.0218,0.0053,0.0008
2026-08-27T18:03:10.041+02:00,1000,1024,1024,1056,21,195,0,1399,0,149,0,0.0236,0.0208,0.0319,0.0811,0.0609,0.0886,3.199,2.659,2.604,97.43,63.09,39.05,0.0079,0.0093,0.009,34.91,33.53,185.48,0.0077,0.0061,0.0088,7.89,43.66,32.61,0.0059,0.0061,0.0087,16000,1024,516.41,0.9631,0.0309,0.0054,0.0006
2026-08-27T18:03:40.042+02:00,1000,1024,1024,1056,21,196,4,1403,1,150,0,0.0233,0.0216,0.201,0.1011,0.0851,1.347,3.521,3.31,16.322,68.54,35.8,4.84,0.009,0.0083,0.0899,82.19,64.4,9.84,0.0083,0.0075,0.0812,133.39,136.06,14.76,0.0082,0.0059,0.0539,16000,1024,418.22,0.9679,0.0246,0.0065,0.001
2026-08-27T18:04:10.042+02:00,1000,1024,1024,1056,21,196,0,1403,0,150,0,0.0233,0.0206,0.0457,0.0706,0.07,0.6977,2.833,3.237,106.744,93.77,162.81,28.3,0.0073,0.0071,0.0096,141.71,124.45,156.42,0.0069,0.0066,0.0096,39.87,251.27,7.0,0.0069,0.0062,0.0091,16000,1024,365.88,0.9721,0.0196,0.0074,0.0009
2026-08-27T18:04:40.043+02:00,1000,1024,1024,1056,21,196,5,1408,1,151,0,0.0227,0.0218,0.0318,0.0798,0.0658,0.1027,3.034,2.891,2.834,260.83,16.7,95.07,0.0067,0.0083,0.0113,17.66,62.37,123.86,0.0061,0.0063,0.0087,86.79,72.43,15.33,0.0061,0.0059,0.0089,16000,1024,458.72,0.9681,0.025,0.0063,0.0006
2026-08-27T18:05:10.043+02:00,1000,1024,1024,1056,21,197,0,1408,0,151,0,0.76,0.2227,0.0505,1.2033,0.3856,0.1562,1.561,1.486,2.639,49.2,49.2,49.12,1.1056,0.319,0.0448,147.59,147.61,98.53,0.043,0.05,0.02,98.73,99.63,123.34,0.0186,0.02,0.0111,16000,1024,529.69,0.8296,0.1536,0.0109,0.0059
2026-08-27T18:05:40.045+02:00,1000,1024,1024,1056,21,197,8,1416,8,159,0,0.6701,0.2345,0.0624,1.0301,0.3862,0.7179,1.585,1.531,32.954,49.38,49.37,49.36,0.976,0.3383,0.0626,148.1,148.32,98.84,0.0517,0.0366,0.0182,99.42,99.7,147.93,0.0197,0.0214,0.0207,16000,1024,863.83,0.8865,0.0971,0.0132,0.0032
2026-08-27T18:06:10.045+02:00,1000,1024,1024,1056,21,197,0,1416,0,159,0,0.6484,0.2347,0.0605,1.0209,0.4356,0.1783,1.567,1.54,2.497,49.36,49.37,49.41,0.9427,0.3387,0.0689,148.14,148.21,99.39,0.0433,0.0328,0.0265,98.79,99.65,27.4,0.0186,0.0182,0.0159,16000,1024,648.24,0.9233,0.0683,0.0068,0.0016
2026-08-27T18:06:40.044+02:00,1000,1024,1024,1056,21,199,2,1418,0,159,0,0.6627,0.2328,0.0766,1.0369,0.383,0.6639,1.578,1.532,27.002,49.35,49.36,49.39,0.9397,0.3274,0.0611,148.04,148.18,99.29,0.0456,0.0328,0.0286,27.73,99.48,148.13,0.0301,0.0164,0.0183,16000,1024,533.12,0.7651,0.2191,0.0128,0.0031
2026-08-27T18:07:10.044+02:00,1000,1024,1024,1056,21,199,0,1418,0,159,0,0.6763,0.234,0.0559,1.0282,0.4144,0.1514,1.568,1.511,2.53,49.35,49.36,49.41,0.9903,0.3382,0.0621,148.01,147.98,147.99,0.0456,0.034,0.0186,98.94,99.68,98.69,0.0193,0.0154,0.0121,16000,1024,456.46,0.7392,0.2345,0.0206,0.0057
2026-08-27T18:08:10.046+02:00,1000,1024,1024,1056,22,199,4,1424,3,162,0,0.6856,0.2305,0.0654,1.0764,0.3968,0.7053,1.593,1.538,27.101,49.34,49.34,49.35,1.0045,0.3357,0.0651,147.98,147.98,98.96,0.0588,0.0316,0.022,100.41,100.24,197.44,0.0128,0.0157,0.0185,16000,1024,606.18,0.8296,0.1536,0.0116,0.0052
2026-08-27T18:08:40.046+02:00,1000,1024,1024,1056,22,199,7,1431,3,165,0,0.696,0.2275,0.0654,1.0946,0.3793,0.7069,1.586,1.537,27.952,49.35,49.34,49.38,0.948,0.3046,0.0515,39.27,148.08,98.98,0.0742,0.029,0.0195,34.27,39.34,36.77,0.0714,0.0262,0.0158,16000,1024,503.84,0.7957,0.1922,0.0087,0.0034
2026-08-27T18:09:10.046+02:00,1000,1024,1024,1056,22,199,3,1434,0,165,0,0.7376,0.2268,0.0977,1.2386,0.3702,1.3422,1.593,1.512,61.691,49.25,49.26,49.11,0.957,0.2938,0.0565,42.81,147.88,148.0,0.0983,0.0341,0.0339,54.2,43.32,100.3,0.0867,0.03,0.0246,16000,1024,431.98,0.6549,0.3198,0.0208,0.0045
2026-08-27T18:09:40.048+02:00,1000,1024,1024,1056,22,201,3,1437,0,165,0,0.7472,0.2263,0.0896,1.1618,0.3876,0.9157,1.59,1.512,38.63,49.28,49.29,49.41,1.0324,0.3128,0.0595,147.94,147.73,148.24,0.0575,0.0337,0.0206,34.81,20.87,108.35,0.047,0.0201,0.017,16000,1024,572.64,0.7874,0.1967,0.0127,0.0031
2026-08-27T18:10:10.049+02:00,1000,1024,1024,1056,22,202,0,1437,0,165,0,0.752,0.2237,0.0633,1.1679,0.3902,0.603,1.588,1.529,16.62,49.29,49.29,49.28,1.1049,0.3257,0.0669,147.86,147.74,147.71,0.0589,0.029,0.0242,197.0,100.18,98.71,0.0156,0.0177,0.0184,16000,1024,535.17,0.6825,0.2971,0.0139,0.0066
2026-08-27T18:10:40.048+02:00,1000,1024,1024,1056,22,202,3,1440,3,168,0,0.7613,0.2205,0.0653,1.1761,0.3893,0.6437,1.597,1.522,19.805,49.28,49.28,49.25,1.114,0.3225,0.0566,147.84,147.71,147.49,0.065,0.0291,0.0239,197.18,99.78,54.63,0.0175,0.0165,0.0136,16000,1024,560.19,0.7795,0.2078,0.0087,0.004
2026-08-27T18:11:40.048+02:00,1000,1024,1024,1056,23,202,0,1441,0,168,0,0.7712,0.2209,0.0741,1.1898,0.3699,0.7456,1.594,1.515,36.136,49.24,49.24,49.27,1.1174,0.3189,0.0614,147.74,147.87,147.64,0.0667,0.032,0.0286,98.61,99.87,98.81,0.0144,0.0176,0.0224,16000,1024,747.03,0.9205,0.0672,0.0086,0.0037
2026-08-27T18:12:10.050+02:00,1000,1024,1024,1056,23,202,4,1445,0,168,0,0.78,0.2134,0.2218,1.3654,0.3646,1.2013,1.626,1.557,10.021,49.26,49.27,5.11,1.0657,0.2873,0.1179,33.99,42.31,436.2,0.1148,0.0341,0.0877,41.45,34.04,413.98,0.113,0.0313,0.0826,16000,1024,910.97,0.956,0.0398,0.0031,0.0011
2026-08-27T18:12:40.049+02:00,1000,1024,1024,1056,23,202,3,1448,2,170,0,0.7757,0.2196,0.0745,1.1961,0.3721,0.7179,1.601,1.486,29.409,49.25,49.25,49.29,1.1327,0.3184,0.0656,147.76,147.63,100.48,0.0681,0.0299,0.0232,196.83,100.03,11.84,0.0132,0.019,0.0161,16000,1024,677.28,0.8805,0.1072,0.0099,0.0024
2026-08-27T18:13:10.051+02:00,1000,1024,1024,1056,23,203,0,1448,0,170,0,0.7662,0.2202,0.0599,1.2083,0.3732,0.1961,1.607,1.5,2.504,49.22,49.22,49.12,1.1203,0.3174,0.0637,147.6,147.53,147.75,0.0725,0.0286,0.0263,99.41,99.57,98.38,0.014,0.019,0.0193,16000,1024,581.54,0.9345,0.056,0.0059,0.0036
2026-08-27T18:14:10.050+02:00,1000,1024,1024,1056,24,204,7,1457,5,175,0,0.7633,0.2176,0.1223,1.2027,0.3933,0.8185,1.613,1.508,18.256,49.09,49.09,49.16,1.0369,0.2935,0.06,147.2,147.36,147.29,0.0727,0.0332,0.0368,58.68,34.24,3.97,0.0625,0.0231,0.0318,16000,1024,645.21,0.8587,0.1297,0.0087,0.0029
2026-08-27T18:14:40.050+02:00,1000,1024,1024,1056,24,204,5,1462,0,175,0,0.7813,0.22,0.0761,1.2027,0.3615,0.7463,1.602,1.472,32.19,49.21,49.21,49.2,1.1065,0.3091,0.0606,147.53,147.62,147.39,0.0711,0.0326,0.023,14.2,100.28,98.91,0.0198,0.0187,0.0228,16000,1024,377.37,0.8225,0.1552,0.0151,0.0072
2026-08-27T18:15:10.054+02:00,1000,1024,1024,1056,24,205,0,1462,0,175,0,0.7697,0.2191,0.0711,1.2067,0.3856,0.6357,1.605,1.479,23.466,49.21,49.21,49.23,1.113,0.3134,0.0639,147.56,147.6,98.35,0.0728,0.0335,0.0298,100.32,100.29,147.85,0.0146,0.0125,0.024,16000,1024,743.84,0.9288,0.0628,0.0058,0.0026
2026-08-27T18:15:40.051+02:00,1000,1024,1024,1056,24,205,2,1464,0,175,0,0.775,0.2202,0.0689,1.2873,0.3662,0.6557,1.609,1.485,21.897,49.17,49.18,49.08,1.0891,0.3082,0.053,147.61,147.59,98.72,0.0669,0.0362,0.0195,24.44,100.16,147.86,0.0304,0.0174,0.0199,16000,1024,617.32,0.8813,0.1064,0.0068,0.0055
2026-08-27T18:16:10.052+02:00,1000,1024,1024,1056,24,205,0,1464,0,175,0,0.7796,0.2185,0.1578,1.2104,0.388,1.0497,1.601,1.491,19.701,49.19,49.18,49.37,1.1266,0.3142,0.0836,147.57,147.49,5.77,0.0723,0.0264,0.0511,196.68,99.64,499.51,0.0164,0.0197,0.0571,16000,1024,425.72,0.8623,0.1187,0.014,0.005
2026-08-27T18:16:40.058+02:00,1000,1024,1024,1056,24,206,11,1475,1,176,0,0.7801,0.2111,0.2445,1.4665,0.3573,1.4047,1.669,1.572,12.79,48.96,48.97,49.47,0.5687,0.158,0.052,43.46,43.51,172.98,0.2467,0.0636,0.0364,33.67,33.88,9.07,0.2231,0.0589,0.0373,16000,1024,808.27,0.8896,0.1023,0.0061,0.0019
2026-08-27T18:17:40.053+02:00,1000,1024,1024,1056,25,207,1,1481,0,176,0,0.7894,0.2195,0.061,1.2289,0.3836,0.1901,1.613,1.498,2.524,49.17,49.17,49.13,1.1295,0.3115,0.062,147.46,147.65,147.66,0.0754,0.0347,0.0289,32.3,99.23,98.55,0.0226,0.0192,0.0237,16000,1024,538.15,0.7304,0.2537,0.0103,0.0056
2026-08-27T18:18:10.055+02:00,1000,1024,1024,1056,25,207,1,1482,1,177,0,0.7983,0.2205,0.0802,1.2527,0.3837,0.7247,1.604,1.492,29.54,49.09,49.09,49.21,1.133,0.3102,0.0682,147.21,147.33,147.13,0.0773,0.0302,0.0322,41.86,99.73,97.83,0.0204,0.023,0.0233,16000,1024,569.31,0.8453,0.1404,0.0107,0.0036
2026-08-27T18:18:40.054+02:00,1000,1024,1024,1056,25,208,1,1483,1,178,0,0.8058,0.216,0.2286,1.4792,0.3879,1.6789,1.623,1.533,20.844,49.19,49.19,49.52,1.1638,0.31,0.0689,147.5,147.49,2.44,0.0801,0.0321,0.0469,196.84,100.31,9.5,0.0147,0.0195,0.0454,16000,1024,747.18,0.8773,0.1142,0.0059,0.0026
2026-08-27T18:19:40.054+02:00,1000,1024,1024,1056,26,210,0,1487,0,179,0,0.81,0.2169,0.2319,1.5063,0.3632,1.9937,1.629,1.521,22.403,49.18,49.18,49.47,1.1746,0.3113,0.0564,147.54,147.59,147.73,0.0851,0.038,0.0535,196.7,99.56,10.76,0.0193,0.0247,0.0367,16000,1024,617.75,0.8764,0.1125,0.0082,0.0029
2026-08-27T18:20:10.054+02:00,1000,1024,1024,1056,26,211,0,1487,0,179,0,0.8154,0.2197,0.0587,1.2779,0.3862,0.1582,1.61,1.49,2.46,49.16,49.16,49.19,1.1722,0.3126,0.0645,147.42,147.41,147.43,0.0799,0.0362,0.026,99.06,99.85,98.07,0.013,0.0197,0.0213,16000,1024,595.82,0.7913,0.1907,0.0128,0.0052
2026-08-27T18:20:40.055+02:00,1000,1024,1024,1056,26,211,0,1487,0,179,0,0.8161,0.2186,0.0577,1.265,0.3662,0.1589,1.608,1.482,2.435,49.14,49.14,49.13,1.1756,0.3128,0.057,147.36,147.38,147.39,0.0805,0.0358,0.033,196.42,99.84,98.13,0.0179,0.0163,0.0215,16000,1024,607.34,0.7305,0.2465,0.0171,0.006
2026-08-27T18:21:10.056+02:00,1000,1024,1024,1056,26,211,4,1491,1,180,0,0.8073,0.2179,0.061,1.2825,0.3618,0.2163,1.621,1.495,2.776,49.1,49.11,49.11,1.1354,0.3051,0.062,147.23,147.19,147.19,0.0816,0.0343,0.0277,33.49,100.06,98.61,0.0276,0.0192,0.0241,16000,1024,621.74,0.7605,0.2226,0.0133,0.0036
2026-08-27T18:21:40.057+02:00,1000,1024,1024,1056,26,211,0,1491,0,180,0,0.8156,0.214,0.0911,1.3318,0.364,0.8462,1.619,1.503,36.28,49.1,49.09,49.26,1.1746,0.3028,0.0596,147.23,147.18,147.55,0.0856,0.0353,0.0325,99.11,99.47,98.19,0.0131,0.022,0.0263,16000,1024,719.17,0.9041,0.0855,0.0078,0.0027
2026-08-27T18:22:10.056+02:00,1000,1024,1024,1056,26,211,1,1492,0,180,0,0.8212,0.2147,0.2255,1.5023,0.3679,1.644,1.631,1.534,23.519,49.13,49.13,3.32,1.132,0.2903,0.095,147.23,147.39,49.21,0.0898,0.035,0.0897,27.6,99.4,9.83,0.0671,0.025,0.0739,16000,1024,410.86,0.7492,0.2123,0.0286,0.0099
2026-08-27T18:22:40.056+02:00,1000,1024,1024,1056,26,211,0,1492,0,180,0,0.8358,0.2173,0.0668,1.2943,0.3756,0.7674,1.609,1.498,35.323,49.12,49.13,49.06,1.1998,0.3092,0.0597,147.32,147.12,147.22,0.0874,0.0404,0.0326,196.45,100.0,98.55,0.0156,0.018,0.0168,16000,1024,569.3,0.9126,0.0771,0.0067,0.0036
2026-08-27T18:23:10.057+02:00,1000,1024,1024,1056,26,211,1,1493,0,180,0,0.8449,0.2166,0.0589,1.3156,0.3924,0.1569,1.614,1.506,2.451,49.13,49.13,49.18,1.1725,0.299,0.0589,147.28,147.35,147.32,0.0841,0.0371,0.0345,27.95,99.91,98.93,0.0514,0.0176,0.0246,16000,1024,735.86,0.8955,0.0943,0.0074,0.0028
2026-08-27T18:23:40.058+02:00,1000,1024,1024,1056,26,212,4,1497,1,181,0,0.8451,0.2173,0.0588,1.3716,0.3721,0.1831,1.626,1.505,2.678,49.14,49.15,49.12,1.107,0.286,0.0565,36.86,28.43,147.39,0.1424,0.0363,0.031,28.48,147.6,98.5,0.1341,0.0364,0.0223,16000,1024,374.42,0.6678,0.2964,0.0269,0.0088
2026-08-27T18:24:10.058+02:00,1000,1024,1024,1056,26,212,0,1497,0,181,0,0.8535,0.2157,0.0694,1.3286,0.3589,0.7243,1.622,1.494,24.901,49.12,49.12,49.26,1.2206,0.3058,0.0712,147.28,147.49,147.23,0.0889,0.0397,0.0332,99.72,99.87,98.23,0.0149,0.0211,0.0254,16000,1024,887.58,0.9489,0.047,0.0032,0.001
2026-08-27T18:24:40.059+02:00,1000,1024,1024,1056,26,212,2,1499,1,182,0,0.8594,0.2156,0.1131,1.3674,0.35,2.0296,1.616,1.487,136.508,49.07,49.06,49.09,1.2095,0.3024,0.0636,147.2,147.41,147.22,0.0816,0.0342,0.0314,42.81,99.63,98.48,0.033,0.0181,0.0239,16000,1024,656.07,0.8626,0.1261,0.008,0.0032
2026-08-27T18:25:10.060+02:00,1000,1024,1025,1057,26,212,2,1501,0,182,0,0.8664,0.2157,0.2357,1.7596,0.3647,1.7969,1.636,1.517,22.961,49.14,49.13,4.16,1.1955,0.2878,0.1149,147.41,147.53,9.67,0.0901,0.0366,0.076,33.14,16.38,124.89,0.0816,0.0275,0.0715,16000,1024,548.95,0.8852,0.0977,0.0141,0.003
2026-08-27T18:25:40.059+02:00,1000,1024,1024,1056,26,212,1,1502,0,182,0,0.8758,0.2177,0.0686,1.3551,0.3694,0.5857,1.616,1.497,18.911,49.09,49.09,49.02,1.2277,0.2997,0.0542,147.27,147.49,147.24,0.0873,0.0309,0.0325,44.43,99.52,98.21,0.0369,0.0228,0.0231,16000,1024,398.51,0.8284,0.1486,0.0174,0.0056
2026-08-27T18:26:10.059+02:00,1000,1024,1024,1056,26,212,2,1504,0,182,0,0.8788,0.2176,0.0592,1.3762,0.3767,0.1672,1.621,1.513,2.493,49.12,49.13,49.17,1.2073,0.2961,0.0581,147.34,147.35,147.24,0.0866,0.0343,0.0345,38.16,20.8,98.99,0.0706,0.0224,0.0197,16000,1024,544.63,0.8819,0.1047,0.0092,0.0042
2026-08-27T18:26:40.060+02:00,1000,1024,1024,1056,26,212,0,1504,0,182,0,0.8888,0.2154,0.0588,1.3719,0.3658,0.1568,1.614,1.506,2.618,49.13,49.13,49.09,1.2705,0.3052,0.0601,147.35,147.5,147.39,0.0934,0.0339,0.0358,196.36,99.79,98.56,0.0175,0.0193,0.0284,16000,1024,425.2,0.7411,0.2352,0.0188,0.005
2026-08-27T18:27:10.060+02:00,1000,1024,1024,1056,26,212,4,1508,1,183,0,0.8973,0.2173,0.0603,1.4247,0.3554,0.1855,1.628,1.516,2.683,49.18,49.17,49.13,1.178,0.279,0.0561,44.36,44.24,147.41,0.1639,0.0425,0.0306,53.84,147.37,98.6,0.1555,0.0371,0.0231,16000,1024,875.47,0.4857,0.5047,0.0076,0.002
2026-08-27T18:27:40.062+02:00,1000,1024,1024,1056,26,213,0,1508,0,183,0,0.9036,0.2193,0.0679,1.4049,0.3746,0.7085,1.611,1.506,22.488,49.05,49.04,49.03,1.2831,0.3088,0.0602,147.08,147.1,147.13,0.0942,0.0388,0.033,54.2,99.42,97.93,0.021,0.0236,0.0218,16000,1024,672.4,0.8825,0.1073,0.0081,0.0021
2026-08-27T18:28:10.061+02:00,1000,1024,1024,1056,26,215,1,1509,1,184,0,0.9205,0.2184,0.0559,1.4234,0.3879,0.1936,1.602,1.509,2.61,49.16,49.16,49.18,1.3191,0.3117,0.0573,147.43,147.66,147.43,0.0908,0.038,0.0335,196.67,99.95,98.92,0.0126,0.0214,0.0175,16000,1024,506.71,0.7735,0.2097,0.013,0.0037
2026-08-27T18:28:40.062+02:00,1000,1024,1024,1056,26,215,0,1509,0,184,0,0.9297,0.2126,0.2653,1.9998,0.3771,1.7245,1.641,1.547,16.39,49.15,49.16,5.97,1.3425,0.2975,0.1645,147.44,147.23,14.59,0.108,0.0365,0.1108,57.85,100.14,268.0,0.0236,0.0207,0.0928,16000,1024,444.53,0.6644,0.3187,0.0129,0.004
2026-08-27T18:29:10.063+02:00,1000,1024,1024,1056,26,215,0,1509,0,184,0,0.9228,0.2186,0.0635,1.4263,0.3637,0.6138,1.606,1.485,18.307,49.14,49.14,49.12,1.3216,0.3116,0.0547,147.36,147.57,147.49,0.0884,0.037,0.0396,196.5,99.64,97.74,0.0169,0.0181,0.0186,16000,1024,437.76,0.7629,0.1983,0.0317,0.0072
2026-08-27T18:29:40.062+02:00,1000,1024,1024,1056,26,215,3,1512,0,184,0,0.9457,0.2088,0.3192,1.8788,0.3444,2.1328,1.67,1.576,14.561,49.14,49.15,2.83,1.3055,0.2795,0.1209,147.42,147.41,7.35,0.104,0.0364,0.1046,40.97,43.0,49.32,0.0572,0.0222,0.1048,16000,1024,819.13,0.7149,0.1731,0.0936,0.0184
2026-08-27T18:30:10.065+02:00,1000,1024,1024,1056,26,216,2,1514,1,185,0,0.6343,0.2088,0.1186,1.145,0.3566,0.273,1.747,1.459,1.641,49.18,49.18,49.16,0.8534,0.2885,0.1573,147.5,147.59,147.55,0.0796,0.0337,0.035,25.88,42.22,6.32,0.0516,0.0187,0.0168,16000,1024,2212.47,0.9786,0.0187,0.0022,0.0005
2026-08-27T18:30:40.063+02:00,1000,1024,1024,1056,26,216,2,1516,0,185,0,1.1984,0.2248,0.1049,1.7805,0.3824,1.9697,1.504,1.529,204.118,49.18,49.18,49.17,1.6872,0.3175,0.0482,147.56,147.38,147.57,0.0962,0.0336,0.0332,36.43,100.28,98.95,0.055,0.0154,0.0218,16000,1024,530.22,0.6131,0.3693,0.013,0.0046
2026-08-27T18:31:10.064+02:00,1000,1024,1024,1056,26,217,2,1518,0,185,0,1.1913,0.2273,0.074,1.7495,0.4063,0.7472,1.495,1.558,35.116,49.1,49.1,49.22,1.5252,0.289,0.0528,41.43,41.88,38.1,0.1981,0.0408,0.0275,54.1,54.03,28.31,0.1956,0.0361,0.0259,16000,1024,546.94,0.7897,0.1957,0.012,0.0026
2026-08-27T18:31:40.067+02:00,1000,1024,1024,1056,26,217,1,1519,0,185,0,1.2893,0.2218,0.2662,2.2787,0.4132,1.613,1.504,1.59,10.65,49.05,49.05,3.56,1.8288,0.3049,0.115,147.17,147.3,330.64,0.0883,0.0346,0.0949,53.43,99.56,318.73,0.0562,0.0262,0.0898,16000,1024,567.71,0.8241,0.1624,0.0106,0.0029
2026-08-27T18:32:10.064+02:00,1000,1024,1024,1056,26,218,0,1519,0,185,0,1.2927,0.2252,0.0848,1.8918,0.4837,0.8868,1.475,1.602,24.872,49.1,49.1,49.13,1.8608,0.32,0.0816,147.28,147.45,147.17,0.0986,0.0369,0.0485,54.29,100.05,99.03,0.0227,0.0242,0.0271,16000,1024,560.69,0.7797,0.1998,0.0166,0.0039
2026-08-27T18:32:40.064+02:00,1000,1024,1024,1056,26,219,1,1520,1,186,0,1.3413,0.2281,0.0832,1.9484,0.3896,0.2159,1.455,1.589,2.205,49.15,49.16,49.19,1.9307,0.3271,0.1022,147.36,147.35,147.37,0.0904,0.0309,0.043,196.6,99.94,98.46,0.0192,0.0197,0.0136,16000,1024,615.12,0.8845,0.1057,0.0075,0.0023
2026-08-27T18:33:10.066+02:00,1000,1024,1024,1056,26,219,1,1521,0,186,0,1.5675,0.2254,0.1062,2.228,0.3925,0.7729,1.455,1.591,7.501,49.16,49.16,49.18,2.2596,0.3198,0.1305,147.41,147.48,147.49,0.0923,0.0305,0.041,53.27,100.13,98.47,0.0152,0.0179,0.0267,16000,1024,670.91,0.7609,0.2289,0.0081,0.0021
2026-08-27T18:33:40.067+02:00,1000,1024,1024,1056,26,220,5,1526,1,187,0,1.7149,0.2139,0.1129,2.5862,0.3836,0.8155,1.469,1.63,8.721,49.14,49.13,49.21,2.2073,0.2741,0.1191,33.3,147.54,147.28,0.2482,0.0326,0.034,40.03,40.18,41.87,0.2297,0.0323,0.0225,16000,1024,601.29,0.8244,0.161,0.0123,0.0023
2026-08-27T18:34:10.065+02:00,1000,1024,1024,1056,26,220,0,1526,0,187,0,1.8013,0.2101,0.2973,3.6442,0.3735,1.6562,1.526,1.612,11.587,49.14,49.14,3.99,2.5958,0.2939,0.1777,147.44,147.3,49.1,0.0814,0.0437,0.1729,3.95,99.68,69.1,0.0373,0.0215,0.0802,16000,1024,635.68,0.9169,0.0706,0.0098,0.0028
2026-08-27T18:34:40.067+02:00,1000,1024,1024,1056,26,220,1,1527,1,188,0,1.8678,0.2078,0.3207,3.8832,0.366,1.6402,1.502,1.618,7.554,49.14,49.14,49.11,2.6853,0.2968,0.1677,147.28,147.25,7.56,0.0916,0.0435,0.1326,18.12,99.91,2.72,0.0413,0.0214,0.1112,16000,1024,757.69,0.874,0.1129,0.0109,0.0022
2026-08-27T18:35:10.066+02:00,1000,1024,1024,1056,26,220,0,1527,0,188,0,1.8565,0.2107,0.0971,2.7148,0.3722,0.2102,1.494,1.573,1.736,49.16,49.16,49.16,2.6852,0.2998,0.1293,147.41,147.34,147.41,0.0911,0.041,0.0314,98.5,100.13,98.51,0.0287,0.0228,0.0234,16000,1024,573.38,0.7339,0.2557,0.0088,0.0017
2026-08-27T18:35:40.067+02:00,1000,1024,1024,1056,26,220,4,1531,0,188,0,1.86,0.2091,0.1049,2.7518,0.3756,0.6356,1.503,1.594,4.096,49.07,49.08,49.07,2.6519,0.294,0.124,147.23,147.35,98.76,0.0943,0.0361,0.0345,54.58,99.89,146.99,0.0431,0.0206,0.0366,16000,1024,568.56,0.6999,0.2799,0.0159,0.0043
2026-08-27T18:36:10.067+02:00,1000,1024,1024,1056,26,221,0,1531,0,188,0,1.8561,0.2026,0.2249,3.2348,0.3573,1.4053,1.511,1.595,15.01,49.09,49.06,49.07,2.6752,0.2814,0.178,147.23,147.09,11.27,0.0906,0.0354,0.0863,11.42,99.98,6.9,0.0355,0.0141,0.0799,16000,1024,743.95,0.6756,0.3102,0.011,0.0032
2026-08-27T18:36:40.069+02:00,1000,1024,1024,1056,26,221,0,1531,0,188,0,1.8655,0.2058,0.1033,2.7129,0.3595,0.6644,1.493,1.567,4.566,48.98,48.99,49.06,2.6314,0.2873,0.1306,146.96,146.82,147.02,0.0906,0.0399,0.0395,54.2,99.84,97.61,0.0483,0.0234,0.0289,16000,1024,660.35,0.8263,0.1569,0.0131,0.0038
2026-08-27T18:37:10.068+02:00,1000,1024,1024,1056,26,221,0,1531,0,188,0,1.8833,0.2018,0.271,3.6753,0.363,1.7428,1.528,1.619,16.263,49.1,49.1,49.03,2.7059,0.2809,0.1803,147.35,147.31,3.88,0.1024,0.0426,0.1257,56.95,99.4,11.73,0.057,0.0279,0.0827,16000,1024,657.68,0.7257,0.2521,0.0179,0.0042
2026-08-27T18:37:40.070+02:00,1000,1024,1024,1056,26,221,0,1531,0,188,0,1.8808,0.205,0.1028,2.7175,0.371,0.6215,1.492,1.582,3.738,49.11,49.11,49.09,2.699,0.2899,0.1274,147.31,147.25,147.17,0.0881,0.0379,0.0325,98.16,100.05,98.07,0.0246,0.0259,0.0258,16000,1024,573.2,0.7682,0.2123,0.0149,0.0046
2026-08-27T18:38:10.072+02:00,1000,1024,1026,1059,26,222,3,1534,0,188,0,1.8907,0.2056,0.1043,3.3361,0.3602,0.7545,1.513,1.572,6.878,49.14,49.13,49.16,2.6662,0.285,0.1262,147.33,147.21,147.29,0.0941,0.0419,0.0325,43.21,99.85,98.08,0.0609,0.0209,0.0201,16000,1024,683.25,0.8745,0.1151,0.0076,0.0028
2026-08-27T18:38:40.069+02:00,1000,1024,1024,1056,26,222,1,1535,0,188,0,1.9149,0.2032,0.1116,2.8642,0.3603,0.8443,1.501,1.559,9.386,49.07,49.06,49.06,2.6084,0.2713,0.1323,44.02,147.27,147.14,0.1918,0.0404,0.0326,37.12,99.93,19.86,0.1788,0.0255,0.0247,16000,1024,563.99,0.8647,0.1155,0.0153,0.0045
2026-08-27T18:39:10.070+02:00,1000,1024,1024,1056,26,222,0,1535,0,188,0,1.9354,0.2057,0.1016,2.8309,0.3853,0.2125,1.492,1.578,1.662,49.12,49.11,49.11,2.7807,0.2913,0.1359,147.31,147.39,147.3,0.0929,0.043,0.0323,98.2,99.81,98.12,0.0262,0.0222,0.0199,16000,1024,574.75,0.7914,0.1976,0.0087,0.0023
2026-08-27T18:39:40.070+02:00,1000,1024,1024,1056,26,222,0,1535,0,188,0,1.9494,0.2057,0.1361,2.8525,0.3652,1.9817,1.501,1.556,72.799,49.12,49.12,49.11,2.8054,0.2898,0.1405,147.33,147.31,147.3,0.0916,0.042,0.0375,98.14,100.1,98.72,0.0305,0.0235,0.0189,16000,1024,639.96,0.852,0.137,0.009,0.002
2026-08-27T18:40:10.070+02:00,1000,1024,1024,1056,26,222,0,1535,0,188,0,1.978,0.2033,0.221,3.5002,0.3646,1.5162,1.516,1.602,13.443,49.1,49.11,49.05,2.8402,0.2883,0.167,147.14,147.09,2.32,0.0808,0.0412,0.0955,54.55,99.89,238.19,0.0382,0.0273,0.0639,16000,1024,649.56,0.8613,0.1292,0.008,0.0016
2026-08-27T18:40:40.071+02:00,1000,1024,1024,1056,26,223,0,1535,0,188,0,0.023,0.0219,0.0639,0.102,0.0923,0.8565,3.412,3.078,98.845,102.65,193.17,49.29,0.0076,0.0067,0.0125,86.37,15.25,169.16,0.0073,0.0072,0.0107,65.05,94.97,25.59,0.0074,0.0066,0.0101,16000,1024,466.4,0.9633,0.0293,0.0066,0.0009
2026-08-27T18:41:10.071+02:00,1000,1024,1024,1056,26,224,0,1535,0,188,0,0.0234,0.0206,0.0326,0.0813,0.0674,0.1092,3.017,3.063,2.828,116.83,37.74,155.34,0.0071,0.0067,0.0096,250.14,147.42,11.04,0.0065,0.0061,0.0092,196.05,100.7,214.1,0.006,0.0055,0.0084,16000,1024,423.62,0.9333,0.0526,0.0126,0.0016
2026-08-27T18:41:40.072+02:00,1000,1024,1024,1056,26,224,0,1535,0,188,0,0.0228,0.0212,0.2298,0.0668,0.0716,1.34,2.517,2.901,13.917,176.01,31.45,4.65,0.0065,0.0074,0.1578,36.22,43.19,251.89,0.0063,0.0062,0.0927,43.89,69.83,256.55,0.0063,0.006,0.0756,16000,1024,336.59,0.9179,0.0715,0.009,0.0016
2026-08-27T18:42:10.072+02:00,1000,1024,1024,1056,26,224,2,1537,0,188,0,0.0244,0.0198,0.033,0.0796,0.062,0.1059,2.964,2.873,3.214,65.09,6.66,56.79,0.0086,0.0072,0.0108,176.49,166.51,35.76,0.0078,0.0071,0.0104,46.85,36.99,10.97,0.0075,0.0064,0.0094,16000,1024,502.67,0.9802,0.0147,0.0044,0.0007
2026-08-27T18:42:40.073+02:00,1000,1024,1024,1056,26,224,0,1537,0,188,0,0.0246,0.0212,0.0311,0.0968,0.0753,0.1029,3.35,3.073,2.994,9.75,66.75,3.93,0.0086,0.0085,0.0093,121.27,53.69,34.16,0.007,0.0069,0.0086,16.28,86.02,8.72,0.0071,0.0063,0.0083,16000,1024,390.48,0.9496,0.0354,0.0128,0.0022
2026-08-27T18:43:10.074+02:00,1000,1024,1024,1056,26,224,5,1542,0,188,0,0.0244,0.0214,0.0428,0.0886,0.0759,0.6017,3.412,3.488,77.676,124.37,115.06,190.62,0.0091,0.0081,0.0097,17.64,84.43,79.77,0.0081,0.0083,0.009,144.93,61.47,124.66,0.0078,0.0061,0.009,16000,1024,510.48,0.9744,0.0167,0.0083,0.0007
2026-08-27T18:43:40.075+02:00,1000,1024,1024,1056,26,224,4,1546,0,188,0,0.0233,0.0223,0.0641,0.0727,0.0878,0.6936,2.79,3.275,63.166,92.89,50.11,78.85,0.0064,0.0078,0.0206,119.01,87.66,20.13,0.0059,0.0071,0.0181,56.68,32.86,224.63,0.0058,0.007,0.0129,16000,1024,353.27,0.93,0.0553,0.0123,0.0023
2026-08-27T18:44:10.075+02:00,1000,1024,1024,1056,26,225,0,1546,0,188,0,0.0234,0.0212,0.2517,0.0708,0.0762,1.6687,2.773,3.162,15.408,40.33,30.74,1.46,0.0067,0.007,0.0974,101.86,78.65,13.64,0.0066,0.0067,0.0491,3.03,22.8,7.66,0.0061,0.0065,0.0363,16000,1024,553.6,0.9536,0.0406,0.0051,0.0007
2026-08-27T18:44:40.075+02:00,1000,1024,1024,1056,26,225,1,1547,0,188,0,0.0225,0.022,0.0496,0.0654,0.0804,0.7689,2.675,3.037,112.246,2.99,39.11,61.53,0.0086,0.0076,0.013,86.99,69.21,157.28,0.0066,0.0067,0.0102,16.94,85.62,32.08,0.007,0.0067,0.01,16000,1024,456.87,0.9743,0.0195,0.0053,0.0008
2026-08-27T18:45:10.075+02:00,1000,1024,1024,1056,26,226,0,1547,0,188,0,0.0219,0.0205,0.0525,0.0673,0.0658,0.6257,2.631,2.946,71.296,173.44,139.55,85.07,0.0072,0.0072,0.017,42.21,6.85,7.96,0.0064,0.0063,0.0138,153.32,18.62,58.55,0.0061,0.0061,0.0134,16000,1024,413.56,0.9518,0.0378,0.009,0.0014
2026-08-27T18:45:40.080+02:00,1000,1024,1024,1056,26,226,1,1548,0,188,0,0.0225,0.0206,0.0475,0.0694,0.0817,0.7205,3.163,3.37,107.311,21.1,93.8,285.89,0.0088,0.0068,0.0106,95.39,57.65,72.35,0.007,0.0063,0.0102,166.74,120.5,30.32,0.0068,0.0064,0.0101,16000,1024,488.56,0.97,0.0238,0.0053,0.001
2026-08-27T18:46:10.075+02:00,1000,1024,1024,1056,26,226,1,1549,0,188,0,0.026,0.0218,0.3113,0.0807,0.0851,1.7982,2.735,3.221,10.602,37.01,30.55,8.66,0.0082,0.0075,0.1151,131.6,8.84,2.83,0.0068,0.0071,0.1114,85.61,75.69,99.51,0.0067,0.0073,0.0813,16000,1024,425.27,0.9139,0.0641,0.0198,0.0022
2026-08-27T18:46:40.079+02:00,1000,1024,1024,1056,26,226,1,1550,0,188,0,0.0228,0.0218,0.0325,0.0833,0.0801,0.1211,2.868,2.996,3.179,20.68,13.1,99.71,0.0074,0.0069,0.0115,66.48,93.86,90.32,0.0066,0.0059,0.0106,57.51,107.44,95.21,0.0065,0.0057,0.0086,16000,1024,417.99,0.9586,0.0327,0.0076,0.0011
2026-08-27T18:47:10.078+02:00,1000,1024,1024,1056,26,226,1,1551,0,188,0,0.0221,0.0208,0.0528,0.0646,0.0738,0.857,2.749,3.108,135.216,25.54,5.48,111.33,0.0069,0.0085,0.0116,90.19,26.25,9.37,0.0067,0.0063,0.01,264.91,34.45,149.9,0.0063,0.0062,0.0112,16000,1024,431.15,0.9377,0.0482,0.0121,0.002
2026-08-27T18:47:40.076+02:00,1000,1024,1024,1056,26,226,1,1552,0,188,0,0.024,0.0211,0.0579,0.0712,0.0906,0.7289,2.688,3.334,91.916,24.47,69.22,207.2,0.0081,0.0072,0.0168,75.47,115.85,62.39,0.0072,0.0067,0.0162,4.63,30.93,184.93,0.0071,0.006,0.0165,16000,1024,409.36,0.9594,0.0316,0.0076,0.0013
2026-08-27T18:48:10.078+02:00,1000,1024,1024,1056,26,226,0,1552,0,188,0,0.0227,0.0212,0.0464,0.0678,0.0733,0.7533,2.779,2.976,130.753,86.69,71.59,104.73,0.007,0.0082,0.0096,93.38,49.77,88.08,0.0064,0.0069,0.009,117.39,141.83,35.81,0.0062,0.0062,0.0092,16000,1024,352.37,0.8373,0.1339,0.0262,0.0026
2026-08-27T18:48:40.078+02:00,1000,1024,1024,1056,26,226,0,1552,0,188,0,0.023,0.0211,0.0319,0.0822,0.0698,0.092,3.018,3.066,2.634,87.67,17.61,43.94,0.0076,0.007,0.01,20.42,196.52,209.8,0.0071,0.0067,0.0098,176.38,128.33,135.69,0.0063,0.0064,0.0094,16000,1024,379.5,0.9557,0.0347,0.0083,0.0013
2026-08-27T18:49:10.078+02:00,1000,1024,1024,1056,26,227,1,1553,0,188,0,0.0235,0.0215,0.0319,0.0751,0.0926,0.1067,2.689,3.103,3.305,24.94,72.54,120.81,0.0074,0.007,0.0092,196.92,37.72,49.57,0.0067,0.0065,0.0092,19.35,137.82,201.74,0.006,0.0058,0.0089,16000,1024,812.63,0.947,0.0491,0.0034,0.0005
2026-08-27T18:49:40.079+02:00,1000,1024,1024,1056,26,227,1,1554,0,188,0,0.0229,0.0207,0.0328,0.0819,0.0861,0.1351,2.984,3.319,3.7,69.64,21.63,9.38,0.0086,0.0065,0.0127,155.91,4.28,83.01,0.0081,0.0064,0.0118,137.12,31.86,77.23,0.0078,0.0069,0.0096,16000,1024,297.53,0.9328,0.052,0.0135,0.0017
2026-08-27T18:50:10.078+02:00,1000,1024,1024,1056,26,227,0,1554,0,188,0,0.0228,0.0208,0.0296,0.0742,0.0741,0.0966,2.885,2.992,3.014,30.3,139.1,56.69,0.0075,0.0073,0.0106,22.38,103.53,225.01,0.0075,0.0065,0.0098,92.16,7.0,164.93,0.0073,0.0063,0.0092,16000,1024,542.33,0.9607,0.0305,0.008,0.0007
2026-08-27T18:50:40.080+02:00,1000,1024,1024,1056,26,227,0,1554,0,188,0,0.0229,0.0213,0.0306,0.066,0.0717,0.1069,2.896,2.913,2.997,163.82,18.19,1.62,0.0075,0.0072,0.0094,23.7,160.99,284.95,0.0074,0.0064,0.0091,80.68,9.66,81.8,0.0069,0.0051,0.0091,16000,1024,473.55,0.9233,0.0622,0.0124,0.002
2026-08-27T18:51:10.080+02:00,1000,1024,1024,1056,26,227,0,1554,0,188,0,0.023,0.0205,0.1803,0.0881,0.0734,1.9481,3.172,2.708,39.495,87.18,109.52,3.74,0.0081,0.0076,0.0986,63.43,36.98,11.6,0.0069,0.0075,0.0704,52.7,15.38,24.74,0.0065,0.0064,0.0537,16000,1024,421.31,0.95,0.0406,0.0084,0.001
2026-08-27T18:51:40.079+02:00,1000,1024,1024,1056,26,227,2,1556,0,188,0,0.0239,0.0214,0.0319,0.0831,0.0688,0.1054,3.368,3.039,2.929,48.02,34.89,73.83,0.0089,0.0069,0.0107,52.7,117.38,201.32,0.0075,0.006,0.0094,70.97,5.88,172.89,0.0074,0.0058,0.0086,16000,1024,573.83,0.98,0.0145,0.005,0.0005
2026-08-27T18:52:10.081+02:00,1000,1024,1024,1056,26,227,0,1556,0,188,0,0.0242,0.0199,0.0325,0.0853,0.0701,0.1136,2.999,3.094,2.916,51.61,207.66,18.24,0.0092,0.0067,0.0118,40.59,13.15,34.31,0.0079,0.0065,0.0092,140.49,199.88,29.42,0.007,0.0053,0.0091,16000,1024,362.22,0.8623,0.1234,0.0122,0.0021
2026-08-27T18:52:40.080+02:00,1000,1024,1024,1056,26,227,120,1676,1,189,0,0.0251,0.021,0.0322,0.0938,0.0705,0.1227,3.282,2.752,3.044,58.51,169.17,17.32,0.0076,0.0075,0.011,33.96,142.76,110.78,0.0076,0.0073,0.0109,100.34,61.32,78.11,0.0074,0.0068,0.009,16000,1024,566.43,0.942,0.0497,0.0075,0.0008
2026-08-27T18:53:10.080+02:00,1000,1024,1024,1056,26,227,12,1688,0,189,0,0.0234,0.0245,0.0802,0.0977,0.1131,0.7278,3.067,4.044,50.733,88.92,6.74,260.09,0.0067,0.0077,0.023,30.95,60.12,72.57,0.0065,0.0074,0.0222,84.47,30.35,335.76,0.0064,0.0066,0.0215,16000,1024,678.63,0.9793,0.015,0.005,0.0007
2026-08-27T18:53:40.081+02:00,1000,1024,1024,1056,26,227,0,1688,0,189,0,0.0237,0.0209,0.0484,0.0702,0.0757,0.7368,2.908,3.22,109.109,35.86,141.06,25.65,0.008,0.0089,0.011,51.1,122.82,19.45,0.0075,0.0067,0.0105,139.01,198.02,33.91,0.0069,0.0059,0.0104,16000,1024,298.3,0.833,0.1313,0.0315,0.0043
2026-08-27T18:54:10.082+02:00,1000,1024,1024,1056,26,228,1,1689,1,190,0,0.0231,0.0203,0.0312,0.085,0.0804,0.1104,2.846,3.468,2.998,37.0,281.19,122.86,0.0074,0.006,0.0108,15.08,7.77,23.53,0.0078,0.0059,0.0095,9.32,60.92,172.82,0.0076,0.0059,0.0091,16000,1024,446.41,0.9459,0.0467,0.0065,0.001
2026-08-27T18:54:40.082+02:00,1000,1024,1024,1056,26,229,1,1690,1,191,0,0.0242,0.0212,0.0301,0.0771,0.0693,0.1026,2.835,2.953,3.058,122.51,113.78,126.64,0.0084,0.0074,0.0094,36.53,42.08,167.08,0.0078,0.0064,0.008,27.13,131.89,86.57,0.007,0.0062,0.008,16000,1024,340.25,0.8762,0.1098,0.012,0.002
2026-08-27T18:55:10.083+02:00,1000,1024,1024,1056,26,230,0,1690,0,191,0,0.0227,0.0207,0.0572,0.0705,0.0707,0.7141,3.239,3.313,90.836,45.31,83.4,50.75,0.0095,0.009,0.0138,117.54,30.38,40.21,0.009,0.0075,0.0122,146.79,181.26,249.14,0.0074,0.0066,0.0106,16000,1024,379.66,0.8981,0.0689,0.0296,0.0034
2026-08-27T18:55:40.083+02:00,1000,1024,1024,1056,26,230,0,1690,0,191,0,0.0234,0.0199,0.0317,0.0835,0.0692,0.1027,2.919,3.144,2.88,158.25,45.05,152.87,0.0072,0.0066,0.011,100.25,69.71,106.07,0.0074,0.0067,0.0095,62.55,129.21,111.76,0.007,0.0068,0.0104,16000,1024,649.41,0.9891,0.0079,0.0026,0.0004
2026-08-27T18:56:10.083+02:00,1000,1024,1024,1056,26,232,2,1692,0,191,0,0.023,0.021,0.0313,0.0707,0.0725,0.1115,3.008,3.018,3.086,17.48,89.24,40.92,0.0083,0.0077,0.0111,6.9,104.36,46.03,0.0077,0.0059,0.0094,72.05,134.19,53.26,0.0063,0.0053,0.01,16000,1024,543.14,0.9658,0.0305,0.0032,0.0005
2026-08-27T18:56:40.085+02:00,1000,1024,1024,1056,26,233,2,1694,0,191,0,0.0255,0.0205,0.0359,0.0937,0.0763,0.1188,3.273,2.946,2.925,10.68,96.63,36.44,0.0073,0.0068,0.0121,189.23,171.61,92.21,0.007,0.0063,0.012,219.59,8.88,17.3,0.0068,0.0062,0.0105,16000,1024,474.53,0.9198,0.0682,0.0107,0.0013
2026-08-27T18:57:10.084+02:00,1000,1024,1024,1056,26,233,0,1694,0,191,0,0.0244,0.0214,0.0318,0.087,0.0748,0.1117,3.007,3.083,3.33,77.68,47.09,86.03,0.0086,0.0074,0.0119,28.19,18.68,174.66,0.0076,0.0063,0.0112,51.82,158.14,114.48,0.0071,0.006,0.0098,16000,1024,538.07,0.9781,0.0169,0.0044,0.0006
2026-08-27T18:57:40.085+02:00,1000,1024,1024,1056,26,233,0,1694,0,191,0,0.0221,0.0211,0.0565,0.0715,0.0857,0.7331,3.14,3.232,99.351,170.42,66.18,33.98,0.0077,0.007,0.0123,19.72,11.42,18.23,0.0062,0.0066,0.0128,52.75,73.3,172.98,0.0059,0.006,0.0115,16000,1024,367.6,0.947,0.0418,0.0095,0.0017
2026-08-27T18:58:40.093+02:00,1000,1024,1030,1063,27,236,45,1744,3,194,0,0.028,0.0316,0.1972,0.1003,0.1489,1.4555,3.223,5.202,19.812,33.36,42.39,40.96,0.0111,0.0123,0.0701,16.3,84.15,1.57,0.0104,0.0091,0.0613,49.49,20.93,254.22,0.0084,0.0086,0.0541,16000,1024,586.21,0.9841,0.0112,0.0041,0.0006
2026-08-27T18:59:10.086+02:00,1000,1024,1024,1056,27,236,0,1744,0,194,0,0.0223,0.0205,0.0316,0.0728,0.0666,0.0971,2.946,2.854,2.725,103.17,26.34,37.14,0.0077,0.0077,0.0095,190.32,17.88,47.26,0.0067,0.0074,0.0099,52.79,263.38,127.91,0.0066,0.0062,0.0093,16000,1024,631.66,0.9747,0.0195,0.0053,0.0005
2026-08-27T18:59:40.087+02:00,1000,1024,1024,1056,27,236,0,1744,0,194,0,0.0232,0.0196,0.0345,0.074,0.0673,0.1135,3.003,3.29,3.056,33.11,40.94,22.18,0.0074,0.0073,0.0116,18.42,177.58,74.36,0.0071,0.0058,0.0108,153.23,160.6,34.69,0.0063,0.0057,0.0102,16000,1024,565.21,0.9713,0.0236,0.0043,0.0007
2026-08-27T19:00:10.091+02:00,1000,1024,1028,1060,27,237,20,1764,0,194,0,0.026,0.0275,0.1824,0.0875,0.196,1.9744,3.102,9.331,43.487,82.41,34.69,474.46,0.0102,0.0097,0.0462,3.68,51.17,403.12,0.007,0.008,0.0437,51.8,12.44,481.87,0.0067,0.007,0.043,16000,1024,417.48,0.9712,0.0195,0.0083,0.0009
2026-08-27T19:00:40.090+02:00,1000,1024,1024,1056,27,239,24,1788,0,194,0,0.0269,0.0263,0.1265,0.1312,0.0975,0.8545,4.226,3.673,23.714,173.19,41.14,337.9,0.0079,0.0107,0.0417,104.88,23.44,36.2,0.0078,0.0099,0.0407,35.44,54.81,349.58,0.0072,0.0076,0.0402,16000,1024,452.42,0.9146,0.0683,0.0151,0.002
2026-08-27T19:01:10.087+02:00,1000,1024,1024,1056,27,239,1,1789,0,194,0,0.023,0.0209,0.0312,0.0798,0.0791,0.1285,3.013,2.925,3.192,1.69,35.59,119.23,0.0071,0.0079,0.0093,63.93,102.21,43.85,0.0079,0.0075,0.0093,25.57,4.36,101.81,0.0067,0.0065,0.0086,16000,1024,507.1,0.9658,0.0294,0.0043,0.0005
2026-08-27T19:01:40.089+02:00,1000,1024,1024,1056,27,239,2,1791,0,194,0,0.0229,0.0203,0.0597,0.0685,0.0945,0.7485,2.683,3.557,93.708,98.39,33.34,138.69,0.0083,0.0063,0.016,37.98,165.0,144.76,0.0069,0.0052,0.0158,125.89,153.53,158.68,0.0065,0.0053,0.0164,16000,1024,357.33,0.9156,0.0671,0.0152,0.0021
2026-08-27T19:02:10.088+02:00,1000,1024,1024,1056,27,239,4,1795,0,194,0,0.0245,0.0227,0.0524,0.0784,0.1003,0.657,2.914,3.558,79.681,132.02,10.9,62.69,0.0074,0.0078,0.0159,68.13,107.37,55.08,0.0067,0.0061,0.0163,136.63,4.69,112.98,0.0063,0.0064,0.0144,16000,1024,504.23,0.9695,0.0234,0.0064,0.0007
2026-08-27T19:02:40.089+02:00,1000,1024,1024,1056,27,239,1,1796,0,194,0,0.0236,0.0202,0.0327,0.072,0.0691,0.112,3.019,3.003,3.103,114.87,28.7,80.97,0.0067,0.0065,0.0117,150.39,192.43,53.28,0.0064,0.0056,0.0117,174.62,51.53,182.0,0.0065,0.0052,0.0106,16000,1024,348.55,0.9399,0.0488,0.0092,0.0021
2026-08-27T19:03:10.088+02:00,1000,1024,1024,1056,27,239,0,1796,0,194,0,0.023,0.0205,0.0336,0.0828,0.0616,0.11,2.8,2.906,2.697,21.23,4.03,26.7,0.0075,0.0058,0.0122,113.65,208.88,39.31,0.0073,0.0057,0.0118,40.14,73.25,67.15,0.0067,0.0056,0.0103,16000,1024,459.67,0.9586,0.0306,0.0096,0.0013
2026-08-27T19:03:40.089+02:00,1000,1024,1024,1056,27,239,0,1796,0,194,0,0.0226,0.0209,0.0478,0.063,0.0888,0.742,2.726,3.689,109.44,14.65,11.26,166.38,0.0087,0.0075,0.0131,71.45,49.65,81.26,0.0086,0.006,0.0113,41.78,305.2,247.53,0.0077,0.0061,0.0115,16000,1024,382.9,0.929,0.0534,0.0153,0.0023
2026-08-27T19:04:10.090+02:00,1000,1024,1024,1056,27,239,1,1797,0,194,0,0.0219,0.0204,0.0458,0.0772,0.0794,0.7028,3.058,3.132,107.02,224.18,49.94,141.61,0.0074,0.0067,0.0088,71.72,3.38,81.21,0.007,0.0069,0.0088,23.02,167.24,122.4,0.0065,0.0065,0.0085,16000,1024,527.02,0.9846,0.0113,0.0035,0.0005
2026-08-27T19:04:40.091+02:00,1000,1024,1024,1056,27,239,0,1797,0,194,0,0.0236,0.0206,0.0472,0.0754,0.0972,0.7267,3.145,3.719,114.431,23.3,132.76,47.74,0.0077,0.0077,0.0155,70.8,177.96,58.79,0.0084,0.0066,0.0148,28.07,195.31,23.48,0.0067,0.0061,0.0145,16000,1024,614.36,0.9701,0.0249,0.0044,0.0006
2026-08-27T19:05:10.091+02:00,1000,1024,1024,1056,27,239,0,1797,0,194,0,0.0243,0.0213,0.0297,0.0839,0.064,0.1068,2.727,2.894,3.245,82.45,36.38,119.89,0.0084,0.0057,0.0099,100.65,16.77,21.19,0.0064,0.0055,0.0097,57.65,142.72,37.37,0.0063,0.0051,0.0093,16000,1024,467.15,0.9669,0.0261,0.006,0.0011
2026-08-27T19:05:40.094+02:00,1000,1024,1026,1059,27,239,22,1819,0,194,0,0.0254,0.0288,0.1547,0.0728,0.0884,0.7279,3.072,3.159,14.074,42.81,99.34,403.43,0.0077,0.0097,0.0583,121.35,131.38,99.66,0.0078,0.0086,0.0506,29.93,89.67,459.13,0.0078,0.0078,0.0507,16000,1024,459.73,0.9545,0.0376,0.0071,0.0009
2026-08-27T19:06:10.092+02:00,1000,1024,1024,1056,27,239,5,1824,0,194,0,0.0239,0.0218,0.0452,0.0909,0.0912,0.6225,3.401,3.744,71.738,60.48,25.13,3.86,0.0085,0.0083,0.0155,117.29,74.39,55.53,0.0071,0.0076,0.0139,29.67,112.21,16.73,0.0071,0.0056,0.0135,16000,1024,423.73,0.9475,0.0391,0.0113,0.0021
2026-08-27T19:07:10.091+02:00,1000,1024,1024,1056,28,239,26,1865,0,194,0,0.0273,0.0276,0.1223,0.0989,0.0881,0.7275,3.466,3.455,23.531,6.8,36.09,161.23,0.0113,0.0104,0.0294,33.19,27.61,116.22,0.0092,0.0085,0.0292,16.57,16.18,177.73,0.0081,0.0084,0.0274,16000,1024,384.66,0.9289,0.0508,0.0189,0.0013
2026-08-27T19:07:40.100+02:00,1000,1024,1032,1064,28,239,14,1879,0,194,0,0.0248,0.025,0.1372,0.0797,0.1503,1.3839,3.076,6.4,40.468,67.3,75.47,37.63,0.0093,0.0076,0.0394,26.32,93.32,85.78,0.0075,0.0077,0.0326,149.8,33.36,12.86,0.0083,0.0069,0.0322,16000,1024,449.37,0.9786,0.0143,0.006,0.001
2026-08-27T19:08:10.093+02:00,1000,1024,1025,1057,28,239,1,1880,0,194,0,0.0242,0.0207,0.0335,0.0641,0.0632,0.1201,2.689,2.992,2.835,48.33,29.44,27.56,0.0089,0.0068,0.0119,75.72,73.12,116.17,0.009,0.0067,0.0088,122.31,159.13,132.08,0.0074,0.0056,0.009,16000,1024,356.21,0.9465,0.0443,0.0081,0.0011
2026-08-27T19:08:40.096+02:00,1000,1024,1024,1056,28,239,0,1880,0,194,0,0.0223,0.021,0.0317,0.0706,0.0777,0.1051,2.86,3.183,3.003,122.97,61.05,225.73,0.0067,0.0097,0.0106,96.68,34.1,186.86,0.0064,0.0075,0.0108,150.93,22.82,19.46,0.0064,0.0067,0.0098,16000,1024,452.87,0.9509,0.0389,0.0087,0.0016
2026-08-27T19:09:10.094+02:00,1000,1024,1024,1056,28,239,0,1880,0,194,0,0.0221,0.021,0.0324,0.075,0.0675,0.0978,3.153,2.888,2.789,68.48,91.95,33.14,0.0069,0.0058,0.0109,99.69,198.53,211.52,0.0066,0.0057,0.0105,203.79,141.82,58.01,0.0067,0.0056,0.0103,16000,1024,730.32,0.9744,0.0199,0.0049,0.0008
2026-08-27T19:09:40.093+02:00,1000,1024,1024,1056,28,239,0,1880,0,194,0,0.0246,0.02,0.0317,0.0883,0.0884,0.1096,3.214,3.391,2.99,51.42,80.46,10.69,0.0077,0.0072,0.0095,3.25,114.49,236.54,0.0077,0.0063,0.0092,35.53,138.64,106.82,0.0069,0.0055,0.0091,16000,1024,398.19,0.9279,0.0633,0.0079,0.0009
2026-08-27T19:10:10.095+02:00,1000,1024,1024,1056,28,239,0,1880,0,194,0,0.0229,0.02,0.0475,0.0642,0.0696,0.7329,2.617,3.288,112.34,127.36,127.71,41.18,0.0075,0.0061,0.0139,58.14,110.19,50.52,0.0073,0.0058,0.0129,101.85,98.11,137.27,0.0069,0.0057,0.0123,16000,1024,409.1,0.9599,0.0292,0.0099,0.001
2026-08-27T19:10:40.096+02:00,1000,1024,1024,1056,28,239,2,1882,0,194,0,0.0238,0.0215,0.0409,0.072,0.1155,0.5754,3.003,4.846,76.019,64.47,130.75,50.92,0.009,0.0057,0.0098,48.42,36.65,192.68,0.0093,0.0056,0.0101,233.42,11.27,141.02,0.007,0.0059,0.0093,16000,1024,389.56,0.8921,0.0858,0.0193,0.0028
2026-08-27T19:11:10.094+02:00,1000,1024,1024,1056,28,240,3,1885,1,195,0,0.0235,0.0222,0.1175,0.0895,0.073,1.5571,3.108,2.892,80.225,87.16,40.17,2.18,0.0074,0.0077,0.0622,73.2,59.82,12.55,0.007,0.0077,0.0418,55.6,106.74,7.32,0.0069,0.0064,0.0404,16000,1024,420.28,0.9551,0.0364,0.0077,0.0008
2026-08-27T19:11:40.095+02:00,1000,1024,1024,1056,28,241,2,1887,0,195,0,0.0233,0.0206,0.0916,0.0788,0.0965,1.9262,2.976,3.436,311.886,197.1,124.03,149.82,0.0071,0.0069,0.0113,97.88,91.56,64.54,0.0068,0.0066,0.0096,60.97,115.34,69.19,0.0064,0.0063,0.0095,16000,1024,500.88,0.9726,0.0214,0.005,0.001
2026-08-27T19:12:10.097+02:00,1000,1024,1025,1057,28,242,4,1891,0,195,0,0.022,0.0206,0.123,0.0754,0.0639,1.328,3.293,2.932,54.22,125.28,110.63,1.78,0.0085,0.0061,0.0465,84.53,174.92,7.79,0.0074,0.0057,0.0349,100.7,361.97,228.9,0.0065,0.0058,0.033,16000,1024,382.03,0.9583,0.0313,0.0091,0.0013
2026-08-27T19:12:40.097+02:00,1000,1024,1024,1056,28,242,0,1891,0,195,0,0.0233,0.0214,0.0343,0.07,0.0743,0.1069,2.925,3.074,2.911,105.32,72.47,12.84,0.0068,0.0077,0.0113,236.48,126.65,38.14,0.0063,0.0066,0.0105,81.03,52.57,42.48,0.0058,0.0062,0.0094,16000,1024,523.15,0.9751,0.0187,0.0052,0.0009
2026-08-27T19:13:10.097+02:00,1000,1024,1024,1056,28,242,0,1891,0,195,0,0.0231,0.0213,0.0298,0.0769,0.066,0.1037,3.051,2.935,3.052,44.77,108.85,84.09,0.0074,0.0086,0.0097,65.42,121.66,173.81,0.0068,0.0077,0.0091,20.96,37.89,74.93,0.0066,0.0071,0.0089,16000,1024,551.28,0.9678,0.0244,0.0071,0.0007
2026-08-27T19:13:40.112+02:00,1000,1024,1038,1070,28,243,3,1894,0,195,0,0.0231,0.02,0.0465,0.0908,0.0642,0.7147,3.264,2.969,103.208,61.01,110.68,14.02,0.0093,0.0075,0.0119,75.18,104.8,82.55,0.0065,0.0062,0.0123,2.09,17.47,113.92,0.006,0.0058,0.0106,16000,1024,634.53,0.9866,0.0088,0.0042,0.0004
2026-08-27T19:14:40.099+02:00,1000,1024,1024,1056,29,243,2,1900,0,195,0,0.0228,0.0206,0.0558,0.0865,0.088,0.7509,2.92,3.234,85.116,16.96,22.53,75.06,0.0087,0.0057,0.0158,4.62,81.98,17.15,0.0084,0.0055,0.0141,130.07,275.26,87.19,0.0061,0.0052,0.0123,16000,1024,365.37,0.9624,0.0243,0.0118,0.0014
2026-08-27T19:15:10.098+02:00,1000,1024,1024,1056,29,245,0,1900,0,195,0,0.0234,0.0206,0.0314,0.089,0.0722,0.0905,3.143,3.049,2.732,134.92,76.46,58.6,0.008,0.0089,0.0113,63.87,45.29,30.3,0.0079,0.0078,0.0102,262.18,33.59,146.31,0.0073,0.0076,0.01,16000,1024,1414.9,0.9732,0.0206,0.005,0.0012
2026-08-27T19:15:40.101+02:00,1000,1024,1024,1056,29,245,3,1903,0,195,0,0.0243,0.019,0.0306,0.1004,0.0598,0.0974,3.335,3.096,2.857,72.89,87.87,2.22,0.0096,0.0063,0.0106,185.63,56.13,62.49,0.0074,0.0064,0.0099,130.33,16.22,161.67,0.0078,0.0055,0.0109,16000,1024,432.76,0.9875,0.0079,0.0041,0.0005
2026-08-27T19:16:10.100+02:00,1000,1024,1024,1056,29,245,0,1903,0,195,0,0.0229,0.0206,0.0441,0.0758,0.0863,0.6619,3.01,3.231,102.03,36.33,62.46,220.69,0.0075,0.007,0.0145,23.98,132.97,71.0,0.0076,0.007,0.0131,10.83,163.2,284.11,0.0064,0.0065,0.0125,16000,1024,428.66,0.9745,0.0147,0.0095,0.0014
2026-08-27T19:16:40.101+02:00,1000,1024,1024,1056,29,245,0,1903,0,195,0,0.0255,0.0216,0.0291,0.1048,0.0743,0.0972,3.595,2.947,3.136,34.44,2.85,117.23,0.0078,0.0074,0.0092,103.4,118.72,125.91,0.0076,0.0073,0.0083,134.13,50.85,47.81,0.007,0.0058,0.0075,16000,1024,565.45,0.9827,0.0139,0.003,0.0004
2026-08-27T19:17:10.106+02:00,1000,1024,1031,1064,29,246,42,1945,0,195,0,0.0265,0.0343,0.2342,0.0987,0.1798,1.6592,3.217,6.201,19.453,9.9,67.19,41.95,0.0093,0.0102,0.0787,78.88,77.35,1.66,0.0084,0.0097,0.0654,21.64,27.02,14.94,0.0069,0.0097,0.0652,16000,1024,853.55,0.9398,0.0461,0.0115,0.0026
2026-08-27T19:17:40.101+02:00,1000,1024,1024,1056,29,246,0,1945,0,195,0,0.0243,0.0216,0.0448,0.0801,0.0862,0.7028,2.805,3.144,113.715,40.6,15.84,52.35,0.009,0.0074,0.0119,27.34,186.0,124.49,0.0081,0.0067,0.0101,147.76,22.5,89.51,0.0073,0.0056,0.0089,16000,1024,725.75,0.9864,0.0113,0.002,0.0003
2026-08-27T19:18:10.101+02:00,1000,1024,1024,1056,29,246,1,1946,1,196,0,0.0225,0.0204,0.0471,0.0744,0.0737,0.7247,3.081,3.255,107.638,47.98,168.9,104.77,0.0066,0.0081,0.0128,124.85,77.61,180.86,0.0063,0.0075,0.0111,165.33,59.42,66.95,0.0066,0.0061,0.0116,16000,1024,439.75,0.9692,0.0241,0.0057,0.001
2026-08-27T19:18:40.102+02:00,1000,1024,1024,1056,29,246,0,1946,0,196,0,0.022,0.0208,0.0546,0.0697,0.0926,0.7216,3.122,3.642,83.009,24.46,107.69,112.57,0.0065,0.0073,0.0122,11.23,161.48,88.25,0.0074,0.0064,0.0106,207.44,70.39,8.78,0.0069,0.0059,0.0099,16000,1024,442.11,0.9394,0.0549,0.0048,0.0009
2026-08-27T19:19:10.102+02:00,1000,1024,1024,1056,29,246,0,1946,0,196,0,0.0228,0.0204,0.0311,0.0739,0.0712,0.0989,2.867,3.502,2.99,118.19,250.12,4.38,0.0079,0.0054,0.0109,87.86,76.78,120.68,0.0072,0.0061,0.0117,99.78,45.54,222.6,0.0063,0.0053,0.0093,16000,1024,444.5,0.9537,0.0385,0.0066,0.0011
2026-08-27T19:19:40.101+02:00,1000,1024,1024,1056,29,246,1,1947,0,196,0,0.0241,0.0213,0.0305,0.0756,0.0641,0.1008,2.746,2.928,2.989,35.34,50.89,120.43,0.0075,0.0078,0.0088,54.12,75.14,257.44,0.0076,0.0065,0.0087,5.08,28.1,194.31,0.007,0.0064,0.0081,16000,1024,373.15,0.8875,0.0935,0.0161,0.0029
2026-08-27T19:20:10.102+02:00,1000,1024,1024,1056,29,246,0,1947,0,196,0,0.0226,0.0212,0.1108,0.0757,0.0846,1.4964,2.677,3.117,86.58,24.36,197.37,6.56,0.0076,0.0068,0.0256,125.84,52.42,17.47,0.0068,0.0065,0.0171,209.65,70.15,12.74,0.0064,0.0055,0.016,16000,1024,282.36,0.9088,0.0701,0.0195,0.0016
2026-08-27T19:20:40.103+02:00,1000,1024,1024,1056,29,246,0,1947,0,196,0,0.0234,0.0208,0.0317,0.0685,0.0729,0.1173,2.726,3.034,3.6,110.27,112.91,65.16,0.0089,0.007,0.0116,49.5,101.76,105.03,0.0076,0.0064,0.0109,115.69,164.98,4.91,0.0067,0.0063,0.0095,16000,1024,468.53,0.9597,0.0319,0.0073,0.0011
2026-08-27T19:22:10.104+02:00,1000,1024,1024,1056,31,246,0,1981,0,196,0,0.0231,0.0226,0.0416,0.0675,0.1009,0.5672,2.751,3.301,63.694,270.83,4.55,69.39,0.0073,0.0069,0.0169,4.03,19.63,115.65,0.0067,0.0064,0.0142,96.21,105.7,107.24,0.0069,0.006,0.0132,16000,1024,812.47,0.9785,0.0185,0.0025,0.0005
2026-08-27T19:22:40.109+02:00,1000,1024,1028,1061,31,246,26,2007,1,197,0,0.0267,0.0266,0.1179,0.0989,0.1354,1.3732,3.353,4.772,48.354,56.98,5.73,78.87,0.0096,0.0076,0.0341,125.98,16.05,135.74,0.0087,0.0078,0.0284,61.52,104.2,168.88,0.008,0.0074,0.028,16000,1024,441.9,0.9284,0.0609,0.0094,0.0014
2026-08-27T19:23:10.110+02:00,1000,1024,1030,1063,31,246,24,2031,0,197,0,0.0254,0.0266,0.1568,0.1084,0.0935,0.7283,3.261,3.87,13.406,20.43,8.64,258.8,0.0108,0.0085,0.0539,42.27,97.16,167.61,0.0098,0.0084,0.0543,165.23,104.7,97.71,0.0076,0.0074,0.0467,16000,1024,579.45,0.9824,0.0135,0.0033,0.0009
2026-08-27T19:23:40.114+02:00,1000,1024,1032,1065,31,246,27,2058,1,198,0,0.0252,0.027,0.164,0.0926,0.1076,0.6902,3.296,4.105,11.827,84.63,74.48,383.25,0.0077,0.0095,0.0619,63.1,145.21,177.05,0.008,0.0089,0.0605,41.31,27.35,154.89,0.0066,0.0085,0.0612,16000,1024,511.38,0.9673,0.0233,0.0087,0.0008
2026-08-27T19:24:10.104+02:00,1000,1024,1024,1056,31,246,0,2058,0,198,0,0.0242,0.0195,0.0315,0.0727,0.0645,0.1049,2.822,2.921,2.981,71.48,27.11,28.3,0.0089,0.0068,0.0109,24.18,49.83,217.67,0.0079,0.0054,0.0086,82.94,14.29,176.81,0.0076,0.0054,0.0084,16000,1024,446.82,0.8797,0.1026,0.0156,0.002
2026-08-27T19:24:40.106+02:00,1000,1024,1024,1056,31,247,0,2058,0,198,0,0.0234,0.0205,0.0303,0.0871,0.0634,0.1,2.975,2.98,2.841,42.29,73.46,111.13,0.0079,0.0083,0.0103,10.61,13.42,21.55,0.0077,0.008,0.0083,136.4,77.9,73.38,0.0081,0.0077,0.0082,16000,1024,570.23,0.9652,0.0243,0.0089,0.0015
2026-08-27T19:25:10.106+02:00,1000,1024,1024,1056,31,248,2,2060,0,198,0,0.0226,0.0212,0.0616,0.0899,0.0912,0.6773,2.974,3.171,68.598,142.86,155.31,144.47,0.0069,0.0057,0.0168,3.55,24.89,75.49,0.0068,0.0067,0.0172,97.92,104.75,64.32,0.0064,0.0057,0.0164,16000,1024,453.36,0.9507,0.0382,0.0099,0.0013
2026-08-27T19:25:40.105+02:00,1000,1024,1024,1056,31,248,3,2063,0,198,0,0.0236,0.0208,0.1651,0.0901,0.0648,1.3025,3.248,2.873,24.406,123.08,81.82,4.85,0.0089,0.0067,0.0526,13.6,36.23,24.49,0.0074,0.0058,0.0482,191.29,243.39,250.07,0.0072,0.0059,0.044,16000,1024,426.1,0.9451,0.0455,0.0078,0.0016
2026-08-27T19:26:10.107+02:00,1000,1024,1024,1056,31,248,4,2067,0,198,0,0.0241,0.0204,0.0321,0.0909,0.0672,0.1141,3.264,3.011,2.942,59.29,132.04,18.89,0.0106,0.0068,0.0102,10.26,26.05,66.66,0.0087,0.0066,0.0095,27.64,83.19,147.44,0.0075,0.0065,0.0086,16000,1024,536.57,0.9707,0.023,0.0056,0.0006
2026-08-27T19:27:10.107+02:00,1000,1024,1024,1056,32,248,8,2079,0,198,0,0.0245,0.0225,0.0464,0.0716,0.0823,0.7017,2.901,3.484,103.436,118.33,58.95,112.03,0.0067,0.007,0.0162,268.66,30.64,291.06,0.0065,0.0065,0.0132,47.81,156.83,152.09,0.0064,0.0064,0.0129,16000,1024,383.53,0.9118,0.0662,0.0206,0.0015
2026-08-27T19:28:10.115+02:00,1000,1024,1028,1060,33,248,28,2118,0,198,0,0.0262,0.0261,0.1287,0.0714,0.1377,1.323,2.542,4.582,32.519,120.53,74.3,135.89,0.0076,0.0107,0.0385,44.33,57.53,197.93,0.0074,0.0069,0.0368,3.51,9.66,12.79,0.0073,0.0069,0.0334,16000,1024,373.91,0.9529,0.036,0.0097,0.0014
2026-08-27T19:28:40.109+02:00,1000,1024,1024,1056,33,248,5,2123,0,198,0,0.0224,0.0198,0.0464,0.0781,0.0752,0.6968,3.345,3.609,97.685,127.34,88.63,25.19,0.0076,0.0059,0.0103,31.37,41.41,117.52,0.0067,0.0059,0.0095,202.26,61.45,48.04,0.0065,0.0053,0.0089,16000,1024,357.05,0.9153,0.0709,0.0122,0.0015
2026-08-27T19:29:10.110+02:00,1000,1024,1024,1056,33,248,0,2123,0,198,0,0.0228,0.0213,0.0474,0.0699,0.1073,0.6887,2.751,3.752,85.421,137.88,192.61,110.92,0.007,0.0074,0.0182,15.2,42.61,134.81,0.0071,0.0069,0.0154,29.44,14.42,202.41,0.0065,0.0064,0.0152,16000,1024,417.17,0.9754,0.0162,0.0074,0.001
2026-08-27T19:29:40.110+02:00,1000,1024,1024,1056,33,249,0,2123,0,198,0,0.0227,0.0209,0.0325,0.0764,0.0631,0.1267,3.174,2.667,3.034,82.44,138.04,179.37,0.0073,0.0066,0.0114,187.59,55.54,14.1,0.0064,0.0062,0.0103,33.65,178.28,124.27,0.0066,0.0059,0.01,16000,1024,723.76,0.9777,0.0177,0.0042,0.0004
2026-08-27T19:30:40.111+02:00,1000,1024,1024,1056,34,249,0,2128,0,198,0,0.023,0.0208,0.0326,0.075,0.0723,0.1099,2.868,3.058,2.952,90.64,45.84,197.27,0.0071,0.0071,0.011,21.53,39.28,21.76,0.0065,0.0061,0.0101,64.36,18.39,30.37,0.0065,0.0058,0.0084,16000,1024,410.33,0.9294,0.0537,0.0155,0.0014
2026-08-27T19:31:10.111+02:00,1000,1024,1024,1056,34,250,2,2130,0,198,0,0.0244,0.0204,0.0317,0.0858,0.0709,0.1393,2.969,3.102,3.405,46.6,28.25,92.98,0.0077,0.0063,0.0128,98.87,191.01,6.04,0.0072,0.0068,0.0104,207.19,20.37,34.78,0.0065,0.006,0.0085,16000,1024,868.43,0.9693,0.0245,0.0052,0.0011
2026-08-27T19:31:40.112+02:00,1000,1024,1024,1056,34,250,1,2131,0,198,0,0.0232,0.0234,0.1225,0.0966,0.145,1.5201,3.698,5.056,80.944,43.13,22.4,149.99,0.0076,0.0081,0.0625,68.98,16.55,142.73,0.0077,0.0076,0.0602,83.18,231.6,127.08,0.0067,0.007,0.056,16000,1024,484.41,0.9299,0.0594,0.0094,0.0014
2026-08-27T19:32:10.110+02:00,1000,1024,1024,1056,34,251,1,2132,0,198,0,0.0213,0.0207,0.1026,0.0646,0.0741,1.4542,2.872,3.122,93.858,1.8,47.32,29.62,0.0077,0.006,0.0115,58.67,2.84,57.44,0.0057,0.0057,0.0104,46.19,217.92,96.18,0.0059,0.0057,0.0119,16000,1024,360.36,0.86,0.1046,0.0326,0.0027
2026-08-27T19:33:10.112+02:00,1000,1024,1024,1056,35,252,0,2138,0,198,0,0.0222,0.0205,0.0304,0.0751,0.0644,0.0914,3.2,2.886,2.689,163.06,74.53,74.0,0.0059,0.0073,0.0119,17.25,135.74,54.63,0.0057,0.0063,0.0107,65.38,172.52,23.53,0.0053,0.0057,0.0095,16000,1024,564.76,0.9593,0.0256,0.0141,0.0011
2026-08-27T19:34:10.114+02:00,1000,1024,1024,1056,36,252,3,2150,0,198,0,0.0237,0.0225,0.0436,0.0832,0.0758,0.6854,3.208,2.941,117.214,18.96,6.47,82.3,0.0091,0.0074,0.0142,129.76,141.83,124.18,0.0073,0.0069,0.0139,152.77,46.01,104.92,0.0066,0.0057,0.0144,16000,1024,598.41,0.9866,0.01,0.0029,0.0005
2026-08-27T19:35:10.115+02:00,1000,1024,1025,1058,37,253,21,2181,1,199,0,1.2756,0.2233,0.1647,2.0856,0.4143,1.682,1.564,1.587,39.606,49.25,49.23,24.96,0.8207,0.1424,0.0411,24.66,24.68,44.21,0.7213,0.1222,0.0388,31.38,31.36,148.74,0.5882,0.1015,0.0338,16000,1024,516.72,0.8056,0.1701,0.0207,0.0036
2026-08-27T19:35:40.113+02:00,1000,1024,1024,1056,37,253,0,2181,0,199,0,1.2642,0.2326,0.0487,1.8876,0.3941,0.1724,1.524,1.53,3.081,49.4,49.41,49.43,1.8294,0.331,0.0433,148.21,148.4,148.27,0.0426,0.0343,0.0216,99.07,99.58,98.65,0.0405,0.0224,0.0209,16000,1024,534.6,0.9061,0.0794,0.0124,0.0022
2026-08-27T19:36:10.132+02:00,1000,1024,1042,1074,37,256,33,2214,1,200,0,1.2398,0.2281,0.1078,2.1994,0.4097,0.7892,1.576,1.585,24.383,49.44,16.42,54.74,0.6345,0.1083,0.0371,16.42,49.5,111.7,0.5446,0.112,0.0404,38.28,11.05,341.82,0.4923,0.0945,0.0361,16000,1024,629.99,0.8714,0.1193,0.0075,0.0018
2026-08-27T19:36:40.112+02:00,1000,1024,1024,1056,37,256,1,2215,0,200,0,1.2397,0.2313,0.0487,1.8431,0.3989,0.1669,1.53,1.536,2.928,49.35,49.34,49.44,1.7789,0.3292,0.0427,148.23,148.28,98.65,0.0484,0.0346,0.0213,38.01,99.42,148.09,0.0422,0.0254,0.0209,16000,1024,416.54,0.7625,0.2168,0.0159,0.0048
2026-08-27T19:37:10.120+02:00,1000,1024,1029,1061,37,256,26,2241,0,200,0,1.2004,0.2251,0.151,2.356,0.3862,0.8323,1.582,1.616,14.466,49.38,49.39,172.23,0.7575,0.1467,0.0501,13.82,33.57,389.64,0.4547,0.0856,0.0459,44.91,44.92,305.54,0.4426,0.0796,0.0445,16000,1024,595.57,0.8313,0.1574,0.0083,0.0029
2026-08-27T19:37:40.119+02:00,1000,1024,1027,1059,37,256,28,2269,2,202,0,1.182,0.2263,0.1349,2.0903,0.4051,1.3845,1.611,1.594,32.01,49.0,49.01,75.56,0.7375,0.1333,0.0396,37.14,25.97,11.02,0.5303,0.1026,0.0367,26.01,37.17,486.12,0.522,0.0965,0.036,16000,1024,496.15,0.6909,0.2886,0.0132,0.0073
2026-08-27T19:38:10.117+02:00,1000,1024,1024,1056,37,256,0,2269,0,202,0,1.2052,0.2279,0.0488,1.827,0.3752,0.1439,1.534,1.529,2.776,49.32,49.32,49.32,1.7742,0.332,0.0466,147.94,148.14,98.78,0.0567,0.035,0.0261,98.8,99.33,147.99,0.0316,0.0174,0.0234,16000,1024,605.42,0.8389,0.1506,0.008,0.0025
2026-08-27T19:38:40.116+02:00,1000,1024,1024,1056,37,256,1,2270,0,202,0,1.2565,0.2251,0.0672,1.901,0.371,0.7027,1.545,1.524,31.214,49.32,49.31,49.35,1.8525,0.3263,0.0497,147.97,147.94,98.83,0.0595,0.0326,0.0229,98.69,99.51,147.86,0.0337,0.0186,0.0185,16000,1024,696.95,0.8333,0.1571,0.0069,0.0027
2026-08-27T19:40:10.118+02:00,1000,1024,1024,1056,39,258,1,2288,0,202,0,1.4217,0.2148,0.0919,2.0908,0.3558,1.1061,1.536,1.507,46.143,49.3,49.3,49.27,2.0207,0.3028,0.0709,40.25,147.87,98.31,0.0682,0.0237,0.024,34.49,99.52,147.86,0.0678,0.0203,0.0197,16000,1024,731.66,0.9375,0.0549,0.0051,0.0026
2026-08-27T19:40:40.119+02:00,1000,1024,1024,1056,39,258,2,2290,0,202,0,1.4396,0.217,0.0792,2.1546,0.3603,0.8767,1.539,1.493,37.719,49.28,49.27,49.25,2.1,0.3134,0.0691,147.91,148.02,98.9,0.0702,0.029,0.0292,98.53,100.26,147.83,0.0368,0.0173,0.0247,16000,1024,734.35,0.895,0.094,0.0075,0.0035
2026-08-27T19:41:10.118+02:00,1000,1024,1024,1056,39,258,0,2290,0,202,0,1.4717,0.2113,0.1862,2.5563,0.3387,1.8083,1.536,1.48,33.397,49.27,49.26,49.24,2.1522,0.3026,0.0946,147.73,147.44,6.0,0.0701,0.0245,0.0643,98.84,99.15,145.71,0.0342,0.0226,0.0528,16000,1024,2301.7,0.9413,0.0475,0.0088,0.0024
2026-08-27T19:41:40.119+02:00,1000,1024,1024,1056,39,258,0,2290,0,202,0,1.4937,0.2141,0.067,2.2252,0.3569,0.208,1.528,1.472,2.659,49.27,49.27,49.27,2.1758,0.3077,0.0813,147.8,147.76,98.83,0.0647,0.0303,0.0269,98.5,99.66,147.79,0.0363,0.02,0.0217,16000,1024,630.79,0.8129,0.1662,0.0141,0.0068
2026-08-27T19:42:10.120+02:00,1000,1024,1024,1056,39,258,0,2290,0,202,0,1.5253,0.2146,0.0731,2.2735,0.3631,0.5458,1.528,1.476,8.039,49.27,49.26,49.22,2.2235,0.3115,0.0774,147.8,148.0,98.57,0.0673,0.0286,0.0322,98.51,99.82,147.72,0.0351,0.019,0.0269,16000,1024,448.8,0.6822,0.2923,0.0182,0.0073
2026-08-27T19:42:40.119+02:00,1000,1024,1024,1056,39,259,2,2292,1,203,0,1.5619,0.2118,0.2316,2.9065,0.3729,1.8175,1.554,1.494,22.829,49.27,49.27,2.24,2.2176,0.2966,0.1444,42.61,147.82,49.28,0.1233,0.0331,0.1077,20.32,6.94,6.35,0.1103,0.0253,0.0922,16000,1024,816.87,0.9058,0.0852,0.0071,0.002
2026-08-27T19:43:10.120+02:00,1000,1024,1024,1056,39,259,0,2292,0,203,0,1.578,0.2131,0.0707,2.3247,0.3514,0.2058,1.526,1.461,2.487,49.18,49.17,49.19,2.2692,0.3014,0.0848,147.54,147.46,98.48,0.0693,0.0278,0.0211,54.2,99.6,147.31,0.0358,0.0209,0.0187,16000,1024,1175.21,0.8072,0.1732,0.0148,0.0048
2026-08-27T19:43:40.120+02:00,1000,1024,1024,1056,39,259,1,2293,0,203,0,1.624,0.2119,0.0788,2.4003,0.3498,0.6997,1.527,1.469,13.025,49.27,49.27,49.27,2.3598,0.3053,0.0915,147.82,147.93,98.81,0.0742,0.0351,0.0201,98.36,100.18,191.34,0.0398,0.018,0.0163,16000,1024,534.76,0.8239,0.1594,0.0139,0.0027
2026-08-27T19:44:10.122+02:00,1000,1024,1024,1056,39,260,1,2294,1,204,0,1.6468,0.2133,0.073,2.4493,0.3809,0.1817,1.529,1.48,2.194,49.27,49.28,49.26,2.414,0.3102,0.0915,147.76,147.7,147.71,0.0732,0.0317,0.0236,98.54,99.94,98.53,0.0369,0.0166,0.0205,16000,1024,603.57,0.8632,0.1289,0.0065,0.0015
2026-08-27T19:44:40.121+02:00,1000,1024,1024,1056,39,261,22,2316,0,204,0,1.604,0.2098,0.1595,2.958,0.3732,0.8497,1.588,1.525,11.114,49.24,49.25,49.17,1.4894,0.1913,0.0602,13.67,13.67,176.23,0.6627,0.0873,0.0543,21.9,25.81,158.44,0.4878,0.0584,0.0486,16000,1024,695.68,0.89,0.1009,0.007,0.0021
2026-08-27T19:45:10.126+02:00,1000,1024,1024,1056,39,261,0,2316,0,204,0,1.6315,0.2098,0.0749,2.4078,0.342,0.2258,1.523,1.476,2.581,49.23,49.23,49.24,2.3666,0.3024,0.091,147.66,147.59,98.61,0.0773,0.0309,0.0288,98.39,100.17,147.56,0.0422,0.0199,0.0281,16000,1024,1298.62,0.9124,0.0799,0.0056,0.0021
2026-08-27T19:45:40.138+02:00,1000,1024,1039,1072,39,261,26,2342,2,206,0,1.639,0.2101,0.2038,2.7188,0.3776,1.6881,1.555,1.523,18.589,48.8,48.8,18.74,1.3546,0.1778,0.0489,30.98,31.04,49.72,0.5474,0.06,0.0472,11.74,19.55,28.14,0.4095,0.0545,0.0424,16000,1024,3148.05,0.9668,0.03,0.0023,0.0009
2026-08-27T19:46:10.123+02:00,1000,1024,1024,1056,39,261,0,2342,0,206,0,1.641,0.2127,0.0738,2.4012,0.3695,0.2239,1.529,1.481,2.435,49.23,49.22,49.22,2.3849,0.3052,0.0898,147.67,147.82,98.67,0.0801,0.0312,0.0326,98.31,100.3,147.68,0.0419,0.0183,0.0323,16000,1024,493.65,0.7396,0.238,0.0184,0.004
2026-08-27T19:46:40.123+02:00,1000,1024,1024,1056,39,261,0,2342,0,206,0,1.6594,0.2104,0.0789,2.4402,0.3566,0.2132,1.524,1.459,2.298,49.13,49.12,49.19,2.3727,0.2942,0.0993,147.24,147.33,147.27,0.0804,0.0281,0.0259,54.51,99.44,98.35,0.0435,0.0195,0.0238,16000,1024,674.25,0.8894,0.0976,0.0096,0.0034
2026-08-27T19:47:10.125+02:00,1000,1024,1024,1056,39,261,1,2343,0,206,0,1.6519,0.2113,0.0778,2.4363,0.3711,0.2206,1.53,1.481,2.462,49.24,49.24,49.21,2.409,0.3039,0.0954,147.68,147.65,147.62,0.0816,0.0343,0.0256,98.69,99.9,98.41,0.0413,0.0198,0.0242,16000,1024,481.85,0.8609,0.1225,0.0138,0.0028
2026-08-27T19:48:10.126+02:00,1000,1024,1024,1056,40,261,43,2391,2,208,0,1.6468,0.2117,0.2183,2.6437,0.4746,1.7043,1.626,1.543,18.274,49.21,49.22,6.72,1.3357,0.1765,0.0666,7.3,7.18,23.7,0.8226,0.099,0.0669,31.59,25.62,183.58,0.4991,0.058,0.0589,16000,1024,633.84,0.7151,0.2737,0.0084,0.0028
2026-08-27T19:48:40.125+02:00,1000,1024,1024,1056,40,261,0,2391,0,208,0,1.7107,0.2102,0.0933,2.5359,0.3768,0.7327,1.53,1.504,13.323,49.22,49.23,49.24,2.4909,0.3015,0.1005,147.63,147.62,98.18,0.084,0.0388,0.0414,98.53,99.77,147.66,0.0394,0.0226,0.0238,16000,1024,615.17,0.8477,0.1379,0.0119,0.0025
2026-08-27T19:49:10.125+02:00,1000,1024,1024,1056,40,261,16,2407,0,208,0,1.7247,0.207,0.1529,2.7761,0.3754,1.4607,1.551,1.526,27.649,49.15,49.14,49.2,1.7786,0.2118,0.0722,43.09,43.03,20.47,0.5191,0.0644,0.0587,30.47,30.38,61.23,0.4194,0.0501,0.0429,16000,1024,616.6,0.8136,0.1701,0.0134,0.0028
2026-08-27T19:49:40.125+02:00,1000,1024,1024,1056,40,261,1,2408,0,208,0,1.7383,0.2071,0.1899,3.5013,0.3585,1.8646,1.557,1.529,39.323,49.18,49.19,49.2,2.4013,0.2852,0.1182,43.85,147.65,3.89,0.124,0.0375,0.0612,39.34,100.12,8.3,0.1195,0.0199,0.0478,16000,1024,478.58,0.8443,0.1389,0.0141,0.0028
2026-08-27T19:50:10.126+02:00,1000,1024,1024,1056,40,261,0,2408,0,208,0,1.7592,0.2081,0.0837,2.5807,0.3638,0.2138,1.522,1.495,2.202,49.2,49.2,49.15,2.5443,0.2994,0.1049,147.54,147.67,147.58,0.0888,0.0419,0.0319,98.24,100.18,98.61,0.0447,0.0198,0.0307,16000,1024,698.61,0.9126,0.0774,0.0082,0.0018
2026-08-27T19:50:40.126+02:00,1000,1024,1024,1056,40,261,25,2433,1,209,0,1.7314,0.2051,0.1662,2.7766,0.3713,1.3721,1.604,1.561,17.06,49.11,49.08,49.03,1.4863,0.1712,0.049,14.0,35.12,308.53,0.6146,0.0619,0.0477,35.09,13.92,200.09,0.4854,0.0623,0.042,16000,1024,731.01,0.8951,0.0958,0.0079,0.0012
2026-08-27T19:51:10.126+02:00,1000,1024,1024,1056,40,262,0,2433,0,209,0,1.7626,0.2067,0.2009,3.6419,0.3667,1.9177,1.557,1.512,36.639,49.17,49.17,49.16,2.5376,0.2963,0.1199,147.56,147.42,3.83,0.0932,0.0399,0.0312,98.19,99.84,9.88,0.0382,0.0192,0.0255,16000,1024,961.35,0.8762,0.1143,0.0077,0.0019
2026-08-27T19:51:40.127+02:00,1000,1024,1024,1056,40,262,5,2438,0,209,0,1.7388,0.2068,0.0976,2.7186,0.3737,0.7241,1.551,1.517,12.697,49.16,49.15,49.15,2.3173,0.2694,0.1016,40.66,147.54,98.14,0.2384,0.0375,0.0296,32.31,43.37,147.33,0.2055,0.0348,0.0207,16000,1024,454.28,0.5419,0.4295,0.0236,0.005
2026-08-27T19:52:10.129+02:00,1000,1024,1024,1056,40,263,0,2438,0,209,0,1.7713,0.2072,0.0849,2.6526,0.3538,0.2083,1.53,1.504,2.1,49.15,49.15,49.15,2.5499,0.2951,0.1072,147.43,147.33,147.46,0.0912,0.0408,0.0312,98.24,99.97,98.17,0.0385,0.0177,0.024,16000,1024,541.3,0.7228,0.259,0.015,0.0032
2026-08-27T19:52:40.128+02:00,1000,1024,1024,1056,40,263,1,2439,0,209,0,1.7808,0.2078,0.0862,2.6519,0.3568,0.217,1.528,1.5,2.199,49.04,49.03,49.09,2.5197,0.2917,0.1079,147.08,147.08,97.92,0.0883,0.041,0.0289,53.43,99.37,147.01,0.0656,0.0203,0.0279,16000,1024,586.44,0.8498,0.139,0.0094,0.0019
2026-08-27T19:53:10.127+02:00,1000,1024,1024,1056,40,263,0,2439,0,209,0,1.8066,0.2089,0.0882,2.6382,0.3478,0.2359,1.528,1.508,2.271,49.15,49.15,49.13,2.5924,0.2971,0.1114,147.39,147.29,98.23,0.0971,0.046,0.0325,98.19,100.11,147.25,0.0449,0.0227,0.0289,16000,1024,518.54,0.6467,0.3318,0.0187,0.0028
2026-08-27T19:53:40.136+02:00,1000,1024,1031,1063,40,263,28,2467,3,212,0,1.8131,0.2061,0.1401,2.9522,0.3835,1.3994,1.581,1.523,22.807,49.08,49.07,49.31,1.3689,0.1572,0.0527,39.7,39.72,11.1,0.652,0.0668,0.0463,21.61,31.22,21.84,0.5147,0.0497,0.0428,16000,1024,687.5,0.8422,0.1455,0.0108,0.0014
2026-08-27T19:54:10.128+02:00,1000,1024,1024,1056,40,265,0,2467,0,212,0,1.8625,0.2101,0.0979,2.7485,0.368,0.792,1.523,1.496,9.43,49.18,49.18,49.18,2.6819,0.2988,0.117,147.49,147.56,147.62,0.0951,0.0405,0.0308,98.21,100.08,98.72,0.049,0.022,0.0191,16000,1024,552.6,0.6823,0.28,0.0327,0.005
2026-08-27T19:54:40.129+02:00,1000,1024,1024,1056,40,265,0,2467,0,212,0,1.8581,0.2091,0.0905,2.7358,0.3833,0.2372,1.521,1.526,2.132,49.16,49.16,49.17,2.6772,0.2944,0.1164,147.45,147.42,147.46,0.0972,0.0412,0.0328,98.19,100.02,98.71,0.0567,0.0194,0.0303,16000,1024,463.11,0.724,0.2412,0.0312,0.0036
2026-08-27T19:55:10.130+02:00,1000,1024,1024,1056,40,265,26,2493,1,213,0,1.8264,0.2077,0.1725,2.8681,0.4215,1.7395,1.563,1.548,32.582,48.59,48.66,48.38,1.2354,0.149,0.051,3.93,4.12,10.92,0.6276,0.0657,0.0399,43.19,43.06,38.95,0.5805,0.0617,0.0397,16000,1024,683.76,0.7737,0.2059,0.0185,0.0019
2026-08-27T19:55:40.129+02:00,1000,1024,1024,1056,40,267,6,2499,0,213,0,1.8861,0.2079,0.221,3.418,0.3609,0.8584,1.552,1.556,7.43,49.19,49.19,281.61,2.5092,0.2666,0.1553,29.44,147.48,49.33,0.3276,0.037,0.1496,53.67,34.04,141.56,0.3017,0.0325,0.1246,16000,1024,634.59,0.7364,0.2348,0.0254,0.0034
2026-08-27T19:56:10.131+02:00,1000,1024,1024,1056,40,267,2,2501,0,213,0,1.8586,0.2083,0.0947,2.7912,0.3527,0.675,1.536,1.53,6.81,49.19,49.21,49.2,2.4092,0.27,0.105,44.19,147.5,98.75,0.3215,0.0363,0.0313,54.2,43.43,147.49,0.2731,0.0358,0.0293,16000,1024,550.22,0.635,0.3223,0.0386,0.0041
2026-08-27T19:56:40.131+02:00,1000,1024,1024,1056,40,267,0,2501,0,213,0,1.8901,0.2121,0.0946,2.7984,0.3503,0.2094,1.525,1.482,2.04,49.18,49.19,49.21,2.7402,0.305,0.1247,147.48,147.46,147.51,0.0976,0.0408,0.0353,98.46,99.81,98.08,0.0457,0.0234,0.0292,16000,1024,737.36,0.7887,0.1746,0.0336,0.0031
2026-08-27T19:57:10.131+02:00,1000,1024,1024,1056,40,267,29,2530,0,213,0,1.8772,0.2102,0.1592,3.1094,0.3937,1.1526,1.577,1.607,16.607,49.15,49.17,21.7,1.0413,0.1182,0.0565,35.14,35.12,17.09,0.7717,0.0879,0.0635,16.94,16.92,27.73,0.7947,0.0865,0.0531,16000,1024,601.15,0.7684,0.1984,0.0299,0.0033
2026-08-27T19:57:40.132+02:00,1000,1024,1024,1056,40,267,2,2532,0,213,0,1.9192,0.2122,0.0925,3.0431,0.3758,0.2487,1.517,1.525,2.124,49.17,49.16,49.21,2.6244,0.2833,0.1164,40.84,147.55,147.52,0.1689,0.0396,0.0375,35.09,99.96,98.5,0.1649,0.0268,0.0272,16000,1024,695.88,0.7092,0.2664,0.0224,0.002
2026-08-27T19:58:10.131+02:00,1000,1024,1024,1056,40,267,0,2532,0,213,0,1.9416,0.2085,0.2435,4.1316,0.3435,1.8089,1.574,1.534,18.013,49.17,49.18,49.11,2.7982,0.2966,0.1585,147.41,147.59,2.94,0.09,0.0432,0.0726,54.74,99.74,9.4,0.0437,0.0189,0.0613,16000,1024,1086.64,0.838,0.1383,0.0221,0.0016
2026-08-27T19:58:40.133+02:00,1000,1024,1024,1056,40,267,0,2532,0,213,0,1.9294,0.2114,0.0948,2.8567,0.3617,0.2263,1.522,1.487,2.051,49.17,49.17,49.2,2.7889,0.3002,0.1258,147.46,147.48,147.62,0.0999,0.0413,0.0292,98.37,99.88,98.31,0.0465,0.0209,0.0265,16000,1024,864.15,0.8496,0.1314,0.0171,0.0019
2026-08-27T19:59:10.132+02:00,1000,1024,1024,1056,40,269,0,2532,0,213,0,1.9586,0.2115,0.0987,2.8765,0.3614,0.23,1.518,1.511,1.959,49.06,49.05,49.06,2.7761,0.2962,0.1286,147.09,147.07,147.11,0.0931,0.0416,0.0374,53.31,99.54,98.05,0.0669,0.0244,0.0206,16000,1024,775.86,0.8198,0.1501,0.0275,0.0026
2026-08-27T19:59:40.132+02:00,1000,1024,1024,1056,40,269,0,2532,0,213,0,1.9723,0.213,0.1,2.9007,0.3628,0.2438,1.52,1.496,2.07,49.18,49.16,49.19,2.8659,0.3045,0.1343,147.46,147.58,147.43,0.0964,0.0416,0.0388,98.55,99.82,98.45,0.0502,0.0227,0.0253,16000,1024,553.31,0.6007,0.3504,0.0452,0.0037
2026-08-27T20:00:10.134+02:00,1000,1024,1024,1056,40,269,0,2532,0,213,0,1.9789,0.2142,0.1034,2.9182,0.3576,0.6045,1.511,1.492,3.751,49.18,49.17,49.21,2.8565,0.3042,0.1311,147.49,147.58,147.62,0.0981,0.0411,0.0382,98.49,99.98,98.37,0.0456,0.0234,0.0226,16000,1024,683.47,0.6195,0.3255,0.0514,0.0036
2026-08-27T20:00:40.134+02:00,1000,1024,1024,1056,40,269,3,2535,0,213,0,2.0108,0.2124,0.1173,3.015,0.3661,0.7319,1.518,1.522,7.787,49.2,49.2,49.23,2.6869,0.2798,0.1229,53.88,147.45,147.63,0.1817,0.0404,0.0313,43.46,42.03,98.53,0.1719,0.0205,0.02,16000,1024,524.98,0.6728,0.2719,0.0526,0.0027
2026-08-27T20:01:10.137+02:00,1000,1024,1024,1056,40,270,0,2535,0,213,0,2.0337,0.2137,0.1018,2.9909,0.3734,0.2543,1.511,1.509,1.899,49.1,49.1,49.09,2.8939,0.2993,0.1337,147.25,147.39,147.26,0.0936,0.0398,0.0329,54.2,99.73,98.46,0.0461,0.022,0.0208,16000,1024,657.22,0.735,0.2263,0.0367,0.0021
2026-08-27T20:01:40.135+02:00,1000,1024,1024,1056,40,270,0,2535,0,213,0,2.0507,0.2126,0.2358,3.6066,0.3624,1.784,1.524,1.526,17.394,49.19,49.19,49.19,2.9615,0.3016,0.1469,147.52,147.48,4.89,0.1023,0.0412,0.0947,98.39,100.26,197.19,0.0415,0.0201,0.0618,16000,1024,675.05,0.7239,0.2438,0.0304,0.0019
2026-08-27T20:02:10.138+02:00,1000,1024,1024,1056,40,270,0,2535,0,213,0,2.0438,0.2137,0.1748,3.683,0.3645,1.6699,1.518,1.516,31.458,49.15,49.15,49.23,2.9558,0.3026,0.1654,147.34,147.36,2.38,0.0973,0.0411,0.0498,54.65,100.02,7.71,0.0399,0.0209,0.0449,16000,1024,688.07,0.854,0.1256,0.0188,0.0016
2026-08-27T20:02:40.134+02:00,1000,1024,1024,1056,40,270,23,2558,2,215,0,2.015,0.2075,0.165,3.5143,0.3737,1.438,1.551,1.546,15.773,49.12,49.16,48.93,1.7253,0.1941,0.0752,25.61,25.62,44.12,0.8363,0.075,0.045,44.01,44.21,17.92,0.5368,0.0529,0.0439,16000,1024,769.82,0.775,0.1986,0.0246,0.0018
2026-08-27T20:03:10.134+02:00,1000,1024,1024,1056,40,270,0,2558,0,215,0,2.0641,0.2135,0.1077,3.0258,0.3728,0.6689,1.516,1.524,4.423,49.17,49.17,49.17,2.9881,0.3048,0.1324,147.48,147.48,147.46,0.0975,0.0438,0.0304,98.4,99.88,100.68,0.0503,0.0244,0.0205,16000,1024,1314.71,0.8675,0.1148,0.0168,0.0009
2026-08-27T20:03:40.135+02:00,1000,1024,1024,1056,40,272,0,2558,0,215,0,2.0458,0.2125,0.1062,3.0555,0.3661,0.2316,1.512,1.513,1.868,49.16,49.16,49.16,2.9489,0.3035,0.1372,147.39,147.53,147.31,0.0946,0.0448,0.0348,98.23,99.94,98.47,0.0519,0.0234,0.0303,16000,1024,584.43,0.5859,0.3652,0.0452,0.0036
2026-08-27T20:04:10.135+02:00,1000,1024,1024,1056,40,272,19,2577,1,216,0,2.0366,0.2144,0.2564,3.2191,0.4305,1.7266,1.551,1.55,19.831,49.28,49.25,31.3,1.7337,0.1874,0.1021,22.06,22.19,22.17,0.9303,0.0904,0.1037,42.09,30.96,18.03,0.7154,0.0667,0.1137,16000,1024,658.17,0.7489,0.2218,0.027,0.0023
2026-08-27T20:04:40.136+02:00,1000,1024,1024,1056,40,272,1,2578,0,216,0,2.0543,0.2122,0.1094,3.0714,0.3773,0.6788,1.514,1.522,4.469,49.16,49.16,49.16,2.917,0.2998,0.134,147.44,147.39,147.45,0.095,0.0474,0.0348,35.45,100.07,98.48,0.0502,0.0295,0.0293,16000,1024,1314.75,0.87,0.1145,0.0138,0.0017
2026-08-27T20:05:10.136+02:00,1000,1024,1024,1056,40,272,2,2580,0,216,0,2.0728,0.2124,0.1358,3.0334,0.3632,1.3722,1.513,1.499,22.207,49.14,49.12,49.17,2.8607,0.2868,0.1388,34.34,147.48,147.4,0.146,0.0403,0.0328,27.5,99.63,98.26,0.1413,0.0211,0.0252,16000,1024,597.19,0.7718,0.1895,0.0359,0.0028
2026-08-27T20:05:40.137+02:00,1000,1024,1024,1056,40,272,1,2581,0,216,0,2.1485,0.2154,0.213,4.6231,0.371,1.946,1.537,1.522,27.786,49.19,49.19,49.18,3.0299,0.3052,0.1545,147.54,147.62,98.65,0.1026,0.0413,0.0338,98.49,100.1,147.58,0.0561,0.0254,0.0316,16000,1024,511.89,0.5966,0.3635,0.0376,0.0023
2026-08-27T20:06:10.142+02:00,1000,1024,1029,1061,40,272,14,2595,0,216,0,2.0307,0.2148,0.2337,3.1786,0.4398,2.0658,1.553,1.569,23.289,49.05,49.06,48.8,2.2877,0.2443,0.0897,36.78,20.88,192.09,0.547,0.0594,0.0571,30.08,36.59,13.05,0.5033,0.0491,0.0534,16000,1024,824.31,0.8773,0.1033,0.018,0.0014
2026-08-27T20:06:40.138+02:00,1000,1024,1024,1056,40,272,1,2596,0,216,0,2.0808,0.2152,0.1084,3.1439,0.3606,0.5114,1.512,1.507,2.656,49.1,49.11,49.08,2.9752,0.3054,0.1341,147.26,147.25,147.2,0.0992,0.0444,0.0371,98.39,99.96,98.08,0.0498,0.0233,0.0313,16000,1024,709.71,0.8279,0.1483,0.0219,0.002
2026-08-27T20:07:10.138+02:00,1000,1024,1024,1056,40,272,0,2596,0,216,0,0.0244,0.0199,0.0449,0.0851,0.0614,0.7242,2.916,2.881,129.946,5.55,70.9,63.64,0.0081,0.0088,0.0155,127.46,139.33,57.81,0.0089,0.0068,0.0154,42.48,134.97,238.35,0.0073,0.006,0.0145,16000,1024,348.22,0.894,0.0932,0.011,0.0018
2026-08-27T20:07:40.138+02:00,1000,1024,1024,1056,40,272,0,2596,0,216,0,0.0211,0.0204,0.033,0.0758,0.0774,0.1109,3.296,3.066,2.917,91.5,172.71,15.55,0.0073,0.006,0.0103,129.86,81.45,21.1,0.0056,0.0061,0.0109,208.63,23.44,144.45,0.0052,0.0058,0.0096,16000,1024,536.21,0.9744,0.0203,0.0047,0.0007
2026-08-27T20:08:10.138+02:00,1000,1024,1024,1056,40,272,0,2596,0,216,0,0.0239,0.0204,0.0553,0.0732,0.0759,0.7491,3.118,2.893,95.61,69.39,22.18,119.01,0.0077,0.0065,0.016,117.22,113.0,182.62,0.0061,0.0066,0.0152,92.06,89.0,196.56,0.0059,0.0056,0.0149,16000,1024,450.74,0.9627,0.03,0.0064,0.0009
2026-08-27T20:08:40.144+02:00,1000,1024,1029,1062,40,272,22,2618,0,216,0,0.026,0.0255,0.1624,0.0848,0.0857,0.7028,3.068,3.515,13.448,40.74,80.29,157.08,0.0082,0.0088,0.0701,174.65,40.31,336.12,0.0072,0.0084,0.0621,35.8,157.25,7.25,0.0072,0.008,0.0651,16000,1024,795.79,0.9681,0.0266,0.0044,0.0009
2026-08-27T20:09:10.139+02:00,1000,1024,1024,1056,40,272,1,2619,0,216,0,0.0232,0.0205,0.0464,0.0814,0.0977,0.7391,2.804,3.435,126.905,22.39,14.99,79.11,0.0069,0.0075,0.0108,38.35,7.43,74.01,0.0067,0.0063,0.0104,95.48,79.27,91.64,0.0066,0.0059,0.0094,16000,1024,279.63,0.913,0.067,0.0183,0.0017
2026-08-27T20:09:40.150+02:00,1000,1024,1033,1065,40,273,14,2633,0,216,0,0.0242,0.0276,0.1872,0.0788,0.1021,0.7164,3.19,3.566,9.837,30.43,52.82,341.24,0.0073,0.0097,0.0716,63.48,15.65,147.39,0.007,0.0083,0.0625,123.9,155.39,469.81,0.0066,0.0079,0.0553,16000,1024,284.0,0.8978,0.0769,0.0221,0.0033
2026-08-27T20:10:10.141+02:00,1000,1024,1024,1056,40,273,0,2633,0,216,0,0.0231,0.0208,0.0316,0.0741,0.0707,0.1137,3.108,3.009,3.129,196.09,107.27,24.6,0.0085,0.0061,0.0107,51.87,45.69,145.15,0.0083,0.0059,0.0102,108.01,145.25,138.66,0.0067,0.006,0.0092,16000,1024,516.39,0.9737,0.0195,0.0063,0.0006
2026-08-27T20:10:40.141+02:00,1000,1024,1024,1056,40,273,0,2633,0,216,0,0.0234,0.0216,0.0479,0.0902,0.0668,0.711,3.376,2.829,97.267,15.4,49.44,216.74,0.0074,0.0071,0.0127,32.17,137.6,74.23,0.007,0.0063,0.0122,107.52,21.34,47.62,0.0065,0.0062,0.0121,16000,1024,515.87,0.9125,0.0726,0.0129,0.002
2026-08-27T20:11:10.142+02:00,1000,1024,1024,1056,40,273,1,2634,0,216,0,0.0223,0.0209,0.0315,0.0927,0.0781,0.1066,3.455,2.964,2.795,12.3,180.82,156.74,0.0067,0.0058,0.0145,37.34,36.92,38.21,0.0056,0.0057,0.0097,200.27,111.7,8.86,0.0055,0.0058,0.0089,16000,1024,391.29,0.9514,0.037,0.0102,0.0013
2026-08-27T20:11:40.141+02:00,1000,1024,1024,1056,40,273,0,2634,0,216,0,0.0215,0.0223,0.0312,0.0788,0.074,0.0936,3.008,3.078,2.882,302.75,64.28,37.72,0.0065,0.0088,0.0093,148.85,113.96,148.6,0.0064,0.0065,0.0084,125.69,104.98,173.76,0.0058,0.0064,0.0083,16000,1024,1191.7,0.9832,0.0141,0.0024,0.0003
2026-08-27T20:12:10.144+02:00,1000,1024,1024,1056,40,273,1,2635,0,216,0,0.0221,0.0215,0.0539,0.0743,0.0775,0.8757,2.723,3.048,142.324,109.97,116.73,87.82,0.0076,0.0064,0.0103,56.59,164.25,59.69,0.0061,0.0059,0.0102,103.15,22.48,99.5,0.0063,0.0058,0.0091,16000,1024,283.9,0.8806,0.0936,0.0226,0.0032
2026-08-27T20:12:40.142+02:00,1000,1024,1024,1056,40,273,1,2636,0,216,0,0.0231,0.0221,0.0579,0.0782,0.0853,0.7194,2.986,3.125,92.221,86.01,49.66,170.63,0.0074,0.007,0.0192,102.68,9.94,145.71,0.0068,0.0066,0.017,37.76,36.21,24.16,0.0065,0.0062,0.0164,16000,1024,2602.22,0.9775,0.0171,0.0044,0.001
2026-08-27T20:13:10.144+02:00,1000,1024,1024,1057,40,273,1,2637,0,216,0,0.0223,0.0209,0.0315,0.0924,0.0736,0.0908,3.184,2.999,2.842,52.39,95.36,53.66,0.0073,0.0069,0.0102,25.4,79.61,213.08,0.0059,0.007,0.0098,217.54,108.17,147.87,0.0061,0.0057,0.0101,16000,1024,301.69,0.9242,0.0514,0.0217,0.0027
2026-08-27T20:13:40.143+02:00,1000,1024,1024,1056,40,273,1,2638,0,216,0,0.0241,0.0213,0.0316,0.0872,0.078,0.107,3.283,2.914,2.953,87.71,92.64,80.8,0.0074,0.0068,0.01,139.61,220.92,160.14,0.0071,0.0063,0.0091,163.05,99.31,136.56,0.0069,0.0064,0.0087,16000,1024,584.11,0.97,0.0255,0.004,0.0006
2026-08-27T20:14:10.144+02:00,1000,1024,1024,1056,40,274,0,2638,0,216,0,0.0231,0.0216,0.0296,0.0743,0.0686,0.0883,2.819,2.875,2.717,11.26,99.5,115.63,0.0092,0.0071,0.0111,146.12,116.85,237.94,0.0074,0.0062,0.0093,38.72,1.99,177.29,0.0072,0.0059,0.0089,16000,1024,268.45,0.7897,0.1842,0.0234,0.0027
2026-08-27T20:14:40.144+02:00,1000,1024,1024,1056,40,275,2,2640,0,216,0,0.0222,0.0216,0.0308,0.0743,0.0707,0.0871,3.085,2.656,2.705,34.79,141.43,43.23,0.0072,0.007,0.0109,48.36,62.32,147.19,0.0076,0.0062,0.0108,40.06,3.49,35.1,0.0063,0.0061,0.0093,16000,1024,362.71,0.9606,0.0285,0.0096,0.0013
2026-08-27T20:15:10.144+02:00,1000,1024,1024,1056,40,275,1,2641,0,216,0,0.0234,0.0213,0.1747,0.0692,0.0698,1.8093,2.878,2.961,40.073,40.64,86.15,4.84,0.008,0.0066,0.0885,220.93,61.71,9.52,0.0072,0.0064,0.0706,48.46,117.96,36.84,0.0063,0.0061,0.0554,16000,1024,500.01,0.9823,0.0135,0.0035,0.0006
2026-08-27T20:15:40.146+02:00,1000,1024,1024,1056,40,275,0,2641,0,216,0,0.024,0.0208,0.0313,0.0712,0.071,0.0956,2.626,2.956,2.66,33.36,203.5,189.35,0.0081,0.0078,0.0113,53.24,45.31,113.11,0.0088,0.006,0.0094,22.22,267.87,182.96,0.0074,0.0056,0.0094,16000,1024,425.7,0.892,0.0947,0.0115,0.0019
2026-08-27T20:16:10.150+02:00,1000,1024,1024,1056,40,275,0,2641,0,216,0,0.0237,0.0494,0.4895,0.0781,0.1498,1.5869,2.919,2.611,2.603,224.17,421.96,421.93,0.0076,0.0171,0.1638,267.62,467.99,471.77,0.0066,0.0166,0.1613,38.66,163.4,179.64,0.0072,0.0146,0.147,16000,1024,491.87,0.9328,0.0525,0.0132,0.0015
2026-08-27T20:16:40.146+02:00,1000,1024,1024,1056,40,275,0,2641,0,216,0,0.0221,0.029,0.2289,0.0804,0.0888,0.6623,2.901,3.236,5.468,18.04,338.58,338.56,0.0073,0.0144,0.1374,98.83,171.65,171.8,0.0066,0.0133,0.1294,136.45,20.26,177.07,0.0062,0.0102,0.1053,16000,1024,650.42,0.9639,0.0285,0.0065,0.001
2026-08-27T20:17:10.147+02:00,1000,1024,1024,1056,40,275,0,2641,0,216,0,0.0235,0.0201,0.0427,0.0901,0.0717,0.6026,3.026,3.036,72.844,106.42,52.53,35.88,0.0083,0.0065,0.0167,75.96,75.22,257.13,0.007,0.0059,0.0126,191.39,164.1,71.04,0.0062,0.0058,0.0125,16000,1024,450.11,0.9838,0.0082,0.007,0.001
2026-08-27T20:17:40.151+02:00,1000,1024,1024,1056,40,276,1,2642,0,216,0,0.0239,0.0207,0.0322,0.0794,0.0774,0.0972,3.169,2.954,2.976,63.94,77.72,83.4,0.0083,0.0076,0.0092,173.89,38.94,103.99,0.007,0.0069,0.0088,25.17,7.04,43.03,0.0069,0.0052,0.0084,16000,1024,804.8,0.9731,0.0207,0.0055,0.0008
2026-08-27T20:18:10.146+02:00,1000,1024,1024,1056,40,276,0,2642,0,216,0,0.0253,0.0203,0.0306,0.0771,0.0744,0.101,3.085,2.88,2.721,10.94,13.48,25.28,0.0083,0.0067,0.0105,95.45,54.81,140.43,0.0067,0.006,0.0105,135.62,76.72,160.46,0.0063,0.0062,0.0101,16000,1024,453.29,0.912,0.0702,0.0155,0.0024
2026-08-27T20:18:40.147+02:00,1000,1024,1024,1056,40,276,0,2642,0,216,0,0.0238,0.0404,0.3711,0.0811,0.1775,1.807,2.911,5.731,7.629,47.73,10.8,11.08,0.0069,0.0165,0.1598,83.45,125.79,1.46,0.0066,0.0112,0.1116,69.55,400.11,30.43,0.0059,0.0108,0.0938,16000,1024,360.61,0.9483,0.0366,0.0132,0.0019
2026-08-27T20:19:10.147+02:00,1000,1024,1024,1056,40,276,0,2642,0,216,0,0.023,0.0214,0.055,0.0699,0.0842,0.7142,2.682,3.39,85.736,66.47,65.3,32.03,0.0092,0.0066,0.0162,130.9,51.13,55.0,0.0063,0.0063,0.0147,71.74,20.77,102.43,0.0064,0.0059,0.0133,16000,1024,398.78,0.937,0.0513,0.0098,0.002
2026-08-27T20:19:40.149+02:00,1000,1024,1024,1056,40,276,0,2642,0,216,0,0.0238,0.0207,0.0324,0.0779,0.0845,0.1006,3.227,3.183,2.911,89.04,49.94,80.28,0.0078,0.0067,0.0093,49.03,102.67,12.83,0.0068,0.0059,0.0089,22.11,107.88,161.85,0.0063,0.0056,0.0087,16000,1024,467.34,0.9753,0.0186,0.0053,0.0008
2026-08-27T20:20:10.149+02:00,1000,1024,1024,1056,40,277,1,2643,0,216,0,0.0241,0.0454,0.4101,0.0756,0.1585,1.5573,2.77,3.876,5.02,33.03,11.92,8.04,0.0077,0.0225,0.2118,57.26,75.15,286.14,0.008,0.0128,0.1057,128.27,54.99,13.18,0.0067,0.0123,0.0864,16000,1024,1168.67,0.9913,0.0059,0.0025,0.0003
2026-08-27T20:20:40.148+02:00,1000,1024,1024,1056,40,277,0,2643,0,216,0,0.0243,0.0214,0.0637,0.1192,0.0886,0.7307,3.872,3.511,75.099,16.52,27.38,79.24,0.0068,0.0068,0.0168,205.15,140.97,172.71,0.0067,0.007,0.0161,216.01,21.06,14.34,0.0064,0.0063,0.0171,16000,1024,403.4,0.8837,0.0986,0.015,0.0027
2026-08-27T20:21:10.149+02:00,1000,1024,1024,1056,40,278,0,2643,0,216,0,0.0223,0.0428,0.3761,0.0686,0.1706,1.7266,3.009,3.672,4.799,51.43,7.65,7.65,0.0072,0.0228,0.206,163.61,434.1,434.12,0.0068,0.0142,0.1449,227.75,446.04,59.76,0.0061,0.013,0.1136,16000,1024,283.52,0.9499,0.0284,0.019,0.0027
2026-08-27T20:21:40.149+02:00,1000,1024,1024,1056,40,278,1,2644,1,217,0,0.0245,0.0207,0.0323,0.091,0.0734,0.0982,3.194,2.914,2.935,224.4,31.13,137.65,0.0072,0.0071,0.0108,119.36,25.96,127.3,0.0072,0.0065,0.0106,14.56,87.68,7.06,0.0069,0.0056,0.01,16000,1024,386.31,0.9575,0.0263,0.0147,0.0015
2026-08-27T20:22:10.150+02:00,1000,1024,1024,1056,40,279,0,2644,0,217,0,0.0215,0.0201,0.0473,0.0663,0.0689,0.7417,2.887,2.805,112.833,64.96,28.04,70.07,0.0081,0.007,0.0114,1.93,14.3,98.45,0.0072,0.0059,0.0098,219.95,165.29,112.13,0.0072,0.0057,0.0088,16000,1024,511.86,0.9687,0.0246,0.006,0.0007
2026-08-27T20:22:40.150+02:00,1000,1024,1024,1056,40,279,0,2644,0,217,0,0.0241,0.0263,0.174,0.0795,0.0996,0.7164,3.115,3.931,11.495,147.44,166.86,340.94,0.0088,0.0085,0.0637,86.62,112.32,322.64,0.0078,0.0077,0.0563,10.95,211.65,465.86,0.0076,0.0074,0.0475,16000,1024,343.96,0.8962,0.074,0.0263,0.0036
2026-08-27T20:23:10.151+02:00,1000,1024,1024,1056,40,279,0,2644,0,217,0,0.0223,0.0216,0.0318,0.0715,0.0588,0.1223,2.983,2.501,3.089,238.02,43.61,19.52,0.0068,0.0073,0.0122,145.32,141.92,1.66,0.0064,0.0067,0.0107,6.34,57.58,231.39,0.0075,0.0057,0.0085,16000,1024,405.68,0.9378,0.0403,0.0196,0.0022
2026-08-27T20:23:40.151+02:00,1000,1024,1024,1056,40,280,0,2644,0,217,0,0.0239,0.0204,0.0489,0.0765,0.0829,0.7178,3.02,3.136,95.065,38.87,176.12,98.88,0.0081,0.007,0.013,83.99,10.58,117.48,0.0074,0.0061,0.0109,55.42,75.11,36.4,0.0062,0.0058,0.0108,16000,1024,908.14,0.9837,0.0128,0.0031,0.0004
2026-08-27T20:24:10.153+02:00,1000,1024,1024,1056,40,281,0,2644,0,217,0,0.0222,0.0217,0.2236,0.0813,0.0671,1.5141,3.149,2.783,13.2,25.49,2.27,9.98,0.0073,0.0085,0.1099,125.56,7.34,3.09,0.0073,0.0073,0.0969,193.15,52.18,292.36,0.0065,0.0058,0.0651,16000,1024,569.74,0.9724,0.0222,0.0049,0.0005
2026-08-27T20:24:40.153+02:00,1000,1024,1024,1056,40,281,0,2644,0,217,0,0.0229,0.0499,0.4767,0.0753,0.1546,1.5746,2.856,2.936,3.184,25.46,56.66,56.63,0.0073,0.018,0.1984,123.64,450.21,450.07,0.007,0.0172,0.1897,246.41,47.09,470.91,0.0068,0.0168,0.1786,16000,1024,313.19,0.9086,0.0674,0.0207,0.0033
2026-08-27T20:25:10.152+02:00,1000,1024,1024,1056,40,281,0,2644,0,217,0,0.0229,0.0209,0.0337,0.0795,0.0861,0.1202,3.315,3.345,2.911,82.01,46.05,26.43,0.0069,0.007,0.0104,1.69,113.98,157.78,0.0071,0.0067,0.0104,68.62,107.6,54.9,0.0067,0.0059,0.01,16000,1024,342.23,0.8993,0.0758,0.0223,0.0027
2026-08-27T20:25:40.152+02:00,1000,1024,1024,1056,40,281,2,2646,0,217,0,0.0221,0.019,0.0319,0.0818,0.0603,0.1015,3.299,2.935,3.027,74.83,132.8,101.59,0.0067,0.0062,0.0101,12.54,147.24,39.23,0.0064,0.0055,0.0102,129.08,108.01,71.1,0.0061,0.0056,0.0092,16000,1024,361.65,0.954,0.0356,0.0087,0.0017
2026-08-27T20:26:10.154+02:00,1000,1024,1024,1056,40,281,0,2646,0,217,0,0.0228,0.0209,0.0413,0.0926,0.0746,0.5854,3.183,3.184,76.53,175.86,69.57,146.67,0.0084,0.0067,0.0127,119.55,123.76,128.19,0.0078,0.0065,0.0104,137.55,114.59,63.52,0.0062,0.0062,0.0086,16000,1024,572.89,0.9794,0.014,0.0059,0.0007
2026-08-27T20:26:40.153+02:00,1000,1024,1024,1056,40,281,1,2647,0,217,0,0.0228,0.0278,0.1871,0.0797,0.0992,0.6956,3.067,3.985,9.234,21.55,36.13,338.23,0.0066,0.0096,0.0738,65.64,153.61,138.51,0.0066,0.0093,0.0662,90.55,359.15,178.06,0.0067,0.009,0.0652,16000,1024,528.21,0.9674,0.0253,0.0065,0.0008
2026-08-27T20:27:10.153+02:00,1000,1024,1024,1056,40,281,0,2647,0,217,0,0.0232,0.0294,0.207,0.0705,0.1036,0.6866,2.799,3.499,7.046,77.48,333.07,333.05,0.0074,0.0108,0.0849,161.66,44.76,198.01,0.0076,0.009,0.0873,13.61,163.03,160.35,0.0066,0.0086,0.082,16000,1024,657.12,0.9438,0.0444,0.0107,0.001
2026-08-27T20:27:40.155+02:00,1000,1024,1024,1056,40,281,1,2648,0,217,0,0.0221,0.0218,0.0324,0.0754,0.0703,0.1633,3.209,2.96,3.99,49.42,50.44,34.7,0.0082,0.0074,0.0123,221.31,4.92,130.15,0.0071,0.0063,0.0108,125.57,38.46,113.19,0.0063,0.0064,0.01,16000,1024,650.34,0.9826,0.011,0.0057,0.0008
2026-08-27T20:28:10.155+02:00,1000,1024,1024,1056,40,281,0,2648,0,217,0,0.0235,0.0208,0.0324,0.1028,0.0645,0.102,3.366,3.092,3.108,102.78,103.52,13.55,0.008,0.0069,0.0108,73.58,98.54,71.38,0.0064,0.0069,0.0104,231.83,130.55,42.3,0.0068,0.0063,0.0108,16000,1024,403.01,0.9342,0.0489,0.0151,0.0018
2026-08-27T20:28:40.156+02:00,1000,1024,1024,1056,40,281,0,2648,0,217,0,0.0241,0.0205,0.0338,0.076,0.0646,0.1064,2.801,2.967,3.001,211.13,39.96,72.35,0.007,0.0081,0.0112,46.84,123.98,42.42,0.0068,0.0056,0.01,40.6,45.21,18.27,0.007,0.0057,0.0101,16000,1024,312.21,0.8945,0.0736,0.0286,0.0033
2026-08-27T20:29:10.155+02:00,1000,1024,1024,1056,40,281,0,2648,0,217,0,0.0223,0.0209,0.0636,0.0863,0.0735,0.7493,3.273,3.03,77.24,50.75,22.25,120.14,0.007,0.0061,0.0206,46.39,184.95,194.59,0.007,0.0062,0.0205,75.68,175.96,2.9,0.0072,0.0058,0.0202,16000,1024,468.28,0.9513,0.0373,0.0102,0.0012
2026-08-27T20:29:40.156+02:00,1000,1024,1024,1056,40,281,0,2648,0,217,0,0.0235,0.0204,0.0479,0.084,0.0791,0.7092,3.04,3.251,93.058,95.78,94.47,37.92,0.0073,0.0075,0.015,211.9,5.33,46.08,0.0066,0.0067,0.0134,41.15,75.56,33.47,0.0059,0.0063,0.0132,16000,1024,898.43,0.9769,0.0171,0.0051,0.0009
2026-08-27T20:30:10.156+02:00,1000,1024,1024,1056,40,282,1,2649,0,217,0,0.0235,0.0219,0.0317,0.0702,0.0659,0.0981,2.723,3.003,2.883,98.46,50.96,51.31,0.0078,0.0067,0.0098,26.97,180.86,80.15,0.0071,0.0066,0.0087,136.18,128.8,57.64,0.0071,0.0061,0.0086,16000,1024,436.41,0.9521,0.0325,0.0139,0.0014
2026-08-27T20:30:40.158+02:00,1000,1024,1024,1056,40,282,24,2673,0,217,0,0.0269,0.0227,0.0778,0.0889,0.0772,0.7103,2.746,3.164,49.921,15.05,25.65,156.36,0.0088,0.0076,0.018,28.11,75.32,114.35,0.0077,0.0071,0.018,97.89,61.77,151.18,0.0076,0.0069,0.0163,16000,1024,483.27,0.9592,0.0323,0.0076,0.0009
2026-08-27T20:31:10.159+02:00,1000,1024,1024,1056,40,282,0,2673,0,217,0,0.0229,0.0203,0.0304,0.0647,0.0642,0.13,2.646,2.686,3.204,176.98,63.34,50.48,0.0071,0.0054,0.0114,106.66,92.59,203.35,0.007,0.0054,0.0102,200.29,164.91,128.89,0.0068,0.0054,0.0086,16000,1024,615.15,0.9851,0.0085,0.0059,0.0006
2026-08-27T20:31:40.157+02:00,1000,1024,1024,1056,40,282,0,2673,0,217,0,0.0245,0.0212,0.0452,0.0885,0.0684,0.7051,3.028,2.861,118.227,48.48,217.02,24.69,0.0069,0.0072,0.011,12.48,8.32,37.63,0.0063,0.0071,0.0107,78.44,80.09,5.05,0.0066,0.0062,0.0094,16000,1024,431.69,0.9338,0.0547,0.0102,0.0013
2026-08-27T20:32:10.159+02:00,1000,1024,1024,1056,40,282,0,2673,0,217,0,0.0218,0.0476,0.4293,0.0843,0.1872,1.7883,3.325,4.568,5.484,243.54,9.26,9.47,0.0071,0.0206,0.1909,134.63,20.02,18.29,0.0059,0.0181,0.117,4.79,75.26,75.04,0.0056,0.015,0.1153,16000,1024,431.36,0.9431,0.0295,0.0255,0.0019
2026-08-27T20:32:40.161+02:00,1000,1024,1025,1058,40,282,1,2674,0,217,0,0.0232,0.0203,0.0305,0.0808,0.0791,0.0976,3.145,3.138,3.063,39.57,9.43,93.97,0.0077,0.0066,0.0116,76.36,28.47,164.07,0.0068,0.0063,0.0087,20.95,43.34,5.58,0.0073,0.006,0.0086,16000,1024,509.2,0.9488,0.0423,0.0079,0.0009
2026-08-27T20:33:10.158+02:00,1000,1024,1024,1056,40,282,0,2674,0,217,0,0.0241,0.0216,0.1619,0.0912,0.0692,1.4857,3.277,2.677,33.968,91.94,62.35,2.85,0.0085,0.0088,0.0519,42.23,102.47,10.88,0.0076,0.0072,0.0476,193.36,198.14,19.17,0.0074,0.0058,0.0403,16000,1024,342.31,0.933,0.0443,0.0208,0.002
2026-08-27T20:33:40.160+02:00,1000,1024,1024,1056,40,282,1,2675,0,217,0,0.0248,0.02,0.0307,0.0769,0.0729,0.1148,3.075,3.332,2.859,2.5,127.69,24.29,0.0101,0.0067,0.0119,45.0,58.07,121.12,0.0069,0.0073,0.0108,78.84,145.06,110.68,0.0068,0.0057,0.0079,16000,1024,295.71,0.9017,0.0766,0.0185,0.0032
2026-08-27T20:34:10.158+02:00,1000,1024,1024,1056,40,282,0,2675,0,217,0,0.0237,0.0294,0.2095,0.0807,0.098,0.6583,3.163,3.525,6.514,23.61,340.67,341.04,0.008,0.0095,0.0984,29.97,168.36,491.46,0.0066,0.0093,0.081,13.63,329.55,167.88,0.0063,0.0097,0.072,16000,1024,453.81,0.9586,0.0292,0.0114,0.0008
2026-08-27T20:34:40.161+02:00,1000,1024,1024,1056,40,282,0,2675,0,217,0,0.0247,0.0397,0.3403,0.0722,0.1684,1.5625,2.849,4.431,5.797,136.7,18.06,8.7,0.008,0.0126,0.13,96.68,166.08,499.47,0.0069,0.0107,0.1015,37.22,499.51,18.31,0.0064,0.0108,0.0993,16000,1024,503.41,0.9664,0.0275,0.0051,0.0009
2026-08-27T20:35:10.161+02:00,1000,1024,1024,1056,40,282,0,2675,0,217,0,0.0234,0.0199,0.0315,0.0747,0.0671,0.1013,3.254,2.808,2.907,68.18,117.39,39.02,0.0067,0.0074,0.0116,111.05,85.72,228.89,0.0066,0.0064,0.0086,196.05,178.69,14.32,0.006,0.0058,0.0081,16000,1024,514.62,0.9721,0.0214,0.0057,0.0008
2026-08-27T20:35:40.159+02:00,1000,1024,1024,1056,40,282,0,2675,0,217,0,0.0232,0.0197,0.0307,0.0801,0.0644,0.1041,2.941,2.844,3.074,71.3,20.61,45.89,0.0076,0.0059,0.0093,47.06,55.94,11.89,0.0075,0.0059,0.0088,51.27,172.59,112.7,0.0062,0.006,0.0091,16000,1024,540.64,0.9851,0.0094,0.0049,0.0006
2026-08-27T20:36:10.164+02:00,1000,1024,1024,1056,40,282,0,2675,0,217,0,0.0239,0.0482,0.4216,0.082,0.1857,1.7467,3.208,4.386,5.249,38.64,11.82,11.81,0.0085,0.0181,0.1552,183.34,26.3,7.26,0.007,0.0136,0.1267,82.1,101.37,56.9,0.0062,0.0137,0.1259,16000,1024,477.61,0.9578,0.0295,0.0115,0.0012
2026-08-27T20:36:40.162+02:00,1000,1024,1024,1056,40,282,0,2675,0,217,0,0.0229,0.0488,0.4609,0.0784,0.1627,1.5949,2.83,2.914,2.847,74.32,460.51,270.7,0.0079,0.0179,0.1568,45.52,270.67,454.15,0.0076,0.0161,0.1547,120.04,454.05,460.55,0.0068,0.0149,0.1579,16000,1024,628.75,0.9592,0.0305,0.009,0.0012
2026-08-27T20:37:10.161+02:00,1000,1024,1024,1056,40,283,0,2675,0,217,0,0.0229,0.0218,0.0318,0.0717,0.0795,0.1089,3.024,3.343,2.923,182.89,90.87,16.65,0.0071,0.0076,0.0102,76.83,80.79,90.34,0.007,0.0076,0.0112,108.61,53.21,26.41,0.0065,0.0078,0.0093,16000,1024,357.51,0.9067,0.0796,0.0118,0.0019
2026-08-27T20:37:40.162+02:00,1000,1024,1024,1056,40,283,1,2676,0,217,0,0.0239,0.0449,0.3762,0.0829,0.1872,1.7868,2.884,4.504,6.34,47.48,6.59,6.59,0.0081,0.02,0.1812,31.85,14.4,289.49,0.008,0.0155,0.098,78.56,78.1,14.59,0.0076,0.0111,0.0894,16000,1024,510.54,0.9801,0.0129,0.0064,0.0006
2026-08-27T20:38:10.162+02:00,1000,1024,1024,1056,40,284,0,2676,0,217,0,0.0231,0.0527,0.493,0.0774,0.1658,1.5996,3.301,2.923,3.029,38.1,455.47,193.05,0.008,0.0187,0.1713,3.97,46.53,455.42,0.0077,0.0169,0.1672,76.22,256.89,256.76,0.0063,0.0164,0.1523,16000,1024,418.86,0.9635,0.0313,0.0043,0.0009
2026-08-27T20:38:40.163+02:00,1000,1024,1024,1056,40,284,0,2676,0,217,0,0.0234,0.0194,0.0339,0.0895,0.0616,0.1091,3.185,2.835,2.895,34.69,130.21,48.42,0.0087,0.0077,0.0121,226.73,14.98,37.58,0.0064,0.0064,0.0118,41.34,68.72,106.35,0.0063,0.0056,0.0094,16000,1024,377.33,0.9283,0.0538,0.0159,0.0019
2026-08-27T20:39:10.165+02:00,1000,1024,1024,1056,40,284,0,2676,0,217,0,0.0224,0.0207,0.0455,0.0869,0.0637,0.7088,2.875,2.851,113.504,151.4,217.94,271.58,0.0073,0.006,0.0091,61.16,20.33,87.73,0.0075,0.0058,0.0091,52.56,55.02,92.58,0.0065,0.0058,0.0085,16000,1024,395.71,0.963,0.027,0.0087,0.0012
2026-08-27T20:39:40.163+02:00,1000,1024,1024,1056,40,284,0,2676,0,217,0,0.0243,0.0204,0.0327,0.08,0.0628,0.1071,2.895,2.84,3.021,9.85,78.16,17.4,0.0076,0.0065,0.0122,30.12,174.78,22.47,0.0071,0.0057,0.0099,190.53,207.71,59.13,0.0068,0.0055,0.0094,16000,1024,432.19,0.9356,0.0476,0.0153,0.0015
2026-08-27T20:40:40.165+02:00,1000,1024,1024,1056,41,285,0,2678,0,217,0,0.0232,0.021,0.0315,0.0828,0.0838,0.1056,3.168,3.237,2.964,73.47,102.28,137.39,0.007,0.0074,0.0096,56.14,16.88,158.73,0.0069,0.0069,0.0095,14.06,54.05,18.96,0.0068,0.0065,0.0102,16000,1024,430.47,0.9049,0.0786,0.0146,0.002
2026-08-27T20:41:10.164+02:00,1000,1024,1024,1056,41,286,1,2679,0,217,0,0.0215,0.0222,0.0331,0.0703,0.0675,0.1119,2.934,2.864,3.064,57.68,136.68,40.44,0.0069,0.0083,0.0113,50.77,40.55,53.09,0.0064,0.0076,0.0102,1.73,69.07,31.19,0.006,0.007,0.0095,16000,1024,707.02,0.9822,0.0135,0.0038,0.0005
2026-08-27T20:41:40.165+02:00,1000,1024,1024,1056,41,286,0,2679,0,217,0,0.0224,0.0204,0.0318,0.069,0.0635,0.0974,2.887,3.143,2.893,109.34,43.99,189.73,0.0073,0.0066,0.009,78.02,60.82,122.65,0.0063,0.0067,0.0096,58.14,73.75,195.9,0.0065,0.0075,0.0096,16000,1024,540.82,0.9818,0.0137,0.004,0.0006
2026-08-27T20:42:10.165+02:00,1000,1024,1024,1056,41,288,0,2679,0,217,0,0.0222,0.0209,0.0312,0.0682,0.0652,0.1014,2.962,2.774,2.74,130.62,83.66,26.84,0.0084,0.0081,0.0115,37.06,18.28,9.96,0.0062,0.0064,0.0098,67.37,119.58,182.61,0.0061,0.0058,0.0091,16000,1024,328.75,0.8949,0.0893,0.0144,0.0014
2026-08-27T20:42:40.165+02:00,1000,1024,1024,1056,41,288,1,2680,0,217,0,0.0243,0.0205,0.0458,0.0722,0.0708,0.676,2.838,3.098,95.679,106.29,167.73,40.32,0.0075,0.0071,0.0158,84.99,10.86,62.57,0.0074,0.0066,0.0149,31.98,100.59,145.06,0.0077,0.0063,0.0154,16000,1024,436.01,0.9705,0.0211,0.0073,0.0012
2026-08-27T20:43:10.166+02:00,1000,1024,1024,1056,41,288,0,2680,0,217,0,0.0222,0.0281,0.1705,0.0674,0.1799,0.7107,2.795,6.925,11.362,46.68,174.02,338.84,0.0075,0.0086,0.0622,120.7,180.29,225.26,0.0067,0.0088,0.0536,108.62,113.45,263.7,0.0065,0.0071,0.0499,16000,1024,443.98,0.9753,0.0196,0.0044,0.0006
2026-08-27T20:43:40.166+02:00,1000,1024,1024,1056,41,289,0,2680,0,217,0,0.0224,0.0217,0.0313,0.0703,0.0691,0.1126,2.999,2.86,2.818,36.46,13.59,127.68,0.0066,0.0089,0.0098,225.83,129.78,36.13,0.0065,0.0076,0.0086,54.5,287.15,134.61,0.0059,0.0064,0.0085,16000,1024,636.52,0.9561,0.0361,0.0068,0.001
2026-08-27T20:44:10.166+02:00,1000,1024,1024,1056,41,289,0,2680,0,217,0,0.0224,0.0222,0.0584,0.0649,0.0953,0.7436,2.789,3.221,96.837,132.29,98.3,91.16,0.0083,0.0085,0.0212,36.4,66.22,66.07,0.0076,0.0066,0.0196,6.83,19.73,16.91,0.0071,0.0063,0.0194,16000,1024,948.56,0.9896,0.0074,0.0027,0.0004
2026-08-27T20:44:40.168+02:00,1000,1024,1024,1056,41,289,0,2680,0,217,0,0.024,0.0524,0.4671,0.0834,0.2317,1.26,2.923,2.981,2.486,222.96,490.41,490.29,0.0074,0.0196,0.1827,110.17,435.19,435.2,0.0065,0.0186,0.1755,45.18,255.87,255.72,0.0067,0.0171,0.1609,16000,1024,520.63,0.9011,0.0763,0.0209,0.0017
2026-08-27T20:45:10.167+02:00,1000,1024,1024,1056,41,289,0,2680,0,217,0,0.023,0.0209,0.0295,0.0782,0.0598,0.0812,2.946,2.819,2.51,51.79,41.87,26.45,0.0062,0.0072,0.0101,18.57,23.81,56.74,0.0061,0.0061,0.0087,96.9,183.65,74.19,0.006,0.0053,0.0083,16000,1024,476.13,0.9502,0.0437,0.0052,0.0009
2026-08-27T20:45:40.169+02:00,1000,1024,1024,1056,41,289,0,2680,0,217,0,0.0218,0.0214,0.0306,0.0767,0.0684,0.13,2.991,3.128,3.246,148.83,142.61,97.07,0.0073,0.0067,0.0101,37.92,295.59,116.9,0.007,0.0063,0.0099,184.29,56.52,88.73,0.0062,0.0059,0.0093,16000,1024,529.0,0.9759,0.0151,0.0081,0.0008
2026-08-27T20:46:10.171+02:00,1000,1024,1024,1056,41,289,0,2680,0,217,0,0.0224,0.0209,0.0447,0.0741,0.0983,0.6696,2.976,3.399,93.365,22.42,133.92,151.65,0.0083,0.0052,0.0104,61.52,215.55,82.71,0.007,0.0051,0.01,9.05,4.53,30.65,0.0066,0.0051,0.0098,16000,1024,554.5,0.9716,0.0208,0.0064,0.0011
2026-08-27T20:46:40.170+02:00,1000,1024,1024,1056,41,290,0,2680,0,217,0,0.0224,0.0209,0.0317,0.0723,0.0725,0.1071,2.896,2.84,3.113,79.22,42.12,48.85,0.0071,0.0064,0.0088,68.98,83.61,5.15,0.007,0.0062,0.0087,14.6,66.8,107.83,0.0057,0.006,0.009,16000,1024,463.28,0.9671,0.0247,0.0073,0.0009
2026-08-27T20:47:10.170+02:00,1000,1024,1024,1056,41,290,0,2680,0,217,0,0.0241,0.0309,0.209,0.0856,0.0977,0.6559,2.913,3.376,6.086,37.57,402.05,402.06,0.0093,0.0148,0.1232,92.62,200.95,200.99,0.0071,0.0114,0.1004,107.83,49.63,339.8,0.0073,0.0107,0.0826,16000,1024,509.05,0.973,0.0213,0.0048,0.0009
2026-08-27T20:47:40.174+02:00,1000,1024,1026,1058,41,291,2,2682,0,217,0,0.0233,0.0209,0.047,0.0761,0.0908,0.6973,3.255,3.675,94.775,127.15,103.49,12.51,0.007,0.009,0.0123,91.62,84.44,83.95,0.0067,0.0062,0.0107,231.6,41.79,136.55,0.006,0.0058,0.0095,16000,1024,530.25,0.9721,0.0226,0.0047,0.0006
2026-08-27T20:48:10.170+02:00,1000,1024,1024,1056,41,291,1,2683,0,217,0,0.0237,0.0513,0.4815,0.0722,0.1687,1.5886,2.944,2.751,2.722,27.11,121.27,121.4,0.0088,0.0189,0.1989,118.49,250.03,249.98,0.0084,0.0181,0.1625,14.61,206.61,25.37,0.0073,0.0173,0.1558,16000,1024,765.6,0.9233,0.0593,0.0147,0.0028
2026-08-27T20:48:40.170+02:00,1000,1024,1024,1056,41,291,0,2683,0,217,0,0.0219,0.0225,0.0563,0.0768,0.0923,0.7023,3.189,3.659,86.871,5.88,73.14,18.99,0.0062,0.0077,0.0149,88.6,125.21,117.56,0.0061,0.0064,0.0124,248.87,183.96,222.24,0.0058,0.0063,0.0132,16000,1024,597.56,0.9878,0.0094,0.0024,0.0004
2026-08-27T20:49:10.172+02:00,1000,1024,1024,1056,41,291,3,2686,0,217,0,0.0222,0.0219,0.0431,0.0883,0.0677,0.5658,3.328,2.817,57.556,98.95,75.38,171.91,0.0084,0.0073,0.01,127.85,53.85,17.56,0.0066,0.0059,0.01,2.83,254.54,22.24,0.0066,0.0057,0.0103,16000,1024,629.48,0.9696,0.0259,0.0041,0.0005
2026-08-27T20:49:40.171+02:00,1000,1024,1024,1056,41,291,1,2687,0,217,0,0.0223,0.021,0.0309,0.0721,0.0724,0.0998,2.879,3.073,2.867,21.42,77.37,70.99,0.0085,0.007,0.0096,253.25,56.43,127.38,0.006,0.0059,0.0092,71.97,38.51,62.34,0.0061,0.006,0.008,16000,1024,384.47,0.9604,0.0337,0.0051,0.0009
2026-08-27T20:50:10.173+02:00,1000,1024,1024,1056,41,291,0,2687,0,217,0,0.0218,0.0195,0.0425,0.0676,0.0895,0.605,2.992,3.698,78.45,108.21,52.84,111.26,0.0073,0.0077,0.0096,140.63,146.87,3.69,0.006,0.0065,0.0098,75.36,80.72,36.44,0.0058,0.0062,0.0093,16000,1024,596.32,0.9745,0.0188,0.0058,0.0008
2026-08-27T20:50:40.174+02:00,1000,1024,1024,1056,41,291,0,2687,0,217,0,0.0228,0.032,0.2134,0.0837,0.0978,0.6518,3.283,3.313,5.974,17.82,336.25,336.17,0.0061,0.0106,0.0915,25.71,490.11,490.01,0.0059,0.0093,0.0844,114.75,65.24,169.68,0.0061,0.0092,0.0808,16000,1024,391.86,0.9515,0.0393,0.0079,0.0013
2026-08-27T20:51:10.172+02:00,1000,1024,1024,1056,41,291,1,2688,0,217,0,0.0231,0.0448,0.3987,0.0664,0.166,1.5096,2.783,4.299,4.879,23.45,13.58,13.58,0.0091,0.0193,0.2085,8.09,8.7,8.7,0.0067,0.0164,0.1756,99.01,56.65,69.21,0.0062,0.014,0.1146,16000,1024,900.59,0.9716,0.0229,0.0049,0.0007
2026-08-27T20:51:40.172+02:00,1000,1024,1024,1056,41,291,0,2688,0,217,0,0.0213,0.0224,0.2466,0.0667,0.0721,1.5228,2.937,2.727,12.674,13.68,15.2,1.46,0.0065,0.0076,0.1243,42.93,29.26,8.0,0.0059,0.0071,0.1025,125.98,128.86,16.47,0.0058,0.0065,0.0857,16000,1024,393.81,0.9521,0.0381,0.0088,0.0011
2026-08-27T20:52:10.174+02:00,1000,1024,1024,1056,41,291,0,2688,0,217,0,0.0237,0.0206,0.1045,0.0828,0.0615,1.3801,3.283,2.93,77.21,113.43,39.3,2.2,0.0081,0.0065,0.046,40.23,117.84,26.03,0.0078,0.0065,0.0361,179.11,33.89,278.07,0.0082,0.0064,0.0361,16000,1024,751.0,0.967,0.0245,0.0071,0.0015
2026-08-27T20:52:40.174+02:00,1000,1024,1024,1056,41,291,0,2688,0,217,0,0.0239,0.0202,0.0297,0.0754,0.0652,0.0977,3.049,3.053,3.051,100.22,225.72,159.94,0.009,0.0074,0.0083,194.21,175.93,61.05,0.007,0.0069,0.0094,122.08,86.45,218.05,0.0067,0.0067,0.0076,16000,1024,385.58,0.9282,0.0571,0.0131,0.0015
2026-08-27T20:53:10.175+02:00,1000,1024,1024,1056,41,291,1,2689,1,218,0,0.0235,0.0214,0.0309,0.0675,0.0697,0.0971,2.76,3.027,2.919,29.57,67.57,40.0,0.0081,0.0067,0.0084,203.91,112.86,56.69,0.0068,0.0069,0.0083,168.75,164.2,49.03,0.0065,0.0059,0.0081,16000,1024,356.83,0.9391,0.0477,0.0115,0.0017
2026-08-27T20:53:40.174+02:00,1000,1024,1024,1056,41,291,0,2689,0,218,0,0.024,0.0205,0.0308,0.1078,0.0792,0.1036,3.424,3.37,2.923,6.62,141.47,46.7,0.0074,0.0076,0.0095,199.82,187.51,167.93,0.007,0.0064,0.0079,170.94,114.82,136.1,0.0063,0.0064,0.0087,16000,1024,408.82,0.9821,0.0105,0.0064,0.001
2026-08-27T20:54:10.174+02:00,1000,1024,1024,1056,41,291,0,2689,0,218,0,0.0226,0.0202,0.0317,0.0703,0.0654,0.0959,3.08,2.779,2.907,52.09,59.45,18.88,0.0071,0.0058,0.0108,132.32,136.78,36.27,0.0072,0.0057,0.0098,26.95,8.84,119.93,0.0065,0.0053,0.0089,16000,1024,451.44,0.9436,0.0435,0.0117,0.0012
2026-08-27T20:54:40.176+02:00,1000,1024,1024,1056,41,291,0,2689,0,218,0,0.0238,0.021,0.0304,0.0834,0.0737,0.0908,3.206,3.353,2.749,55.24,105.65,40.3,0.008,0.0066,0.0106,66.93,60.12,81.31,0.0074,0.0064,0.0101,151.04,69.01,206.43,0.0074,0.0061,0.0097,16000,1024,798.51,0.9598,0.035,0.0045,0.0008
2026-08-27T20:55:10.175+02:00,1000,1024,1024,1056,41,291,0,2689,0,218,0,0.0235,0.0214,0.1282,0.0718,0.0595,1.2351,3.07,2.614,49.618,87.64,113.99,2.07,0.0094,0.0067,0.0437,140.52,38.02,8.77,0.0072,0.0062,0.0414,9.96,126.71,45.45,0.0069,0.0062,0.0324,16000,1024,552.75,0.929,0.0606,0.0091,0.0012
2026-08-27T20:55:40.177+02:00,1000,1024,1024,1056,41,291,0,2689,0,218,0,0.0238,0.0206,0.0413,0.078,0.0625,0.5507,2.886,2.701,61.586,15.78,2.69,110.32,0.0093,0.0076,0.0153,84.93,216.2,62.56,0.0065,0.0072,0.0137,35.26,18.36,135.49,0.0065,0.0061,0.0131,16000,1024,853.86,0.9907,0.008,0.0011,0.0002
2026-08-27T20:56:10.176+02:00,1000,1024,1024,1056,41,292,0,2689,0,218,0,0.0238,0.0193,0.0302,0.0744,0.0543,0.0927,2.815,2.816,2.797,41.85,166.63,86.73,0.0085,0.0069,0.0094,4.36,36.75,134.76,0.0082,0.0063,0.0089,142.05,80.35,183.05,0.0083,0.0058,0.0113,16000,1024,794.68,0.9657,0.0232,0.0099,0.0012
2026-08-27T20:56:40.177+02:00,1000,1024,1024,1056,41,292,0,2689,0,218,0,0.0224,0.0521,0.4513,0.0747,0.173,1.6006,2.809,2.687,2.855,74.21,453.78,453.66,0.0082,0.0184,0.1842,40.78,31.31,173.56,0.0073,0.0177,0.1428,160.49,435.34,83.47,0.0065,0.0163,0.1446,16000,1024,566.11,0.9747,0.0222,0.0026,0.0005
2026-08-27T20:57:10.176+02:00,1000,1024,1024,1056,41,293,0,2689,0,218,0,0.0232,0.0196,0.0296,0.0683,0.0694,0.0967,2.969,2.958,3.159,171.19,36.33,58.82,0.0078,0.0069,0.0106,90.89,40.63,227.7,0.0066,0.0063,0.0087,40.5,198.87,1.46,0.0067,0.006,0.0112,16000,1024,322.66,0.9137,0.0753,0.0098,0.0012
2026-08-27T20:57:40.177+02:00,1000,1024,1024,1056,41,293,1,2690,0,218,0,0.0232,0.0209,0.0476,0.0719,0.0824,0.7172,2.765,3.282,95.056,80.6,60.44,4.99,0.0079,0.0067,0.0141,272.79,5.84,147.11,0.0072,0.0065,0.0146,10.21,78.99,52.03,0.0078,0.0058,0.0137,16000,1024,402.06,0.9656,0.0266,0.0065,0.0013
2026-08-27T20:58:10.179+02:00,1000,1024,1024,1056,41,293,0,2690,0,218,0,0.024,0.0196,0.0319,0.0746,0.0582,0.1028,2.895,2.841,2.992,130.6,45.2,70.01,0.008,0.0063,0.0116,42.68,197.09,109.7,0.0079,0.0059,0.0101,163.81,172.03,38.32,0.0074,0.0058,0.0093,16000,1024,761.69,0.9904,0.006,0.0032,0.0003
2026-08-27T20:58:40.178+02:00,1000,1024,1024,1056,41,293,0,2690,0,218,0,0.0226,0.0208,0.0319,0.0821,0.0683,0.0999,3.154,3.058,3.042,102.49,218.57,90.8,0.0073,0.0069,0.011,71.38,27.84,81.36,0.0073,0.0068,0.0103,107.24,206.27,115.54,0.0069,0.006,0.0096,16000,1024,495.31,0.971,0.024,0.0043,0.0008
2026-08-27T20:59:10.178+02:00,1000,1024,1024,1056,41,293,0,2690,0,218,0,0.0226,0.0195,0.0329,0.0733,0.0585,0.1026,2.938,2.931,2.854,61.23,10.16,106.65,0.0077,0.0071,0.0097,39.11,169.2,12.55,0.0072,0.0058,0.0096,287.76,136.26,77.57,0.0065,0.0058,0.0096,16000,1024,263.1,0.8908,0.0892,0.0172,0.0028
2026-08-27T20:59:40.180+02:00,1000,1024,1024,1056,41,293,0,2690,0,218,0,0.0229,0.0204,0.0314,0.0788,0.0688,0.088,2.71,2.878,2.756,8.73,46.27,93.6,0.0075,0.0064,0.0124,168.03,76.59,260.98,0.0066,0.0062,0.0079,4.08,81.09,8.53,0.0061,0.0055,0.0078,16000,1024,326.83,0.9015,0.0662,0.0303,0.002
2026-08-27T21:00:10.179+02:00,1000,1024,1024,1056,41,294,5,2695,0,218,0,0.0239,0.0308,0.1841,0.1006,0.1032,0.7157,3.442,3.529,9.215,54.68,13.88,338.02,0.0071,0.0087,0.0496,96.14,197.34,161.32,0.0078,0.0071,0.0451,48.75,114.83,499.36,0.0064,0.0078,0.0456,16000,1024,314.5,0.9418,0.0451,0.0116,0.0015
2026-08-27T21:00:40.181+02:00,1000,1024,1024,1056,41,294,1,2696,1,219,0,0.0235,0.022,0.0306,0.0956,0.0881,0.1007,3.105,3.963,3.21,48.78,86.8,53.53,0.0077,0.007,0.012,108.58,73.01,26.88,0.0074,0.0069,0.0108,87.44,143.75,182.32,0.0075,0.0066,0.0085,16000,1024,767.35,0.9802,0.015,0.0043,0.0005
2026-08-27T21:01:10.181+02:00,1000,1024,1024,1056,41,294,0,2696,0,219,0,0.0226,0.0214,0.0423,0.0821,0.0999,0.6136,2.98,3.801,89.153,42.92,44.69,9.74,0.0079,0.0064,0.0157,65.57,24.6,244.32,0.007,0.0062,0.0143,142.45,3.66,104.35,0.0066,0.0063,0.014,16000,1024,761.53,0.9851,0.0134,0.0012,0.0003
2026-08-27T21:01:40.184+02:00,1000,1024,1024,1056,41,294,2,2698,0,219,0,1.5697,0.2256,0.3081,2.3341,0.3899,1.772,1.504,1.441,8.894,49.04,49.02,8.24,2.1142,0.2963,0.1167,54.4,147.15,24.33,0.1739,0.0475,0.0899,42.63,41.77,34.77,0.1704,0.0268,0.0896,16000,1024,455.73,0.895,0.0836,0.0139,0.0075
2026-08-27T21:02:10.182+02:00,1000,1024,1024,1056,41,294,0,2698,0,219,0,1.2523,0.2245,0.0667,1.9072,0.3772,0.7379,1.534,1.505,29.724,49.26,49.27,49.25,1.8305,0.3276,0.0637,147.77,147.74,100.26,0.0566,0.0413,0.0239,98.6,100.02,178.84,0.0341,0.0208,0.0144,16000,1024,600.46,0.838,0.1551,0.0043,0.0025
2026-08-27T21:02:40.182+02:00,1000,1024,1024,1056,41,295,1,2699,1,220,0,1.2265,0.2305,0.0612,1.8249,0.3994,0.596,1.528,1.561,32.04,49.4,49.41,49.32,1.7796,0.3322,0.035,148.19,148.18,99.11,0.048,0.0396,0.0323,98.75,100.23,197.93,0.0317,0.0196,0.0161,16000,1024,473.94,0.812,0.1712,0.0132,0.0036
2026-08-27T21:03:10.182+02:00,1000,1024,1024,1056,41,295,4,2703,1,221,0,1.2412,0.2463,0.4149,1.8422,0.6255,1.4383,1.531,1.596,3.727,49.48,49.47,49.3,1.6894,0.3273,0.1782,37.07,99.01,192.94,0.1309,0.0397,0.1572,25.61,38.87,412.3,0.1267,0.0308,0.1344,16000,1024,572.39,0.9013,0.0868,0.0102,0.0017
2026-08-27T21:03:40.181+02:00,1000,1024,1024,1056,41,295,1,2704,0,221,0,1.2577,0.239,0.3017,1.8988,0.4178,1.5651,1.525,1.544,7.673,49.4,49.4,9.87,1.8161,0.3409,0.1534,148.18,148.13,43.78,0.0509,0.0374,0.0866,98.78,98.61,61.75,0.0315,0.0159,0.0874,16000,1024,730.35,0.8538,0.1368,0.0075,0.002
2026-08-27T21:04:10.182+02:00,1000,1024,1024,1056,41,295,0,2704,0,221,0,1.2268,0.2306,0.0459,1.8483,0.3843,0.1519,1.532,1.541,2.84,49.39,49.38,49.45,1.7891,0.3349,0.0363,148.16,148.36,99.15,0.0498,0.0388,0.0319,98.99,99.62,148.19,0.0398,0.0212,0.0196,16000,1024,551.43,0.7856,0.1928,0.0158,0.0058
2026-08-27T21:04:40.183+02:00,1000,1024,1024,1056,41,295,0,2704,0,221,0,1.2343,0.2302,0.0497,1.8802,0.3767,0.1623,1.531,1.525,3.09,49.35,49.35,49.43,1.8128,0.3357,0.0428,148.02,148.13,98.58,0.052,0.0359,0.0217,98.86,99.69,148.29,0.036,0.0252,0.0167,16000,1024,569.82,0.8483,0.1426,0.0072,0.002
2026-08-27T21:05:10.184+02:00,1000,1024,1024,1056,41,295,0,2704,0,221,0,1.2793,0.225,0.1484,2.2344,0.3857,1.4685,1.54,1.539,31.729,49.33,49.33,49.28,1.8644,0.3299,0.0511,148.0,148.1,98.94,0.0544,0.0359,0.0267,98.71,100.32,147.96,0.035,0.0123,0.0174,16000,1024,395.49,0.6928,0.2772,0.0222,0.0077
2026-08-27T21:05:40.185+02:00,1000,1024,1024,1056,41,295,0,2704,0,221,0,1.304,0.2255,0.0514,1.9628,0.3796,0.1672,1.531,1.536,2.806,49.35,49.36,49.34,1.9015,0.3273,0.0479,148.11,148.24,148.04,0.0568,0.0318,0.0297,98.75,100.28,99.28,0.0337,0.0184,0.0259,16000,1024,702.73,0.7449,0.2458,0.007,0.0024
2026-08-27T21:06:10.183+02:00,1000,1024,1024,1056,41,295,0,2704,0,221,0,1.2853,0.2209,0.0537,1.9446,0.3624,0.1576,1.535,1.51,2.739,49.32,49.31,49.3,1.8916,0.3218,0.0533,147.96,147.86,98.41,0.0531,0.0276,0.0216,98.65,99.4,147.86,0.0348,0.0165,0.0189,16000,1024,886.1,0.8888,0.1012,0.0075,0.0026
2026-08-27T21:06:40.184+02:00,1000,1024,1024,1056,41,295,0,2704,0,221,0,1.3257,0.2188,0.0539,2.0093,0.3718,0.1677,1.539,1.499,2.845,49.23,49.23,49.18,1.927,0.3136,0.0553,147.62,147.55,98.3,0.0529,0.0299,0.0175,98.54,99.35,147.93,0.0396,0.0211,0.0194,16000,1024,520.08,0.5742,0.4084,0.0135,0.0039
2026-08-27T21:07:10.185+02:00,1000,1024,1024,1056,41,295,0,2704,0,221,0,1.3517,0.2182,0.0564,2.0465,0.3641,0.1855,1.539,1.497,2.831,49.29,49.3,49.29,1.9841,0.3191,0.0622,147.9,147.69,98.46,0.057,0.0275,0.0283,98.57,99.8,148.27,0.0425,0.0203,0.0145,16000,1024,581.67,0.6782,0.3094,0.0092,0.0031
2026-08-27T21:07:40.186+02:00,1000,1024,1024,1056,41,295,0,2704,0,221,0,1.3862,0.2156,0.0598,2.089,0.359,0.2012,1.534,1.483,2.848,49.27,49.27,49.31,2.0314,0.3115,0.0651,147.78,147.7,98.4,0.0575,0.0249,0.0276,98.57,99.32,197.17,0.0404,0.0183,0.0151,16000,1024,715.14,0.8291,0.1605,0.0075,0.003
2026-08-27T21:08:10.185+02:00,1000,1024,1024,1056,41,295,0,2704,0,221,0,1.3949,0.2169,0.0586,2.0931,0.3602,0.1704,1.536,1.478,2.58,49.26,49.27,49.21,2.033,0.3144,0.0619,147.72,147.73,98.57,0.0588,0.0267,0.0261,98.39,100.21,147.85,0.0405,0.018,0.0172,16000,1024,566.63,0.4604,0.5154,0.0199,0.0043
2026-08-27T21:08:40.185+02:00,1000,1024,1024,1056,41,295,0,2704,0,221,0,1.4011,0.2143,0.0622,2.1125,0.3692,0.1762,1.539,1.47,2.586,49.24,49.23,49.24,2.0361,0.3086,0.0709,147.74,147.85,98.86,0.0647,0.0312,0.0294,98.42,100.14,147.71,0.0435,0.019,0.0205,16000,1024,472.97,0.7524,0.233,0.0109,0.0036
2026-08-27T21:09:10.186+02:00,1000,1024,1024,1056,41,295,1,2705,0,221,0,1.405,0.2181,0.1724,2.0999,0.3777,0.6859,1.535,1.475,9.651,49.24,49.25,334.9,1.9849,0.3056,0.0552,147.77,147.62,99.83,0.0766,0.0299,0.0545,55.78,100.11,177.84,0.0556,0.0191,0.0534,16000,1024,807.2,0.9,0.0934,0.0052,0.0013
2026-08-27T21:09:40.187+02:00,1000,1024,1024,1056,41,295,0,2705,0,221,0,1.4278,0.2156,0.1531,2.1488,0.3614,0.6987,1.528,1.448,12.729,49.25,49.26,316.48,2.0821,0.3105,0.0609,147.74,147.71,335.13,0.0657,0.0315,0.0551,98.54,99.43,429.79,0.0461,0.0204,0.0539,16000,1024,549.36,0.7394,0.2452,0.0116,0.0038
2026-08-27T21:10:10.187+02:00,1000,1024,1024,1056,41,295,0,2705,0,221,0,1.4523,0.2121,0.0618,2.172,0.3584,0.1817,1.536,1.461,2.589,49.22,49.22,49.24,2.11,0.3013,0.0689,147.68,147.7,98.81,0.0677,0.0294,0.0293,98.55,99.83,147.71,0.0446,0.0203,0.0204,16000,1024,580.08,0.7927,0.1882,0.0153,0.0038
2026-08-27T21:10:40.188+02:00,1000,1024,1024,1056,41,295,0,2705,0,221,0,1.4835,0.2123,0.0717,2.1968,0.3557,0.6669,1.53,1.471,16.706,49.22,49.21,49.23,2.1573,0.3045,0.0686,147.65,147.74,98.51,0.0673,0.031,0.033,98.38,100.09,147.54,0.0428,0.0218,0.0244,16000,1024,517.86,0.8185,0.1665,0.0107,0.0043
2026-08-27T21:11:10.189+02:00,1000,1024,1024,1056,41,295,0,2705,0,221,0,1.4797,0.2134,0.0625,2.2184,0.3645,0.1719,1.534,1.472,2.626,49.21,49.22,49.22,2.1523,0.3075,0.0738,147.63,147.73,147.63,0.072,0.0345,0.026,98.4,99.9,98.63,0.045,0.0185,0.0201,16000,1024,478.07,0.7569,0.2227,0.0159,0.0045
2026-08-27T21:11:40.188+02:00,1000,1024,1024,1056,41,295,1,2706,0,221,0,1.4992,0.2084,0.0753,2.2518,0.3561,0.7978,1.532,1.467,26.543,49.2,49.18,49.1,2.083,0.2851,0.0733,37.01,147.67,98.3,0.1446,0.0331,0.0377,41.91,41.88,147.53,0.1429,0.0212,0.0316,16000,1024,487.75,0.6933,0.2888,0.0144,0.0036
2026-08-27T21:12:10.189+02:00,1000,1024,1024,1056,41,295,0,2706,0,221,0,1.5187,0.2115,0.0672,2.2948,0.3616,0.1902,1.526,1.472,2.656,49.19,49.19,49.22,2.2025,0.3017,0.0783,147.51,147.36,147.41,0.0727,0.0353,0.023,98.38,99.68,98.2,0.0425,0.0188,0.024,16000,1024,511.73,0.7216,0.2508,0.0218,0.0058
2026-08-27T21:12:40.188+02:00,1000,1024,1024,1056,41,295,0,2706,0,221,0,1.5334,0.2125,0.0649,2.2873,0.3524,0.1896,1.524,1.48,2.573,49.21,49.21,49.21,2.2212,0.3045,0.0741,147.62,147.75,98.76,0.0713,0.0378,0.0279,98.35,100.08,147.51,0.0381,0.0167,0.0217,16000,1024,429.25,0.7072,0.2645,0.0227,0.0056
2026-08-27T21:13:10.189+02:00,1000,1024,1024,1056,41,295,0,2706,0,221,0,1.5477,0.2299,0.4339,2.3303,0.4317,1.659,1.535,1.477,3.909,49.2,49.2,48.97,2.2526,0.3264,0.1628,147.53,147.47,484.89,0.0745,0.0457,0.1439,98.59,99.1,273.4,0.0447,0.0312,0.1225,16000,1024,402.38,0.6457,0.326,0.0228,0.0055
2026-08-27T21:13:40.190+02:00,1000,1024,1024,1056,41,295,0,2706,0,221,0,1.5619,0.2269,0.4243,2.3503,0.4154,1.4512,1.528,1.51,3.705,49.19,49.19,61.77,2.2543,0.316,0.1732,147.53,147.62,49.02,0.0806,0.0385,0.1526,98.26,98.21,466.98,0.0426,0.0314,0.1268,16000,1024,451.2,0.7413,0.2365,0.0158,0.0064
2026-08-27T21:14:10.189+02:00,1000,1024,1024,1056,41,295,0,2706,0,221,0,1.5697,0.2126,0.1733,2.3538,0.3653,0.6957,1.528,1.48,9.335,49.09,49.07,431.69,2.2353,0.2977,0.067,147.16,147.22,196.34,0.0808,0.038,0.0647,53.26,99.5,203.01,0.0573,0.019,0.0607,16000,1024,583.87,0.8253,0.1549,0.0162,0.0036
2026-08-27T21:14:40.192+02:00,1000,1024,1024,1056,41,295,0,2706,0,221,0,1.5912,0.2111,0.0672,2.371,0.3543,0.2051,1.534,1.475,2.593,49.21,49.2,49.22,2.317,0.3041,0.0805,147.55,147.67,147.46,0.079,0.0356,0.0238,98.57,99.69,98.35,0.0448,0.0183,0.0201,16000,1024,749.07,0.8747,0.1164,0.007,0.0019
2026-08-27T21:15:10.192+02:00,1000,1024,1024,1056,41,296,1,2707,0,221,0,1.6161,0.2087,0.0692,2.552,0.364,0.2232,1.534,1.476,2.676,49.19,49.18,49.21,2.2708,0.2899,0.0839,41.13,147.58,147.52,0.1248,0.0401,0.0287,35.72,34.99,98.45,0.1224,0.0172,0.028,16000,1024,432.03,0.6212,0.3523,0.0181,0.0084
2026-08-27T21:15:40.191+02:00,1000,1024,1024,1056,41,296,2,2709,0,221,0,1.6327,0.2111,0.1786,2.4106,0.3793,0.7157,1.535,1.483,8.94,49.14,49.13,320.31,2.1081,0.2694,0.0746,27.96,147.53,339.85,0.225,0.0363,0.074,54.2,30.24,174.26,0.1924,0.0277,0.0691,16000,1024,674.42,0.8887,0.0969,0.0104,0.004
2026-08-27T21:16:10.193+02:00,1000,1024,1024,1056,41,296,0,2709,0,221,0,1.618,0.2101,0.0715,2.4123,0.355,0.1929,1.525,1.483,2.586,49.16,49.16,49.15,2.3324,0.2973,0.0841,147.52,147.47,147.67,0.0823,0.0408,0.031,98.27,100.3,98.36,0.0438,0.0139,0.0229,16000,1024,776.25,0.8843,0.1019,0.0111,0.0027
2026-08-27T21:16:40.196+02:00,1000,1024,1024,1056,41,296,0,2709,0,221,0,1.6438,0.209,0.0737,2.446,0.3545,0.2164,1.533,1.483,2.522,49.06,49.06,48.98,2.3292,0.2915,0.0838,147.14,147.09,147.14,0.0897,0.0387,0.0247,53.35,99.7,98.13,0.0571,0.0195,0.0256,16000,1024,676.32,0.9159,0.0733,0.0089,0.0019
2026-08-27T21:17:10.193+02:00,1000,1024,1024,1056,41,296,2,2711,0,221,0,1.6695,0.2101,0.0771,2.5252,0.3606,0.2096,1.537,1.501,2.32,49.14,49.14,49.14,2.3279,0.2871,0.0873,43.06,147.41,98.54,0.0875,0.0376,0.0301,147.31,100.01,147.27,0.0827,0.0176,0.0274,16000,1024,573.8,0.8736,0.1084,0.0138,0.0042
2026-08-27T21:17:40.194+02:00,1000,1024,1024,1056,41,297,4,2715,0,221,0,1.6516,0.2088,0.0734,2.6619,0.3706,0.2069,1.547,1.51,2.623,49.19,49.19,49.16,2.3821,0.2987,0.0864,147.53,147.42,147.62,0.0827,0.0413,0.0306,98.38,99.85,98.29,0.0431,0.0188,0.0279,16000,1024,770.37,0.9275,0.0644,0.006,0.0021
2026-08-27T21:18:10.198+02:00,1000,1024,1024,1056,41,297,0,2715,0,221,0,1.6797,0.2187,0.3188,2.4922,0.3867,1.8716,1.533,1.491,10.305,49.19,49.18,9.71,2.4318,0.3089,0.1614,147.52,147.59,98.89,0.0898,0.0479,0.0849,98.37,100.0,43.34,0.0442,0.0207,0.0827,16000,1024,803.01,0.9106,0.075,0.012,0.0024
2026-08-27T21:18:40.193+02:00,1000,1024,1024,1056,41,297,1,2716,0,221,0,1.6761,0.2268,0.4095,2.4817,0.4152,1.4809,1.541,1.464,4.121,49.18,49.19,162.06,2.421,0.3184,0.1354,147.47,147.37,5.02,0.0933,0.0516,0.1306,98.33,196.54,460.54,0.0467,0.0264,0.1308,16000,1024,588.46,0.8547,0.1338,0.0091,0.0023
2026-08-27T21:19:10.195+02:00,1000,1024,1024,1056,41,297,0,2716,0,221,0,1.6833,0.2137,0.1725,2.5434,0.3998,0.7681,1.536,1.531,9.461,49.19,49.19,339.62,2.4282,0.3044,0.0792,147.49,147.67,488.47,0.09,0.0453,0.0633,98.28,100.16,171.88,0.0427,0.0237,0.0603,16000,1024,525.23,0.9024,0.0843,0.0115,0.0017
2026-08-27T21:19:40.195+02:00,1000,1024,1024,1056,41,297,0,2716,0,221,0,1.7107,0.2092,0.0878,2.5822,0.3704,0.6798,1.53,1.51,11.272,49.2,49.19,49.29,2.4788,0.2967,0.0887,147.52,147.49,147.4,0.0917,0.0452,0.0354,98.4,100.04,98.19,0.0514,0.0205,0.0249,16000,1024,715.18,0.8822,0.1077,0.0084,0.0016
2026-08-27T21:20:10.194+02:00,1000,1024,1024,1056,41,298,0,2716,0,221,0,1.6952,0.2237,0.4031,2.5445,0.413,1.7447,1.529,1.524,5.784,49.18,49.19,10.97,2.4472,0.3174,0.1659,147.48,147.48,2.32,0.0956,0.0445,0.1126,98.57,99.13,60.64,0.0446,0.0207,0.1063,16000,1024,1067.12,0.9094,0.0795,0.0087,0.0024
2026-08-27T21:20:40.194+02:00,1000,1024,1024,1056,41,299,0,2716,0,221,0,1.7056,0.2093,0.079,2.5458,0.3706,0.1942,1.531,1.493,2.277,49.17,49.17,49.21,2.4585,0.2971,0.0985,147.42,147.38,147.53,0.0934,0.0471,0.0285,98.43,99.84,98.36,0.047,0.0218,0.0269,16000,1024,642.68,0.8355,0.1485,0.0133,0.0028
2026-08-27T21:21:10.195+02:00,1000,1024,1024,1056,41,299,0,2716,0,221,0,1.7,0.2104,0.0977,2.5265,0.3654,1.3169,1.539,1.501,50.386,49.14,49.13,49.02,2.4513,0.297,0.0963,147.33,147.31,147.56,0.0939,0.0474,0.0336,98.32,99.73,25.42,0.0453,0.0233,0.0191,16000,1024,625.18,0.8262,0.1567,0.0148,0.0022
2026-08-27T21:21:40.195+02:00,1000,1024,1024,1056,41,299,0,2716,0,221,0,1.7294,0.2203,0.3655,2.6064,0.4154,1.8603,1.531,1.532,7.175,49.15,49.14,10.96,2.4793,0.3115,0.2034,147.38,147.49,109.99,0.0983,0.0452,0.1254,98.24,100.04,158.96,0.0459,0.017,0.1095,16000,1024,543.77,0.7208,0.2613,0.0146,0.0033
2026-08-27T21:22:10.197+02:00,1000,1024,1024,1056,41,299,0,2716,0,221,0,1.7045,0.2108,0.0852,2.5555,0.366,0.711,1.531,1.512,11.392,49.14,49.14,49.17,2.4476,0.2998,0.098,147.36,147.3,147.25,0.0934,0.0485,0.0268,98.17,100.16,98.47,0.0501,0.0145,0.0217,16000,1024,627.01,0.6888,0.2893,0.0172,0.0047
2026-08-27T21:22:40.197+02:00,1000,1024,1024,1056,41,299,1,2717,0,221,0,1.7193,0.2104,0.0823,2.5867,0.3756,0.5209,1.532,1.513,5.105,49.16,49.15,49.13,2.4254,0.2894,0.0949,147.36,147.51,147.37,0.1042,0.0482,0.0362,40.98,99.78,98.54,0.0676,0.0231,0.0288,16000,1024,538.9,0.7613,0.2103,0.0225,0.0059
2026-08-27T21:23:10.197+02:00,1000,1024,1024,1056,41,299,0,2717,0,221,0,1.7368,0.208,0.0852,2.575,0.3683,0.7243,1.529,1.517,11.985,49.06,49.07,49.05,2.4701,0.2921,0.0954,147.16,147.04,97.91,0.0936,0.0528,0.029,98.22,99.57,147.11,0.0476,0.0197,0.0272,16000,1024,497.42,0.8088,0.1667,0.0206,0.004
2026-08-27T21:23:40.198+02:00,1000,1024,1024,1056,41,299,0,2717,0,221,0,1.7408,0.2107,0.0803,2.602,0.3729,0.209,1.538,1.51,2.365,49.13,49.11,49.16,2.502,0.2981,0.1007,147.32,147.38,147.41,0.1011,0.0493,0.0349,98.17,100.19,98.66,0.052,0.023,0.0286,16000,1024,457.94,0.7407,0.238,0.0183,0.003
2026-08-27T21:24:10.199+02:00,1000,1024,1024,1056,41,300,0,2717,0,221,0,1.8044,0.2144,0.1853,2.6785,0.3613,0.7527,1.526,1.492,8.077,49.16,49.16,338.09,2.5987,0.3059,0.0769,147.39,147.51,48.92,0.0998,0.0485,0.0722,98.24,100.33,322.57,0.0505,0.0161,0.0698,16000,1024,580.84,0.79,0.1837,0.0227,0.0036
2026-08-27T21:24:40.198+02:00,1000,1024,1024,1056,41,301,1,2718,0,221,0,1.7999,0.2117,0.0838,2.6734,0.3963,0.217,1.531,1.523,2.33,49.1,49.09,49.1,2.4616,0.2871,0.0988,44.21,147.29,147.39,0.1556,0.0414,0.0297,38.27,99.51,98.06,0.1408,0.0215,0.0321,16000,1024,683.33,0.7572,0.2206,0.0195,0.0027
2026-08-27T21:25:10.200+02:00,1000,1024,1024,1056,41,301,0,2718,0,221,0,1.8131,0.2111,0.0871,2.6767,0.3637,0.5713,1.523,1.514,5.252,49.16,49.15,49.16,2.6122,0.2994,0.1014,147.42,147.52,147.42,0.0982,0.0475,0.0335,98.26,100.12,98.66,0.0523,0.0226,0.0321,16000,1024,691.25,0.7504,0.2214,0.0253,0.0028
2026-08-27T21:25:40.200+02:00,1000,1024,1024,1056,41,301,0,2718,0,221,0,1.806,0.2112,0.0801,2.6865,0.3684,0.1964,1.527,1.505,2.168,49.13,49.12,49.14,2.5976,0.299,0.0995,147.33,147.37,98.68,0.0961,0.0497,0.0296,98.16,99.9,147.44,0.0501,0.0212,0.0288,16000,1024,500.61,0.5485,0.4032,0.0437,0.0045
2026-08-27T21:26:10.199+02:00,1000,1024,1024,1056,41,301,2,2720,0,221,0,1.8343,0.2064,0.1443,3.3294,0.3781,1.0687,1.548,1.522,17.31,49.09,49.11,48.95,2.4453,0.2688,0.1094,53.22,147.51,471.35,0.2167,0.0466,0.0635,43.29,56.71,147.23,0.1952,0.0235,0.0555,16000,1024,692.28,0.7919,0.18,0.0252,0.0029
2026-08-27T21:26:40.199+02:00,1000,1024,1024,1056,41,302,0,2720,0,221,0,1.8144,0.2141,0.0834,2.7049,0.3669,0.2087,1.526,1.5,2.187,49.15,49.16,49.14,2.6098,0.3051,0.1034,147.4,147.31,147.36,0.0997,0.0467,0.033,98.32,100.04,98.19,0.0487,0.0187,0.0289,16000,1024,661.21,0.8259,0.1467,0.0234,0.004
2026-08-27T21:27:10.199+02:00,1000,1024,1024,1056,41,302,0,2720,0,221,0,1.8369,0.214,0.1976,2.7265,0.3611,0.7103,1.526,1.501,7.069,49.15,49.14,499.32,2.6467,0.3007,0.0765,147.39,147.39,49.3,0.1015,0.0431,0.0904,98.28,99.53,164.7,0.0478,0.0202,0.0771,16000,1024,652.01,0.84,0.1312,0.0261,0.0027
2026-08-27T21:27:40.200+02:00,1000,1024,1024,1056,41,302,1,2721,0,221,0,1.8531,0.2116,0.1024,2.7431,0.3793,0.7393,1.529,1.525,11.71,49.15,49.16,49.11,2.6786,0.3005,0.116,147.46,147.49,147.46,0.1004,0.0469,0.0359,98.26,100.1,98.88,0.0554,0.0202,0.0297,16000,1024,916.82,0.8578,0.1197,0.0202,0.0022
2026-08-27T21:28:10.202+02:00,1000,1024,1024,1056,41,302,0,2721,0,221,0,1.8484,0.2325,0.4136,2.7609,0.4276,1.7248,1.527,1.494,3.646,49.14,49.14,225.81,2.665,0.3232,0.147,147.34,147.27,23.71,0.102,0.0481,0.1426,98.3,98.37,289.32,0.0515,0.0288,0.1331,16000,1024,630.2,0.7918,0.1655,0.0396,0.0031
2026-08-27T21:28:40.201+02:00,1000,1024,1024,1056,41,302,2,2723,0,221,0,1.8351,0.235,0.4422,2.8847,0.4403,1.7429,1.538,1.543,3.801,49.14,49.13,49.17,2.5383,0.3183,0.1546,44.05,147.44,56.54,0.1818,0.046,0.1372,39.11,196.51,65.19,0.1691,0.0268,0.1329,16000,1024,506.11,0.7002,0.2521,0.0432,0.0045
2026-08-27T21:29:10.202+02:00,1000,1024,1024,1056,41,302,2,2725,0,221,0,1.8817,0.214,0.1004,2.7881,0.3879,0.6595,1.524,1.52,7.479,49.17,49.18,49.18,2.452,0.2756,0.1093,23.06,23.34,147.42,0.308,0.0419,0.0419,43.46,147.42,98.42,0.304,0.0398,0.0368,16000,1024,703.5,0.8399,0.1305,0.0277,0.0019
2026-08-27T21:30:10.203+02:00,1000,1024,1024,1056,42,302,0,2740,0,229,0,1.8968,0.2334,0.4263,2.7846,0.4396,1.6858,1.52,1.505,3.494,49.15,49.14,242.13,2.727,0.3253,0.1311,147.38,147.5,7.04,0.0994,0.0513,0.1289,98.24,196.44,134.08,0.0556,0.0198,0.1234,16000,1024,647.24,0.8402,0.1301,0.0277,0.0019
2026-08-27T21:30:40.204+02:00,1000,1024,1024,1056,42,302,0,2740,0,229,0,1.9205,0.2122,0.0908,2.8352,0.3801,0.2185,1.527,1.528,2.095,49.08,49.08,49.08,2.7503,0.2987,0.1152,147.16,147.13,147.03,0.0937,0.0418,0.0413,54.2,99.93,98.07,0.0438,0.0215,0.0252,16000,1024,482.11,0.5978,0.3385,0.0603,0.0034
2026-08-27T21:31:10.204+02:00,1000,1024,1024,1056,42,302,0,2740,0,229,0,1.9331,0.2109,0.2297,4.1571,0.3601,1.9378,1.551,1.558,24.319,49.14,49.14,49.13,2.7929,0.2925,0.1823,147.44,147.42,2.44,0.1114,0.0443,0.1075,100.53,53.48,12.2,0.0401,0.0151,0.0916,16000,1024,721.5,0.8152,0.1529,0.0298,0.0021
2026-08-27T21:31:40.205+02:00,1000,1024,1024,1056,42,303,0,2740,0,229,0,1.9227,0.2131,0.0996,2.835,0.3626,0.6899,1.521,1.497,9.126,49.15,49.15,49.11,2.7718,0.3022,0.1088,147.4,147.4,147.32,0.0989,0.0487,0.0449,98.33,99.89,196.56,0.0545,0.0231,0.0234,16000,1024,1027.64,0.837,0.1368,0.0239,0.0023
2026-08-27T21:32:10.206+02:00,1000,1024,1024,1056,42,303,0,2740,0,229,0,1.9399,0.2147,0.0916,2.8737,0.3769,0.2206,1.514,1.524,2.042,49.14,49.14,49.18,2.7801,0.3052,0.1146,147.39,147.39,98.44,0.0988,0.0491,0.0351,98.17,100.09,147.32,0.0574,0.0226,0.0277,16000,1024,624.07,0.7172,0.2441,0.0361,0.0025
2026-08-27T21:32:40.206+02:00,1000,1024,1024,1056,42,304,0,2740,0,229,0,1.954,0.213,0.0939,2.8683,0.3728,0.2167,1.519,1.491,1.981,49.16,49.15,49.15,2.8209,0.3009,0.1165,147.44,147.46,147.52,0.0962,0.052,0.0354,98.34,99.97,98.47,0.0517,0.0209,0.0309,16000,1024,634.37,0.6961,0.2615,0.0396,0.0029
2026-08-27T21:33:10.211+02:00,1000,1024,1024,1056,42,304,0,2740,0,229,0,1.9726,0.2133,0.0945,2.8745,0.3615,0.2195,1.514,1.512,1.937,49.17,49.17,49.17,2.8514,0.3044,0.1205,147.45,147.37,147.45,0.0935,0.0469,0.0327,98.46,100.0,98.28,0.0445,0.0206,0.0316,16000,1024,659.41,0.6008,0.3559,0.0395,0.0038
2026-08-27T21:33:40.205+02:00,1000,1024,1024,1056,42,304,0,2740,0,229,0,1.9757,0.2334,0.434,2.9129,0.4344,1.8011,1.521,1.537,3.933,49.15,49.15,49.24,2.8551,0.3236,0.1857,147.41,147.39,472.65,0.1002,0.0505,0.1315,98.19,98.26,211.0,0.056,0.021,0.1281,16000,1024,547.71,0.6113,0.3565,0.0298,0.0025
2026-08-27T21:34:10.226+02:00,1000,1024,1024,1056,42,304,0,2740,0,229,0,0.1607,0.0461,0.4069,0.6222,0.1764,1.8539,3.447,3.407,4.845,50.84,61.62,9.85,0.1466,0.0191,0.2235,10.21,10.76,3.57,0.0896,0.0167,0.1828,30.54,3.29,461.59,0.0579,0.0162,0.1116,16000,1024,310.32,0.9245,0.0549,0.0176,0.003
2026-08-27T21:34:40.206+02:00,1000,1024,1024,1056,42,305,0,2740,0,229,0,0.024,0.0443,0.4172,0.1064,0.1683,1.753,3.487,3.29,3.972,143.71,11.09,11.08,0.0071,0.0259,0.2484,111.06,2.69,2.52,0.0066,0.019,0.1661,2.9,278.7,278.67,0.0063,0.0144,0.1566,16000,1024,934.81,0.9799,0.0166,0.0029,0.0006
2026-08-27T21:35:10.208+02:00,1000,1024,1024,1056,42,305,1,2741,1,230,0,0.0231,0.0202,0.0316,0.0703,0.0792,0.1011,2.908,3.38,2.774,51.3,79.85,238.12,0.0066,0.0066,0.0103,19.48,106.78,168.25,0.006,0.0069,0.0099,123.9,128.9,61.82,0.0058,0.0063,0.0092,16000,1024,610.86,0.9689,0.0233,0.0065,0.0012
2026-08-27T21:35:40.208+02:00,1000,1024,1024,1056,42,305,0,2741,0,230,0,0.0245,0.02,0.0483,0.0832,0.0825,0.7325,3.04,3.245,104.187,212.91,40.15,100.37,0.0083,0.0058,0.0118,204.93,48.81,64.92,0.0068,0.0057,0.0124,9.61,155.47,48.59,0.0066,0.0056,0.0109,16000,1024,763.03,0.9491,0.0413,0.0081,0.0015
2026-08-27T21:36:10.207+02:00,1000,1024,1024,1056,42,306,1,2742,0,230,0,0.0243,0.0217,0.0328,0.094,0.0808,0.1376,3.456,3.246,3.364,58.75,15.54,92.1,0.0071,0.0078,0.0104,104.18,41.24,26.03,0.0069,0.0067,0.0101,51.74,67.39,120.19,0.0065,0.0064,0.0098,16000,1024,254.56,0.8757,0.0867,0.0332,0.0045
2026-08-27T21:36:40.207+02:00,1000,1024,1024,1056,42,306,0,2742,0,230,0,0.0245,0.021,0.0338,0.0722,0.0729,0.1188,2.765,2.894,2.996,15.53,7.78,97.41,0.0094,0.0078,0.011,47.64,83.59,2.74,0.008,0.0074,0.0104,84.83,52.54,37.64,0.0079,0.0061,0.0113,16000,1024,415.17,0.9654,0.029,0.0049,0.0007
2026-08-27T21:37:10.209+02:00,1000,1024,1024,1056,42,306,0,2742,0,230,0,0.0239,0.0188,0.0329,0.0835,0.0675,0.0959,3.088,3.164,2.804,132.4,75.35,13.8,0.0073,0.0066,0.0096,166.61,33.03,86.74,0.0069,0.006,0.0095,177.93,128.07,77.9,0.0067,0.0054,0.0092,16000,1024,431.41,0.9532,0.0381,0.0073,0.0014
2026-08-27T21:37:40.208+02:00,1000,1024,1024,1056,42,306,1,2743,0,230,0,0.025,0.0217,0.0478,0.0722,0.0768,0.7295,2.797,3.149,100.701,50.42,59.18,68.6,0.0092,0.0072,0.0115,260.46,133.76,11.15,0.0081,0.0061,0.0096,70.14,72.72,162.83,0.0069,0.0062,0.0087,16000,1024,590.04,0.9713,0.0219,0.0061,0.0007
2026-08-27T21:38:10.208+02:00,1000,1024,1024,1056,42,306,0,2743,0,230,0,0.0232,0.0197,0.0468,0.0761,0.0706,0.7345,2.879,3.071,121.863,16.55,177.47,208.21,0.0078,0.008,0.0121,112.53,100.28,230.6,0.0072,0.0069,0.0119,118.14,53.6,126.52,0.0066,0.0062,0.0133,16000,1024,618.96,0.9655,0.0272,0.0064,0.0009
2026-08-27T21:38:40.209+02:00,1000,1024,1024,1056,42,306,1,2744,0,230,0,0.0232,0.0277,0.2114,0.0725,0.1006,0.69,3.112,3.397,7.096,30.75,163.81,339.35,0.0113,0.0085,0.0962,132.8,193.46,163.63,0.0072,0.0078,0.0905,18.34,169.55,496.39,0.0068,0.0079,0.0709,16000,1024,783.04,0.9761,0.0156,0.0078,0.0005
2026-08-27T21:39:10.209+02:00,1000,1024,1024,1056,42,306,0,2744,0,230,0,0.0234,0.0503,0.4945,0.0771,0.1559,1.6725,2.87,2.646,2.889,13.81,25.04,469.24,0.0077,0.0206,0.1777,98.87,469.16,25.18,0.0076,0.0162,0.1667,8.67,55.25,137.01,0.0073,0.0163,0.145,16000,1024,407.27,0.9282,0.0574,0.0127,0.0017
2026-08-27T21:39:40.209+02:00,1000,1024,1024,1056,42,306,0,2744,0,230,0,0.023,0.0202,0.1028,0.0795,0.0776,1.332,2.811,3.094,63.715,14.08,120.2,15.54,0.0088,0.006,0.0122,84.06,167.18,116.15,0.0075,0.0058,0.0101,3.15,271.11,106.43,0.007,0.006,0.0085,16000,1024,658.06,0.9692,0.0221,0.0075,0.0012
2026-08-27T21:40:10.210+02:00,1000,1024,1024,1056,42,306,0,2744,0,230,0,0.0249,0.0209,0.0433,0.0935,0.0815,0.6131,3.139,3.231,76.013,60.0,69.14,38.06,0.0087,0.0076,0.0134,137.39,94.87,221.78,0.0068,0.0056,0.0127,180.43,59.01,198.32,0.0066,0.006,0.0126,16000,1024,278.79,0.6688,0.2973,0.0299,0.004
2026-08-27T21:40:40.210+02:00,1000,1024,1024,1056,42,306,0,2744,0,230,0,0.0226,0.0214,0.1848,0.0755,0.0775,1.5817,2.877,3.203,29.616,40.75,78.12,2.46,0.007,0.0069,0.07,86.99,161.76,7.32,0.0068,0.0064,0.0601,62.15,173.68,13.51,0.0067,0.0058,0.0394,16000,1024,476.39,0.9504,0.0352,0.0132,0.0013
2026-08-27T21:41:10.210+02:00,1000,1024,1024,1056,42,306,0,2744,0,230,0,0.0227,0.0199,0.0322,0.0669,0.064,0.1179,2.719,2.741,3.129,242.89,106.45,182.31,0.0068,0.0066,0.0092,206.78,145.39,55.7,0.0066,0.0061,0.0088,53.07,6.51,50.66,0.0069,0.0058,0.0079,16000,1024,377.35,0.893,0.0948,0.0103,0.0019
2026-08-27T21:41:40.211+02:00,1000,1024,1024,1056,42,306,0,2744,0,230,0,0.0222,0.0374,0.3535,0.0891,0.1571,1.5991,3.256,4.733,6.951,49.12,7.93,7.94,0.0078,0.0199,0.2128,82.03,367.41,12.21,0.0073,0.0111,0.1409,28.51,70.31,367.41,0.0064,0.0103,0.111,16000,1024,1800.54,0.9853,0.0107,0.0034,0.0006
2026-08-27T21:42:10.211+02:00,1000,1024,1024,1056,42,307,2,2746,1,231,0,0.0249,0.0217,0.0442,0.0736,0.0711,0.5841,2.78,2.78,59.802,56.82,56.1,30.98,0.0078,0.009,0.0148,63.45,47.72,174.2,0.0076,0.0072,0.0129,87.93,106.07,7.41,0.0071,0.0074,0.0119,16000,1024,507.36,0.9695,0.0234,0.006,0.0011
2026-08-27T21:42:40.212+02:00,1000,1024,1024,1056,42,307,0,2746,0,231,0,0.0233,0.0215,0.0557,0.0762,0.0953,0.7156,3.0,3.67,81.987,177.36,38.62,88.6,0.0091,0.0071,0.015,157.05,57.75,103.27,0.0073,0.0061,0.0142,146.28,68.44,72.91,0.006,0.006,0.0139,16000,1024,304.89,0.8417,0.1273,0.0265,0.0045
2026-08-27T21:43:10.226+02:00,1000,1024,1037,1070,42,307,3,2749,0,231,0,0.0245,0.0493,0.4644,0.0767,0.1502,1.539,3.018,2.541,2.743,103.69,410.85,27.6,0.0083,0.0172,0.1766,163.26,270.18,389.63,0.0069,0.0163,0.1579,95.24,425.79,281.47,0.0068,0.015,0.1625,16000,1024,1071.39,0.9835,0.0157,0.0007,0.0001
2026-08-27T21:43:40.213+02:00,1000,1024,1024,1056,42,307,0,2749,0,231,0,0.0226,0.0214,0.1129,0.085,0.0768,1.3127,3.103,3.18,60.855,214.83,192.41,5.62,0.0072,0.006,0.0277,134.89,10.31,75.4,0.0064,0.0064,0.0206,145.06,20.18,228.59,0.0064,0.0059,0.0189,16000,1024,450.84,0.885,0.0985,0.0145,0.002
2026-08-27T21:44:10.215+02:00,1000,1024,1024,1056,42,307,0,2749,0,231,0,0.0242,0.0207,0.031,0.079,0.0652,0.0993,2.878,2.983,2.853,11.05,79.06,18.23,0.0082,0.0073,0.0095,38.84,50.2,71.52,0.0069,0.0067,0.0092,124.77,138.88,10.08,0.0062,0.0065,0.0088,16000,1024,466.7,0.9609,0.0325,0.0057,0.001
2026-08-27T21:44:40.213+02:00,1000,1024,1024,1056,42,307,0,2749,0,231,0,0.0235,0.0214,0.0302,0.0785,0.0641,0.1083,2.978,2.972,3.316,73.52,14.67,85.88,0.0072,0.0071,0.0098,52.17,145.36,148.15,0.0073,0.0066,0.0099,109.49,124.02,101.43,0.0056,0.0057,0.0087,16000,1024,292.88,0.8466,0.1316,0.0197,0.0021
2026-08-27T21:45:10.214+02:00,1000,1024,1024,1056,42,307,0,2749,0,231,0,0.0248,0.0203,0.0311,0.0783,0.0703,0.0936,2.751,2.764,2.769,63.19,24.84,96.52,0.0085,0.0068,0.0098,35.14,4.32,29.0,0.0074,0.0066,0.0093,153.22,101.47,79.01,0.0069,0.0058,0.0085,16000,1024,320.73,0.9403,0.0452,0.0125,0.002
2026-08-27T21:45:40.216+02:00,1000,1024,1025,1057,42,308,2,2751,0,231,0,0.0239,0.0395,0.3573,0.1056,0.1823,1.8579,3.287,5.287,7.942,35.15,8.97,8.93,0.0079,0.0183,0.1918,11.85,89.13,278.28,0.007,0.0119,0.0891,106.79,396.42,396.8,0.0061,0.0108,0.089,16000,1024,440.72,0.9154,0.0668,0.0149,0.0029
2026-08-27T21:46:10.215+02:00,1000,1024,1024,1056,42,308,2,2753,1,232,0,0.0238,0.0229,0.0978,0.0723,0.0773,1.3007,2.873,2.983,65.268,57.33,9.28,44.67,0.008,0.0079,0.0116,25.17,21.49,88.18,0.007,0.0075,0.0123,16.65,97.85,190.54,0.0065,0.0064,0.0101,16000,1024,177.38,0.7695,0.189,0.0353,0.0062
2026-08-27T21:46:40.215+02:00,1000,1024,1024,1056,42,308,0,2753,0,232,0,0.0245,0.0213,0.0323,0.0939,0.0636,0.1057,3.368,2.81,3.028,171.2,132.28,46.62,0.0081,0.007,0.0102,13.42,140.5,111.92,0.0079,0.0057,0.01,21.69,175.77,20.24,0.0069,0.0055,0.0099,16000,1024,790.19,0.9539,0.0384,0.0069,0.0009
2026-08-27T21:47:10.215+02:00,1000,1024,1024,1056,42,308,0,2753,0,232,0,0.024,0.0206,0.0313,0.0792,0.0872,0.1023,3.02,3.436,3.002,78.92,25.24,10.81,0.0074,0.0071,0.0096,122.05,179.69,53.93,0.0069,0.0062,0.0092,198.43,8.12,166.9,0.0066,0.0059,0.0083,16000,1024,314.68,0.8825,0.098,0.0171,0.0024
2026-08-27T21:47:40.216+02:00,1000,1024,1024,1056,42,308,0,2753,0,232,0,0.0221,0.0207,0.0561,0.0672,0.0773,0.7077,2.775,3.11,81.757,92.8,34.09,7.34,0.0067,0.0064,0.0125,131.86,75.6,12.48,0.0066,0.0067,0.0101,65.4,45.65,113.61,0.0065,0.006,0.0101,16000,1024,555.15,0.9751,0.0205,0.0038,0.0006
2026-08-27T21:48:10.220+02:00,1000,1024,1024,1056,42,309,0,2753,0,232,0,0.0229,0.0202,0.132,0.0664,0.0563,1.2884,2.881,2.722,42.151,65.17,21.41,2.61,0.0069,0.0071,0.0599,31.75,223.41,8.69,0.0068,0.0066,0.0514,102.83,162.14,182.69,0.0064,0.0064,0.0426,16000,1024,583.83,0.9864,0.0068,0.0061,0.0007
2026-08-27T21:48:40.218+02:00,1000,1024,1024,1056,42,309,0,2753,0,232,0,0.0235,0.0383,0.3497,0.0839,0.1835,1.8336,2.81,4.796,6.482,23.0,15.01,6.09,0.0078,0.0133,0.135,139.78,5.62,17.51,0.0074,0.0107,0.0954,218.36,67.2,104.8,0.0076,0.0101,0.0905,16000,1024,274.42,0.9151,0.0563,0.0244,0.0043
2026-08-27T21:49:10.217+02:00,1000,1024,1024,1056,42,310,0,2753,0,232,0,0.0231,0.0214,0.0319,0.0726,0.0666,0.1034,2.68,2.596,3.018,52.18,156.08,14.72,0.0081,0.0074,0.0103,128.78,63.29,87.96,0.0075,0.0064,0.0087,68.1,8.06,212.57,0.0069,0.0059,0.0093,16000,1024,425.56,0.9445,0.0398,0.0143,0.0014
2026-08-27T21:49:40.219+02:00,1000,1024,1024,1056,42,310,2,2755,0,232,0,0.0226,0.0288,0.2016,0.0705,0.1038,0.6784,2.991,3.548,7.535,36.82,166.09,337.39,0.0075,0.0113,0.0979,119.42,171.4,171.41,0.007,0.0116,0.0939,63.21,337.15,327.9,0.007,0.0112,0.0829,16000,1024,441.42,0.9799,0.0142,0.0052,0.0007
2026-08-27T21:50:10.219+02:00,1000,1024,1024,1056,42,310,0,2755,0,232,0,0.0225,0.0206,0.0319,0.0728,0.0621,0.1225,3.031,2.82,3.58,27.92,17.44,102.71,0.0076,0.0066,0.0089,334.08,98.86,9.52,0.0072,0.0064,0.0087,168.76,241.04,126.16,0.0069,0.0059,0.0084,16000,1024,354.55,0.9286,0.0538,0.0159,0.0017
2026-08-27T21:50:40.219+02:00,1000,1024,1024,1056,42,310,1,2756,0,232,0,0.0236,0.0214,0.0571,0.0821,0.0704,0.7191,3.255,3.121,94.934,136.41,24.51,63.52,0.009,0.0062,0.0195,35.97,85.79,53.38,0.0077,0.0062,0.0197,94.85,101.87,254.06,0.0073,0.0063,0.0183,16000,1024,352.36,0.9279,0.0592,0.0112,0.0017
2026-08-27T21:51:10.218+02:00,1000,1024,1024,1056,42,310,0,2756,0,232,0,0.0247,0.0206,0.0327,0.0767,0.0654,0.1148,2.832,2.844,3.076,210.26,46.73,57.62,0.0089,0.0059,0.0103,163.47,151.55,156.17,0.0075,0.0055,0.0094,74.8,32.17,74.63,0.0075,0.0053,0.0097,16000,1024,311.23,0.8966,0.0915,0.0106,0.0014
2026-08-27T21:51:40.220+02:00,1000,1024,1024,1056,42,310,1,2757,0,232,0,0.0243,0.0215,0.058,0.0795,0.087,0.7231,2.854,3.16,86.686,141.27,159.28,193.17,0.0076,0.007,0.0135,95.46,121.91,73.31,0.0074,0.0066,0.0109,169.17,112.23,130.79,0.0066,0.006,0.0092,16000,1024,658.15,0.9867,0.0103,0.0025,0.0004
2026-08-27T21:52:10.220+02:00,1000,1024,1024,1056,42,310,0,2757,0,232,0,0.0221,0.0214,0.1201,0.0784,0.0761,1.0403,2.994,2.977,33.899,83.14,104.66,41.16,0.0076,0.0062,0.0268,44.3,14.44,50.79,0.0072,0.006,0.0257,148.13,164.05,16.64,0.0068,0.0059,0.0253,16000,1024,273.13,0.8867,0.0984,0.013,0.0019
2026-08-27T21:52:40.221+02:00,1000,1024,1024,1056,42,310,0,2757,0,232,0,0.024,0.0217,0.0318,0.0986,0.0732,0.1083,2.994,3.004,2.992,169.16,140.79,24.74,0.0084,0.0082,0.0096,144.43,17.43,150.45,0.0067,0.0063,0.0086,183.63,117.7,43.98,0.0063,0.0064,0.0082,16000,1024,554.18,0.9103,0.0797,0.0085,0.0015
2026-08-27T21:53:10.225+02:00,1000,1024,1024,1056,42,310,26,2783,2,234,0,0.0288,0.0233,0.0657,0.1055,0.0942,0.8562,3.04,3.233,83.066,9.5,50.84,11.06,0.0107,0.0082,0.02,37.99,31.71,22.98,0.0099,0.0085,0.0177,59.45,39.63,88.18,0.0095,0.0082,0.0169,16000,1024,995.79,0.9774,0.0176,0.0046,0.0004
2026-08-27T21:53:40.221+02:00,1000,1024,1024,1056,42,310,0,2783,0,234,0,0.0242,0.0209,0.0311,0.0829,0.0734,0.0878,2.903,2.901,2.677,12.27,3.76,213.86,0.0089,0.0072,0.0103,182.11,86.95,59.45,0.0081,0.0065,0.0095,59.98,126.68,52.99,0.0074,0.0057,0.0093,16000,1024,720.28,0.979,0.0153,0.0048,0.0009
2026-08-27T21:54:10.221+02:00,1000,1024,1024,1056,42,310,0,2783,0,234,0,0.0225,0.023,0.0324,0.0962,0.067,0.1095,3.288,2.695,2.906,48.82,195.46,175.47,0.0091,0.0069,0.0098,118.98,24.55,129.2,0.0075,0.006,0.0093,86.63,199.71,62.73,0.0075,0.0059,0.0091,16000,1024,714.72,0.9857,0.0115,0.0025,0.0003
2026-08-27T21:54:40.223+02:00,1000,1024,1024,1056,42,310,0,2783,0,234,0,0.0232,0.0185,0.0332,0.0712,0.0654,0.103,2.774,3.403,2.628,49.87,225.13,54.57,0.0075,0.0061,0.0097,132.1,66.43,103.44,0.007,0.0055,0.0091,191.24,25.54,94.76,0.0067,0.0053,0.0088,16000,1024,342.2,0.8808,0.0963,0.0208,0.0021
2026-08-27T21:55:10.221+02:00,1000,1024,1024,1056,42,310,1,2784,0,234,0,0.0228,0.0204,0.0303,0.0826,0.0668,0.1128,3.047,2.906,3.231,100.84,24.75,67.37,0.0068,0.0078,0.0096,126.82,58.44,203.23,0.0066,0.0062,0.0089,48.59,92.16,50.86,0.0067,0.0059,0.0089,16000,1024,445.19,0.9282,0.0582,0.0121,0.0015
2026-08-27T21:55:40.223+02:00,1000,1024,1024,1056,42,310,0,2784,0,234,0,0.0235,0.0215,0.0585,0.0662,0.0794,0.6112,2.663,3.131,62.575,140.03,72.15,62.65,0.0072,0.0082,0.0177,260.13,99.42,45.69,0.0066,0.0071,0.0158,35.82,120.39,9.69,0.0067,0.0069,0.0139,16000,1024,333.16,0.9429,0.044,0.0113,0.0018
2026-08-27T21:56:10.223+02:00,1000,1024,1024,1056,42,310,0,2784,0,234,0,0.0242,0.0203,0.0479,0.0681,0.089,0.72,2.685,3.593,102.481,53.89,24.29,163.47,0.0088,0.0069,0.0125,37.94,59.61,50.71,0.0076,0.0054,0.0097,25.05,86.03,129.63,0.0081,0.0054,0.0102,16000,1024,490.92,0.9786,0.0164,0.0045,0.0005
2026-08-27T21:56:40.224+02:00,1000,1024,1024,1056,42,310,0,2784,0,234,0,0.0242,0.0201,0.0323,0.0765,0.0636,0.0983,3.188,2.868,2.761,54.53,106.73,18.4,0.008,0.0071,0.01,87.06,87.13,27.38,0.007,0.0063,0.0098,225.59,124.16,183.52,0.0069,0.006,0.0094,16000,1024,437.17,0.9617,0.0317,0.0054,0.0011
2026-08-27T21:57:10.224+02:00,1000,1024,1024,1056,42,310,1,2785,0,234,0,0.0225,0.0204,0.0594,0.0784,0.0776,0.7917,2.843,3.164,106.155,55.35,9.9,149.16,0.0066,0.0074,0.0179,187.0,60.73,7.04,0.0069,0.0058,0.0159,191.26,172.81,187.54,0.006,0.0054,0.0152,16000,1024,343.27,0.9034,0.0741,0.0202,0.0024
2026-08-27T21:57:40.225+02:00,1000,1024,1024,1056,42,311,0,2785,0,234,0,0.0248,0.0222,0.0418,0.0808,0.0962,0.5768,2.89,3.309,72.801,68.49,116.87,131.09,0.008,0.0063,0.01,94.48,86.13,62.3,0.0078,0.0061,0.0099,39.68,74.4,29.8,0.008,0.006,0.0097,16000,1024,403.3,0.955,0.0363,0.0074,0.0013
2026-08-27T21:58:10.225+02:00,1000,1024,1024,1056,42,311,0,2785,0,234,0,0.0218,0.0295,0.2045,0.0637,0.0991,0.6705,2.696,3.621,7.02,100.59,173.25,173.31,0.0093,0.0118,0.1097,189.4,40.07,337.98,0.0066,0.009,0.0714,55.98,487.44,487.19,0.0057,0.0085,0.0651,16000,1024,498.47,0.9591,0.0309,0.0087,0.0013
2026-08-27T21:58:40.225+02:00,1000,1024,1024,1056,42,311,0,2785,0,234,0,0.0244,0.0211,0.1017,0.0848,0.0806,1.1235,2.834,3.315,54.496,77.47,46.01,2.58,0.0107,0.0062,0.04,163.32,80.87,14.91,0.0077,0.0061,0.0354,134.26,99.07,7.45,0.0077,0.0061,0.0348,16000,1024,261.92,0.9451,0.0429,0.0104,0.0017
2026-08-27T21:59:10.225+02:00,1000,1024,1024,1056,42,311,0,2785,0,234,0,0.0239,0.0278,0.2044,0.0905,0.1003,0.6792,3.185,3.718,7.2,106.06,166.96,339.72,0.0062,0.0117,0.0982,132.8,240.14,189.39,0.006,0.0108,0.0733,31.14,339.86,167.2,0.006,0.0098,0.0709,16000,1024,484.55,0.9731,0.0184,0.0078,0.0007
2026-08-27T21:59:40.226+02:00,1000,1024,1024,1056,42,311,0,2785,0,234,0,0.0242,0.0221,0.0463,0.0708,0.0828,0.7121,2.715,3.158,106.148,66.89,92.14,39.34,0.0075,0.0078,0.0169,108.96,9.26,69.94,0.0075,0.0077,0.0158,42.42,272.54,170.08,0.0068,0.0058,0.0155,16000,1024,446.65,0.9559,0.0334,0.0096,0.0011
2026-08-27T22:00:10.225+02:00,1000,1024,1024,1056,42,311,0,2785,0,234,0,0.023,0.0209,0.0316,0.0773,0.0608,0.1314,3.206,2.854,3.427,28.15,39.82,21.51,0.008,0.0062,0.0101,164.12,51.1,43.02,0.0066,0.0062,0.0087,186.6,129.28,55.51,0.0061,0.0056,0.0088,16000,1024,498.59,0.9561,0.0367,0.0065,0.0007
2026-08-27T22:00:40.227+02:00,1000,1024,1024,1056,42,311,0,2785,0,234,0,0.0235,0.0204,0.0306,0.1003,0.0702,0.0976,3.385,3.069,2.827,23.32,20.65,186.51,0.0065,0.0073,0.0091,36.09,9.02,21.33,0.0064,0.0066,0.0091,108.22,106.27,95.53,0.0063,0.0057,0.0082,16000,1024,224.86,0.8883,0.0873,0.0204,0.0039
2026-08-27T22:01:10.227+02:00,1000,1024,1024,1056,42,311,0,2785,0,234,0,0.0252,0.0199,0.0327,0.0849,0.0667,0.1116,2.96,2.915,2.832,68.76,55.08,114.67,0.0079,0.0068,0.0132,14.51,26.52,45.26,0.0073,0.0061,0.0116,19.13,31.59,107.51,0.0078,0.0066,0.0102,16000,1024,365.25,0.8838,0.0946,0.0198,0.0018
2026-08-27T22:01:40.227+02:00,1000,1024,1024,1056,42,311,0,2785,0,234,0,0.024,0.0472,0.4373,0.0863,0.1655,1.6175,2.959,2.831,2.83,101.02,283.18,283.12,0.0076,0.0172,0.1634,140.17,224.28,278.08,0.0075,0.0164,0.1649,114.92,124.33,224.26,0.0063,0.0163,0.1586,16000,1024,515.5,0.9557,0.0374,0.006,0.0009
2026-08-27T22:02:10.231+02:00,1000,1024,1024,1056,42,312,0,2785,0,234,0,0.0238,0.0215,0.0312,0.0758,0.0738,0.0982,2.883,3.075,2.892,89.74,62.55,135.71,0.0092,0.0053,0.0111,208.26,24.38,66.11,0.0075,0.0053,0.0101,31.97,139.54,19.69,0.0069,0.0052,0.0097,16000,1024,487.9,0.9545,0.0382,0.0065,0.0008
2026-08-27T22:02:40.227+02:00,1000,1024,1024,1056,42,312,0,2785,0,234,0,0.0228,0.0198,0.0312,0.077,0.0665,0.1004,2.951,3.202,2.834,31.27,45.06,102.29,0.0078,0.0069,0.0098,195.55,207.2,192.38,0.0075,0.0066,0.0095,21.35,266.7,127.21,0.007,0.0052,0.0092,16000,1024,500.87,0.9541,0.0412,0.004,0.0007
2026-08-27T22:03:10.233+02:00,1000,1024,1024,1056,42,312,0,2785,0,234,0,0.0231,0.0191,0.1424,0.0794,0.0646,1.2703,2.83,2.965,41.371,18.16,7.16,6.42,0.0085,0.0065,0.0385,113.99,306.57,2.34,0.0064,0.0058,0.0355,134.58,74.46,86.2,0.0066,0.0057,0.0326,16000,1024,513.78,0.952,0.0422,0.005,0.0008
2026-08-27T22:03:40.235+02:00,1000,1024,1024,1056,42,312,0,2785,0,234,0,0.0231,0.0201,0.031,0.0845,0.0654,0.0999,3.474,3.081,2.793,131.67,99.25,107.28,0.0086,0.0077,0.0108,124.65,84.68,41.65,0.0072,0.0059,0.0107,55.76,77.09,221.58,0.0064,0.0056,0.0088,16000,1024,701.87,0.9686,0.0239,0.006,0.0015
2026-08-27T22:04:10.230+02:00,1000,1024,1024,1056,42,313,1,2786,0,234,0,0.022,0.0216,0.0568,0.0734,0.0853,0.7127,3.022,3.435,89.224,227.68,50.57,118.71,0.0062,0.0078,0.021,6.6,120.62,140.96,0.006,0.0074,0.0194,76.48,307.71,225.03,0.0059,0.006,0.0189,16000,1024,8426.08,0.9993,0.0006,0.0001,0.0
2026-08-27T22:04:40.230+02:00,1000,1024,1024,1056,42,313,0,2786,0,234,0,0.0228,0.0215,0.0297,0.0785,0.0672,0.1012,3.178,2.958,2.816,103.94,29.96,59.23,0.0078,0.0081,0.0099,178.34,224.1,11.14,0.0075,0.0067,0.0088,72.89,76.41,120.76,0.0071,0.0061,0.0083,16000,1024,407.58,0.9582,0.0338,0.0068,0.0012
2026-08-27T22:05:10.230+02:00,1000,1024,1024,1056,42,314,0,2786,0,234,0,0.022,0.0212,0.056,0.0693,0.1047,0.6807,2.996,4.115,85.411,40.08,49.44,19.38,0.0073,0.0062,0.0098,112.88,145.53,96.49,0.007,0.0059,0.0098,74.26,122.57,30.51,0.0061,0.0065,0.0095,16000,1024,404.06,0.947,0.041,0.0107,0.0012
2026-08-27T22:05:40.230+02:00,1000,1024,1024,1056,42,314,1,2787,0,234,0,0.0238,0.0201,0.0952,0.093,0.0658,1.3913,2.913,3.133,97.729,45.13,41.2,10.91,0.0073,0.0062,0.0288,249.99,88.55,44.91,0.0069,0.0061,0.026,154.11,70.49,140.91,0.0065,0.0058,0.0236,16000,1024,682.82,0.9671,0.0247,0.0068,0.0014
2026-08-27T22:06:10.231+02:00,1000,1024,1024,1056,42,315,2,2789,0,234,0,0.024,0.0196,0.0308,0.0792,0.0756,0.0929,2.934,3.135,2.854,85.09,27.31,20.97,0.008,0.0062,0.0102,31.28,139.14,65.24,0.0078,0.0065,0.0088,89.85,149.29,219.46,0.0069,0.0055,0.0084,16000,1024,484.74,0.9761,0.0186,0.0046,0.0007
2026-08-27T22:06:40.230+02:00,1000,1024,1024,1056,42,315,23,2812,0,234,0,0.0248,0.0226,0.0773,0.0765,0.0903,0.7767,2.791,3.64,60.332,53.67,21.39,252.94,0.0102,0.0076,0.021,96.69,70.07,27.6,0.0085,0.0071,0.0204,7.5,1.46,72.94,0.0076,0.0071,0.0209,16000,1024,449.93,0.9615,0.0313,0.0059,0.0012
2026-08-27T22:07:10.231+02:00,1000,1024,1024,1056,42,315,0,2812,0,234,0,0.0235,0.0211,0.1178,0.0895,0.0845,1.2636,3.313,3.441,54.019,66.09,122.83,4.93,0.0071,0.0077,0.0375,55.35,168.71,9.86,0.0063,0.007,0.036,21.2,98.96,17.86,0.006,0.0065,0.0301,16000,1024,349.34,0.8637,0.1056,0.027,0.0036
2026-08-27T22:07:40.231+02:00,1000,1024,1024,1056,42,315,0,2812,0,234,0,0.025,0.0498,0.468,0.1044,0.1594,1.5342,3.477,2.913,2.717,58.62,403.02,403.0,0.0098,0.018,0.1762,24.61,459.13,150.22,0.0091,0.0166,0.1531,50.34,249.18,459.13,0.0079,0.0163,0.1496,16000,1024,453.16,0.9738,0.0218,0.0038,0.0006
2026-08-27T22:08:10.240+02:00,1000,1024,1032,1064,42,315,26,2838,0,234,0,0.0255,0.022,0.0682,0.0751,0.1008,0.7178,2.668,4.039,62.329,24.07,83.75,102.46,0.0085,0.0079,0.0228,5.65,38.74,27.09,0.0077,0.0067,0.0224,32.05,4.1,10.88,0.0075,0.0059,0.0216,16000,1024,706.41,0.9812,0.0144,0.0039,0.0004
2026-08-27T22:08:40.232+02:00,1000,1024,1024,1056,42,315,0,2838,0,234,0,0.0227,0.021,0.0314,0.0712,0.0643,0.0973,2.828,2.904,2.747,46.8,73.3,52.37,0.0074,0.0054,0.0095,204.28,120.21,189.47,0.0073,0.0052,0.0091,140.82,230.0,87.37,0.007,0.0053,0.0094,16000,1024,355.5,0.9577,0.029,0.0118,0.0014
2026-08-27T22:09:10.232+02:00,1000,1024,1024,1056,42,315,0,2838,0,234,0,0.0232,0.0218,0.0314,0.0761,0.0699,0.1125,2.961,3.046,3.239,37.27,74.93,130.76,0.0069,0.0086,0.0103,169.74,19.47,143.03,0.0064,0.0073,0.0096,75.57,60.6,265.84,0.0065,0.0066,0.0088,16000,1024,540.24,0.9414,0.0471,0.0107,0.0008
2026-08-27T22:09:40.233+02:00,1000,1024,1024,1056,42,315,0,2838,0,234,0,0.0226,0.0207,0.0322,0.0838,0.075,0.1195,3.173,2.954,2.98,124.06,41.91,127.06,0.0089,0.0069,0.0084,2.21,86.32,111.7,0.0079,0.0071,0.0091,60.54,21.14,11.34,0.0071,0.0066,0.0092,16000,1024,371.86,0.925,0.0599,0.0136,0.0014
2026-08-27T22:10:10.234+02:00,1000,1024,1024,1056,42,315,0,2838,0,234,0,0.024,0.0212,0.0311,0.1032,0.0644,0.1077,3.202,2.731,3.175,37.29,81.04,98.94,0.0073,0.0065,0.0118,59.39,121.05,42.07,0.0065,0.0063,0.0112,89.92,135.9,64.81,0.0063,0.0063,0.0096,16000,1024,444.65,0.9643,0.0245,0.0092,0.002
2026-08-27T22:10:40.235+02:00,1000,1024,1024,1056,42,315,0,2838,0,234,0,0.0231,0.0209,0.0471,0.0847,0.0769,0.7132,3.24,2.923,96.825,166.45,51.48,23.19,0.0077,0.007,0.0121,77.29,73.27,171.71,0.0066,0.0064,0.0116,54.73,135.78,40.99,0.0062,0.0061,0.0113,16000,1024,434.83,0.9467,0.0451,0.0071,0.0012
2026-08-27T22:11:10.235+02:00,1000,1024,1024,1056,42,315,0,2838,0,234,0,0.0222,0.021,0.2252,0.0677,0.064,1.5392,2.747,2.8,15.628,18.69,3.47,4.07,0.0085,0.0078,0.1605,192.81,33.25,261.46,0.0082,0.0065,0.0775,98.62,56.57,8.3,0.0063,0.0064,0.0744,16000,1024,488.96,0.9348,0.0581,0.0058,0.0013
2026-08-27T22:11:40.234+02:00,1000,1024,1024,1056,42,316,2,2840,0,234,0,0.023,0.0217,0.0499,0.0839,0.0749,0.7876,3.391,2.907,118.13,152.64,72.78,137.4,0.0076,0.0065,0.0168,23.61,162.37,127.41,0.0072,0.0062,0.0165,129.83,107.75,65.65,0.0072,0.0062,0.0157,16000,1024,916.57,0.9614,0.0294,0.0079,0.0013
2026-08-27T22:12:10.236+02:00,1000,1024,1024,1056,42,316,0,2840,0,234,0,0.0234,0.0216,0.0435,0.078,0.0634,0.5887,2.963,2.901,68.929,12.91,53.6,30.38,0.0076,0.0066,0.0148,38.75,101.64,79.37,0.0067,0.0064,0.0138,165.37,6.1,176.05,0.0067,0.0065,0.0133,16000,1024,393.38,0.9638,0.0275,0.0075,0.0012
2026-08-27T22:12:40.235+02:00,1000,1024,1024,1056,42,316,0,2840,0,234,0,0.0226,0.0187,0.032,0.0822,0.0641,0.1207,2.779,2.879,3.425,185.33,112.27,119.93,0.007,0.0061,0.0095,69.29,49.12,73.48,0.0069,0.0059,0.0094,19.7,219.84,5.36,0.0066,0.0055,0.0097,16000,1024,469.92,0.9577,0.0329,0.0084,0.0011
2026-08-27T22:13:10.237+02:00,1000,1024,1024,1056,42,316,2,2842,0,234,0,0.0234,0.0227,0.0443,0.0882,0.0893,0.6893,3.045,3.284,114.297,139.78,79.64,83.16,0.0091,0.0086,0.0103,6.68,6.71,6.86,0.0072,0.0068,0.0094,17.56,35.16,135.4,0.0069,0.0066,0.01,16000,1024,403.74,0.9617,0.0331,0.0042,0.001
2026-08-27T22:13:40.236+02:00,1000,1024,1024,1056,42,316,0,2842,0,234,0,0.0225,0.049,0.4379,0.0643,0.1725,1.6308,2.745,2.862,3.134,192.41,318.46,318.4,0.0077,0.0177,0.1608,187.54,72.29,72.19,0.0065,0.0172,0.1363,175.95,328.89,298.46,0.0064,0.015,0.1259,16000,1024,666.67,0.9536,0.0355,0.0096,0.0014
2026-08-27T22:14:10.237+02:00,1000,1024,1024,1056,42,316,0,2842,0,234,0,0.0222,0.0194,0.0305,0.0658,0.0724,0.1047,2.931,3.196,2.978,17.43,151.19,12.42,0.0071,0.0066,0.0105,9.98,216.09,48.98,0.006,0.006,0.0099,137.65,118.99,3.95,0.0055,0.0054,0.008,16000,1024,364.53,0.9518,0.037,0.0095,0.0017
2026-08-27T22:14:40.237+02:00,1000,1024,1024,1056,42,316,1,2843,1,235,0,0.0238,0.0197,0.032,0.0812,0.0641,0.1046,3.058,2.876,2.774,25.83,192.07,85.23,0.0077,0.0061,0.0109,114.66,212.21,77.16,0.0067,0.0058,0.0094,81.25,177.8,119.63,0.0065,0.0053,0.0108,16000,1024,360.0,0.9523,0.0376,0.0088,0.0014
2026-08-27T22:15:10.237+02:00,1000,1024,1024,1056,42,316,0,2843,0,235,0,0.0229,0.0206,0.0327,0.0696,0.067,0.0984,2.58,2.997,2.9,31.63,236.68,103.58,0.0074,0.006,0.0122,98.45,186.48,86.05,0.0071,0.0056,0.0097,18.43,48.0,148.36,0.0067,0.0053,0.0091,16000,1024,686.97,0.9752,0.0209,0.0033,0.0005
2026-08-27T22:15:40.237+02:00,1000,1024,1024,1056,42,316,1,2844,0,235,0,0.0246,0.0208,0.0421,0.0801,0.0845,0.6112,2.783,3.393,76.858,17.51,24.66,50.63,0.008,0.0081,0.0152,155.28,106.38,192.38,0.0079,0.0072,0.0132,140.66,88.83,187.2,0.0073,0.0064,0.0103,16000,1024,1243.87,0.9771,0.0187,0.0035,0.0007
2026-08-27T22:16:10.239+02:00,1000,1024,1024,1056,42,316,0,2844,0,235,0,0.0244,0.0213,0.0452,0.0793,0.083,0.6616,3.092,3.016,92.759,60.4,51.38,46.17,0.0067,0.0071,0.0118,151.1,7.04,57.44,0.0068,0.0064,0.0103,14.06,18.89,121.22,0.0075,0.0062,0.0101,16000,1024,456.39,0.9849,0.01,0.0043,0.0008
2026-08-27T22:16:40.239+02:00,1000,1024,1024,1056,42,316,0,2844,0,235,0,0.0221,0.0207,0.0498,0.0711,0.0722,0.8099,2.788,3.172,131.844,128.56,76.54,46.18,0.0091,0.0062,0.015,89.63,48.06,63.5,0.0065,0.0061,0.0132,28.61,23.9,135.06,0.0064,0.0061,0.0134,16000,1024,452.37,0.9486,0.0431,0.0074,0.0009
2026-08-27T22:17:10.241+02:00,1000,1024,1024,1056,42,316,1,2845,0,235,0,0.0232,0.021,0.0311,0.0722,0.0709,0.1116,3.005,3.295,2.836,182.3,4.09,132.84,0.0079,0.0067,0.0096,64.44,37.43,93.52,0.0064,0.0056,0.009,112.16,335.56,1.93,0.0061,0.0053,0.0084,16000,1024,344.6,0.9706,0.0242,0.0044,0.0007
2026-08-27T22:17:40.239+02:00,1000,1024,1024,1056,42,316,0,2845,0,235,0,0.0223,0.0207,0.045,0.0696,0.064,0.6994,2.778,2.781,107.122,30.55,117.07,171.81,0.008,0.0067,0.0098,23.04,50.62,90.15,0.0073,0.0064,0.0104,217.1,69.94,238.3,0.0062,0.0067,0.0088,16000,1024,414.89,0.9178,0.059,0.0205,0.0027
2026-08-27T22:18:10.243+02:00,1000,1024,1024,1056,42,316,0,2845,0,235,0,0.0223,0.0291,0.1939,0.0705,0.0939,0.6688,2.701,3.536,7.672,25.48,176.43,172.09,0.0075,0.011,0.088,119.22,172.15,332.23,0.007,0.0105,0.0785,71.98,16.82,159.92,0.0065,0.0095,0.0718,16000,1024,505.46,0.958,0.0363,0.0047,0.0009
2026-08-27T22:18:40.246+02:00,1000,1024,1024,1056,42,316,0,2845,0,235,0,0.0237,0.0199,0.0288,0.0837,0.0622,0.0893,3.078,3.022,2.807,101.08,170.84,109.12,0.0081,0.0063,0.01,23.07,156.4,3.85,0.0074,0.0062,0.0093,35.32,227.53,97.32,0.0067,0.0055,0.0084,16000,1024,2192.13,0.9927,0.007,0.0003,0.0
2026-08-27T22:19:10.241+02:00,1000,1024,1024,1056,42,317,0,2845,0,235,0,0.0231,0.0213,0.032,0.07,0.0741,0.0885,2.769,3.23,2.566,16.92,113.88,42.05,0.0077,0.008,0.0091,98.65,157.52,18.49,0.0063,0.0075,0.0083,169.59,134.43,181.8,0.0064,0.0061,0.0082,16000,1024,1297.27,0.9906,0.0054,0.0035,0.0005
2026-08-27T22:19:40.240+02:00,1000,1024,1024,1056,42,317,1,2846,0,235,0,0.0239,0.0206,0.0447,0.0717,0.0718,0.6808,2.551,3.168,103.745,10.68,92.77,20.38,0.0086,0.0056,0.0096,78.09,60.84,35.19,0.0069,0.0058,0.0089,164.83,75.45,157.75,0.0064,0.0058,0.0096,16000,1024,513.8,0.9738,0.0208,0.0047,0.0007
2026-08-27T22:20:10.242+02:00,1000,1024,1024,1056,42,317,0,2846,0,235,0,0.0229,0.0198,0.0469,0.0772,0.0861,0.7225,2.998,3.341,110.278,11.43,23.61,41.0,0.0069,0.0061,0.0113,66.66,126.33,29.04,0.0059,0.0063,0.0102,54.49,144.93,70.08,0.0059,0.0064,0.0105,16000,1024,420.31,0.9509,0.0375,0.0103,0.0013
2026-08-27T22:20:40.244+02:00,1000,1024,1024,1056,42,317,0,2846,0,235,0,0.0232,0.0463,0.3832,0.0853,0.1843,1.7036,3.317,4.411,5.844,2.24,8.56,8.6,0.0086,0.0228,0.1966,65.22,181.9,33.39,0.0072,0.0139,0.1203,230.89,150.49,181.77,0.0076,0.0129,0.1192,16000,1024,397.3,0.9194,0.0621,0.0162,0.0023
2026-08-27T22:21:10.241+02:00,1000,1024,1024,1056,42,317,1,2847,0,235,0,0.0223,0.0278,0.183,0.0788,0.1027,0.6582,3.008,4.228,8.906,101.13,71.83,340.98,0.0068,0.0097,0.0549,123.65,112.67,132.59,0.0063,0.0091,0.0483,293.76,144.51,473.57,0.0057,0.0082,0.0466,16000,1024,549.82,0.983,0.0101,0.0062,0.0006
2026-08-27T22:21:40.251+02:00,1000,1024,1032,1065,42,318,2,2849,0,235,0,0.0236,0.028,0.1951,0.0986,0.0904,0.7389,3.382,3.584,7.659,229.72,339.03,338.94,0.0083,0.0127,0.1122,186.48,69.57,169.45,0.0065,0.0108,0.07,125.17,149.11,322.37,0.0064,0.0096,0.0648,16000,1024,635.85,0.9749,0.0188,0.0053,0.0009
2026-08-27T22:22:10.242+02:00,1000,1024,1024,1056,42,318,1,2850,0,235,0,0.0221,0.0216,0.1163,0.0685,0.0675,1.1844,2.904,2.798,42.582,74.71,88.25,2.61,0.0073,0.0077,0.0659,33.01,120.42,49.1,0.0061,0.0062,0.0465,55.12,44.3,297.22,0.0058,0.0067,0.0402,16000,1024,385.53,0.9265,0.0591,0.0125,0.0019
2026-08-27T22:22:40.243+02:00,1000,1024,1024,1056,42,318,1,2851,1,236,0,0.0236,0.0539,0.4782,0.0995,0.1705,1.5897,3.256,2.677,2.769,42.35,304.15,303.93,0.0093,0.0191,0.2002,4.51,163.81,164.0,0.0077,0.0176,0.1732,103.28,172.58,37.32,0.0073,0.0165,0.1455,16000,1024,987.27,0.9791,0.0176,0.0029,0.0004
2026-08-27T22:23:10.245+02:00,1000,1024,1024,1056,42,319,1,2852,0,236,0,0.0229,0.0221,0.0466,0.0685,0.0679,0.7083,2.814,2.907,104.336,55.89,68.96,45.17,0.0066,0.0074,0.0165,124.99,170.21,65.98,0.0063,0.0066,0.0127,22.64,78.24,133.19,0.0063,0.0062,0.0115,16000,1024,833.96,0.9757,0.0202,0.0038,0.0004
2026-08-27T22:23:40.245+02:00,1000,1024,1024,1056,42,319,0,2852,0,236,0,0.0222,0.0201,0.032,0.079,0.0636,0.1143,3.257,2.821,3.231,79.92,142.47,95.51,0.0066,0.0069,0.0098,154.28,39.78,143.58,0.0064,0.0065,0.0086,13.69,149.14,193.1,0.006,0.0061,0.0083,16000,1024,308.93,0.9393,0.0474,0.0115,0.0018
2026-08-27T22:24:10.245+02:00,1000,1024,1024,1056,42,319,0,2852,0,236,0,0.0246,0.0223,0.0311,0.0829,0.0735,0.0959,2.885,2.95,2.742,68.36,52.88,138.52,0.0073,0.0088,0.0095,52.89,140.96,84.32,0.0068,0.0089,0.0096,88.82,1.77,73.19,0.0065,0.0074,0.0087,16000,1024,716.95,0.9878,0.0077,0.0041,0.0004
2026-08-27T22:24:40.247+02:00,1000,1024,1025,1058,42,319,1,2853,0,236,0,0.0234,0.0222,0.0654,0.0764,0.1171,0.7052,2.927,4.204,71.283,114.62,55.64,15.84,0.0073,0.008,0.0206,43.13,140.29,24.51,0.0067,0.0065,0.0185,28.59,81.73,75.8,0.0067,0.0064,0.0191,16000,1024,286.9,0.9213,0.0596,0.0168,0.0023
2026-08-27T22:25:10.244+02:00,1000,1024,1024,1056,42,320,1,2854,0,236,0,0.0233,0.0532,0.4698,0.0931,0.1674,1.5558,3.174,2.503,2.579,49.58,25.21,25.15,0.0082,0.0185,0.1558,144.1,468.78,468.74,0.0081,0.0169,0.1428,36.66,49.16,53.99,0.0076,0.0166,0.144,16000,1024,379.39,0.9395,0.042,0.0169,0.0017
2026-08-27T22:25:40.245+02:00,1000,1024,1024,1056,42,320,1,2855,0,236,0,0.0231,0.0213,0.0303,0.0829,0.0643,0.0874,2.861,2.726,2.978,3.82,8.68,75.23,0.0075,0.0076,0.0096,94.8,19.32,183.75,0.0073,0.0062,0.008,99.85,126.7,117.65,0.0067,0.0061,0.0089,16000,1024,489.49,0.9797,0.0145,0.0051,0.0008
2026-08-27T22:26:10.245+02:00,1000,1024,1024,1056,42,321,0,2855,0,236,0,0.0236,0.0204,0.0334,0.0696,0.067,0.0965,2.831,2.94,2.87,36.83,156.36,45.99,0.0072,0.0058,0.0107,6.51,86.16,4.95,0.007,0.0058,0.0089,151.51,12.35,139.59,0.0069,0.0059,0.0089,16000,1024,395.14,0.9751,0.0151,0.0084,0.0014
2026-08-27T22:26:40.247+02:00,1000,1024,1024,1056,42,322,1,2856,0,236,0,0.0237,0.0211,0.031,0.1102,0.0726,0.0892,3.617,2.88,2.86,41.76,22.03,100.81,0.007,0.0062,0.0103,3.05,36.29,26.4,0.0066,0.0055,0.0096,34.73,260.34,35.47,0.0068,0.0052,0.0093,16000,1024,488.38,0.9305,0.062,0.0065,0.001
2026-08-27T22:27:10.247+02:00,1000,1024,1024,1056,42,322,0,2856,0,236,0,0.0237,0.0225,0.0457,0.0874,0.0841,0.6879,3.153,3.175,99.436,78.27,55.74,141.26,0.0075,0.0079,0.0138,64.61,70.91,103.57,0.0064,0.0079,0.0121,219.66,192.69,337.85,0.0059,0.0063,0.0105,16000,1024,317.17,0.8868,0.0895,0.0205,0.0032
2026-08-27T22:27:40.246+02:00,1000,1024,1024,1056,42,322,0,2856,0,236,0,0.0231,0.0201,0.0478,0.0741,0.0728,0.6935,2.893,2.963,85.858,95.75,152.23,133.61,0.0072,0.0066,0.016,101.16,94.19,120.31,0.0078,0.0068,0.0152,21.72,23.42,5.27,0.0063,0.0056,0.0156,16000,1024,611.19,0.9305,0.0575,0.0106,0.0014
2026-08-27T22:28:10.247+02:00,1000,1024,1024,1056,42,322,0,2856,0,236,0,0.0228,0.0481,0.4026,0.0797,0.1977,1.7963,3.01,5.091,6.209,75.2,7.29,7.29,0.0067,0.0215,0.2076,151.74,11.61,12.01,0.0068,0.0143,0.1356,189.77,93.82,32.42,0.0067,0.0138,0.0921,16000,1024,413.31,0.97,0.0217,0.0071,0.0011
2026-08-27T22:28:40.249+02:00,1000,1024,1024,1056,42,322,0,2856,0,236,0,0.0227,0.0205,0.1478,0.0835,0.0648,1.5492,2.981,2.861,44.656,3.3,113.24,3.65,0.0084,0.0064,0.058,15.04,229.37,8.33,0.0082,0.0064,0.0503,23.58,20.55,179.52,0.0073,0.0062,0.0411,16000,1024,508.98,0.9578,0.0347,0.0066,0.0009
2026-08-27T22:29:10.249+02:00,1000,1024,1024,1056,42,322,0,2856,0,236,0,0.0241,0.0212,0.0305,0.0835,0.0679,0.0896,3.051,2.475,2.87,38.23,70.25,15.87,0.0078,0.0081,0.0119,254.87,51.19,49.73,0.0073,0.0079,0.0099,82.9,199.58,140.98,0.0071,0.0065,0.0093,16000,1024,321.91,0.8779,0.106,0.0126,0.0035
2026-08-27T22:29:40.249+02:00,1000,1024,1024,1056,42,322,0,2856,0,236,0,1.4697,0.2283,0.3166,2.1888,0.4093,1.7983,1.513,1.451,9.032,49.12,49.12,4.25,2.1148,0.3238,0.1162,147.27,147.26,101.68,0.0486,0.0541,0.1023,98.33,99.71,10.16,0.0374,0.0164,0.1086,16000,1024,496.1,0.7697,0.1927,0.0232,0.0144
2026-08-27T22:30:10.248+02:00,1000,1024,1024,1056,42,322,0,2856,0,236,0,1.2266,0.2259,0.0526,1.8444,0.3943,0.1692,1.542,1.511,2.717,49.27,49.28,49.18,1.7954,0.3253,0.0544,147.78,147.71,98.54,0.0591,0.0511,0.023,98.54,99.64,147.6,0.0305,0.0173,0.0185,16000,1024,352.51,0.7954,0.181,0.0167,0.0069
2026-08-27T22:30:40.251+02:00,1000,1024,1024,1056,42,322,1,2857,0,236,0,1.1752,0.2299,0.0434,1.7424,0.3862,0.1404,1.532,1.55,2.821,49.34,49.34,49.32,1.6964,0.3244,0.0326,45.23,148.24,98.45,0.0475,0.0412,0.0223,54.54,99.45,148.07,0.0408,0.0242,0.0231,16000,1024,539.88,0.8297,0.1516,0.0157,0.003
2026-08-27T22:31:10.250+02:00,1000,1024,1024,1056,42,322,0,2857,0,236,0,1.1437,0.232,0.0544,1.75,0.3995,0.6985,1.532,1.567,52.13,49.41,49.41,49.35,1.6585,0.3347,0.033,148.31,148.47,148.19,0.0452,0.041,0.0265,99.02,99.01,99.31,0.0328,0.0166,0.022,16000,1024,646.07,0.7135,0.271,0.0132,0.0023
2026-08-27T22:31:40.249+02:00,1000,1024,1024,1056,42,322,0,2857,0,236,0,1.1678,0.2323,0.0441,1.7429,0.4013,0.1575,1.53,1.53,3.208,49.39,49.39,49.31,1.7018,0.3351,0.0308,148.18,148.24,98.76,0.0481,0.042,0.0243,98.96,99.64,148.12,0.0373,0.0205,0.0159,16000,1024,468.92,0.6934,0.281,0.0202,0.0054
2026-08-27T22:32:10.252+02:00,1000,1024,1024,1056,42,322,0,2857,0,236,0,1.1454,0.2321,0.0455,1.7675,0.4038,0.1371,1.535,1.569,2.673,49.41,49.41,49.29,1.6631,0.3348,0.035,148.26,148.27,99.19,0.0502,0.0379,0.0308,98.74,100.41,148.27,0.0319,0.0126,0.017,16000,1024,425.07,0.5832,0.388,0.0223,0.0064
2026-08-27T22:32:40.257+02:00,1000,1024,1024,1056,42,323,0,2857,0,236,0,1.1226,0.2327,0.0556,1.6851,0.3925,0.679,1.534,1.538,45.257,49.37,49.38,98.93,1.6311,0.3384,0.0285,148.22,148.13,49.43,0.0459,0.0358,0.0295,98.56,100.36,148.09,0.0315,0.0174,0.0187,16000,1024,519.5,0.7057,0.2852,0.0071,0.002
2026-08-27T22:33:10.252+02:00,1000,1024,1024,1056,42,323,0,2857,0,236,0,1.1212,0.2334,0.0431,1.7063,0.3962,0.1413,1.544,1.542,3.338,49.36,49.35,99.16,1.6348,0.3377,0.027,148.11,148.17,49.17,0.0534,0.0382,0.0258,98.65,98.58,148.05,0.0303,0.01,0.0173,16000,1024,671.3,0.672,0.3157,0.0096,0.0027
2026-08-27T22:33:40.256+02:00,1000,1024,1024,1056,42,323,0,2857,0,236,0,1.1756,0.2252,0.2286,2.3306,0.3876,1.6875,1.572,1.556,24.229,49.34,49.33,1.72,1.725,0.3248,0.1034,148.08,147.96,7.9,0.0648,0.0472,0.0746,100.2,99.53,49.38,0.0239,0.0177,0.0811,16000,1024,517.3,0.5975,0.3825,0.0134,0.0067
2026-08-27T22:34:10.253+02:00,1000,1024,1024,1056,42,323,0,2857,0,236,0,1.2038,0.2274,0.1541,1.8334,0.3935,0.6773,1.543,1.497,12.646,49.33,49.33,168.06,1.7691,0.3301,0.0798,147.95,147.94,339.98,0.0608,0.0344,0.0708,98.73,99.41,172.36,0.0376,0.0262,0.0636,16000,1024,505.45,0.6173,0.3636,0.0153,0.0039
2026-08-27T22:34:40.254+02:00,1000,1024,1024,1056,42,323,0,2857,0,236,0,1.2524,0.2229,0.0523,1.9084,0.373,0.2184,1.543,1.489,3.554,49.33,49.33,49.35,1.8435,0.3252,0.051,147.99,147.9,98.64,0.0565,0.0328,0.0239,98.81,99.67,197.18,0.0392,0.022,0.0155,16000,1024,670.1,0.8884,0.1,0.009,0.0025
2026-08-27T22:35:10.254+02:00,1000,1024,1024,1056,42,323,0,2857,0,236,0,1.3004,0.2212,0.0548,1.992,0.3723,0.1879,1.542,1.472,2.853,49.31,49.32,49.3,1.9217,0.3216,0.0537,147.9,147.89,98.66,0.0633,0.0335,0.0219,98.76,99.62,147.84,0.042,0.0214,0.0212,16000,1024,541.87,0.8519,0.1316,0.0126,0.0039
2026-08-27T22:35:40.254+02:00,1000,1024,1024,1056,42,323,0,2857,0,236,0,1.3254,0.2184,0.0653,1.9931,0.3773,0.6442,1.544,1.464,20.458,49.31,49.31,49.25,1.9585,0.3203,0.0549,147.93,147.87,98.76,0.0667,0.0363,0.0296,98.72,99.57,147.76,0.039,0.0198,0.0254,16000,1024,774.03,0.8893,0.1024,0.0063,0.002
2026-08-27T22:36:10.254+02:00,1000,1024,1024,1056,42,323,0,2857,0,236,0,1.3482,0.2199,0.1695,2.0312,0.3683,0.6777,1.535,1.461,10.021,49.27,49.26,160.89,1.9681,0.3151,0.0716,147.78,147.94,338.4,0.0646,0.042,0.0764,98.54,99.93,437.72,0.0347,0.0216,0.0605,16000,1024,616.28,0.7932,0.1953,0.0095,0.002
2026-08-27T22:36:40.253+02:00,1000,1024,1024,1056,42,323,1,2858,0,236,0,1.3927,0.2109,0.2242,2.8155,0.3551,1.6569,1.577,1.493,19.418,49.26,49.28,48.98,2.0245,0.3049,0.0959,147.7,147.76,10.4,0.0748,0.0386,0.0851,38.8,100.21,4.06,0.0337,0.0198,0.0517,16000,1024,652.17,0.6972,0.2876,0.0119,0.0033
2026-08-27T22:37:10.255+02:00,1000,1024,1024,1056,42,323,0,2858,0,236,0,1.3723,0.2142,0.0672,2.0521,0.3603,0.5532,1.534,1.45,10.906,49.23,49.24,49.19,1.9987,0.3084,0.0702,147.62,147.54,98.26,0.0617,0.0342,0.0255,98.42,99.75,196.8,0.0426,0.0166,0.0183,16000,1024,470.68,0.7503,0.2323,0.0131,0.0043
2026-08-27T22:37:40.256+02:00,1000,1024,1024,1056,42,323,0,2858,0,236,0,1.4425,0.2107,0.1413,2.3371,0.3715,1.317,1.539,1.478,28.849,49.26,49.27,49.28,2.1064,0.3039,0.0894,147.73,147.63,5.0,0.0732,0.0337,0.0674,98.76,99.66,10.11,0.0341,0.0148,0.0559,16000,1024,1474.71,0.9104,0.0741,0.0116,0.004
2026-08-27T22:38:10.255+02:00,1000,1024,1024,1056,42,323,0,2858,0,236,0,1.4582,0.2136,0.0621,2.2132,0.3721,0.1763,1.542,1.473,2.681,49.26,49.27,49.28,2.1312,0.3095,0.0703,147.8,147.76,98.4,0.0712,0.0385,0.0279,98.36,100.16,196.89,0.0431,0.0193,0.0173,16000,1024,582.2,0.7144,0.2533,0.023,0.0093
2026-08-27T22:38:40.257+02:00,1000,1024,1024,1056,42,323,0,2858,0,236,0,1.4758,0.2116,0.0668,2.2403,0.3403,0.1931,1.542,1.433,2.545,49.11,49.11,49.09,2.1006,0.2963,0.0771,147.22,147.36,98.15,0.0778,0.0401,0.0271,53.42,99.38,147.36,0.0517,0.0176,0.0224,16000,1024,719.63,0.8935,0.1003,0.0045,0.0017
2026-08-27T22:39:10.259+02:00,1000,1024,1026,1058,42,323,1,2859,0,236,0,1.4914,0.2131,0.1523,2.2575,0.3796,0.7198,1.539,1.487,11.92,49.22,49.21,171.29,2.1664,0.3042,0.0591,147.65,147.74,488.46,0.0751,0.0422,0.0518,98.31,100.14,119.17,0.04,0.0225,0.048,16000,1024,453.13,0.7174,0.2694,0.0098,0.0034
2026-08-27T22:39:40.257+02:00,1000,1024,1024,1056,42,323,0,2859,0,236,0,1.5061,0.2146,0.0637,2.2504,0.36,0.2062,1.532,1.467,2.694,49.14,49.14,49.08,2.1533,0.3029,0.0713,147.43,147.56,98.71,0.0699,0.0405,0.0299,44.43,99.87,147.38,0.0361,0.0163,0.019,16000,1024,907.05,0.9513,0.042,0.0053,0.0014
2026-08-27T22:40:10.257+02:00,1000,1024,1024,1056,42,323,0,2859,0,236,0,1.5442,0.2123,0.0658,2.2929,0.3569,0.212,1.536,1.441,2.605,49.23,49.23,49.2,2.2504,0.3045,0.0726,147.69,147.55,147.61,0.0791,0.0436,0.0261,98.49,99.89,98.24,0.0387,0.0191,0.0282,16000,1024,776.4,0.9239,0.0667,0.0071,0.0023
2026-08-27T22:40:40.256+02:00,1000,1024,1024,1056,42,323,0,2859,0,236,0,1.5638,0.2097,0.0673,2.3427,0.3724,0.2012,1.535,1.476,2.579,49.23,49.24,49.26,2.2754,0.3041,0.0807,147.64,147.6,147.59,0.0795,0.0395,0.027,98.5,100.01,98.3,0.0415,0.0208,0.0256,16000,1024,555.58,0.7961,0.1867,0.0122,0.0051
2026-08-27T22:41:10.257+02:00,1000,1024,1024,1056,42,323,0,2859,0,236,0,1.5594,0.2099,0.0682,2.3019,0.3622,0.1955,1.533,1.458,2.59,49.21,49.22,49.25,2.2585,0.2997,0.0815,147.62,147.66,98.76,0.081,0.049,0.0294,98.33,100.13,147.7,0.0425,0.0208,0.0247,16000,1024,496.54,0.7159,0.2537,0.0226,0.0077
2026-08-27T22:41:40.257+02:00,1000,1024,1024,1056,42,323,0,2859,0,236,0,1.59,0.2132,0.1546,2.4129,0.3742,0.7324,1.534,1.452,11.753,49.2,49.2,171.96,2.3023,0.3038,0.063,147.54,147.61,338.86,0.0839,0.0453,0.0615,98.42,100.13,432.66,0.0397,0.0183,0.054,16000,1024,696.98,0.8654,0.12,0.0108,0.0038
2026-08-27T22:42:10.258+02:00,1000,1024,1024,1056,42,323,0,2859,0,236,0,1.6066,0.208,0.0938,2.4046,0.3413,0.6969,1.537,1.449,15.446,49.19,49.18,49.08,2.3345,0.2979,0.0835,147.56,147.56,98.23,0.0824,0.045,0.0291,98.45,99.99,26.29,0.0433,0.019,0.0208,16000,1024,534.92,0.7573,0.2186,0.0168,0.0072
2026-08-27T22:42:40.258+02:00,1000,1024,1024,1056,42,323,0,2859,0,236,0,1.5805,0.212,0.1487,2.361,0.3497,0.7027,1.532,1.45,12.814,49.17,49.16,147.41,2.2767,0.3022,0.0632,147.49,147.44,326.78,0.0833,0.0492,0.0583,98.24,100.07,498.83,0.0461,0.0217,0.0538,16000,1024,354.86,0.4573,0.4982,0.0363,0.0083
2026-08-27T22:43:10.259+02:00,1000,1024,1024,1056,42,323,0,2859,0,236,0,1.5919,0.2095,0.0721,2.3822,0.3625,0.2224,1.543,1.461,2.634,49.19,49.18,49.2,2.3132,0.2983,0.0825,147.51,147.51,98.77,0.0861,0.0458,0.0321,98.24,100.12,147.31,0.0457,0.019,0.0236,16000,1024,592.93,0.855,0.1288,0.0127,0.0034
2026-08-27T22:43:40.260+02:00,1000,1024,1024,1056,42,323,0,2859,0,236,0,1.6195,0.2108,0.0779,2.4254,0.3661,0.661,1.529,1.473,11.447,49.18,49.19,49.21,2.3282,0.2987,0.0846,147.5,147.66,147.46,0.0871,0.0464,0.0307,98.26,100.16,196.73,0.0471,0.0208,0.022,16000,1024,866.02,0.8092,0.1723,0.0145,0.0041
2026-08-27T22:44:10.261+02:00,1000,1024,1024,1056,42,323,0,2859,0,236,0,1.6212,0.209,0.0776,2.4323,0.3615,0.5216,1.539,1.47,5.875,49.18,49.18,49.19,2.3511,0.2963,0.0864,147.47,147.52,98.39,0.088,0.0465,0.033,98.46,99.79,147.64,0.0411,0.0207,0.022,16000,1024,646.94,0.8353,0.1499,0.0115,0.0034
2026-08-27T22:44:40.259+02:00,1000,1024,1024,1056,42,323,0,2859,0,236,0,1.6348,0.21,0.0761,2.4413,0.3715,0.2176,1.536,1.454,2.458,49.15,49.16,49.15,2.3598,0.3005,0.0934,147.42,147.51,98.34,0.0891,0.0517,0.0353,98.29,99.88,147.13,0.0439,0.0182,0.0237,16000,1024,545.72,0.7899,0.1851,0.019,0.0059
2026-08-27T22:45:10.261+02:00,1000,1024,1024,1056,42,323,0,2859,0,236,0,1.655,0.2084,0.0755,2.4759,0.3499,0.1896,1.543,1.474,2.344,49.17,49.18,49.22,2.3995,0.296,0.0963,147.45,147.37,147.55,0.095,0.0474,0.0291,98.26,100.02,98.22,0.043,0.0206,0.0241,16000,1024,504.89,0.6911,0.2737,0.0296,0.0056
2026-08-27T22:45:40.261+02:00,1000,1024,1024,1056,42,323,0,2859,0,236,0,1.6793,0.2086,0.0791,2.5011,0.3466,0.22,1.531,1.462,2.317,49.17,49.17,49.18,2.4188,0.297,0.0992,147.46,147.49,147.51,0.095,0.0471,0.028,98.17,100.15,98.91,0.0526,0.0189,0.0269,16000,1024,478.61,0.6503,0.3084,0.0338,0.0075
2026-08-27T22:46:10.261+02:00,1000,1024,1024,1056,42,323,0,2859,0,236,0,1.6836,0.2062,0.0774,2.5372,0.359,0.2087,1.532,1.468,2.47,49.17,49.17,49.17,2.4327,0.294,0.0938,147.51,147.43,147.48,0.0974,0.0548,0.0307,98.4,99.7,98.26,0.0435,0.0216,0.0308,16000,1024,602.58,0.8625,0.1238,0.0097,0.0039
2026-08-27T22:46:40.261+02:00,1000,1024,1024,1056,42,324,0,2859,0,236,0,1.733,0.2116,0.1773,2.5632,0.3689,0.7635,1.531,1.478,9.547,49.18,49.18,49.18,2.4965,0.3025,0.1041,147.54,147.52,338.0,0.0979,0.0497,0.0627,98.25,100.17,133.9,0.0463,0.0228,0.0552,16000,1024,691.41,0.8675,0.1207,0.0096,0.0021
2026-08-27T22:47:10.266+02:00,1000,1024,1024,1056,42,324,0,2859,0,236,0,1.7268,0.2161,0.3144,2.5722,0.4041,1.82,1.541,1.484,8.831,49.17,49.17,415.68,2.4914,0.3051,0.1265,147.52,147.47,3.17,0.0962,0.0542,0.1123,98.22,98.03,465.72,0.0503,0.0146,0.1104,16000,1024,799.58,0.8511,0.1354,0.0108,0.0027
2026-08-27T22:47:40.262+02:00,1000,1024,1024,1056,42,324,0,2859,0,236,0,1.7501,0.2155,0.29,2.6219,0.3957,1.5825,1.535,1.505,7.219,49.15,49.15,10.62,2.5245,0.3069,0.1394,147.44,147.44,3.88,0.0914,0.0596,0.0918,98.24,100.08,373.01,0.0368,0.024,0.0917,16000,1024,659.08,0.8455,0.1439,0.0086,0.002
2026-08-27T22:48:10.262+02:00,1000,1024,1024,1056,42,324,0,2859,0,236,0,1.791,0.2175,0.2803,2.6821,0.3997,1.3314,1.53,1.5,7.005,49.18,49.17,17.87,2.5791,0.308,0.104,147.52,147.42,327.68,0.0958,0.0566,0.0977,98.33,100.28,300.85,0.0474,0.0189,0.0838,16000,1024,972.18,0.8744,0.1146,0.0091,0.0019
2026-08-27T22:48:40.266+02:00,1000,1024,1024,1056,42,324,0,2859,0,236,0,1.7946,0.2165,0.2722,2.6495,0.3875,1.5905,1.533,1.483,8.631,49.17,49.19,10.42,2.5902,0.308,0.118,147.46,147.38,56.36,0.0984,0.0489,0.0839,98.35,99.95,406.65,0.0451,0.0276,0.0794,16000,1024,578.72,0.7874,0.1971,0.0126,0.0029
2026-08-27T22:49:10.264+02:00,1000,1024,1024,1056,42,325,0,2859,0,236,0,1.8268,0.2096,0.0883,2.6831,0.361,0.2375,1.522,1.474,2.091,49.17,49.18,49.21,2.6308,0.2989,0.1138,147.47,147.5,98.86,0.0924,0.0506,0.0291,98.18,100.08,147.33,0.056,0.0233,0.0249,16000,1024,809.84,0.7881,0.198,0.0109,0.003
2026-08-27T22:49:40.263+02:00,1000,1024,1024,1056,42,325,0,2859,0,236,0,1.8349,0.2085,0.0866,2.7166,0.3587,0.2117,1.523,1.486,2.173,49.18,49.17,49.16,2.6479,0.2961,0.1094,147.45,147.56,147.44,0.0997,0.0552,0.0278,98.33,100.0,98.41,0.0478,0.0206,0.026,16000,1024,929.06,0.879,0.1046,0.0128,0.0037
2026-08-27T22:50:10.265+02:00,1000,1024,1024,1056,42,326,0,2859,0,236,0,1.8069,0.2105,0.186,2.697,0.3742,0.7564,1.537,1.478,7.756,49.15,49.15,49.38,2.6103,0.3018,0.0689,147.42,147.32,340.46,0.1017,0.0521,0.0647,98.29,99.88,480.49,0.0459,0.0181,0.0565,16000,1024,680.42,0.7609,0.2183,0.0166,0.0042
2026-08-27T22:50:40.266+02:00,1000,1024,1024,1056,42,326,0,2859,0,236,0,1.83,0.2232,0.3629,2.705,0.4138,1.554,1.525,1.463,4.482,49.14,49.14,400.38,2.6234,0.3094,0.1254,147.38,147.38,147.59,0.0981,0.0549,0.1181,98.23,100.12,206.69,0.0457,0.0246,0.1231,16000,1024,515.65,0.5924,0.3837,0.0196,0.0042
2026-08-27T22:51:10.266+02:00,1000,1024,1024,1056,42,326,1,2860,0,236,0,1.8559,0.2217,0.3523,2.7917,0.4168,1.5379,1.535,1.512,4.818,49.04,49.04,313.09,2.5511,0.2967,0.1163,39.87,147.12,201.17,0.1279,0.0578,0.103,32.01,37.52,116.32,0.1172,0.0224,0.1019,16000,1024,640.26,0.7275,0.2612,0.0099,0.0014
2026-08-27T22:52:10.267+02:00,1000,1024,1024,1056,43,326,0,2866,0,236,0,1.8927,0.2099,0.0912,2.7938,0.3585,0.2565,1.527,1.512,2.21,49.04,49.05,49.04,2.6694,0.2931,0.1136,147.09,147.05,147.01,0.1015,0.0581,0.0303,53.25,100.03,98.36,0.0652,0.0232,0.023,16000,1024,507.83,0.5477,0.4313,0.0175,0.0035
2026-08-27T22:52:40.267+02:00,1000,1024,1024,1056,43,326,0,2866,0,236,0,1.9321,0.2063,0.0954,2.858,0.3608,0.2364,1.526,1.478,2.09,49.17,49.17,49.16,2.7936,0.2919,0.1235,147.5,147.43,98.26,0.1044,0.0546,0.0343,98.38,99.97,147.45,0.0502,0.0233,0.0276,16000,1024,651.32,0.6671,0.3033,0.0246,0.005
2026-08-27T22:53:10.266+02:00,1000,1024,1024,1056,43,326,0,2866,0,236,0,1.9317,0.2088,0.1481,2.8549,0.3655,0.7523,1.528,1.479,11.057,49.15,49.16,49.3,2.7915,0.296,0.1107,147.41,147.38,167.51,0.0992,0.054,0.0455,98.28,100.02,334.85,0.045,0.0206,0.0408,16000,1024,903.85,0.8409,0.1444,0.0128,0.0019
2026-08-27T22:53:40.268+02:00,1000,1024,1024,1056,43,326,0,2866,0,236,0,1.9796,0.2078,0.1412,3.49,0.3699,1.2758,1.531,1.529,22.627,49.16,49.17,49.08,2.8581,0.2921,0.1284,147.5,147.36,147.07,0.1068,0.057,0.0466,98.34,100.14,7.59,0.0365,0.022,0.0392,16000,1024,914.37,0.8204,0.1698,0.0085,0.0013
2026-08-27T22:54:10.268+02:00,1000,1024,1024,1056,43,326,0,2866,0,236,0,1.979,0.208,0.1654,3.493,0.3588,1.4555,1.534,1.52,27.121,49.15,49.16,48.99,2.8523,0.2919,0.1401,147.52,147.3,1.98,0.1129,0.0585,0.0538,98.22,99.96,147.59,0.0278,0.0173,0.0455,16000,1024,693.11,0.7744,0.2086,0.015,0.002
2026-08-27T22:54:40.267+02:00,1000,1024,1024,1056,43,326,0,2866,0,236,0,1.9881,0.2122,0.0987,2.9454,0.3605,0.2321,1.527,1.509,1.978,49.04,49.04,49.05,2.8179,0.2939,0.1256,147.05,147.01,97.7,0.1053,0.073,0.0292,53.31,99.85,146.87,0.0667,0.0254,0.0232,16000,1024,787.44,0.7037,0.2735,0.0188,0.004
2026-08-27T22:55:10.268+02:00,1000,1024,1024,1056,43,326,1,2867,0,236,0,2.0202,0.2213,0.3184,3.0099,0.4147,1.3399,1.518,1.496,5.039,49.19,49.17,49.69,2.8737,0.3054,0.1602,147.42,147.52,342.14,0.1049,0.0567,0.1235,44.43,99.65,323.39,0.0603,0.0228,0.1066,16000,1024,727.66,0.8379,0.1466,0.0132,0.0022
2026-08-27T22:55:40.270+02:00,1000,1024,1024,1056,43,326,0,2867,0,236,0,2.0388,0.2221,0.3015,3.0091,0.3941,1.6202,1.513,1.495,5.684,49.17,49.16,49.15,2.9529,0.3154,0.1002,147.49,147.48,296.54,0.1033,0.057,0.0932,98.26,100.11,126.39,0.0536,0.0241,0.0976,16000,1024,661.25,0.6584,0.3198,0.0183,0.0035
2026-08-27T22:56:10.268+02:00,1000,1024,1024,1056,43,326,0,2867,0,236,0,2.0429,0.2116,0.1041,2.9868,0.3743,0.2542,1.508,1.487,1.879,49.17,49.16,49.16,2.9425,0.3008,0.1345,147.46,147.55,98.49,0.1001,0.0595,0.0391,98.23,100.15,147.41,0.0553,0.0232,0.034,16000,1024,933.29,0.8334,0.1548,0.0099,0.0019
2026-08-27T22:56:40.269+02:00,1000,1024,1024,1056,43,326,0,2867,0,236,0,2.0872,0.2173,0.2641,3.0385,0.3964,1.3208,1.507,1.51,8.116,49.05,49.07,8.06,2.9502,0.3008,0.0992,147.11,147.05,48.99,0.0991,0.0562,0.0944,53.22,99.42,237.77,0.066,0.0249,0.0978,16000,1024,616.95,0.6904,0.2909,0.0164,0.0024
2026-08-27T22:57:10.271+02:00,1000,1024,1024,1056,43,326,0,2867,0,236,0,2.0968,0.2114,0.1074,3.0771,0.3564,0.2243,1.509,1.475,1.779,49.17,49.17,49.17,3.0231,0.2996,0.1424,147.46,147.5,147.46,0.0986,0.0575,0.0295,98.42,99.87,98.48,0.051,0.0202,0.0289,16000,1024,911.49,0.9151,0.0763,0.0076,0.001
2026-08-27T22:57:40.270+02:00,1000,1024,1024,1056,43,326,0,2867,0,236,0,2.0917,0.2121,0.1107,3.0588,0.3752,0.2534,1.509,1.49,1.688,49.17,49.16,49.18,3.0164,0.301,0.1512,147.44,147.57,147.46,0.1013,0.0588,0.0326,98.21,100.1,98.52,0.0589,0.0233,0.0317,16000,1024,844.9,0.7324,0.2512,0.014,0.0025
2026-08-27T22:58:10.272+02:00,1000,1024,1024,1056,43,326,0,2867,0,236,0,2.1132,0.2117,0.1101,3.1124,0.3701,0.2279,1.515,1.505,1.778,49.15,49.14,49.12,3.0591,0.2989,0.1471,147.33,147.27,147.33,0.0964,0.0611,0.0335,98.32,100.09,98.16,0.0532,0.0236,0.0271,16000,1024,609.08,0.5402,0.4291,0.0264,0.0043
2026-08-27T22:58:40.270+02:00,1000,1024,1024,1056,43,326,0,2867,0,236,0,2.105,0.2136,0.1074,3.0879,0.3525,0.222,1.509,1.487,1.821,49.15,49.14,49.13,3.0449,0.3021,0.1451,147.37,147.5,147.38,0.0976,0.0598,0.0308,98.31,100.02,98.25,0.0543,0.0191,0.0292,16000,1024,649.46,0.6833,0.2831,0.0283,0.0053
2026-08-27T22:59:10.272+02:00,1000,1024,1024,1056,43,326,0,2867,0,236,0,2.0978,0.2126,0.1598,3.1081,0.3719,0.7931,1.518,1.495,8.681,49.11,49.11,48.9,3.0227,0.2988,0.1005,147.34,147.26,423.04,0.0986,0.0566,0.0485,98.27,99.73,320.03,0.06,0.0247,0.0491,16000,1024,690.68,0.7981,0.1832,0.0159,0.0028
2026-08-27T22:59:40.273+02:00,1000,1024,1024,1056,43,326,0,2867,0,236,0,2.1413,0.2113,0.1104,3.1549,0.3784,0.2673,1.516,1.477,1.804,49.13,49.13,49.12,3.0922,0.2981,0.1459,147.4,147.41,147.33,0.1027,0.0598,0.0318,98.23,100.03,98.8,0.0545,0.0201,0.031,16000,1024,628.34,0.5499,0.4203,0.0261,0.0037
2026-08-27T23:00:10.272+02:00,1000,1024,1024,1056,43,326,0,2867,0,236,0,2.1437,0.2118,0.1112,3.1487,0.3758,0.2401,1.511,1.498,1.782,49.16,49.16,49.15,3.0959,0.301,0.1502,147.4,147.47,147.63,0.0978,0.0663,0.0282,98.27,100.0,98.38,0.0539,0.0243,0.0282,16000,1024,989.89,0.8092,0.1648,0.022,0.004
2026-08-27T23:00:40.273+02:00,1000,1024,1024,1056,43,326,0,2867,0,236,0,2.1765,0.2135,0.114,3.1749,0.3762,0.2457,1.507,1.502,1.785,49.17,49.17,49.16,3.143,0.3005,0.1509,147.49,147.5,98.58,0.1027,0.0606,0.0342,98.27,100.21,147.54,0.0541,0.0199,0.0278,16000,1024,678.66,0.6144,0.3623,0.02,0.0033
2026-08-27T23:01:10.274+02:00,1000,1024,1024,1056,43,326,2,2869,1,237,0,2.1241,0.211,0.1104,3.1237,0.364,0.2433,1.516,1.498,1.741,49.14,49.13,49.15,3.0619,0.298,0.1469,147.35,147.4,147.51,0.0961,0.0557,0.032,98.16,99.98,98.25,0.0551,0.0226,0.0306,16000,1024,1145.81,0.7928,0.192,0.0135,0.0018
2026-08-27T23:01:40.274+02:00,1000,1024,1024,1056,43,326,0,2869,0,237,0,2.0351,0.2124,0.1021,3.018,0.3812,0.2372,1.52,1.484,1.921,49.16,49.16,49.14,2.9452,0.3029,0.1326,147.44,147.35,147.54,0.099,0.0555,0.0316,98.29,100.07,98.24,0.059,0.0208,0.0247,16000,1024,1606.34,0.8935,0.0944,0.0108,0.0013
2026-08-27T23:02:10.274+02:00,1000,1024,1024,1056,43,326,1,2870,0,237,0,0.0231,0.0206,0.032,0.0731,0.0626,0.0961,2.893,2.938,2.835,52.64,99.77,91.8,0.0099,0.0066,0.0095,65.71,107.27,14.75,0.0066,0.0065,0.0085,173.29,7.9,67.72,0.0065,0.0064,0.0076,16000,1024,338.74,0.8822,0.101,0.0139,0.0028
2026-08-27T23:02:40.277+02:00,1000,1024,1024,1056,43,326,1,2871,0,237,0,0.0228,0.0215,0.0595,0.0691,0.0928,0.7548,2.883,3.66,97.652,84.26,43.95,176.93,0.0075,0.0073,0.013,106.3,8.69,8.12,0.0074,0.0072,0.0142,50.95,61.96,240.89,0.0071,0.0072,0.011,16000,1024,297.07,0.9202,0.0627,0.0148,0.0023
2026-08-27T23:03:10.276+02:00,1000,1024,1024,1056,43,326,0,2871,0,237,0,0.0236,0.0247,0.1735,0.0735,0.0927,0.742,2.792,3.588,11.897,120.96,339.85,339.77,0.0085,0.0098,0.0599,165.55,210.07,170.09,0.009,0.0069,0.0568,133.87,141.41,490.03,0.007,0.007,0.0483,16000,1024,501.64,0.9724,0.0169,0.0095,0.0011
2026-08-27T23:03:40.277+02:00,1000,1024,1024,1056,43,326,0,2871,0,237,0,0.0234,0.0263,0.1761,0.0805,0.0942,0.7046,2.916,3.476,10.911,16.9,71.4,402.26,0.0071,0.0088,0.0619,1.92,112.15,199.08,0.0065,0.0074,0.0535,91.06,23.8,361.09,0.0068,0.0075,0.0543,16000,1024,704.78,0.9437,0.0469,0.0077,0.0016
2026-08-27T23:04:10.281+02:00,1000,1024,1024,1056,43,326,0,2871,0,237,0,0.0229,0.0215,0.0311,0.0743,0.0687,0.114,3.082,2.822,3.075,82.45,4.68,71.64,0.0073,0.0069,0.0094,56.01,10.8,91.88,0.007,0.0062,0.0089,17.78,23.94,179.07,0.0067,0.0061,0.0085,16000,1024,383.09,0.9152,0.0657,0.0167,0.0024
2026-08-27T23:04:40.277+02:00,1000,1024,1024,1056,43,326,0,2871,0,237,0,0.0238,0.0379,0.3252,0.0816,0.1855,1.9032,3.441,4.895,8.454,123.92,9.67,9.66,0.008,0.0171,0.1624,108.54,5.37,5.37,0.0072,0.0133,0.1463,15.23,404.32,377.02,0.0069,0.0102,0.0913,16000,1024,373.88,0.9632,0.0279,0.008,0.0009
2026-08-27T23:05:10.275+02:00,1000,1024,1024,1056,43,326,0,2871,0,237,0,0.0227,0.021,0.0329,0.0758,0.0783,0.0976,2.909,3.417,2.726,42.08,15.93,14.9,0.0079,0.0069,0.0115,81.43,193.0,233.04,0.0064,0.0068,0.0105,66.73,123.44,67.69,0.0059,0.0059,0.0093,16000,1024,700.7,0.9756,0.0192,0.0046,0.0006
2026-08-27T23:05:40.278+02:00,1000,1024,1024,1056,43,327,0,2871,0,237,0,0.0235,0.0367,0.3164,0.0725,0.1543,1.6528,2.868,4.606,8.609,108.37,14.05,6.11,0.007,0.0159,0.1179,29.15,6.28,14.11,0.0063,0.0122,0.1208,203.75,175.5,30.39,0.006,0.0115,0.0973,16000,1024,652.57,0.9777,0.0195,0.0022,0.0005
2026-08-27T23:06:10.278+02:00,1000,1024,1024,1056,43,327,0,2871,0,237,0,0.0229,0.0434,0.4155,0.0656,0.1668,1.7585,2.937,3.068,3.788,58.08,58.48,116.12,0.0088,0.0144,0.1445,117.71,116.07,58.61,0.0092,0.0138,0.1374,96.66,474.5,474.41,0.0059,0.0129,0.1356,16000,1024,430.17,0.9643,0.028,0.0066,0.0011
2026-08-27T23:06:40.278+02:00,1000,1024,1024,1056,43,327,0,2871,0,237,0,0.0246,0.0204,0.0279,0.0762,0.0776,0.0817,2.914,2.998,2.641,80.34,64.49,215.86,0.0075,0.0061,0.0094,104.55,164.07,85.21,0.0072,0.0056,0.0093,35.84,81.41,90.83,0.0077,0.0059,0.0087,16000,1024,613.01,0.9772,0.0177,0.0046,0.0005
2026-08-27T23:07:10.279+02:00,1000,1024,1024,1056,43,327,0,2871,0,237,0,0.023,0.0221,0.0326,0.0767,0.0707,0.1012,3.047,3.079,2.777,150.74,86.08,19.61,0.0083,0.0068,0.0107,142.94,192.39,210.86,0.0073,0.0057,0.0106,89.84,98.98,142.92,0.0068,0.0059,0.0093,16000,1024,551.39,0.9552,0.0402,0.0038,0.0008
2026-08-27T23:07:40.279+02:00,1000,1024,1024,1056,43,327,0,2871,0,237,0,0.0232,0.042,0.4215,0.0971,0.14,1.4523,3.282,2.88,2.965,16.29,20.32,294.98,0.0075,0.0162,0.1576,65.1,295.03,19.76,0.0068,0.0148,0.1495,69.85,29.14,480.52,0.0071,0.014,0.1393,16000,1024,465.62,0.9673,0.0236,0.0078,0.0012
2026-08-27T23:08:10.278+02:00,1000,1024,1024,1056,43,327,0,2871,0,237,0,0.0234,0.0489,0.472,0.0778,0.1632,1.6722,3.059,3.143,3.361,20.83,194.46,158.42,0.008,0.0171,0.1597,255.55,19.4,339.97,0.007,0.0155,0.1429,104.9,339.96,194.61,0.007,0.0147,0.1481,16000,1024,519.07,0.9809,0.0153,0.0032,0.0006
2026-08-27T23:08:40.279+02:00,1000,1024,1024,1056,43,328,0,2871,0,237,0,0.0241,0.0202,0.0307,0.0812,0.0732,0.1142,2.887,3.088,3.188,78.89,171.84,129.85,0.0074,0.0052,0.0095,15.35,33.57,73.13,0.0075,0.0058,0.0091,29.53,82.39,79.22,0.0064,0.0054,0.0088,16000,1024,339.6,0.9115,0.0789,0.0079,0.0016
2026-08-27T23:09:10.280+02:00,1000,1024,1024,1056,43,328,0,2871,0,237,0,0.0245,0.0201,0.0321,0.0807,0.0779,0.1168,3.203,3.159,3.143,103.2,188.53,20.79,0.0079,0.0058,0.0135,124.66,81.18,140.95,0.0075,0.0059,0.0116,52.88,136.6,95.46,0.0069,0.0056,0.0105,16000,1024,462.16,0.9531,0.0377,0.0083,0.0009
2026-08-27T23:09:40.279+02:00,1000,1024,1024,1056,43,328,0,2871,0,237,0,0.0255,0.0217,0.0939,0.212,0.1134,1.9741,10.173,4.104,317.099,42.97,5.91,121.93,0.0066,0.0072,0.0097,116.81,96.31,98.65,0.0067,0.0075,0.0091,99.49,68.64,184.88,0.0065,0.0069,0.0094,16000,1024,766.78,0.9732,0.0232,0.003,0.0006
2026-08-27T23:10:10.306+02:00,1000,1024,1051,1083,43,328,2,2873,0,237,0,0.0232,0.0213,0.0425,0.0801,0.0815,0.6063,2.843,3.349,82.951,96.85,66.2,121.85,0.0072,0.0079,0.01,17.98,135.27,6.69,0.007,0.0083,0.0092,218.37,128.03,116.65,0.007,0.006,0.0101,16000,1024,349.63,0.9484,0.0358,0.0135,0.0023
2026-08-27T23:10:40.282+02:00,1000,1024,1024,1056,43,329,1,2874,1,238,0,0.0231,0.0215,0.0306,0.0859,0.0687,0.1041,3.12,2.837,2.997,5.14,147.05,140.82,0.0078,0.0073,0.0119,128.33,14.65,54.69,0.0067,0.0065,0.0091,24.0,165.62,82.72,0.0067,0.0071,0.0092,16000,1024,371.01,0.9536,0.036,0.0082,0.0022
2026-08-27T23:11:10.280+02:00,1000,1024,1024,1056,43,330,0,2874,0,238,0,0.0227,0.0212,0.0319,0.0871,0.0705,0.1018,3.122,3.21,2.841,17.62,19.43,22.96,0.0072,0.0068,0.0113,210.54,29.02,62.09,0.0066,0.0065,0.0103,174.5,154.16,185.43,0.0062,0.0057,0.0094,16000,1024,514.57,0.9739,0.0204,0.005,0.0007
2026-08-27T23:11:40.282+02:00,1000,1024,1024,1056,43,330,0,2874,0,238,0,0.0237,0.0483,0.4549,0.08,0.1701,1.7584,3.031,3.042,3.525,43.09,326.38,326.38,0.0076,0.0157,0.1595,65.93,74.06,61.35,0.0073,0.0141,0.1531,29.24,37.22,37.27,0.0066,0.0138,0.1504,16000,1024,1054.08,0.9456,0.0444,0.0082,0.0018
2026-08-27T23:12:10.282+02:00,1000,1024,1024,1056,43,330,0,2874,0,238,0,0.0242,0.0212,0.0305,0.0858,0.0663,0.1029,2.986,2.799,3.286,118.65,117.43,73.26,0.0083,0.0069,0.011,7.8,100.98,55.42,0.0074,0.0071,0.0105,2.57,74.84,95.38,0.0076,0.0067,0.0099,16000,1024,537.24,0.9792,0.0137,0.0062,0.0008
2026-08-27T23:12:40.283+02:00,1000,1024,1024,1056,43,330,0,2874,0,238,0,0.0245,0.021,0.0322,0.1014,0.0658,0.0979,3.281,2.926,2.825,14.94,97.89,68.47,0.0086,0.0069,0.0096,3.98,54.53,10.57,0.007,0.0058,0.0089,206.62,229.3,118.16,0.0067,0.0055,0.0083,16000,1024,295.49,0.9384,0.047,0.0123,0.0024
2026-08-27T23:13:10.283+02:00,1000,1024,1024,1056,43,330,0,2874,0,238,0,0.0234,0.021,0.0319,0.0781,0.064,0.1072,3.132,2.793,3.175,71.6,137.66,23.41,0.0075,0.0072,0.0089,10.84,201.48,38.45,0.0068,0.0058,0.009,42.21,123.49,188.96,0.0065,0.0066,0.01,16000,1024,258.72,0.8255,0.1506,0.0212,0.0028
2026-08-27T23:13:40.282+02:00,1000,1024,1024,1056,43,330,0,2874,0,238,0,0.0229,0.0213,0.0297,0.0774,0.069,0.108,3.144,2.966,3.258,44.71,165.33,48.49,0.0075,0.0067,0.0102,27.67,60.57,134.9,0.0077,0.0064,0.0092,33.15,91.88,99.38,0.0067,0.0064,0.0087,16000,1024,831.13,0.9227,0.0627,0.0121,0.0026
2026-08-27T23:14:10.283+02:00,1000,1024,1024,1056,43,330,0,2874,0,238,0,0.0241,0.0201,0.0335,0.0786,0.0775,0.1175,2.951,3.327,3.042,142.27,117.87,57.88,0.0071,0.0061,0.01,103.58,194.07,5.81,0.006,0.0059,0.0094,63.54,189.44,63.28,0.0056,0.0055,0.0095,16000,1024,363.42,0.9447,0.0457,0.008,0.0016
2026-08-27T23:14:40.284+02:00,1000,1024,1024,1056,43,330,0,2874,0,238,0,0.0239,0.0373,0.3271,0.1003,0.1578,1.6069,3.377,4.329,6.393,126.18,11.45,11.24,0.0084,0.0201,0.1974,88.89,386.36,355.43,0.008,0.0134,0.1034,42.78,29.2,386.43,0.0071,0.0114,0.1075,16000,1024,545.84,0.9764,0.0166,0.0065,0.0005
2026-08-27T23:15:10.283+02:00,1000,1024,1024,1056,43,330,0,2874,0,238,0,0.0235,0.0214,0.0337,0.0822,0.0736,0.1011,3.251,3.215,2.786,163.16,34.44,51.0,0.0088,0.0079,0.0107,8.15,88.72,156.48,0.0078,0.0074,0.0107,106.4,1.88,26.75,0.0062,0.0073,0.0098,16000,1024,472.53,0.94,0.0503,0.0082,0.0015
2026-08-27T23:15:40.284+02:00,1000,1024,1024,1056,43,330,0,2874,0,238,0,0.0237,0.0466,0.4282,0.0709,0.165,1.6734,2.724,2.981,3.262,142.61,300.1,300.04,0.0064,0.0196,0.1663,163.31,265.78,265.64,0.0065,0.0153,0.157,175.79,90.66,139.51,0.0061,0.0145,0.1526,16000,1024,3463.4,0.9715,0.0217,0.0055,0.0013
2026-08-27T23:16:10.284+02:00,1000,1024,1024,1056,43,332,0,2874,0,238,0,0.023,0.0211,0.0302,0.0691,0.0661,0.0914,3.136,2.793,2.666,28.39,28.21,51.64,0.0075,0.0067,0.0108,75.41,111.71,2.61,0.0075,0.0063,0.0086,47.77,4.12,227.47,0.0069,0.0057,0.0082,16000,1024,305.09,0.9548,0.0259,0.0172,0.0021
2026-08-27T23:16:40.284+02:00,1000,1024,1024,1056,43,332,0,2874,0,238,0,0.0223,0.0213,0.0308,0.0688,0.0649,0.0995,2.721,2.61,2.742,100.59,56.68,173.95,0.0082,0.0092,0.0093,158.1,20.92,54.8,0.007,0.0088,0.0087,255.81,77.87,23.44,0.0061,0.0076,0.0085,16000,1024,391.4,0.933,0.0597,0.0055,0.0017
2026-08-27T23:17:40.288+02:00,1000,1024,1024,1056,44,332,0,2878,0,242,0,0.0238,0.0224,0.0312,0.0817,0.0727,0.1131,2.906,2.94,3.166,160.66,54.33,230.03,0.0074,0.0088,0.0096,104.84,10.9,44.83,0.0072,0.0068,0.0086,116.93,84.28,112.54,0.007,0.0066,0.0082,16000,1024,409.7,0.9672,0.0225,0.0091,0.0012
2026-08-27T23:18:10.287+02:00,1000,1024,1024,1056,44,332,0,2878,0,242,0,0.0232,0.0198,0.1697,0.0853,0.0789,1.3944,2.8,3.226,36.459,248.79,65.52,5.96,0.0078,0.0072,0.0877,9.37,76.23,115.95,0.0069,0.0062,0.0551,38.46,123.74,189.0,0.0066,0.0064,0.056,16000,1024,478.12,0.9376,0.0367,0.0235,0.0022
2026-08-27T23:18:40.287+02:00,1000,1024,1024,1056,44,332,1,2879,1,243,0,0.0235,0.0212,0.0455,0.0723,0.0732,0.6934,2.87,2.861,108.126,59.43,90.71,86.32,0.0093,0.0077,0.0158,51.16,38.34,102.0,0.0083,0.0075,0.0166,64.15,178.43,220.31,0.0077,0.0071,0.0137,16000,1024,807.81,0.9651,0.0307,0.0036,0.0006
2026-08-27T23:19:10.286+02:00,1000,1024,1024,1056,44,332,0,2879,0,243,0,0.0234,0.0217,0.0311,0.0689,0.0678,0.0976,2.87,3.091,2.595,74.89,154.37,86.62,0.0078,0.0078,0.0102,85.2,120.99,23.65,0.0071,0.0062,0.0093,108.5,95.35,295.84,0.0067,0.0064,0.0091,16000,1024,436.64,0.9726,0.0207,0.0057,0.001
2026-08-27T23:19:40.289+02:00,1000,1024,1024,1056,44,332,0,2879,0,243,0,0.0214,0.0212,0.0326,0.0718,0.0837,0.0966,2.992,3.119,2.921,51.06,174.75,149.86,0.0085,0.0066,0.0138,170.21,92.06,6.86,0.0074,0.0064,0.0119,126.37,22.4,35.83,0.0064,0.0054,0.01,16000,1024,472.16,0.9416,0.0465,0.0106,0.0013
2026-08-27T23:20:10.287+02:00,1000,1024,1024,1056,44,332,0,2879,0,243,0,0.0225,0.0208,0.0415,0.0721,0.0628,0.6229,2.91,3.132,93.33,55.93,116.24,83.58,0.0066,0.0069,0.0153,189.8,283.96,135.91,0.007,0.0057,0.0128,103.2,197.47,155.18,0.0062,0.0054,0.0126,16000,1024,309.49,0.8398,0.1393,0.0185,0.0023
2026-08-27T23:20:40.288+02:00,1000,1024,1024,1056,44,332,8,2887,0,243,0,0.0254,0.0246,0.1812,0.076,0.1742,1.6998,2.758,8.999,25.317,13.76,6.95,16.1,0.0073,0.0082,0.0823,38.68,16.43,5.16,0.0069,0.0082,0.0581,50.04,141.42,225.82,0.0065,0.008,0.0552,16000,1024,435.06,0.9761,0.0169,0.0062,0.0008
2026-08-27T23:21:10.289+02:00,1000,1024,1024,1056,44,333,1,2888,0,243,0,0.0227,0.0202,0.1247,0.0693,0.0657,1.1553,2.723,3.09,28.791,109.42,108.9,1.96,0.007,0.0065,0.0383,187.23,64.21,7.93,0.0064,0.0059,0.0357,56.69,101.74,131.96,0.0062,0.0056,0.0253,16000,1024,615.67,0.9604,0.0296,0.0085,0.0014
2026-08-27T23:21:40.295+02:00,1000,1024,1024,1056,44,333,0,2888,0,243,0,0.0248,0.0203,0.0318,0.09,0.0743,0.1061,3.29,3.065,2.94,80.12,171.97,140.76,0.007,0.0069,0.0087,145.15,207.9,121.64,0.0078,0.006,0.0089,298.36,118.17,3.01,0.0071,0.0051,0.0082,16000,1024,331.27,0.901,0.0829,0.0139,0.0021
2026-08-27T23:22:10.290+02:00,1000,1024,1024,1056,44,333,0,2888,0,243,0,0.0225,0.0459,0.4118,0.0661,0.1723,1.7111,2.699,3.312,3.868,54.56,97.62,1.46,0.0079,0.0169,0.164,119.43,115.8,336.08,0.0071,0.0176,0.146,28.84,1.46,97.67,0.0068,0.0154,0.1331,16000,1024,381.35,0.9007,0.0773,0.0197,0.0023
2026-08-27T23:22:40.290+02:00,1000,1024,1024,1056,44,333,0,2888,0,243,0,0.0258,0.0209,0.046,0.1053,0.0602,0.7199,3.07,2.595,114.546,158.95,81.25,77.69,0.0081,0.0066,0.0157,98.57,88.5,16.42,0.0075,0.0066,0.0148,14.74,271.12,94.19,0.0074,0.0063,0.0144,16000,1024,467.14,0.9374,0.052,0.0093,0.0014
2026-08-27T23:23:10.289+02:00,1000,1024,1024,1056,44,333,0,2888,0,243,0,0.023,0.0212,0.03,0.0756,0.071,0.0902,3.157,2.938,3.008,122.38,37.35,126.3,0.0079,0.0074,0.0086,182.71,61.1,53.47,0.0066,0.0069,0.0081,109.61,43.51,61.41,0.0066,0.0068,0.0078,16000,1024,549.48,0.9763,0.0193,0.0039,0.0005
2026-08-27T23:23:40.290+02:00,1000,1024,1024,1056,44,333,0,2888,0,243,0,0.0243,0.0212,0.0296,0.072,0.0719,0.0905,2.939,2.854,2.674,64.3,196.86,137.01,0.0082,0.0063,0.0099,207.78,11.54,81.22,0.0073,0.006,0.0085,58.92,247.15,125.04,0.0067,0.0059,0.0083,16000,1024,424.86,0.9324,0.0563,0.0097,0.0015
2026-08-27T23:24:10.291+02:00,1000,1024,1024,1056,44,333,0,2888,0,243,0,0.0233,0.0462,0.3841,0.0894,0.1948,1.8559,3.166,4.709,7.133,54.86,11.15,8.58,0.0079,0.0282,0.1871,17.58,3.98,4.25,0.0076,0.0122,0.1121,60.45,99.74,31.09,0.0074,0.012,0.0971,16000,1024,221.21,0.8813,0.098,0.018,0.0027
2026-08-27T23:24:40.292+02:00,1000,1024,1024,1056,44,333,13,2901,0,243,0,0.0249,0.0252,0.1889,0.0879,0.1532,1.3397,3.472,5.524,10.604,70.57,17.79,278.16,0.0074,0.0087,0.0604,86.96,127.82,151.47,0.0072,0.0069,0.0538,104.5,107.38,427.0,0.0072,0.0064,0.0535,16000,1024,360.34,0.9285,0.059,0.0107,0.0017
2026-08-27T23:25:10.292+02:00,1000,1024,1024,1056,44,333,0,2901,0,243,0,0.0225,0.0263,0.1747,0.0827,0.0927,0.6983,2.965,3.768,10.673,69.56,165.05,132.66,0.0073,0.0086,0.0655,157.18,33.14,168.9,0.0067,0.0075,0.0638,76.22,85.96,340.07,0.0065,0.0073,0.0624,16000,1024,413.88,0.9232,0.0687,0.0069,0.0012
2026-08-27T23:25:40.293+02:00,1000,1024,1024,1056,44,333,0,2901,0,243,0,0.0236,0.0225,0.0302,0.0737,0.0709,0.1016,3.029,3.058,3.272,39.96,93.73,5.52,0.007,0.0069,0.0108,11.65,148.59,19.42,0.0068,0.0069,0.0092,45.61,22.33,145.94,0.0071,0.0069,0.0097,16000,1024,334.88,0.9655,0.026,0.0074,0.0011
2026-08-27T23:26:10.293+02:00,1000,1024,1024,1056,44,333,0,2901,0,243,0,0.0236,0.0228,0.031,0.101,0.0709,0.1023,3.227,2.85,2.915,80.66,86.42,5.02,0.0082,0.0076,0.0108,119.51,51.03,105.34,0.0072,0.0072,0.0105,46.7,111.32,60.17,0.0068,0.0067,0.0109,16000,1024,527.52,0.9626,0.0284,0.0078,0.0012
2026-08-27T23:26:40.292+02:00,1000,1024,1024,1056,44,333,1,2902,0,243,0,0.0232,0.0484,0.4408,0.0823,0.1707,1.6781,3.346,3.143,3.52,21.3,67.15,110.79,0.0078,0.0184,0.1634,156.16,110.5,460.74,0.0072,0.0171,0.1521,149.0,83.25,384.64,0.0077,0.0168,0.1511,16000,1024,373.67,0.9551,0.0336,0.0099,0.0013
2026-08-27T23:27:10.294+02:00,1000,1024,1024,1056,44,333,0,2902,0,243,0,0.0236,0.0208,0.0351,0.0804,0.0616,0.1329,3.093,2.771,3.167,8.14,171.3,21.34,0.0074,0.0076,0.0126,35.3,44.98,78.69,0.0067,0.0057,0.012,102.16,145.43,48.65,0.0063,0.0056,0.0098,16000,1024,350.84,0.942,0.0478,0.0087,0.0015
2026-08-27T23:27:40.293+02:00,1000,1024,1024,1056,44,333,0,2902,0,243,0,0.0231,0.0199,0.0334,0.081,0.0665,0.1185,3.063,3.064,3.199,118.45,171.47,22.36,0.0066,0.0063,0.0128,163.94,81.11,151.33,0.0061,0.0055,0.0109,99.17,107.13,113.38,0.0067,0.005,0.0101,16000,1024,756.55,0.9848,0.0116,0.0032,0.0004
2026-08-27T23:28:10.294+02:00,1000,1024,1024,1056,44,333,1,2903,0,243,0,0.0217,0.0212,0.1084,0.0882,0.0947,1.2664,3.278,3.198,59.515,72.67,2.83,3.76,0.0073,0.0067,0.0301,180.88,131.32,181.95,0.0061,0.0069,0.0268,8.55,15.85,498.33,0.0062,0.0057,0.0254,16000,1024,360.11,0.9011,0.0865,0.0105,0.0018
2026-08-27T23:28:40.296+02:00,1000,1024,1024,1056,44,334,1,2904,0,243,0,0.0241,0.0205,0.0322,0.0735,0.0752,0.11,2.957,2.913,2.742,44.02,101.44,28.93,0.0069,0.0065,0.012,135.04,90.94,151.83,0.0069,0.0061,0.0108,21.19,71.17,133.84,0.0067,0.0057,0.0092,16000,1024,353.47,0.9033,0.0676,0.0264,0.0027
2026-08-27T23:29:10.294+02:00,1000,1024,1024,1056,44,334,1,2905,0,243,0,0.024,0.0411,0.3311,0.0814,0.1694,1.5763,2.988,5.431,8.511,19.17,12.7,8.3,0.0086,0.0151,0.1507,116.52,8.3,12.61,0.0075,0.0146,0.1159,77.9,166.32,353.58,0.0073,0.0117,0.0913,16000,1024,507.31,0.9813,0.0122,0.0056,0.0009
2026-08-27T23:29:40.296+02:00,1000,1024,1024,1056,44,334,0,2905,0,243,0,0.0215,0.0216,0.0305,0.0881,0.0762,0.1135,3.62,3.049,2.876,116.07,34.31,35.18,0.0093,0.0077,0.0105,124.52,55.65,144.89,0.0079,0.0062,0.0098,97.79,3.88,81.99,0.0068,0.0059,0.0093,16000,1024,480.03,0.9648,0.0261,0.0081,0.001
2026-08-27T23:30:10.296+02:00,1000,1024,1024,1056,44,334,0,2905,0,243,0,0.0224,0.0209,0.0327,0.0862,0.0628,0.096,3.209,2.642,2.889,110.28,69.75,21.68,0.0078,0.0079,0.0118,169.7,102.21,168.25,0.0075,0.0069,0.0104,180.4,84.12,50.99,0.0074,0.0058,0.0098,16000,1024,453.67,0.9739,0.019,0.0064,0.0007
2026-08-27T23:30:40.297+02:00,1000,1024,1024,1056,44,334,0,2905,0,243,0,0.0231,0.0213,0.0308,0.0712,0.0648,0.102,2.691,2.67,3.104,25.53,39.12,101.42,0.0093,0.0073,0.0099,169.26,104.35,227.52,0.0086,0.0064,0.0095,202.21,97.82,52.35,0.0075,0.006,0.0089,16000,1024,316.47,0.9722,0.0141,0.0123,0.0014
2026-08-27T23:31:10.296+02:00,1000,1024,1024,1056,44,334,0,2905,0,243,0,0.0231,0.0203,0.0325,0.0811,0.0731,0.1037,3.152,3.284,2.664,56.15,20.86,194.36,0.0075,0.0057,0.0091,83.91,179.25,42.38,0.0058,0.0058,0.0092,63.32,131.67,66.56,0.0057,0.0054,0.0091,16000,1024,535.35,0.9732,0.0223,0.004,0.0005
2026-08-27T23:31:40.298+02:00,1000,1024,1024,1056,44,334,1,2906,0,243,0,0.0227,0.0219,0.0667,0.089,0.1514,1.2861,3.19,6.157,208.435,274.77,24.5,64.36,0.0066,0.0067,0.0194,170.09,70.46,4.58,0.0064,0.0066,0.0177,109.13,128.32,28.44,0.0067,0.0059,0.0169,16000,1024,715.03,0.9784,0.0144,0.0063,0.0009
2026-08-27T23:32:10.296+02:00,1000,1024,1024,1056,44,334,0,2906,0,243,0,0.0228,0.02,0.0316,0.0646,0.065,0.1049,2.633,2.826,3.146,108.32,57.69,13.01,0.0067,0.0067,0.0093,196.33,14.77,151.35,0.0064,0.0059,0.0084,6.32,241.73,130.51,0.0073,0.0053,0.0089,16000,1024,667.29,0.9887,0.009,0.002,0.0003
2026-08-27T23:32:40.300+02:00,1000,1024,1027,1060,44,334,1,2907,0,243,0,0.0244,0.0479,0.4275,0.0775,0.1514,1.4038,2.943,2.83,3.075,14.84,410.96,26.53,0.0068,0.0157,0.1563,102.77,222.75,410.85,0.0067,0.0154,0.1458,47.97,63.11,63.38,0.0064,0.0146,0.132,16000,1024,451.58,0.9572,0.032,0.0097,0.0011
2026-08-27T23:33:10.303+02:00,1000,1024,1024,1056,44,334,0,2907,0,243,0,0.0222,0.0208,0.0301,0.0677,0.0709,0.1442,2.945,3.049,3.841,19.31,92.66,101.98,0.0085,0.0064,0.0127,7.37,138.31,20.75,0.0071,0.0062,0.0087,127.39,68.66,82.99,0.0071,0.0061,0.0081,16000,1024,439.85,0.9815,0.0116,0.006,0.0009
2026-08-27T23:33:40.299+02:00,1000,1024,1024,1056,44,334,0,2907,0,243,0,0.024,0.0496,0.441,0.0965,0.1467,1.4039,3.314,2.735,3.097,89.88,41.2,41.22,0.0073,0.0177,0.1598,44.58,25.64,211.38,0.0075,0.0151,0.1489,27.43,10.68,142.91,0.0069,0.0135,0.1406,16000,1024,348.85,0.8839,0.0984,0.0157,0.002
2026-08-27T23:34:10.302+02:00,1000,1024,1024,1056,44,334,0,2907,0,243,0,0.0226,0.0199,0.0861,0.0736,0.0632,1.3426,3.24,3.013,103.121,39.97,81.81,30.39,0.0081,0.0065,0.0147,106.51,118.84,206.07,0.0063,0.0065,0.014,150.24,189.0,6.9,0.0061,0.0059,0.0128,16000,1024,589.76,0.9851,0.0111,0.0033,0.0005
2026-08-27T23:34:40.300+02:00,1000,1024,1024,1056,44,334,0,2907,0,243,0,0.0228,0.0207,0.0454,0.0668,0.0773,0.715,2.772,3.223,118.687,73.02,12.08,51.65,0.0078,0.0076,0.009,237.28,33.56,11.76,0.0069,0.0069,0.0089,128.76,103.52,17.94,0.0065,0.0062,0.0091,16000,1024,559.68,0.9668,0.0287,0.004,0.0006
2026-08-27T23:35:10.300+02:00,1000,1024,1024,1056,44,334,1,2908,0,243,0,0.0223,0.0214,0.0902,0.0769,0.0899,0.8661,2.88,3.415,41.3,24.18,118.88,6.8,0.0071,0.0076,0.0399,219.69,148.09,103.67,0.0063,0.0077,0.0327,92.11,83.66,422.22,0.0062,0.0071,0.0332,16000,1024,452.03,0.9448,0.0435,0.0104,0.0013
2026-08-27T23:35:40.299+02:00,1000,1024,1024,1056,44,334,0,2908,0,243,0,0.0228,0.0208,0.0306,0.0762,0.0818,0.099,2.837,3.325,2.761,28.79,19.96,125.02,0.0081,0.0078,0.0111,94.77,73.43,141.91,0.0068,0.0062,0.0095,18.63,141.78,15.0,0.0064,0.0062,0.0097,16000,1024,357.49,0.8385,0.1278,0.0297,0.004
2026-08-27T23:36:10.300+02:00,1000,1024,1024,1056,44,334,0,2908,0,243,0,0.0217,0.0205,0.0329,0.0797,0.0682,0.0954,3.131,2.896,2.704,87.74,31.82,18.74,0.0065,0.0079,0.0125,37.71,110.06,166.09,0.0068,0.0066,0.0116,108.45,27.55,183.54,0.0059,0.0063,0.0094,16000,1024,382.09,0.9141,0.0686,0.015,0.0022
2026-08-27T23:36:40.304+02:00,1000,1024,1024,1056,44,334,1,2909,0,243,0,0.0231,0.0227,0.0799,0.0738,0.089,1.3799,2.952,3.012,146.949,12.84,60.85,82.48,0.009,0.0083,0.0125,88.68,25.18,127.57,0.0068,0.0075,0.0109,109.21,36.24,69.73,0.0062,0.0073,0.0098,16000,1024,1117.43,0.9877,0.0093,0.0025,0.0005
2026-08-27T23:37:10.302+02:00,1000,1024,1024,1056,44,334,0,2909,0,243,0,0.0234,0.0207,0.0422,0.0747,0.0778,0.6085,3.007,3.019,83.847,55.36,189.61,5.77,0.01,0.0062,0.0101,153.92,121.0,29.85,0.0073,0.0059,0.0108,98.67,61.43,116.1,0.0068,0.0057,0.0091,16000,1024,409.66,0.9088,0.0728,0.0163,0.0021
2026-08-27T23:37:40.302+02:00,1000,1024,1024,1056,44,334,0,2909,0,243,0,0.0242,0.0203,0.0318,0.0764,0.0631,0.1592,2.61,3.001,3.881,64.77,91.46,96.75,0.0079,0.0066,0.0128,171.69,71.91,45.81,0.0075,0.0065,0.0103,121.1,64.29,50.88,0.0064,0.0063,0.0085,16000,1024,402.57,0.9047,0.0784,0.0142,0.0028
2026-08-27T23:38:10.303+02:00,1000,1024,1024,1056,44,334,0,2909,0,243,0,0.0223,0.0207,0.0458,0.0752,0.0715,0.6971,3.172,2.813,108.795,27.12,79.58,62.34,0.0072,0.0071,0.0113,46.0,84.19,271.85,0.007,0.0058,0.0106,8.69,90.19,23.66,0.0066,0.0059,0.0097,16000,1024,353.14,0.9303,0.0586,0.0099,0.0011
2026-08-27T23:38:40.301+02:00,1000,1024,1024,1056,44,334,0,2909,0,243,0,0.0249,0.0208,0.0325,0.0821,0.0642,0.1034,2.751,2.817,2.887,45.16,64.03,27.3,0.0103,0.0088,0.0137,56.55,34.41,76.26,0.0083,0.0078,0.0108,91.85,172.74,52.02,0.0074,0.0065,0.0107,16000,1024,587.74,0.9734,0.0206,0.0052,0.0008
2026-08-27T23:39:10.304+02:00,1000,1024,1024,1056,44,334,0,2909,0,243,0,0.0235,0.0205,0.0458,0.0708,0.0675,0.6864,2.744,3.149,101.607,75.2,53.91,94.86,0.0068,0.0083,0.0119,35.35,10.86,25.18,0.0067,0.0055,0.0111,59.69,289.06,171.69,0.0065,0.005,0.0107,16000,1024,861.72,0.9529,0.0398,0.0062,0.0011
2026-08-27T23:39:40.302+02:00,1000,1024,1024,1056,44,334,0,2909,0,243,0,0.0236,0.0283,0.1835,0.0934,0.1109,0.6679,3.403,4.114,9.146,134.36,162.26,336.08,0.0084,0.0136,0.1118,119.18,336.06,162.42,0.0068,0.0116,0.0869,186.88,132.38,498.71,0.0065,0.0111,0.0818,16000,1024,438.57,0.9403,0.0496,0.0087,0.0014
2026-08-27T23:40:10.304+02:00,1000,1024,1024,1056,44,334,1,2910,0,243,0,0.0234,0.0204,0.0312,0.0681,0.0672,0.0935,2.674,3.092,2.852,74.36,145.76,5.97,0.0094,0.0061,0.0101,159.53,4.62,69.62,0.0094,0.0059,0.0097,125.93,174.71,195.29,0.0072,0.0056,0.0084,16000,1024,548.07,0.9619,0.0281,0.0091,0.0009
2026-08-27T23:40:40.304+02:00,1000,1024,1024,1056,44,334,0,2910,0,243,0,0.0237,0.0202,0.0454,0.0718,0.1013,0.7065,3.062,3.493,108.401,18.01,213.87,39.08,0.01,0.0066,0.0115,66.11,44.01,83.06,0.0083,0.0062,0.0095,52.29,38.6,146.16,0.0072,0.0061,0.0096,16000,1024,282.68,0.9044,0.0699,0.0228,0.0029
2026-08-27T23:41:10.304+02:00,1000,1024,1024,1056,44,334,1,2911,0,243,0,0.0239,0.0205,0.0324,0.084,0.0657,0.121,3.008,3.05,2.8,105.9,102.16,132.69,0.0083,0.0064,0.012,11.88,172.17,117.66,0.0077,0.0059,0.012,32.28,3.94,5.09,0.0073,0.0054,0.0102,16000,1024,1273.85,0.9675,0.0251,0.0062,0.0012
2026-08-27T23:41:40.304+02:00,1000,1024,1024,1056,44,334,0,2911,0,243,0,0.0224,0.0199,0.0305,0.0779,0.0727,0.11,2.896,3.233,3.121,160.86,33.54,57.53,0.0098,0.0073,0.0101,31.83,132.19,40.41,0.0077,0.0075,0.0104,102.35,167.96,139.35,0.0061,0.0065,0.0098,16000,1024,966.51,0.9677,0.0285,0.0032,0.0005
2026-08-27T23:42:10.304+02:00,1000,1024,1024,1056,44,334,1,2912,0,243,0,0.0241,0.0215,0.0301,0.0895,0.068,0.0941,3.33,2.796,2.785,59.69,14.82,114.92,0.0101,0.0062,0.0108,137.49,107.13,12.92,0.0075,0.0059,0.0094,157.95,42.94,186.13,0.0069,0.0056,0.0098,16000,1024,432.28,0.9679,0.025,0.0061,0.001
2026-08-27T23:42:40.305+02:00,1000,1024,1024,1056,44,335,0,2912,0,243,0,0.023,0.0203,0.0317,0.0718,0.0661,0.0961,3.063,3.056,2.736,21.93,98.78,55.52,0.0089,0.0063,0.0107,115.16,143.19,27.7,0.0071,0.0056,0.0108,41.49,109.14,115.72,0.0075,0.0053,0.0116,16000,1024,317.93,0.8889,0.0618,0.0456,0.0038
2026-08-27T23:43:10.305+02:00,1000,1024,1024,1056,44,335,0,2912,0,243,0,0.0212,0.0207,0.121,0.0762,0.0733,1.2485,2.961,3.223,42.795,119.88,48.12,5.67,0.0065,0.0064,0.0141,20.41,143.95,110.29,0.0062,0.006,0.0114,64.55,183.12,122.85,0.006,0.0058,0.0116,16000,1024,392.57,0.9338,0.0542,0.0103,0.0017
2026-08-27T23:43:40.306+02:00,1000,1024,1024,1056,44,335,0,2912,0,243,0,0.0222,0.0202,0.0324,0.092,0.062,0.1067,3.18,2.742,2.923,146.51,11.84,39.53,0.0068,0.0057,0.0109,113.7,24.89,145.51,0.0069,0.0058,0.01,175.03,82.03,26.8,0.0063,0.0055,0.011,16000,1024,443.52,0.9365,0.0384,0.0235,0.0015
2026-08-27T23:44:10.307+02:00,1000,1024,1024,1056,44,335,0,2912,0,243,0,0.023,0.02,0.0328,0.0895,0.0738,0.1119,3.262,3.078,2.88,76.81,115.18,87.06,0.0085,0.0066,0.0103,5.32,91.87,141.71,0.0072,0.0057,0.0099,117.46,7.73,48.47,0.0066,0.0056,0.0098,16000,1024,426.41,0.9446,0.0494,0.0051,0.001
2026-08-27T23:44:40.306+02:00,1000,1024,1024,1056,44,335,0,2912,0,243,0,0.0236,0.0204,0.1453,0.0827,0.0603,1.2498,2.829,2.806,26.148,56.63,43.92,210.67,0.0074,0.0073,0.0195,18.73,271.76,2.48,0.0073,0.0058,0.0212,67.28,62.86,303.4,0.0064,0.0053,0.0204,16000,1024,382.82,0.9271,0.0599,0.0114,0.0016
2026-08-27T23:45:10.307+02:00,1000,1024,1024,1056,44,335,0,2912,0,243,0,0.0241,0.0189,0.031,0.0763,0.0626,0.1011,2.998,3.07,2.988,201.01,77.89,214.81,0.008,0.0066,0.0102,133.44,218.27,103.56,0.0076,0.006,0.0078,35.7,59.8,138.62,0.0074,0.0055,0.0076,16000,1024,503.37,0.9616,0.0341,0.0037,0.0005
2026-08-27T23:45:40.307+02:00,1000,1024,1024,1056,44,335,0,2912,0,243,0,0.0233,0.022,0.0315,0.0828,0.0804,0.0971,3.189,3.295,2.819,144.84,110.32,164.98,0.0089,0.0077,0.0105,9.42,77.93,154.9,0.0076,0.007,0.0101,79.09,190.24,3.63,0.0065,0.0066,0.0092,16000,1024,477.74,0.9356,0.055,0.008,0.0014
2026-08-27T23:46:10.307+02:00,1000,1024,1024,1056,44,335,0,2912,0,243,0,0.0221,0.0196,0.0321,0.067,0.071,0.1135,2.966,3.02,3.047,62.22,99.9,36.05,0.0077,0.0069,0.0123,187.69,198.37,29.66,0.0073,0.006,0.0106,99.26,136.01,184.78,0.0063,0.0054,0.0098,16000,1024,491.13,0.9317,0.0534,0.0137,0.0011
2026-08-27T23:46:40.308+02:00,1000,1024,1024,1056,44,335,0,2912,0,243,0,0.0236,0.0201,0.0323,0.0712,0.0685,0.1069,2.762,3.298,2.872,54.11,33.66,8.37,0.0084,0.0064,0.0135,87.29,26.92,25.7,0.0085,0.006,0.0113,111.69,273.05,86.11,0.007,0.0054,0.0096,16000,1024,606.31,0.9793,0.0163,0.0039,0.0005
2026-08-27T23:47:10.309+02:00,1000,1024,1024,1056,44,335,0,2912,0,243,0,0.0245,0.0214,0.1068,0.0691,0.0699,1.3307,2.745,3.092,58.476,11.67,250.98,4.33,0.0081,0.0063,0.0496,117.97,29.18,11.08,0.0078,0.0062,0.0441,112.33,330.52,18.18,0.0071,0.006,0.038,16000,1024,342.4,0.8791,0.0889,0.0287,0.0032
2026-08-27T23:47:40.310+02:00,1000,1024,1024,1056,44,335,0,2912,0,243,0,0.0237,0.0212,0.0321,0.0903,0.0616,0.1187,3.224,2.792,3.19,42.84,63.57,142.94,0.0088,0.007,0.011,135.82,34.92,196.61,0.0083,0.0063,0.0097,3.71,10.35,64.36,0.0062,0.0061,0.0092,16000,1024,416.63,0.9241,0.0594,0.0145,0.002
2026-08-27T23:48:10.314+02:00,1000,1024,1024,1056,44,335,0,2912,0,243,0,0.0223,0.0396,0.3151,0.0758,0.1743,1.5615,2.872,4.612,6.582,62.9,11.5,6.43,0.0097,0.0207,0.1567,180.42,6.46,11.27,0.0062,0.0196,0.1509,2.93,17.82,322.46,0.0058,0.011,0.0878,16000,1024,481.99,0.9591,0.0323,0.0078,0.0007
2026-08-27T23:48:40.309+02:00,1000,1024,1024,1056,44,335,0,2912,0,243,0,0.0246,0.0212,0.0453,0.09,0.0837,0.6716,2.91,3.036,94.688,99.27,151.5,69.98,0.0085,0.0071,0.0105,126.16,10.78,34.2,0.0075,0.0064,0.0095,31.72,31.2,213.79,0.0079,0.0058,0.0093,16000,1024,515.04,0.9642,0.0295,0.0054,0.0008
2026-08-27T23:49:10.312+02:00,1000,1024,1024,1056,44,335,0,2912,0,243,0,0.0215,0.0214,0.0567,0.0752,0.0913,0.7399,2.828,3.082,88.206,127.94,184.21,173.77,0.0075,0.0063,0.0177,89.06,3.52,55.04,0.0067,0.0062,0.0178,8.09,49.52,76.32,0.0064,0.0059,0.0163,16000,1024,480.17,0.9491,0.0373,0.0123,0.0012
2026-08-27T23:49:40.311+02:00,1000,1024,1024,1056,44,335,0,2912,0,243,0,0.0234,0.0203,0.0457,0.0846,0.0673,0.7028,3.132,3.041,107.848,201.37,73.75,125.79,0.0081,0.0063,0.0094,40.54,19.28,73.29,0.0089,0.0053,0.0091,78.96,28.94,207.75,0.0078,0.0054,0.0096,16000,1024,365.5,0.9579,0.0295,0.0109,0.0018
2026-08-27T23:50:10.311+02:00,1000,1024,1024,1056,44,335,1,2913,1,244,0,0.0231,0.0207,0.1134,0.073,0.0721,1.4145,2.748,2.753,86.35,20.05,77.81,3.56,0.0105,0.0065,0.0529,12.91,143.54,76.92,0.007,0.0059,0.038,78.68,43.42,70.37,0.0062,0.0067,0.0374,16000,1024,766.29,0.9784,0.0177,0.0035,0.0003
2026-08-27T23:50:40.311+02:00,1000,1024,1024,1056,44,335,0,2913,0,244,0,0.0231,0.0208,0.0423,0.0806,0.088,0.5753,2.901,3.336,65.167,92.69,60.45,94.46,0.0081,0.0064,0.0103,47.4,205.03,89.83,0.0082,0.0062,0.0095,176.0,188.73,106.96,0.0069,0.0059,0.0096,16000,1024,323.67,0.8736,0.113,0.0113,0.0022
2026-08-27T23:51:10.311+02:00,1000,1024,1024,1056,44,335,0,2913,0,244,0,0.0235,0.0199,0.0592,0.0833,0.0884,0.73,3.174,3.64,86.374,62.21,121.94,88.08,0.0098,0.0062,0.0193,99.09,66.47,5.02,0.0085,0.0058,0.019,111.51,97.47,199.73,0.0068,0.0058,0.0195,16000,1024,379.25,0.9167,0.0641,0.0168,0.0024
2026-08-27T23:51:40.313+02:00,1000,1024,1024,1056,44,335,0,2913,0,244,0,0.0233,0.0386,0.3052,0.0802,0.1679,1.5302,2.744,5.06,7.01,94.8,13.75,8.83,0.01,0.0124,0.1164,55.11,8.72,13.54,0.0109,0.0122,0.093,36.25,4.05,491.27,0.007,0.0121,0.0833,16000,1024,392.9,0.9214,0.062,0.0149,0.0017
2026-08-27T23:52:10.314+02:00,1000,1024,1024,1056,44,335,0,2913,0,244,0,0.0238,0.0203,0.0315,0.071,0.0776,0.1019,2.706,3.134,2.858,192.39,157.25,12.5,0.0075,0.007,0.0104,69.59,79.91,46.13,0.0072,0.0062,0.0093,120.92,41.61,56.71,0.0066,0.0059,0.0086,16000,1024,1684.73,0.9933,0.0047,0.0018,0.0002
2026-08-27T23:52:40.314+02:00,1000,1024,1024,1056,44,335,0,2913,0,244,0,0.023,0.0211,0.0325,0.0717,0.0655,0.0965,2.804,3.008,2.557,103.04,149.44,58.21,0.0086,0.0064,0.0105,129.34,141.47,132.87,0.008,0.0063,0.0097,6.63,32.65,149.13,0.0069,0.0067,0.0098,16000,1024,377.53,0.8708,0.109,0.0173,0.003
2026-08-27T23:53:10.315+02:00,1000,1024,1024,1056,44,335,0,2913,0,244,0,0.0229,0.0203,0.0301,0.0638,0.0671,0.0956,2.746,2.897,2.937,38.92,23.92,9.58,0.007,0.0075,0.0102,23.29,130.2,296.2,0.0065,0.0057,0.0085,7.96,37.83,153.97,0.0058,0.0054,0.0086,16000,1024,439.21,0.9609,0.0261,0.0115,0.0014
2026-08-27T23:53:40.316+02:00,1000,1024,1024,1056,44,335,0,2913,0,244,0,0.023,0.0216,0.0461,0.0842,0.108,0.6896,2.832,3.628,100.641,4.13,45.22,52.52,0.0095,0.0073,0.0153,96.28,17.01,134.75,0.0069,0.0077,0.0148,141.48,55.12,66.84,0.0063,0.0076,0.0139,16000,1024,503.62,0.9365,0.0539,0.0085,0.0011
2026-08-27T23:54:10.314+02:00,1000,1024,1024,1056,44,335,0,2913,0,244,0,0.0231,0.0208,0.0318,0.0822,0.0641,0.0983,3.23,2.975,2.875,59.56,115.97,39.01,0.0081,0.0079,0.0096,141.55,3.84,46.39,0.0061,0.0077,0.0098,171.16,124.61,198.42,0.0064,0.0055,0.0081,16000,1024,334.91,0.8845,0.0904,0.0229,0.0023
2026-08-27T23:54:40.316+02:00,1000,1024,1024,1056,44,335,0,2913,0,244,0,0.0223,0.0269,0.175,0.083,0.0947,0.7021,2.991,4.144,10.177,194.32,168.59,337.7,0.0066,0.0125,0.0863,154.7,337.82,168.76,0.0069,0.0102,0.0825,52.33,71.25,81.06,0.0067,0.0092,0.0623,16000,1024,234.25,0.8494,0.1202,0.0272,0.0031
2026-08-27T23:55:10.316+02:00,1000,1024,1024,1056,44,335,0,2913,0,244,0,0.0226,0.0406,0.3243,0.0742,0.1978,1.8069,3.034,6.194,9.65,213.73,9.44,9.69,0.0087,0.0165,0.1503,51.32,1.67,4.77,0.0081,0.0138,0.1164,21.32,300.28,300.19,0.0066,0.0136,0.1224,16000,1024,539.91,0.9619,0.0314,0.0057,0.001
2026-08-27T23:55:40.315+02:00,1000,1024,1024,1056,44,335,0,2913,0,244,0,0.0223,0.0218,0.0447,0.0727,0.068,0.6986,2.963,2.947,114.583,208.95,132.14,88.86,0.0062,0.0076,0.0126,36.84,63.98,31.03,0.0063,0.0078,0.0128,100.56,6.09,105.65,0.006,0.0066,0.0116,16000,1024,445.34,0.9327,0.0564,0.0096,0.0013
2026-08-27T23:56:10.315+02:00,1000,1024,1024,1056,44,335,0,2913,0,244,0,0.0236,0.0212,0.0335,0.0782,0.0737,0.1095,2.829,3.419,2.888,30.4,96.96,19.27,0.0083,0.0067,0.01,192.61,29.64,172.91,0.0072,0.0069,0.0091,159.31,5.65,10.47,0.0065,0.0061,0.0094,16000,1024,537.63,0.9662,0.0269,0.0061,0.0008
2026-08-27T23:56:40.316+02:00,1000,1024,1024,1056,44,335,1,2914,0,244,0,0.0229,0.0204,0.1064,0.0742,0.0677,1.3519,3.021,3.015,54.444,11.62,137.91,107.69,0.0089,0.0072,0.0323,67.62,174.03,6.08,0.0076,0.0061,0.0314,49.16,105.11,101.28,0.0061,0.0061,0.0291,16000,1024,427.82,0.949,0.0425,0.0078,0.0007
2026-08-27T23:57:10.318+02:00,1000,1024,1024,1056,44,335,0,2914,0,244,0,0.0219,0.0301,0.1909,0.0692,0.0972,0.7269,2.715,3.836,8.151,101.82,497.72,165.51,0.0092,0.0087,0.0915,284.71,50.95,497.76,0.0072,0.0083,0.0677,152.28,211.2,211.16,0.0062,0.0082,0.0672,16000,1024,365.1,0.9083,0.0689,0.0197,0.0031
2026-08-27T23:57:40.316+02:00,1000,1024,1024,1056,44,335,0,2914,0,244,0,0.0219,0.0198,0.0326,0.0751,0.0706,0.1022,2.817,3.089,3.039,80.63,8.34,23.83,0.0069,0.0063,0.0123,20.81,27.83,122.62,0.0069,0.0058,0.0114,202.15,40.99,133.63,0.0063,0.0053,0.0097,16000,1024,547.19,0.9733,0.0164,0.0094,0.0009
2026-08-27T23:58:10.318+02:00,1000,1024,1024,1056,44,336,0,2914,0,244,0,1.3231,0.2135,0.1179,2.2454,0.3685,1.4836,1.524,1.469,57.695,49.1,49.1,48.98,1.9003,0.3046,0.0738,147.2,147.12,97.75,0.0444,0.0562,0.0241,98.09,99.99,195.99,0.035,0.0199,0.021,16000,1024,410.58,0.7783,0.1889,0.0164,0.0164
2026-08-27T23:58:40.317+02:00,1000,1024,1024,1056,44,336,0,2914,0,244,0,1.1571,0.2235,0.0563,1.7377,0.3809,0.6786,1.528,1.532,39.285,49.31,49.31,49.39,1.6928,0.3221,0.0391,147.99,147.91,98.66,0.0489,0.0497,0.022,98.49,100.22,147.91,0.0362,0.02,0.0236,16000,1024,459.0,0.7948,0.1798,0.0203,0.0051
2026-08-27T23:59:10.318+02:00,1000,1024,1024,1056,44,336,0,2914,0,244,0,1.1377,0.2283,0.0428,1.7124,0.4102,0.1527,1.535,1.558,3.093,49.4,49.4,49.42,1.6563,0.3272,0.0334,148.25,148.49,99.01,0.0472,0.0443,0.0264,99.0,99.45,148.24,0.0346,0.0213,0.0158,16000,1024,563.74,0.8398,0.1397,0.0172,0.0033
2026-08-27T23:59:40.319+02:00,1000,1024,1024,1056,44,336,0,2914,0,244,0,1.1597,0.2336,0.1524,1.7443,0.6059,0.6874,1.524,1.601,13.41,49.43,49.44,335.23,1.6802,0.3322,0.0697,148.35,148.24,169.72,0.0422,0.0392,0.0607,98.71,100.39,494.95,0.0265,0.0139,0.0587,16000,1024,611.62,0.8182,0.1722,0.0077,0.0019
