ts,vib_fs,vib_n,ms_capture,ms_total,failed_bursts,bad_frames,retries,total_retries,cont_rejects,total_cont_rejects,unpublished_bursts,rms_x,rms_y,rms_z,peak_x,peak_y,peak_z,kurt_x,kurt_y,kurt_z,fdom_x,fdom_y,fdom_z,adom_x,adom_y,adom_z,f2_x,f2_y,f2_z,a2_x,a2_y,a2_z,f3_x,f3_y,f3_z,a3_x,a3_y,a3_z,aud_fs,aud_n,aud_rms,aud_b0,aud_b1,aud_b2,aud_b3
2026-08-26T11:44:42.084+02:00,1000,1024,1024,1056,7,9,1,291,1,94,0,0.1333,0.0426,0.0619,0.2824,0.368,0.2265,1.866,9.337,2.478,49.82,448.31,448.28,0.1801,0.2463,0.4024,398.51,398.5,398.51,0.0887,0.1216,0.1883,448.28,498.17,49.81,0.0768,0.1062,0.0677,16000,1024,1349.19,0.0252,0.9733,0.0009,0.0006
2026-08-26T11:45:42.070+02:00,1000,1024,1024,1056,8,9,30,327,11,105,0,0.1322,0.0484,0.0777,0.3528,0.3334,0.4934,1.908,10.097,7.349,49.78,447.97,448.01,0.1806,0.2324,0.372,398.18,398.09,398.14,0.0797,0.112,0.174,448.05,497.81,49.91,0.0703,0.0929,0.0629,16000,1024,1394.51,0.0268,0.9717,0.001,0.0004
2026-08-26T11:46:12.058+02:00,1000,1024,1024,1056,8,9,1,328,0,105,0,0.1317,0.0424,0.0614,0.2657,0.2285,0.2888,1.891,3.513,3.487,49.62,449.18,446.9,0.1803,0.1599,0.2603,397.15,397.15,397.17,0.0707,0.0957,0.1444,449.23,496.49,49.72,0.0468,0.0644,0.0596,16000,1024,1425.29,0.007,0.9916,0.001,0.0005
2026-08-26T11:46:42.051+02:00,1000,1024,1024,1056,8,9,0,328,0,105,0,0.1314,0.04,0.0608,0.2677,0.3098,0.1609,1.809,7.976,2.477,49.76,447.96,447.98,0.1806,0.2631,0.4105,398.19,398.19,398.18,0.0882,0.1214,0.19,447.99,497.73,49.74,0.0764,0.1029,0.0685,16000,1024,1318.72,0.0098,0.9888,0.0009,0.0005
2026-08-26T11:47:12.039+02:00,1000,1024,1024,1056,8,10,0,328,0,105,0,0.1334,0.0437,0.0617,0.279,0.3257,0.4665,1.85,9.833,6.443,49.71,447.82,447.77,0.1801,0.2146,0.3221,397.96,398.0,398.0,0.0768,0.0989,0.1644,447.84,497.47,49.72,0.0585,0.0872,0.0628,16000,1024,1269.4,0.0218,0.9765,0.001,0.0006
2026-08-26T11:48:12.024+02:00,1000,1024,1024,1056,9,10,4,352,4,110,0,0.133,0.0384,0.0634,0.274,0.1334,0.4298,1.845,2.682,4.685,49.7,447.43,447.49,0.1812,0.2079,0.3047,397.67,397.63,397.68,0.0671,0.0893,0.1426,447.45,497.12,49.69,0.0574,0.0752,0.0745,16000,1024,1303.13,0.008,0.9899,0.0011,0.001
2026-08-26T11:48:42.013+02:00,1000,1024,1024,1056,9,10,10,362,1,111,0,0.1317,0.0526,0.0822,0.3394,0.311,0.3937,1.989,6.784,5.452,49.64,447.54,447.6,0.1475,0.181,0.259,397.77,497.53,397.76,0.0548,0.0781,0.1202,447.53,397.71,452.61,0.0514,0.0723,0.0742,16000,1024,1329.64,0.0222,0.9758,0.0009,0.001
2026-08-26T11:49:12.004+02:00,1000,1024,1024,1056,9,10,3,365,0,111,0,0.1322,0.0451,0.0746,0.3019,0.4533,0.6568,1.838,18.067,10.317,49.75,447.68,447.71,0.1469,0.2153,0.3077,397.89,397.83,397.87,0.0621,0.0858,0.1378,447.74,497.49,452.3,0.0535,0.0819,0.0898,16000,1024,1331.57,0.0119,0.9868,0.0008,0.0005
2026-08-26T11:49:41.996+02:00,1000,1024,1026,1059,9,10,20,385,4,115,0,0.1344,0.067,0.096,0.3073,0.3176,0.3971,1.886,6.099,5.101,49.69,447.4,447.48,0.1292,0.1462,0.2061,38.91,451.66,452.76,0.0431,0.0676,0.0869,397.84,397.64,439.16,0.0451,0.0591,0.0839,16000,1024,1370.7,0.0114,0.9867,0.0013,0.0007
2026-08-26T11:50:11.986+02:00,1000,1024,1024,1056,9,10,1,386,0,115,0,0.1331,0.0396,0.0665,0.2718,0.2898,0.3356,1.797,7.762,3.593,49.76,448.1,448.09,0.1803,0.2802,0.3925,398.24,398.29,398.22,0.0761,0.1031,0.1661,448.15,497.84,49.77,0.0715,0.0951,0.0712,16000,1024,1315.11,0.0129,0.9844,0.0015,0.0012
2026-08-26T11:50:41.976+02:00,1000,1024,1024,1056,9,10,0,386,0,115,0,0.1354,0.0391,0.0645,0.2821,0.1761,0.4457,1.799,3.42,7.35,49.75,448.11,448.07,0.1845,0.2923,0.4037,398.2,398.25,398.23,0.0787,0.1057,0.1735,448.1,498.07,49.78,0.0705,0.092,0.0665,16000,1024,1346.69,0.0053,0.9926,0.0009,0.0012
2026-08-26T11:51:11.966+02:00,1000,1024,1024,1056,9,10,0,386,0,115,0,0.1348,0.0422,0.0643,0.2903,0.3527,0.5907,1.801,16.892,11.405,49.76,448.07,448.04,0.1842,0.3025,0.434,398.26,398.29,398.27,0.0817,0.1106,0.1781,448.03,497.83,49.72,0.0773,0.0847,0.0662,16000,1024,1408.24,0.0269,0.9716,0.0009,0.0007
2026-08-26T11:51:41.958+02:00,1000,1024,1024,1056,9,10,0,386,0,115,0,0.1337,0.0389,0.0619,0.2485,0.2435,0.4139,1.76,5.511,5.019,49.78,448.29,448.29,0.1827,0.3613,0.4972,398.48,398.45,398.46,0.0905,0.1164,0.1892,448.29,498.2,49.74,0.0837,0.0943,0.0645,16000,1024,1679.21,0.007,0.991,0.0013,0.0008
2026-08-26T11:52:11.950+02:00,1000,1024,1024,1056,9,10,0,386,0,115,0,0.1328,0.0412,0.0663,0.2541,0.5262,0.7243,1.764,35.833,19.187,49.79,448.04,448.02,0.1862,0.3845,0.5307,398.23,398.26,398.23,0.0958,0.1244,0.204,448.03,497.85,49.82,0.0904,0.1022,0.0692,16000,1024,1480.78,0.0542,0.944,0.0009,0.0009
2026-08-26T11:52:41.939+02:00,1000,1024,1024,1056,9,10,0,386,0,115,0,0.134,0.0365,0.0604,0.2797,0.1885,0.2681,1.795,4.361,2.995,49.8,448.34,448.35,0.1846,0.4108,0.5611,448.38,398.54,398.53,0.0956,0.1198,0.2055,398.51,498.12,49.82,0.0938,0.1013,0.0658,16000,1024,1533.89,0.0092,0.9893,0.0009,0.0006
2026-08-26T11:53:11.930+02:00,1000,1024,1024,1056,9,10,0,386,0,115,0,0.1352,0.0372,0.0618,0.2789,0.2465,0.4424,1.764,4.694,5.945,49.8,448.17,448.17,0.1876,0.3973,0.5355,398.38,398.4,398.38,0.0913,0.1185,0.1964,448.17,497.99,49.74,0.0893,0.1018,0.0643,16000,1024,1677.47,0.05,0.9488,0.0008,0.0004
2026-08-26T11:53:13.516+02:00,1000,1024,1024,1056,9,10,7,411,1,121,7,0.142,0.0628,0.0898,0.3291,0.4834,0.5542,1.878,14.294,8.801,49.86,448.16,448.29,0.1664,0.3054,0.3902,398.35,452.64,398.22,0.0628,0.1248,0.1344,448.06,398.55,452.72,0.0544,0.0831,0.1332,16000,1024,1729.98,0.0057,0.9924,0.0012,0.0007
2026-08-26T11:53:41.920+02:00,1000,1024,1024,1056,9,10,4,390,0,115,0,0.1382,0.0398,0.0641,0.2692,0.2744,0.4932,1.764,8.579,9.685,49.8,448.31,448.33,0.1913,0.3767,0.5006,398.46,398.42,398.41,0.0844,0.1135,0.1832,448.3,498.21,49.77,0.0804,0.0839,0.0679,16000,1024,1696.47,0.007,0.9911,0.0013,0.0006
2026-08-26T11:53:43.516+02:00,1000,1024,1024,1056,9,10,2,413,0,121,7,0.1389,0.0433,0.0732,0.2915,0.3497,0.444,1.854,9.951,6.544,49.83,448.25,448.25,0.1827,0.5164,0.6569,398.46,398.47,398.46,0.0984,0.1224,0.211,448.26,498.1,49.79,0.0915,0.0969,0.0678,16000,1024,1767.84,0.0056,0.9927,0.001,0.0007
2026-08-26T11:54:11.910+02:00,1000,1024,1024,1056,9,10,0,390,0,115,0,0.137,0.0341,0.0603,0.2864,0.1751,0.1549,1.787,3.8,2.358,49.77,448.29,448.33,0.1896,0.3137,0.427,398.35,398.26,398.25,0.0713,0.0961,0.1576,448.3,498.93,49.77,0.0676,0.0841,0.0693,16000,1024,1782.12,0.006,0.9928,0.0006,0.0005
2026-08-26T11:54:13.516+02:00,1000,1024,1024,1056,9,10,0,413,0,121,7,0.1363,0.0357,0.0582,0.2744,0.1873,0.2311,1.787,3.569,2.781,49.74,448.03,448.02,0.1865,0.4213,0.5223,398.16,398.14,398.21,0.0832,0.098,0.1752,447.99,497.4,49.73,0.0722,0.0777,0.0654,16000,1024,1823.81,0.0081,0.9866,0.0042,0.0011
2026-08-26T11:54:41.902+02:00,1000,1024,1024,1056,9,10,8,398,0,115,0,0.135,0.0624,0.0892,0.3645,0.4299,0.5685,1.862,11.87,7.118,49.8,447.38,447.38,0.1622,0.2559,0.3286,397.69,452.94,397.73,0.0562,0.0942,0.1241,447.36,497.2,452.71,0.0517,0.0768,0.1057,16000,1024,1417.25,0.0136,0.984,0.0015,0.0008
2026-08-26T11:54:43.516+02:00,1000,1024,1024,1056,9,10,1,414,0,121,7,0.1391,0.0378,0.0668,0.3164,0.2374,0.3394,1.795,5.74,4.301,49.72,447.73,447.74,0.1889,0.2327,0.4108,397.93,397.96,397.93,0.0811,0.0936,0.1729,447.75,498.01,49.64,0.0674,0.077,0.0667,16000,1024,1553.15,0.0241,0.9735,0.0015,0.0009
2026-08-26T11:55:13.517+02:00,1000,1024,1024,1056,9,10,1,415,0,121,7,0.1385,0.0427,0.0757,0.3076,0.4731,0.8618,1.802,37.795,40.317,49.82,448.25,448.24,0.1916,0.3009,0.5415,398.45,398.43,398.44,0.1008,0.1229,0.2193,448.23,498.07,49.87,0.0862,0.1073,0.0694,16000,1024,1412.72,0.024,0.9741,0.0012,0.0008
2026-08-26T11:55:43.517+02:00,1000,1024,1024,1056,9,10,0,415,0,121,7,0.1386,0.0365,0.0626,0.2861,0.3244,0.2949,1.791,10.194,2.783,49.72,447.8,447.83,0.1883,0.2384,0.4066,397.95,397.98,398.05,0.0746,0.0903,0.1625,447.8,497.66,49.76,0.0662,0.0901,0.07,16000,1024,1347.34,0.0092,0.9874,0.0017,0.0016
2026-08-26T11:56:13.517+02:00,1000,1024,1024,1056,9,10,1,416,1,122,7,0.1345,0.0381,0.0623,0.2732,0.1884,0.3787,1.79,3.818,5.164,49.71,447.77,447.73,0.1862,0.2456,0.4506,397.88,397.87,397.86,0.0819,0.1006,0.1733,447.64,498.47,49.86,0.072,0.0743,0.0651,16000,1024,1444.8,0.0224,0.9747,0.002,0.0009
2026-08-26T11:56:43.521+02:00,1000,1024,1024,1056,9,10,1,417,0,122,7,0.1402,0.0464,0.0794,0.29,0.3956,0.8024,1.863,11.919,22.7,49.78,448.05,448.06,0.1908,0.3348,0.5847,398.28,398.27,398.26,0.0995,0.1238,0.2212,448.06,497.86,49.84,0.0925,0.1017,0.0692,16000,1024,1752.66,0.0062,0.9909,0.0017,0.0011
2026-08-26T11:57:13.521+02:00,1000,1024,1024,1056,9,10,6,423,0,122,7,0.1445,0.0667,0.111,0.3823,0.5713,1.1866,1.942,19.144,21.963,49.66,447.24,447.13,0.1814,0.2614,0.5607,447.12,462.87,397.42,0.0586,0.0862,0.2361,99.76,499.33,451.66,0.0451,0.084,0.1558,16000,1024,1552.17,0.0143,0.9838,0.0011,0.0008
2026-08-26T11:58:13.525+02:00,1000,1024,1030,1063,10,10,7,436,2,130,7,0.1415,0.0452,0.0883,0.2813,0.3594,0.8488,1.742,10.401,18.472,49.65,447.38,447.43,0.1857,0.2621,0.5596,447.38,397.48,397.56,0.0752,0.0777,0.263,397.57,498.74,452.64,0.0611,0.0776,0.095,16000,1024,1894.99,0.0031,0.9963,0.0003,0.0003
2026-08-26T11:59:13.517+02:00,1000,1024,1024,1056,11,10,6,447,0,135,7,0.1399,0.0436,0.0837,0.2835,0.251,0.5356,1.775,7.328,11.761,49.74,447.75,447.85,0.1913,0.3203,0.6379,447.85,497.43,397.98,0.0834,0.0873,0.2588,398.03,397.96,443.85,0.0632,0.0818,0.0887,16000,1024,1988.54,0.0044,0.9949,0.0005,0.0003
2026-08-26T12:00:13.518+02:00,1000,1024,1024,1056,12,10,5,454,0,136,7,0.1407,0.054,0.0998,0.3188,0.3556,0.8525,1.866,10.194,14.714,49.8,448.02,448.04,0.1771,0.3885,0.7948,448.05,497.77,398.24,0.1067,0.0897,0.2885,398.28,398.29,454.05,0.0723,0.0813,0.0797,16000,1024,1987.5,0.003,0.9962,0.0004,0.0004
2026-08-26T12:00:43.524+02:00,1000,1024,1024,1056,12,10,3,457,1,137,7,0.1404,0.0506,0.0925,0.3111,0.5807,1.1577,1.873,29.188,41.261,49.76,447.94,447.93,0.1794,0.3202,0.6525,447.98,497.7,398.17,0.0878,0.0817,0.2621,398.12,453.37,439.2,0.0647,0.0786,0.1176,16000,1024,2008.93,0.0081,0.991,0.0005,0.0004
2026-08-26T12:01:13.519+02:00,1000,1024,1024,1056,12,10,2,459,2,139,7,0.14,0.0446,0.0729,0.2786,0.4989,0.6438,1.81,25.543,13.915,49.66,446.99,447.0,0.1926,0.3424,0.6744,447.01,453.38,397.27,0.0846,0.0773,0.2518,397.26,496.69,451.66,0.0635,0.08,0.1554,16000,1024,2229.87,0.0201,0.9791,0.0005,0.0003
2026-08-26T12:01:43.519+02:00,1000,1024,1024,1056,12,10,5,464,0,139,7,0.1401,0.0509,0.0989,0.3517,0.4159,0.6898,1.844,11.814,11.702,49.68,447.66,447.64,0.183,0.3474,0.6911,447.58,497.77,397.88,0.0867,0.0816,0.2659,397.85,397.89,454.39,0.0662,0.0685,0.1155,16000,1024,2013.08,0.0088,0.9906,0.0003,0.0003
2026-08-26T12:02:13.517+02:00,1000,1024,1024,1056,12,10,8,472,1,140,7,0.1369,0.0606,0.1108,0.2636,0.3758,0.7195,1.742,9.991,11.263,49.77,447.91,447.91,0.1677,0.398,0.7898,447.9,497.7,398.12,0.0948,0.0889,0.2905,398.14,398.2,434.72,0.0673,0.077,0.1106,16000,1024,2088.34,0.0072,0.9869,0.0033,0.0026
2026-08-26T12:02:43.520+02:00,1000,1024,1024,1056,12,10,10,482,7,147,7,0.14,0.0504,0.1055,0.3249,0.6069,1.2629,1.762,57.671,67.724,49.78,447.92,447.93,0.1946,0.4944,0.9698,447.92,497.68,398.17,0.1163,0.108,0.3309,398.18,398.13,49.79,0.0786,0.0981,0.0815,16000,1024,2105.8,0.0042,0.9952,0.0004,0.0002
2026-08-26T12:03:13.519+02:00,1000,1024,1024,1056,12,10,22,504,8,155,7,0.1417,0.0635,0.1156,0.2969,0.4347,1.0691,1.773,20.044,29.452,49.74,447.6,447.6,0.1967,0.3575,0.6958,447.6,451.66,397.73,0.0791,0.0855,0.2548,397.81,497.01,452.83,0.0647,0.0686,0.103,16000,1024,2423.06,0.0041,0.9951,0.0005,0.0002
2026-08-26T12:03:43.517+02:00,1000,1024,1024,1056,12,10,0,504,0,155,7,0.1404,0.039,0.0672,0.3066,0.3425,0.503,1.793,11.654,9.621,49.65,446.92,446.93,0.1925,0.3708,0.7411,446.89,451.66,397.2,0.0953,0.1164,0.2673,397.2,499.37,451.66,0.0694,0.086,0.1505,16000,1024,2039.93,0.0097,0.9896,0.0005,0.0003
2026-08-26T12:04:43.541+02:00,1000,1024,1024,1057,13,12,0,514,0,155,7,0.1394,0.0388,0.0675,0.2754,0.3666,0.6865,1.754,15.337,13.965,49.74,447.78,447.76,0.1926,0.407,0.785,447.72,497.87,397.9,0.0958,0.091,0.299,397.91,397.96,442.87,0.0769,0.0843,0.0761,16000,1024,2092.43,0.0066,0.9925,0.0004,0.0005
2026-08-26T12:05:13.540+02:00,1000,1024,1024,1056,13,12,11,525,8,163,7,0.1402,0.0558,0.1031,0.3909,0.6553,1.4681,1.817,32.511,62.219,49.76,447.98,447.97,0.1892,0.4888,0.9692,448.0,398.2,398.2,0.1056,0.0986,0.3358,398.19,497.67,49.7,0.0835,0.1055,0.0712,16000,1024,2165.01,0.0023,0.997,0.0004,0.0002
2026-08-26T12:05:43.540+02:00,1000,1024,1024,1056,13,12,3,528,0,163,7,0.1394,0.0462,0.0959,0.2996,0.3577,0.8461,1.8,12.696,17.097,49.75,448.05,448.05,0.186,0.5035,0.997,448.04,497.9,398.29,0.0937,0.1005,0.3418,398.29,398.24,49.67,0.0841,0.0972,0.066,16000,1024,1535.09,0.0056,0.9917,0.0022,0.0004
2026-08-26T12:06:13.540+02:00,1000,1024,1024,1056,13,13,6,534,0,163,7,0.1403,0.0631,0.133,0.2972,0.3874,1.1437,1.766,15.375,20.063,49.82,448.1,448.08,0.1828,0.5111,1.01,448.11,497.79,398.31,0.0928,0.1057,0.3432,398.28,398.32,49.61,0.0736,0.089,0.0647,16000,1024,1912.79,0.0066,0.9925,0.0005,0.0003
2026-08-26T12:06:43.559+02:00,1000,1024,1024,1056,13,13,4,538,3,166,7,0.1434,0.0473,0.0942,0.307,0.419,1.0221,1.851,26.627,45.211,49.78,448.04,448.06,0.1973,0.5304,1.0384,448.06,497.86,398.24,0.0974,0.1082,0.3509,398.28,398.21,49.71,0.0775,0.0961,0.078,16000,1024,2068.07,0.0133,0.9859,0.0004,0.0004
2026-08-26T12:07:13.540+02:00,1000,1024,1024,1056,13,13,0,538,0,166,7,0.1402,0.0365,0.0752,0.28,0.2696,0.9515,1.812,6.813,37.116,49.82,448.31,448.3,0.1923,0.5453,1.0697,448.32,498.15,398.52,0.0981,0.1117,0.3564,398.49,398.51,49.85,0.0782,0.0979,0.0728,16000,1024,1987.73,0.0046,0.9947,0.0004,0.0003
2026-08-26T12:07:43.545+02:00,1000,1024,1024,1056,13,13,1,539,1,167,7,0.1405,0.0501,0.0814,0.2809,0.5397,1.0733,1.826,49.168,55.53,49.79,448.06,448.06,0.1898,0.4986,0.9817,398.24,497.84,398.24,0.0901,0.1001,0.3407,448.07,398.26,49.81,0.0869,0.0957,0.0556,16000,1024,2325.34,0.0022,0.9974,0.0002,0.0002
2026-08-26T12:08:13.541+02:00,1000,1024,1024,1056,13,14,12,551,0,167,7,0.1402,0.0713,0.1456,0.3733,0.6748,1.2588,1.979,17.374,17.142,49.56,447.38,447.36,0.1633,0.295,0.5833,397.58,399.18,397.45,0.0623,0.0632,0.2151,447.41,497.35,310.37,0.0502,0.0551,0.0965,16000,1024,2303.58,0.0151,0.9843,0.0003,0.0003
2026-08-26T12:09:13.540+02:00,1000,1024,1024,1056,14,14,4,557,0,167,7,0.1433,0.0555,0.1083,0.3045,0.3484,0.9907,1.852,10.503,18.222,49.73,447.76,447.72,0.1828,0.3116,0.6918,397.87,397.91,397.91,0.0737,0.0727,0.2488,447.75,498.48,453.66,0.0554,0.0687,0.1148,16000,1024,2182.56,0.0081,0.991,0.0007,0.0002
2026-08-26T12:09:43.540+02:00,1000,1024,1024,1056,14,14,9,566,2,169,7,0.1413,0.0595,0.1121,0.4231,0.4384,0.7934,1.931,13.251,14.228,49.67,447.16,447.17,0.1684,0.271,0.5554,397.39,451.66,397.45,0.0622,0.0862,0.2052,447.12,397.23,442.33,0.0436,0.0754,0.1369,16000,1024,2056.83,0.0114,0.9874,0.0008,0.0003
2026-08-26T12:10:13.540+02:00,1000,1024,1024,1056,14,14,5,571,4,173,7,0.1394,0.0418,0.0884,0.2762,0.3704,0.7212,1.779,18.838,26.907,49.62,446.98,446.97,0.1929,0.3318,0.66,397.27,453.43,397.27,0.0711,0.08,0.2397,447.06,397.29,452.64,0.0453,0.0757,0.1499,16000,1024,2091.74,0.0073,0.9919,0.0005,0.0003
2026-08-26T12:10:43.540+02:00,1000,1024,1024,1056,14,14,7,578,4,177,7,0.1362,0.046,0.0899,0.2657,0.4498,0.9478,1.76,27.937,37.176,49.67,446.94,446.92,0.1848,0.337,0.7227,397.23,451.66,397.24,0.0694,0.1097,0.2365,446.94,499.36,451.66,0.0459,0.0808,0.1641,16000,1024,2097.43,0.0266,0.9728,0.0004,0.0003
2026-08-26T12:11:13.543+02:00,1000,1024,1024,1056,14,14,2,580,0,177,7,0.1394,0.0418,0.0683,0.2947,0.5396,0.6928,1.773,39.218,17.765,49.75,447.9,447.92,0.1908,0.3908,0.7829,398.05,497.79,398.01,0.0806,0.0948,0.2754,447.93,397.98,49.73,0.0527,0.0896,0.0686,16000,1024,1870.15,0.027,0.9723,0.0005,0.0002
2026-08-26T12:11:43.547+02:00,1000,1024,1029,1062,14,14,8,588,1,178,7,0.1403,0.0552,0.1114,0.345,0.5882,0.7893,1.861,22.697,15.659,49.78,448.05,448.06,0.1789,0.4222,0.8581,398.29,497.79,398.27,0.0908,0.1019,0.2908,448.01,398.31,49.59,0.0497,0.0952,0.0622,16000,1024,1749.25,0.0094,0.9896,0.0005,0.0005
2026-08-26T12:12:13.541+02:00,1000,1024,1024,1056,14,14,3,591,0,178,7,0.1425,0.0422,0.0889,0.3302,0.2804,0.819,1.908,6.909,19.663,49.77,448.04,448.03,0.1925,0.4456,0.898,398.26,398.28,398.25,0.0929,0.0984,0.3087,448.06,497.85,49.79,0.0537,0.0989,0.0693,16000,1024,1771.17,0.003,0.9961,0.0005,0.0004
2026-08-26T12:12:43.542+02:00,1000,1024,1024,1056,14,14,6,597,5,183,7,0.1419,0.0466,0.0784,0.28,0.379,0.8904,1.807,17.397,30.322,49.7,447.31,447.29,0.1923,0.3212,0.6445,397.52,451.66,397.52,0.0714,0.0906,0.2518,99.57,397.62,452.64,0.0439,0.0796,0.0981,16000,1024,1937.52,0.0134,0.9859,0.0004,0.0003
2026-08-26T12:13:13.542+02:00,1000,1024,1024,1056,14,14,4,601,0,183,7,0.142,0.0521,0.1083,0.2968,0.3191,0.5885,1.848,8.789,9.456,49.68,447.69,447.67,0.1579,0.3166,0.6364,397.89,452.08,397.83,0.0715,0.0703,0.2275,99.86,439.83,440.0,0.0398,0.0612,0.1135,16000,1024,1836.71,0.0052,0.9939,0.0006,0.0003
2026-08-26T12:13:36.436+02:00,1000,1024,1024,1056,0,0,0,1,0,0,1,0.1471,0.0372,0.062,0.284,0.1391,0.182,1.831,2.865,2.383,49.77,448.06,448.03,0.1974,0.3177,0.7322,448.06,498.08,398.22,0.0995,0.0881,0.2013,398.2,398.23,49.8,0.0684,0.0711,0.069,16000,1024,1950.94,0.014,0.9845,0.0007,0.0008
2026-08-26T12:13:43.542+02:00,1000,1024,1024,1056,14,14,20,621,10,193,7,0.1411,0.0393,0.0804,0.328,0.2171,0.7111,1.813,5.451,17.999,49.76,447.89,447.87,0.1944,0.4458,0.8987,398.16,398.16,398.19,0.09,0.1078,0.3013,447.89,497.65,49.62,0.0569,0.0943,0.0776,16000,1024,1654.52,0.0326,0.9667,0.0004,0.0003
2026-08-26T12:14:13.543+02:00,1000,1024,1024,1056,14,14,7,628,2,195,7,0.1425,0.0475,0.086,0.3218,0.2589,0.6898,1.873,8.71,15.621,49.75,447.96,447.97,0.1895,0.4486,0.9065,398.18,398.22,398.18,0.0954,0.1077,0.3238,447.98,497.64,49.91,0.0513,0.0975,0.0674,16000,1024,1851.8,0.0174,0.9814,0.0008,0.0004
2026-08-26T12:14:43.543+02:00,1000,1024,1024,1056,14,14,5,633,1,196,7,0.1416,0.0509,0.1088,0.3519,0.2952,0.9365,1.89,10.435,18.295,49.72,447.53,447.53,0.1824,0.3177,0.6536,397.76,397.77,397.69,0.07,0.0856,0.2336,447.46,498.83,452.74,0.0396,0.0755,0.1297,16000,1024,1708.14,0.0057,0.9935,0.0004,0.0005
2026-08-26T12:18:06.432+02:00,1000,1024,1024,1056,0,0,15,61,1,3,1,0.1457,0.0705,0.155,0.359,0.3496,0.9417,1.914,7.324,8.812,49.94,448.02,448.02,0.1445,0.2175,0.5145,448.04,234.02,234.05,0.0822,0.0761,0.1746,27.68,426.03,290.08,0.0507,0.0644,0.1378,16000,1024,1539.3,0.0056,0.9931,0.0006,0.0007
2026-08-26T12:18:36.432+02:00,1000,1024,1024,1056,0,0,18,79,1,4,1,0.1439,0.077,0.1683,0.3793,0.3953,0.8804,1.92,5.543,6.877,49.74,447.18,447.12,0.1234,0.2034,0.4687,447.14,463.78,432.81,0.081,0.089,0.2049,35.84,432.82,463.78,0.0547,0.0854,0.1968,16000,1024,1752.25,0.0042,0.9946,0.0008,0.0003
2026-08-26T12:19:06.437+02:00,1000,1024,1024,1056,0,0,0,79,0,4,1,0.1458,0.0378,0.0679,0.2804,0.271,0.5356,1.77,6.964,8.107,49.77,448.09,448.08,0.1971,0.4258,0.9512,448.09,497.99,398.37,0.154,0.0905,0.2176,398.33,398.37,49.74,0.0529,0.0692,0.073,16000,1024,1624.06,0.0094,0.9897,0.0005,0.0004
2026-08-26T12:19:36.438+02:00,1000,1024,1024,1056,0,1,0,79,0,4,1,0.1458,0.0443,0.0901,0.2745,0.6188,1.5497,1.798,51.65,116.011,49.78,448.05,448.04,0.2001,0.4543,1.0624,448.06,497.8,398.22,0.1386,0.1267,0.3015,497.75,398.24,497.82,0.0626,0.0703,0.0786,16000,1024,1732.14,0.0174,0.9819,0.0004,0.0003
2026-08-26T12:20:06.436+02:00,1000,1024,1024,1056,0,1,18,97,1,5,1,0.144,0.0778,0.1898,0.3475,0.4116,1.0462,1.919,6.247,7.445,49.59,447.31,447.31,0.124,0.1955,0.5041,447.3,248.65,248.64,0.064,0.0749,0.212,23.28,480.21,237.54,0.0523,0.0606,0.1525,16000,1024,1076.55,0.0786,0.9183,0.0022,0.0009
2026-08-26T12:20:36.436+02:00,1000,1024,1024,1056,0,1,0,97,0,5,1,0.043,0.0272,0.1639,0.1145,0.0918,0.3329,2.274,2.979,1.617,99.77,399.17,99.82,0.0547,0.0311,0.2398,498.77,498.69,399.21,0.0229,0.0262,0.1143,10.22,99.88,199.57,0.0164,0.0201,0.0271,16000,1024,524.4,0.8141,0.1825,0.0026,0.0008
2026-08-26T12:21:06.436+02:00,1000,1024,1024,1056,0,1,7,104,4,9,1,0.022,0.0216,0.0333,0.0774,0.0784,0.1183,2.94,2.963,3.049,56.16,73.05,71.1,0.0066,0.0065,0.011,197.47,44.82,91.08,0.006,0.0063,0.0099,117.2,113.28,119.3,0.0059,0.0062,0.0094,16000,1024,204.92,0.7092,0.2683,0.0145,0.008
2026-08-26T12:21:36.437+02:00,1000,1024,1024,1056,0,1,2,106,2,11,1,0.0218,0.0229,0.0337,0.0812,0.0749,0.1251,3.274,3.082,3.21,126.38,75.07,24.99,0.0088,0.0079,0.0117,66.86,116.1,71.45,0.0067,0.0071,0.0107,267.3,57.54,34.0,0.0064,0.0066,0.0105,16000,1024,106.98,0.7311,0.2488,0.0141,0.006
2026-08-26T12:22:06.445+02:00,1000,1024,1024,1056,0,1,0,106,0,11,1,0.0225,0.0228,0.0339,0.0893,0.0722,0.1172,3.24,2.934,2.794,6.9,65.67,78.47,0.0065,0.0069,0.0115,145.2,55.5,40.59,0.0071,0.0068,0.0107,75.6,93.78,35.94,0.0062,0.0065,0.009,16000,1024,171.37,0.481,0.505,0.0115,0.0025
2026-08-26T12:22:36.441+02:00,1000,1024,1024,1056,0,1,4,110,4,15,1,0.0216,0.0212,0.0328,0.0754,0.0641,0.1179,3.33,2.662,2.975,19.1,130.53,12.46,0.0071,0.0068,0.0102,62.31,6.58,4.32,0.0057,0.0064,0.0102,186.37,28.3,256.68,0.0054,0.0061,0.0095,16000,1024,101.74,0.7679,0.212,0.0124,0.0077
2026-08-26T12:23:06.434+02:00,1000,1024,1024,1056,0,1,3,113,3,18,1,0.0233,0.0227,0.0329,0.0941,0.0747,0.1081,3.381,2.803,2.905,102.04,41.46,58.75,0.0063,0.0088,0.0117,157.61,99.42,93.47,0.0063,0.0072,0.0099,121.13,158.37,170.55,0.0059,0.0066,0.0093,16000,1024,136.23,0.5544,0.4144,0.0207,0.0105
2026-08-26T12:23:36.437+02:00,1000,1024,1024,1056,0,2,1,114,0,18,1,0.0223,0.0219,0.0342,0.0657,0.0781,0.209,2.932,3.045,4.966,94.28,47.15,24.45,0.0087,0.0071,0.0115,12.56,57.25,18.1,0.007,0.0072,0.0092,88.13,164.82,55.78,0.0067,0.0067,0.0088,16000,1024,413.06,0.4376,0.5263,0.0328,0.0032
2026-08-26T12:24:06.435+02:00,1000,1024,1024,1056,0,2,2,116,0,18,1,0.0214,0.0223,0.0331,0.0822,0.0779,0.0936,3.205,3.229,2.694,141.32,37.71,5.17,0.0061,0.007,0.0114,40.58,235.9,53.07,0.0056,0.0066,0.0119,76.27,23.55,41.07,0.0051,0.0059,0.0102,16000,1024,88.76,0.9126,0.065,0.0124,0.01
2026-08-26T12:25:15.826+02:00,1000,1024,1024,1056,0,0,1,1,0,0,0,0.1233,0.0748,0.0609,0.2421,0.3397,0.4244,1.757,2.37,5.741,49.16,442.26,442.3,0.1683,0.1677,0.4216,442.3,491.47,294.78,0.0736,0.1503,0.0858,98.41,49.16,491.47,0.0527,0.0961,0.0754,16000,1024,780.36,0.1638,0.8228,0.0071,0.0063
2026-08-26T12:25:45.824+02:00,1000,1024,1024,1056,0,0,2,3,2,2,0,0.1379,0.0415,0.0541,0.2648,0.1748,0.2841,1.779,3.051,3.259,49.59,446.31,446.31,0.1912,0.2147,0.2549,446.31,495.88,451.66,0.0796,0.0635,0.0519,99.53,49.58,49.56,0.0488,0.0398,0.0547,16000,1024,954.17,0.0209,0.9773,0.0009,0.0009
2026-08-26T12:26:43.826+02:00,1000,1024,1024,1056,0,0,3,3,0,0,0,0.1395,0.0481,0.065,0.3317,0.2942,0.4344,1.719,8.729,8.613,49.74,447.81,447.82,0.1656,0.393,0.5212,447.81,497.76,455.19,0.1371,0.1023,0.07,398.06,398.08,440.45,0.0409,0.0751,0.0692,16000,1024,1517.33,0.0221,0.9771,0.0004,0.0005
2026-08-26T12:27:13.829+02:00,1000,1024,1024,1056,0,0,0,3,0,0,0,0.1411,0.0429,0.0603,0.2905,0.2927,0.4286,1.751,7.022,6.387,49.62,446.82,446.83,0.1947,0.3107,0.412,446.81,499.09,451.66,0.1077,0.0921,0.0911,99.59,397.08,397.14,0.0376,0.0773,0.072,16000,1024,1460.38,0.0117,0.9871,0.0004,0.0007
2026-08-26T12:27:43.833+02:00,1000,1024,1024,1056,0,0,0,3,0,0,0,0.1413,0.0431,0.059,0.276,0.3063,0.331,1.744,9.903,4.395,49.78,448.01,448.01,0.1931,0.493,0.6618,448.01,497.79,398.26,0.171,0.1182,0.0993,398.24,398.23,49.78,0.0537,0.1004,0.0553,16000,1024,1410.75,0.0082,0.9903,0.0006,0.0008
2026-08-26T12:28:13.828+02:00,1000,1024,1024,1056,0,0,0,3,0,0,0,0.1444,0.0528,0.0736,0.3509,0.5101,0.8062,1.82,27.912,26.324,49.77,447.95,447.94,0.1953,0.4679,0.644,447.95,497.73,398.18,0.1669,0.1207,0.0956,398.18,398.17,49.79,0.0542,0.0949,0.0578,16000,1024,1432.56,0.0085,0.9907,0.0004,0.0004
2026-08-26T12:28:43.828+02:00,1000,1024,1024,1056,0,0,0,3,0,0,0,0.1436,0.042,0.0572,0.435,0.59,0.3873,1.771,48.895,5.75,49.69,447.67,447.64,0.1959,0.3559,0.4879,447.67,498.58,397.71,0.1242,0.0847,0.0822,397.78,397.77,452.64,0.0431,0.0774,0.0539,16000,1024,1400.69,0.0077,0.9913,0.0005,0.0006
2026-08-26T12:29:13.827+02:00,1000,1024,1024,1056,0,0,0,3,0,0,0,0.1405,0.0376,0.0536,0.2716,0.3951,0.3818,1.695,16.922,5.026,49.65,446.93,446.93,0.1942,0.4196,0.5683,446.94,451.66,451.66,0.1466,0.125,0.1408,397.23,496.69,442.87,0.0438,0.0969,0.0823,16000,1024,1453.25,0.0083,0.9908,0.0005,0.0005
2026-08-26T12:29:43.828+02:00,1000,1024,1024,1056,0,0,5,8,1,1,0,0.1431,0.0491,0.0705,0.284,0.3347,0.506,1.735,11.435,12.557,49.69,447.08,447.07,0.1956,0.3264,0.4627,447.1,397.32,452.64,0.1167,0.0853,0.084,397.39,496.74,397.23,0.0439,0.0782,0.0796,16000,1024,1310.85,0.0508,0.947,0.0011,0.0011
2026-08-26T12:30:13.828+02:00,1000,1024,1024,1056,0,0,0,8,0,1,0,0.1421,0.0446,0.059,0.2855,0.6063,0.4722,1.727,44.83,7.175,49.74,447.61,447.63,0.1956,0.357,0.5065,447.6,497.19,452.64,0.1329,0.0851,0.0782,397.86,397.86,397.71,0.0511,0.0857,0.086,16000,1024,1441.92,0.1016,0.897,0.0007,0.0007
2026-08-26T12:30:51.882+02:00,1000,1024,1024,1057,0,0,27,35,24,25,0,0.1437,0.0594,0.0907,0.2873,0.4117,0.5586,1.701,13.924,14.423,49.75,447.97,447.96,0.1935,0.3829,0.6192,447.96,497.73,398.11,0.1624,0.1107,0.1073,398.11,398.13,49.98,0.0448,0.0904,0.0605,16000,1024,1390.29,0.0234,0.9754,0.0004,0.0008
2026-08-26T12:31:21.846+02:00,1000,1024,1024,1056,0,0,1,36,1,26,0,0.1416,0.0464,0.0656,0.2867,0.3993,0.5283,1.715,14.564,14.555,49.76,447.99,448.0,0.1941,0.454,0.7339,447.99,497.83,398.21,0.1919,0.1194,0.0976,398.19,398.21,49.79,0.0531,0.1061,0.0541,16000,1024,1140.29,0.0302,0.9684,0.0007,0.0007
2026-08-26T12:31:51.843+02:00,1000,1024,1024,1056,0,1,0,36,0,26,0,0.1463,0.0436,0.066,0.2946,0.6266,0.8083,1.746,55.161,30.164,49.7,447.5,447.47,0.2007,0.2989,0.4975,447.48,397.56,452.64,0.1333,0.0842,0.0737,99.55,497.52,397.52,0.0451,0.0787,0.0697,16000,1024,1356.29,0.0252,0.9694,0.004,0.0015
2026-08-26T12:32:21.846+02:00,1000,1024,1024,1056,0,1,0,36,0,26,0,0.1475,0.0393,0.0571,0.2999,0.2449,0.2913,1.795,4.313,3.324,49.66,446.97,446.98,0.2027,0.3553,0.5624,446.98,496.75,451.66,0.1545,0.0913,0.111,99.54,397.37,397.37,0.0533,0.0805,0.0813,16000,1024,1316.88,0.0118,0.9861,0.0013,0.0008
2026-08-26T12:32:51.843+02:00,1000,1024,1024,1056,0,1,0,36,0,26,0,0.1438,0.0416,0.061,0.2867,0.3155,0.4818,1.762,6.518,8.087,49.67,447.28,447.27,0.1953,0.2954,0.4771,447.27,499.17,452.64,0.1282,0.0909,0.0811,99.6,397.49,397.39,0.0494,0.0804,0.0804,16000,1024,1261.74,0.0499,0.9484,0.0011,0.0006
2026-08-26T12:33:21.845+02:00,1000,1024,1024,1056,0,1,0,36,0,26,0,0.1468,0.0424,0.0585,0.2927,0.5058,0.4197,1.773,27.629,7.522,49.78,448.3,448.27,0.1997,0.3812,0.6059,448.29,398.42,398.43,0.1627,0.0987,0.0869,99.84,498.44,49.77,0.0527,0.086,0.0563,16000,1024,1310.45,0.0135,0.9852,0.0005,0.0007
2026-08-26T12:34:21.848+02:00,1000,1024,1024,1056,1,1,21,60,11,39,0,0.1535,0.0858,0.1193,0.533,0.4496,0.7305,2.09,8.08,8.374,49.68,446.99,447.0,0.1652,0.2673,0.4243,447.03,451.87,452.08,0.1131,0.1136,0.1723,452.12,457.57,457.58,0.046,0.0796,0.1345,16000,1024,1412.56,0.0085,0.9907,0.0004,0.0004
2026-08-26T12:34:51.845+02:00,1000,1024,1024,1056,1,1,0,60,0,39,0,0.1435,0.0425,0.0655,0.2714,0.3213,0.522,1.751,10.441,11.933,49.75,447.93,447.96,0.1962,0.3534,0.5807,447.95,497.8,398.03,0.1575,0.0974,0.0857,398.16,398.14,49.85,0.0457,0.0916,0.0638,16000,1024,1342.03,0.0126,0.9862,0.0004,0.0007
2026-08-26T12:35:21.846+02:00,1000,1024,1024,1056,1,1,0,60,0,39,0,0.1457,0.0365,0.0574,0.2855,0.1711,0.4478,1.712,3.046,8.606,448.3,448.29,448.31,0.2056,0.4775,0.762,49.83,398.47,398.48,0.2016,0.1174,0.1134,398.5,498.14,498.27,0.0584,0.1149,0.0566,16000,1024,1348.47,0.0242,0.9745,0.0006,0.0007
2026-08-26T12:35:51.846+02:00,1000,1024,1024,1056,1,1,0,60,0,39,0,0.1462,0.0427,0.0672,0.2792,0.4187,0.822,1.698,23.067,51.753,49.82,448.33,448.35,0.2027,0.4776,0.7704,448.35,398.51,398.51,0.2041,0.1165,0.1152,398.52,498.13,49.74,0.0578,0.1105,0.0537,16000,1024,1542.92,0.0066,0.9923,0.0006,0.0006
2026-08-26T12:36:21.846+02:00,1000,1024,1024,1056,1,1,0,60,0,39,0,0.1462,0.0486,0.071,0.2857,0.6215,0.826,1.762,60.587,42.323,448.35,448.36,448.35,0.2072,0.491,0.7717,49.82,398.56,398.58,0.1993,0.1173,0.1138,398.57,498.2,49.81,0.0581,0.1166,0.0597,16000,1024,1357.52,0.0064,0.9922,0.0006,0.0008
2026-08-26T12:36:51.846+02:00,1000,1024,1024,1056,1,1,1,61,0,39,0,0.1505,0.0478,0.0687,0.608,0.5115,0.5965,2.176,30.574,21.517,49.77,448.14,448.15,0.1982,0.3976,0.6497,448.16,497.88,398.31,0.1705,0.1023,0.1008,99.79,398.34,443.74,0.0516,0.1,0.0653,16000,1024,1414.52,0.01,0.9889,0.0005,0.0005
2026-08-26T12:37:21.848+02:00,1000,1024,1024,1056,1,1,2,63,2,41,0,0.1469,0.0416,0.0627,0.3453,0.3642,0.4337,1.808,14.699,7.538,49.75,448.16,448.1,0.2001,0.3709,0.5988,448.09,398.27,398.29,0.158,0.0922,0.0813,398.35,497.69,453.61,0.0454,0.0917,0.0546,16000,1024,1469.6,0.0066,0.9922,0.0007,0.0005
2026-08-26T12:37:51.848+02:00,1000,1024,1024,1056,1,1,0,63,0,41,0,0.1469,0.0436,0.0554,0.2998,0.5012,0.4049,1.788,28.072,5.841,49.71,447.43,447.44,0.2017,0.3448,0.5512,447.45,397.76,452.64,0.1417,0.0916,0.1058,99.64,497.35,397.67,0.0421,0.0827,0.0992,16000,1024,1313.36,0.0096,0.9893,0.0005,0.0006
2026-08-26T12:38:21.848+02:00,1000,1024,1024,1056,1,2,18,81,8,49,0,0.1459,0.0821,0.1358,0.3365,0.4898,0.7355,1.768,10.899,10.389,448.17,448.17,448.21,0.1625,0.3885,0.6283,49.79,398.31,442.4,0.1611,0.1044,0.0998,398.41,498.02,436.02,0.0467,0.0909,0.1122,16000,1024,1362.81,0.0111,0.9874,0.0004,0.0011
2026-08-26T12:38:51.849+02:00,1000,1024,1024,1056,1,3,14,95,13,62,0,0.1464,0.0495,0.0785,0.3515,0.3732,0.5326,1.8,16.315,15.254,49.71,447.37,447.34,0.1993,0.3385,0.5417,447.37,397.67,452.64,0.14,0.0893,0.1073,397.64,497.26,397.76,0.043,0.0804,0.0938,16000,1024,1373.88,0.0105,0.9875,0.0009,0.0011
2026-08-26T12:39:21.847+02:00,1000,1024,1024,1056,1,4,0,95,0,62,0,0.1479,0.0414,0.064,0.2881,0.3118,0.6781,1.748,6.593,19.432,49.66,447.03,447.04,0.2015,0.3585,0.5745,447.05,451.66,451.66,0.1454,0.1133,0.1406,99.56,397.37,441.89,0.0491,0.0876,0.0771,16000,1024,1449.62,0.0311,0.9675,0.0005,0.0009
2026-08-26T12:39:51.847+02:00,1000,1024,1024,1056,1,4,0,95,0,62,0,0.1492,0.045,0.0756,0.3125,0.3562,0.9602,1.759,15.07,43.713,49.79,448.14,448.13,0.2032,0.4592,0.7477,448.13,398.33,398.32,0.1884,0.111,0.1065,398.32,497.92,49.79,0.0541,0.1021,0.0577,16000,1024,1447.1,0.0164,0.9824,0.0004,0.0007
2026-08-26T12:40:21.849+02:00,1000,1024,1024,1056,1,4,0,95,0,62,0,0.1474,0.0403,0.0648,0.289,0.309,0.6207,1.727,10.26,18.315,49.79,448.04,448.05,0.2031,0.4795,0.7747,448.05,398.22,398.23,0.195,0.1145,0.1126,398.24,497.84,49.72,0.0568,0.1065,0.0507,16000,1024,1423.81,0.0069,0.992,0.0005,0.0006
2026-08-26T12:40:51.848+02:00,1000,1024,1024,1056,1,4,0,95,0,62,0,0.1484,0.0353,0.0547,0.3113,0.1081,0.2642,1.718,2.899,2.837,49.63,446.91,446.91,0.2048,0.419,0.706,446.91,397.25,451.66,0.1742,0.0974,0.1255,397.28,496.77,397.29,0.0469,0.0811,0.095,16000,1024,1366.15,0.0084,0.9905,0.0006,0.0006
2026-08-26T12:41:21.849+02:00,1000,1024,1024,1056,1,4,0,95,0,62,0,0.149,0.0391,0.0559,0.2939,0.3635,0.3733,1.697,11.594,4.475,49.8,448.2,448.23,0.2009,0.4867,0.7884,448.21,398.37,398.35,0.1895,0.1114,0.1157,398.42,498.0,49.8,0.0544,0.0925,0.0553,16000,1024,1600.5,0.0149,0.9842,0.0005,0.0004
2026-08-26T12:41:51.847+02:00,1000,1024,1024,1056,1,4,0,95,0,62,0,0.148,0.041,0.0657,0.2806,0.3718,0.6998,1.749,17.512,30.846,49.79,448.03,448.02,0.2033,0.5191,0.8453,448.01,398.26,398.27,0.2066,0.124,0.1256,398.22,497.81,49.74,0.0596,0.1132,0.0498,16000,1024,1208.49,0.0133,0.9853,0.0008,0.0006
2026-08-26T12:42:21.854+02:00,1000,1024,1024,1056,1,4,0,95,0,62,0,0.1508,0.0444,0.0606,0.4049,0.4189,0.6379,1.801,18.991,17.284,49.72,447.56,447.61,0.2067,0.3835,0.6211,447.6,397.76,451.66,0.1527,0.1022,0.1138,99.75,497.3,397.68,0.0504,0.0884,0.103,16000,1024,1362.44,0.0081,0.9906,0.0006,0.0007
2026-08-26T12:42:51.848+02:00,1000,1024,1024,1056,1,4,0,95,0,62,0,0.148,0.0432,0.0564,0.2997,0.5749,0.3672,1.75,40.061,5.475,49.68,447.47,447.45,0.2042,0.3663,0.5928,447.42,397.56,397.53,0.1428,0.0922,0.1019,397.54,497.21,452.64,0.0465,0.0854,0.0836,16000,1024,1434.42,0.0063,0.9924,0.0006,0.0007
2026-08-26T12:43:21.848+02:00,1000,1024,1024,1056,1,4,1,96,0,62,0,0.1473,0.0435,0.0789,0.2908,0.3493,0.7858,1.732,12.257,23.173,448.14,448.13,448.15,0.2089,0.5448,0.8835,49.8,398.34,398.37,0.2009,0.1197,0.1338,398.34,497.94,49.84,0.0598,0.1186,0.0598,16000,1024,1332.29,0.0067,0.9915,0.0009,0.0009
2026-08-26T12:43:51.850+02:00,1000,1024,1024,1056,1,4,1,97,1,63,0,0.146,0.0412,0.075,0.3927,0.3232,0.7753,1.754,16.08,32.641,49.8,448.2,448.19,0.2003,0.5276,0.8655,448.19,398.37,398.38,0.1975,0.1161,0.1261,398.38,497.94,49.73,0.0574,0.104,0.0639,16000,1024,1557.51,0.0072,0.9919,0.0004,0.0005
2026-08-26T12:44:21.848+02:00,1000,1024,1024,1056,1,4,1,98,1,64,0,0.1461,0.033,0.0569,0.3163,0.0951,0.449,1.672,2.805,8.289,49.66,447.08,447.08,0.2033,0.414,0.6746,447.07,499.42,452.64,0.1528,0.1226,0.1321,397.42,451.66,397.46,0.0487,0.1091,0.1191,16000,1024,1422.82,0.0076,0.9909,0.0007,0.0008
2026-08-26T12:44:51.848+02:00,1000,1024,1024,1056,1,4,0,98,0,64,0,0.1464,0.0387,0.0649,0.299,0.5014,0.9492,1.68,38.876,61.715,49.76,448.02,448.0,0.2017,0.464,0.7433,448.03,498.06,398.09,0.1739,0.1024,0.1168,398.07,398.13,49.78,0.0528,0.1037,0.0552,16000,1024,1547.32,0.0067,0.9922,0.0005,0.0006
2026-08-26T12:45:21.849+02:00,1000,1024,1024,1056,1,4,2,100,2,66,0,0.1476,0.0508,0.0634,0.3483,0.5508,0.6104,1.72,44.772,21.155,49.79,448.08,448.11,0.1987,0.5197,0.8468,448.09,398.29,398.29,0.1941,0.114,0.1285,398.36,497.89,49.8,0.057,0.1023,0.053,16000,1024,1493.48,0.0086,0.9903,0.0005,0.0005
2026-08-26T12:45:51.847+02:00,1000,1024,1024,1056,1,4,0,100,0,66,0,0.1484,0.0425,0.0645,0.2834,0.3495,0.7346,1.725,13.801,29.416,49.67,447.33,447.34,0.2036,0.4077,0.6429,447.36,397.49,452.64,0.1473,0.0902,0.1073,99.62,451.66,397.36,0.0477,0.0969,0.1153,16000,1024,1465.55,0.0064,0.992,0.0006,0.0011
2026-08-26T12:46:21.847+02:00,1000,1024,1024,1056,1,4,0,100,0,66,0,0.1475,0.0516,0.07,0.2791,0.5842,0.6079,1.711,55.67,20.789,49.77,447.93,447.95,0.2043,0.5623,0.903,447.95,398.14,398.12,0.2019,0.1257,0.1353,398.14,497.74,49.73,0.0609,0.1096,0.0543,16000,1024,1486.73,0.0063,0.9927,0.0006,0.0005
2026-08-26T12:46:51.847+02:00,1000,1024,1024,1056,1,4,0,100,0,66,0,0.1479,0.0398,0.0657,0.285,0.4274,0.9821,1.735,18.519,64.148,49.63,446.87,446.86,0.202,0.4004,0.66,446.86,451.66,452.64,0.1509,0.1122,0.1389,99.5,397.1,441.89,0.0464,0.0996,0.0973,16000,1024,1501.53,0.0098,0.9888,0.0006,0.0008
2026-08-26T12:47:21.849+02:00,1000,1024,1025,1057,1,4,1,101,0,66,0,0.1484,0.0504,0.0694,0.2978,0.6787,0.5679,1.723,46.711,16.073,49.76,447.85,447.86,0.2032,0.5387,0.8748,447.86,398.11,398.04,0.1957,0.119,0.1322,398.07,497.6,49.72,0.0617,0.1063,0.0495,16000,1024,1429.76,0.0112,0.9873,0.0009,0.0007
2026-08-26T12:47:51.849+02:00,1000,1024,1024,1056,1,4,0,101,0,66,0,0.1459,0.0375,0.0592,0.2798,0.177,0.6212,1.739,3.068,18.994,49.73,447.95,447.93,0.2003,0.4679,0.7671,447.94,398.1,398.21,0.1668,0.0986,0.116,398.12,497.81,442.87,0.0477,0.0911,0.0557,16000,1024,1507.03,0.0073,0.9909,0.0008,0.001
2026-08-26T12:48:21.848+02:00,1000,1024,1024,1056,1,5,1,102,1,67,0,0.1515,0.0383,0.0617,0.4354,0.2521,0.6402,1.79,6.225,18.069,49.77,448.13,448.13,0.2074,0.5327,0.8647,448.13,398.29,398.3,0.1877,0.1166,0.1409,398.29,497.96,49.77,0.0573,0.1062,0.0554,16000,1024,1500.12,0.0052,0.9931,0.0009,0.0007
2026-08-26T12:48:51.849+02:00,1000,1024,1024,1056,1,5,0,102,0,67,0,0.1507,0.0381,0.072,0.3841,0.1771,0.7537,1.844,3.496,37.182,49.73,447.75,447.73,0.2035,0.4499,0.6885,447.73,398.1,452.64,0.1547,0.087,0.0903,99.74,498.03,397.9,0.0457,0.0815,0.1067,16000,1024,1579.88,0.0063,0.9927,0.0004,0.0005
2026-08-26T12:49:21.849+02:00,1000,1024,1024,1056,1,5,0,102,0,67,0,0.15,0.041,0.0687,0.304,0.3207,0.8127,1.741,7.074,32.082,49.81,448.32,448.31,0.2049,0.5673,0.9171,448.31,398.52,398.5,0.1982,0.123,0.1491,398.51,498.15,49.78,0.0597,0.1068,0.0594,16000,1024,1417.04,0.0072,0.9918,0.0005,0.0005
2026-08-26T12:49:51.850+02:00,1000,1024,1024,1056,1,5,0,102,0,67,0,0.1501,0.0436,0.0577,0.2963,0.552,0.4574,1.771,34.695,7.802,49.71,447.59,447.57,0.2047,0.4201,0.6874,447.59,397.84,397.91,0.144,0.0982,0.1182,99.69,497.34,452.64,0.0467,0.0909,0.0915,16000,1024,1495.8,0.0075,0.9912,0.0005,0.0009
2026-08-26T12:50:21.850+02:00,1000,1024,1024,1056,1,5,0,102,0,67,0,0.1505,0.0466,0.053,0.3561,0.7125,0.2039,1.775,69.689,2.728,49.78,448.08,448.07,0.2036,0.5483,0.8983,448.07,398.28,398.27,0.1886,0.1221,0.1439,398.28,497.85,49.78,0.0592,0.1074,0.0486,16000,1024,1380.05,0.0085,0.9901,0.0005,0.0009
2026-08-26T12:50:51.850+02:00,1000,1024,1024,1056,1,6,0,102,0,67,0,0.1498,0.0505,0.0659,0.2907,0.8476,0.9017,1.749,102.2,48.2,49.73,447.94,447.91,0.2032,0.4878,0.7917,447.92,398.18,398.18,0.1683,0.1097,0.1294,398.13,497.86,443.85,0.0532,0.0936,0.0709,16000,1024,1348.64,0.0049,0.9936,0.0007,0.0009
2026-08-26T12:51:21.850+02:00,1000,1024,1024,1056,1,6,26,128,5,72,0,0.1465,0.1023,0.1716,0.422,0.5048,0.9362,2.202,5.733,6.552,49.8,447.97,447.95,0.1124,0.1751,0.312,27.06,231.56,241.73,0.0598,0.0908,0.1554,19.38,242.11,285.6,0.0568,0.0802,0.1554,16000,1024,1305.47,0.0076,0.9908,0.0007,0.0009
2026-08-26T12:51:51.850+02:00,1000,1024,1024,1056,1,6,0,128,0,72,0,0.1543,0.0465,0.0715,0.4884,0.589,0.9836,1.87,39.633,49.848,49.71,447.66,447.66,0.2088,0.432,0.7213,447.65,397.8,451.66,0.1497,0.1086,0.1292,99.66,451.66,397.79,0.0524,0.1008,0.1183,16000,1024,1348.17,0.008,0.9908,0.0005,0.0007
2026-08-26T12:52:21.851+02:00,1000,1024,1024,1056,1,7,0,128,0,72,0,0.1508,0.0417,0.0678,0.3155,0.3702,0.6108,1.783,15.399,27.235,49.66,447.14,447.13,0.2049,0.366,0.6265,447.12,397.41,452.64,0.1254,0.0867,0.1039,99.46,499.09,397.35,0.0511,0.0829,0.1102,16000,1024,1303.14,0.0119,0.9865,0.0006,0.0011
2026-08-26T12:52:51.849+02:00,1000,1024,1024,1056,1,7,1,129,0,72,0,0.1504,0.0448,0.075,0.5001,0.3727,0.8144,1.973,17.698,31.878,49.78,447.95,447.93,0.205,0.5547,0.9193,447.94,398.18,398.16,0.1922,0.1261,0.128,398.14,497.72,49.98,0.0613,0.115,0.0553,16000,1024,1383.82,0.0133,0.9848,0.0012,0.0008
2026-08-26T12:53:51.866+02:00,1000,1024,1024,1056,2,7,1,147,0,75,0,0.1479,0.0451,0.0734,0.2932,0.409,0.605,1.681,23.654,20.146,49.81,448.09,448.1,0.2031,0.546,0.9463,448.11,398.3,398.28,0.1913,0.124,0.1373,398.28,497.89,497.84,0.0638,0.1177,0.056,16000,1024,1432.34,0.0098,0.9889,0.0006,0.0007
2026-08-26T12:54:21.865+02:00,1000,1024,1024,1056,2,7,1,148,0,75,0,0.1469,0.0365,0.0602,0.2842,0.1731,0.3403,1.704,4.637,6.327,49.77,448.09,448.08,0.1986,0.5244,0.9226,448.09,398.33,398.32,0.1856,0.1264,0.1361,398.32,497.86,497.84,0.0628,0.1143,0.0515,16000,1024,1324.55,0.0104,0.9883,0.0007,0.0006
2026-08-26T12:54:51.866+02:00,1000,1024,1024,1056,2,8,12,160,12,87,0,0.1505,0.0441,0.0786,0.34,0.3551,0.6178,1.724,15.541,17.714,49.78,448.01,448.01,0.2069,0.4266,0.746,447.99,398.21,398.27,0.183,0.1211,0.1242,398.24,497.77,497.69,0.0607,0.1143,0.0604,16000,1024,1285.67,0.0263,0.9719,0.0007,0.0012
2026-08-26T12:55:21.866+02:00,1000,1024,1024,1056,2,8,1,161,0,87,0,0.1485,0.0461,0.0745,0.3458,0.4225,0.7086,1.714,24.266,25.922,49.78,448.1,448.07,0.2007,0.3739,0.6491,448.1,398.27,398.22,0.157,0.1038,0.1114,398.29,497.86,443.8,0.0517,0.0917,0.0567,16000,1024,1271.33,0.0102,0.9881,0.0007,0.001
2026-08-26T12:55:51.866+02:00,1000,1024,1024,1056,2,8,0,161,0,87,0,0.1494,0.0411,0.0646,0.2876,0.29,0.6593,1.705,10.096,25.389,49.72,447.56,447.6,0.2047,0.3115,0.545,447.61,397.82,397.86,0.1334,0.0917,0.1055,397.81,497.35,452.64,0.0458,0.0867,0.0719,16000,1024,1409.1,0.0337,0.9648,0.0011,0.0005
2026-08-26T12:56:21.867+02:00,1000,1024,1024,1056,2,8,1,162,1,88,0,0.1511,0.0423,0.0657,0.2992,0.3186,0.872,1.77,10.992,41.511,49.81,448.28,448.28,0.2088,0.4542,0.7879,448.28,398.45,398.46,0.1957,0.1283,0.1366,398.44,498.08,498.19,0.0624,0.1167,0.057,16000,1024,1480.59,0.0175,0.9814,0.0004,0.0007
2026-08-26T12:56:51.866+02:00,1000,1024,1024,1056,2,8,0,162,0,88,0,0.1526,0.0437,0.0614,0.4232,0.6369,0.7668,1.818,61.237,30.977,49.68,447.24,447.23,0.2085,0.3012,0.5418,447.25,397.57,452.64,0.1322,0.0928,0.1029,99.62,499.14,397.6,0.0509,0.0815,0.0887,16000,1024,1324.51,0.0058,0.9922,0.0009,0.0011
2026-08-26T12:57:21.867+02:00,1000,1024,1024,1056,2,8,2,164,1,89,0,0.1524,0.0424,0.0708,0.3876,0.2965,0.7382,1.773,10.819,22.339,49.76,448.24,448.11,0.2061,0.325,0.5651,448.11,398.16,398.5,0.1325,0.0891,0.0971,398.31,498.57,442.87,0.0456,0.0931,0.0757,16000,1024,1511.91,0.0127,0.9862,0.0005,0.0006
2026-08-26T12:57:51.867+02:00,1000,1024,1024,1056,2,8,0,164,0,89,0,0.1505,0.0428,0.0733,0.3069,0.3945,0.8065,1.716,19.593,42.176,49.81,448.33,448.34,0.2123,0.4684,0.8175,448.33,398.53,398.54,0.1962,0.1285,0.1402,398.52,498.17,498.29,0.0662,0.1181,0.0607,16000,1024,1309.24,0.0117,0.9868,0.0007,0.0008
2026-08-26T12:58:21.866+02:00,1000,1024,1024,1056,2,8,19,183,8,97,0,0.1529,0.0771,0.1157,0.402,0.493,0.6196,1.873,8.946,7.797,49.85,448.33,448.38,0.1626,0.2698,0.4554,448.33,442.93,442.94,0.1164,0.0924,0.1558,398.27,398.46,454.4,0.041,0.073,0.1224,16000,1024,1421.92,0.0031,0.9956,0.0006,0.0008
2026-08-26T12:58:51.867+02:00,1000,1024,1024,1056,2,8,1,184,1,98,0,0.1504,0.0391,0.0772,0.2841,0.4279,1.1185,1.677,23.458,63.931,49.72,447.32,447.32,0.2104,0.3373,0.5652,447.32,499.51,452.64,0.1393,0.1481,0.1459,397.65,397.67,397.63,0.0519,0.0968,0.1225,16000,1024,1586.28,0.0156,0.9829,0.0008,0.0007
2026-08-26T12:59:21.868+02:00,1000,1024,1024,1056,2,8,0,184,0,98,0,0.1481,0.0374,0.055,0.3066,0.3563,0.5194,1.654,12.479,12.066,49.73,448.13,448.21,0.2046,0.3482,0.5808,448.25,498.65,398.32,0.141,0.1063,0.1154,398.4,398.41,453.61,0.0493,0.0937,0.0884,16000,1024,1378.94,0.0076,0.9908,0.0007,0.0009
2026-08-26T12:59:51.868+02:00,1000,1024,1024,1056,2,8,4,188,0,98,0,0.1506,0.0423,0.0589,0.4236,0.4351,0.5473,1.735,32.235,15.077,49.82,448.3,448.3,0.2099,0.4875,0.8525,448.31,398.49,398.47,0.1991,0.1282,0.1492,398.49,498.05,498.07,0.0643,0.1182,0.0603,16000,1024,1522.68,0.0056,0.9928,0.0005,0.0011
2026-08-26T13:00:21.868+02:00,1000,1024,1024,1056,2,8,0,188,0,98,0,0.1502,0.0356,0.0535,0.3677,0.2618,0.3778,1.696,6.832,5.058,49.81,448.45,448.41,0.2047,0.4343,0.7475,448.43,398.56,398.64,0.1733,0.124,0.1549,398.57,498.21,49.82,0.0594,0.0956,0.0534,16000,1024,1508.42,0.007,0.9916,0.0004,0.0009
2026-08-26T13:00:51.868+02:00,1000,1024,1024,1056,2,8,1,189,0,98,0,0.1499,0.0434,0.0709,0.2894,0.4206,0.8311,1.693,22.112,32.393,49.74,447.69,447.67,0.1972,0.329,0.5765,447.63,398.06,451.66,0.1266,0.0861,0.115,397.91,499.48,441.86,0.0494,0.0784,0.0985,16000,1024,1430.51,0.0342,0.9639,0.001,0.0008
2026-08-26T13:01:21.871+02:00,1000,1024,1024,1056,2,9,0,189,0,98,0,0.1539,0.0474,0.0613,0.5509,0.6104,0.3586,2.0,63.367,5.639,49.82,448.31,448.33,0.2091,0.5066,0.8637,448.32,398.5,398.48,0.1992,0.1322,0.1503,398.51,498.12,49.84,0.0659,0.1123,0.059,16000,1024,1477.51,0.0119,0.9858,0.0008,0.0015
2026-08-26T13:01:51.869+02:00,1000,1024,1024,1056,2,9,2,191,1,99,0,0.1511,0.0431,0.0726,0.3116,0.3217,0.6871,1.78,11.577,17.897,49.85,448.4,448.4,0.1966,0.4828,0.8196,448.4,398.62,398.62,0.1931,0.1294,0.1523,398.61,498.21,452.99,0.0623,0.1157,0.0696,16000,1024,1457.42,0.0096,0.9888,0.0006,0.0009
2026-08-26T13:02:21.869+02:00,1000,1024,1024,1056,2,9,21,212,7,106,0,0.1532,0.087,0.1388,0.3924,0.3502,0.9328,1.914,5.974,7.657,49.62,447.05,447.07,0.1531,0.2559,0.4566,447.02,461.15,461.09,0.101,0.1014,0.1753,397.33,435.64,435.51,0.0428,0.0901,0.145,16000,1024,1342.78,0.0349,0.9618,0.0025,0.0007
2026-08-26T13:02:51.869+02:00,1000,1024,1024,1056,2,9,0,212,0,106,0,0.15,0.0343,0.0498,0.3696,0.2697,0.1806,1.721,7.066,2.768,49.71,447.62,447.63,0.2045,0.3998,0.6441,447.63,397.89,452.64,0.1537,0.0987,0.1226,397.93,497.56,397.94,0.049,0.0883,0.1267,16000,1024,1292.94,0.0088,0.987,0.0026,0.0016
2026-08-26T13:03:21.869+02:00,1000,1024,1024,1056,2,9,1,213,1,107,0,0.1488,0.0427,0.0769,0.3881,0.3583,0.7555,1.775,17.573,35.239,448.36,448.35,448.35,0.2144,0.5591,0.916,49.81,398.52,398.53,0.2024,0.1359,0.1572,398.54,498.21,498.27,0.0706,0.1175,0.0557,16000,1024,1584.93,0.0046,0.9936,0.0007,0.0012
2026-08-26T13:03:51.869+02:00,1000,1024,1024,1056,2,9,0,213,0,107,0,0.1523,0.0382,0.0631,0.2771,0.4313,0.8011,1.65,22.3,35.491,49.8,448.27,448.25,0.2105,0.5214,0.8681,448.25,398.47,398.53,0.1965,0.129,0.1477,398.46,498.07,49.7,0.0653,0.1103,0.0575,16000,1024,1432.09,0.0111,0.9866,0.0006,0.0017
2026-08-26T13:04:21.869+02:00,1000,1024,1024,1056,2,10,0,213,0,107,0,0.1527,0.0445,0.0792,0.3134,0.45,1.0,1.729,29.932,64.202,49.78,448.1,448.1,0.2079,0.527,0.8818,448.09,398.28,398.27,0.1988,0.1306,0.1429,398.28,497.84,49.81,0.0659,0.1083,0.0563,16000,1024,1493.99,0.0029,0.9957,0.0005,0.0009
2026-08-26T13:04:51.868+02:00,1000,1024,1024,1056,2,10,0,213,0,107,0,0.1521,0.0416,0.0593,0.3822,0.4006,0.3314,1.773,14.219,3.936,49.77,447.94,447.94,0.2108,0.525,0.8809,447.94,398.16,398.18,0.2002,0.1367,0.1432,398.17,497.74,49.69,0.0672,0.1141,0.0571,16000,1024,1420.6,0.0064,0.9919,0.0011,0.0007
2026-08-26T13:05:21.869+02:00,1000,1024,1024,1056,2,10,1,214,1,108,0,0.1505,0.0374,0.0664,0.2836,0.2772,0.824,1.708,7.747,41.149,49.7,447.36,447.39,0.2074,0.3895,0.6736,447.38,397.56,397.6,0.1471,0.1044,0.1255,397.67,499.16,452.64,0.0529,0.0915,0.1111,16000,1024,1433.81,0.0202,0.9783,0.0007,0.0008
2026-08-26T13:05:51.870+02:00,1000,1024,1024,1056,2,10,0,214,0,108,0,0.1495,0.0329,0.0658,0.287,0.1671,0.5803,1.674,3.383,17.505,49.67,447.34,447.34,0.2075,0.3799,0.6409,447.35,397.45,397.46,0.1412,0.1011,0.1108,397.46,496.97,452.64,0.0508,0.0814,0.0935,16000,1024,1557.6,0.0194,0.9792,0.0009,0.0006
2026-08-26T13:06:51.870+02:00,1000,1024,1024,1056,3,10,0,234,0,116,0,0.1525,0.0372,0.064,0.3024,0.2529,0.7676,1.748,7.124,47.942,49.79,448.15,448.15,0.2083,0.5632,0.9407,448.16,398.38,398.38,0.2072,0.1392,0.1582,398.39,497.94,498.07,0.0693,0.1144,0.0513,16000,1024,1427.83,0.0131,0.9855,0.0009,0.0005
2026-08-26T13:07:21.870+02:00,1000,1024,1024,1056,3,10,1,235,0,116,0,0.1519,0.0372,0.0622,0.3073,0.3346,0.6258,1.728,11.12,24.196,49.77,448.22,448.22,0.2092,0.5116,0.8476,448.2,398.5,398.44,0.1867,0.1207,0.1381,398.52,497.99,452.64,0.0604,0.1036,0.0674,16000,1024,1414.9,0.0074,0.9909,0.0006,0.0011
2026-08-26T13:07:51.870+02:00,1000,1024,1024,1056,3,10,1,236,0,116,0,0.1517,0.045,0.0535,0.5169,0.7392,0.2979,1.788,92.428,4.399,49.66,447.17,447.15,0.2108,0.4203,0.7003,447.17,451.66,452.64,0.1513,0.1137,0.1404,397.45,397.46,397.49,0.0462,0.0957,0.1135,16000,1024,1413.93,0.0041,0.9947,0.0005,0.0007
2026-08-26T13:08:21.870+02:00,1000,1024,1024,1056,3,10,0,236,0,116,0,0.1502,0.0418,0.0638,0.2788,0.4958,0.6026,1.692,31.189,24.831,49.71,447.56,447.56,0.2058,0.4316,0.7124,447.58,397.7,397.78,0.1518,0.1014,0.1205,397.66,497.32,452.64,0.0509,0.0868,0.1016,16000,1024,1581.39,0.005,0.9939,0.0005,0.0006
2026-08-26T13:08:51.870+02:00,1000,1024,1024,1056,3,10,0,236,0,116,0,0.15,0.0339,0.0601,0.295,0.2061,0.4668,1.682,4.27,10.902,49.8,448.33,448.32,0.21,0.6,0.9976,448.32,398.53,398.54,0.2109,0.1296,0.1542,398.52,498.14,49.81,0.0668,0.114,0.0544,16000,1024,1490.79,0.0217,0.9764,0.0012,0.0007
2026-08-26T13:09:21.873+02:00,1000,1024,1024,1056,3,10,0,236,0,116,0,0.1498,0.0351,0.0651,0.2955,0.1736,0.5851,1.677,4.077,27.111,448.26,448.25,448.25,0.2127,0.6043,1.0132,49.79,398.43,398.42,0.2057,0.1344,0.1737,398.45,498.04,498.13,0.0654,0.1212,0.0581,16000,1024,1551.98,0.011,0.9875,0.0006,0.0009
2026-08-26T13:09:51.870+02:00,1000,1024,1024,1056,3,10,1,237,0,116,0,0.1507,0.0436,0.0725,0.3048,0.4253,0.7209,1.698,18.717,22.318,49.83,448.22,448.24,0.2061,0.5521,0.9246,448.23,398.38,398.38,0.1939,0.123,0.1501,398.42,498.15,443.61,0.0628,0.0996,0.0645,16000,1024,1586.42,0.0086,0.9903,0.0006,0.0006
2026-08-26T13:10:21.870+02:00,1000,1024,1024,1056,3,10,0,237,0,116,0,0.1519,0.0365,0.0701,0.2928,0.2806,1.015,1.696,7.949,62.023,49.72,447.6,447.61,0.2081,0.4329,0.7364,447.63,451.66,452.64,0.1536,0.1159,0.1346,397.88,397.81,397.97,0.0546,0.1077,0.1167,16000,1024,1574.64,0.0065,0.9921,0.0005,0.001
2026-08-26T13:10:51.870+02:00,1000,1024,1024,1056,3,10,6,243,1,117,0,0.1539,0.0404,0.07,0.5176,0.4785,0.5794,1.827,26.658,21.135,49.67,447.16,447.18,0.2124,0.434,0.754,447.15,397.5,451.66,0.1493,0.1001,0.1776,397.5,451.66,397.48,0.0496,0.0965,0.1446,16000,1024,1682.46,0.0066,0.9918,0.0008,0.0008
2026-08-26T13:11:21.874+02:00,1000,1024,1024,1056,3,10,0,243,0,117,0,0.151,0.0458,0.0697,0.305,0.7185,0.8787,1.694,79.352,39.59,49.72,447.62,447.63,0.2069,0.4394,0.7598,447.63,397.74,452.64,0.154,0.1025,0.1024,397.82,497.09,399.11,0.0524,0.0847,0.1108,16000,1024,1625.82,0.0104,0.9883,0.0006,0.0008
2026-08-26T13:11:51.871+02:00,1000,1024,1024,1056,3,10,0,243,0,117,0,0.1532,0.0371,0.0614,0.3191,0.384,0.7504,1.687,19.045,29.709,49.78,448.16,448.14,0.2127,0.5776,0.979,448.16,398.35,398.35,0.2007,0.1267,0.1474,398.35,498.02,49.78,0.0623,0.1121,0.055,16000,1024,1459.81,0.0087,0.9891,0.0009,0.0013
2026-08-26T13:12:21.872+02:00,1000,1024,1024,1056,3,10,0,243,0,117,0,0.154,0.035,0.0658,0.2922,0.1721,0.7825,1.643,4.583,47.119,49.81,448.23,448.24,0.2149,0.6242,1.0475,448.23,398.43,398.44,0.2143,0.1369,0.1617,398.44,498.07,498.0,0.0687,0.118,0.0534,16000,1024,1532.19,0.009,0.9894,0.0005,0.0011
2026-08-26T13:12:51.872+02:00,1000,1024,1024,1056,3,10,0,243,0,117,0,0.1526,0.0507,0.0676,0.4127,0.6138,0.6201,1.704,48.154,28.172,49.79,448.06,448.04,0.2086,0.5432,0.9227,448.06,398.26,398.2,0.185,0.1231,0.1448,398.32,497.86,49.81,0.0622,0.0953,0.0522,16000,1024,1396.65,0.0233,0.9754,0.0006,0.0007
2026-08-26T13:13:21.872+02:00,1000,1024,1024,1056,3,10,19,262,5,122,0,0.1543,0.0895,0.2107,0.4078,0.428,2.8475,1.94,6.944,68.726,49.75,447.69,447.67,0.1429,0.2937,0.4893,447.69,243.19,243.15,0.1005,0.1085,0.141,25.17,397.75,457.11,0.055,0.0922,0.1314,16000,1024,1427.5,0.0144,0.9829,0.0016,0.0011
2026-08-26T13:13:51.873+02:00,1000,1024,1024,1056,3,10,27,289,10,132,0,0.1564,0.1258,0.1961,0.4451,0.7778,1.1019,2.03,10.009,8.709,49.66,447.25,447.25,0.1217,0.2298,0.3716,447.29,246.21,246.07,0.0789,0.1177,0.1736,20.04,240.19,240.18,0.0602,0.0974,0.159,16000,1024,1476.65,0.0557,0.9431,0.0007,0.0006
2026-08-26T13:14:21.872+02:00,1000,1024,1024,1056,3,10,0,289,0,132,0,0.1551,0.0474,0.0714,0.4248,0.5365,0.8487,1.789,34.669,31.482,49.68,447.05,447.04,0.2128,0.4452,0.7624,447.05,397.4,452.64,0.1516,0.1088,0.1401,397.4,452.64,397.39,0.0534,0.0783,0.1241,16000,1024,1447.49,0.0239,0.973,0.0024,0.0006
2026-08-26T13:14:51.873+02:00,1000,1024,1024,1056,3,10,1,290,0,132,0,0.1545,0.0364,0.059,0.3012,0.2934,0.4952,1.78,8.563,9.1,49.7,447.6,447.61,0.2119,0.4162,0.7302,447.61,397.74,452.64,0.1409,0.1033,0.1099,99.62,451.66,397.82,0.0508,0.0917,0.1249,16000,1024,1504.1,0.0152,0.9824,0.0013,0.0011
2026-08-26T13:15:21.872+02:00,1000,1024,1024,1056,3,10,0,290,0,132,0,0.1546,0.0409,0.0539,0.3082,0.5641,0.1701,1.748,44.72,2.626,49.78,448.32,448.14,0.2111,0.534,0.9034,448.17,398.18,398.22,0.1887,0.1307,0.1468,398.21,497.75,49.73,0.0655,0.1157,0.0531,16000,1024,1411.97,0.0092,0.9889,0.0007,0.0012
2026-08-26T13:15:51.872+02:00,1000,1024,1024,1056,3,11,0,290,0,132,0,0.1521,0.0435,0.0711,0.2891,0.5096,0.8481,1.748,26.037,30.108,49.77,448.06,448.03,0.2079,0.3853,0.7015,448.04,398.31,398.21,0.1665,0.1169,0.1276,398.25,497.69,49.81,0.0597,0.1053,0.0525,16000,1024,1582.02,0.0665,0.9324,0.0005,0.0006
2026-08-26T13:16:21.875+02:00,1000,1024,1024,1056,3,11,1,291,0,132,0,0.1544,0.0401,0.0616,0.3104,0.2456,0.402,1.726,6.182,8.868,49.8,448.18,448.17,0.2123,0.4786,0.8404,448.17,398.39,398.39,0.1993,0.1376,0.1498,398.37,497.95,498.02,0.0697,0.1187,0.0564,16000,1024,1393.12,0.0113,0.9867,0.0011,0.0008
2026-08-26T13:16:51.872+02:00,1000,1024,1024,1056,3,11,0,291,0,132,0,0.153,0.036,0.0702,0.2977,0.2498,0.893,1.708,5.712,39.843,49.79,448.21,448.22,0.212,0.4638,0.8209,448.21,398.42,398.45,0.1932,0.1341,0.149,398.44,498.02,49.82,0.0679,0.1173,0.0585,16000,1024,1386.98,0.0107,0.9871,0.0009,0.0013
2026-08-26T13:17:21.882+02:00,1000,1024,1024,1056,3,11,27,318,11,143,0,0.1568,0.0914,0.146,0.4184,0.4385,0.6816,1.93,6.315,6.401,49.91,448.3,448.23,0.1471,0.2282,0.4061,448.21,398.21,235.71,0.089,0.075,0.1387,19.4,235.72,439.52,0.0462,0.0772,0.1058,16000,1024,1393.72,0.0038,0.9947,0.0005,0.0009
2026-08-26T13:17:51.872+02:00,1000,1024,1024,1056,3,11,0,318,0,143,0,0.1518,0.0411,0.062,0.292,0.5748,0.67,1.72,47.853,19.878,49.78,448.23,448.19,0.208,0.3987,0.7008,448.23,398.46,398.49,0.1611,0.1188,0.1242,398.35,498.37,442.87,0.0607,0.0908,0.0537,16000,1024,1400.04,0.0059,0.9929,0.0006,0.0006
2026-08-26T13:18:21.873+02:00,1000,1024,1024,1056,3,11,0,318,0,143,0,0.1538,0.0418,0.0673,0.3085,0.3184,0.6971,1.715,10.018,26.789,49.77,448.21,448.14,0.2115,0.3818,0.6756,448.18,398.29,398.3,0.1576,0.1163,0.1286,398.27,498.13,49.85,0.0595,0.1016,0.0621,16000,1024,1449.71,0.0111,0.9876,0.0004,0.0008
2026-08-26T13:18:51.874+02:00,1000,1024,1024,1056,3,11,0,318,0,143,0,0.1512,0.0424,0.0726,0.3052,0.3756,0.7083,1.784,16.206,31.77,49.8,448.26,448.28,0.2069,0.4411,0.7567,448.27,398.43,398.36,0.1772,0.1223,0.1354,398.43,497.98,49.84,0.0639,0.1057,0.0516,16000,1024,1524.82,0.0189,0.9787,0.0011,0.0013
2026-08-26T13:19:21.874+02:00,1000,1024,1024,1056,3,11,0,318,0,143,0,0.1541,0.038,0.0607,0.3183,0.3919,0.6488,1.754,16.741,18.629,49.78,448.31,448.34,0.2129,0.4276,0.7291,448.32,398.49,398.47,0.1681,0.1193,0.1343,398.48,498.46,452.64,0.0614,0.0838,0.0701,16000,1024,1529.57,0.0076,0.9908,0.0008,0.0009
2026-08-26T13:19:51.874+02:00,1000,1024,1024,1056,3,11,1,319,0,143,0,0.1557,0.0438,0.0704,0.3686,0.3295,0.6456,1.802,10.69,18.198,49.79,448.26,448.28,0.212,0.429,0.7332,448.29,398.43,398.46,0.1695,0.1256,0.1464,398.44,498.0,497.8,0.063,0.0913,0.0555,16000,1024,1521.12,0.0083,0.9894,0.0006,0.0017
2026-08-26T13:20:21.874+02:00,1000,1024,1024,1056,3,11,0,319,0,143,0,0.1539,0.0413,0.0645,0.2912,0.5984,0.8529,1.724,59.55,39.163,49.8,448.33,448.33,0.2099,0.5081,0.8577,448.34,398.5,398.49,0.1971,0.1348,0.1527,398.51,498.3,49.83,0.063,0.1089,0.0524,16000,1024,1641.87,0.0091,0.9894,0.0011,0.0005
2026-08-26T13:20:51.874+02:00,1000,1024,1024,1056,3,11,1,320,1,144,0,0.1534,0.0425,0.0671,0.3108,0.4467,0.573,1.721,28.767,16.62,49.8,448.17,448.15,0.2123,0.4871,0.8501,448.16,398.36,398.32,0.1929,0.1347,0.1542,398.34,497.89,49.82,0.0661,0.1114,0.0585,16000,1024,1533.55,0.0125,0.9864,0.0006,0.0006
2026-08-26T13:21:21.877+02:00,1000,1024,1024,1056,3,11,22,342,5,149,0,0.1557,0.0899,0.1864,0.4037,0.4785,2.4546,2.008,7.128,62.927,49.64,448.22,448.21,0.1495,0.3154,0.5331,448.22,398.38,221.59,0.1253,0.0888,0.14,29.96,241.13,428.4,0.0592,0.0851,0.1457,16000,1024,1642.19,0.0094,0.9887,0.001,0.0008
2026-08-26T13:21:51.874+02:00,1000,1024,1024,1056,3,11,0,342,0,149,0,0.1554,0.0496,0.0715,0.3298,0.7701,0.9185,1.735,78.21,48.159,49.79,448.24,448.24,0.2129,0.5193,0.8948,448.25,398.43,398.42,0.2027,0.1403,0.1552,398.4,498.01,498.12,0.0695,0.1135,0.0582,16000,1024,1636.05,0.0096,0.9895,0.0005,0.0004
2026-08-26T13:22:21.874+02:00,1000,1024,1024,1056,3,11,0,342,0,149,0,0.1545,0.0395,0.0563,0.3972,0.21,0.4886,1.827,4.559,9.087,49.8,448.24,448.24,0.208,0.5357,0.9098,448.24,398.42,398.41,0.204,0.1378,0.1536,398.4,498.06,498.01,0.0698,0.117,0.0536,16000,1024,1668.9,0.0119,0.9872,0.0004,0.0004
2026-08-26T13:22:51.875+02:00,1000,1024,1024,1056,3,11,1,343,1,150,0,0.1522,0.0437,0.0669,0.2974,0.4735,0.7917,1.776,35.768,45.047,49.81,448.46,448.45,0.2103,0.5739,0.9514,448.45,398.61,398.62,0.216,0.1377,0.1541,398.6,498.28,49.84,0.0716,0.1157,0.0506,16000,1024,1721.93,0.0106,0.9882,0.0007,0.0005
2026-08-26T13:23:21.875+02:00,1000,1024,1024,1056,3,11,0,343,0,150,0,0.1532,0.0517,0.0738,0.3141,0.7419,1.0123,1.726,97.693,79.086,49.81,448.29,448.3,0.2097,0.5595,0.945,448.29,398.48,398.52,0.2088,0.1377,0.1628,398.51,498.16,498.02,0.0677,0.118,0.053,16000,1024,1599.92,0.0094,0.9893,0.0005,0.0007
2026-08-26T13:23:51.874+02:00,1000,1024,1024,1056,3,11,0,343,0,150,0,0.1515,0.0402,0.0649,0.338,0.4782,0.5782,1.715,32.029,20.939,49.78,448.25,448.24,0.2075,0.5215,0.8851,448.25,398.38,398.42,0.1968,0.124,0.1404,398.4,497.95,49.8,0.0604,0.0953,0.053,16000,1024,1669.4,0.0058,0.9933,0.0004,0.0004
2026-08-26T13:24:21.878+02:00,1000,1024,1024,1056,3,11,0,343,0,150,0,0.1515,0.0375,0.0625,0.2964,0.4001,0.8083,1.645,21.18,41.299,49.71,447.52,447.54,0.2096,0.411,0.6827,447.53,397.86,397.9,0.1513,0.1007,0.1242,397.86,497.14,452.64,0.0538,0.0811,0.1016,16000,1024,1692.02,0.0043,0.9949,0.0004,0.0004
2026-08-26T13:24:51.876+02:00,1000,1024,1024,1056,3,11,2,345,1,151,0,0.1524,0.0472,0.071,0.326,0.3655,0.6048,1.722,17.048,21.455,49.67,447.05,447.04,0.2,0.4285,0.6997,447.02,397.45,451.66,0.1586,0.1103,0.1662,397.45,451.66,397.42,0.0562,0.1065,0.1194,16000,1024,1758.04,0.0147,0.9838,0.0007,0.0009
2026-08-26T13:25:21.875+02:00,1000,1024,1024,1056,3,11,0,345,0,151,0,0.1548,0.0384,0.0566,0.286,0.2047,0.3527,1.707,3.098,5.961,49.73,447.67,447.69,0.2127,0.4267,0.7192,447.7,397.81,397.72,0.1553,0.1072,0.1242,397.78,498.65,452.64,0.0522,0.0905,0.0873,16000,1024,1677.28,0.0147,0.9839,0.0007,0.0008
2026-08-26T13:25:51.876+02:00,1000,1024,1024,1056,3,11,0,345,0,151,0,0.1536,0.0412,0.0724,0.3047,0.3564,1.0663,1.754,14.329,67.676,49.8,448.2,448.2,0.2099,0.5151,0.8568,448.2,398.33,398.38,0.1893,0.1306,0.1495,398.37,498.07,49.74,0.0632,0.1096,0.0548,16000,1024,1766.76,0.0069,0.9915,0.0005,0.0011
2026-08-26T13:26:21.876+02:00,1000,1024,1024,1056,3,11,0,345,0,151,0,0.1539,0.0476,0.082,0.3137,0.568,1.2218,1.742,57.27,86.072,448.24,448.24,448.25,0.2206,0.6051,1.0101,49.81,398.42,398.4,0.2123,0.1367,0.1735,398.42,498.04,49.75,0.0691,0.1175,0.0507,16000,1024,1849.47,0.0051,0.9935,0.0006,0.0008
2026-08-26T13:26:51.876+02:00,1000,1024,1024,1056,3,12,0,345,0,151,0,0.1544,0.043,0.0594,0.3329,0.61,0.4993,1.66,52.327,10.764,49.8,448.17,448.16,0.2154,0.5668,0.9356,448.17,398.34,398.37,0.2008,0.1328,0.1516,398.34,497.91,49.83,0.0664,0.1024,0.0583,16000,1024,1871.54,0.0052,0.9938,0.0005,0.0005
2026-08-26T13:27:21.880+02:00,1000,1024,1024,1056,3,12,0,345,0,151,0,0.1528,0.0352,0.059,0.2914,0.257,0.601,1.682,5.805,14.948,448.16,448.17,448.17,0.2148,0.6353,1.0036,49.8,398.41,398.39,0.2108,0.136,0.1623,398.4,498.0,49.81,0.0672,0.1131,0.0518,16000,1024,1711.0,0.0117,0.9873,0.0005,0.0005
2026-08-26T13:28:21.876+02:00,1000,1024,1024,1056,4,12,0,347,0,151,0,0.1512,0.0387,0.0604,0.2846,0.3029,0.644,1.687,9.899,25.973,49.78,448.02,448.02,0.2117,0.541,0.889,448.01,398.24,398.23,0.19,0.1217,0.1514,398.21,497.91,49.68,0.0596,0.094,0.0506,16000,1024,1720.06,0.0042,0.9938,0.0012,0.0008
2026-08-26T13:28:51.875+02:00,1000,1024,1024,1056,4,12,1,348,0,151,0,0.1536,0.041,0.075,0.298,0.3786,0.8721,1.674,16.042,39.389,49.75,447.99,448.02,0.213,0.4728,0.758,447.97,398.15,398.16,0.1611,0.1088,0.1382,398.14,497.55,442.87,0.0523,0.0848,0.0731,16000,1024,1617.22,0.0044,0.9945,0.0006,0.0005
2026-08-26T13:29:21.876+02:00,1000,1024,1024,1056,4,12,0,348,0,151,0,0.1547,0.0378,0.0666,0.2909,0.2747,0.7372,1.674,9.706,28.609,49.69,447.3,447.31,0.2101,0.4238,0.6927,447.33,397.58,452.64,0.1469,0.0948,0.1143,397.59,452.64,397.64,0.0479,0.0769,0.1191,16000,1024,1772.46,0.0056,0.9936,0.0005,0.0003
2026-08-26T13:29:51.877+02:00,1000,1024,1024,1056,4,12,22,370,3,154,0,0.1536,0.105,0.1776,0.425,0.4699,1.1829,1.916,5.729,7.638,49.86,447.19,447.21,0.1279,0.2433,0.4077,447.19,238.6,245.36,0.0883,0.108,0.1856,16.07,310.13,238.73,0.0575,0.0942,0.1936,16000,1024,1759.42,0.0124,0.9866,0.0005,0.0005
2026-08-26T13:30:21.882+02:00,1000,1024,1024,1056,4,12,0,370,0,154,0,0.155,0.0417,0.0724,0.3024,0.4386,1.0938,1.712,22.316,77.273,49.68,447.18,447.19,0.2137,0.4591,0.7402,447.17,451.66,451.66,0.1574,0.1254,0.2075,397.53,397.49,397.5,0.0541,0.1144,0.1447,16000,1024,1829.02,0.0067,0.9923,0.0005,0.0005
2026-08-26T13:30:51.879+02:00,1000,1024,1024,1056,4,12,26,396,8,162,0,0.1553,0.1188,0.1942,0.437,0.6003,1.0816,1.984,7.489,7.155,49.85,446.93,446.98,0.1393,0.2569,0.4332,446.89,451.66,451.66,0.0861,0.1487,0.2283,451.66,456.59,245.93,0.0619,0.1194,0.1777,16000,1024,1690.61,0.0033,0.9955,0.0006,0.0006
2026-08-26T13:31:21.879+02:00,1000,1024,1024,1056,4,12,0,396,0,162,0,0.1542,0.038,0.0548,0.3048,0.3037,0.3873,1.763,7.26,5.112,49.81,448.23,448.22,0.2092,0.6036,1.006,448.22,398.46,398.46,0.2087,0.142,0.1733,398.4,497.96,498.11,0.0677,0.1071,0.0505,16000,1024,1453.51,0.007,0.9921,0.0006,0.0003
2026-08-26T13:31:51.878+02:00,1000,1024,1024,1056,4,12,0,396,0,162,0,0.1548,0.0511,0.0624,0.3055,0.5832,0.5277,1.722,46.295,12.137,49.81,448.15,448.15,0.2127,0.6001,1.0219,448.16,398.34,398.35,0.2104,0.1423,0.1748,398.36,498.0,49.79,0.0713,0.1084,0.0558,16000,1024,1538.43,0.0077,0.9904,0.0014,0.0005
2026-08-26T13:32:21.878+02:00,1000,1024,1024,1056,4,12,0,396,0,162,0,0.1545,0.0374,0.0564,0.3147,0.1783,0.3784,1.769,3.142,7.306,49.74,447.74,447.74,0.2087,0.441,0.7552,447.81,397.98,398.35,0.14,0.0892,0.1239,99.72,497.47,452.64,0.047,0.0888,0.1022,16000,1024,1667.0,0.0206,0.9775,0.0012,0.0007
2026-08-26T13:32:51.878+02:00,1000,1024,1024,1056,4,12,0,396,0,162,0,0.1545,0.0418,0.0751,0.3058,0.4422,1.203,1.776,22.907,88.764,49.67,447.03,447.03,0.2127,0.4459,0.7646,447.04,397.4,451.66,0.1614,0.1205,0.2074,397.37,451.66,397.4,0.0579,0.1106,0.1401,16000,1024,1675.66,0.0087,0.9902,0.0005,0.0006
2026-08-26T13:33:21.877+02:00,1000,1024,1024,1056,4,13,0,396,0,162,0,0.1553,0.0618,0.0655,0.481,0.786,0.682,1.869,74.483,29.538,49.8,448.28,448.25,0.2098,0.5503,0.9906,448.26,398.47,398.45,0.1969,0.1394,0.1706,398.46,498.14,49.7,0.0683,0.1091,0.0524,16000,1024,1666.72,0.0089,0.9899,0.0005,0.0007
2026-08-26T13:33:51.878+02:00,1000,1024,1024,1056,4,13,0,396,0,162,0,0.1552,0.0343,0.062,0.3142,0.2463,0.8,1.784,5.346,37.496,49.71,447.57,447.57,0.2133,0.3979,0.7132,447.56,397.8,452.64,0.1415,0.1139,0.138,397.79,498.9,397.78,0.0555,0.0942,0.1373,16000,1024,1520.56,0.004,0.9946,0.0005,0.0009
2026-08-26T13:34:21.878+02:00,1000,1024,1024,1056,4,13,0,396,0,162,0,0.1543,0.0363,0.0571,0.3243,0.2267,0.4493,1.738,4.247,7.529,49.68,447.4,447.39,0.2122,0.3297,0.5913,447.38,397.66,452.64,0.1411,0.1065,0.1051,397.67,497.12,397.75,0.052,0.0826,0.1163,16000,1024,1492.32,0.0326,0.9655,0.0008,0.001
2026-08-26T13:34:51.878+02:00,1000,1024,1024,1056,4,13,0,396,0,162,0,0.1539,0.0472,0.0672,0.4449,0.6216,0.7154,1.843,70.789,32.143,49.77,447.92,447.94,0.2068,0.4703,0.8344,447.94,398.16,398.16,0.2005,0.1374,0.1601,398.17,497.71,49.71,0.0683,0.1168,0.0574,16000,1024,1416.31,0.0268,0.9719,0.0006,0.0007
2026-08-26T13:35:21.877+02:00,1000,1024,1024,1056,4,13,0,396,0,162,0,0.1521,0.0347,0.0537,0.2921,0.3339,0.2248,1.71,12.624,2.69,49.7,447.63,447.65,0.2086,0.3319,0.6181,447.63,397.76,397.81,0.1464,0.1063,0.1184,397.77,497.31,451.66,0.0517,0.0808,0.0942,16000,1024,1443.05,0.0139,0.9838,0.0007,0.0016
2026-08-26T13:35:51.878+02:00,1000,1024,1024,1056,4,13,0,396,0,162,0,0.1517,0.0418,0.0496,0.4448,0.5055,0.2943,1.778,29.533,3.786,49.63,446.85,446.86,0.2103,0.3356,0.5988,446.84,397.12,452.64,0.1545,0.1209,0.134,397.1,496.48,397.11,0.0612,0.0845,0.1344,16000,1024,1465.71,0.0125,0.9855,0.0013,0.0008
2026-08-26T13:36:21.878+02:00,1000,1024,1024,1056,4,13,0,396,0,162,0,0.1538,0.0433,0.06,0.3085,0.6657,0.7559,1.688,73.271,33.186,49.74,448.03,447.96,0.2124,0.3547,0.6406,448.0,398.11,398.02,0.1532,0.1031,0.1196,398.01,498.31,453.61,0.0507,0.0944,0.0624,16000,1024,1423.79,0.0118,0.9863,0.0009,0.001
2026-08-26T13:36:51.879+02:00,1000,1024,1024,1056,4,14,0,396,0,162,0,0.1527,0.0354,0.0605,0.2903,0.2625,0.7837,1.661,9.236,41.083,49.76,448.01,448.03,0.2131,0.3995,0.7086,448.0,398.14,398.09,0.1689,0.11,0.1338,398.17,497.75,442.87,0.0534,0.104,0.0553,16000,1024,1551.12,0.0142,0.9847,0.0006,0.0005
2026-08-26T13:37:21.879+02:00,1000,1024,1024,1056,4,14,0,396,0,162,0,0.1528,0.0406,0.0524,0.3011,0.3541,0.325,1.667,19.374,4.372,49.8,448.05,448.06,0.2113,0.4748,0.8347,448.06,398.27,398.28,0.1972,0.1311,0.1569,398.28,497.84,497.85,0.0665,0.1131,0.0555,16000,1024,1611.9,0.0225,0.9767,0.0004,0.0004
2026-08-26T13:37:51.879+02:00,1000,1024,1024,1056,4,14,1,397,0,162,0,0.1533,0.0386,0.0639,0.3298,0.2916,0.5505,1.708,10.801,21.353,49.66,446.98,446.97,0.211,0.3718,0.6603,446.99,397.36,451.66,0.154,0.1103,0.1553,397.37,451.66,397.28,0.0505,0.0872,0.1306,16000,1024,1622.9,0.0081,0.9908,0.0005,0.0005
2026-08-26T13:38:21.879+02:00,1000,1024,1024,1056,4,14,1,398,0,162,0,0.153,0.0411,0.066,0.4202,0.385,0.5421,1.735,19.181,13.43,49.76,447.98,447.94,0.201,0.3854,0.6877,447.94,398.13,398.15,0.1593,0.1104,0.1322,398.13,497.73,497.72,0.0565,0.1002,0.052,16000,1024,1485.64,0.0159,0.9828,0.0005,0.0008
2026-08-26T13:38:51.880+02:00,1000,1024,1024,1056,4,14,0,398,0,162,0,0.1557,0.0363,0.0562,0.3269,0.2366,0.515,1.745,5.056,18.412,49.77,448.01,448.03,0.2142,0.499,0.8741,448.02,398.22,398.24,0.2007,0.1347,0.1627,398.25,497.84,497.8,0.067,0.1096,0.0545,16000,1024,1551.07,0.0067,0.9924,0.0005,0.0004
2026-08-26T13:39:21.880+02:00,1000,1024,1024,1056,4,14,0,398,0,162,0,0.154,0.0374,0.0673,0.2822,0.2806,0.9744,1.718,7.442,62.247,49.77,448.09,448.06,0.2148,0.4438,0.7878,448.07,398.28,398.31,0.1792,0.1213,0.146,398.26,497.8,49.81,0.0579,0.0949,0.0507,16000,1024,1547.79,0.007,0.9921,0.0004,0.0005
2026-08-26T13:39:51.878+02:00,1000,1024,1024,1056,4,14,0,398,0,162,0,0.1561,0.0513,0.068,0.5035,0.6642,0.7456,1.869,52.734,29.262,49.68,447.16,447.17,0.2095,0.3598,0.6326,447.14,397.47,397.45,0.1441,0.0948,0.1267,397.39,451.66,452.64,0.0487,0.0838,0.1109,16000,1024,1502.54,0.0083,0.9899,0.0012,0.0005
2026-08-26T13:40:21.880+02:00,1000,1024,1024,1056,4,14,1,399,0,162,0,0.1501,0.0442,0.0775,0.3516,0.4247,0.7873,1.769,22.269,33.45,49.73,448.18,448.11,0.1972,0.3954,0.6791,448.24,398.31,398.64,0.1545,0.1127,0.1304,398.29,497.88,453.61,0.0555,0.0867,0.0507,16000,1024,1544.81,0.0135,0.9854,0.0008,0.0003
2026-08-26T13:40:51.880+02:00,1000,1024,1024,1056,4,14,1,400,1,163,0,0.1518,0.0331,0.0534,0.2965,0.1148,0.1589,1.755,3.085,2.506,49.77,447.86,447.88,0.2103,0.5369,0.9462,447.87,398.09,398.1,0.2084,0.1418,0.1713,398.11,497.65,49.75,0.0709,0.1155,0.054,16000,1024,1455.92,0.0099,0.9884,0.0007,0.001
2026-08-26T13:41:21.879+02:00,1000,1024,1024,1056,4,14,0,400,0,163,0,0.1548,0.0381,0.0539,0.3178,0.4036,0.2949,1.735,19.689,3.413,49.72,447.85,447.77,0.2156,0.4045,0.7238,447.79,397.92,398.09,0.1583,0.1153,0.1224,397.89,497.46,442.87,0.0553,0.085,0.0662,16000,1024,1578.55,0.023,0.9758,0.0005,0.0007
2026-08-26T13:41:51.881+02:00,1000,1024,1024,1056,4,14,1,401,1,164,0,0.1548,0.0391,0.0509,0.3065,0.4575,0.2873,1.665,25.962,3.605,49.75,448.05,448.02,0.2154,0.4668,0.8193,448.05,398.28,398.3,0.1829,0.1174,0.1345,398.28,497.94,453.61,0.0568,0.1002,0.0553,16000,1024,1543.63,0.0159,0.983,0.0005,0.0006
2026-08-26T13:42:21.889+02:00,1000,1024,1024,1056,4,14,0,401,0,164,0,0.1529,0.0473,0.0734,0.3024,0.705,1.1977,1.684,68.804,98.497,49.74,448.04,448.05,0.2118,0.5125,0.8871,448.06,398.24,398.2,0.198,0.1262,0.1521,398.24,497.94,498.18,0.0626,0.1087,0.0609,16000,1024,1884.53,0.0414,0.9569,0.0011,0.0006
2026-08-26T13:42:51.881+02:00,1000,1024,1024,1056,4,15,0,401,0,164,0,0.1561,0.0356,0.0577,0.302,0.1162,0.5529,1.707,2.827,13.383,49.74,448.05,448.06,0.2183,0.4355,0.7775,448.06,398.19,398.16,0.168,0.1104,0.1374,398.14,498.57,453.61,0.0502,0.0867,0.0662,16000,1024,1687.01,0.0088,0.9903,0.0005,0.0004
2026-08-26T13:43:21.894+02:00,1000,1024,1024,1056,4,15,0,401,0,164,0,0.1573,0.0395,0.0611,0.3039,0.2359,0.4842,1.743,5.471,12.634,49.78,448.13,448.13,0.2163,0.5523,0.9661,448.13,398.33,398.32,0.2078,0.1374,0.18,398.33,497.94,498.11,0.0653,0.1118,0.0582,16000,1024,1603.97,0.0051,0.9937,0.0008,0.0004
2026-08-26T13:43:51.881+02:00,1000,1024,1024,1056,4,15,0,401,0,164,0,0.1567,0.0479,0.0574,0.3186,0.6582,0.5157,1.722,51.352,9.295,49.7,447.52,447.55,0.2163,0.4271,0.7445,447.53,397.8,452.64,0.1573,0.1066,0.1224,397.83,452.64,397.76,0.0553,0.0836,0.1239,16000,1024,1716.97,0.0054,0.9937,0.0004,0.0005
2026-08-26T13:44:21.890+02:00,1000,1024,1032,1065,4,15,25,426,8,172,0,0.1533,0.099,0.2225,0.4574,0.6172,2.7333,1.972,8.656,43.328,448.15,448.15,448.13,0.1496,0.4173,0.7129,49.76,443.36,443.44,0.1433,0.1182,0.1894,44.88,452.86,452.94,0.0587,0.1178,0.1603,16000,1024,1588.93,0.0054,0.9935,0.0005,0.0006
2026-08-26T13:44:51.882+02:00,1000,1024,1024,1056,4,15,1,427,1,173,0,0.1535,0.0535,0.0774,0.2975,0.7287,1.3385,1.668,69.938,118.773,49.69,447.57,447.59,0.212,0.4441,0.7555,447.58,397.71,397.7,0.159,0.1091,0.1474,397.7,498.64,452.64,0.0523,0.0843,0.0996,16000,1024,1722.07,0.0051,0.994,0.0006,0.0003
2026-08-26T13:45:21.882+02:00,1000,1024,1024,1056,4,15,0,427,0,173,0,0.1546,0.0379,0.0664,0.3118,0.3148,0.6626,1.697,16.579,22.743,49.79,448.1,448.11,0.2145,0.5893,1.006,448.1,398.31,398.3,0.2122,0.1361,0.1739,398.29,497.92,49.88,0.0666,0.1031,0.0509,16000,1024,1666.52,0.0115,0.9878,0.0004,0.0003
2026-08-26T13:45:51.881+02:00,1000,1024,1024,1057,4,15,24,451,6,179,0,0.1598,0.1094,0.1863,0.399,0.4884,0.872,2.012,5.329,5.735,49.66,447.37,447.32,0.1079,0.2064,0.3391,447.26,247.11,298.16,0.0714,0.1178,0.1942,41.95,436.89,247.08,0.0517,0.1006,0.1766,16000,1024,1724.91,0.0111,0.988,0.0005,0.0003
2026-08-26T13:46:21.881+02:00,1000,1024,1024,1056,4,15,0,451,0,179,0,0.1588,0.0454,0.0682,0.487,0.5362,0.7908,1.828,45.896,42.293,49.78,448.1,448.1,0.2181,0.5965,1.0293,448.11,398.34,398.32,0.2145,0.1378,0.1743,398.32,497.87,497.79,0.0677,0.1066,0.0534,16000,1024,1689.29,0.0063,0.9921,0.0012,0.0004
2026-08-26T13:46:51.882+02:00,1000,1024,1024,1056,4,15,1,452,1,180,0,0.1551,0.0353,0.0527,0.296,0.2449,0.3303,1.724,4.926,4.531,49.63,446.89,446.89,0.2151,0.4881,0.8818,446.9,397.15,451.66,0.1693,0.1172,0.1645,397.17,452.64,397.14,0.0539,0.0793,0.1374,16000,1024,1669.99,0.0084,0.9904,0.0005,0.0007
2026-08-26T13:47:21.881+02:00,1000,1024,1024,1056,4,15,0,452,0,180,0,0.1569,0.0364,0.0569,0.3014,0.4102,0.5781,1.669,19.855,15.112,49.77,448.01,448.01,0.2204,0.5891,1.0416,448.01,398.2,398.22,0.2088,0.1357,0.1716,398.22,497.75,497.82,0.0667,0.0988,0.0538,16000,1024,1584.84,0.0047,0.9944,0.0004,0.0005
2026-08-26T13:47:51.885+02:00,1000,1024,1026,1058,4,15,18,470,6,186,0,0.1542,0.09,0.1554,0.3847,0.5086,0.8519,1.821,10.043,9.437,448.1,448.1,448.08,0.156,0.4287,0.7435,49.69,398.41,464.68,0.1536,0.1065,0.1449,398.34,497.97,245.95,0.0501,0.0922,0.1394,16000,1024,1783.35,0.0104,0.9884,0.0007,0.0005
2026-08-26T13:48:21.882+02:00,1000,1024,1024,1056,4,15,1,471,0,186,0,0.1599,0.0519,0.075,0.563,0.7311,0.9794,1.895,59.419,53.956,49.67,447.11,447.14,0.211,0.4,0.7202,447.12,397.44,397.49,0.1477,0.0968,0.1226,397.44,499.3,452.64,0.0469,0.0734,0.1135,16000,1024,1734.19,0.0043,0.9947,0.0005,0.0005
2026-08-26T13:48:51.882+02:00,1000,1024,1024,1056,4,15,0,471,0,186,0,0.1597,0.0407,0.0517,0.3127,0.3911,0.1659,1.741,12.161,2.517,49.72,447.71,447.69,0.2194,0.4659,0.8248,447.7,397.88,397.87,0.1665,0.1142,0.1365,99.8,497.6,452.64,0.049,0.0863,0.0986,16000,1024,1483.98,0.0061,0.993,0.0005,0.0004
2026-08-26T13:49:21.883+02:00,1000,1024,1024,1056,4,15,0,471,0,186,0,0.1591,0.0449,0.075,0.3009,0.4488,1.0676,1.749,26.014,92.751,49.78,448.06,448.05,0.22,0.5586,1.0164,448.04,398.28,398.29,0.2042,0.1332,0.1793,398.28,497.81,49.7,0.0622,0.1099,0.0529,16000,1024,1538.99,0.0134,0.9851,0.0006,0.001
2026-08-26T13:49:51.883+02:00,1000,1024,1024,1056,4,15,1,472,1,187,0,0.1567,0.045,0.0916,0.2972,0.3878,1.0291,1.69,18.962,48.933,49.74,447.8,447.75,0.2153,0.3728,0.7782,448.0,397.94,397.94,0.1375,0.1043,0.1462,398.02,497.26,452.64,0.0478,0.076,0.1117,16000,1024,1691.65,0.0083,0.9902,0.0006,0.0009
2026-08-26T13:50:21.883+02:00,1000,1024,1024,1056,4,15,5,477,1,188,0,0.1591,0.0507,0.0686,0.4473,0.5396,0.5199,1.851,38.137,12.88,49.84,448.48,448.47,0.2162,0.538,1.0156,448.47,398.65,398.66,0.2014,0.1411,0.1805,398.64,498.29,498.42,0.0681,0.1025,0.0578,16000,1024,1738.67,0.1312,0.8652,0.0022,0.0015
2026-08-26T13:50:51.883+02:00,1000,1024,1024,1056,4,15,0,477,0,188,0,0.157,0.0564,0.0701,0.3186,0.6945,0.812,1.752,62.675,34.823,49.75,447.75,447.75,0.2168,0.3702,0.7219,448.76,398.12,398.43,0.1333,0.1059,0.1315,397.95,499.14,452.64,0.0509,0.0879,0.1198,16000,1024,1533.03,0.0099,0.9889,0.0006,0.0007
2026-08-26T13:51:21.885+02:00,1000,1024,1024,1056,4,15,1,478,1,189,0,0.1574,0.0354,0.051,0.3256,0.1712,0.2039,1.781,3.221,2.973,49.67,447.25,447.23,0.2159,0.3248,0.5916,447.26,397.48,452.64,0.1404,0.105,0.1184,397.47,497.12,397.57,0.0525,0.076,0.1179,16000,1024,1441.13,0.009,0.9895,0.0006,0.0009
2026-08-26T13:51:51.884+02:00,1000,1024,1024,1056,4,16,0,478,0,189,0,0.1545,0.0387,0.0583,0.4876,0.4899,0.4717,1.829,35.24,10.974,49.78,448.1,448.11,0.2142,0.4554,0.8401,448.1,398.31,398.29,0.1972,0.1341,0.1679,398.3,497.88,497.81,0.0677,0.1142,0.0588,16000,1024,1513.72,0.0097,0.9894,0.0005,0.0005
2026-08-26T13:52:21.882+02:00,1000,1024,1024,1056,4,16,5,483,0,189,0,0.1555,0.0515,0.0873,0.3785,0.4604,0.9891,1.717,17.466,29.031,49.73,448.17,448.09,0.1932,0.3366,0.6052,448.13,398.31,398.39,0.1442,0.1089,0.1322,398.24,497.81,436.69,0.0511,0.0766,0.0851,16000,1024,1540.85,0.0487,0.9493,0.001,0.001
2026-08-26T13:52:51.881+02:00,1000,1024,1024,1056,4,16,2,485,0,189,0,0.1565,0.0406,0.0661,0.2809,0.321,0.7435,1.649,17.201,37.024,49.62,446.94,446.95,0.2184,0.3041,0.5646,446.93,397.19,452.64,0.1367,0.1054,0.1187,397.18,496.53,397.14,0.0519,0.0714,0.1412,16000,1024,1605.89,0.0162,0.9761,0.0072,0.0005
2026-08-26T13:53:21.882+02:00,1000,1024,1024,1056,4,16,0,485,0,189,0,0.1552,0.0349,0.0529,0.2965,0.1634,0.409,1.64,3.188,7.306,49.69,447.18,447.17,0.215,0.3111,0.5606,447.16,397.49,397.46,0.1309,0.1009,0.1379,397.51,499.06,452.64,0.0505,0.0914,0.1078,16000,1024,1420.84,0.0222,0.9766,0.0006,0.0006
2026-08-26T13:53:51.884+02:00,1000,1024,1024,1056,4,16,0,485,0,189,0,0.1567,0.04,0.0687,0.3022,0.4251,1.0092,1.7,18.532,63.621,49.72,447.81,447.82,0.2167,0.3284,0.6384,447.86,398.0,398.0,0.1465,0.1043,0.1291,398.0,497.81,442.87,0.0524,0.0979,0.0529,16000,1024,1484.59,0.0098,0.9892,0.0005,0.0005
2026-08-26T13:54:21.884+02:00,1000,1024,1024,1056,4,16,0,485,0,189,0,0.1585,0.0422,0.0664,0.2968,0.3486,0.7684,1.721,12.313,35.342,49.75,447.75,447.74,0.2156,0.4123,0.8056,447.75,398.0,398.0,0.1821,0.1361,0.1673,398.01,497.51,497.55,0.0676,0.1119,0.0586,16000,1024,1780.79,0.2668,0.7308,0.0016,0.0008
2026-08-26T13:54:51.888+02:00,1000,1024,1024,1056,4,16,0,485,0,189,0,0.1568,0.0419,0.0574,0.5276,0.5179,0.3654,1.871,31.195,4.363,49.76,447.92,447.95,0.2135,0.4126,0.7829,447.93,398.12,398.13,0.1779,0.1244,0.169,398.17,497.69,497.75,0.0615,0.1097,0.0594,16000,1024,1345.52,0.0366,0.9621,0.0007,0.0006
2026-08-26T13:55:21.884+02:00,1000,1024,1024,1056,4,16,0,485,0,189,0,0.1552,0.0345,0.057,0.2813,0.244,0.6746,1.627,6.212,28.588,49.77,448.04,448.06,0.2158,0.3926,0.7083,448.06,398.28,398.24,0.1644,0.1145,0.1461,398.27,497.99,442.87,0.0578,0.082,0.0476,16000,1024,1401.86,0.0078,0.9909,0.0007,0.0006
2026-08-26T13:55:51.888+02:00,1000,1024,1024,1056,4,16,0,485,0,189,0,0.1585,0.0369,0.0554,0.2812,0.2287,0.3412,1.657,5.206,5.189,49.76,448.04,448.05,0.2182,0.3856,0.7101,448.02,398.18,398.22,0.1652,0.1136,0.1503,398.27,497.9,498.07,0.0585,0.1031,0.0599,16000,1024,1360.51,0.0134,0.9855,0.0006,0.0004
2026-08-26T13:56:21.890+02:00,1000,1024,1024,1056,4,16,1,486,1,190,0,0.1582,0.0405,0.0564,0.3113,0.4559,0.5439,1.725,22.434,12.202,49.75,447.92,447.92,0.2186,0.4511,0.7913,447.93,398.15,398.11,0.1867,0.133,0.1717,398.13,497.71,497.74,0.0635,0.1086,0.0602,16000,1024,1368.15,0.0172,0.9814,0.0006,0.0009
2026-08-26T13:56:51.890+02:00,1000,1024,1024,1056,4,16,0,486,0,190,0,0.1569,0.0409,0.0653,0.3063,0.3336,0.7025,1.733,13.62,29.433,49.77,447.86,447.85,0.2158,0.4439,0.8156,447.85,398.1,398.1,0.1882,0.1365,0.1725,398.14,497.6,49.85,0.068,0.1103,0.0544,16000,1024,1251.29,0.0156,0.9827,0.0007,0.001
2026-08-26T13:57:21.886+02:00,1000,1024,1024,1056,4,16,0,486,0,190,0,0.158,0.0395,0.0588,0.3523,0.3845,0.6583,1.737,13.849,22.412,49.75,447.88,447.9,0.2184,0.4544,0.8356,447.89,398.11,398.12,0.1922,0.1408,0.1819,398.14,497.66,49.83,0.0696,0.1109,0.0526,16000,1024,1333.96,0.0382,0.9606,0.0008,0.0004
2026-08-26T13:57:51.886+02:00,1000,1024,1024,1056,4,16,1,487,1,191,0,0.16,0.0421,0.0736,0.3072,0.2612,0.6651,1.732,9.424,26.107,49.75,447.89,447.88,0.2193,0.4232,0.8128,447.88,398.14,398.09,0.1857,0.1301,0.1728,398.11,497.66,49.92,0.0652,0.1136,0.0562,16000,1024,1364.7,0.0138,0.9839,0.0008,0.0015
2026-08-26T13:58:21.884+02:00,1000,1024,1024,1056,4,16,0,487,0,191,0,0.161,0.0456,0.0646,0.4265,0.5025,0.7064,1.762,40.41,35.862,49.75,447.9,447.94,0.2199,0.3848,0.7255,447.91,398.12,398.13,0.1642,0.116,0.1638,398.18,497.7,497.67,0.0565,0.0967,0.0561,16000,1024,1456.82,0.081,0.9167,0.001,0.0013
2026-08-26T13:58:51.886+02:00,1000,1024,1024,1056,4,16,1,488,1,192,0,0.1564,0.0374,0.0638,0.3209,0.2689,0.6594,1.644,7.983,23.473,49.67,447.53,447.5,0.2157,0.3112,0.616,447.49,397.72,397.77,0.139,0.1053,0.1372,397.65,497.26,452.64,0.0526,0.085,0.0835,16000,1024,1290.43,0.0146,0.9826,0.0011,0.0017
2026-08-26T13:59:21.886+02:00,1000,1024,1024,1056,4,16,0,488,0,192,0,0.1549,0.0348,0.0645,0.29,0.3006,0.978,1.666,9.29,74.724,49.66,447.03,447.02,0.2135,0.3164,0.6234,447.0,397.33,397.27,0.1426,0.1067,0.1476,397.28,499.4,452.64,0.0512,0.0904,0.1189,16000,1024,1456.92,0.015,0.9838,0.0008,0.0004
2026-08-26T13:59:51.885+02:00,1000,1024,1024,1056,4,16,1,489,1,193,0,0.1571,0.0406,0.0541,0.2955,0.4113,0.5235,1.672,17.48,12.696,49.64,447.02,447.01,0.2182,0.257,0.4803,446.95,397.27,397.32,0.1115,0.1012,0.1271,397.22,496.42,451.66,0.0516,0.0732,0.1076,16000,1024,1254.23,0.0142,0.9847,0.0005,0.0005
2026-08-26T14:00:21.886+02:00,1000,1024,1024,1056,4,16,1,490,1,194,0,0.1593,0.0419,0.0613,0.3269,0.5069,0.8386,1.701,29.664,45.619,49.67,447.44,447.47,0.2204,0.3086,0.6031,447.45,397.6,397.69,0.1359,0.1041,0.1357,397.66,497.43,451.66,0.0524,0.0797,0.1066,16000,1024,1439.38,0.0259,0.9725,0.001,0.0007
2026-08-26T14:00:51.886+02:00,1000,1024,1024,1056,4,16,0,490,0,194,0,0.1596,0.0397,0.0607,0.3037,0.3335,0.8205,1.699,9.881,44.165,49.75,447.87,447.84,0.2174,0.373,0.7179,447.84,398.07,398.11,0.1632,0.1207,0.1576,397.99,497.66,49.75,0.058,0.1006,0.0529,16000,1024,1254.52,0.0509,0.9466,0.001,0.0015
2026-08-26T14:01:21.887+02:00,1000,1024,1024,1056,4,16,0,490,0,194,0,0.1585,0.0468,0.0778,0.3362,0.6194,1.1688,1.74,43.112,80.575,49.78,448.06,448.04,0.2196,0.4432,0.8331,448.05,398.29,398.27,0.1886,0.1328,0.1797,398.26,497.83,497.92,0.067,0.1109,0.0534,16000,1024,1420.21,0.0149,0.9835,0.0006,0.001
2026-08-26T14:01:51.889+02:00,1000,1024,1024,1056,4,16,0,490,0,194,0,0.1574,0.0411,0.0575,0.3079,0.5482,0.5109,1.707,42.031,14.19,49.79,448.0,448.02,0.2187,0.4599,0.8766,448.0,398.23,398.22,0.1959,0.1341,0.1911,398.21,497.79,497.81,0.0656,0.113,0.0551,16000,1024,1280.21,0.0294,0.969,0.0008,0.0008
2026-08-26T14:02:21.887+02:00,1000,1024,1024,1056,4,16,0,490,0,194,0,0.1544,0.0409,0.07,0.2968,0.366,0.8824,1.7,19.195,59.502,49.8,448.16,448.15,0.2145,0.4675,0.866,448.17,398.34,398.35,0.1927,0.1304,0.1742,398.36,497.96,498.05,0.0624,0.1071,0.0556,16000,1024,1539.56,0.0092,0.9897,0.0007,0.0004
2026-08-26T14:02:51.887+02:00,1000,1024,1024,1056,4,16,0,490,0,194,0,0.1578,0.0348,0.0519,0.2835,0.317,0.2566,1.647,9.786,3.171,49.79,448.29,448.29,0.2206,0.4566,0.7952,448.28,398.39,398.43,0.1849,0.1239,0.1759,398.38,498.03,453.61,0.0621,0.0982,0.0549,16000,1024,1438.86,0.0103,0.9883,0.0008,0.0005
2026-08-26T14:03:21.886+02:00,1000,1024,1024,1056,4,16,22,512,4,198,0,0.1614,0.0931,0.1536,0.4693,0.4196,0.8209,1.94,6.119,6.889,49.77,448.27,448.22,0.1349,0.1808,0.3332,448.26,225.3,240.16,0.0739,0.1045,0.1691,16.54,240.37,452.72,0.0568,0.0938,0.1794,16000,1024,1978.46,0.156,0.8415,0.0021,0.0004
2026-08-26T14:03:51.888+02:00,1000,1024,1024,1056,4,16,1,513,1,199,0,0.1597,0.039,0.0578,0.321,0.3184,0.5503,1.684,12.033,18.475,49.67,447.07,447.11,0.2217,0.3534,0.6274,447.13,397.38,397.37,0.155,0.1115,0.1521,397.37,496.83,451.66,0.054,0.0794,0.1397,16000,1024,1694.41,0.0081,0.9912,0.0004,0.0003
2026-08-26T14:04:21.888+02:00,1000,1024,1024,1056,4,16,1,514,0,199,0,0.1573,0.0443,0.0703,0.285,0.5141,0.98,1.696,26.636,50.945,49.64,447.02,447.02,0.2174,0.4023,0.6976,447.02,397.35,451.66,0.1562,0.1151,0.1742,397.35,451.66,397.42,0.0572,0.123,0.1368,16000,1024,1676.5,0.0407,0.9576,0.0009,0.0007
2026-08-26T14:04:51.888+02:00,1000,1024,1024,1056,4,16,0,514,0,199,0,0.1587,0.0391,0.0532,0.4879,0.3371,0.2628,1.805,10.657,3.493,49.64,446.95,446.94,0.2159,0.3994,0.7017,446.93,397.23,397.24,0.1575,0.1134,0.1464,397.18,496.74,452.64,0.0582,0.0805,0.1203,16000,1024,1552.95,0.0084,0.9909,0.0005,0.0003
2026-08-26T14:05:21.888+02:00,1000,1024,1024,1056,4,16,1,515,0,199,0,0.1577,0.0537,0.0852,0.3578,0.5516,0.9684,1.772,28.159,41.925,49.68,447.14,447.13,0.2122,0.4207,0.6976,447.14,451.66,452.64,0.1587,0.1168,0.155,397.47,397.44,397.41,0.0498,0.0941,0.1487,16000,1024,1737.38,0.0086,0.9907,0.0004,0.0003
2026-08-26T14:05:51.888+02:00,1000,1024,1024,1056,4,16,0,515,0,199,0,0.159,0.0372,0.0569,0.3114,0.2906,0.5247,1.683,6.62,11.777,49.71,447.43,447.43,0.218,0.4111,0.6918,447.47,397.75,397.62,0.1525,0.1016,0.1415,397.73,497.39,452.64,0.0525,0.0781,0.1098,16000,1024,1880.93,0.0199,0.9788,0.0009,0.0003
2026-08-26T14:06:21.888+02:00,1000,1024,1024,1056,4,16,0,515,0,199,0,0.1548,0.0378,0.0581,0.3888,0.3126,0.558,1.668,14.251,20.127,49.81,448.4,448.41,0.2142,0.5801,0.9284,448.4,398.51,398.54,0.2097,0.1273,0.1684,398.54,498.11,49.8,0.0659,0.0992,0.0514,16000,1024,1840.79,0.013,0.9859,0.0005,0.0006
2026-08-26T14:06:51.888+02:00,1000,1024,1024,1056,4,16,0,515,0,199,0,0.1575,0.0393,0.0535,0.2934,0.3924,0.4834,1.713,14.743,9.253,49.82,448.31,448.33,0.2185,0.5969,0.9849,448.33,398.48,398.48,0.2196,0.1366,0.178,398.48,498.17,498.0,0.0709,0.1123,0.0498,16000,1024,1773.28,0.0066,0.992,0.0005,0.0009
2026-08-26T14:07:21.888+02:00,1000,1024,1024,1056,4,16,0,515,0,199,0,0.1579,0.0367,0.0533,0.314,0.1565,0.3961,1.769,2.828,6.189,49.75,448.16,448.2,0.2142,0.432,0.6928,448.19,398.31,398.11,0.1552,0.0956,0.127,398.31,497.75,453.61,0.052,0.0802,0.1025,16000,1024,1816.52,0.0191,0.9803,0.0004,0.0002
2026-08-26T14:07:51.889+02:00,1000,1024,1024,1056,4,16,6,521,2,201,0,0.1567,0.0593,0.0888,0.3783,0.5521,0.5898,1.787,20.029,13.979,49.78,447.56,447.54,0.1907,0.4069,0.6734,447.6,499.51,397.75,0.1414,0.0958,0.1341,397.76,397.89,440.5,0.0439,0.0959,0.1174,16000,1024,1860.48,0.0057,0.9935,0.0004,0.0004
2026-08-26T14:08:21.889+02:00,1000,1024,1024,1056,4,16,5,526,0,201,0,0.1571,0.0719,0.1004,0.3996,0.558,0.5877,1.76,17.794,10.45,448.45,448.44,448.44,0.2137,0.595,0.9618,49.88,398.57,398.56,0.2,0.1318,0.1609,398.59,498.28,455.9,0.0681,0.0962,0.0637,16000,1024,1972.04,0.0054,0.9934,0.0008,0.0004
2026-08-26T14:08:51.890+02:00,1000,1024,1024,1056,4,16,0,526,0,201,0,0.1556,0.0428,0.054,0.313,0.5706,0.2893,1.667,38.667,4.166,49.75,448.1,448.12,0.2127,0.4994,0.8255,448.1,398.33,398.24,0.1785,0.1125,0.1336,398.25,497.82,453.61,0.0576,0.0851,0.0646,16000,1024,1813.42,0.0165,0.9828,0.0004,0.0003
2026-08-26T14:09:21.889+02:00,1000,1024,1024,1056,4,16,1,527,0,201,0,0.1576,0.0504,0.0736,0.3967,0.492,0.937,1.764,25.315,40.819,49.69,447.3,447.3,0.216,0.433,0.704,447.33,397.52,452.64,0.1509,0.1109,0.1392,397.56,496.99,397.54,0.0561,0.086,0.137,16000,1024,1611.76,0.0095,0.9895,0.0006,0.0004
2026-08-26T14:09:51.888+02:00,1000,1024,1024,1056,4,16,2,529,1,202,0,0.1584,0.0497,0.077,0.3066,0.5183,0.7511,1.695,32.806,36.005,49.78,448.02,448.04,0.2186,0.6078,1.013,448.02,398.22,398.25,0.2196,0.1405,0.1698,398.23,497.8,497.74,0.0706,0.1186,0.0551,16000,1024,1681.6,0.0076,0.991,0.0008,0.0006
2026-08-26T14:10:21.888+02:00,1000,1024,1024,1056,4,16,0,529,0,202,0,0.1577,0.0427,0.0754,0.2946,0.5341,1.104,1.654,38.416,75.266,49.69,447.48,447.5,0.2191,0.4467,0.7477,447.49,397.66,397.67,0.1582,0.1058,0.1393,397.69,453.02,452.64,0.055,0.0881,0.1215,16000,1024,1817.35,0.0277,0.9715,0.0005,0.0003
2026-08-26T14:10:51.888+02:00,1000,1024,1024,1056,4,16,0,529,0,202,0,0.1579,0.0364,0.0637,0.3025,0.2297,0.8253,1.695,5.229,40.971,49.74,447.82,447.87,0.2179,0.457,0.7664,447.86,397.94,398.08,0.1638,0.1099,0.1241,398.01,497.5,442.87,0.0504,0.0904,0.0777,16000,1024,1804.41,0.0054,0.9938,0.0005,0.0004
2026-08-26T14:11:21.889+02:00,1000,1024,1024,1056,4,16,0,529,0,202,0,0.1556,0.0406,0.0685,0.3134,0.3745,0.8959,1.75,11.988,46.712,448.04,448.04,448.05,0.2194,0.637,1.0242,49.8,398.27,398.27,0.2113,0.139,0.1731,398.25,497.82,497.85,0.0694,0.1101,0.0531,16000,1024,1653.39,0.0064,0.9927,0.0006,0.0004
2026-08-26T14:11:51.890+02:00,1000,1024,1024,1056,4,16,0,529,0,202,0,0.1583,0.04,0.0571,0.4847,0.3266,0.6469,1.823,8.171,25.174,49.63,446.98,446.98,0.2176,0.4529,0.7511,446.99,451.66,452.64,0.16,0.1252,0.1576,397.29,397.3,441.89,0.055,0.1064,0.1133,16000,1024,1751.48,0.0041,0.9947,0.0008,0.0004
2026-08-26T14:12:21.890+02:00,1000,1024,1024,1056,4,16,0,529,0,202,0,0.1577,0.0417,0.0626,0.3043,0.4066,0.4747,1.717,17.059,11.512,49.79,448.2,448.19,0.2167,0.5993,1.0118,448.19,398.37,398.35,0.2092,0.1284,0.1597,398.34,497.97,49.74,0.0657,0.1,0.052,16000,1024,1674.14,0.058,0.9411,0.0005,0.0005
2026-08-26T14:12:51.890+02:00,1000,1024,1024,1056,4,16,0,529,0,202,0,0.156,0.0362,0.0609,0.2899,0.1111,0.7236,1.669,2.829,29.578,49.7,447.68,447.71,0.2148,0.4876,0.8106,447.71,397.95,452.64,0.1698,0.1033,0.1052,397.93,497.37,397.94,0.0554,0.0853,0.129,16000,1024,1859.79,0.0204,0.9788,0.0004,0.0003
2026-08-26T14:13:21.890+02:00,1000,1024,1024,1056,4,16,0,529,0,202,0,0.1568,0.0419,0.0731,0.306,0.4715,1.2908,1.69,29.805,130.995,49.77,448.07,448.05,0.2161,0.5715,0.957,448.06,398.29,398.25,0.201,0.1286,0.1592,398.25,497.92,442.87,0.0628,0.0982,0.0513,16000,1024,1587.38,0.0184,0.9806,0.0005,0.0004
2026-08-26T14:13:51.890+02:00,1000,1024,1024,1056,4,16,0,529,0,202,0,0.1559,0.0445,0.0676,0.3737,0.7018,1.1583,1.703,84.709,110.368,49.74,447.75,447.77,0.2153,0.5008,0.7783,447.76,397.88,397.9,0.164,0.119,0.1454,397.89,498.02,453.61,0.0595,0.0989,0.083,16000,1024,1700.73,0.0073,0.9919,0.0006,0.0003
2026-08-26T14:14:21.890+02:00,1000,1024,1024,1056,4,16,2,531,1,203,0,0.1596,0.0465,0.0831,0.2846,0.4629,0.8779,1.665,34.328,54.577,49.77,448.02,447.99,0.2213,0.5432,0.9283,447.98,398.28,398.21,0.1902,0.1283,0.151,398.23,497.77,497.81,0.0638,0.0993,0.0528,16000,1024,1526.27,0.0143,0.9842,0.001,0.0005
2026-08-26T14:14:51.889+02:00,1000,1024,1024,1056,4,17,0,531,0,203,0,0.1591,0.0357,0.0527,0.2931,0.1036,0.327,1.673,2.678,4.22,49.75,448.02,448.02,0.2209,0.582,0.9847,448.01,398.22,398.24,0.2007,0.1338,0.1613,398.24,497.79,49.77,0.0668,0.1105,0.0499,16000,1024,1622.09,0.0364,0.9627,0.0005,0.0004
2026-08-26T14:15:21.893+02:00,1000,1024,1026,1058,4,17,22,553,8,211,0,0.1613,0.0982,0.1577,0.418,0.5549,0.7348,1.838,7.622,6.723,49.61,447.34,447.34,0.1557,0.2976,0.5397,447.33,397.55,236.93,0.105,0.0841,0.1559,18.61,452.19,451.66,0.0443,0.0814,0.124,16000,1024,1740.7,0.0641,0.9347,0.0007,0.0005
2026-08-26T14:15:51.891+02:00,1000,1024,1024,1056,4,17,0,553,0,211,0,0.1599,0.0431,0.0732,0.3004,0.4605,1.1099,1.666,25.959,76.491,49.67,447.31,447.34,0.2203,0.411,0.7015,447.32,397.53,452.64,0.1465,0.1051,0.1113,397.51,453.06,397.68,0.0559,0.0804,0.1189,16000,1024,1585.64,0.0257,0.9735,0.0005,0.0003
2026-08-26T14:16:21.890+02:00,1000,1024,1024,1056,4,17,0,553,0,211,0,0.1591,0.0363,0.0595,0.4018,0.1073,0.6688,1.727,2.62,41.104,49.78,447.98,447.98,0.2193,0.5497,0.9839,447.98,398.17,398.17,0.1971,0.1377,0.1641,398.15,497.78,497.73,0.0681,0.1102,0.0571,16000,1024,2045.45,0.2579,0.739,0.0023,0.0008
2026-08-26T14:16:51.891+02:00,1000,1024,1024,1056,4,17,0,553,0,211,0,0.1578,0.036,0.0508,0.3084,0.1667,0.2212,1.682,3.429,3.392,49.72,447.72,447.75,0.2178,0.3747,0.6341,447.71,397.95,397.92,0.1568,0.1114,0.1224,397.92,497.43,452.64,0.0558,0.0884,0.0713,16000,1024,1529.15,0.029,0.9694,0.001,0.0006
2026-08-26T14:17:51.892+02:00,1000,1024,1024,1056,5,17,1,559,1,212,0,0.1576,0.0374,0.061,0.3205,0.1954,0.4416,1.712,4.464,10.958,49.76,448.1,448.08,0.2158,0.41,0.713,448.09,398.3,398.35,0.1716,0.1164,0.1325,398.25,497.81,49.69,0.0599,0.1057,0.0527,16000,1024,1424.59,0.0153,0.9833,0.0009,0.0004
2026-08-26T14:18:21.892+02:00,1000,1024,1024,1056,5,17,1,560,0,212,0,0.1591,0.0336,0.0597,0.3871,0.1594,0.8385,1.757,3.473,55.061,49.69,447.48,447.49,0.221,0.3303,0.5737,447.49,397.7,397.64,0.139,0.1033,0.1252,397.76,498.68,451.66,0.0539,0.0885,0.1024,16000,1024,1536.71,0.0063,0.9926,0.0006,0.0004
2026-08-26T14:18:51.892+02:00,1000,1024,1024,1056,5,17,3,563,0,212,0,0.1581,0.0484,0.0778,0.3385,0.3616,0.511,1.732,9.82,13.963,49.77,447.94,447.93,0.1966,0.4221,0.7532,447.94,398.18,398.24,0.1811,0.1222,0.1453,398.13,497.7,249.42,0.0629,0.1155,0.0702,16000,1024,1468.18,0.0077,0.9909,0.0008,0.0006
2026-08-26T14:19:21.896+02:00,1000,1024,1028,1060,5,17,24,587,9,221,0,0.1566,0.0924,0.1428,0.3778,0.5016,0.7841,1.862,8.445,8.329,49.57,446.92,446.91,0.1723,0.2501,0.4473,446.9,451.66,451.66,0.1116,0.0837,0.1816,397.35,397.32,431.71,0.0439,0.0751,0.1117,16000,1024,1437.38,0.0087,0.9901,0.0006,0.0006
2026-08-26T14:19:51.892+02:00,1000,1024,1024,1056,5,18,0,587,0,221,0,0.1575,0.0358,0.0595,0.2989,0.2447,0.6427,1.698,7.067,32.209,49.8,448.21,448.22,0.2173,0.4963,0.8529,448.23,398.4,398.42,0.2063,0.1324,0.1612,398.41,498.04,498.11,0.0671,0.1174,0.0593,16000,1024,1627.23,0.0273,0.9713,0.0009,0.0005
2026-08-26T14:20:21.892+02:00,1000,1024,1024,1056,5,18,3,590,0,221,0,0.1589,0.0399,0.0652,0.2986,0.2669,0.4748,1.646,8.259,14.117,49.74,447.72,447.71,0.2224,0.3579,0.611,447.68,398.19,397.89,0.1496,0.0904,0.1157,397.95,499.12,452.64,0.0516,0.0889,0.0883,16000,1024,1492.21,0.0262,0.9726,0.0005,0.0007
2026-08-26T14:20:51.891+02:00,1000,1024,1024,1056,5,18,0,590,0,221,0,0.1561,0.0437,0.0663,0.3009,0.4973,0.5889,1.654,36.366,22.48,49.77,448.28,448.28,0.2179,0.463,0.7836,448.28,398.47,398.42,0.1919,0.1291,0.1545,398.47,498.06,49.77,0.0662,0.1096,0.0517,16000,1024,1490.68,0.0258,0.9728,0.0005,0.0009
2026-08-26T14:21:21.891+02:00,1000,1024,1024,1056,5,18,0,590,0,221,0,0.156,0.0359,0.057,0.2874,0.3213,0.6615,1.648,11.647,24.519,49.79,448.16,448.17,0.2162,0.4312,0.7606,448.16,398.31,398.36,0.1845,0.1241,0.1434,398.3,498.03,49.86,0.0649,0.1028,0.0499,16000,1024,1544.27,0.0135,0.9849,0.0005,0.0011
2026-08-26T14:21:51.892+02:00,1000,1024,1024,1056,5,18,2,592,0,221,0,0.1563,0.0404,0.0651,0.3926,0.3047,0.4994,1.671,11.47,15.544,49.64,447.03,447.02,0.2129,0.3152,0.5763,447.04,397.31,397.3,0.1309,0.092,0.1251,397.34,499.26,442.47,0.0495,0.0787,0.1005,16000,1024,1603.16,0.0431,0.9557,0.0005,0.0007
2026-08-26T14:22:21.892+02:00,1000,1024,1024,1056,5,18,0,592,0,221,0,0.1571,0.0358,0.0497,0.2855,0.1527,0.3193,1.65,3.55,4.587,49.78,448.0,447.98,0.2194,0.4475,0.8257,447.98,398.24,398.24,0.1942,0.1339,0.1594,398.2,497.75,497.73,0.0686,0.1152,0.0584,16000,1024,1629.2,0.0903,0.9088,0.0005,0.0004
2026-08-26T14:22:51.899+02:00,1000,1024,1031,1063,5,18,26,618,10,231,0,0.1571,0.0803,0.1404,0.3623,0.3592,0.6671,1.808,5.952,6.588,49.72,447.32,447.21,0.1557,0.2048,0.3682,447.31,397.41,440.42,0.09,0.0801,0.1191,24.53,250.95,455.25,0.0478,0.0687,0.1155,16000,1024,1400.11,0.0106,0.9878,0.0007,0.001
2026-08-26T14:23:21.892+02:00,1000,1024,1024,1056,5,18,3,621,1,232,0,0.1572,0.044,0.0653,0.2946,0.3662,0.5337,1.682,12.522,16.779,49.66,447.38,447.41,0.212,0.3006,0.5487,447.44,397.54,397.51,0.1264,0.1042,0.1183,397.61,498.94,451.66,0.0518,0.086,0.1167,16000,1024,1572.34,0.0576,0.9413,0.0005,0.0005
2026-08-26T14:23:51.893+02:00,1000,1024,1024,1056,5,18,0,621,0,232,0,0.1562,0.0419,0.0675,0.3014,0.4819,0.7877,1.693,41.748,44.156,49.77,447.95,447.97,0.2164,0.4476,0.8216,447.97,398.17,398.15,0.1903,0.1294,0.1539,398.19,497.74,49.78,0.0675,0.1099,0.056,16000,1024,2808.9,0.4675,0.5282,0.0031,0.0011
2026-08-26T14:24:21.893+02:00,1000,1024,1024,1056,5,18,3,624,0,232,0,0.1565,0.0568,0.0855,0.3384,0.6789,1.1245,1.728,32.759,47.943,49.73,447.86,447.85,0.2103,0.3575,0.6604,447.89,398.12,397.95,0.1501,0.1045,0.1166,398.05,497.94,443.85,0.0532,0.0857,0.0714,16000,1024,1403.06,0.007,0.9914,0.0009,0.0008
2026-08-26T14:24:51.901+02:00,1000,1024,1024,1056,5,18,0,624,0,232,0,0.1583,0.0416,0.0587,0.3057,0.3449,0.5941,1.716,12.269,21.178,49.67,447.35,447.36,0.2176,0.3301,0.5882,447.37,397.52,397.79,0.1367,0.0967,0.109,397.54,498.02,452.64,0.0487,0.0776,0.0881,16000,1024,1350.74,0.0213,0.9775,0.0008,0.0004
2026-08-26T14:25:21.894+02:00,1000,1024,1024,1056,5,18,0,624,0,232,0,0.1587,0.0461,0.0514,0.5388,0.5341,0.2493,1.948,41.714,3.334,49.77,447.84,447.84,0.2153,0.4574,0.8414,447.84,398.06,398.09,0.193,0.1318,0.1488,398.05,497.6,49.7,0.0687,0.1081,0.0485,16000,1024,1426.52,0.0449,0.954,0.0006,0.0005
2026-08-26T14:25:51.894+02:00,1000,1024,1024,1056,5,18,0,624,0,232,0,0.1585,0.0361,0.0519,0.3118,0.1148,0.4031,1.701,2.807,6.857,49.76,447.9,447.93,0.2184,0.4345,0.79,447.9,398.14,398.12,0.1786,0.1223,0.142,398.15,497.65,49.73,0.065,0.0968,0.0519,16000,1024,1801.5,0.2159,0.7825,0.0011,0.0005
2026-08-26T14:26:21.894+02:00,1000,1024,1024,1056,5,18,1,625,1,233,0,0.1572,0.0384,0.0558,0.3633,0.3012,0.3479,1.742,9.364,4.074,49.63,446.85,446.86,0.2161,0.4888,0.7884,446.84,397.21,451.66,0.2083,0.1157,0.1728,397.15,452.64,397.21,0.0584,0.0853,0.1338,16000,1024,1540.1,0.006,0.9928,0.0008,0.0004
2026-08-26T14:26:51.895+02:00,1000,1024,1024,1056,5,18,0,625,0,233,0,0.1564,0.0409,0.0599,0.3154,0.3423,0.6726,1.684,9.753,26.162,49.75,447.92,447.89,0.2173,0.4515,0.8238,447.89,398.16,398.16,0.1863,0.1209,0.1468,398.13,497.68,497.8,0.0625,0.1127,0.0561,16000,1024,1432.51,0.0213,0.9775,0.0007,0.0004
2026-08-26T14:27:21.894+02:00,1000,1024,1024,1056,5,18,2,627,1,234,0,0.1566,0.0461,0.057,0.3094,0.4605,0.5039,1.663,24.234,19.183,49.77,447.97,447.98,0.2209,0.5155,0.9255,447.99,398.17,398.21,0.2035,0.1332,0.1669,398.18,497.75,497.89,0.0675,0.1155,0.0549,16000,1024,1678.54,0.0281,0.9708,0.0006,0.0004
2026-08-26T14:27:51.894+02:00,1000,1024,1024,1056,5,18,2,629,0,234,0,0.1553,0.0404,0.07,0.2678,0.4525,0.997,1.617,25.479,56.419,49.76,447.95,447.95,0.2148,0.476,0.8354,447.96,398.14,398.17,0.1837,0.1246,0.1496,398.17,497.76,49.84,0.0621,0.1073,0.0577,16000,1024,3801.53,0.513,0.4818,0.0042,0.0011
2026-08-26T14:28:21.894+02:00,1000,1024,1024,1056,5,18,0,629,0,234,0,0.156,0.0416,0.06,0.3096,0.3827,0.4474,1.699,14.053,9.17,49.66,446.95,446.97,0.2175,0.4432,0.7629,446.94,397.27,451.66,0.1674,0.1017,0.1619,397.31,499.41,442.87,0.0506,0.0977,0.1196,16000,1024,1673.34,0.0128,0.9864,0.0005,0.0002
2026-08-26T14:28:51.894+02:00,1000,1024,1024,1056,5,18,0,629,0,234,0,0.157,0.0463,0.0651,0.3251,0.5117,0.6362,1.73,35.115,26.441,49.78,448.0,448.0,0.2142,0.5614,0.9483,448.01,398.25,398.26,0.2075,0.1302,0.1649,398.24,497.76,497.79,0.0679,0.1127,0.0556,16000,1024,1723.27,0.0962,0.903,0.0005,0.0003
2026-08-26T14:29:21.895+02:00,1000,1024,1024,1056,5,18,0,629,0,234,0,0.1572,0.039,0.0596,0.3227,0.2714,0.4848,1.734,7.651,9.552,49.77,448.07,448.09,0.2133,0.5175,0.8537,448.08,398.28,398.28,0.1891,0.1239,0.1492,398.33,497.75,443.85,0.0627,0.0911,0.0613,16000,1024,2295.4,0.1937,0.8056,0.0005,0.0002
2026-08-26T14:29:51.895+02:00,1000,1024,1024,1056,5,18,0,629,0,234,0,0.1569,0.0464,0.0687,0.3225,0.6351,1.0793,1.741,53.124,78.602,49.65,447.03,447.03,0.2156,0.4569,0.7457,447.03,451.66,451.66,0.1644,0.1356,0.1861,397.35,397.34,397.34,0.0545,0.1144,0.1247,16000,1024,2101.07,0.1901,0.8083,0.0011,0.0005
2026-08-26T14:30:21.896+02:00,1000,1024,1024,1056,5,18,0,629,0,234,0,0.1593,0.0382,0.0582,0.4075,0.1882,0.5767,1.803,4.326,20.137,448.29,448.28,448.29,0.2286,0.6339,1.0441,49.82,398.45,398.46,0.2161,0.1362,0.1763,398.46,498.12,498.15,0.0666,0.1125,0.0535,16000,1024,1723.06,0.0214,0.9776,0.0006,0.0003
2026-08-26T14:30:51.896+02:00,1000,1024,1024,1056,5,18,0,629,0,234,0,0.1582,0.0375,0.0485,0.3096,0.4187,0.1442,1.725,21.223,2.572,49.68,447.3,447.32,0.2192,0.4379,0.7067,447.28,397.55,452.64,0.1557,0.0985,0.1355,397.54,452.97,397.5,0.0504,0.0936,0.1364,16000,1024,1782.82,0.0643,0.9348,0.0004,0.0005
2026-08-26T14:31:21.896+02:00,1000,1024,1024,1056,5,18,1,630,1,235,0,0.1582,0.0561,0.067,0.303,0.876,0.8799,1.689,133.94,66.067,49.82,448.41,448.4,0.22,0.6378,1.0222,448.41,398.6,398.57,0.2231,0.1313,0.1833,398.58,498.25,498.18,0.0667,0.1152,0.0534,16000,1024,1899.04,0.0815,0.9178,0.0004,0.0002
2026-08-26T14:31:51.896+02:00,1000,1024,1024,1056,5,18,1,631,1,236,0,0.1606,0.0348,0.0543,0.2874,0.1324,0.5248,1.66,3.002,15.236,49.8,448.31,448.33,0.2252,0.5598,0.9138,448.31,398.48,398.48,0.1977,0.1186,0.1522,398.49,497.96,442.87,0.0584,0.0915,0.056,16000,1024,1680.73,0.0142,0.9847,0.0007,0.0004
2026-08-26T14:32:21.896+02:00,1000,1024,1024,1056,5,18,5,636,0,236,0,0.1555,0.0585,0.099,0.4002,0.3688,0.6353,1.725,12.919,12.466,49.59,447.17,447.16,0.1851,0.3396,0.5814,447.15,451.66,452.64,0.126,0.1088,0.1071,397.42,397.41,397.41,0.0394,0.075,0.1024,16000,1024,1717.5,0.0179,0.9813,0.0005,0.0003
2026-08-26T14:32:51.895+02:00,1000,1024,1024,1056,5,19,6,642,1,237,0,0.1589,0.0477,0.0757,0.4867,0.596,0.849,1.74,47.285,41.338,49.77,448.01,448.01,0.2167,0.5101,0.8719,448.03,398.18,398.11,0.1836,0.1196,0.1451,398.18,498.06,443.85,0.0594,0.0978,0.0633,16000,1024,1985.84,0.0743,0.9249,0.0005,0.0003
2026-08-26T14:33:21.897+02:00,1000,1024,1024,1056,5,19,1,643,0,237,0,0.1579,0.0469,0.0648,0.361,0.3028,0.6754,1.668,14.613,25.275,49.76,448.1,448.09,0.2098,0.5221,0.8779,448.1,398.32,398.28,0.1838,0.1043,0.1356,398.35,497.99,454.22,0.0558,0.0905,0.0799,16000,1024,1782.9,0.0062,0.9931,0.0004,0.0003
2026-08-26T14:33:51.895+02:00,1000,1024,1024,1056,5,19,0,643,0,237,0,0.1592,0.0375,0.0611,0.2812,0.3638,0.6543,1.628,16.082,22.743,49.73,447.75,447.74,0.2193,0.4688,0.8026,447.74,398.05,398.08,0.168,0.1022,0.1359,397.97,497.53,452.64,0.0513,0.0908,0.1055,16000,1024,1572.4,0.0132,0.9857,0.0006,0.0005
2026-08-26T14:34:21.897+02:00,1000,1024,1024,1056,5,19,0,643,0,237,0,0.159,0.0419,0.0538,0.3007,0.5939,0.4595,1.669,51.836,8.577,49.8,448.19,448.21,0.2167,0.5635,0.9736,448.19,398.34,398.36,0.2023,0.127,0.1572,398.34,497.97,497.87,0.0628,0.1011,0.0534,16000,1024,1835.06,0.0056,0.9937,0.0004,0.0003
2026-08-26T14:34:51.896+02:00,1000,1024,1024,1056,5,19,2,645,0,237,0,0.1605,0.0504,0.0803,0.3243,0.4625,1.1433,1.729,16.183,58.057,49.74,447.85,447.83,0.2154,0.427,0.7496,447.78,398.18,398.2,0.1551,0.1006,0.1241,398.16,497.39,452.64,0.0477,0.0809,0.1116,16000,1024,1693.31,0.143,0.8562,0.0005,0.0003
2026-08-26T14:35:51.909+02:00,1000,1024,1024,1056,6,20,0,666,0,241,0,0.1597,0.0395,0.054,0.3093,0.3271,0.4293,1.681,11.323,7.278,49.82,448.33,448.34,0.2223,0.6148,1.0905,448.34,398.49,398.49,0.2185,0.1379,0.1689,398.49,498.18,498.09,0.0663,0.1139,0.0528,16000,1024,2434.78,0.2281,0.7698,0.0015,0.0006
2026-08-26T14:36:21.897+02:00,1000,1024,1024,1056,6,20,0,666,0,241,0,0.1584,0.0392,0.0646,0.3085,0.3478,0.8743,1.69,10.32,44.857,49.72,447.55,447.57,0.2199,0.4022,0.7317,447.53,397.85,452.64,0.1493,0.0944,0.1408,397.86,497.06,397.79,0.0447,0.0757,0.1215,16000,1024,1836.02,0.0054,0.9938,0.0005,0.0003
2026-08-26T14:36:51.897+02:00,1000,1024,1024,1056,6,20,0,666,0,241,0,0.1587,0.037,0.0682,0.3045,0.2937,1.0955,1.691,8.792,90.817,49.84,448.47,448.48,0.2233,0.6092,1.0995,448.48,398.62,398.61,0.2203,0.1405,0.1749,398.67,498.34,49.87,0.0703,0.1174,0.0495,16000,1024,1749.8,0.0082,0.9908,0.0007,0.0003
2026-08-26T14:37:21.898+02:00,1000,1024,1024,1056,6,20,1,667,1,242,0,0.1586,0.0389,0.0749,0.2913,0.2986,0.6924,1.649,12.815,33.415,49.71,447.29,447.3,0.2201,0.4111,0.7383,447.3,397.64,451.66,0.1468,0.1156,0.2088,397.61,452.64,397.69,0.0527,0.1032,0.1413,16000,1024,1772.28,0.0047,0.9943,0.0004,0.0005
2026-08-26T14:37:51.898+02:00,1000,1024,1024,1056,6,20,0,667,0,242,0,0.1582,0.0335,0.0522,0.308,0.1129,0.4489,1.643,2.952,9.781,49.81,448.34,448.32,0.2199,0.5463,1.0018,448.34,398.53,398.53,0.1959,0.1286,0.1603,398.47,498.16,498.01,0.0624,0.0991,0.0513,16000,1024,1529.31,0.0107,0.9878,0.0007,0.0009
2026-08-26T14:38:21.898+02:00,1000,1024,1024,1056,6,20,0,667,0,242,0,0.1562,0.0433,0.0631,0.3507,0.5085,0.7378,1.666,34.173,47.762,49.78,448.41,448.42,0.2157,0.4816,0.8872,448.43,398.51,398.48,0.1768,0.1214,0.1494,398.54,498.52,453.61,0.0578,0.094,0.0636,16000,1024,1862.18,0.0044,0.9948,0.0005,0.0003
2026-08-26T14:38:51.897+02:00,1000,1024,1024,1056,6,20,0,667,0,242,0,0.1606,0.042,0.0751,0.3173,0.3772,1.1961,1.678,17.811,91.961,49.71,447.63,447.64,0.2217,0.3655,0.7044,447.62,499.29,452.64,0.1363,0.107,0.1203,397.9,397.9,397.82,0.0532,0.1095,0.1341,16000,1024,1697.35,0.0042,0.9948,0.0004,0.0005
2026-08-26T14:39:21.902+02:00,1000,1024,1027,1059,6,20,21,688,9,251,0,0.1618,0.0822,0.1543,0.3863,0.5251,0.9269,1.86,8.702,8.52,49.84,448.4,448.44,0.1723,0.4049,0.785,448.39,398.54,398.49,0.1456,0.1199,0.1384,398.44,454.02,442.75,0.0582,0.0789,0.1461,16000,1024,1747.98,0.0543,0.9448,0.0004,0.0005
2026-08-26T14:39:51.898+02:00,1000,1024,1024,1056,6,20,0,688,0,251,0,0.1594,0.0393,0.0647,0.3508,0.444,0.8697,1.724,20.814,50.303,49.66,447.13,447.15,0.2214,0.4127,0.7471,447.11,397.43,452.64,0.1489,0.1179,0.1673,397.42,452.64,397.48,0.0563,0.0874,0.1374,16000,1024,1724.24,0.0083,0.9907,0.0005,0.0005
2026-08-26T14:40:21.898+02:00,1000,1024,1024,1056,6,20,0,688,0,251,0,0.1579,0.0419,0.0647,0.2891,0.4638,0.7528,1.631,29.901,39.059,49.76,448.01,448.0,0.2158,0.4471,0.8457,447.99,398.17,398.17,0.1576,0.1198,0.1457,398.14,498.06,443.85,0.0569,0.0819,0.0721,16000,1024,1521.07,0.0465,0.9526,0.0005,0.0004
2026-08-26T14:40:51.897+02:00,1000,1024,1024,1056,6,20,0,688,0,251,0,0.1551,0.0356,0.0567,0.2782,0.1279,0.6676,1.643,2.788,29.442,49.77,447.98,447.99,0.2164,0.4711,0.8363,447.98,398.19,398.22,0.1967,0.1377,0.1682,398.22,497.79,497.82,0.0682,0.1104,0.0539,16000,1024,1439.93,0.0037,0.9952,0.0005,0.0006
2026-08-26T14:41:21.898+02:00,1000,1024,1024,1056,6,20,0,688,0,251,0,0.1566,0.0351,0.0615,0.2848,0.2389,0.6647,1.649,7.154,26.596,49.75,448.02,448.05,0.2168,0.3827,0.6667,448.03,398.16,398.04,0.1562,0.1029,0.1322,398.2,497.72,442.87,0.0541,0.0869,0.0523,16000,1024,1617.58,0.0077,0.9917,0.0004,0.0002
2026-08-26T14:41:51.900+02:00,1000,1024,1024,1056,6,20,28,716,2,253,0,0.1597,0.1034,0.1745,0.4578,0.5442,0.9211,1.905,5.31,5.119,49.45,446.84,446.83,0.1202,0.1942,0.364,19.75,250.75,250.58,0.0645,0.0841,0.1558,446.85,235.44,246.35,0.0877,0.0783,0.1441,16000,1024,1619.27,0.0334,0.965,0.001,0.0005
2026-08-26T14:42:21.899+02:00,1000,1024,1024,1056,6,20,0,716,0,253,0,0.1602,0.0411,0.0588,0.2981,0.5526,0.6483,1.643,43.894,20.546,49.73,447.82,447.78,0.2231,0.3437,0.6276,447.75,397.97,398.05,0.1545,0.1016,0.1177,397.93,497.47,442.87,0.0536,0.087,0.061,16000,1024,1400.05,0.0115,0.987,0.001,0.0005
2026-08-26T14:42:51.899+02:00,1000,1024,1024,1056,6,20,1,717,0,253,0,0.1592,0.041,0.0634,0.3531,0.2804,0.4435,1.674,10.393,12.537,49.78,448.06,448.07,0.2203,0.4497,0.8209,448.07,398.27,398.29,0.1907,0.1329,0.1571,398.29,497.88,497.97,0.0644,0.1095,0.0539,16000,1024,1511.33,0.0151,0.9839,0.0007,0.0004
2026-08-26T14:43:21.900+02:00,1000,1024,1024,1056,6,20,11,728,11,264,0,0.1611,0.0532,0.0737,0.4307,0.6896,1.0285,1.833,46.988,61.367,49.71,447.54,447.57,0.2188,0.3273,0.5912,447.56,397.76,397.65,0.1346,0.0952,0.1192,397.77,498.77,452.64,0.0488,0.0866,0.1008,16000,1024,1583.97,0.0049,0.9941,0.0006,0.0005
2026-08-26T14:43:51.900+02:00,1000,1024,1024,1056,6,20,1,729,0,264,0,0.1567,0.0391,0.0607,0.3067,0.2305,0.4963,1.694,5.489,13.071,49.71,447.58,447.55,0.2155,0.3302,0.6111,447.53,397.79,397.78,0.141,0.1032,0.1157,397.8,497.16,452.64,0.0504,0.0748,0.0958,16000,1024,1524.08,0.0505,0.9484,0.0007,0.0004
2026-08-26T14:44:21.906+02:00,1000,1024,1024,1056,6,20,0,729,0,264,0,0.1584,0.0426,0.0581,0.3599,0.4502,0.6178,1.748,25.148,25.569,49.79,448.0,448.01,0.2186,0.458,0.8522,448.0,398.19,398.23,0.1944,0.1322,0.1613,398.19,497.82,497.77,0.0672,0.1121,0.0564,16000,1024,1435.43,0.0064,0.9923,0.0007,0.0005
2026-08-26T14:44:51.900+02:00,1000,1024,1024,1056,6,20,0,729,0,264,0,0.1599,0.0395,0.057,0.3033,0.3088,0.5497,1.717,9.472,15.209,49.72,447.79,447.75,0.2181,0.3203,0.6553,447.92,397.96,398.15,0.1372,0.102,0.1283,397.99,498.05,452.64,0.0485,0.092,0.0838,16000,1024,1613.07,0.0109,0.9882,0.0005,0.0004
2026-08-26T14:45:21.900+02:00,1000,1024,1024,1056,6,21,0,729,0,264,0,0.1583,0.045,0.0824,0.3127,0.4415,0.9172,1.733,23.147,42.148,49.81,448.33,448.31,0.2187,0.4938,0.8894,448.31,398.52,398.52,0.2036,0.1301,0.1623,398.51,498.11,498.02,0.065,0.1099,0.0521,16000,1024,1641.17,0.0379,0.9614,0.0004,0.0003
2026-08-26T14:45:51.899+02:00,1000,1024,1024,1056,6,22,0,729,0,264,0,0.16,0.0366,0.0522,0.3224,0.2194,0.3932,1.705,4.158,7.755,49.82,448.24,448.27,0.2211,0.4987,0.9045,448.25,398.44,398.45,0.2072,0.1322,0.1647,398.46,498.1,498.19,0.0671,0.1132,0.0561,16000,1024,1504.56,0.0104,0.9884,0.0008,0.0004
2026-08-26T14:46:21.899+02:00,1000,1024,1024,1056,6,22,0,729,0,264,0,0.159,0.0467,0.0585,0.4929,0.7916,0.7223,1.767,107.851,31.614,49.7,447.3,447.3,0.2185,0.3746,0.6574,447.33,451.66,451.66,0.1513,0.1197,0.1937,397.62,397.67,397.68,0.0515,0.1064,0.1179,16000,1024,1778.14,0.0105,0.9882,0.0009,0.0005
2026-08-26T14:46:51.901+02:00,1000,1024,1024,1056,6,22,0,729,0,264,0,0.1608,0.0491,0.075,0.3267,0.6723,0.8857,1.677,55.669,48.677,49.82,448.48,448.46,0.2238,0.5098,0.8759,448.46,398.68,398.65,0.2039,0.1224,0.1577,398.62,498.26,443.85,0.0608,0.1015,0.0495,16000,1024,1619.88,0.0335,0.9654,0.0004,0.0007
2026-08-26T14:47:21.903+02:00,1000,1024,1024,1056,6,22,0,729,0,264,0,0.1586,0.0444,0.0754,0.3774,0.4864,1.1185,1.666,43.427,74.081,49.81,448.37,448.37,0.2202,0.5427,0.9529,448.37,398.53,398.55,0.211,0.1327,0.167,398.55,498.16,498.21,0.0652,0.1037,0.0526,16000,1024,1864.25,0.0115,0.9878,0.0004,0.0003
2026-08-26T14:47:51.901+02:00,1000,1024,1024,1056,6,22,0,729,0,264,0,0.1613,0.0427,0.0676,0.3042,0.4096,0.8297,1.643,24.204,48.902,49.71,447.37,447.36,0.2218,0.3795,0.6711,447.35,397.65,397.71,0.1411,0.1086,0.1458,397.64,499.51,452.64,0.0499,0.1146,0.1286,16000,1024,1711.55,0.0156,0.9832,0.0008,0.0005
2026-08-26T14:48:21.901+02:00,1000,1024,1024,1056,6,22,0,729,0,264,0,0.1597,0.0423,0.0638,0.3026,0.5006,0.9708,1.67,27.897,69.714,49.76,448.14,448.17,0.2213,0.4498,0.824,448.15,398.31,398.3,0.1803,0.1195,0.1508,398.35,498.01,498.14,0.0599,0.1056,0.0596,16000,1024,1719.43,0.0179,0.9812,0.0005,0.0003
2026-08-26T14:48:51.907+02:00,1000,1024,1024,1056,6,22,0,729,0,264,0,0.1595,0.0483,0.0601,0.335,0.7835,0.7389,1.706,88.432,31.586,49.78,448.19,448.19,0.2202,0.5257,0.9457,448.18,398.41,398.41,0.2048,0.1298,0.1637,398.37,498.01,498.16,0.065,0.1076,0.0543,16000,1024,1544.15,0.0044,0.9947,0.0005,0.0003
2026-08-26T14:49:21.905+02:00,1000,1024,1024,1056,6,22,1,730,1,265,0,0.1605,0.0487,0.0708,0.3145,0.4769,0.8145,1.705,31.116,42.74,49.67,447.02,447.02,0.2228,0.4079,0.7328,447.01,397.37,451.66,0.1582,0.0961,0.1535,397.38,451.66,397.4,0.0497,0.0948,0.1149,16000,1024,1471.85,0.0064,0.9928,0.0005,0.0003
2026-08-26T14:49:51.902+02:00,1000,1024,1024,1056,6,22,1,731,1,266,0,0.1562,0.0407,0.0787,0.2883,0.3466,0.7958,1.643,14.14,46.185,49.8,448.22,448.24,0.2206,0.511,0.9235,448.23,398.4,398.41,0.199,0.1226,0.1577,398.4,497.99,498.15,0.0622,0.1076,0.0531,16000,1024,1878.14,0.0288,0.9704,0.0004,0.0003
2026-08-26T14:50:21.900+02:00,1000,1024,1024,1056,6,22,0,731,0,266,0,0.1598,0.041,0.0644,0.2976,0.2957,0.9137,1.679,6.022,58.384,49.82,448.52,448.52,0.2219,0.5237,0.9138,448.53,398.56,398.54,0.2023,0.1213,0.1602,398.62,498.55,442.87,0.0614,0.1056,0.0507,16000,1024,2022.95,0.078,0.9214,0.0004,0.0002
2026-08-26T14:50:51.902+02:00,1000,1024,1024,1056,6,22,0,731,0,266,0,0.1615,0.0408,0.0756,0.3107,0.2669,0.8367,1.701,7.801,43.654,49.71,447.44,447.43,0.2224,0.4173,0.7154,447.42,451.66,451.66,0.1586,0.1245,0.21,397.75,397.74,441.89,0.0473,0.0929,0.1127,16000,1024,1760.1,0.0051,0.9942,0.0005,0.0002
2026-08-26T14:51:21.910+02:00,1000,1024,1033,1066,6,22,22,753,5,271,0,0.1633,0.1089,0.2184,0.4393,0.6737,2.5974,1.849,9.397,42.609,49.73,448.46,448.44,0.1607,0.3998,0.6794,448.45,439.73,439.77,0.1514,0.1176,0.207,41.07,457.23,457.26,0.0462,0.1067,0.1948,16000,1024,1734.8,0.0062,0.993,0.0005,0.0003
2026-08-26T14:51:51.901+02:00,1000,1024,1024,1056,6,22,1,754,1,272,0,0.1613,0.0411,0.0689,0.3067,0.3919,0.8597,1.65,18.901,43.445,49.79,448.46,448.45,0.224,0.47,0.8223,448.46,398.46,398.56,0.1721,0.1098,0.1539,398.53,498.97,452.64,0.0529,0.0665,0.1049,16000,1024,1752.55,0.0044,0.9939,0.0012,0.0004
2026-08-26T14:52:21.902+02:00,1000,1024,1024,1056,6,22,0,754,0,272,0,0.1612,0.0387,0.0656,0.3277,0.2807,0.6235,1.666,8.144,25.593,49.69,447.2,447.23,0.2227,0.4047,0.7185,447.2,397.49,451.66,0.1536,0.0953,0.1692,397.54,452.64,397.57,0.0455,0.0835,0.1072,16000,1024,1793.96,0.0128,0.9863,0.0005,0.0004
2026-08-26T14:52:51.903+02:00,1000,1024,1024,1056,6,22,0,754,0,272,0,0.158,0.0358,0.0656,0.3532,0.1729,0.7428,1.666,3.139,45.203,49.84,448.4,448.4,0.219,0.5962,1.0599,448.41,398.59,398.57,0.2195,0.133,0.1732,398.58,498.24,498.38,0.0662,0.1069,0.0563,16000,1024,1736.85,0.0062,0.9929,0.0005,0.0004
2026-08-26T14:53:21.902+02:00,1000,1024,1024,1056,6,22,0,754,0,272,0,0.1596,0.0358,0.051,0.2904,0.109,0.3211,1.646,2.789,4.606,49.82,448.47,448.46,0.222,0.5631,1.0033,448.46,398.61,398.59,0.2106,0.1253,0.1628,398.62,498.53,453.61,0.06,0.1038,0.0501,16000,1024,1758.49,0.0035,0.9958,0.0004,0.0003
2026-08-26T14:53:51.903+02:00,1000,1024,1024,1056,6,22,0,754,0,272,0,0.1585,0.0505,0.0853,0.2817,0.5378,0.8668,1.657,33.445,46.584,49.69,447.28,447.26,0.2191,0.4048,0.7242,447.28,397.57,452.64,0.1535,0.1039,0.1528,397.56,451.66,397.54,0.0503,0.1013,0.1395,16000,1024,1752.84,0.0235,0.9754,0.0005,0.0007
2026-08-26T14:54:21.903+02:00,1000,1024,1024,1056,6,22,0,754,0,272,0,0.1597,0.0358,0.0605,0.2829,0.2631,0.5568,1.621,7.602,20.032,49.77,448.07,448.07,0.223,0.4617,0.8436,448.04,398.24,398.27,0.1677,0.1086,0.1385,398.19,497.54,442.87,0.0508,0.0883,0.077,16000,1024,1641.35,0.0032,0.996,0.0004,0.0005
2026-08-26T14:54:51.902+02:00,1000,1024,1024,1056,6,22,0,754,0,272,0,0.161,0.0354,0.0554,0.2926,0.217,0.5801,1.64,5.433,28.811,49.81,448.34,448.33,0.2223,0.5955,1.0879,448.33,398.53,398.55,0.2194,0.1361,0.1828,398.55,498.11,498.24,0.0665,0.1068,0.0545,16000,1024,1741.16,0.0331,0.9659,0.0004,0.0006
2026-08-26T14:55:21.903+02:00,1000,1024,1024,1056,6,22,1,755,1,273,0,0.1604,0.0472,0.0656,0.4214,0.6329,0.7225,1.697,60.114,35.843,49.8,448.33,448.33,0.2224,0.5713,1.0421,448.34,398.55,398.53,0.2101,0.1324,0.1687,398.53,498.18,498.14,0.0654,0.1051,0.0579,16000,1024,1738.69,0.0087,0.9901,0.0006,0.0006
2026-08-26T14:55:51.903+02:00,1000,1024,1024,1056,6,22,0,755,0,273,0,0.1611,0.0498,0.0611,0.3049,0.8086,0.878,1.662,93.751,55.497,49.71,447.57,447.58,0.2224,0.4283,0.7831,447.58,397.76,452.64,0.1522,0.1083,0.1165,397.77,498.77,397.9,0.0514,0.0865,0.137,16000,1024,1731.38,0.0065,0.9923,0.0007,0.0005
2026-08-26T14:56:21.903+02:00,1000,1024,1024,1056,6,22,0,755,0,273,0,0.1628,0.0376,0.0524,0.2957,0.2864,0.3953,1.682,6.648,6.064,49.64,446.95,446.95,0.2251,0.4316,0.7913,446.96,397.22,451.66,0.1471,0.1103,0.1616,397.23,499.38,397.24,0.0519,0.106,0.1434,16000,1024,1719.37,0.0116,0.9872,0.0007,0.0004
2026-08-26T14:56:51.903+02:00,1000,1024,1024,1056,6,22,0,755,0,273,0,0.1596,0.0413,0.0638,0.3139,0.3722,0.9164,1.657,11.738,57.797,49.75,448.06,448.1,0.2211,0.4893,0.8901,448.07,398.21,398.17,0.1719,0.1186,0.1506,398.21,498.01,453.61,0.0575,0.101,0.0613,16000,1024,1740.59,0.0043,0.9949,0.0005,0.0002
2026-08-26T14:57:21.902+02:00,1000,1024,1024,1056,6,22,0,755,0,273,0,0.1585,0.0462,0.0653,0.3049,0.6591,0.8112,1.661,55.342,33.789,49.8,448.15,448.16,0.2205,0.5677,1.0522,448.14,398.33,398.35,0.2008,0.1362,0.1686,398.33,497.97,49.77,0.066,0.1081,0.0536,16000,1024,1654.35,0.0252,0.9741,0.0005,0.0002
2026-08-26T14:57:51.904+02:00,1000,1024,1024,1056,6,22,0,755,0,273,0,0.1593,0.046,0.0641,0.2939,0.4543,0.8756,1.657,24.614,46.254,49.75,448.17,448.15,0.2203,0.417,0.794,448.17,398.34,398.44,0.1452,0.1113,0.138,398.27,498.56,453.61,0.0549,0.0776,0.0756,16000,1024,1661.71,0.0422,0.9567,0.0008,0.0003
2026-08-26T14:58:21.903+02:00,1000,1024,1024,1056,6,22,0,755,0,273,0,0.1574,0.0409,0.0642,0.2823,0.523,0.8965,1.644,38.432,54.358,49.67,447.2,447.19,0.2209,0.3966,0.7474,447.19,397.56,452.64,0.142,0.0961,0.1333,397.55,499.51,397.51,0.0452,0.0875,0.1352,16000,1024,1719.69,0.0044,0.9948,0.0005,0.0003
2026-08-26T14:58:51.903+02:00,1000,1024,1024,1056,6,22,2,757,0,273,0,0.1603,0.052,0.09,0.3857,0.4748,0.7576,1.701,19.206,23.939,49.81,448.01,448.02,0.2091,0.5312,0.9981,448.01,398.19,398.2,0.1881,0.1283,0.1611,398.18,497.81,438.34,0.0624,0.1019,0.0635,16000,1024,1534.81,0.0064,0.9924,0.0008,0.0003
2026-08-26T14:59:21.912+02:00,1000,1024,1024,1056,6,22,0,757,0,273,0,0.161,0.0374,0.059,0.3106,0.1188,0.7217,1.69,2.844,33.325,49.72,447.65,447.65,0.2213,0.4053,0.7702,447.69,397.81,397.83,0.146,0.1119,0.142,397.83,498.27,452.64,0.0567,0.0923,0.1081,16000,1024,1588.7,0.0151,0.9835,0.0011,0.0003
2026-08-26T14:59:51.904+02:00,1000,1024,1024,1056,6,22,0,757,0,273,0,0.1599,0.0396,0.0564,0.3145,0.2654,0.5873,1.72,5.676,18.292,49.68,447.44,447.4,0.2186,0.3148,0.5912,447.41,397.71,397.58,0.138,0.098,0.128,397.73,499.0,452.64,0.0486,0.0759,0.1003,16000,1024,1438.43,0.023,0.976,0.0006,0.0004
2026-08-26T15:00:21.905+02:00,1000,1024,1024,1056,6,22,0,757,0,273,0,0.16,0.0365,0.0491,0.2942,0.1348,0.1466,1.652,2.841,2.559,49.78,447.99,447.99,0.2206,0.451,0.8374,447.98,398.22,398.2,0.1953,0.1311,0.1599,398.22,497.77,497.85,0.0659,0.1108,0.054,16000,1024,1473.27,0.0055,0.9936,0.0006,0.0004
2026-08-26T15:00:51.905+02:00,1000,1024,1024,1056,6,22,0,757,0,273,0,0.159,0.0403,0.0586,0.4071,0.4907,0.671,1.682,30.963,29.392,49.69,447.35,447.36,0.2172,0.3297,0.5836,447.34,397.62,397.51,0.1381,0.0962,0.1234,397.58,499.23,452.64,0.046,0.096,0.1032,16000,1024,1668.77,0.0189,0.9804,0.0004,0.0003
2026-08-26T15:01:21.905+02:00,1000,1024,1024,1056,6,22,0,757,0,273,0,0.1575,0.0364,0.0509,0.2847,0.2606,0.4454,1.646,6.453,9.337,49.72,447.89,447.94,0.221,0.3368,0.6031,447.87,398.2,398.1,0.1419,0.0942,0.1348,398.14,497.49,453.61,0.0459,0.0875,0.0768,16000,1024,1481.89,0.006,0.9921,0.0013,0.0006
2026-08-26T15:01:51.905+02:00,1000,1024,1024,1056,6,22,0,757,0,273,0,0.1587,0.0409,0.0541,0.2813,0.445,0.5016,1.655,34.474,18.779,49.78,448.14,448.13,0.2206,0.4726,0.874,448.13,398.38,398.36,0.2052,0.1274,0.1563,398.35,497.91,497.9,0.0649,0.1116,0.055,16000,1024,1524.46,0.0045,0.9946,0.0006,0.0003
2026-08-26T15:02:21.907+02:00,1000,1024,1024,1056,6,22,0,757,0,273,0,0.1581,0.0377,0.0558,0.2987,0.3099,0.6618,1.693,8.703,27.091,49.75,447.91,447.97,0.2205,0.3799,0.7161,447.93,398.16,398.18,0.1655,0.1116,0.1303,398.17,497.53,442.87,0.0561,0.0943,0.0624,16000,1024,1699.43,0.1543,0.8447,0.0006,0.0004
2026-08-26T15:02:51.917+02:00,1000,1024,1024,1056,6,22,0,757,0,273,0,0.1603,0.0456,0.063,0.314,0.5956,0.7703,1.726,43.859,31.752,49.66,446.98,446.97,0.2209,0.3731,0.6534,446.98,397.33,451.66,0.1588,0.1038,0.1654,397.37,496.79,397.33,0.0474,0.0901,0.1236,16000,1024,1559.44,0.0064,0.9926,0.0004,0.0005
2026-08-26T15:03:21.906+02:00,1000,1024,1024,1056,6,22,1,758,1,274,0,0.1624,0.0483,0.0777,0.5313,0.4248,0.7147,1.891,19.869,32.606,49.79,448.17,448.18,0.2203,0.4441,0.7994,448.18,398.34,398.35,0.1877,0.1257,0.1509,398.39,498.01,49.94,0.0624,0.0986,0.0539,16000,1024,1521.62,0.0087,0.9902,0.0007,0.0004
2026-08-26T15:03:51.906+02:00,1000,1024,1024,1056,6,22,1,759,1,275,0,0.162,0.0363,0.053,0.3344,0.1091,0.3958,1.695,2.611,5.976,49.78,448.26,448.25,0.2226,0.4222,0.7405,448.23,398.39,398.43,0.1752,0.1164,0.1435,398.37,498.05,452.64,0.06,0.0976,0.0606,16000,1024,1399.62,0.0083,0.9903,0.0009,0.0005
2026-08-26T15:04:21.905+02:00,1000,1024,1024,1056,6,22,0,759,0,275,0,0.1622,0.0488,0.0726,0.3894,0.6946,1.1383,1.718,61.319,85.795,49.73,447.65,447.65,0.2232,0.3454,0.5977,447.65,397.92,397.91,0.1431,0.0946,0.1227,397.91,499.04,452.64,0.0444,0.0826,0.0914,16000,1024,1556.72,0.0138,0.9854,0.0005,0.0004
2026-08-26T15:04:51.905+02:00,1000,1024,1024,1056,6,23,0,759,0,275,0,0.1604,0.0375,0.0524,0.3042,0.2546,0.3712,1.673,4.728,5.096,49.8,448.28,448.29,0.2218,0.4837,0.8411,448.28,398.47,398.44,0.2008,0.1273,0.1597,398.47,498.11,498.26,0.064,0.1095,0.0588,16000,1024,1660.09,0.0445,0.9537,0.0014,0.0004
2026-08-26T15:05:21.906+02:00,1000,1024,1024,1056,6,23,0,759,0,275,0,0.1608,0.0417,0.0554,0.2925,0.5468,0.6325,1.641,40.538,25.179,49.78,448.32,448.31,0.2197,0.4032,0.684,448.32,398.53,398.41,0.1627,0.0997,0.1305,398.47,498.48,443.85,0.0515,0.097,0.0672,16000,1024,1529.19,0.0249,0.9741,0.0005,0.0005
2026-08-26T15:05:51.906+02:00,1000,1024,1024,1056,6,23,0,759,0,275,0,0.161,0.0501,0.0741,0.3498,0.8013,1.2308,1.673,88.363,102.226,49.71,447.34,447.36,0.2226,0.3877,0.5899,447.36,451.66,451.66,0.1479,0.1172,0.1658,397.66,397.69,397.66,0.0464,0.0946,0.1176,16000,1024,1937.1,0.1779,0.8189,0.0024,0.0007
2026-08-26T15:06:21.906+02:00,1000,1024,1024,1056,6,23,0,759,0,275,0,0.1574,0.0425,0.063,0.31,0.4533,0.7737,1.674,30.575,42.856,49.75,448.37,448.32,0.218,0.3501,0.5979,448.31,398.29,398.55,0.1437,0.087,0.1171,398.42,497.63,442.87,0.0451,0.0727,0.083,16000,1024,1652.73,0.0151,0.9838,0.0007,0.0003
2026-08-26T15:06:51.906+02:00,1000,1024,1024,1056,6,24,1,760,0,275,0,0.161,0.0434,0.0673,0.2904,0.4184,0.7919,1.672,17.496,31.069,49.81,448.36,448.34,0.2178,0.4911,0.8807,448.34,398.55,398.57,0.2044,0.1289,0.149,398.51,498.19,249.02,0.0641,0.1127,0.0668,16000,1024,1533.85,0.0057,0.9934,0.0005,0.0004
2026-08-26T15:07:21.907+02:00,1000,1024,1024,1056,6,24,2,762,0,275,0,0.1603,0.05,0.0771,0.3177,0.6207,0.6881,1.685,37.574,23.914,49.73,447.73,447.72,0.2156,0.3529,0.6156,447.75,398.19,453.18,0.146,0.0887,0.1167,398.17,497.63,398.07,0.043,0.0847,0.118,16000,1024,1712.19,0.0087,0.99,0.001,0.0003
2026-08-26T15:07:51.907+02:00,1000,1024,1024,1056,6,24,11,773,11,286,0,0.1589,0.049,0.0907,0.3015,0.4737,0.9741,1.686,23.257,36.161,49.74,447.61,447.63,0.2191,0.3712,0.6475,447.63,397.79,452.64,0.1489,0.1012,0.1296,397.81,452.64,397.87,0.051,0.0802,0.1178,16000,1024,1499.85,0.0104,0.9888,0.0005,0.0003
2026-08-26T15:08:21.907+02:00,1000,1024,1024,1056,6,25,0,773,0,286,0,0.1624,0.0355,0.0509,0.3299,0.096,0.2205,1.721,2.472,3.161,49.83,448.41,448.4,0.2249,0.531,0.9425,448.41,398.6,398.57,0.2119,0.1353,0.1735,398.53,498.24,498.17,0.0677,0.1131,0.0511,16000,1024,1729.02,0.0159,0.9832,0.0006,0.0004
2026-08-26T15:08:51.906+02:00,1000,1024,1024,1056,6,25,0,773,0,286,0,0.1626,0.0396,0.0635,0.317,0.3643,0.7029,1.697,14.801,28.191,49.72,447.73,447.75,0.2232,0.3953,0.6936,447.71,398.05,452.64,0.1532,0.094,0.1092,398.05,499.35,397.93,0.046,0.0784,0.1256,16000,1024,1591.29,0.0053,0.9937,0.0005,0.0005
2026-08-26T15:09:21.908+02:00,1000,1024,1024,1056,6,25,1,774,1,287,0,0.1618,0.0446,0.0644,0.2979,0.4302,0.6651,1.7,20.498,24.769,49.73,447.69,447.71,0.2238,0.3968,0.7274,447.72,397.8,397.84,0.16,0.1084,0.1259,397.83,497.42,452.64,0.054,0.0846,0.0963,16000,1024,1555.67,0.0184,0.9799,0.001,0.0007
2026-08-26T15:09:51.907+02:00,1000,1024,1024,1056,6,25,0,774,0,287,0,0.1606,0.0464,0.0625,0.298,0.4345,0.6412,1.704,22.769,27.941,49.79,448.1,448.1,0.2218,0.5244,0.9507,448.09,398.3,398.31,0.2118,0.1321,0.1624,398.31,497.88,497.91,0.0651,0.1105,0.0523,16000,1024,1465.6,0.0053,0.9936,0.0005,0.0006
2026-08-26T15:10:21.908+02:00,1000,1024,1024,1056,6,25,0,774,0,287,0,0.1629,0.0367,0.0523,0.3008,0.1852,0.4611,1.685,3.342,11.256,49.7,447.5,447.5,0.2242,0.3665,0.6823,447.53,397.78,397.73,0.1482,0.0993,0.1193,397.74,498.64,452.64,0.048,0.0822,0.1026,16000,1024,1525.23,0.0095,0.9895,0.0006,0.0004
2026-08-26T15:11:21.908+02:00,1000,1024,1024,1056,7,25,1,776,0,288,0,0.1613,0.056,0.0689,0.4115,0.7323,0.7444,1.762,70.139,34.694,49.77,447.97,447.95,0.2221,0.4978,0.9268,447.96,398.19,398.17,0.1981,0.1254,0.1567,398.19,497.73,497.67,0.0613,0.1091,0.0645,16000,1024,1563.58,0.0112,0.9869,0.0012,0.0007
2026-08-26T15:11:51.908+02:00,1000,1024,1024,1056,7,25,0,776,0,288,0,0.159,0.038,0.0618,0.2874,0.2677,0.8399,1.671,6.668,45.343,49.77,447.99,448.01,0.2189,0.5136,0.9451,448.0,398.17,398.21,0.2017,0.1304,0.166,398.22,497.8,497.78,0.061,0.1061,0.0552,16000,1024,1690.13,0.004,0.995,0.0006,0.0003
2026-08-26T15:12:21.908+02:00,1000,1024,1024,1056,7,25,0,776,0,288,0,0.1618,0.0426,0.0566,0.4638,0.3773,0.5349,1.733,20.359,19.608,49.74,447.77,447.71,0.2232,0.3764,0.7523,447.75,397.86,397.95,0.1623,0.1044,0.1255,397.91,497.71,452.64,0.0495,0.0895,0.0881,16000,1024,1598.43,0.0178,0.9815,0.0005,0.0002
2026-08-26T15:12:51.908+02:00,1000,1024,1024,1056,7,25,0,776,0,288,0,0.1576,0.0378,0.0557,0.3464,0.3602,0.4951,1.648,12.216,11.8,49.63,446.89,446.9,0.2207,0.3989,0.7103,446.9,397.16,452.64,0.153,0.1116,0.1462,397.18,452.64,397.15,0.0538,0.0932,0.1342,16000,1024,1626.91,0.0044,0.9947,0.0004,0.0004
2026-08-26T15:13:21.909+02:00,1000,1024,1024,1056,7,25,0,776,0,288,0,0.161,0.0422,0.0578,0.3544,0.483,0.804,1.686,26.265,50.112,49.75,447.9,447.93,0.2229,0.4949,0.886,447.92,398.09,398.05,0.1875,0.1232,0.1557,398.09,497.95,443.85,0.0603,0.0991,0.0557,16000,1024,1575.83,0.009,0.9901,0.0005,0.0004
2026-08-26T15:13:51.916+02:00,1000,1024,1024,1056,7,25,0,776,0,288,0,0.1619,0.0483,0.0733,0.3015,0.761,1.3185,1.691,80.831,135.445,49.8,448.22,448.2,0.2237,0.5674,1.0279,448.22,398.44,398.41,0.2166,0.1304,0.1691,398.42,497.97,498.08,0.0639,0.1053,0.0535,16000,1024,1626.39,0.004,0.9952,0.0005,0.0003
2026-08-26T15:14:21.908+02:00,1000,1024,1024,1056,7,25,5,781,0,288,0,0.16,0.058,0.0959,0.3209,0.3896,0.7881,1.753,12.117,17.251,49.67,447.64,447.68,0.1919,0.3879,0.6576,447.62,454.11,454.17,0.1406,0.1133,0.1848,454.01,442.16,442.26,0.0431,0.0899,0.1657,16000,1024,1623.9,0.007,0.9922,0.0004,0.0004
2026-08-26T15:14:51.909+02:00,1000,1024,1024,1056,7,25,0,781,0,288,0,0.1599,0.0438,0.0732,0.3042,0.5406,1.2773,1.684,32.56,123.045,49.63,449.13,449.13,0.2222,0.3451,0.6003,449.13,443.85,443.85,0.1269,0.0872,0.162,397.21,397.17,397.21,0.0437,0.0951,0.1222,16000,1024,1592.01,0.0202,0.9791,0.0005,0.0002
2026-08-26T15:15:21.910+02:00,1000,1024,1024,1056,7,26,0,781,0,288,0,0.1608,0.0468,0.0532,0.3021,0.5825,0.2988,1.704,52.986,4.827,49.76,447.9,447.91,0.2231,0.5802,1.0295,447.91,398.12,398.14,0.2137,0.1303,0.1694,398.11,497.65,497.69,0.0616,0.1095,0.0511,16000,1024,1920.93,0.0977,0.9015,0.0005,0.0003
2026-08-26T15:15:51.909+02:00,1000,1024,1024,1056,7,26,29,810,8,296,0,0.1677,0.1095,0.1871,0.459,0.4982,1.0822,1.898,6.022,7.295,49.64,447.78,447.81,0.1304,0.328,0.5884,447.79,454.38,454.41,0.115,0.0897,0.1718,17.16,312.64,244.09,0.0673,0.08,0.1577,16000,1024,1738.52,0.0089,0.9903,0.0005,0.0004
2026-08-26T15:16:21.909+02:00,1000,1024,1024,1056,7,26,1,811,1,297,0,0.1624,0.049,0.0678,0.3192,0.5832,0.7365,1.743,38.178,35.081,49.65,447.07,447.07,0.2248,0.4166,0.7463,447.09,397.43,452.64,0.1527,0.0943,0.1303,397.45,451.66,397.31,0.0438,0.1002,0.1213,16000,1024,1638.5,0.0051,0.9941,0.0004,0.0003
2026-08-26T15:16:51.910+02:00,1000,1024,1024,1056,7,26,3,814,1,298,0,0.1625,0.0578,0.0927,0.3501,0.455,0.822,1.761,14.559,21.959,49.8,447.9,447.88,0.1946,0.4721,0.8053,447.88,398.1,397.9,0.1662,0.1057,0.1415,398.11,497.88,442.84,0.0489,0.0836,0.1196,16000,1024,2016.21,0.1522,0.847,0.0004,0.0004
2026-08-26T15:17:21.910+02:00,1000,1024,1024,1056,7,26,0,814,0,298,0,0.1615,0.0402,0.0619,0.3669,0.3754,0.6334,1.733,21.576,25.228,49.79,448.07,448.08,0.2222,0.5954,1.0857,448.07,398.27,398.29,0.2188,0.1317,0.1755,398.29,497.86,497.72,0.0633,0.1118,0.0565,16000,1024,1596.43,0.0075,0.9914,0.0005,0.0005
2026-08-26T15:17:51.917+02:00,1000,1024,1024,1056,7,26,24,838,8,306,0,0.1645,0.1143,0.2177,0.5282,0.8658,2.5069,1.967,12.172,38.25,49.6,449.49,449.45,0.153,0.3043,0.5229,446.88,429.16,239.96,0.1229,0.1015,0.1725,29.0,467.11,467.19,0.0493,0.0889,0.1592,16000,1024,1687.46,0.0169,0.9818,0.0009,0.0004
2026-08-26T15:18:21.910+02:00,1000,1024,1024,1056,7,27,1,839,0,306,0,0.1592,0.05,0.0644,0.3104,0.4983,0.544,1.686,30.403,16.205,49.76,448.05,448.07,0.212,0.5724,1.0334,448.05,398.28,398.26,0.205,0.1226,0.1642,398.27,497.81,497.76,0.0599,0.1119,0.058,16000,1024,1922.1,0.0538,0.9453,0.0004,0.0004
2026-08-26T15:18:51.910+02:00,1000,1024,1024,1056,7,27,0,839,0,306,0,0.1605,0.0536,0.0759,0.3181,0.834,1.242,1.702,83.266,97.723,49.73,447.75,447.9,0.2225,0.4641,0.779,447.88,398.07,398.19,0.1584,0.1065,0.1281,397.98,497.51,442.87,0.049,0.0815,0.0985,16000,1024,1873.65,0.0252,0.974,0.0005,0.0003
2026-08-26T15:19:21.910+02:00,1000,1024,1024,1056,7,27,0,839,0,306,0,0.1595,0.0409,0.0741,0.292,0.4922,1.3316,1.645,29.492,136.426,49.68,447.48,447.47,0.2231,0.4208,0.7791,447.51,397.65,452.64,0.1543,0.0977,0.1211,397.64,451.66,397.72,0.048,0.0752,0.119,16000,1024,2236.4,0.1474,0.8506,0.0015,0.0005
2026-08-26T15:19:51.910+02:00,1000,1024,1024,1056,7,27,0,839,0,306,0,0.1576,0.0422,0.0648,0.3291,0.4383,0.7024,1.685,31.512,29.252,49.78,448.08,448.07,0.2202,0.5765,1.0817,448.09,398.32,398.31,0.2145,0.1297,0.1701,398.3,497.88,497.8,0.0616,0.1081,0.0563,16000,1024,1581.9,0.0183,0.9808,0.0006,0.0003
2026-08-26T15:20:21.911+02:00,1000,1024,1024,1056,7,27,25,864,9,315,0,0.166,0.0929,0.1647,0.3809,0.4047,0.7662,1.792,6.175,5.767,49.73,447.19,447.2,0.1495,0.2337,0.4614,447.15,452.28,452.58,0.0846,0.098,0.2091,18.65,442.87,236.04,0.0545,0.0971,0.1776,16000,1024,1418.67,0.011,0.9878,0.0005,0.0008
2026-08-26T15:21:21.910+02:00,1000,1024,1024,1056,8,29,0,869,0,315,0,0.1608,0.0435,0.0623,0.2893,0.6584,0.6894,1.637,71.152,25.815,49.68,447.19,447.2,0.2228,0.3722,0.7371,447.19,397.55,452.64,0.1461,0.0973,0.1551,397.54,499.51,397.47,0.0425,0.1028,0.129,16000,1024,1832.13,0.0768,0.9222,0.0006,0.0003
2026-08-26T15:21:51.910+02:00,1000,1024,1024,1056,8,29,0,869,0,315,0,0.16,0.0426,0.0557,0.3188,0.4898,0.5981,1.657,39.495,30.494,49.81,448.36,448.37,0.2231,0.5161,1.0338,448.37,398.54,398.51,0.204,0.1322,0.1704,398.55,498.29,498.34,0.0643,0.1057,0.0512,16000,1024,1808.83,0.0307,0.9681,0.0009,0.0003
2026-08-26T15:22:21.911+02:00,1000,1024,1024,1056,8,30,0,869,0,315,0,0.1606,0.0384,0.0638,0.3069,0.2853,0.51,1.669,7.902,15.515,49.77,448.35,448.33,0.2218,0.4106,0.8516,448.39,398.42,398.41,0.1664,0.1171,0.1435,398.52,498.61,442.87,0.0585,0.0915,0.0571,16000,1024,1658.76,0.0063,0.9929,0.0005,0.0003
2026-08-26T15:22:51.918+02:00,1000,1024,1024,1056,8,30,0,869,0,315,0,0.16,0.039,0.0526,0.3021,0.3702,0.4832,1.621,19.46,11.629,49.82,448.42,448.43,0.2213,0.5072,1.039,448.43,398.61,398.62,0.2064,0.1314,0.1768,398.65,498.18,498.32,0.0634,0.1056,0.0525,16000,1024,4259.52,0.7192,0.2767,0.0033,0.0008
2026-08-26T15:23:21.912+02:00,1000,1024,1024,1056,8,30,1,870,0,315,0,0.1594,0.0458,0.0616,0.3064,0.4937,0.5886,1.647,23.59,20.763,49.81,448.33,448.33,0.2114,0.4794,0.9894,448.33,398.54,398.5,0.1897,0.1315,0.1616,398.55,498.17,248.97,0.0671,0.105,0.0674,16000,1024,1666.02,0.0102,0.9889,0.0006,0.0003
2026-08-26T15:23:51.912+02:00,1000,1024,1024,1056,8,30,0,870,0,315,0,0.1616,0.0372,0.0556,0.2912,0.3812,0.5696,1.635,16.364,18.911,49.74,447.88,447.92,0.2259,0.3355,0.6224,447.97,398.06,397.9,0.1476,0.0967,0.1317,398.02,498.08,442.87,0.0451,0.0862,0.0808,16000,1024,1648.21,0.0117,0.9869,0.0011,0.0004
2026-08-26T15:24:21.912+02:00,1000,1024,1024,1056,8,30,2,872,1,316,0,0.1573,0.0447,0.0735,0.3188,0.5667,0.8459,1.673,42.019,36.919,49.66,447.31,447.3,0.2113,0.3082,0.5699,447.3,451.66,451.66,0.1334,0.1056,0.1609,397.61,499.24,397.59,0.0453,0.0951,0.1264,16000,1024,1447.94,0.0097,0.9886,0.0012,0.0005
2026-08-26T15:24:51.912+02:00,1000,1024,1024,1056,8,30,0,872,0,316,0,0.1602,0.0382,0.0621,0.3192,0.3809,0.7602,1.661,24.313,54.609,49.81,448.16,448.17,0.2243,0.4786,0.8773,448.18,398.35,398.34,0.2045,0.1316,0.1662,398.34,497.99,497.96,0.0652,0.1132,0.0571,16000,1024,1489.69,0.0123,0.9864,0.0007,0.0007
2026-08-26T15:25:21.912+02:00,1000,1024,1024,1056,8,30,1,873,0,316,0,0.1577,0.0406,0.0651,0.3674,0.278,0.4675,1.691,10.604,13.768,49.71,447.61,447.58,0.2162,0.3366,0.6099,447.59,397.84,397.73,0.1429,0.0928,0.1278,397.83,497.26,452.64,0.0475,0.0806,0.0953,16000,1024,1549.48,0.0038,0.9953,0.0005,0.0004
2026-08-26T15:25:51.912+02:00,1000,1024,1024,1056,8,30,5,878,1,317,0,0.1603,0.0378,0.0615,0.3076,0.2536,0.6069,1.665,7.31,22.215,49.73,447.83,447.85,0.2193,0.3497,0.6845,447.88,397.88,397.88,0.1519,0.1142,0.1319,397.97,497.88,443.85,0.0527,0.0898,0.0647,16000,1024,1603.56,0.0229,0.9761,0.0006,0.0003
2026-08-26T15:26:21.911+02:00,1000,1024,1024,1056,8,30,3,881,1,318,0,0.1603,0.0364,0.0586,0.2979,0.2126,0.4553,1.696,4.859,11.248,49.78,448.09,448.08,0.2199,0.4678,0.8399,448.09,398.3,398.31,0.1964,0.1356,0.1646,398.3,497.9,49.81,0.0662,0.1061,0.0551,16000,1024,1435.04,0.0101,0.9887,0.0005,0.0006
2026-08-26T15:26:51.912+02:00,1000,1024,1024,1056,8,30,2,883,2,320,0,0.1606,0.0385,0.059,0.3402,0.2955,0.5858,1.689,7.23,21.337,49.71,447.62,447.59,0.2215,0.3366,0.6082,447.64,397.74,397.85,0.1423,0.1062,0.1272,397.8,498.34,452.64,0.0494,0.0793,0.084,16000,1024,1568.7,0.0091,0.9896,0.0006,0.0007
2026-08-26T15:27:21.912+02:00,1000,1024,1024,1056,8,30,0,883,0,320,0,0.1601,0.0418,0.0758,0.2986,0.4708,0.9065,1.663,26.013,38.216,49.64,447.05,447.05,0.223,0.3282,0.6109,447.07,397.37,397.34,0.1415,0.0965,0.1262,397.34,496.83,452.64,0.0454,0.0788,0.1079,16000,1024,1926.87,0.1492,0.8501,0.0004,0.0003
2026-08-26T15:27:51.912+02:00,1000,1024,1024,1056,8,32,0,883,0,320,0,0.1618,0.0403,0.0493,0.6346,0.3982,0.1746,1.95,13.711,2.639,49.77,448.01,448.01,0.22,0.4283,0.8335,448.02,398.21,398.21,0.1898,0.1315,0.1683,398.2,497.76,497.71,0.0669,0.1099,0.0586,16000,1024,1657.2,0.0386,0.9606,0.0005,0.0004
2026-08-26T15:28:21.912+02:00,1000,1024,1024,1056,8,32,0,883,0,320,0,0.1565,0.0407,0.0573,0.2795,0.47,0.6991,1.684,24.608,28.688,49.77,448.13,448.16,0.2164,0.3814,0.7073,448.16,398.25,398.33,0.1669,0.1128,0.1421,398.31,498.0,443.85,0.0557,0.0992,0.0638,16000,1024,2795.52,0.3232,0.6763,0.0003,0.0002
2026-08-26T15:28:51.913+02:00,1000,1024,1024,1056,8,32,0,883,0,320,0,0.1582,0.0433,0.0681,0.2999,0.3938,0.9623,1.708,18.544,59.256,49.64,446.86,446.87,0.2202,0.297,0.5869,446.88,397.12,452.64,0.1302,0.111,0.1246,397.17,499.13,397.13,0.0475,0.0731,0.1267,16000,1024,1519.64,0.012,0.987,0.0005,0.0005
2026-08-26T15:29:21.914+02:00,1000,1024,1024,1056,8,32,0,883,0,320,0,0.1605,0.0407,0.0548,0.2928,0.2921,0.4654,1.681,8.003,12.946,49.75,447.87,447.86,0.2217,0.3881,0.7887,447.85,398.14,398.14,0.1776,0.1206,0.1481,398.06,497.6,497.61,0.0605,0.1083,0.0532,16000,1024,1401.0,0.0052,0.9913,0.0029,0.0006
2026-08-26T15:29:51.914+02:00,1000,1024,1024,1056,8,32,7,890,0,320,0,0.1625,0.0615,0.1008,0.369,0.3507,0.9059,1.744,8.72,16.219,49.8,447.97,447.96,0.1853,0.2948,0.5905,447.97,398.06,453.19,0.1354,0.1005,0.1204,398.13,497.8,442.97,0.0463,0.0716,0.1257,16000,1024,1395.75,0.0111,0.9881,0.0006,0.0003
2026-08-26T15:30:21.914+02:00,1000,1024,1024,1056,8,32,0,890,0,320,0,0.1604,0.0354,0.0491,0.3033,0.1053,0.2807,1.709,2.735,3.669,49.66,447.02,447.03,0.2208,0.3472,0.6196,447.04,397.41,451.66,0.1471,0.0957,0.1591,397.36,452.64,397.4,0.0483,0.0788,0.1272,16000,1024,1403.07,0.0154,0.9835,0.0008,0.0004
2026-08-26T15:30:51.914+02:00,1000,1024,1024,1056,8,32,1,891,0,320,0,0.1619,0.0375,0.0546,0.4747,0.1795,0.4649,1.751,3.153,9.316,49.75,448.03,448.02,0.2236,0.3874,0.7292,448.02,398.21,398.15,0.1635,0.1159,0.1417,398.25,497.94,442.87,0.0553,0.0791,0.0484,16000,1024,1683.28,0.0869,0.9112,0.0014,0.0006
2026-08-26T15:31:21.914+02:00,1000,1024,1024,1056,8,32,0,891,0,320,0,0.1626,0.041,0.0555,0.3486,0.3175,0.5252,1.702,8.529,13.809,49.78,448.08,448.09,0.2239,0.4544,0.8627,448.08,398.28,398.3,0.1967,0.13,0.1649,398.3,497.92,497.83,0.0624,0.1075,0.0542,16000,1024,1421.87,0.0215,0.977,0.0009,0.0006
2026-08-26T15:31:51.914+02:00,1000,1024,1024,1056,8,32,0,891,0,320,0,0.1627,0.0439,0.0631,0.3209,0.4823,0.5382,1.698,30.524,19.713,49.74,447.83,447.85,0.2235,0.3528,0.6695,447.85,398.0,398.08,0.1542,0.1022,0.1332,398.09,497.64,442.87,0.0512,0.0888,0.0671,16000,1024,1516.55,0.0084,0.9904,0.0007,0.0006
2026-08-26T15:32:21.913+02:00,1000,1024,1024,1056,8,32,0,891,0,320,0,0.1585,0.0393,0.0587,0.3289,0.2591,0.4365,1.717,8.683,11.191,49.66,447.09,447.08,0.2196,0.3185,0.6156,447.07,397.35,452.64,0.1404,0.0947,0.1099,397.3,496.87,397.37,0.0452,0.0808,0.116,16000,1024,1590.32,0.0067,0.9924,0.0006,0.0004
2026-08-26T15:32:51.916+02:00,1000,1024,1024,1056,8,32,0,891,0,320,0,0.1613,0.0418,0.0552,0.3283,0.4175,0.4722,1.703,24.477,13.2,49.78,447.89,447.88,0.2226,0.431,0.8478,447.88,398.13,398.12,0.188,0.1226,0.1545,398.13,497.73,497.89,0.0619,0.1102,0.0516,16000,1024,1487.23,0.0162,0.9824,0.0008,0.0005
2026-08-26T15:33:21.915+02:00,1000,1024,1024,1056,8,32,37,928,37,357,0,0.1617,0.0553,0.1046,0.3193,0.4717,0.7151,1.668,23.9,18.983,49.76,447.88,447.9,0.2215,0.4397,0.8286,447.9,398.1,398.14,0.183,0.1223,0.1501,398.12,497.63,497.7,0.0581,0.108,0.0631,16000,1024,1534.07,0.0072,0.9917,0.0007,0.0005
2026-08-26T15:33:51.915+02:00,1000,1024,1024,1056,8,32,1,929,1,358,0,0.1607,0.0373,0.06,0.3121,0.3591,0.6481,1.668,17.608,32.096,49.65,446.97,446.95,0.2225,0.3587,0.6663,446.97,397.24,452.64,0.1534,0.1058,0.1314,397.3,452.64,397.28,0.052,0.0805,0.1282,16000,1024,1534.1,0.0147,0.9843,0.0005,0.0005
2026-08-26T15:34:21.916+02:00,1000,1024,1024,1056,8,32,0,929,0,358,0,0.1585,0.037,0.0595,0.2842,0.261,0.5977,1.623,7.709,21.053,49.77,448.02,448.01,0.2188,0.4607,0.8586,448.01,398.22,398.28,0.1893,0.1146,0.1523,398.16,497.8,49.84,0.055,0.1042,0.0499,16000,1024,1522.88,0.0166,0.9824,0.0007,0.0003
2026-08-26T15:34:51.915+02:00,1000,1024,1024,1056,8,32,0,929,0,358,0,0.159,0.0443,0.0717,0.2914,0.4851,0.926,1.658,23.489,52.582,49.77,447.92,447.94,0.2218,0.4818,0.8861,447.95,398.11,398.15,0.1977,0.1261,0.1645,398.16,497.78,498.02,0.0594,0.1087,0.05,16000,1024,1616.31,0.0054,0.9936,0.0006,0.0004
2026-08-26T15:35:21.915+02:00,1000,1024,1024,1056,8,32,0,929,0,358,0,0.1614,0.0532,0.0735,0.2963,0.7292,0.929,1.663,71.579,71.011,49.75,447.95,448.0,0.2235,0.3753,0.6751,448.03,398.19,397.93,0.1514,0.0896,0.1402,398.16,498.87,452.64,0.0447,0.0782,0.0901,16000,1024,1838.4,0.021,0.9782,0.0005,0.0003
2026-08-26T15:35:51.916+02:00,1000,1024,1024,1056,8,32,0,929,0,358,0,0.1605,0.0392,0.0613,0.3044,0.4865,0.8665,1.625,32.328,54.47,49.68,447.27,447.24,0.2241,0.3651,0.6557,447.25,397.54,452.64,0.1448,0.0908,0.1262,397.55,496.81,397.49,0.0428,0.0814,0.1236,16000,1024,1624.55,0.0033,0.9958,0.0006,0.0003
2026-08-26T15:36:21.922+02:00,1000,1024,1024,1056,8,32,6,935,1,359,0,0.1595,0.0573,0.0939,0.3716,0.4285,0.8773,1.673,13.294,19.494,49.68,446.99,447.01,0.1961,0.3493,0.6358,447.0,397.34,451.66,0.1397,0.0977,0.1663,397.33,452.64,397.32,0.0444,0.0618,0.1168,16000,1024,1581.97,0.0155,0.9836,0.0006,0.0004
2026-08-26T15:36:51.916+02:00,1000,1024,1024,1056,8,32,5,940,2,361,0,0.1616,0.0564,0.0858,0.3759,0.4425,0.5017,1.767,12.781,12.113,49.73,448.21,448.2,0.2124,0.434,0.7546,448.22,398.38,398.35,0.1695,0.1092,0.1425,398.49,498.41,443.63,0.0508,0.0815,0.0842,16000,1024,1594.96,0.0072,0.9921,0.0005,0.0002
2026-08-26T15:37:21.916+02:00,1000,1024,1024,1056,8,32,1,941,1,362,0,0.1625,0.0435,0.0742,0.3049,0.401,0.9021,1.677,18.487,47.023,49.81,448.23,448.22,0.2247,0.5573,1.0016,448.21,398.45,398.44,0.2214,0.1319,0.1737,398.39,498.0,497.99,0.06,0.11,0.0517,16000,1024,1631.09,0.006,0.993,0.0006,0.0004
2026-08-26T15:37:51.916+02:00,1000,1024,1024,1056,8,32,0,941,0,362,0,0.1574,0.0465,0.0655,0.3192,0.7039,0.7675,1.664,68.286,41.827,49.74,448.0,447.98,0.2179,0.4476,0.8283,448.03,398.06,398.17,0.1765,0.1097,0.155,497.99,497.98,442.87,0.0528,0.0978,0.0662,16000,1024,1736.18,0.0163,0.983,0.0004,0.0002
2026-08-26T15:38:21.915+02:00,1000,1024,1024,1056,8,32,26,967,11,373,0,0.162,0.0986,0.1685,0.3703,0.4988,0.8705,1.829,6.484,7.003,49.62,447.01,447.01,0.1443,0.2493,0.4546,447.03,451.66,451.66,0.0955,0.1253,0.2566,19.5,463.32,463.26,0.0532,0.1077,0.1909,16000,1024,1977.34,0.0156,0.9834,0.0006,0.0003
2026-08-26T15:38:51.917+02:00,1000,1024,1024,1056,8,32,0,967,0,373,0,0.1594,0.0376,0.0628,0.2931,0.3324,0.8092,1.694,9.602,40.926,49.67,447.18,447.18,0.2197,0.3722,0.6961,447.18,397.49,397.49,0.1516,0.0914,0.1349,397.5,496.82,452.64,0.0434,0.0796,0.1176,16000,1024,1865.06,0.0327,0.9661,0.0009,0.0003
2026-08-26T15:39:21.915+02:00,1000,1024,1024,1056,8,32,0,967,0,373,0,0.1625,0.0391,0.0631,0.328,0.3473,0.8718,1.687,10.176,50.199,49.73,447.67,447.69,0.2216,0.4175,0.763,447.68,397.9,451.66,0.1645,0.1034,0.1405,498.21,498.04,397.87,0.046,0.0865,0.1419,16000,1024,1672.71,0.0077,0.9914,0.0007,0.0002
2026-08-26T15:39:51.920+02:00,1000,1024,1028,1060,8,32,4,971,1,374,0,0.1638,0.0484,0.0832,0.5517,0.4165,0.6934,1.847,15.05,22.869,448.16,448.15,448.18,0.2169,0.5432,0.9899,49.75,398.35,398.34,0.216,0.1228,0.1541,497.98,498.05,442.31,0.0592,0.108,0.0587,16000,1024,1766.54,0.0058,0.9935,0.0004,0.0003
2026-08-26T15:40:21.916+02:00,1000,1024,1024,1056,8,32,0,971,0,374,0,0.1608,0.0378,0.0696,0.2948,0.2794,0.979,1.617,10.053,61.795,448.12,448.13,448.14,0.2284,0.5784,1.0671,49.79,398.33,398.35,0.226,0.1318,0.178,497.93,497.93,497.92,0.0599,0.105,0.0559,16000,1024,1800.21,0.0113,0.9877,0.0006,0.0004
2026-08-26T15:40:51.917+02:00,1000,1024,1024,1056,8,32,2,973,0,374,0,0.1653,0.05,0.081,0.3944,0.5568,0.6778,1.707,26.732,18.15,49.78,448.15,448.18,0.2023,0.4762,0.8067,448.16,398.26,398.27,0.1809,0.1161,0.1636,498.06,498.08,438.2,0.0524,0.0988,0.1378,16000,1024,1835.13,0.0104,0.9889,0.0005,0.0002
2026-08-26T15:41:21.917+02:00,1000,1024,1024,1056,8,32,0,973,0,374,0,0.1648,0.038,0.059,0.4285,0.2112,0.761,1.72,3.609,38.504,49.68,447.34,447.3,0.2281,0.4072,0.728,447.34,397.52,397.56,0.1644,0.1056,0.1445,397.47,451.66,452.64,0.0461,0.094,0.129,16000,1024,1740.7,0.0545,0.9446,0.0006,0.0003
2026-08-26T15:41:51.918+02:00,1000,1024,1024,1056,8,32,0,973,0,374,0,0.1634,0.0428,0.0637,0.3014,0.4716,0.6591,1.69,22.482,33.879,49.68,447.11,447.13,0.2257,0.4042,0.7333,447.11,397.38,397.37,0.1669,0.0942,0.1409,496.8,496.74,452.64,0.0527,0.0832,0.1302,16000,1024,1815.3,0.0111,0.9881,0.0005,0.0003
2026-08-26T15:42:21.924+02:00,1000,1024,1024,1056,8,32,0,973,0,374,0,0.1657,0.0392,0.0544,0.3303,0.3845,0.663,1.722,13.206,29.187,49.68,447.23,447.22,0.2291,0.4103,0.7483,447.23,452.64,452.64,0.1629,0.0914,0.1534,499.29,397.45,397.46,0.0502,0.0957,0.1265,16000,1024,2303.4,0.1384,0.8609,0.0004,0.0003
2026-08-26T15:42:51.918+02:00,1000,1024,1024,1056,8,32,0,973,0,374,0,0.1613,0.0423,0.0625,0.3117,0.4299,0.9766,1.708,21.455,76.952,49.75,448.18,448.28,0.2221,0.4299,0.7935,448.19,398.16,398.23,0.1797,0.1029,0.1311,497.97,497.7,453.61,0.0521,0.0769,0.0941,16000,1024,2527.63,0.2253,0.7718,0.0022,0.0007
2026-08-26T15:43:21.918+02:00,1000,1024,1024,1056,8,32,0,973,0,374,0,0.1628,0.0468,0.0604,0.3744,0.4676,0.6155,1.687,37.11,26.829,49.83,448.39,448.39,0.2252,0.5517,1.0608,448.39,398.58,398.56,0.2274,0.1282,0.1785,498.25,498.23,498.4,0.0646,0.1058,0.0564,16000,1024,1852.95,0.0064,0.9926,0.0007,0.0003
2026-08-26T15:43:51.918+02:00,1000,1024,1024,1056,8,32,0,973,0,374,0,0.1604,0.0387,0.0526,0.2947,0.3451,0.5553,1.653,14.059,18.137,448.09,448.11,448.09,0.2316,0.5768,1.0748,49.79,398.32,398.34,0.2211,0.1287,0.1786,497.91,497.88,497.96,0.0658,0.1095,0.0505,16000,1024,1701.83,0.015,0.9843,0.0004,0.0003
2026-08-26T15:44:21.917+02:00,1000,1024,1024,1056,8,32,1,974,0,374,0,0.1593,0.0505,0.0812,0.3624,0.5698,0.8354,1.689,31.303,32.028,49.78,448.03,448.03,0.2175,0.5509,1.0344,448.03,398.24,398.25,0.216,0.1305,0.1749,398.26,497.83,497.78,0.0603,0.1011,0.051,16000,1024,1840.06,0.0055,0.9935,0.0005,0.0004
2026-08-26T15:44:51.918+02:00,1000,1024,1024,1056,8,32,0,974,0,374,0,0.1654,0.046,0.0683,0.3792,0.4993,0.8364,1.689,33.226,51.214,49.76,448.0,447.99,0.2284,0.4447,0.8585,448.0,398.09,398.15,0.1772,0.1051,0.1566,498.13,498.16,443.85,0.0522,0.0787,0.0772,16000,1024,3428.0,0.5008,0.4969,0.0018,0.0005
2026-08-26T15:45:21.917+02:00,1000,1024,1024,1056,8,32,0,974,0,374,0,0.1627,0.0383,0.0549,0.3152,0.1678,0.511,1.708,3.107,13.733,49.73,447.67,447.66,0.2221,0.3832,0.7512,447.68,397.85,397.73,0.1573,0.0995,0.1432,497.93,498.62,452.64,0.0453,0.08,0.0923,16000,1024,1686.04,0.0264,0.9728,0.0005,0.0004
2026-08-26T15:45:51.919+02:00,1000,1024,1024,1056,8,32,0,974,0,374,0,0.1619,0.0363,0.0597,0.4562,0.1538,0.5834,1.778,3.16,23.183,49.77,448.1,448.11,0.2202,0.4746,0.9024,448.12,398.26,398.3,0.1942,0.1203,0.1617,497.93,498.08,453.61,0.0614,0.0993,0.0492,16000,1024,1746.02,0.0038,0.9951,0.0009,0.0002
2026-08-26T15:46:21.918+02:00,1000,1024,1024,1056,8,32,2,976,1,375,0,0.1617,0.0421,0.0682,0.3409,0.5254,0.9014,1.699,42.96,58.935,49.77,448.13,448.13,0.2243,0.4926,0.9462,448.12,398.3,398.24,0.1986,0.1186,0.1643,497.88,497.97,498.08,0.0594,0.1014,0.0518,16000,1024,1597.42,0.0176,0.9818,0.0004,0.0002
2026-08-26T15:46:51.919+02:00,1000,1024,1024,1056,8,32,1,977,0,375,0,0.1587,0.0438,0.0656,0.3293,0.4591,0.681,1.681,23.32,23.527,49.78,448.11,448.1,0.2188,0.456,0.7862,448.09,398.35,398.36,0.1931,0.1226,0.1564,398.24,497.96,497.94,0.0575,0.1051,0.0576,16000,1024,1890.19,0.1713,0.825,0.0028,0.0009
2026-08-26T15:47:21.919+02:00,1000,1024,1024,1056,8,32,0,977,0,375,0,0.1595,0.0342,0.0472,0.2952,0.1494,0.1657,1.625,2.891,2.63,49.75,448.04,448.01,0.2196,0.3743,0.6948,448.03,398.27,398.18,0.1639,0.109,0.1409,398.26,498.1,442.87,0.0506,0.0902,0.0448,16000,1024,2020.27,0.2296,0.7697,0.0005,0.0002
2026-08-26T15:47:51.924+02:00,1000,1024,1028,1060,8,32,25,1002,6,381,0,0.1616,0.0857,0.1501,0.3919,0.47,0.926,1.902,5.79,6.192,49.7,447.2,447.23,0.1132,0.1996,0.3553,447.16,261.85,248.74,0.0806,0.07,0.1457,38.1,292.11,244.03,0.067,0.0674,0.1304,16000,1024,1684.96,0.0175,0.9813,0.0009,0.0002
2026-08-26T15:48:21.919+02:00,1000,1024,1024,1056,8,32,0,1002,0,381,0,0.1618,0.0378,0.0556,0.3071,0.2459,0.4074,1.68,4.445,8.843,49.68,447.23,447.25,0.2219,0.3412,0.6024,447.26,397.5,452.64,0.1413,0.1021,0.1321,397.52,499.51,397.57,0.0486,0.1113,0.1365,16000,1024,1636.37,0.0125,0.9867,0.0004,0.0004
2026-08-26T15:48:51.920+02:00,1000,1024,1024,1056,8,32,0,1002,0,381,0,0.1609,0.0396,0.0629,0.3075,0.3762,0.7718,1.705,14.296,31.497,49.68,447.16,447.17,0.2224,0.3261,0.5918,447.14,397.45,452.64,0.1457,0.0967,0.13,397.44,451.66,397.51,0.0474,0.0948,0.1246,16000,1024,1900.65,0.1698,0.8291,0.0008,0.0003
2026-08-26T15:49:21.920+02:00,1000,1024,1024,1056,8,32,25,1027,9,390,0,0.1588,0.0865,0.1454,0.374,0.4997,1.0683,1.819,6.325,8.676,49.91,448.32,448.28,0.155,0.3201,0.557,448.34,443.39,443.4,0.1344,0.098,0.1614,22.44,453.23,398.6,0.0597,0.0836,0.1442,16000,1024,1719.9,0.0225,0.9764,0.0005,0.0005
2026-08-26T15:49:51.919+02:00,1000,1024,1024,1056,8,32,1,1028,1,391,0,0.1596,0.0361,0.0527,0.2782,0.2471,0.4444,1.617,5.657,9.783,49.79,448.28,448.26,0.2239,0.4731,0.8376,448.27,398.49,398.46,0.1975,0.122,0.1595,398.47,498.16,498.1,0.0595,0.1057,0.0493,16000,1024,2022.51,0.0857,0.9136,0.0004,0.0003
2026-08-26T15:50:21.920+02:00,1000,1024,1024,1056,8,32,0,1028,0,391,0,0.1606,0.042,0.0582,0.2905,0.2721,0.5319,1.666,10.314,17.981,49.81,448.32,448.32,0.2238,0.4891,0.8717,448.31,398.48,398.48,0.2052,0.1278,0.1735,398.51,498.1,498.12,0.0643,0.105,0.0515,16000,1024,1734.86,0.0102,0.989,0.0005,0.0002
2026-08-26T15:50:51.920+02:00,1000,1024,1024,1056,8,32,0,1028,0,391,0,0.1617,0.0451,0.0715,0.3017,0.3987,0.8729,1.707,19.368,52.031,49.82,448.36,448.36,0.2233,0.5062,0.8844,448.36,398.55,398.56,0.21,0.1296,0.1753,398.6,498.16,498.23,0.0606,0.1055,0.0553,16000,1024,1880.35,0.0971,0.9014,0.0012,0.0004
2026-08-26T15:51:51.919+02:00,1000,1024,1024,1056,9,32,1,1030,0,391,0,0.1592,0.0408,0.0567,0.3055,0.3314,0.3957,1.685,9.789,10.509,49.77,448.57,448.54,0.2185,0.4661,0.7553,448.5,398.61,398.63,0.1847,0.1075,0.1389,398.55,498.08,453.95,0.0515,0.0894,0.0687,16000,1024,1885.17,0.0144,0.9848,0.0004,0.0003
2026-08-26T15:52:21.919+02:00,1000,1024,1024,1056,9,32,3,1033,0,391,0,0.157,0.0455,0.0793,0.351,0.4764,0.9749,1.67,24.546,38.828,49.78,448.5,448.51,0.2112,0.4652,0.7824,448.5,398.49,398.56,0.1838,0.1113,0.1599,398.61,498.67,452.75,0.0562,0.0991,0.1248,16000,1024,2009.81,0.0353,0.9638,0.0008,0.0002
2026-08-26T15:52:51.921+02:00,1000,1024,1024,1056,9,32,0,1033,0,391,0,0.1599,0.0416,0.0609,0.2971,0.4527,0.5986,1.657,28.519,28.929,49.81,448.27,448.28,0.2199,0.5137,0.9191,448.28,398.46,398.46,0.2115,0.131,0.1721,398.47,498.09,498.26,0.0641,0.1056,0.056,16000,1024,1615.27,0.0069,0.9922,0.0006,0.0003
2026-08-26T15:53:21.921+02:00,1000,1024,1024,1056,9,32,0,1033,0,391,0,0.1625,0.0419,0.0656,0.3058,0.4729,0.883,1.683,28.04,55.394,49.82,448.34,448.34,0.2233,0.5312,0.925,448.35,398.53,398.54,0.213,0.1265,0.1737,398.51,498.18,498.08,0.0625,0.1026,0.0488,16000,1024,1620.33,0.0167,0.9826,0.0005,0.0002
2026-08-26T15:53:51.921+02:00,1000,1024,1024,1056,9,32,1,1034,1,392,0,0.1623,0.0428,0.0667,0.3018,0.2638,0.6019,1.693,6.71,21.331,49.77,448.18,448.17,0.221,0.4408,0.7911,448.2,398.38,398.41,0.1806,0.119,0.1427,398.32,498.02,443.85,0.0552,0.084,0.0591,16000,1024,1884.42,0.0211,0.9781,0.0005,0.0003
2026-08-26T15:54:21.921+02:00,1000,1024,1024,1056,9,32,0,1034,0,392,0,0.1624,0.0457,0.0609,0.3081,0.6683,0.7831,1.677,58.033,38.411,49.7,447.39,447.39,0.2255,0.3792,0.6924,447.39,397.64,397.58,0.1573,0.0922,0.1391,397.66,498.7,452.64,0.0459,0.0737,0.1186,16000,1024,2896.2,0.4335,0.5635,0.0023,0.0007
2026-08-26T15:54:51.925+02:00,1000,1024,1024,1056,9,32,1,1035,0,392,0,0.1608,0.0439,0.063,0.4921,0.391,0.6081,1.722,20.275,20.449,49.65,447.08,447.09,0.2177,0.3806,0.6832,447.1,451.66,451.66,0.1536,0.1231,0.1989,496.9,397.37,397.4,0.044,0.0933,0.1304,16000,1024,1704.6,0.008,0.9913,0.0005,0.0003
2026-08-26T15:55:21.922+02:00,1000,1024,1024,1056,9,32,1,1036,1,393,0,0.1604,0.0468,0.0762,0.3114,0.6143,1.2035,1.651,58.985,99.813,49.68,447.17,447.18,0.2255,0.39,0.7019,447.18,499.35,452.64,0.1592,0.0963,0.1408,499.51,397.53,397.53,0.0585,0.0887,0.1421,16000,1024,1881.79,0.0053,0.9935,0.0009,0.0002
2026-08-26T15:55:51.922+02:00,1000,1024,1024,1056,9,32,0,1036,0,393,0,0.1596,0.0395,0.0655,0.2881,0.2901,0.5728,1.622,10.586,20.494,49.71,447.59,447.59,0.2187,0.3938,0.7096,447.59,397.88,397.86,0.1577,0.1041,0.1457,498.75,498.59,452.64,0.046,0.0884,0.1151,16000,1024,2954.0,0.3573,0.6421,0.0003,0.0003
2026-08-26T15:56:21.921+02:00,1000,1024,1024,1056,9,32,1,1037,1,394,0,0.1637,0.045,0.0587,0.3662,0.3876,0.5383,1.691,14.434,11.619,49.74,448.01,447.98,0.2209,0.4238,0.7755,447.99,398.06,398.09,0.1749,0.1019,0.1338,497.83,497.66,453.61,0.0506,0.0918,0.061,16000,1024,2387.42,0.2064,0.7923,0.0008,0.0004
2026-08-26T15:56:51.924+02:00,1000,1024,1026,1058,9,32,28,1065,13,407,0,0.1618,0.0977,0.1606,0.4251,0.7129,1.07,1.957,9.543,8.82,49.65,448.05,448.06,0.1619,0.3427,0.6222,448.08,456.03,456.12,0.1313,0.0944,0.1669,57.92,440.23,440.29,0.0483,0.086,0.1603,16000,1024,1767.16,0.0287,0.9703,0.0005,0.0004
2026-08-26T15:57:21.922+02:00,1000,1024,1024,1056,9,32,1,1066,0,407,0,0.1591,0.0403,0.069,0.2858,0.414,0.8871,1.632,28.596,67.202,49.79,448.26,448.24,0.2206,0.5248,0.9513,448.24,398.45,398.47,0.2087,0.1212,0.161,398.46,498.0,498.14,0.0599,0.0961,0.054,16000,1024,1893.42,0.0116,0.9871,0.001,0.0003
2026-08-26T15:57:51.922+02:00,1000,1024,1024,1056,9,32,0,1066,0,407,0,0.1592,0.0526,0.0813,0.3311,0.746,1.2216,1.725,93.675,116.931,448.18,448.19,448.18,0.2251,0.5879,1.0291,49.79,398.4,398.41,0.2167,0.1304,0.1731,398.38,497.99,49.78,0.0636,0.1031,0.0509,16000,1024,1695.06,0.0067,0.9924,0.0005,0.0003
2026-08-26T15:58:21.922+02:00,1000,1024,1024,1056,9,32,1,1067,0,407,0,0.1598,0.0477,0.0735,0.3489,0.3257,0.6574,1.717,14.05,25.199,49.81,448.06,448.05,0.2126,0.555,0.9812,448.05,398.24,398.27,0.2118,0.1207,0.1582,398.26,497.87,438.74,0.0585,0.1055,0.0624,16000,1024,2098.39,0.1125,0.8859,0.0011,0.0005
2026-08-26T15:58:51.922+02:00,1000,1024,1024,1056,9,32,1,1068,0,407,0,0.1553,0.0492,0.0633,0.2949,0.7921,0.9907,1.661,92.095,74.694,49.76,448.01,448.01,0.2172,0.5077,0.9016,448.02,398.21,398.24,0.1973,0.1195,0.1541,398.18,497.74,453.61,0.0546,0.0978,0.0516,16000,1024,1862.58,0.0129,0.9865,0.0005,0.0002
2026-08-26T15:59:21.923+02:00,1000,1024,1024,1056,9,32,25,1093,9,416,0,0.1643,0.0904,0.1539,0.5192,0.369,0.753,1.845,5.629,6.934,49.63,447.17,447.23,0.147,0.2157,0.3905,447.16,452.0,452.22,0.0873,0.1195,0.1971,18.52,259.0,228.4,0.0598,0.0897,0.1551,16000,1024,1902.05,0.0083,0.9911,0.0004,0.0002
2026-08-26T15:59:51.923+02:00,1000,1024,1024,1056,9,32,2,1095,2,418,0,0.1601,0.0402,0.0582,0.3011,0.2932,0.6099,1.714,6.251,25.107,49.64,446.97,446.96,0.2206,0.3995,0.7482,446.95,451.66,452.64,0.1594,0.1144,0.164,397.25,397.26,397.31,0.0444,0.1001,0.1218,16000,1024,1881.92,0.0346,0.9648,0.0004,0.0002
2026-08-26T16:00:21.924+02:00,1000,1024,1024,1056,9,32,2,1097,2,420,0,0.1631,0.0475,0.0659,0.4728,0.5662,0.7695,1.782,37.891,37.411,49.73,447.78,447.79,0.2234,0.4341,0.7651,447.85,397.94,398.14,0.1664,0.1011,0.1387,498.02,497.93,442.87,0.0467,0.0853,0.085,16000,1024,1692.69,0.0499,0.9478,0.0017,0.0007
2026-08-26T16:00:51.924+02:00,1000,1024,1024,1056,9,32,0,1097,0,420,0,0.1583,0.0356,0.0546,0.2908,0.2356,0.5328,1.663,5.155,15.66,49.76,447.92,447.91,0.2203,0.4794,0.8538,447.94,398.13,398.23,0.184,0.1036,0.1544,497.95,497.85,443.85,0.0514,0.0909,0.0864,16000,1024,1783.46,0.0374,0.9617,0.0005,0.0003
2026-08-26T16:01:21.924+02:00,1000,1024,1024,1056,9,32,5,1102,1,421,0,0.163,0.0523,0.079,0.3896,0.5957,0.8998,1.701,52.329,54.701,49.73,447.63,447.66,0.2254,0.4159,0.7641,447.63,397.8,397.77,0.1597,0.1069,0.1471,397.82,451.66,452.64,0.0512,0.1005,0.1195,16000,1024,1803.68,0.006,0.9934,0.0004,0.0002
2026-08-26T16:01:51.924+02:00,1000,1024,1024,1056,9,32,0,1102,0,421,0,0.1617,0.0463,0.0652,0.3162,0.6301,1.031,1.717,49.78,80.46,49.69,447.49,447.48,0.2211,0.3982,0.727,447.5,397.62,397.72,0.1513,0.0979,0.1265,397.66,451.66,452.64,0.0485,0.088,0.1086,16000,1024,2343.16,0.1325,0.867,0.0003,0.0002
2026-08-26T16:02:21.924+02:00,1000,1024,1024,1056,9,32,0,1102,0,421,0,0.1598,0.0518,0.0721,0.352,0.8299,1.0246,1.695,93.849,62.97,49.69,447.43,447.42,0.2217,0.4014,0.7552,447.42,397.66,452.64,0.1581,0.0976,0.1156,397.66,499.27,397.73,0.0507,0.0848,0.1266,16000,1024,2212.39,0.0977,0.9005,0.0014,0.0004
2026-08-26T16:02:51.923+02:00,1000,1024,1024,1056,9,32,1,1103,0,421,0,0.1588,0.0455,0.0755,0.3174,0.316,0.7162,1.641,12.978,31.07,49.72,448.09,448.06,0.2123,0.3949,0.7599,448.06,398.31,398.06,0.1595,0.1015,0.1349,398.34,498.65,443.82,0.048,0.0766,0.1163,16000,1024,1808.4,0.0156,0.9838,0.0004,0.0002
2026-08-26T16:03:21.923+02:00,1000,1024,1024,1056,9,33,10,1113,3,424,0,0.1624,0.0549,0.0925,0.3375,0.3938,0.9075,1.747,20.266,53.559,49.8,448.18,448.18,0.2229,0.4918,0.9648,448.19,398.38,398.34,0.199,0.1223,0.1675,398.38,497.98,49.7,0.0575,0.1014,0.0482,16000,1024,2105.21,0.1402,0.8593,0.0004,0.0002
2026-08-26T16:03:51.924+02:00,1000,1024,1024,1056,9,33,0,1113,0,424,0,0.1629,0.06,0.0916,0.5113,0.8143,1.1805,1.9,89.19,71.13,49.79,448.16,448.16,0.2197,0.534,1.0315,448.16,398.39,398.39,0.2129,0.1324,0.1803,497.96,497.96,49.88,0.0624,0.1052,0.0486,16000,1024,1908.62,0.0176,0.9817,0.0004,0.0004
2026-08-26T16:04:21.924+02:00,1000,1024,1024,1056,9,33,1,1114,1,425,0,0.16,0.0499,0.0764,0.3841,0.7228,1.1794,1.695,101.708,126.543,49.78,448.08,448.07,0.2235,0.5255,1.0319,448.09,398.31,398.3,0.2121,0.1307,0.1741,497.85,497.88,497.89,0.0633,0.1074,0.0538,16000,1024,1902.52,0.0536,0.9458,0.0004,0.0002
2026-08-26T16:04:51.924+02:00,1000,1024,1024,1056,9,33,0,1114,0,425,0,0.1579,0.0393,0.0703,0.2996,0.367,0.9905,1.67,18.462,89.173,49.8,448.17,448.15,0.2201,0.4933,1.0008,448.16,398.4,398.37,0.1986,0.1341,0.1742,398.37,497.96,498.05,0.0656,0.1028,0.051,16000,1024,1755.36,0.0365,0.9627,0.0005,0.0003
2026-08-26T16:05:21.925+02:00,1000,1024,1024,1056,9,33,0,1114,0,425,0,0.1579,0.0417,0.0615,0.3102,0.4939,0.7875,1.72,27.617,35.772,49.82,448.38,448.37,0.2178,0.4999,1.0253,448.37,398.57,398.58,0.2113,0.1349,0.1783,398.53,498.21,498.22,0.0636,0.1068,0.0527,16000,1024,1820.84,0.0415,0.9578,0.0004,0.0004
2026-08-26T16:05:51.925+02:00,1000,1024,1024,1056,9,33,0,1114,0,425,0,0.1591,0.0409,0.0788,0.3016,0.4431,1.201,1.725,22.026,78.21,49.82,448.52,448.51,0.2199,0.4727,0.9881,448.51,398.7,398.72,0.2055,0.1365,0.1739,398.65,498.33,498.47,0.0649,0.1083,0.061,16000,1024,1867.6,0.0184,0.9809,0.0004,0.0003
2026-08-26T16:06:21.931+02:00,1000,1024,1024,1056,9,33,1,1115,0,425,0,0.1587,0.043,0.0792,0.4366,0.4257,1.1177,1.75,22.108,58.601,49.8,448.4,448.39,0.2076,0.3985,0.8282,448.39,398.65,398.66,0.1658,0.1077,0.1396,498.13,498.2,443.08,0.0502,0.0875,0.0998,16000,1024,2086.67,0.1093,0.8892,0.0011,0.0004
2026-08-26T16:06:51.925+02:00,1000,1024,1024,1056,9,33,0,1115,0,425,0,0.1599,0.0498,0.0837,0.3008,0.558,0.9551,1.658,45.719,57.447,49.75,448.17,448.13,0.2189,0.2995,0.6349,448.38,398.2,398.36,0.1281,0.1048,0.1389,499.06,499.31,443.85,0.052,0.1003,0.099,16000,1024,2065.9,0.0839,0.9152,0.0007,0.0002
2026-08-26T16:07:21.926+02:00,1000,1024,1024,1056,9,33,1,1116,1,426,0,0.1613,0.0406,0.0657,0.3001,0.3899,1.0444,1.665,14.655,81.429,49.66,447.12,447.12,0.224,0.3238,0.6909,447.12,397.46,452.64,0.1327,0.1019,0.1491,397.46,452.64,397.44,0.0482,0.0705,0.1195,16000,1024,2153.05,0.2022,0.797,0.0005,0.0003
2026-08-26T16:07:51.926+02:00,1000,1024,1024,1056,9,33,1,1117,1,427,0,0.1585,0.0386,0.0568,0.2991,0.1858,0.5158,1.71,3.589,15.429,49.67,446.93,446.95,0.2191,0.3609,0.6557,446.96,397.27,397.26,0.1541,0.1014,0.1296,397.26,496.71,452.64,0.0494,0.0991,0.1037,16000,1024,1763.89,0.076,0.923,0.0005,0.0005
2026-08-26T16:08:21.926+02:00,1000,1024,1024,1056,9,34,0,1117,0,427,0,0.1582,0.0482,0.0766,0.4142,0.5632,1.0742,1.7,48.469,89.0,49.79,448.11,448.08,0.2215,0.4087,0.7823,448.1,398.33,398.34,0.1808,0.1224,0.1589,398.34,497.84,497.85,0.0605,0.1032,0.0502,16000,1024,1830.09,0.1111,0.8883,0.0004,0.0002
2026-08-26T16:08:51.925+02:00,1000,1024,1024,1056,9,34,2,1119,1,428,0,0.1606,0.0433,0.0641,0.4053,0.4433,0.8173,1.761,18.015,36.001,49.79,448.11,448.13,0.2135,0.3739,0.7031,448.12,398.29,398.28,0.1629,0.1126,0.1431,398.28,497.9,453.85,0.0525,0.0894,0.0734,16000,1024,2132.35,0.2345,0.7646,0.0006,0.0003
2026-08-26T16:09:21.926+02:00,1000,1024,1024,1056,9,34,0,1119,0,428,0,0.1602,0.037,0.0506,0.5222,0.1943,0.3082,1.8,3.478,4.167,49.79,448.3,448.3,0.2203,0.4437,0.7516,448.32,398.42,398.47,0.18,0.1157,0.1465,398.43,498.15,438.61,0.0554,0.0868,0.0502,16000,1024,2705.17,0.2993,0.6996,0.0008,0.0002
2026-08-26T16:09:51.926+02:00,1000,1024,1024,1056,9,34,6,1125,1,429,0,0.1555,0.0358,0.0557,0.2915,0.2721,0.4674,1.632,10.028,15.667,49.74,447.94,447.92,0.215,0.3749,0.6608,447.89,398.14,397.99,0.1566,0.1082,0.1396,398.13,497.44,453.61,0.0542,0.0852,0.0509,16000,1024,2135.69,0.0852,0.9142,0.0004,0.0002
2026-08-26T16:10:21.932+02:00,1000,1024,1024,1056,9,34,0,1125,0,429,0,0.1618,0.04,0.0638,0.3018,0.2959,0.8547,1.685,5.961,45.54,49.73,447.99,447.96,0.2238,0.3439,0.6371,447.98,398.27,398.16,0.1522,0.1025,0.1357,398.17,497.74,442.87,0.0515,0.0967,0.0547,16000,1024,2605.83,0.375,0.623,0.0016,0.0005
2026-08-26T16:10:51.926+02:00,1000,1024,1024,1056,9,34,0,1125,0,429,0,0.1614,0.0448,0.0601,0.4718,0.6917,0.8012,1.773,75.561,39.885,49.7,447.49,447.49,0.2221,0.319,0.5991,447.49,397.63,397.69,0.1381,0.1039,0.1287,397.66,497.45,452.64,0.0505,0.0815,0.0892,16000,1024,1648.31,0.0335,0.9658,0.0005,0.0003
2026-08-26T16:11:21.926+02:00,1000,1024,1024,1056,9,34,0,1125,0,429,0,0.1588,0.0379,0.0632,0.3474,0.4296,0.8641,1.652,27.476,48.454,49.66,446.94,446.96,0.2221,0.3293,0.5954,446.98,397.25,397.21,0.1367,0.1004,0.1482,397.26,496.84,452.64,0.0472,0.0732,0.1057,16000,1024,1585.44,0.011,0.9882,0.0004,0.0004
2026-08-26T16:11:51.926+02:00,1000,1024,1024,1056,9,34,7,1132,2,431,0,0.1597,0.0358,0.0562,0.2909,0.1558,0.4159,1.672,3.635,10.375,49.62,446.86,446.87,0.2236,0.2636,0.53,446.88,397.06,451.66,0.1191,0.1222,0.1194,397.08,499.07,397.11,0.0619,0.0715,0.1243,16000,1024,1592.34,0.0286,0.9693,0.0016,0.0005
2026-08-26T16:12:21.927+02:00,1000,1024,1024,1056,9,34,1,1133,0,431,0,0.1602,0.0423,0.0687,0.3125,0.2668,0.734,1.699,6.836,27.283,49.61,449.15,449.16,0.2224,0.2314,0.4647,449.17,397.07,444.82,0.1104,0.1075,0.1573,397.09,444.82,397.11,0.0523,0.0799,0.1123,16000,1024,2222.36,0.2521,0.7458,0.0013,0.0008
2026-08-26T16:12:51.927+02:00,1000,1024,1024,1056,9,34,0,1133,0,431,0,0.1593,0.041,0.0606,0.3072,0.3292,0.7479,1.684,8.349,34.578,49.62,449.32,446.87,0.2236,0.2607,0.6056,449.37,499.19,397.09,0.1212,0.0965,0.156,499.26,397.07,451.66,0.0519,0.1218,0.1216,16000,1024,5262.5,0.7802,0.2195,0.0002,0.0001
2026-08-26T16:13:21.927+02:00,1000,1024,1024,1056,9,34,0,1133,0,431,0,0.1564,0.0359,0.0604,0.3123,0.2418,0.5454,1.64,7.022,17.311,49.62,449.34,446.86,0.2184,0.2587,0.58,446.87,397.1,451.66,0.1306,0.1031,0.1219,397.09,444.82,399.69,0.0533,0.077,0.1191,16000,1024,1733.23,0.0079,0.9911,0.0004,0.0006
2026-08-26T16:13:51.926+02:00,1000,1024,1024,1056,9,34,2,1135,2,433,0,0.1586,0.0445,0.063,0.2813,0.4003,0.8406,1.643,18.042,44.788,49.62,446.88,446.89,0.2211,0.2503,0.5181,446.89,397.15,397.11,0.1114,0.0965,0.1372,397.17,498.87,452.64,0.0435,0.0689,0.0906,16000,1024,1950.56,0.1181,0.8805,0.0006,0.0008
2026-08-26T16:14:21.926+02:00,1000,1024,1024,1056,9,34,0,1135,0,433,0,0.1587,0.0378,0.0567,0.3064,0.104,0.4217,1.706,2.491,10.382,49.61,449.13,446.68,0.2193,0.2417,0.5164,446.68,397.07,451.66,0.1151,0.0967,0.1296,99.55,496.24,397.08,0.0423,0.0776,0.1111,16000,1024,1572.34,0.0078,0.9912,0.0006,0.0003
2026-08-26T16:14:51.927+02:00,1000,1024,1024,1056,9,34,0,1135,0,433,0,0.1579,0.0358,0.0565,0.308,0.2673,0.4496,1.682,6.741,10.341,49.65,446.9,446.9,0.2191,0.2804,0.5817,446.91,397.14,452.64,0.1214,0.1076,0.1175,397.15,451.66,397.2,0.0506,0.0882,0.1269,16000,1024,1746.28,0.0324,0.9669,0.0005,0.0003
2026-08-26T16:15:21.930+02:00,1000,1024,1025,1058,9,34,26,1161,11,444,0,0.1605,0.0822,0.1392,0.421,0.4062,0.8157,1.821,6.692,7.691,49.54,446.92,446.92,0.1652,0.1891,0.3836,446.91,220.36,451.66,0.0943,0.0809,0.1534,43.15,440.13,440.14,0.0532,0.0734,0.1346,16000,1024,1726.59,0.0133,0.9858,0.0005,0.0004
2026-08-26T16:15:51.928+02:00,1000,1024,1024,1056,9,34,0,1161,0,444,0,0.1604,0.0378,0.0575,0.332,0.2634,0.6114,1.678,5.969,20.228,49.64,446.93,446.92,0.2225,0.2824,0.5823,446.92,397.18,397.15,0.1494,0.0905,0.1434,499.15,499.24,451.66,0.0593,0.0771,0.1214,16000,1024,1698.18,0.0537,0.9457,0.0004,0.0002
2026-08-26T16:16:21.928+02:00,1000,1024,1024,1056,9,34,1,1162,0,444,0,0.1629,0.0425,0.0623,0.3528,0.2601,0.6171,1.705,6.596,17.854,49.66,446.93,446.92,0.2251,0.3317,0.6517,446.93,397.27,397.24,0.164,0.0997,0.1379,499.25,499.33,451.66,0.0582,0.0854,0.1231,16000,1024,1652.27,0.0715,0.9277,0.0005,0.0003
2026-08-26T16:16:51.928+02:00,1000,1024,1024,1056,9,34,0,1162,0,444,0,0.1586,0.0363,0.0514,0.301,0.2101,0.5115,1.727,3.928,16.53,49.62,446.87,446.87,0.2203,0.3251,0.6222,446.89,397.16,397.13,0.1473,0.1026,0.1438,499.13,499.18,451.66,0.0527,0.0833,0.1291,16000,1024,1841.74,0.0848,0.9143,0.0007,0.0002
2026-08-26T16:17:21.928+02:00,1000,1024,1024,1056,9,34,1,1163,0,444,0,0.1582,0.0374,0.0602,0.2891,0.3022,0.6956,1.66,12.24,36.051,49.67,447.24,447.27,0.22,0.3231,0.6195,447.23,397.49,397.48,0.1605,0.1006,0.1454,497.12,496.78,452.64,0.0515,0.0822,0.125,16000,1024,1704.1,0.0366,0.9627,0.0004,0.0003
2026-08-26T16:17:51.929+02:00,1000,1024,1024,1056,9,35,1,1164,1,445,0,0.1619,0.046,0.0773,0.4061,0.4727,0.8978,1.672,34.867,45.433,49.8,448.09,448.07,0.2239,0.4665,0.8958,448.07,398.3,398.34,0.2252,0.1289,0.1845,497.85,497.83,49.74,0.0724,0.1072,0.048,16000,1024,1801.97,0.0161,0.9832,0.0004,0.0003
2026-08-26T16:18:21.933+02:00,1000,1024,1024,1056,9,36,0,1164,0,445,0,0.1623,0.0368,0.0492,0.3347,0.136,0.3599,1.716,2.97,5.85,49.78,448.03,448.01,0.2245,0.4514,0.8736,448.02,398.24,398.25,0.2209,0.1257,0.18,497.8,497.79,49.76,0.0699,0.1055,0.0459,16000,1024,1638.87,0.0132,0.9856,0.0009,0.0003
2026-08-26T16:18:51.937+02:00,1000,1024,1024,1056,9,36,0,1164,0,445,0,0.1606,0.0381,0.058,0.3127,0.1859,0.5347,1.665,4.016,17.855,448.0,447.98,448.01,0.2362,0.4899,0.937,49.78,398.2,398.21,0.225,0.1248,0.1855,497.82,497.79,49.78,0.0722,0.1142,0.0488,16000,1024,1835.17,0.0241,0.9753,0.0004,0.0002
2026-08-26T16:19:51.929+02:00,1000,1024,1024,1056,10,36,0,1165,0,446,0,0.1616,0.0445,0.0657,0.3452,0.5115,1.1086,1.757,26.016,107.181,49.7,447.61,447.62,0.2197,0.3551,0.7026,447.63,397.79,397.89,0.1715,0.1066,0.1465,497.46,497.71,452.64,0.0567,0.0834,0.0932,16000,1024,2057.49,0.0914,0.9078,0.0006,0.0002
2026-08-26T16:20:21.928+02:00,1000,1024,1024,1056,10,36,0,1165,0,446,0,0.1615,0.0395,0.0641,0.4276,0.5065,0.9544,1.692,37.639,64.147,49.66,447.13,447.12,0.225,0.3675,0.6979,447.13,499.38,397.39,0.1701,0.0924,0.1385,496.96,397.44,452.64,0.0486,0.0868,0.1196,16000,1024,1790.68,0.0276,0.9718,0.0004,0.0002
2026-08-26T16:20:51.928+02:00,1000,1024,1024,1056,10,36,0,1165,0,446,0,0.1645,0.0556,0.0763,0.3016,0.709,1.1178,1.693,55.143,78.472,49.7,447.32,447.32,0.2258,0.383,0.6765,447.31,452.64,452.64,0.1772,0.0931,0.1561,499.51,397.67,397.66,0.0721,0.0964,0.1455,16000,1024,1968.04,0.0198,0.9797,0.0004,0.0002
2026-08-26T16:21:21.930+02:00,1000,1024,1024,1056,10,36,0,1165,0,446,0,0.1621,0.0356,0.0576,0.3218,0.2116,0.527,1.71,3.854,12.223,49.67,447.0,447.02,0.226,0.4114,0.7579,447.02,499.49,451.66,0.2007,0.112,0.1906,496.81,397.3,397.33,0.0587,0.0974,0.1567,16000,1024,1963.87,0.0354,0.964,0.0005,0.0002
2026-08-26T16:21:51.930+02:00,1000,1024,1024,1056,10,36,0,1165,0,446,0,0.1624,0.0374,0.0596,0.3005,0.3416,0.659,1.664,12.968,32.17,49.66,447.01,447.0,0.2248,0.4057,0.7488,447.01,397.38,451.66,0.1992,0.0996,0.177,496.7,451.66,397.41,0.0629,0.1091,0.1629,16000,1024,1872.58,0.0213,0.978,0.0005,0.0003
2026-08-26T16:22:21.930+02:00,1000,1024,1024,1056,10,36,1,1166,0,446,0,0.1622,0.0477,0.0713,0.3714,0.3543,0.6218,1.755,16.155,20.796,49.69,447.21,447.21,0.2139,0.3579,0.6726,447.24,397.49,397.4,0.1699,0.0976,0.151,498.84,496.95,452.64,0.0524,0.0797,0.0967,16000,1024,1976.19,0.0026,0.9966,0.0005,0.0003
2026-08-26T16:22:51.931+02:00,1000,1024,1024,1056,10,36,2,1168,1,447,0,0.1609,0.0432,0.0698,0.3815,0.5509,0.9573,1.708,39.524,50.729,49.79,448.27,448.24,0.2237,0.4765,0.8864,448.27,398.37,398.37,0.2206,0.1136,0.1636,498.49,498.42,442.87,0.0594,0.095,0.0591,16000,1024,1871.74,0.0219,0.9774,0.0004,0.0004
2026-08-26T16:23:21.930+02:00,1000,1024,1024,1056,10,36,0,1168,0,447,0,0.1669,0.054,0.0586,0.4499,0.5698,0.5998,1.771,43.226,23.697,448.15,448.14,448.15,0.2439,0.5136,0.9928,49.79,398.34,398.32,0.2279,0.124,0.1853,497.93,497.89,49.65,0.0732,0.1053,0.0486,16000,1024,1960.49,0.0125,0.9868,0.0004,0.0003
2026-08-26T16:23:51.930+02:00,1000,1024,1024,1056,10,36,0,1168,0,447,0,0.1654,0.0462,0.0706,0.446,0.5312,0.9926,1.781,39.041,58.826,448.31,448.29,448.31,0.2527,0.5397,1.044,49.81,398.46,398.49,0.2273,0.1257,0.1861,498.14,498.13,49.8,0.0755,0.1093,0.0509,16000,1024,1904.46,0.0148,0.9845,0.0004,0.0003
2026-08-26T16:24:21.930+02:00,1000,1024,1024,1056,10,36,1,1169,0,447,0,0.16,0.0355,0.0568,0.304,0.2609,0.7149,1.619,7.402,35.655,448.25,448.26,448.25,0.224,0.4934,0.9395,49.77,398.42,398.39,0.222,0.1164,0.1665,497.97,498.05,498.02,0.0658,0.1041,0.05,16000,1024,2090.76,0.0101,0.9892,0.0005,0.0002
2026-08-26T16:24:51.929+02:00,1000,1024,1024,1056,10,36,0,1169,0,447,0,0.1625,0.0377,0.0554,0.3074,0.2373,0.506,1.691,4.405,11.314,49.68,447.34,447.37,0.2256,0.3863,0.7209,447.38,397.62,397.47,0.1786,0.0934,0.148,497.38,499.02,452.64,0.0511,0.0788,0.1233,16000,1024,3870.2,0.5085,0.4912,0.0002,0.0001
2026-08-26T16:25:21.930+02:00,1000,1024,1024,1056,10,37,0,1169,0,447,0,0.1651,0.0466,0.0789,0.3273,0.456,1.0481,1.723,26.43,76.048,448.32,448.32,448.32,0.26,0.5441,1.0411,49.8,398.48,398.51,0.229,0.1272,0.1932,498.13,498.15,49.81,0.0728,0.1099,0.0447,16000,1024,2067.91,0.0534,0.9458,0.0006,0.0002
2026-08-26T16:25:51.930+02:00,1000,1024,1024,1056,10,37,0,1169,0,447,0,0.1639,0.0386,0.0563,0.3439,0.1981,0.4782,1.739,5.181,11.582,448.16,448.17,448.17,0.259,0.5566,1.0347,49.79,398.38,398.37,0.2249,0.1249,0.1887,497.97,497.95,49.84,0.0734,0.1099,0.0466,16000,1024,1887.55,0.0507,0.947,0.0017,0.0006
2026-08-26T16:26:21.931+02:00,1000,1024,1024,1056,10,37,0,1169,0,447,0,0.1629,0.0384,0.0679,0.3026,0.4093,1.0629,1.669,21.067,81.537,49.79,448.36,448.34,0.2289,0.4754,0.889,448.35,398.57,398.59,0.2191,0.1117,0.1622,498.42,498.13,438.43,0.0591,0.094,0.0727,16000,1024,1928.63,0.0103,0.9891,0.0003,0.0002
2026-08-26T16:26:51.930+02:00,1000,1024,1024,1056,10,37,0,1169,0,447,0,0.1658,0.0441,0.0614,0.2949,0.5524,0.7403,1.653,46.581,41.396,49.71,447.54,447.59,0.2315,0.3818,0.7142,447.61,397.81,397.83,0.1742,0.1037,0.1456,497.54,498.8,452.64,0.057,0.0849,0.1155,16000,1024,2184.82,0.0994,0.8999,0.0003,0.0003
2026-08-26T16:27:21.932+02:00,1000,1024,1024,1056,10,37,21,1190,4,451,0,0.1675,0.0947,0.1572,0.6335,0.7683,0.6728,2.075,10.233,5.413,49.71,446.96,446.95,0.1524,0.2521,0.4876,447.03,452.14,452.09,0.1076,0.1216,0.2329,452.38,441.63,441.56,0.0531,0.0855,0.1455,16000,1024,1846.78,0.0038,0.9954,0.0005,0.0003
2026-08-26T16:27:51.930+02:00,1000,1024,1024,1056,10,37,1,1191,1,452,0,0.1637,0.0375,0.0559,0.3128,0.2649,0.5951,1.702,5.914,18.294,49.64,447.0,446.98,0.2275,0.3892,0.7679,446.99,397.34,451.66,0.1837,0.104,0.1896,499.47,499.34,397.32,0.0718,0.0969,0.1585,16000,1024,3637.72,0.5285,0.4686,0.0022,0.0007
2026-08-26T16:28:21.932+02:00,1000,1024,1024,1056,10,37,0,1191,0,452,0,0.1645,0.0391,0.0515,0.5383,0.4007,0.4214,1.863,16.187,7.954,49.69,447.32,447.35,0.2241,0.3474,0.6858,447.34,397.62,452.64,0.1646,0.0955,0.1343,497.36,497.07,397.67,0.0496,0.079,0.1448,16000,1024,1694.51,0.0097,0.9893,0.0006,0.0005
2026-08-26T16:28:51.932+02:00,1000,1024,1024,1056,10,38,0,1191,0,452,0,0.1623,0.0387,0.0713,0.3037,0.2963,0.7523,1.694,7.441,39.0,49.77,447.98,447.98,0.2237,0.4228,0.8957,447.97,398.17,398.25,0.2064,0.1167,0.1667,497.85,497.72,49.88,0.0715,0.1059,0.0517,16000,1024,1705.63,0.0059,0.9934,0.0004,0.0003
2026-08-26T16:29:21.936+02:00,1000,1024,1024,1056,10,38,0,1191,0,452,0,0.1628,0.0339,0.0715,0.3175,0.1111,0.8297,1.69,2.855,55.02,49.78,447.97,447.99,0.2271,0.4932,1.0051,447.99,398.22,398.21,0.2274,0.1307,0.1871,497.76,497.76,49.88,0.0741,0.109,0.0462,16000,1024,1850.47,0.0202,0.979,0.0003,0.0004
2026-08-26T16:29:51.932+02:00,1000,1024,1024,1056,10,38,1,1192,0,452,0,0.1605,0.0351,0.0645,0.3304,0.2742,1.0539,1.651,8.92,93.296,49.78,447.95,447.95,0.2261,0.4565,0.968,447.95,398.12,398.15,0.2173,0.1354,0.1868,497.74,497.77,497.95,0.0734,0.1075,0.0486,16000,1024,1670.25,0.0074,0.9918,0.0005,0.0003
2026-08-26T16:30:21.940+02:00,1000,1024,1031,1063,10,38,24,1216,5,457,0,0.1619,0.078,0.1365,0.4052,0.4367,0.8151,1.884,6.939,8.16,49.75,447.31,447.23,0.1323,0.1459,0.2899,447.39,437.94,437.96,0.0745,0.085,0.1668,29.57,458.14,235.54,0.0568,0.0785,0.1569,16000,1024,1687.74,0.0069,0.9921,0.0006,0.0003
2026-08-26T16:30:51.938+02:00,1000,1024,1024,1056,10,38,1,1217,0,457,0,0.1624,0.0404,0.0643,0.2934,0.2914,0.724,1.668,6.872,27.397,49.63,446.81,446.82,0.2293,0.2513,0.5209,446.81,397.07,397.1,0.1418,0.1071,0.1624,496.37,496.37,451.66,0.0501,0.0771,0.1135,16000,1024,1886.69,0.1105,0.8858,0.0035,0.0002
2026-08-26T16:31:21.932+02:00,1000,1024,1024,1056,10,38,5,1222,0,457,0,0.1613,0.051,0.0814,0.3334,0.3586,0.7174,1.765,7.572,14.562,49.69,446.75,446.73,0.2006,0.24,0.4602,446.73,451.66,451.66,0.1218,0.0852,0.1653,450.68,498.77,397.18,0.0571,0.0825,0.123,16000,1024,1505.91,0.0046,0.9945,0.0004,0.0005
2026-08-26T16:31:51.933+02:00,1000,1024,1024,1056,10,38,0,1222,0,457,0,0.1602,0.0402,0.0584,0.3155,0.3348,0.4314,1.713,9.16,9.737,49.68,447.48,447.43,0.2192,0.3018,0.5781,447.42,397.74,397.71,0.1491,0.0933,0.1477,497.3,497.01,452.64,0.0545,0.0722,0.0772,16000,1024,2226.57,0.2082,0.7902,0.0013,0.0004
2026-08-26T16:32:21.933+02:00,1000,1024,1024,1056,10,38,0,1222,0,457,0,0.1628,0.0378,0.0624,0.3417,0.3813,0.9259,1.676,16.061,63.12,49.73,447.9,447.85,0.2257,0.3437,0.6585,447.88,398.1,398.1,0.1692,0.1039,0.1514,497.99,497.89,442.87,0.0626,0.098,0.058,16000,1024,1711.1,0.0248,0.9743,0.0007,0.0002
2026-08-26T16:32:51.933+02:00,1000,1024,1024,1056,10,38,0,1222,0,457,0,0.1596,0.0467,0.0736,0.4112,0.5674,0.9279,1.727,52.829,61.895,49.79,448.04,448.04,0.2218,0.4261,0.8101,448.04,398.26,398.26,0.2022,0.1267,0.1811,497.79,497.8,497.79,0.0691,0.1117,0.0512,16000,1024,1803.81,0.0031,0.9963,0.0004,0.0003
2026-08-26T16:33:21.940+02:00,1000,1024,1024,1056,10,38,1,1223,0,457,0,0.1608,0.0418,0.0665,0.3035,0.3871,0.8402,1.662,16.64,38.163,49.78,448.03,448.04,0.2173,0.3792,0.7189,448.02,398.2,398.2,0.178,0.1117,0.1573,497.88,497.93,498.06,0.0656,0.0981,0.0465,16000,1024,1716.16,0.0623,0.9368,0.0004,0.0005
2026-08-26T16:33:51.932+02:00,1000,1024,1024,1056,10,38,0,1223,0,457,0,0.163,0.0439,0.0554,0.6139,0.5011,0.3979,1.903,23.596,8.533,49.63,446.88,446.88,0.2243,0.3699,0.6809,446.88,397.22,451.66,0.1731,0.1091,0.145,397.21,452.64,397.2,0.0493,0.0745,0.1376,16000,1024,1808.36,0.0813,0.9178,0.0006,0.0003
2026-08-26T16:34:21.934+02:00,1000,1024,1024,1056,10,39,0,1223,0,457,0,0.1629,0.0477,0.0646,0.3368,0.5533,0.76,1.74,42.04,46.215,49.79,448.12,448.11,0.2245,0.4388,0.8114,448.12,398.32,398.3,0.2042,0.1302,0.1831,497.88,497.87,497.82,0.0686,0.106,0.0529,16000,1024,1790.63,0.0115,0.9878,0.0004,0.0002
2026-08-26T16:34:51.934+02:00,1000,1024,1024,1056,10,39,1,1224,0,457,0,0.1616,0.0384,0.0584,0.3085,0.3086,0.5638,1.697,10.147,18.68,49.77,447.98,448.02,0.2241,0.4034,0.7108,448.0,398.15,398.16,0.1821,0.1181,0.1667,497.78,497.72,49.9,0.0606,0.0984,0.0538,16000,1024,2196.36,0.2354,0.764,0.0003,0.0003
2026-08-26T16:35:21.934+02:00,1000,1024,1024,1056,10,39,0,1224,0,457,0,0.1607,0.0362,0.0482,0.6102,0.1573,0.3796,1.909,2.927,7.166,49.72,447.48,447.47,0.2206,0.3497,0.58,447.46,451.66,397.67,0.1529,0.0978,0.1414,499.51,397.77,452.64,0.0625,0.0939,0.1277,16000,1024,1851.99,0.0113,0.9879,0.0005,0.0003
2026-08-26T16:35:51.934+02:00,1000,1024,1024,1056,10,39,1,1225,0,457,0,0.1634,0.0381,0.0595,0.304,0.3783,0.8865,1.675,14.062,67.518,49.75,447.96,448.12,0.2266,0.3089,0.5327,448.09,398.09,398.29,0.1435,0.0838,0.1351,498.65,497.92,453.61,0.0572,0.0771,0.0809,16000,1024,1832.91,0.0441,0.9545,0.001,0.0004
2026-08-26T16:36:21.934+02:00,1000,1024,1024,1056,10,39,0,1225,0,457,0,0.1662,0.0432,0.0594,0.6653,0.5047,0.5561,2.008,25.714,18.857,49.84,448.59,448.59,0.2266,0.4802,0.7877,448.59,398.74,398.75,0.2108,0.1223,0.1852,498.57,498.59,49.77,0.0645,0.1177,0.0439,16000,1024,1718.49,0.0064,0.9928,0.0006,0.0002
2026-08-26T16:36:51.934+02:00,1000,1024,1024,1056,10,39,0,1225,0,457,0,0.1641,0.0425,0.0639,0.3143,0.336,0.5858,1.699,12.329,24.004,49.84,448.53,448.52,0.2272,0.5005,0.844,448.51,398.69,398.7,0.2263,0.1331,0.2005,498.29,498.36,49.91,0.0753,0.1116,0.0484,16000,1024,1815.93,0.0056,0.9937,0.0005,0.0002
2026-08-26T16:37:21.934+02:00,1000,1024,1024,1056,10,39,1,1226,1,458,0,0.1622,0.0364,0.0582,0.3184,0.2101,0.5034,1.722,5.387,14.693,448.47,448.47,448.49,0.2394,0.5139,0.8754,49.83,398.63,398.63,0.2257,0.134,0.1995,498.29,498.3,49.86,0.0776,0.1099,0.0457,16000,1024,2408.43,0.1743,0.8251,0.0004,0.0002
2026-08-26T16:37:51.935+02:00,1000,1024,1024,1056,10,40,1,1227,0,458,0,0.1608,0.0405,0.0661,0.3143,0.2236,0.5627,1.702,6.855,17.754,49.79,448.4,448.4,0.2152,0.4443,0.7892,448.4,398.58,398.6,0.2116,0.1192,0.1884,498.2,498.26,49.94,0.0736,0.0966,0.0495,16000,1024,1840.27,0.02,0.9788,0.0008,0.0004
2026-08-26T16:38:21.935+02:00,1000,1024,1024,1056,10,40,0,1227,0,458,0,0.1628,0.0386,0.0527,0.3642,0.2909,0.463,1.665,8.769,8.908,49.82,448.38,448.4,0.2248,0.4681,0.8413,448.4,398.55,398.57,0.2231,0.1295,0.191,498.2,498.23,49.79,0.072,0.1042,0.0451,16000,1024,1718.02,0.0069,0.9923,0.0006,0.0002
2026-08-26T16:38:51.935+02:00,1000,1024,1024,1056,10,40,23,1250,8,466,0,0.1642,0.0863,0.1427,0.4751,0.5217,0.6455,1.958,6.841,5.733,49.73,448.1,448.12,0.1602,0.2869,0.548,448.06,398.19,236.83,0.137,0.0828,0.1369,25.67,236.8,398.19,0.0636,0.0857,0.1225,16000,1024,1715.19,0.0269,0.9721,0.0007,0.0003
2026-08-26T16:39:21.934+02:00,1000,1024,1024,1056,10,40,1,1251,1,467,0,0.1631,0.0377,0.1363,0.452,0.2655,2.532,1.756,6.643,228.27,49.82,448.2,448.22,0.2241,0.4484,0.8547,448.21,398.38,398.37,0.2179,0.1206,0.1849,498.02,498.0,498.11,0.0726,0.1113,0.0542,16000,1024,1788.38,0.0089,0.9897,0.0012,0.0002
2026-08-26T16:39:51.935+02:00,1000,1024,1024,1056,10,40,6,1257,2,469,0,0.161,0.0587,0.0929,0.3633,0.6543,1.15,1.676,27.486,37.607,49.74,448.08,448.1,0.212,0.3513,0.6516,448.07,398.21,398.23,0.1651,0.1011,0.1424,497.55,497.71,443.28,0.059,0.0854,0.1018,16000,1024,1874.39,0.0046,0.9948,0.0005,0.0002
2026-08-26T16:40:21.936+02:00,1000,1024,1024,1056,10,40,0,1257,0,469,0,0.1656,0.0385,0.0616,0.353,0.2998,0.6198,1.701,7.192,19.637,49.66,447.1,447.08,0.227,0.3408,0.6397,447.07,397.43,397.38,0.1595,0.0968,0.1447,499.4,499.5,452.64,0.0682,0.0991,0.1269,16000,1024,1633.64,0.004,0.9952,0.0005,0.0003
2026-08-26T16:40:51.938+02:00,1000,1024,1024,1056,10,40,0,1257,0,469,0,0.1617,0.0356,0.0523,0.3011,0.2201,0.413,1.649,5.282,10.538,49.71,447.65,447.58,0.2246,0.3447,0.6658,447.62,397.83,397.67,0.1641,0.1007,0.1491,499.13,498.81,452.64,0.0596,0.0889,0.0868,16000,1024,1816.04,0.0044,0.9947,0.0006,0.0002
2026-08-26T16:41:21.936+02:00,1000,1024,1024,1056,10,40,0,1257,0,469,0,0.1649,0.0437,0.0613,0.3934,0.3549,0.6137,1.686,14.599,26.787,49.78,448.12,448.15,0.226,0.4277,0.8075,448.15,398.27,398.28,0.2064,0.1231,0.1794,498.07,498.05,49.84,0.0675,0.1039,0.0466,16000,1024,1933.0,0.034,0.9653,0.0004,0.0002
2026-08-26T16:41:51.936+02:00,1000,1024,1024,1056,10,40,0,1257,0,469,0,0.1664,0.0415,0.0604,0.3052,0.333,0.7554,1.687,12.858,56.754,49.79,448.1,448.09,0.2288,0.484,0.8606,448.1,398.3,398.29,0.2246,0.1272,0.187,497.89,497.81,497.7,0.0746,0.1036,0.0429,16000,1024,1763.47,0.0057,0.9935,0.0007,0.0002
2026-08-26T16:42:21.941+02:00,1000,1024,1024,1056,10,40,0,1257,0,469,0,0.1618,0.0399,0.0684,0.3774,0.3713,0.8197,1.677,17.716,39.218,49.75,447.9,447.89,0.2268,0.4896,0.9109,447.89,398.13,398.12,0.2319,0.1227,0.1842,497.7,497.65,49.74,0.0764,0.1069,0.0458,16000,1024,1612.56,0.0253,0.9737,0.0007,0.0003
2026-08-26T16:42:51.936+02:00,1000,1024,1024,1056,10,40,1,1258,0,469,0,0.1658,0.0416,0.066,0.3167,0.3837,0.7551,1.655,17.315,33.625,448.22,448.19,448.22,0.2407,0.5222,0.9282,49.8,398.38,398.36,0.2293,0.1248,0.1956,498.07,498.01,49.92,0.0752,0.1036,0.0507,16000,1024,1933.94,0.0028,0.9964,0.0005,0.0003
2026-08-26T16:43:21.937+02:00,1000,1024,1024,1056,10,40,0,1258,0,469,0,0.1631,0.0393,0.0556,0.3299,0.2264,0.445,1.718,5.015,14.38,448.08,448.08,448.09,0.2448,0.538,0.9592,49.79,398.32,398.33,0.2247,0.1314,0.2002,497.9,497.93,49.83,0.0752,0.1069,0.0493,16000,1024,1704.14,0.0039,0.9952,0.0006,0.0003
2026-08-26T16:43:51.935+02:00,1000,1024,1024,1056,10,40,1,1259,0,469,0,0.1664,0.0449,0.0597,0.3886,0.4202,0.5106,1.691,16.787,14.324,448.15,448.15,448.14,0.2417,0.5678,0.9593,49.8,398.35,398.39,0.2294,0.1298,0.1998,497.88,497.94,497.86,0.0728,0.1058,0.0491,16000,1024,1781.37,0.0104,0.9889,0.0005,0.0002
2026-08-26T16:44:21.936+02:00,1000,1024,1024,1056,10,40,0,1259,0,469,0,0.1641,0.0466,0.0708,0.3044,0.7739,1.337,1.725,100.037,163.377,448.38,448.39,448.38,0.2454,0.5488,0.9305,49.8,398.57,398.6,0.2263,0.1251,0.1919,498.14,498.17,452.64,0.0747,0.1009,0.0524,16000,1024,1851.09,0.0049,0.9941,0.0006,0.0004
2026-08-26T16:44:51.936+02:00,1000,1024,1024,1056,10,40,0,1259,0,469,0,0.1629,0.0348,0.0465,0.2961,0.2759,0.2299,1.641,7.162,3.445,49.72,447.97,447.92,0.2258,0.3995,0.7189,447.96,398.04,398.14,0.1886,0.1048,0.1521,497.71,497.84,442.87,0.0602,0.0873,0.069,16000,1024,1917.73,0.0041,0.9951,0.0005,0.0003
2026-08-26T16:45:21.951+02:00,1000,1024,1024,1056,10,40,0,1259,0,469,0,0.1673,0.0387,0.051,0.3109,0.3181,0.1829,1.716,7.318,2.781,49.68,447.38,447.4,0.2319,0.3877,0.688,447.37,397.62,397.58,0.1796,0.0967,0.1573,499.21,499.45,452.64,0.0682,0.0972,0.1397,16000,1024,1943.03,0.0025,0.9966,0.0005,0.0004
2026-08-26T16:45:51.938+02:00,1000,1024,1024,1056,10,41,0,1259,0,469,0,0.1623,0.0452,0.0649,0.4419,0.5596,0.8806,1.688,58.444,77.827,448.41,448.43,448.42,0.2592,0.5799,1.0008,49.83,398.58,398.55,0.225,0.1273,0.1894,498.2,498.29,49.84,0.0751,0.0964,0.0392,16000,1024,3149.04,0.2362,0.7624,0.001,0.0004
2026-08-26T16:47:21.938+02:00,1000,1024,1024,1056,12,42,1,1272,1,473,0,0.1639,0.0377,0.056,0.3934,0.321,0.5049,1.683,8.482,18.137,49.68,447.22,447.25,0.226,0.3905,0.7146,447.23,397.47,452.64,0.1734,0.0933,0.1487,499.09,499.29,397.45,0.0552,0.0948,0.1542,16000,1024,1872.86,0.0213,0.9775,0.0008,0.0003
2026-08-26T16:47:51.938+02:00,1000,1024,1024,1056,12,42,2,1274,1,474,0,0.1674,0.055,0.094,0.3531,0.6881,1.4504,1.723,39.131,82.898,49.65,447.2,447.2,0.219,0.3723,0.6784,447.22,451.73,451.66,0.1915,0.1135,0.2342,451.66,397.55,397.57,0.0679,0.1001,0.1415,16000,1024,2107.63,0.0598,0.9394,0.0006,0.0002
2026-08-26T16:48:21.938+02:00,1000,1024,1024,1056,12,42,0,1274,0,474,0,0.1632,0.0401,0.0569,0.305,0.4256,0.7538,1.666,19.927,39.944,49.72,447.55,447.52,0.2281,0.3803,0.7286,447.51,499.24,452.64,0.2,0.1063,0.1438,497.04,451.66,397.76,0.0548,0.1016,0.1572,16000,1024,1779.52,0.0031,0.9961,0.0006,0.0002
2026-08-26T16:48:51.937+02:00,1000,1024,1024,1056,12,42,1,1275,0,474,0,0.1666,0.0496,0.0716,0.3803,0.4461,0.7435,1.693,21.14,32.164,448.03,448.03,448.05,0.2608,0.4947,0.9437,49.78,398.23,398.23,0.2295,0.1142,0.1947,497.96,497.83,49.79,0.0763,0.1096,0.0491,16000,1024,1910.06,0.0105,0.9884,0.001,0.0002
2026-08-26T16:49:21.938+02:00,1000,1024,1024,1056,12,42,0,1275,0,474,0,0.1683,0.0468,0.0564,0.324,0.7282,0.6243,1.723,75.485,25.124,448.44,448.45,448.44,0.2817,0.5469,1.0452,49.83,398.63,398.61,0.2314,0.1226,0.1935,498.26,498.23,498.24,0.0811,0.1113,0.0438,16000,1024,1959.55,0.0047,0.9947,0.0005,0.0002
2026-08-26T16:49:51.939+02:00,1000,1024,1024,1056,12,42,0,1275,0,474,0,0.1652,0.0379,0.0467,0.3865,0.3974,0.1738,1.647,17.201,2.962,448.23,448.22,448.23,0.259,0.5131,1.0144,49.79,398.43,398.43,0.2298,0.1184,0.1892,498.06,498.04,498.17,0.0726,0.1094,0.0478,16000,1024,1938.4,0.0295,0.9698,0.0004,0.0002
2026-08-26T16:50:21.941+02:00,1000,1024,1024,1056,12,43,1,1276,0,474,0,0.1689,0.0504,0.0707,0.4388,0.3867,0.5137,1.688,15.426,16.529,448.23,448.22,448.21,0.2614,0.4822,0.9603,49.74,398.45,398.32,0.2243,0.1115,0.1831,498.06,497.99,49.89,0.0719,0.1016,0.0518,16000,1024,1885.25,0.0291,0.97,0.0005,0.0004
2026-08-26T16:50:51.938+02:00,1000,1024,1024,1056,12,44,0,1276,0,474,0,0.1689,0.0405,0.0719,0.4298,0.4198,0.8252,1.694,26.423,45.597,448.54,448.54,448.53,0.271,0.5127,1.02,49.82,398.72,398.72,0.2348,0.1196,0.1918,498.36,498.38,498.29,0.0768,0.1061,0.0496,16000,1024,1891.68,0.014,0.9844,0.0013,0.0004
2026-08-26T16:51:21.937+02:00,1000,1024,1024,1056,12,44,0,1276,0,474,0,0.1668,0.0396,0.0722,0.3305,0.3035,1.0252,1.694,10.323,95.137,448.48,448.48,448.47,0.2617,0.5091,1.0247,49.83,398.67,398.65,0.2311,0.1271,0.1909,498.32,498.28,498.42,0.08,0.1084,0.052,16000,1024,1890.8,0.0447,0.9547,0.0004,0.0002
2026-08-26T16:51:51.939+02:00,1000,1024,1024,1056,12,44,1,1277,0,474,0,0.1686,0.0402,0.056,0.5169,0.394,0.4303,1.753,24.317,10.121,448.44,448.44,448.42,0.2475,0.503,0.9744,49.81,398.56,398.55,0.2339,0.1135,0.1879,498.37,498.36,438.04,0.0706,0.0912,0.0535,16000,1024,1831.48,0.0047,0.9944,0.0005,0.0004
2026-08-26T16:52:21.939+02:00,1000,1024,1024,1056,12,44,1,1278,0,474,0,0.1653,0.0433,0.0516,0.3188,0.6228,0.441,1.711,56.251,11.427,49.75,448.17,448.2,0.2283,0.3702,0.7054,448.22,398.3,398.39,0.1825,0.0916,0.1382,498.1,498.74,453.61,0.0573,0.0844,0.0894,16000,1024,1878.27,0.0147,0.9846,0.0005,0.0002
2026-08-26T16:52:51.939+02:00,1000,1024,1024,1056,12,44,0,1278,0,474,0,0.1663,0.0414,0.0616,0.5216,0.291,0.5446,1.811,10.748,19.093,49.69,447.29,447.27,0.2291,0.3597,0.5734,447.27,397.58,397.6,0.1602,0.1005,0.1587,499.51,452.69,452.64,0.0796,0.0842,0.1157,16000,1024,1807.83,0.0631,0.9356,0.0008,0.0005
2026-08-26T16:53:21.940+02:00,1000,1024,1024,1056,12,44,3,1281,1,475,0,0.1642,0.0521,0.0755,0.3966,0.3741,0.6831,1.685,15.378,20.997,49.7,447.42,447.4,0.2121,0.339,0.5299,447.41,451.66,451.66,0.1536,0.1186,0.1952,499.25,397.68,397.7,0.0559,0.0868,0.1256,16000,1024,1707.84,0.0389,0.9604,0.0004,0.0003
2026-08-26T16:53:51.939+02:00,1000,1024,1024,1056,12,45,0,1281,0,475,0,0.1636,0.0398,0.0626,0.3015,0.3781,0.6796,1.669,20.813,37.108,49.82,448.41,448.41,0.2283,0.4987,0.8274,448.4,398.61,398.6,0.2228,0.1328,0.1971,498.2,498.2,49.8,0.0691,0.1033,0.0458,16000,1024,1599.71,0.0205,0.9788,0.0004,0.0003
2026-08-26T16:54:21.940+02:00,1000,1024,1024,1056,12,45,0,1281,0,475,0,0.1655,0.0396,0.0542,0.3091,0.3805,0.5904,1.673,11.933,18.752,49.82,448.34,448.33,0.23,0.51,0.8188,448.33,398.54,398.54,0.2188,0.1269,0.1913,498.1,498.16,498.03,0.069,0.1041,0.0461,16000,1024,1670.98,0.0117,0.9877,0.0005,0.0002
2026-08-26T16:54:51.942+02:00,1000,1024,1024,1056,12,45,0,1281,0,475,0,0.1647,0.0413,0.0588,0.3794,0.4886,0.6607,1.711,27.761,27.588,49.76,448.25,448.27,0.2277,0.431,0.7145,448.25,398.47,398.5,0.1904,0.116,0.1677,398.44,498.01,453.61,0.0542,0.0872,0.0473,16000,1024,1512.34,0.0117,0.9874,0.0006,0.0003
2026-08-26T16:55:21.942+02:00,1000,1024,1027,1059,12,45,27,1308,10,485,0,0.162,0.089,0.1504,0.4012,0.564,1.0494,1.835,8.785,9.996,49.7,447.59,447.58,0.1537,0.259,0.4282,447.6,397.82,397.78,0.1091,0.0716,0.1209,43.97,499.06,442.22,0.0634,0.0655,0.1114,16000,1024,1776.01,0.0195,0.9798,0.0005,0.0002
2026-08-26T16:55:51.940+02:00,1000,1024,1024,1056,12,45,0,1308,0,485,0,0.1659,0.0389,0.054,0.3149,0.1123,0.5371,1.684,2.609,13.976,49.72,447.45,447.44,0.2265,0.3202,0.5679,447.45,397.74,397.73,0.1485,0.0975,0.1345,497.21,497.31,452.64,0.0528,0.078,0.101,16000,1024,1544.1,0.005,0.9938,0.0007,0.0006
2026-08-26T16:56:21.939+02:00,1000,1024,1024,1056,12,45,1,1309,1,486,0,0.163,0.0362,0.0566,0.3089,0.2299,0.5827,1.672,4.826,21.908,49.68,447.25,447.25,0.2276,0.3523,0.5813,447.26,451.66,451.66,0.1586,0.1183,0.1798,496.99,397.59,397.57,0.0542,0.0957,0.146,16000,1024,1801.89,0.0048,0.9945,0.0005,0.0002
2026-08-26T16:56:51.939+02:00,1000,1024,1024,1056,12,45,1,1310,0,486,0,0.1637,0.041,0.0642,0.4075,0.2652,0.5922,1.691,7.887,14.949,49.7,447.33,447.34,0.2259,0.3231,0.5683,447.32,397.58,397.63,0.1471,0.1007,0.1348,496.96,451.66,451.66,0.049,0.0907,0.1294,16000,1024,1696.52,0.0089,0.9904,0.0005,0.0003
2026-08-26T16:57:21.939+02:00,1000,1024,1024,1056,12,45,0,1310,0,486,0,0.1646,0.0373,0.0565,0.3115,0.2402,0.7032,1.697,4.789,35.412,49.7,447.31,447.31,0.2269,0.3338,0.5831,447.3,397.56,397.6,0.1481,0.1049,0.145,499.3,451.66,452.64,0.0587,0.0992,0.1291,16000,1024,1492.71,0.0132,0.9861,0.0005,0.0002
2026-08-26T16:57:51.941+02:00,1000,1024,1024,1056,12,45,0,1310,0,486,0,0.1635,0.0367,0.0543,0.299,0.3039,0.6045,1.641,7.864,20.635,49.67,447.07,447.06,0.2296,0.3397,0.6079,447.07,397.4,397.41,0.1608,0.0932,0.1525,499.33,452.92,452.64,0.0637,0.081,0.1383,16000,1024,1841.52,0.0166,0.9827,0.0005,0.0002
2026-08-26T16:58:21.944+02:00,1000,1024,1024,1056,12,45,0,1310,0,486,0,0.1622,0.0405,0.0541,0.313,0.3737,0.4913,1.717,11.35,11.288,49.7,447.51,447.54,0.2241,0.3275,0.5919,447.5,397.7,397.79,0.1602,0.103,0.158,498.97,499.17,452.64,0.0602,0.0791,0.1023,16000,1024,1600.28,0.0156,0.9834,0.0007,0.0004
2026-08-26T16:58:51.941+02:00,1000,1024,1024,1056,12,45,0,1310,0,486,0,0.1615,0.039,0.0638,0.3179,0.4401,0.8513,1.643,27.013,46.903,49.78,448.07,448.06,0.2241,0.4499,0.8312,448.07,398.29,398.3,0.2147,0.1311,0.1912,497.83,497.89,497.74,0.0738,0.11,0.0558,16000,1024,1671.11,0.0208,0.9781,0.0008,0.0003
2026-08-26T16:59:21.941+02:00,1000,1024,1024,1056,12,45,0,1310,0,486,0,0.1625,0.038,0.0611,0.3354,0.2776,0.7727,1.664,5.75,33.554,49.79,448.01,447.99,0.2246,0.4255,0.8246,448.0,398.22,398.21,0.2124,0.1299,0.1982,497.72,497.73,49.72,0.0767,0.1096,0.0522,16000,1024,1454.48,0.0297,0.9688,0.0008,0.0006
2026-08-26T16:59:51.957+02:00,1000,1024,1024,1056,12,45,2,1312,1,487,0,0.1586,0.0455,0.0762,0.3116,0.4106,0.8816,1.669,20.936,46.738,49.74,448.02,448.0,0.2138,0.4327,0.8128,447.99,398.22,398.22,0.2021,0.1279,0.1774,497.74,497.81,497.99,0.0703,0.1096,0.0523,16000,1024,1639.69,0.01,0.9892,0.0005,0.0003
2026-08-26T17:00:21.942+02:00,1000,1024,1024,1056,12,45,0,1312,0,487,0,0.1628,0.0443,0.1387,0.3265,0.5591,2.5436,1.697,36.337,222.623,49.76,447.99,447.97,0.2237,0.3963,0.739,448.02,398.09,398.16,0.1891,0.1184,0.1468,497.76,497.82,442.11,0.0608,0.0951,0.0523,16000,1024,1793.78,0.0049,0.9943,0.0004,0.0003
2026-08-26T17:00:51.942+02:00,1000,1024,1024,1056,12,45,1,1313,0,487,0,0.163,0.044,0.064,0.3136,0.4936,0.7078,1.658,24.079,24.821,49.73,447.73,447.76,0.2144,0.3627,0.6597,447.74,398.03,398.01,0.172,0.1033,0.1546,497.64,497.56,455.06,0.0662,0.0867,0.0681,16000,1024,1447.83,0.0099,0.9882,0.0009,0.001
2026-08-26T17:01:21.942+02:00,1000,1024,1024,1056,12,45,0,1313,0,487,0,0.161,0.0364,0.0521,0.2878,0.1923,0.5147,1.636,4.126,19.343,49.72,447.6,447.56,0.2227,0.3465,0.6336,447.53,397.79,397.76,0.1598,0.1032,0.1523,497.15,499.19,452.64,0.0498,0.088,0.0992,16000,1024,1818.73,0.0479,0.9514,0.0004,0.0003
2026-08-26T17:01:51.942+02:00,1000,1024,1024,1056,12,45,1,1314,1,488,0,0.1646,0.0428,0.0703,0.3045,0.2865,0.7448,1.719,7.582,29.596,49.66,447.16,447.14,0.2255,0.3042,0.571,447.16,397.3,397.42,0.1444,0.1007,0.1443,499.05,498.94,452.64,0.0567,0.0812,0.0898,16000,1024,1630.24,0.0134,0.9857,0.0004,0.0004
2026-08-26T17:02:21.941+02:00,1000,1024,1024,1056,12,46,0,1314,0,488,0,0.1638,0.0417,0.0665,0.3033,0.415,0.8128,1.644,19.963,39.862,49.76,448.04,448.03,0.2297,0.4375,0.79,448.03,398.21,398.25,0.1977,0.1154,0.1621,497.75,497.8,442.87,0.0633,0.0895,0.0488,16000,1024,1543.87,0.0047,0.9943,0.0005,0.0006
2026-08-26T17:02:51.941+02:00,1000,1024,1024,1056,12,46,0,1314,0,488,0,0.1646,0.0423,0.064,0.3096,0.3919,1.0269,1.683,11.509,88.786,49.74,447.85,447.86,0.2244,0.3932,0.7265,447.86,398.15,398.13,0.1886,0.1097,0.1692,497.89,497.7,442.87,0.0685,0.0989,0.0559,16000,1024,1646.16,0.0033,0.9962,0.0004,0.0002
2026-08-26T17:03:21.942+02:00,1000,1024,1024,1056,12,46,1,1315,1,489,0,0.1636,0.0433,0.065,0.3033,0.3884,0.6892,1.643,22.589,29.484,49.77,448.12,448.14,0.2251,0.4245,0.7608,448.17,398.27,398.2,0.1941,0.1195,0.1709,498.48,498.23,442.87,0.0579,0.0944,0.057,16000,1024,1823.04,0.0088,0.9905,0.0005,0.0002
2026-08-26T17:03:51.945+02:00,1000,1024,1024,1056,12,46,0,1315,0,489,0,0.1656,0.0407,0.0516,0.3145,0.4357,0.5685,1.723,17.588,18.95,49.72,447.62,447.64,0.2298,0.367,0.6521,447.61,397.8,397.81,0.1706,0.1011,0.1577,497.52,497.17,452.64,0.059,0.0811,0.1105,16000,1024,1831.58,0.0044,0.995,0.0005,0.0002
2026-08-26T17:04:21.943+02:00,1000,1024,1024,1056,12,46,0,1315,0,489,0,0.1645,0.0466,0.0725,0.4118,0.4724,0.8303,1.662,22.818,41.749,49.68,447.36,447.35,0.2278,0.3668,0.6623,447.37,397.52,397.72,0.1736,0.0971,0.1416,499.42,499.19,452.64,0.0599,0.0844,0.1051,16000,1024,1942.96,0.0097,0.9897,0.0004,0.0001
2026-08-26T17:04:51.943+02:00,1000,1024,1024,1056,12,46,1,1316,1,490,0,0.1672,0.0488,0.0678,0.3756,0.4037,0.6348,1.719,17.026,24.84,49.66,447.1,447.1,0.2314,0.3752,0.677,447.08,451.66,397.44,0.1776,0.107,0.1622,499.49,397.44,451.66,0.0731,0.0911,0.1665,16000,1024,1720.77,0.0063,0.993,0.0005,0.0002
2026-08-26T17:05:21.949+02:00,1000,1024,1029,1062,12,46,27,1343,9,499,0,0.1708,0.0929,0.1656,0.4296,0.4246,0.6109,1.86,5.288,4.903,49.72,447.0,447.0,0.1439,0.2331,0.4576,446.93,442.12,441.99,0.1246,0.0957,0.1716,17.81,451.66,454.7,0.0643,0.0933,0.1663,16000,1024,1781.62,0.0083,0.991,0.0005,0.0002
2026-08-26T17:05:51.959+02:00,1000,1024,1032,1064,12,46,2,1345,0,499,0,0.1634,0.0485,0.0723,0.3709,0.3829,0.5244,1.674,12.904,13.753,49.74,448.29,448.18,0.2272,0.3964,0.6736,448.19,398.21,398.48,0.1841,0.1003,0.1534,497.74,498.3,453.61,0.0616,0.0936,0.0932,16000,1024,1874.57,0.007,0.9923,0.0004,0.0003
2026-08-26T17:06:21.944+02:00,1000,1024,1024,1056,12,46,25,1370,13,512,0,0.1651,0.0928,0.1603,0.4128,0.5515,0.8921,1.891,8.644,8.303,49.78,447.73,447.72,0.1796,0.2813,0.505,448.8,441.24,455.76,0.1266,0.0893,0.1669,40.72,455.78,441.14,0.0471,0.083,0.1525,16000,1024,1826.41,0.0076,0.9918,0.0004,0.0002
2026-08-26T17:06:51.943+02:00,1000,1024,1024,1056,12,47,1,1371,0,512,0,0.1668,0.0508,0.0755,0.4063,0.3497,0.5606,1.721,15.142,18.899,448.3,448.3,448.3,0.2561,0.5757,0.9452,49.79,398.44,398.45,0.2259,0.1178,0.181,498.11,498.08,437.86,0.0749,0.0991,0.0656,16000,1024,1978.09,0.0049,0.994,0.0008,0.0003
2026-08-26T17:07:21.943+02:00,1000,1024,1024,1056,12,47,1,1372,0,512,0,0.1665,0.0451,0.0703,0.352,0.4027,0.7049,1.677,19.226,40.666,448.31,448.32,448.31,0.2618,0.5957,0.9564,49.8,398.49,398.51,0.2297,0.1245,0.2007,498.12,498.13,498.06,0.0755,0.1045,0.0469,16000,1024,1942.59,0.009,0.9903,0.0005,0.0002
2026-08-26T17:07:51.944+02:00,1000,1024,1024,1056,12,47,0,1372,0,512,0,0.1671,0.0389,0.051,0.3363,0.236,0.4633,1.68,5.247,16.69,448.26,448.27,448.26,0.2537,0.5434,0.9306,49.81,398.46,398.44,0.2292,0.1188,0.1933,498.2,498.13,498.43,0.0738,0.1046,0.0525,16000,1024,1853.16,0.0051,0.9944,0.0003,0.0002
2026-08-26T17:08:21.943+02:00,1000,1024,1024,1056,12,47,1,1373,1,513,0,0.1687,0.0515,0.0806,0.4151,0.5899,1.2074,1.708,51.521,88.589,49.74,447.94,447.87,0.2306,0.4025,0.6589,447.84,398.01,398.23,0.1893,0.0842,0.1408,497.3,498.55,452.64,0.0525,0.0858,0.0965,16000,1024,1927.63,0.0052,0.9942,0.0004,0.0002
2026-08-26T17:08:51.945+02:00,1000,1024,1024,1056,12,47,1,1374,0,513,0,0.1722,0.0506,0.0607,0.396,0.7702,0.6601,1.698,73.359,25.421,49.69,447.42,447.41,0.2381,0.3916,0.7047,447.38,397.67,397.57,0.1962,0.1012,0.1556,496.97,499.51,452.64,0.0633,0.1083,0.135,16000,1024,1909.12,0.0109,0.988,0.0008,0.0003
2026-08-26T17:09:21.944+02:00,1000,1024,1024,1056,12,48,0,1374,0,513,0,0.1671,0.04,0.0613,0.3041,0.328,0.7945,1.671,8.806,42.5,448.03,448.06,448.04,0.2357,0.4849,0.8519,49.76,398.31,398.21,0.2314,0.109,0.1782,497.71,497.86,442.87,0.0705,0.0855,0.06,16000,1024,1825.79,0.0267,0.9725,0.0005,0.0002
2026-08-26T17:09:51.945+02:00,1000,1024,1024,1056,12,48,5,1379,2,515,0,0.168,0.0517,0.0722,0.3617,0.4872,0.7935,1.717,26.021,39.372,49.75,448.04,448.04,0.2309,0.4085,0.7268,448.0,398.16,398.34,0.195,0.0897,0.1519,497.84,498.64,442.87,0.0588,0.0767,0.0877,16000,1024,1851.81,0.0041,0.9953,0.0004,0.0002
2026-08-26T17:10:21.945+02:00,1000,1024,1024,1056,12,48,0,1379,0,515,0,0.1702,0.0472,0.0668,0.3755,0.5315,0.8954,1.72,34.153,60.927,49.72,447.67,447.66,0.2353,0.4068,0.7302,447.65,397.84,398.11,0.1955,0.0902,0.1325,497.44,497.28,452.64,0.0586,0.0746,0.118,16000,1024,1809.59,0.0043,0.9945,0.001,0.0002
2026-08-26T17:10:51.945+02:00,1000,1024,1024,1056,12,48,21,1400,12,527,0,0.1723,0.0818,0.1387,0.6996,0.7134,0.9405,2.109,14.951,11.089,49.67,447.15,447.16,0.1864,0.2966,0.5477,447.15,397.5,453.0,0.1525,0.0776,0.1359,496.94,496.66,397.32,0.0592,0.0785,0.1223,16000,1024,1900.98,0.0084,0.9907,0.0006,0.0003
2026-08-26T17:11:21.945+02:00,1000,1024,1024,1056,12,48,0,1400,0,527,0,0.1657,0.0399,0.0652,0.3151,0.2481,0.6801,1.68,6.361,33.501,49.67,447.27,447.26,0.2291,0.3686,0.6618,447.26,397.56,452.64,0.1743,0.088,0.1198,498.87,496.93,397.65,0.0472,0.0798,0.1296,16000,1024,1757.33,0.007,0.9922,0.0004,0.0004
2026-08-26T17:11:51.945+02:00,1000,1024,1024,1056,12,48,0,1400,0,527,0,0.1667,0.0364,0.0632,0.3112,0.2557,0.9859,1.627,6.283,79.154,49.73,448.04,447.99,0.2305,0.4235,0.7759,447.98,398.12,398.17,0.2005,0.1036,0.1576,497.48,497.78,453.61,0.0618,0.0964,0.0675,16000,1024,1909.29,0.003,0.9963,0.0004,0.0002
2026-08-26T17:12:21.945+02:00,1000,1024,1024,1056,12,48,1,1401,0,527,0,0.1649,0.0402,0.0661,0.3426,0.3227,0.7578,1.679,12.557,40.77,49.75,447.94,447.92,0.2196,0.4133,0.7889,447.97,398.16,398.24,0.2083,0.1001,0.147,497.69,497.84,454.0,0.0695,0.0965,0.081,16000,1024,1751.79,0.0056,0.9937,0.0004,0.0002
2026-08-26T17:12:51.950+02:00,1000,1024,1024,1056,12,48,1,1402,1,528,0,0.1624,0.0331,0.0512,0.3074,0.1242,0.2922,1.649,2.999,4.248,447.88,447.88,447.87,0.2476,0.517,1.0076,49.76,398.11,398.11,0.225,0.1219,0.1868,497.63,497.66,49.65,0.083,0.1113,0.0482,16000,1024,1729.58,0.0423,0.9569,0.0005,0.0003
2026-08-26T17:13:21.944+02:00,1000,1024,1024,1056,12,48,0,1402,0,528,0,0.1651,0.0334,0.0584,0.3267,0.1471,0.7836,1.652,3.018,44.148,49.75,447.87,447.87,0.2304,0.5017,0.9969,447.87,398.11,398.1,0.2429,0.1253,0.1942,497.65,497.67,49.7,0.0817,0.1129,0.0466,16000,1024,1838.53,0.0099,0.9894,0.0004,0.0002
2026-08-26T17:13:51.945+02:00,1000,1024,1024,1056,12,48,0,1402,0,528,0,0.1661,0.0381,0.0511,0.3225,0.2699,0.3075,1.687,6.997,4.552,49.76,447.83,447.83,0.2283,0.484,0.9818,447.82,398.05,398.09,0.2394,0.1308,0.1997,497.58,497.61,49.7,0.0833,0.1194,0.0489,16000,1024,1760.42,0.0542,0.9452,0.0004,0.0002
2026-08-26T17:14:21.945+02:00,1000,1024,1024,1056,12,48,0,1402,0,528,0,0.1669,0.0392,0.0644,0.3205,0.2693,0.7172,1.711,9.95,32.75,49.74,447.8,447.79,0.23,0.5222,1.0162,447.78,398.03,398.01,0.2547,0.1322,0.2005,497.56,497.58,49.76,0.084,0.1167,0.0462,16000,1024,1590.99,0.0064,0.9929,0.0005,0.0002
2026-08-26T17:14:51.945+02:00,1000,1024,1024,1056,12,48,0,1402,0,528,0,0.1642,0.0404,0.0586,0.3158,0.3989,0.6613,1.686,14.964,22.377,49.76,447.92,447.91,0.2266,0.483,0.9836,447.91,398.14,398.13,0.2296,0.1272,0.1937,497.67,497.67,49.7,0.0813,0.1117,0.0479,16000,1024,1812.2,0.0087,0.9905,0.0006,0.0002
2026-08-26T17:15:21.945+02:00,1000,1024,1024,1056,12,48,0,1402,0,528,0,0.1662,0.0378,0.0709,0.3508,0.2412,0.8534,1.704,5.168,47.968,49.77,447.93,447.92,0.2298,0.4523,0.9575,447.92,398.15,398.13,0.2249,0.1346,0.2022,497.66,497.69,49.73,0.0815,0.1144,0.0468,16000,1024,1703.12,0.0099,0.9891,0.0006,0.0004
2026-08-26T17:15:51.946+02:00,1000,1024,1024,1056,12,48,0,1402,0,528,0,0.1644,0.0447,0.0605,0.5528,0.5192,0.7501,1.923,42.651,52.446,49.76,447.94,447.92,0.2224,0.3909,0.745,447.92,398.14,398.16,0.189,0.122,0.173,497.67,497.69,497.73,0.0665,0.1067,0.0489,16000,1024,1758.1,0.0284,0.9707,0.0007,0.0002
2026-08-26T17:16:21.946+02:00,1000,1024,1024,1056,12,48,2,1404,1,529,0,0.1646,0.044,0.0596,0.3192,0.2948,0.5532,1.747,7.045,15.349,49.76,447.85,447.86,0.2241,0.3927,0.7372,447.84,398.05,398.08,0.1853,0.1162,0.1668,497.56,497.56,497.53,0.0635,0.1056,0.0493,16000,1024,1677.17,0.0216,0.9775,0.0006,0.0003
2026-08-26T17:17:21.947+02:00,1000,1024,1024,1056,13,50,1,1415,1,536,0,0.1646,0.0445,0.0692,0.4896,0.5097,0.6839,1.794,35.981,27.438,49.68,447.54,447.57,0.2245,0.3047,0.5955,447.55,397.71,397.72,0.1465,0.1058,0.151,497.27,497.38,452.64,0.0512,0.0858,0.0748,16000,1024,1578.83,0.0279,0.9709,0.0006,0.0006
2026-08-26T17:17:51.952+02:00,1000,1024,1024,1056,13,50,0,1415,0,536,0,0.1625,0.0383,0.059,0.4561,0.1878,0.6186,1.781,3.758,24.736,49.73,447.8,447.81,0.2269,0.3602,0.7095,447.81,398.02,398.01,0.1747,0.1207,0.1674,497.6,497.67,497.7,0.0709,0.107,0.0547,16000,1024,1585.21,0.0036,0.9956,0.0005,0.0003
2026-08-26T17:18:21.947+02:00,1000,1024,1024,1056,13,50,0,1415,0,536,0,0.1634,0.0399,0.0572,0.3399,0.303,0.5103,1.725,9.524,11.624,49.76,447.95,447.93,0.2247,0.3956,0.7768,447.94,398.17,398.15,0.1906,0.1248,0.1831,497.7,497.68,497.65,0.07,0.1089,0.0493,16000,1024,1707.32,0.0044,0.9948,0.0005,0.0003
2026-08-26T17:19:21.946+02:00,1000,1024,1024,1056,14,50,0,1416,0,536,0,0.1655,0.0447,0.064,0.352,0.4384,0.5608,1.721,23.249,19.927,49.77,448.01,447.99,0.2249,0.4077,0.7917,448.01,398.23,398.21,0.2004,0.1279,0.199,497.76,497.77,497.8,0.0784,0.1132,0.0506,16000,1024,1658.88,0.004,0.9946,0.0011,0.0004
2026-08-26T17:19:51.948+02:00,1000,1024,1024,1056,14,50,0,1416,0,536,0,0.1642,0.0376,0.0578,0.3076,0.2103,0.5747,1.682,4.026,20.996,49.68,447.51,447.45,0.2277,0.2936,0.5644,447.44,397.69,397.67,0.1421,0.0955,0.1394,497.04,498.94,452.64,0.0489,0.0801,0.0783,16000,1024,1750.97,0.03,0.9692,0.0005,0.0002
2026-08-26T17:20:21.948+02:00,1000,1024,1024,1056,14,50,0,1416,0,536,0,0.1611,0.0404,0.0578,0.2977,0.4281,0.714,1.683,18.052,32.939,49.64,446.94,446.93,0.2245,0.3106,0.5811,446.94,397.21,451.66,0.1424,0.1063,0.1478,499.27,452.95,397.23,0.0492,0.0739,0.1391,16000,1024,2457.82,0.2845,0.7143,0.0009,0.0004
2026-08-26T17:20:51.948+02:00,1000,1024,1024,1056,14,50,0,1416,0,536,0,0.164,0.0459,0.0671,0.3539,0.4626,0.8246,1.712,26.453,47.858,49.72,447.84,447.85,0.2259,0.3244,0.6098,447.82,397.94,397.91,0.1527,0.1061,0.159,498.2,497.34,442.87,0.0496,0.0822,0.0588,16000,1024,1663.55,0.0152,0.9838,0.0007,0.0003
2026-08-26T17:21:21.947+02:00,1000,1024,1024,1056,14,50,2,1418,0,536,0,0.1662,0.0428,0.0666,0.3489,0.435,0.8225,1.736,16.256,38.897,49.8,448.26,448.24,0.2295,0.447,0.8019,448.25,398.43,398.44,0.2036,0.1276,0.1821,498.02,498.07,49.92,0.071,0.1075,0.0506,16000,1024,1721.11,0.0079,0.9914,0.0005,0.0003
2026-08-26T17:21:51.950+02:00,1000,1024,1024,1056,14,50,12,1430,8,544,0,0.1663,0.0642,0.1543,0.4133,0.6399,2.517,1.84,24.166,140.642,49.83,447.99,448.02,0.2137,0.3978,0.7254,448.01,398.22,398.19,0.1843,0.1244,0.1425,497.76,497.75,498.12,0.0618,0.0939,0.0573,16000,1024,1549.38,0.0138,0.9853,0.0005,0.0004
2026-08-26T17:22:21.951+02:00,1000,1024,1024,1056,14,50,0,1430,0,544,0,0.1668,0.042,0.0602,0.378,0.2321,0.5889,1.714,5.535,23.735,49.83,448.36,448.35,0.2296,0.481,0.823,448.37,398.55,398.54,0.2119,0.1297,0.1839,498.21,498.16,498.29,0.0717,0.1076,0.0564,16000,1024,1578.71,0.0065,0.9923,0.0008,0.0003
2026-08-26T17:22:51.949+02:00,1000,1024,1024,1056,14,50,0,1430,0,544,0,0.1632,0.0395,0.0549,0.3201,0.2456,0.3644,1.681,4.102,6.222,49.79,448.32,448.29,0.2247,0.4196,0.73,448.33,398.48,398.44,0.1866,0.1185,0.1666,498.41,498.33,498.52,0.059,0.1013,0.0534,16000,1024,1652.76,0.0327,0.9666,0.0004,0.0003
2026-08-26T17:23:21.949+02:00,1000,1024,1024,1056,14,50,0,1430,0,544,0,0.1649,0.0481,0.071,0.3632,0.5256,0.8395,1.74,33.352,44.707,49.8,448.34,448.38,0.2272,0.4189,0.6993,448.37,398.51,398.45,0.1815,0.1121,0.165,498.35,498.21,452.64,0.0643,0.1016,0.0629,16000,1024,1753.59,0.0043,0.9947,0.0007,0.0003
2026-08-26T17:23:51.949+02:00,1000,1024,1024,1056,14,52,0,1430,0,544,0,0.162,0.0381,0.0508,0.3188,0.2989,0.3996,1.713,6.798,6.661,49.81,448.47,448.45,0.2263,0.4791,0.7809,448.46,398.59,398.58,0.2023,0.1204,0.1674,498.47,498.38,498.27,0.0601,0.1092,0.0444,16000,1024,1701.14,0.0152,0.9831,0.0013,0.0003
2026-08-26T17:24:21.949+02:00,1000,1024,1024,1056,14,52,2,1432,2,546,0,0.1662,0.0478,0.0633,0.3138,0.5261,0.5931,1.691,36.733,22.303,49.79,448.06,448.07,0.2286,0.451,0.8299,448.05,398.31,398.29,0.2045,0.1261,0.1835,497.94,497.87,497.94,0.0675,0.1082,0.0548,16000,1024,1527.1,0.0072,0.9911,0.0011,0.0006
2026-08-26T17:24:51.950+02:00,1000,1024,1024,1056,14,52,0,1432,0,546,0,0.1607,0.0493,0.0598,0.314,0.6333,0.5779,1.715,62.579,22.041,49.78,448.11,448.1,0.2235,0.5169,0.8439,448.11,398.34,398.33,0.2172,0.1273,0.1878,497.97,497.93,498.09,0.0694,0.1055,0.048,16000,1024,1688.8,0.012,0.9871,0.0006,0.0002
2026-08-26T17:25:51.948+02:00,1000,1024,1024,1056,15,52,0,1447,0,555,0,0.165,0.037,0.0511,0.3431,0.1695,0.3118,1.726,3.118,4.297,448.06,448.06,448.05,0.2389,0.4893,0.8441,49.78,398.27,398.28,0.2262,0.1279,0.1975,497.82,497.87,497.98,0.0772,0.1098,0.05,16000,1024,1609.13,0.0075,0.9901,0.0018,0.0006
2026-08-26T17:26:21.950+02:00,1000,1024,1024,1056,15,52,0,1447,0,555,0,0.1663,0.0343,0.0531,0.3056,0.2176,0.3789,1.66,4.215,6.541,448.15,448.14,448.15,0.2529,0.4925,0.8509,49.78,398.35,398.33,0.2347,0.1216,0.2083,497.93,497.96,49.77,0.0769,0.1111,0.0462,16000,1024,1772.6,0.0093,0.9899,0.0006,0.0002
2026-08-26T17:26:51.948+02:00,1000,1024,1024,1056,15,52,1,1448,0,555,0,0.1645,0.0368,0.0585,0.3153,0.2762,0.6415,1.661,9.22,24.702,49.74,447.85,447.83,0.2295,0.4292,0.7811,447.82,398.12,398.09,0.2286,0.1111,0.189,497.61,497.55,49.74,0.0808,0.1067,0.0472,16000,1024,1652.01,0.0063,0.993,0.0005,0.0002
2026-08-26T17:27:21.949+02:00,1000,1024,1024,1056,15,52,0,1448,0,555,0,0.1676,0.0479,0.0635,0.2961,0.5972,0.7914,1.606,52.806,39.904,49.72,447.72,447.74,0.2331,0.4156,0.7441,447.72,497.42,397.9,0.2152,0.0959,0.1739,497.63,397.92,452.64,0.0724,0.1005,0.0755,16000,1024,1813.52,0.0263,0.973,0.0005,0.0002
2026-08-26T17:27:51.956+02:00,1000,1024,1024,1056,15,52,0,1448,0,555,0,0.1672,0.0371,0.0574,0.315,0.3839,0.5919,1.692,21.361,25.614,49.71,447.64,447.62,0.2326,0.3961,0.6729,447.62,498.1,397.92,0.2032,0.0942,0.1642,498.76,397.86,452.64,0.0651,0.0897,0.0881,16000,1024,2219.86,0.1307,0.8649,0.0037,0.0007
2026-08-26T17:28:21.950+02:00,1000,1024,1024,1056,15,52,0,1448,0,555,0,0.1703,0.0395,0.0589,0.3238,0.281,0.7337,1.695,8.806,34.96,49.65,447.08,447.13,0.2355,0.3551,0.6078,447.11,397.29,397.36,0.1819,0.0941,0.1534,498.78,496.89,452.64,0.0581,0.0844,0.1185,16000,1024,1616.27,0.0125,0.9869,0.0004,0.0002
2026-08-26T17:29:21.951+02:00,1000,1024,1024,1056,16,52,0,1456,0,559,0,0.1698,0.0422,0.0627,0.4944,0.2984,0.5687,1.745,10.881,22.217,49.74,447.75,447.75,0.2329,0.4555,0.834,447.75,398.0,398.0,0.2383,0.1101,0.1856,497.55,497.51,452.64,0.0778,0.1044,0.0476,16000,1024,1657.78,0.0156,0.9829,0.0011,0.0004
2026-08-26T17:29:51.950+02:00,1000,1024,1024,1056,16,52,1,1457,1,560,0,0.1701,0.0396,0.0576,0.3103,0.2342,0.4283,1.681,4.871,14.364,49.68,447.42,447.39,0.2336,0.3585,0.6602,447.36,397.67,397.56,0.1909,0.0946,0.1611,496.88,498.78,452.64,0.0546,0.086,0.102,16000,1024,1693.45,0.0055,0.9936,0.0005,0.0003
2026-08-26T17:30:21.954+02:00,1000,1024,1024,1056,16,52,0,1457,0,560,0,0.1675,0.0404,0.0633,0.3232,0.3389,0.7916,1.656,8.232,40.813,49.67,447.4,447.47,0.2324,0.3557,0.6553,447.46,397.67,397.53,0.1738,0.1001,0.1588,497.82,497.28,452.64,0.0623,0.0805,0.0905,16000,1024,1700.13,0.0065,0.9928,0.0004,0.0003
2026-08-26T17:30:51.950+02:00,1000,1024,1024,1056,16,52,0,1457,0,560,0,0.1675,0.0377,0.0615,0.3932,0.4061,0.909,1.659,18.867,61.059,49.69,447.43,447.47,0.2303,0.3525,0.6525,447.41,397.59,397.56,0.1888,0.097,0.1641,497.17,451.66,452.64,0.0578,0.0866,0.1071,16000,1024,1736.06,0.0189,0.9801,0.0004,0.0006
2026-08-26T17:31:51.951+02:00,1000,1024,1024,1056,17,52,0,1470,0,563,0,0.1682,0.0366,0.0622,0.2999,0.277,0.8957,1.667,6.888,60.02,49.74,447.83,447.83,0.2318,0.4977,0.9393,447.82,398.07,398.06,0.2585,0.1177,0.193,497.6,497.59,49.82,0.0859,0.1089,0.0427,16000,1024,1860.1,0.0092,0.9899,0.0005,0.0004
2026-08-26T17:32:21.950+02:00,1000,1024,1024,1056,17,52,2,1472,0,563,0,0.1686,0.043,0.0685,0.3199,0.3899,0.5231,1.642,13.255,19.14,49.74,447.71,447.71,0.2322,0.4738,0.8974,447.71,497.45,397.97,0.2486,0.1137,0.1858,497.49,397.9,497.44,0.0785,0.1171,0.0526,16000,1024,1849.41,0.0209,0.9783,0.0004,0.0005
2026-08-26T17:33:21.951+02:00,1000,1024,1024,1056,18,53,0,1490,0,580,0,0.1702,0.0425,0.0601,0.3376,0.4801,0.5904,1.679,25.114,28.104,49.63,446.72,446.7,0.2372,0.3177,0.6123,446.72,451.66,451.66,0.1737,0.0826,0.1485,496.26,397.15,397.22,0.0559,0.0838,0.1265,16000,1024,1604.79,0.0057,0.9934,0.0005,0.0004
2026-08-26T17:33:51.952+02:00,1000,1024,1024,1056,18,54,1,1491,0,580,0,0.1728,0.0406,0.068,0.3625,0.2508,0.8795,1.711,6.316,41.781,49.72,447.78,447.8,0.2275,0.4398,0.8196,447.79,497.52,398.04,0.2449,0.1036,0.1695,497.71,398.04,453.84,0.0716,0.0979,0.0759,16000,1024,2436.71,0.1917,0.8071,0.0009,0.0003
2026-08-26T17:34:21.954+02:00,1000,1024,1024,1056,18,54,1,1492,0,580,0,0.1727,0.0389,0.0602,0.3328,0.2561,0.5863,1.663,5.859,21.361,49.64,446.89,449.22,0.2395,0.3267,0.578,449.22,498.95,443.85,0.173,0.0938,0.1397,499.03,397.13,397.16,0.0549,0.0909,0.1564,16000,1024,1714.1,0.021,0.9781,0.0006,0.0003
2026-08-26T17:34:51.952+02:00,1000,1024,1024,1056,18,54,0,1492,0,580,0,0.1707,0.0384,0.0647,0.3264,0.169,0.9101,1.674,3.166,52.899,49.65,447.17,447.12,0.2342,0.3167,0.6126,447.13,451.66,397.39,0.1866,0.0907,0.1361,99.5,397.46,452.64,0.0536,0.0751,0.1128,16000,1024,1677.37,0.0069,0.9913,0.0015,0.0003
2026-08-26T17:35:21.957+02:00,1000,1024,1024,1056,18,55,0,1492,0,580,0,0.1724,0.0387,0.0559,0.3466,0.2944,0.6015,1.686,6.381,17.791,49.65,446.97,446.96,0.2377,0.3684,0.7219,446.97,499.27,397.24,0.2063,0.0942,0.1416,496.64,397.2,452.64,0.0751,0.0884,0.1238,16000,1024,1791.03,0.0058,0.9933,0.0007,0.0002
2026-08-26T17:35:51.953+02:00,1000,1024,1024,1056,18,55,0,1492,0,580,0,0.1727,0.0388,0.0486,0.3326,0.1955,0.1625,1.69,3.231,2.68,49.69,447.28,447.29,0.2391,0.3811,0.679,447.27,496.83,452.64,0.216,0.086,0.1387,499.3,397.5,397.49,0.0667,0.0799,0.1474,16000,1024,1744.58,0.0051,0.9943,0.0003,0.0002
2026-08-26T17:36:21.952+02:00,1000,1024,1024,1056,18,55,22,1514,11,591,0,0.1793,0.0726,0.1136,0.6235,0.7418,1.1323,1.991,29.043,29.742,448.21,448.22,448.21,0.2508,0.4544,0.8249,49.79,497.98,398.46,0.2402,0.1047,0.1692,497.98,398.4,443.85,0.0623,0.1045,0.0652,16000,1024,1804.67,0.0136,0.9857,0.0005,0.0002
2026-08-26T17:36:51.952+02:00,1000,1024,1024,1056,18,55,0,1514,0,591,0,0.1723,0.0397,0.0584,0.3342,0.3011,0.5599,1.706,9.492,20.524,448.16,448.15,448.16,0.2723,0.5038,0.9508,49.78,398.36,398.35,0.2386,0.1153,0.1899,497.89,497.97,49.91,0.0767,0.1149,0.0459,16000,1024,1769.03,0.0089,0.9904,0.0005,0.0002
2026-08-26T17:37:51.963+02:00,1000,1024,1024,1056,19,55,0,1515,0,591,0,0.1694,0.0361,0.0604,0.3034,0.2171,0.8752,1.664,4.271,62.123,49.7,447.37,447.36,0.2349,0.3522,0.6695,447.37,397.59,452.64,0.1962,0.093,0.1438,499.33,497.2,397.62,0.0629,0.0871,0.1435,16000,1024,1769.3,0.0099,0.9879,0.0018,0.0005
2026-08-26T17:38:21.954+02:00,1000,1024,1024,1056,19,55,0,1515,0,591,0,0.171,0.04,0.0531,0.3887,0.4047,0.4789,1.656,16.09,9.563,49.66,447.07,447.09,0.2408,0.3522,0.6955,447.09,499.47,451.66,0.2043,0.1256,0.18,451.66,397.39,397.45,0.0624,0.1001,0.1437,16000,1024,1869.75,0.0092,0.9901,0.0005,0.0002
2026-08-26T17:38:51.954+02:00,1000,1024,1024,1056,19,55,14,1529,8,599,0,0.1698,0.0648,0.2033,0.4251,0.5063,2.7345,1.839,14.866,95.335,49.78,448.17,448.2,0.2123,0.3366,0.652,448.16,398.32,398.42,0.1918,0.085,0.1302,498.08,497.99,442.18,0.0682,0.0773,0.1203,16000,1024,1640.01,0.0079,0.9912,0.0005,0.0004
2026-08-26T17:39:21.954+02:00,1000,1024,1024,1056,19,55,0,1529,0,599,0,0.1658,0.0383,0.0481,0.3238,0.2821,0.2916,1.703,7.004,3.68,49.8,448.02,448.05,0.2299,0.4455,0.7788,448.03,398.24,398.26,0.2237,0.121,0.1861,497.84,497.87,497.89,0.0773,0.1149,0.0508,16000,1024,1454.56,0.0069,0.9921,0.0008,0.0003
2026-08-26T17:39:51.954+02:00,1000,1024,1024,1056,19,55,1,1530,1,600,0,0.1662,0.0434,0.0579,0.3206,0.5599,0.7489,1.724,39.998,36.751,49.75,448.05,448.03,0.2309,0.3984,0.7035,448.04,398.25,398.27,0.2024,0.111,0.1744,497.93,497.78,497.92,0.075,0.11,0.0493,16000,1024,2258.29,0.3132,0.6842,0.002,0.0007
2026-08-26T17:40:21.961+02:00,1000,1024,1024,1056,19,55,7,1537,3,603,0,0.1637,0.0557,0.0848,0.4469,0.4404,0.647,1.83,11.057,16.81,49.69,448.03,448.04,0.1884,0.2878,0.5061,448.04,398.16,398.16,0.1434,0.0929,0.1315,497.79,453.22,441.64,0.0518,0.0709,0.1101,16000,1024,2261.12,0.1903,0.8088,0.0006,0.0003
2026-08-26T17:40:51.954+02:00,1000,1024,1024,1056,19,55,0,1537,0,603,0,0.1625,0.0414,0.0555,0.35,0.2781,0.3853,1.764,8.6,10.801,49.73,447.87,447.91,0.2236,0.3436,0.6264,447.91,398.14,398.15,0.1712,0.1023,0.1558,497.82,498.07,442.87,0.0587,0.0848,0.0577,16000,1024,1598.73,0.0463,0.9529,0.0005,0.0003
2026-08-26T17:41:21.954+02:00,1000,1024,1024,1056,19,55,2,1539,1,604,0,0.1636,0.0428,0.0664,0.3229,0.2144,0.6961,1.717,5.422,21.257,49.69,447.55,447.55,0.2202,0.3073,0.5622,447.54,498.7,397.66,0.1592,0.0902,0.1522,499.16,397.86,452.64,0.0536,0.0945,0.102,16000,1024,1548.66,0.0175,0.9813,0.0006,0.0006
2026-08-26T17:41:51.954+02:00,1000,1024,1024,1056,19,55,2,1541,0,604,0,0.1654,0.0421,0.0655,0.3078,0.3289,0.6693,1.72,11.535,22.712,49.67,446.92,446.92,0.2232,0.3522,0.6492,446.92,397.27,397.3,0.1833,0.0974,0.1488,496.76,496.69,452.64,0.0552,0.091,0.1206,16000,1024,1506.37,0.0093,0.9887,0.0017,0.0004
2026-08-26T17:42:21.953+02:00,1000,1024,1024,1056,19,55,0,1541,0,604,0,0.1655,0.0388,0.0505,0.3257,0.1542,0.3698,1.7,2.728,6.174,49.72,447.54,447.54,0.2282,0.3249,0.5794,447.54,397.85,397.85,0.1597,0.1,0.1394,499.08,497.07,452.64,0.0626,0.0713,0.0889,16000,1024,1658.93,0.0082,0.9909,0.0006,0.0003
2026-08-26T17:42:51.954+02:00,1000,1024,1024,1056,19,55,31,1572,3,607,0,0.1683,0.0594,0.0986,0.5191,0.4821,0.7662,1.838,17.007,21.873,49.73,447.81,447.75,0.2292,0.2955,0.6231,447.73,397.94,397.95,0.1681,0.1112,0.1689,498.57,497.47,451.7,0.0618,0.0845,0.085,16000,1024,1641.77,0.024,0.9744,0.0012,0.0004
2026-08-26T17:43:21.954+02:00,1000,1024,1024,1056,19,55,2,1574,2,609,0,0.1665,0.0455,0.0558,0.3148,0.6314,0.5753,1.701,49.027,16.315,49.79,448.0,447.98,0.2309,0.4179,0.8302,447.99,398.23,398.23,0.2233,0.1229,0.1886,497.74,497.77,497.67,0.0798,0.1102,0.0487,16000,1024,1552.26,0.0058,0.9932,0.0007,0.0003
2026-08-26T17:43:51.954+02:00,1000,1024,1024,1056,19,55,0,1574,0,609,0,0.1693,0.0514,0.0752,0.4077,0.6413,1.1066,1.738,57.605,106.847,448.2,448.21,448.2,0.2439,0.4455,0.8551,49.8,398.42,398.41,0.2318,0.124,0.1991,497.98,497.99,498.23,0.0792,0.1072,0.0483,16000,1024,1729.74,0.0313,0.9675,0.0008,0.0005
2026-08-26T17:44:51.958+02:00,1000,1024,1025,1058,20,55,5,1584,0,613,0,0.1715,0.0534,0.0828,0.4546,0.3257,0.481,1.717,10.789,10.097,49.66,446.99,446.96,0.2164,0.3035,0.6275,446.96,499.33,397.19,0.1726,0.1035,0.1656,496.63,397.26,442.43,0.0561,0.0948,0.1304,16000,1024,1831.35,0.0379,0.9614,0.0004,0.0003
2026-08-26T17:45:21.955+02:00,1000,1024,1024,1056,20,55,0,1584,0,613,0,0.1686,0.0417,0.0661,0.3346,0.4552,1.0133,1.657,24.013,72.797,49.76,448.0,448.02,0.2337,0.4075,0.7964,448.02,398.16,398.22,0.2338,0.111,0.1872,497.73,497.84,49.76,0.0707,0.1057,0.0538,16000,1024,1745.87,0.0155,0.9837,0.0006,0.0003
2026-08-26T17:45:51.956+02:00,1000,1024,1024,1056,20,55,0,1584,0,613,0,0.1706,0.0385,0.0664,0.3677,0.194,0.5826,1.686,3.9,21.375,448.07,448.08,448.05,0.2624,0.4664,0.9145,49.78,398.28,398.29,0.2373,0.1216,0.193,497.83,497.85,49.7,0.0811,0.114,0.0479,16000,1024,1838.91,0.0662,0.9331,0.0005,0.0002
2026-08-26T17:46:21.956+02:00,1000,1024,1024,1056,20,55,0,1584,0,613,0,0.171,0.0404,0.0604,0.3318,0.3111,0.6963,1.743,6.908,26.098,49.74,448.02,448.07,0.2327,0.3762,0.7171,448.06,497.75,398.27,0.2157,0.098,0.1611,498.02,398.27,442.87,0.0697,0.0891,0.0645,16000,1024,1816.69,0.0082,0.991,0.0006,0.0002
2026-08-26T17:46:51.956+02:00,1000,1024,1024,1056,20,55,22,1606,19,632,0,0.1691,0.0642,0.1158,0.4188,0.5131,0.871,1.756,23.055,26.337,49.64,446.87,446.89,0.2336,0.481,0.8014,446.9,397.3,397.29,0.2365,0.0941,0.1629,496.63,451.66,451.66,0.0661,0.0833,0.1426,16000,1024,1718.27,0.0129,0.9852,0.0014,0.0005
2026-08-26T17:47:51.957+02:00,1000,1024,1024,1056,21,55,1,1608,1,634,0,0.1666,0.0414,0.0705,0.4852,0.3339,0.7743,1.712,13.544,48.095,49.71,447.52,447.54,0.232,0.3637,0.6915,447.53,397.9,397.86,0.2068,0.0903,0.1678,497.44,497.18,452.64,0.0634,0.0777,0.1102,16000,1024,1779.97,0.0101,0.9887,0.0009,0.0003
2026-08-26T17:48:21.955+02:00,1000,1024,1024,1056,21,55,0,1608,0,634,0,0.1689,0.0497,0.0796,0.3298,0.6849,1.2166,1.674,58.754,92.682,49.65,447.04,447.03,0.2362,0.3875,0.7281,447.05,451.66,451.66,0.2185,0.1119,0.1711,496.7,397.37,397.35,0.068,0.0829,0.1423,16000,1024,1959.74,0.0031,0.9961,0.0004,0.0004
2026-08-26T17:48:51.957+02:00,1000,1024,1024,1056,21,55,22,1630,6,640,0,0.1724,0.0609,0.0975,0.5061,0.5604,0.8354,1.743,30.099,28.292,49.7,447.58,447.59,0.235,0.3474,0.6574,447.56,497.12,397.86,0.2129,0.0859,0.148,499.28,451.66,452.64,0.0632,0.0824,0.115,16000,1024,1813.6,0.0078,0.991,0.0007,0.0004
2026-08-26T17:49:21.957+02:00,1000,1024,1024,1056,21,55,0,1630,0,640,0,0.1745,0.0497,0.0741,0.5348,0.5886,1.0702,1.849,37.161,77.173,448.41,448.41,448.41,0.3011,0.5265,1.001,49.82,398.58,398.55,0.238,0.1165,0.1969,498.27,498.2,498.35,0.0805,0.1155,0.0509,16000,1024,1921.37,0.0033,0.9959,0.0005,0.0002
2026-08-26T17:49:51.957+02:00,1000,1024,1024,1056,21,55,10,1640,4,644,0,0.175,0.074,0.1315,0.4545,0.6101,1.1812,1.845,21.906,27.686,448.5,448.48,448.47,0.2853,0.485,0.9147,49.78,498.35,398.64,0.2143,0.1135,0.1744,498.27,398.72,298.83,0.0661,0.1043,0.0829,16000,1024,1968.24,0.0103,0.9886,0.0008,0.0003
2026-08-26T17:51:21.957+02:00,1000,1024,1024,1056,23,55,0,1686,0,679,0,0.1715,0.0376,0.0547,0.3312,0.2744,0.6746,1.715,5.66,31.338,49.78,448.18,448.12,0.2369,0.3644,0.6874,448.12,497.92,398.21,0.2209,0.0975,0.1488,452.64,398.35,453.61,0.0507,0.0779,0.1218,16000,1024,1887.42,0.0069,0.9921,0.0007,0.0003
2026-08-26T17:51:51.958+02:00,1000,1024,1024,1056,23,55,0,1686,0,679,0,0.1707,0.0442,0.0798,0.3395,0.6042,1.4464,1.722,48.035,145.484,448.81,448.8,448.81,0.3208,0.5411,1.0322,49.87,498.81,398.93,0.2362,0.1141,0.203,498.62,398.93,498.8,0.0911,0.1151,0.0514,16000,1024,2173.99,0.0627,0.9364,0.0007,0.0003
2026-08-26T17:52:21.971+02:00,1000,1024,1024,1056,23,55,0,1686,0,679,0,0.1719,0.0397,0.0539,0.4709,0.4842,0.4838,1.704,28.729,13.418,448.73,448.72,448.73,0.3336,0.5752,1.0867,49.87,398.87,398.87,0.2387,0.1244,0.2153,498.61,498.55,49.96,0.0804,0.1096,0.0454,16000,1024,1898.45,0.0183,0.9811,0.0004,0.0002
2026-08-26T17:52:51.958+02:00,1000,1024,1024,1056,23,55,15,1701,7,686,0,0.1728,0.0518,0.0934,0.5599,0.5061,0.9781,1.832,28.734,46.323,448.69,448.69,448.7,0.3299,0.5482,1.0769,49.83,398.85,398.85,0.2376,0.1217,0.2097,498.55,498.54,498.63,0.1133,0.1041,0.0421,16000,1024,1938.79,0.0158,0.9836,0.0004,0.0002
2026-08-26T17:53:21.958+02:00,1000,1024,1024,1056,23,56,0,1701,0,686,0,0.1729,0.0364,0.0583,0.3353,0.2537,0.4815,1.688,7.618,15.968,448.71,448.71,448.71,0.2984,0.5043,1.0082,49.87,498.67,398.89,0.2393,0.1217,0.2003,498.51,398.86,498.57,0.079,0.1196,0.0637,16000,1024,1779.83,0.0088,0.9904,0.0005,0.0002
2026-08-26T17:53:51.958+02:00,1000,1024,1024,1056,23,56,0,1701,0,686,0,0.1691,0.0389,0.076,0.3912,0.2372,0.8643,1.692,7.28,41.449,49.78,448.41,448.44,0.2338,0.3381,0.6945,448.5,398.35,398.48,0.1979,0.0882,0.1312,498.1,499.0,453.61,0.0513,0.0858,0.0983,16000,1024,1904.25,0.0037,0.9957,0.0004,0.0002
2026-08-26T17:54:21.959+02:00,1000,1024,1024,1056,23,56,26,1727,11,697,0,0.1733,0.0487,0.0977,0.4587,0.3394,0.8312,1.778,12.354,23.706,49.75,447.62,447.61,0.24,0.3455,0.6701,447.63,452.64,451.66,0.2049,0.0902,0.2254,452.64,397.91,400.55,0.0613,0.0967,0.1369,16000,1024,3226.56,0.3527,0.6435,0.003,0.0008
2026-08-26T17:54:51.957+02:00,1000,1024,1024,1056,23,56,1,1728,1,698,0,0.1699,0.0435,0.087,0.3052,0.3594,1.0273,1.629,15.746,52.684,448.5,448.49,448.48,0.2501,0.4146,0.856,49.8,398.62,398.68,0.2384,0.1071,0.1706,498.59,498.4,452.64,0.0755,0.097,0.0692,16000,1024,1730.59,0.0366,0.9626,0.0005,0.0003
2026-08-26T17:55:21.958+02:00,1000,1024,1024,1056,23,56,1,1729,1,699,0,0.1686,0.0389,0.0736,0.2958,0.2067,0.771,1.616,4.012,39.464,448.51,448.52,448.52,0.2994,0.4684,1.0056,49.83,398.68,398.7,0.2386,0.1267,0.204,498.31,498.41,49.75,0.0797,0.1241,0.049,16000,1024,1809.68,0.015,0.9844,0.0004,0.0002
2026-08-26T17:55:51.958+02:00,1000,1024,1024,1056,23,56,0,1729,0,699,0,0.1673,0.0356,0.0556,0.2979,0.1112,0.575,1.592,2.692,17.166,49.76,448.29,448.19,0.2307,0.3069,0.6696,448.28,498.93,398.39,0.183,0.0887,0.1382,498.81,398.25,442.87,0.0524,0.0879,0.0817,16000,1024,1885.66,0.0052,0.9942,0.0003,0.0002
2026-08-26T17:56:21.959+02:00,1000,1024,1024,1056,23,56,0,1729,0,699,0,0.1676,0.0371,0.0628,0.3116,0.1903,0.5611,1.631,3.539,20.145,49.7,447.44,447.41,0.2331,0.2923,0.6644,447.41,397.73,452.64,0.1774,0.0965,0.153,499.39,452.64,397.7,0.0788,0.0796,0.1533,16000,1024,1659.99,0.0111,0.9882,0.0004,0.0003
2026-08-26T17:56:51.958+02:00,1000,1024,1024,1056,23,56,0,1729,0,699,0,0.1634,0.0383,0.0572,0.315,0.2008,0.715,1.642,3.617,33.421,49.64,446.87,446.89,0.2282,0.4152,0.7132,446.89,499.43,397.23,0.1955,0.1071,0.1495,499.31,397.21,451.66,0.0655,0.1006,0.1238,16000,1024,1588.02,0.0041,0.9951,0.0005,0.0004
2026-08-26T17:57:51.959+02:00,1000,1024,1024,1056,24,56,1,1741,0,710,0,0.1652,0.0471,0.0731,0.3363,0.4314,0.625,1.638,19.42,21.212,448.26,448.27,448.26,0.218,0.406,0.7757,49.79,398.46,398.47,0.2179,0.1244,0.196,498.01,498.09,497.93,0.0825,0.1157,0.0631,16000,1024,2710.67,0.4309,0.5678,0.001,0.0003
2026-08-26T17:58:21.959+02:00,1000,1024,1024,1056,24,56,0,1741,0,710,0,0.161,0.0388,0.0486,0.2773,0.1476,0.3185,1.609,2.84,6.841,49.78,448.07,448.06,0.2246,0.3815,0.7914,448.06,398.27,398.28,0.2087,0.1271,0.1788,497.83,497.84,497.71,0.0811,0.1087,0.0547,16000,1024,1734.96,0.054,0.9446,0.0011,0.0004
2026-08-26T17:58:51.960+02:00,1000,1024,1024,1056,24,56,0,1741,0,710,0,0.1628,0.0441,0.0679,0.2898,0.4757,0.9475,1.634,32.571,85.993,49.77,448.07,448.06,0.2267,0.3758,0.7605,448.04,398.3,398.27,0.2031,0.122,0.1721,497.8,497.84,497.77,0.0822,0.1045,0.0521,16000,1024,6244.81,0.848,0.1518,0.0001,0.0
2026-08-26T17:59:21.960+02:00,1000,1024,1024,1056,24,56,0,1741,0,710,0,0.1643,0.0409,0.0611,0.3429,0.486,0.8007,1.655,28.479,40.699,49.7,447.61,447.64,0.2283,0.282,0.5951,447.64,397.82,397.81,0.1555,0.1051,0.1509,498.7,498.17,452.64,0.0624,0.0854,0.0864,16000,1024,1663.93,0.0419,0.9573,0.0005,0.0004
2026-08-26T17:59:51.960+02:00,1000,1024,1024,1056,24,56,0,1741,0,710,0,0.1615,0.0381,0.0524,0.4049,0.2762,0.3227,1.713,5.819,4.676,49.65,446.84,446.85,0.2213,0.2911,0.5824,446.85,397.12,397.14,0.1473,0.1069,0.1496,499.09,496.49,452.64,0.0586,0.0711,0.1166,16000,1024,4550.56,0.8302,0.1657,0.0032,0.0008
2026-08-26T18:00:21.956+02:00,1000,1024,1024,1056,24,56,1,1742,0,710,0,0.1657,0.0417,0.0707,0.3152,0.2567,0.6749,1.651,5.193,19.254,49.74,447.74,447.71,0.2181,0.2776,0.605,447.69,398.0,397.83,0.1645,0.0975,0.1465,497.45,497.56,452.76,0.0644,0.0983,0.0962,16000,1024,2461.94,0.5383,0.461,0.0006,0.0002
2026-08-26T18:00:51.959+02:00,1000,1024,1024,1056,24,57,3,1745,1,711,0,0.1648,0.045,0.0653,0.3108,0.2896,0.4357,1.683,6.837,11.699,49.66,447.39,447.36,0.2165,0.2579,0.5182,447.33,397.57,397.63,0.1378,0.1026,0.13,496.87,499.09,453.64,0.06,0.0748,0.0905,16000,1024,2054.88,0.212,0.7869,0.0008,0.0002
2026-08-26T18:01:21.961+02:00,1000,1024,1024,1056,24,57,13,1758,7,718,0,0.168,0.0597,0.1017,0.4889,0.4038,0.7284,1.852,14.409,18.411,49.83,448.04,447.99,0.2042,0.3016,0.5921,447.99,398.15,398.25,0.1655,0.0972,0.1343,497.87,497.66,440.22,0.0683,0.0855,0.1078,16000,1024,3055.29,0.4619,0.5374,0.0005,0.0002
2026-08-26T18:01:51.956+02:00,1000,1024,1024,1056,24,57,2,1760,0,718,0,0.1626,0.044,0.0772,0.3702,0.3083,0.8265,1.649,8.36,26.045,49.63,446.86,446.88,0.2179,0.2519,0.5152,449.17,397.2,397.17,0.1304,0.093,0.1608,498.9,496.52,452.64,0.0655,0.0728,0.0688,16000,1024,2708.42,0.6018,0.3958,0.0019,0.0005
2026-08-26T18:02:21.960+02:00,1000,1024,1024,1056,24,57,1,1761,1,719,0,0.1645,0.0395,0.0695,0.3232,0.2499,0.8458,1.659,7.479,54.65,49.76,447.89,447.91,0.229,0.3876,0.7971,447.89,398.12,398.13,0.2076,0.1336,0.1966,497.69,497.65,49.67,0.0829,0.1158,0.0502,16000,1024,1850.18,0.1145,0.8844,0.0007,0.0003
2026-08-26T18:02:51.961+02:00,1000,1024,1024,1056,24,57,0,1761,0,719,0,0.1608,0.0375,0.0523,0.3238,0.3115,0.1715,1.615,7.989,2.577,49.72,447.8,447.77,0.223,0.3124,0.6504,447.79,397.97,397.91,0.1688,0.1095,0.1727,497.95,497.93,452.64,0.073,0.0877,0.0623,16000,1024,1840.24,0.2622,0.7367,0.0007,0.0003
2026-08-26T18:03:21.961+02:00,1000,1024,1024,1056,24,57,0,1761,0,719,0,0.1665,0.0371,0.0587,0.3055,0.2941,0.7851,1.577,7.745,46.405,49.64,449.33,446.84,0.2318,0.2489,0.5515,446.85,397.04,397.07,0.1642,0.1302,0.1934,496.46,499.03,451.66,0.0651,0.0808,0.1339,16000,1024,1744.16,0.0348,0.9637,0.0006,0.001
2026-08-26T18:03:51.961+02:00,1000,1024,1024,1056,24,57,1,1762,1,720,0,0.1681,0.0416,0.0603,0.405,0.457,0.5738,1.587,21.719,19.867,49.71,447.62,447.59,0.2337,0.3023,0.5914,447.6,497.26,397.8,0.191,0.09,0.177,497.69,397.91,452.64,0.068,0.0978,0.0735,16000,1024,4366.59,0.5672,0.4273,0.0044,0.0012
2026-08-26T18:04:21.962+02:00,1000,1024,1024,1056,24,57,0,1762,0,720,0,0.1654,0.0365,0.0486,0.2968,0.1404,0.2196,1.622,3.188,3.444,49.78,447.98,448.0,0.2279,0.3782,0.7824,447.99,398.21,398.24,0.2382,0.122,0.2067,497.77,497.79,49.81,0.0898,0.1209,0.0489,16000,1024,3716.7,0.6408,0.3584,0.0005,0.0002
2026-08-26T18:04:51.962+02:00,1000,1024,1024,1056,24,58,1,1763,0,720,0,0.1698,0.0404,0.0584,0.3748,0.2022,0.3739,1.632,4.501,6.243,49.7,447.17,447.16,0.2281,0.2667,0.5322,447.16,397.44,397.39,0.1646,0.094,0.1543,497.04,496.72,452.64,0.0614,0.0971,0.1229,16000,1024,1831.26,0.0721,0.9266,0.001,0.0003
2026-08-26T18:05:21.962+02:00,1000,1024,1024,1056,24,58,18,1781,18,738,0,0.1721,0.0516,0.0813,0.4788,0.3905,0.6056,1.737,15.484,17.798,49.8,448.09,448.09,0.2353,0.3743,0.7565,448.09,398.29,398.29,0.2204,0.1215,0.1992,497.95,497.98,49.51,0.0802,0.1138,0.055,16000,1024,1655.21,0.0605,0.9381,0.0007,0.0007
2026-08-26T18:06:21.962+02:00,1000,1024,1024,1056,25,58,0,1786,0,741,0,0.1719,0.0407,0.0651,0.3277,0.5266,1.0505,1.662,38.195,90.252,49.82,448.55,448.57,0.2381,0.41,0.6835,448.59,398.72,398.62,0.2271,0.1013,0.1858,498.81,499.51,452.64,0.0898,0.0848,0.0691,16000,1024,1742.24,0.0101,0.989,0.0006,0.0003
2026-08-26T18:06:51.961+02:00,1000,1024,1024,1056,25,58,0,1786,0,741,0,0.1731,0.0431,0.0587,0.3248,0.5518,0.8834,1.621,37.436,65.341,49.71,447.48,447.48,0.2418,0.3599,0.5852,447.49,451.75,451.66,0.1953,0.1316,0.2047,499.51,497.2,397.79,0.0987,0.0891,0.1624,16000,1024,1781.78,0.0128,0.9852,0.0018,0.0002
2026-08-26T18:07:21.962+02:00,1000,1024,1024,1056,25,58,0,1786,0,741,0,0.1705,0.0371,0.0482,0.3149,0.1279,0.2471,1.566,2.878,3.711,49.79,448.56,448.49,0.236,0.3684,0.6237,448.54,398.47,398.59,0.2099,0.0927,0.1651,498.06,499.51,453.61,0.068,0.0927,0.0739,16000,1024,1708.17,0.0365,0.9612,0.0016,0.0006
2026-08-26T18:07:51.963+02:00,1000,1024,1024,1056,25,58,0,1786,0,741,0,0.1724,0.0484,0.067,0.5033,0.4922,0.8856,1.69,32.727,70.645,448.35,448.37,448.36,0.2593,0.4643,0.7658,49.8,398.55,398.51,0.2389,0.1124,0.1958,498.12,498.17,49.76,0.086,0.1034,0.0458,16000,1024,1811.95,0.081,0.9182,0.0006,0.0003
2026-08-26T18:08:21.961+02:00,1000,1024,1024,1056,25,58,0,1786,0,741,0,0.1727,0.0367,0.0567,0.3125,0.1328,0.4546,1.606,2.883,12.809,448.38,448.38,448.39,0.3016,0.5141,0.8955,49.83,498.16,398.57,0.2394,0.1187,0.2205,498.27,398.58,49.82,0.0942,0.118,0.0517,16000,1024,2471.86,0.2354,0.7639,0.0004,0.0003
2026-08-26T18:08:51.963+02:00,1000,1024,1024,1056,25,58,2,1788,0,741,0,0.1728,0.0397,0.0652,0.3238,0.3683,0.764,1.626,20.971,40.871,448.39,448.4,448.39,0.2992,0.5205,0.9103,49.83,498.22,398.59,0.2393,0.1215,0.2151,498.25,398.58,49.75,0.0914,0.1173,0.0563,16000,1024,1659.96,0.0105,0.9885,0.0005,0.0004
2026-08-26T18:09:21.963+02:00,1000,1024,1024,1056,25,59,0,1788,0,741,0,0.1721,0.0405,0.065,0.4972,0.3049,0.7055,1.669,10.154,27.692,448.14,448.17,448.12,0.2451,0.4294,0.7862,49.78,398.31,398.34,0.2383,0.1029,0.1808,497.98,498.05,49.58,0.082,0.1015,0.0526,16000,1024,1552.27,0.0066,0.9916,0.0014,0.0005
2026-08-26T18:09:51.963+02:00,1000,1024,1024,1056,25,59,0,1788,0,741,0,0.1713,0.0383,0.0539,0.3037,0.4302,0.5384,1.628,22.85,15.859,49.67,447.06,447.07,0.2392,0.3564,0.6539,447.09,499.3,397.36,0.2165,0.1179,0.1706,496.93,451.66,452.64,0.0612,0.1126,0.1538,16000,1024,1746.69,0.0648,0.9342,0.0007,0.0003
2026-08-26T18:10:21.963+02:00,1000,1024,1024,1056,25,59,1,1789,0,741,0,0.1729,0.0509,0.0682,0.4103,0.5057,0.67,1.688,21.879,25.654,49.68,447.54,447.51,0.235,0.3772,0.598,447.52,497.21,397.73,0.2034,0.087,0.149,497.48,397.66,452.7,0.0584,0.0868,0.0929,16000,1024,1658.32,0.0162,0.9827,0.0006,0.0004
2026-08-26T18:10:51.963+02:00,1000,1024,1024,1056,25,59,1,1790,0,741,0,0.1707,0.0487,0.0696,0.3506,0.3774,0.5232,1.672,16.064,13.374,448.1,448.08,448.1,0.2785,0.4897,0.8571,49.75,497.91,398.3,0.2284,0.1206,0.2048,497.93,398.22,498.08,0.0822,0.1149,0.0555,16000,1024,1732.78,0.0759,0.9228,0.0009,0.0005
2026-08-26T18:11:21.964+02:00,1000,1024,1024,1056,25,59,17,1807,4,745,0,0.176,0.0773,0.2055,0.4032,0.4294,2.4875,1.778,10.287,75.782,448.06,448.06,448.09,0.2354,0.4235,0.7617,49.73,398.19,398.3,0.2143,0.1055,0.1821,497.98,497.75,241.53,0.0731,0.096,0.09,16000,1024,4276.49,0.6571,0.3383,0.0036,0.001
2026-08-26T18:11:51.964+02:00,1000,1024,1024,1056,25,59,1,1808,1,746,0,0.1712,0.0385,0.0556,0.3193,0.1299,0.6072,1.649,2.873,21.827,49.66,447.25,447.19,0.2397,0.3193,0.6146,447.18,397.41,397.41,0.1941,0.0917,0.1566,496.85,451.66,452.64,0.0619,0.0841,0.1145,16000,1024,1550.03,0.0185,0.9804,0.0007,0.0004
2026-08-26T18:12:21.964+02:00,1000,1024,1024,1056,25,59,3,1811,1,747,0,0.1756,0.0428,0.062,0.3962,0.2784,0.4194,1.683,7.451,8.425,49.73,447.69,447.67,0.2372,0.3871,0.7227,447.69,397.87,397.88,0.2373,0.0974,0.1688,497.56,497.49,452.64,0.0667,0.0938,0.0707,16000,1024,1479.79,0.0045,0.9946,0.0007,0.0003
2026-08-26T18:12:51.963+02:00,1000,1024,1024,1056,25,59,0,1811,0,747,0,0.1742,0.0436,0.071,0.3632,0.3076,0.7602,1.685,9.75,31.749,447.87,447.88,447.87,0.2926,0.4522,0.8987,49.77,497.62,398.1,0.2407,0.1289,0.2095,497.64,398.12,49.78,0.0836,0.1168,0.0471,16000,1024,1671.58,0.0432,0.9557,0.0007,0.0004
2026-08-26T18:13:21.964+02:00,1000,1024,1024,1056,25,59,0,1811,0,747,0,0.1723,0.0392,0.0586,0.3225,0.2669,0.4944,1.681,5.998,11.016,49.73,447.85,447.86,0.2372,0.4168,0.7975,447.86,398.05,398.01,0.2383,0.1066,0.1721,497.74,497.45,49.71,0.0698,0.1033,0.0517,16000,1024,1555.84,0.0053,0.993,0.0012,0.0005
2026-08-26T18:13:51.963+02:00,1000,1024,1024,1056,25,59,0,1811,0,747,0,0.1704,0.0386,0.0543,0.326,0.1591,0.3736,1.641,2.77,5.104,49.59,446.48,446.49,0.2377,0.295,0.6005,446.49,451.66,451.66,0.1619,0.0784,0.1479,496.05,396.95,399.48,0.0546,0.0884,0.1139,16000,1024,1615.37,0.0782,0.9201,0.0014,0.0003
2026-08-26T18:14:21.963+02:00,1000,1024,1024,1056,25,59,2,1813,0,747,0,0.1724,0.0462,0.0676,0.4064,0.4782,0.7124,1.686,19.894,31.301,49.73,447.75,447.76,0.2369,0.4101,0.77,447.74,397.9,397.89,0.2325,0.1104,0.1791,497.47,497.79,442.87,0.0675,0.0995,0.0553,16000,1024,1744.12,0.0097,0.9882,0.0017,0.0004
2026-08-26T18:14:51.965+02:00,1000,1024,1024,1056,25,59,1,1814,1,748,0,0.1718,0.0471,0.0563,0.3281,0.4212,0.3146,1.672,14.969,4.121,447.86,447.86,447.85,0.2795,0.4595,0.9122,49.76,398.06,398.08,0.2391,0.1219,0.2031,497.63,497.6,49.71,0.0853,0.1266,0.052,16000,1024,1780.52,0.0392,0.9599,0.0006,0.0003
2026-08-26T18:15:21.965+02:00,1000,1024,1024,1056,25,59,0,1814,0,748,0,0.1747,0.0455,0.0723,0.5306,0.3414,0.6285,1.723,11.906,23.905,49.63,446.88,446.88,0.2438,0.3241,0.6274,446.89,498.99,397.13,0.1994,0.088,0.1592,496.48,451.66,451.66,0.0556,0.0984,0.1374,16000,1024,1849.55,0.0455,0.952,0.002,0.0005
2026-08-26T18:15:51.970+02:00,1000,1024,1024,1056,25,59,1,1815,0,748,0,0.1795,0.0445,0.0613,0.5432,0.4566,0.5321,1.76,21.327,18.383,49.72,447.85,447.75,0.2457,0.3717,0.7647,447.81,497.87,397.87,0.2356,0.1083,0.172,497.96,397.99,452.64,0.0591,0.0964,0.0747,16000,1024,1700.19,0.0422,0.9568,0.0007,0.0003
2026-08-26T18:16:21.965+02:00,1000,1024,1024,1056,25,59,2,1817,0,748,0,0.1755,0.0515,0.0847,0.4159,0.3568,0.5849,1.679,11.597,14.861,448.01,448.02,448.01,0.2617,0.4269,0.8545,49.76,398.25,398.28,0.2165,0.1011,0.17,497.77,497.74,443.85,0.0887,0.0996,0.109,16000,1024,2295.9,0.1378,0.8616,0.0004,0.0002
2026-08-26T18:16:51.966+02:00,1000,1024,1024,1056,25,60,0,1817,0,748,0,0.1738,0.0396,0.0532,0.3251,0.2972,0.3133,1.644,5.767,4.627,49.69,447.63,447.67,0.2405,0.369,0.7303,447.66,497.42,397.8,0.2304,0.1045,0.1675,497.99,397.85,451.66,0.0673,0.0938,0.092,16000,1024,1695.05,0.0447,0.9537,0.0013,0.0003
2026-08-26T18:17:21.966+02:00,1000,1024,1024,1056,25,60,0,1817,0,748,0,0.1717,0.0427,0.0586,0.3185,0.3078,0.475,1.698,5.765,11.914,448.03,448.04,448.03,0.3165,0.4919,0.9706,49.77,497.77,398.27,0.2381,0.1328,0.2014,497.8,398.28,497.74,0.0835,0.1114,0.0538,16000,1024,1653.81,0.0178,0.981,0.0009,0.0003
2026-08-26T18:17:51.966+02:00,1000,1024,1024,1056,25,60,1,1818,0,748,0,0.1737,0.04,0.068,0.4213,0.3062,0.6914,1.665,8.92,20.51,447.8,447.8,447.81,0.2873,0.4665,0.9109,49.73,497.55,398.03,0.2299,0.1264,0.1896,497.61,398.01,453.29,0.0741,0.1077,0.0686,16000,1024,1502.42,0.0311,0.968,0.0006,0.0003
2026-08-26T18:18:21.965+02:00,1000,1024,1024,1056,25,60,2,1820,2,750,0,0.1772,0.0389,0.0537,0.4156,0.3236,0.3368,1.636,8.394,4.875,49.67,447.23,447.25,0.2463,0.3346,0.6712,447.26,497.03,397.59,0.2193,0.1,0.1554,499.13,397.52,452.64,0.0559,0.0897,0.1164,16000,1024,1545.67,0.0121,0.9869,0.0006,0.0004
2026-08-26T18:18:51.966+02:00,1000,1024,1024,1056,25,60,1,1821,1,751,0,0.1715,0.0371,0.0559,0.3251,0.1068,0.4706,1.602,2.756,7.874,49.64,446.91,446.89,0.24,0.3738,0.7615,446.89,499.19,452.64,0.2267,0.0986,0.1576,499.27,452.64,397.18,0.0754,0.0852,0.1778,16000,1024,1644.36,0.0062,0.9926,0.0005,0.0007
2026-08-26T18:19:21.966+02:00,1000,1024,1024,1056,25,60,0,1821,0,751,0,0.1587,0.0375,0.0554,0.2842,0.2692,0.5434,1.613,7.697,18.953,49.67,447.1,447.12,0.2231,0.3182,0.5575,447.13,397.29,397.36,0.1,0.0879,0.1844,397.36,496.99,451.66,0.0392,0.0817,0.1389,16000,1024,1867.04,0.3154,0.6821,0.0018,0.0007
2026-08-26T18:19:51.965+02:00,1000,1024,1024,1056,25,60,17,1838,8,759,0,0.1582,0.0577,0.2167,0.3362,0.3708,2.5049,1.722,10.107,81.471,49.8,447.93,447.96,0.1989,0.3978,0.7191,447.94,497.65,398.15,0.1482,0.1133,0.196,398.22,398.16,49.84,0.0532,0.1082,0.0534,16000,1024,1515.59,0.0071,0.9915,0.0008,0.0006
2026-08-26T18:20:21.966+02:00,1000,1024,1024,1056,25,60,17,1855,9,768,0,0.1599,0.0733,0.1963,0.3192,0.591,2.5176,1.716,14.284,88.757,49.9,448.35,448.34,0.2084,0.428,0.7508,448.35,498.17,398.44,0.1588,0.1189,0.2017,398.5,398.51,438.4,0.0568,0.1136,0.0841,16000,1024,1450.6,0.0116,0.9873,0.0005,0.0006
2026-08-26T18:20:51.966+02:00,1000,1024,1024,1056,25,60,0,1855,0,768,0,0.158,0.0385,0.0566,0.3129,0.2628,0.382,1.736,5.839,5.954,49.79,448.41,448.41,0.2175,0.3868,0.6889,448.4,398.45,398.56,0.1495,0.1108,0.1806,398.5,498.36,453.61,0.0495,0.1024,0.0724,16000,1024,1587.86,0.0044,0.9946,0.0005,0.0004
2026-08-26T18:22:21.967+02:00,1000,1024,1024,1056,27,61,0,1889,0,794,0,0.1558,0.0371,0.0673,0.2771,0.2932,0.9986,1.623,6.998,68.73,49.71,447.44,447.44,0.217,0.3405,0.6035,447.44,397.75,452.64,0.129,0.0952,0.1443,397.77,452.64,397.78,0.0433,0.0799,0.1319,16000,1024,1683.31,0.0069,0.9923,0.0004,0.0003
2026-08-26T18:22:51.984+02:00,1000,1024,1024,1056,27,61,1,1890,1,795,0,0.1576,0.0493,0.0701,0.3492,0.6729,0.9485,1.635,81.955,75.076,49.82,448.54,448.54,0.2173,0.5025,0.847,448.53,398.67,398.72,0.1837,0.1162,0.1892,398.69,498.38,453.61,0.0513,0.1029,0.0441,16000,1024,2592.89,0.4758,0.5223,0.0014,0.0004
2026-08-26T18:23:21.968+02:00,1000,1024,1024,1056,27,62,3,1893,0,795,0,0.1584,0.0468,0.0712,0.317,0.3136,0.6709,1.648,11.058,21.888,49.8,448.48,448.47,0.1988,0.5107,0.8459,448.48,498.37,398.61,0.1888,0.1259,0.1819,398.64,398.61,442.08,0.057,0.115,0.0685,16000,1024,1526.79,0.0059,0.9931,0.0006,0.0005
2026-08-26T18:23:51.968+02:00,1000,1024,1024,1056,27,62,2,1895,0,795,0,0.159,0.0558,0.082,0.344,0.7774,0.7852,1.656,56.237,29.602,49.77,448.29,448.4,0.2051,0.4089,0.6792,448.42,498.95,398.45,0.1477,0.0913,0.1627,398.6,398.35,452.92,0.0453,0.0911,0.1041,16000,1024,1642.05,0.0119,0.9866,0.001,0.0005
2026-08-26T18:24:21.968+02:00,1000,1024,1024,1056,27,62,1,1896,1,796,0,0.1579,0.0467,0.0613,0.3431,0.5532,0.6765,1.669,40.752,28.544,49.71,447.37,447.38,0.2195,0.3732,0.6311,447.37,452.64,452.64,0.138,0.0835,0.1523,397.71,497.1,397.7,0.0405,0.0845,0.1457,16000,1024,1597.63,0.0278,0.9712,0.0005,0.0004
2026-08-26T18:24:51.968+02:00,1000,1024,1024,1056,27,62,0,1896,0,796,0,0.1596,0.0432,0.0653,0.3259,0.4857,0.593,1.688,26.214,22.26,49.72,447.6,447.58,0.22,0.3973,0.6202,447.57,451.66,451.66,0.1362,0.1064,0.1595,451.66,397.88,397.8,0.0465,0.0953,0.1523,16000,1024,1630.93,0.1251,0.8713,0.0027,0.0008
2026-08-26T18:25:21.968+02:00,1000,1024,1024,1056,27,62,0,1896,0,796,0,0.161,0.0459,0.0533,0.3452,0.6491,0.4791,1.7,50.313,9.632,49.76,448.47,448.37,0.2193,0.4376,0.698,448.4,398.38,398.48,0.1481,0.0949,0.1494,398.31,498.75,453.61,0.0449,0.0938,0.0829,16000,1024,1719.38,0.0431,0.955,0.0016,0.0003
2026-08-26T18:25:51.967+02:00,1000,1024,1024,1056,27,62,0,1896,0,796,0,0.1572,0.0492,0.0698,0.2972,0.7525,1.2045,1.694,72.437,112.218,49.76,448.22,448.24,0.2169,0.4336,0.6967,448.21,398.23,398.24,0.1548,0.0995,0.1461,398.22,497.68,453.61,0.0446,0.0905,0.0611,16000,1024,1678.47,0.0443,0.9547,0.0006,0.0004
2026-08-26T18:26:21.968+02:00,1000,1024,1024,1056,27,62,0,1896,0,796,0,0.1616,0.0527,0.05,0.5452,0.534,0.1844,1.922,37.494,2.543,49.82,448.29,448.32,0.2206,0.5456,0.8783,448.32,398.49,398.47,0.1906,0.1204,0.1797,398.46,498.14,498.2,0.0523,0.1106,0.0496,16000,1024,1700.34,0.035,0.9639,0.0007,0.0004
2026-08-26T18:26:51.968+02:00,1000,1024,1024,1056,27,62,0,1896,0,796,0,0.1583,0.0419,0.0705,0.3041,0.4073,0.9574,1.691,22.054,77.63,49.78,448.04,448.06,0.2199,0.5603,0.8927,448.05,398.27,398.28,0.1982,0.1243,0.1809,398.28,497.88,497.85,0.0567,0.1155,0.0555,16000,1024,1855.69,0.1012,0.8978,0.0007,0.0003
2026-08-26T18:27:21.969+02:00,1000,1024,1024,1056,27,62,0,1896,0,796,0,0.1599,0.0403,0.0554,0.2988,0.3185,0.4455,1.668,12.289,9.008,49.77,447.93,447.95,0.2199,0.5555,0.8772,447.94,398.18,398.18,0.1945,0.1285,0.1784,398.19,497.69,497.76,0.0551,0.1133,0.0518,16000,1024,1702.59,0.1113,0.888,0.0005,0.0003
2026-08-26T18:27:51.969+02:00,1000,1024,1024,1056,27,62,1,1897,1,797,0,0.1565,0.0526,0.0828,0.3051,0.5827,1.0196,1.71,36.901,50.737,49.75,447.77,447.76,0.215,0.4352,0.6929,447.76,398.04,397.82,0.153,0.0934,0.1567,398.13,497.54,49.71,0.0453,0.0836,0.0532,16000,1024,1416.43,0.0077,0.9907,0.001,0.0006
2026-08-26T18:28:21.969+02:00,1000,1024,1024,1056,27,62,2,1899,0,797,0,0.1576,0.0391,0.0566,0.3193,0.1953,0.4018,1.703,3.32,7.782,49.65,447.09,447.13,0.2179,0.3585,0.5537,447.13,397.33,397.23,0.1197,0.0861,0.1398,99.6,498.94,452.64,0.0444,0.0735,0.0942,16000,1024,1526.84,0.0968,0.9023,0.0006,0.0003
2026-08-26T18:28:51.969+02:00,1000,1024,1024,1056,27,62,0,1899,0,797,0,0.1577,0.0491,0.0723,0.289,0.7288,1.1713,1.652,68.684,92.111,49.64,447.23,447.24,0.2193,0.3685,0.5844,447.2,397.48,397.53,0.1323,0.0852,0.1176,99.67,496.76,452.64,0.0406,0.0815,0.0966,16000,1024,1906.07,0.0549,0.9427,0.0018,0.0006
2026-08-26T18:29:21.969+02:00,1000,1024,1024,1056,27,62,0,1899,0,797,0,0.1589,0.0461,0.0652,0.2992,0.439,0.6724,1.68,27.695,25.109,49.73,447.81,447.81,0.2181,0.4949,0.7707,447.83,397.98,398.08,0.1678,0.1051,0.151,397.99,497.52,49.73,0.0468,0.1025,0.0524,16000,1024,1452.36,0.006,0.9929,0.0007,0.0004
2026-08-26T18:29:51.973+02:00,1000,1024,1024,1056,27,62,0,1899,0,797,0,0.1552,0.04,0.0675,0.2987,0.3041,0.6475,1.675,8.214,27.824,49.74,447.78,447.78,0.2131,0.5705,0.8709,447.77,398.0,398.02,0.1919,0.1232,0.166,398.01,497.57,497.61,0.0512,0.1202,0.0608,16000,1024,1575.23,0.0923,0.9068,0.0006,0.0004
2026-08-26T18:30:21.972+02:00,1000,1024,1024,1056,27,62,1,1900,0,797,0,0.1591,0.0546,0.07,0.5071,0.8097,0.6157,1.788,65.175,18.213,49.72,447.76,447.74,0.2093,0.5847,0.8814,447.75,398.04,398.07,0.1893,0.1259,0.1603,398.0,497.46,497.3,0.0524,0.1183,0.0573,16000,1024,1420.07,0.0147,0.9841,0.0006,0.0005
2026-08-26T18:30:51.970+02:00,1000,1024,1024,1056,27,62,0,1900,0,797,0,0.158,0.0512,0.0751,0.3121,0.5147,0.6962,1.664,25.245,28.835,49.74,447.72,447.71,0.2169,0.5914,0.8832,447.71,397.96,397.98,0.1937,0.132,0.1718,398.0,497.45,49.61,0.0497,0.1115,0.0523,16000,1024,1326.89,0.0605,0.9372,0.0016,0.0007
2026-08-26T18:31:51.993+02:00,1000,1024,1024,1057,28,62,33,1957,33,848,0,0.1602,0.0755,0.1027,0.3322,0.7373,0.8641,1.703,30.824,26.403,49.73,447.78,447.78,0.2215,0.5998,0.8635,447.78,398.02,398.0,0.1876,0.1315,0.1624,398.07,497.55,49.65,0.0493,0.1083,0.0444,16000,1024,1477.33,0.041,0.9581,0.0006,0.0003
2026-08-26T18:32:21.994+02:00,1000,1024,1024,1056,28,62,0,1957,0,848,0,0.1609,0.0421,0.0597,0.2874,0.5286,0.699,1.656,33.937,25.258,49.63,446.84,446.84,0.2242,0.4075,0.5977,446.84,397.14,452.64,0.1265,0.0907,0.1199,99.47,496.3,397.11,0.0428,0.0776,0.1434,16000,1024,1439.9,0.0131,0.9857,0.0008,0.0005
2026-08-26T18:32:51.994+02:00,1000,1024,1024,1056,28,62,1,1958,1,849,0,0.0214,0.0214,0.0317,0.0785,0.0853,0.1079,3.077,3.345,2.771,75.83,24.98,130.97,0.0073,0.0068,0.0096,111.23,89.6,97.72,0.0067,0.0063,0.0092,234.44,49.45,34.4,0.006,0.0059,0.0093,16000,1024,620.02,0.9554,0.0353,0.0076,0.0017
2026-08-26T18:33:21.997+02:00,1000,1024,1024,1056,28,62,1,1959,1,850,0,0.0211,0.0218,0.0351,0.0654,0.0964,0.1209,3.124,3.434,3.073,168.09,71.45,2.38,0.0073,0.0072,0.0145,73.79,107.48,45.72,0.0072,0.0068,0.0123,15.24,197.64,99.76,0.0062,0.0075,0.0095,16000,1024,422.55,0.9452,0.0514,0.0024,0.001
2026-08-26T18:33:51.995+02:00,1000,1024,1024,1056,28,62,1,1960,1,851,0,0.0213,0.0215,0.0365,0.0691,0.0858,0.1338,3.052,3.34,3.259,85.09,52.17,134.81,0.007,0.0095,0.0123,268.88,74.73,21.37,0.0069,0.0077,0.0115,146.22,97.09,3.72,0.0066,0.0069,0.0105,16000,1024,277.44,0.8378,0.1522,0.0075,0.0025
2026-08-26T18:34:21.995+02:00,1000,1024,1024,1056,28,62,3,1963,0,851,0,0.0227,0.0224,0.0331,0.0913,0.0618,0.099,3.283,2.739,2.792,80.22,140.89,25.48,0.0083,0.0075,0.0122,59.18,123.09,69.03,0.0074,0.006,0.0102,102.73,54.35,188.38,0.0066,0.0062,0.0097,16000,1024,938.78,0.9847,0.0119,0.0026,0.0007
2026-08-26T18:34:52.002+02:00,1000,1024,1024,1056,28,62,1,1964,1,852,0,0.021,0.0213,0.0326,0.0744,0.0713,0.1051,3.126,3.117,2.985,159.13,78.91,37.98,0.008,0.0066,0.0099,97.82,171.89,12.87,0.0059,0.0059,0.0097,48.25,132.09,2.72,0.0068,0.0059,0.0093,16000,1024,330.78,0.9203,0.0726,0.0042,0.0029
2026-08-26T18:35:21.995+02:00,1000,1024,1024,1056,28,62,0,1964,0,852,0,0.0211,0.0229,0.0356,0.0684,0.0785,0.1374,2.699,3.104,3.211,39.79,60.27,11.67,0.0064,0.0076,0.0121,81.14,82.45,131.86,0.0061,0.0065,0.0107,170.3,42.62,24.46,0.0063,0.0064,0.0104,16000,1024,204.07,0.9463,0.0449,0.0049,0.0039
2026-08-26T18:35:51.991+02:00,1000,1024,1024,1056,28,62,0,1964,0,852,0,0.0207,0.0223,0.0336,0.0729,0.0675,0.1021,3.339,2.69,2.904,84.25,129.88,68.48,0.0085,0.0074,0.0107,32.14,92.47,40.51,0.008,0.0074,0.0121,211.46,134.56,110.71,0.0064,0.0068,0.0104,16000,1024,849.87,0.9911,0.0077,0.0007,0.0004
2026-08-26T18:36:21.996+02:00,1000,1024,1024,1056,28,62,1,1965,1,853,0,0.0213,0.0219,0.0334,0.068,0.0665,0.1051,2.813,2.908,2.863,60.0,104.84,70.38,0.0081,0.0073,0.0094,53.85,129.06,109.83,0.0062,0.0066,0.0097,115.56,113.98,11.1,0.0061,0.0064,0.0093,16000,1024,222.33,0.9896,0.0053,0.0029,0.0022
2026-08-26T18:36:51.996+02:00,1000,1024,1024,1056,28,62,1,1966,0,853,0,0.0199,0.0213,0.0334,0.0725,0.0718,0.1184,3.134,3.076,3.157,57.05,15.47,36.94,0.0063,0.0075,0.0103,48.03,57.56,60.47,0.0058,0.0067,0.0097,77.63,136.05,5.87,0.0059,0.0065,0.0093,16000,1024,640.83,0.9967,0.0021,0.0007,0.0005
2026-08-26T18:37:21.994+02:00,1000,1024,1024,1056,28,62,0,1966,0,853,0,0.0204,0.0238,0.032,0.057,0.0735,0.0898,2.637,2.777,2.868,18.37,48.69,27.31,0.0076,0.0083,0.0095,161.34,85.81,43.26,0.0062,0.0078,0.0098,41.08,30.38,32.96,0.0058,0.0067,0.009,16000,1024,244.46,0.9908,0.0058,0.002,0.0014
2026-08-26T18:38:21.998+02:00,1000,1024,1024,1056,29,62,0,1979,0,860,0,0.0217,0.0224,0.0327,0.0643,0.0831,0.1004,2.653,2.943,2.907,15.92,4.21,19.53,0.0087,0.0076,0.0096,143.85,46.51,103.1,0.0072,0.0078,0.0109,82.81,66.13,52.52,0.0071,0.0067,0.0091,16000,1024,174.97,0.9385,0.0481,0.0074,0.0059
2026-08-26T18:38:51.996+02:00,1000,1024,1024,1056,29,62,1,1980,1,861,0,0.0215,0.0239,0.0356,0.0602,0.0724,0.098,2.837,2.9,2.389,142.74,169.85,2.99,0.0067,0.0079,0.0118,166.03,15.09,35.64,0.0063,0.0071,0.0114,36.34,30.24,15.79,0.0058,0.0066,0.0103,16000,1024,1517.49,0.9993,0.0004,0.0002,0.0001
2026-08-26T18:39:51.997+02:00,1000,1024,1024,1056,30,62,16,1997,16,878,0,0.0202,0.0226,0.0347,0.0892,0.0705,0.1376,3.603,3.002,3.025,53.11,53.85,94.8,0.0091,0.0071,0.0125,247.2,23.74,152.61,0.0059,0.0065,0.0097,220.17,99.3,196.21,0.0071,0.0064,0.0095,16000,1024,152.19,0.9453,0.0451,0.0059,0.0037
2026-08-26T18:40:21.997+02:00,1000,1024,1024,1056,30,62,15,2012,15,893,0,0.0235,0.0232,0.0357,0.0792,0.0645,0.1091,2.997,2.762,2.871,26.58,76.69,60.71,0.0071,0.0084,0.0129,170.86,28.14,44.24,0.0064,0.0071,0.0121,77.87,41.25,31.09,0.0061,0.0063,0.0102,16000,1024,380.13,0.9604,0.026,0.0115,0.0022
2026-08-26T18:41:21.996+02:00,1000,1024,1024,1056,31,62,0,2017,0,895,0,0.0224,0.0229,0.0308,0.0707,0.0822,0.0898,3.145,2.811,2.697,124.27,73.73,7.62,0.0062,0.0073,0.0112,115.85,117.88,133.96,0.0066,0.0064,0.0106,246.81,328.27,38.14,0.0057,0.0058,0.0097,16000,1024,435.81,0.994,0.0031,0.0017,0.0012
2026-08-26T18:42:21.998+02:00,1000,1024,1024,1056,32,63,0,2019,0,895,0,0.0204,0.0235,0.0345,0.065,0.0722,0.112,2.672,2.911,2.845,43.77,78.97,58.78,0.0063,0.0086,0.0115,136.64,24.37,1.54,0.0055,0.0072,0.0126,183.23,29.79,168.29,0.0056,0.0078,0.011,16000,1024,826.92,0.9973,0.0011,0.001,0.0006
2026-08-26T18:42:51.998+02:00,1000,1024,1024,1056,32,63,0,2019,0,895,0,0.0213,0.0214,0.035,0.0659,0.0718,0.107,2.82,3.222,2.883,63.42,74.15,58.18,0.0082,0.0062,0.0124,51.47,91.57,1.85,0.0079,0.0059,0.0115,96.12,14.78,161.2,0.0085,0.0056,0.011,16000,1024,1691.02,0.9995,0.0002,0.0001,0.0001
2026-08-26T18:43:21.996+02:00,1000,1024,1024,1056,32,63,54,2073,53,948,0,0.0327,0.0228,0.0355,0.1509,0.0677,0.1385,4.205,2.791,3.482,13.66,41.65,13.87,0.0197,0.0076,0.0128,79.59,18.47,31.15,0.0089,0.0071,0.0109,18.7,124.2,95.65,0.0076,0.0062,0.0102,16000,1024,504.39,0.9634,0.0272,0.0072,0.0023
2026-08-26T18:43:51.997+02:00,1000,1024,1024,1056,32,63,1,2074,0,948,0,0.0216,0.0217,0.033,0.0672,0.0759,0.1257,2.671,2.882,3.223,132.73,6.53,84.6,0.0079,0.0075,0.0129,144.49,79.31,116.3,0.0078,0.007,0.0118,113.61,121.12,31.8,0.0071,0.0061,0.0148,16000,1024,3614.37,0.9998,0.0001,0.0,0.0
2026-08-26T18:44:21.998+02:00,1000,1024,1024,1056,32,63,2,2076,0,948,0,0.023,0.0206,0.0349,0.0775,0.0714,0.1356,2.835,3.088,3.194,133.0,20.51,98.66,0.0085,0.0057,0.0129,7.67,53.41,125.83,0.0059,0.0059,0.011,25.72,150.77,28.98,0.006,0.0057,0.011,16000,1024,192.87,0.9797,0.0105,0.0055,0.0042
2026-08-26T18:44:51.998+02:00,1000,1024,1024,1056,32,63,0,2076,0,948,0,0.024,0.023,0.0346,0.0964,0.0822,0.1173,3.257,3.395,3.096,108.08,109.86,29.84,0.0071,0.008,0.0094,51.26,3.91,77.99,0.0068,0.0066,0.0082,85.73,24.14,11.61,0.006,0.0067,0.0082,16000,1024,73.01,0.8531,0.0991,0.026,0.0218
2026-08-26T18:45:22.002+02:00,1000,1024,1028,1060,32,63,6,2082,2,950,0,0.0223,0.0224,0.0357,0.0861,0.0782,0.1325,3.132,3.301,3.022,153.2,66.54,85.99,0.0067,0.0075,0.0104,41.76,83.81,105.47,0.0063,0.006,0.0103,77.2,44.67,32.85,0.006,0.0058,0.0106,16000,1024,254.52,0.9855,0.0082,0.0041,0.0022
2026-08-26T18:45:51.998+02:00,1000,1024,1024,1056,32,63,18,2100,18,968,0,0.0212,0.0216,0.033,0.071,0.0827,0.1241,2.948,2.978,3.254,11.55,112.4,94.84,0.006,0.0074,0.0109,1.72,58.27,87.69,0.006,0.0063,0.0095,60.64,48.2,10.75,0.0057,0.006,0.0088,16000,1024,274.75,0.9874,0.0081,0.003,0.0016
2026-08-26T18:46:21.998+02:00,1000,1024,1024,1056,32,63,21,2121,9,977,0,0.0218,0.0228,0.0349,0.0844,0.0675,0.1151,3.124,2.791,2.982,117.98,192.29,92.87,0.0071,0.0064,0.0097,31.83,133.07,71.86,0.0066,0.0063,0.0104,64.53,68.67,3.17,0.0065,0.0063,0.009,16000,1024,775.8,0.9978,0.0014,0.0005,0.0003
2026-08-26T18:46:51.999+02:00,1000,1024,1024,1056,32,63,0,2121,0,977,0,0.0218,0.0221,0.0327,0.0791,0.0754,0.1224,3.132,3.025,2.915,71.56,79.28,141.18,0.008,0.0064,0.0117,13.74,21.38,2.97,0.0069,0.0063,0.0107,51.82,198.58,98.79,0.0068,0.0061,0.0091,16000,1024,1333.76,0.9991,0.0005,0.0002,0.0001
2026-08-26T18:47:21.998+02:00,1000,1024,1024,1056,32,63,19,2140,19,996,0,0.0231,0.0207,0.033,0.0704,0.0588,0.0972,2.828,2.814,2.702,64.0,33.99,12.3,0.0083,0.0067,0.0105,133.86,7.19,222.17,0.0079,0.0067,0.0092,39.51,58.87,120.41,0.0075,0.0051,0.0084,16000,1024,703.75,0.9734,0.0195,0.0055,0.0016
2026-08-26T18:47:51.999+02:00,1000,1024,1024,1056,32,63,1,2141,1,997,0,0.0231,0.0227,0.0338,0.0764,0.0784,0.1268,2.906,3.091,3.203,137.39,42.82,22.5,0.0069,0.0075,0.0112,47.59,85.96,77.08,0.0067,0.0062,0.0111,21.94,108.85,33.33,0.0061,0.0062,0.0107,16000,1024,122.75,0.9318,0.0355,0.018,0.0147
2026-08-26T18:48:21.998+02:00,1000,1024,1024,1056,32,63,0,2141,0,997,0,0.0219,0.0204,0.0351,0.0645,0.0772,0.0914,2.737,3.124,2.549,12.73,64.76,49.99,0.0071,0.0076,0.0119,51.96,32.42,30.33,0.0068,0.0057,0.0117,169.85,197.86,222.08,0.0064,0.0061,0.0113,16000,1024,115.05,0.9321,0.0294,0.024,0.0144
2026-08-26T18:48:52.000+02:00,1000,1024,1024,1056,32,63,4,2145,1,998,0,0.0225,0.0222,0.0325,0.0736,0.0816,0.1219,2.98,3.183,2.911,65.17,125.34,48.55,0.0084,0.008,0.0179,31.64,89.25,192.67,0.0074,0.007,0.0094,20.81,7.13,23.62,0.0065,0.0064,0.009,16000,1024,260.96,0.9676,0.0034,0.0157,0.0133
2026-08-26T18:49:22.000+02:00,1000,1024,1024,1056,32,63,11,2156,5,1003,0,0.0237,0.0233,0.0356,0.0687,0.0949,0.1225,3.04,3.279,3.217,11.09,78.99,114.12,0.0072,0.0082,0.0116,70.98,95.56,39.5,0.0072,0.007,0.0103,116.11,100.31,62.73,0.0069,0.0068,0.0102,16000,1024,512.32,0.9925,0.0044,0.002,0.0011
2026-08-26T18:49:52.000+02:00,1000,1024,1024,1056,32,63,10,2166,3,1006,0,0.0234,0.0235,0.0372,0.0782,0.0851,0.1348,2.988,3.254,3.11,166.24,42.96,50.54,0.0086,0.0078,0.0126,29.92,11.19,3.81,0.0068,0.0084,0.0123,5.98,19.22,29.9,0.0066,0.0066,0.0122,16000,1024,87.21,0.8913,0.0809,0.0159,0.0119
2026-08-26T18:50:22.000+02:00,1000,1024,1024,1056,32,64,2,2168,0,1006,0,0.0225,0.0218,0.0308,0.0713,0.0631,0.1134,2.94,2.958,3.424,136.44,121.19,63.45,0.0075,0.0071,0.0089,76.8,48.59,79.27,0.0077,0.0059,0.0086,103.09,8.81,187.77,0.0069,0.0057,0.0087,16000,1024,90.38,0.9101,0.038,0.0329,0.019
2026-08-26T18:50:52.000+02:00,1000,1024,1024,1056,32,64,2,2170,2,1008,0,0.0208,0.0223,0.0355,0.0744,0.0736,0.0992,3.146,3.043,2.68,192.52,95.14,12.36,0.0064,0.0078,0.0103,4.38,53.17,70.27,0.0063,0.0071,0.0094,51.33,40.9,164.72,0.0068,0.0064,0.01,16000,1024,1136.78,0.9986,0.0011,0.0002,0.0001
2026-08-26T18:51:22.000+02:00,1000,1024,1024,1056,32,64,19,2189,19,1027,0,0.0232,0.0219,0.0309,0.0919,0.078,0.1057,3.167,3.058,3.288,40.9,46.21,156.29,0.01,0.0086,0.0092,50.19,125.83,99.01,0.0072,0.0074,0.01,79.64,56.79,170.28,0.007,0.006,0.0094,16000,1024,142.35,0.9279,0.0599,0.0078,0.0044
2026-08-26T18:51:52.026+02:00,1000,1024,1044,1077,32,64,53,2242,44,1071,0,0.0221,0.0225,0.0353,0.0627,0.0768,0.1444,2.718,2.973,3.271,33.13,93.87,83.02,0.0061,0.0079,0.0125,17.49,7.51,135.71,0.0061,0.0066,0.0103,84.19,144.08,173.21,0.0059,0.0058,0.0098,16000,1024,6452.16,0.9889,0.0084,0.0022,0.0005
2026-08-26T18:52:22.010+02:00,1000,1024,1024,1056,32,64,54,2296,53,1124,0,0.0212,0.0218,0.0344,0.0733,0.0598,0.1196,2.943,2.547,2.968,67.12,108.98,14.37,0.0077,0.0087,0.0134,141.75,20.53,100.85,0.0064,0.0072,0.0124,14.25,5.09,45.35,0.0066,0.0071,0.0123,16000,1024,58.07,0.9049,0.0368,0.035,0.0233
2026-08-26T18:52:52.001+02:00,1000,1024,1024,1056,32,65,54,2350,53,1177,0,0.1262,0.0566,0.073,0.2871,0.198,0.4564,2.01,2.65,10.389,49.35,493.81,444.46,0.1721,0.0856,0.3221,98.89,444.47,345.7,0.0411,0.0757,0.0736,345.61,456.87,395.08,0.0346,0.0611,0.0802,16000,1024,507.57,0.3132,0.6377,0.0273,0.0218
